case,repetition,cpu_ns,real_ns,logical_values,selected_values,write_records
overwrite/local/k3/all/ikea2-raw,0,1414.7612513906213,1414.7232916309126,8192.0,8192.0,0.0
overwrite/local/k3/all/ikea2-raw,1,1413.5704750025282,1413.5313690371609,8192.0,8192.0,0.0
overwrite/local/k3/all/ikea2-raw,2,1414.374068705121,1414.3356369833377,8192.0,8192.0,0.0
overwrite/local/k3/all/ikea2-coverage,0,1415.1903029077791,1415.15216147347,8192.0,8192.0,1.0
overwrite/local/k3/all/ikea2-coverage,1,1415.0350753057712,1414.9961925859086,8192.0,8192.0,1.0
overwrite/local/k3/all/ikea2-coverage,2,1415.2848815660896,1415.4123117395538,8192.0,8192.0,1.0
overwrite/local/k3/all/ikea2-sum-coverage,0,3546.462130177516,3546.3642434279086,8192.0,8192.0,1.0
overwrite/local/k3/all/ikea2-sum-coverage,1,3546.5097210481845,3546.4152155702786,8192.0,8192.0,1.0
overwrite/local/k3/all/ikea2-sum-coverage,2,3546.753000845309,3546.9072696173403,8192.0,8192.0,1.0
overwrite/local/k3/all/ikea,0,1415.9890098776257,1415.9504433086204,8192.0,8192.0,0.0
overwrite/local/k3/all/ikea,1,1415.7791187674866,1415.7398105383927,8192.0,8192.0,0.0
overwrite/local/k3/all/ikea,2,1415.6920405892865,1415.6550584821769,8192.0,8192.0,0.0
overwrite/local/k3/all/prior,0,1414.2077104377095,1414.1690235651413,8192.0,8192.0,0.0
overwrite/local/k3/all/prior,1,1413.9464983164983,1413.9086531922474,8192.0,8192.0,0.0
overwrite/local/k3/all/prior,2,1415.974680134681,1416.5644107786475,8192.0,8192.0,0.0
overwrite/local/k3/prefilter75/ikea2-raw,0,4227.090212680181,4226.967039622925,8192.0,6144.0,0.0
overwrite/local/k3/prefilter75/ikea2-raw,1,4226.838221953438,4226.726438900455,8192.0,6144.0,0.0
overwrite/local/k3/prefilter75/ikea2-raw,2,4228.867251285148,4229.055437977576,8192.0,6144.0,0.0
overwrite/local/k3/prefilter75/ikea2-coverage,0,4215.581346211892,4215.465942254024,8192.0,6144.0,1.0
overwrite/local/k3/prefilter75/ikea2-coverage,1,4215.569976858848,4215.454170433225,8192.0,6144.0,1.0
overwrite/local/k3/prefilter75/ikea2-coverage,2,4215.884495422079,4216.189556288085,8192.0,6144.0,1.0
overwrite/local/k3/prefilter75/ikea2-sum-coverage,0,4354.846984324717,4354.723346861012,8192.0,6144.0,1.0
overwrite/local/k3/prefilter75/ikea2-sum-coverage,1,4354.483857572927,4354.367071501336,8192.0,6144.0,1.0
overwrite/local/k3/prefilter75/ikea2-sum-coverage,2,4354.492785217484,4354.379528689667,8192.0,6144.0,1.0
overwrite/local/k7/all/ikea2-raw,0,1478.9073050519205,1478.8666784047314,8192.0,8192.0,0.0
overwrite/local/k7/all/ikea2-raw,1,1479.0429149797608,1479.002077095086,8192.0,8192.0,0.0
overwrite/local/k7/all/ikea2-raw,2,1478.619890864284,1478.5801091275537,8192.0,8192.0,0.0
overwrite/local/k7/all/ikea2-coverage,0,1478.903894914779,1478.8649457647819,8192.0,8192.0,1.0
overwrite/local/k7/all/ikea2-coverage,1,1478.8188125088038,1478.7792294763847,8192.0,8192.0,1.0
overwrite/local/k7/all/ikea2-coverage,2,1478.9498520918403,1478.91048036202,8192.0,8192.0,1.0
overwrite/local/k7/all/ikea2-sum-coverage,0,3485.5490033222686,3485.6565614676965,8192.0,8192.0,1.0
overwrite/local/k7/all/ikea2-sum-coverage,1,3485.789617940199,3485.6931893650158,8192.0,8192.0,1.0
overwrite/local/k7/all/ikea2-sum-coverage,2,3485.2650332226,3485.1676079757526,8192.0,8192.0,1.0
overwrite/local/k7/all/ikea,0,1479.4368788327315,1479.3976527802758,8192.0,8192.0,0.0
overwrite/local/k7/all/ikea,1,1480.514308874324,1480.4744836890154,8192.0,8192.0,0.0
overwrite/local/k7/all/ikea,2,1478.8290688658656,1478.7904419481722,8192.0,8192.0,0.0
overwrite/local/k7/all/prior,0,1421.3207227363673,1421.583104510712,8192.0,8192.0,0.0
overwrite/local/k7/all/prior,1,1421.0008813858146,1420.963083498354,8192.0,8192.0,0.0
overwrite/local/k7/all/prior,2,1421.1213261466462,1421.0831214603795,8192.0,8192.0,0.0
overwrite/local/k7/prefilter75/ikea2-raw,0,4009.235215439005,4009.1288812212456,8192.0,6144.0,0.0
overwrite/local/k7/prefilter75/ikea2-raw,1,4009.6895003343666,4009.805006203686,8192.0,6144.0,0.0
overwrite/local/k7/prefilter75/ikea2-raw,2,4009.8186681952798,4009.712238482684,8192.0,6144.0,0.0
overwrite/local/k7/prefilter75/ikea2-coverage,0,3980.867482451136,3980.7629482088723,8192.0,6144.0,1.0
overwrite/local/k7/prefilter75/ikea2-coverage,1,3980.7053690001812,3980.5960918208525,8192.0,6144.0,1.0
overwrite/local/k7/prefilter75/ikea2-coverage,2,3980.4720166951647,3980.3655852545107,8192.0,6144.0,1.0
overwrite/local/k7/prefilter75/ikea2-sum-coverage,0,4336.042231653032,4335.923299861981,8192.0,6144.0,1.0
overwrite/local/k7/prefilter75/ikea2-sum-coverage,1,4335.721250388163,4335.600248445359,8192.0,6144.0,1.0
overwrite/local/k7/prefilter75/ikea2-sum-coverage,2,4335.739571472936,4335.619501095392,8192.0,6144.0,1.0
overwrite/local/k12/all/ikea2-raw,0,2050.4595293887937,2050.510740087822,8192.0,8192.0,0.0
overwrite/local/k12/all/ikea2-raw,1,2050.2874926772015,2050.2306678455684,8192.0,8192.0,0.0
overwrite/local/k12/all/ikea2-raw,2,2050.519869166187,2050.463630158161,8192.0,8192.0,0.0
overwrite/local/k12/all/ikea2-coverage,0,3539.0521739130436,3538.9547488545068,8192.0,8192.0,1.0
overwrite/local/k12/all/ikea2-coverage,1,3539.0254115660596,3538.9338961642275,8192.0,8192.0,1.0
overwrite/local/k12/all/ikea2-coverage,2,3539.496074292975,3539.399409029985,8192.0,8192.0,1.0
overwrite/local/k12/all/ikea2-sum-coverage,0,5172.5784615384255,5173.000369205301,8192.0,8192.0,1.0
overwrite/local/k12/all/ikea2-sum-coverage,1,5176.820430769223,5176.6754461613555,8192.0,8192.0,1.0
overwrite/local/k12/all/ikea2-sum-coverage,2,5179.012184615426,5178.877292312861,8192.0,8192.0,1.0
overwrite/local/k12/all/ikea,0,1602.3704987996853,1602.3271348556739,8192.0,8192.0,0.0
overwrite/local/k12/all/ikea,1,1614.9871584803554,1615.5461265956305,8192.0,8192.0,0.0
overwrite/local/k12/all/ikea,2,1602.1794383264132,1602.1380558700089,8192.0,8192.0,0.0
overwrite/local/k12/prefilter75/ikea2-raw,0,6287.432813437302,6287.260047992346,8192.0,6144.0,0.0
overwrite/local/k12/prefilter75/ikea2-raw,1,6285.428914217176,6285.571385715082,8192.0,6144.0,0.0
overwrite/local/k12/prefilter75/ikea2-raw,2,6285.573035392944,6285.392321580237,8192.0,6144.0,0.0
overwrite/local/k12/prefilter75/ikea2-coverage,0,6259.550679205864,6259.378713241283,8192.0,6144.0,1.0
overwrite/local/k12/prefilter75/ikea2-coverage,1,6262.267502612338,6268.118823731831,8192.0,6144.0,1.0
overwrite/local/k12/prefilter75/ikea2-coverage,2,6260.776384535006,6260.6248693746675,8192.0,6144.0,1.0
overwrite/local/k12/prefilter75/ikea2-sum-coverage,0,7017.91537046326,7017.719016530758,8192.0,6144.0,1.0
overwrite/local/k12/prefilter75/ikea2-sum-coverage,1,7017.3830071918055,7017.192339846594,8192.0,6144.0,1.0
overwrite/local/k12/prefilter75/ikea2-sum-coverage,2,7017.585716674983,7017.394547564819,8192.0,6144.0,1.0
overwrite/local/k31/all/ikea2-raw,0,2483.3861204705217,2483.316131708217,8192.0,8192.0,0.0
overwrite/local/k31/all/ikea2-raw,1,2482.7450493586334,2482.676656612654,8192.0,8192.0,0.0
overwrite/local/k31/all/ikea2-raw,2,2482.030797422705,2481.958207705632,8192.0,8192.0,0.0
overwrite/local/k31/all/ikea2-coverage,0,3714.110659000431,3714.0108801667325,8192.0,8192.0,1.0
overwrite/local/k31/all/ikea2-coverage,1,3715.305086245006,3715.492613890587,8192.0,8192.0,1.0
overwrite/local/k31/all/ikea2-coverage,2,3714.598053958438,3714.4949137699455,8192.0,8192.0,1.0
overwrite/local/k31/all/ikea2-sum-coverage,0,6976.4194356320095,6976.233928913063,8192.0,8192.0,1.0
overwrite/local/k31/all/ikea2-sum-coverage,1,6971.334112539644,6971.1299048595465,8192.0,8192.0,1.0
overwrite/local/k31/all/ikea2-sum-coverage,2,6972.08732676576,6971.884120842956,8192.0,8192.0,1.0
overwrite/local/k31/all/ikea,0,1960.1083135170438,1960.0553923455604,8192.0,8192.0,0.0
overwrite/local/k31/all/ikea,1,1957.5869352356958,1957.629272164662,8192.0,8192.0,0.0
overwrite/local/k31/all/ikea,2,1958.5307035949108,1960.3494661369325,8192.0,8192.0,0.0
overwrite/local/k31/prefilter75/ikea2-raw,0,8141.608071400879,8141.373302307221,8192.0,6144.0,0.0
overwrite/local/k31/prefilter75/ikea2-raw,1,8141.451688009325,8141.219635201191,8192.0,6144.0,0.0
overwrite/local/k31/prefilter75/ikea2-raw,2,8141.15327900656,8141.339154081044,8192.0,6144.0,0.0
overwrite/local/k31/prefilter75/ikea2-coverage,0,7868.426964185298,7868.211888220509,8192.0,6144.0,1.0
overwrite/local/k31/prefilter75/ikea2-coverage,1,7866.376523532727,7866.159197476666,8192.0,6144.0,1.0
overwrite/local/k31/prefilter75/ikea2-coverage,2,7865.045940371272,7864.846427912549,8192.0,6144.0,1.0
overwrite/local/k31/prefilter75/ikea2-sum-coverage,0,8733.949833472181,8733.694213207657,8192.0,6144.0,1.0
overwrite/local/k31/prefilter75/ikea2-sum-coverage,1,8732.78601165687,8732.54288094915,8192.0,6144.0,1.0
overwrite/local/k31/prefilter75/ikea2-sum-coverage,2,8735.055578684476,8735.302248117066,8192.0,6144.0,1.0
overwrite/local/k56/all/ikea2-raw,0,1466.5437295453094,1466.498642158213,8192.0,8192.0,0.0
overwrite/local/k56/all/ikea2-raw,1,1468.1503029036999,1468.1105076329068,8192.0,8192.0,0.0
overwrite/local/k56/all/ikea2-raw,2,1467.0066499547397,1466.9643478879627,8192.0,8192.0,0.0
overwrite/local/k56/all/ikea2-coverage,0,3696.679411505547,3696.775878782475,8192.0,8192.0,1.0
overwrite/local/k56/all/ikea2-coverage,1,3693.4349396529406,3693.3284292200124,8192.0,8192.0,1.0
overwrite/local/k56/all/ikea2-coverage,2,3691.9722491410375,3691.8652982274807,8192.0,8192.0,1.0
overwrite/local/k56/all/ikea2-sum-coverage,0,4329.507614735623,4329.381559981875,8192.0,8192.0,1.0
overwrite/local/k56/all/ikea2-sum-coverage,1,4326.25756328459,4326.139946509063,8192.0,8192.0,1.0
overwrite/local/k56/all/ikea2-sum-coverage,2,4332.062049804433,4331.944638839807,8192.0,8192.0,1.0
overwrite/local/k56/all/ikea,0,1655.606402270777,1655.5575573610924,8192.0,8192.0,0.0
overwrite/local/k56/all/ikea,1,1656.0824726011044,1656.0316565369476,8192.0,8192.0,0.0
overwrite/local/k56/all/ikea,2,1655.2635417487768,1660.3619017575932,8192.0,8192.0,0.0
overwrite/local/k56/all/prior,0,2112.117004130137,2112.055605916491,8192.0,8192.0,0.0
overwrite/local/k56/all/prior,1,2113.6547295255273,2113.5938350064794,8192.0,8192.0,0.0
overwrite/local/k56/all/prior,2,2113.583157046413,2113.5191397192407,8192.0,8192.0,0.0
overwrite/local/k56/prefilter75/ikea2-raw,0,2960.244486853283,2960.1610121622334,8192.0,6144.0,0.0
overwrite/local/k56/prefilter75/ikea2-raw,1,2961.9811987560233,2961.8925643342595,8192.0,6144.0,0.0
overwrite/local/k56/prefilter75/ikea2-raw,2,2964.8141080011305,2964.9341249874587,8192.0,6144.0,0.0
overwrite/local/k56/prefilter75/ikea2-coverage,0,4169.252334591717,4169.130737115694,8192.0,6144.0,1.0
overwrite/local/k56/prefilter75/ikea2-coverage,1,4167.8004172462415,4167.687264033632,8192.0,6144.0,1.0
overwrite/local/k56/prefilter75/ikea2-coverage,2,4166.550466918308,4166.4207232250255,8192.0,6144.0,1.0
overwrite/local/k56/prefilter75/ikea2-sum-coverage,0,6086.783273251678,6086.622927126772,8192.0,6144.0,1.0
overwrite/local/k56/prefilter75/ikea2-sum-coverage,1,6091.569430425445,6091.385147809905,8192.0,6144.0,1.0
overwrite/local/k56/prefilter75/ikea2-sum-coverage,2,6095.889113193974,6095.699062751491,8192.0,6144.0,1.0
overwrite/local/k64/all/ikea2-raw,0,1298.6282244891713,1298.591025356166,8192.0,8192.0,0.0
overwrite/local/k64/all/ikea2-raw,1,1299.8554874102322,1299.8168089565186,8192.0,8192.0,0.0
overwrite/local/k64/all/ikea2-raw,2,1297.9158936111198,1297.9588559724984,8192.0,8192.0,0.0
overwrite/local/k64/all/ikea2-coverage,0,3816.071649672292,3815.956391113505,8192.0,8192.0,1.0
overwrite/local/k64/all/ikea2-coverage,1,3816.234249817908,3816.124362712424,8192.0,8192.0,1.0
overwrite/local/k64/all/ikea2-coverage,2,3815.9288055353527,3815.8148215231095,8192.0,8192.0,1.0
overwrite/local/k64/all/ikea2-sum-coverage,0,4182.362509912728,4182.475911963364,8192.0,8192.0,1.0
overwrite/local/k64/all/ikea2-sum-coverage,1,4187.818992862842,4187.705888219471,8192.0,8192.0,1.0
overwrite/local/k64/all/ikea2-sum-coverage,2,4186.959853291039,4187.1799167409235,8192.0,8192.0,1.0
overwrite/local/k64/all/ikea,0,1308.9312420094122,1312.8934485060379,8192.0,8192.0,0.0
overwrite/local/k64/all/ikea,1,1308.6553992952627,1308.683151957468,8192.0,8192.0,0.0
overwrite/local/k64/all/ikea,2,1309.7387508185261,1309.6998035496194,8192.0,8192.0,0.0
overwrite/local/k64/prefilter75/ikea2-raw,0,2055.43367122079,2055.3778952970088,8192.0,6144.0,0.0
overwrite/local/k64/prefilter75/ikea2-raw,1,2053.1716860094825,2053.114147218118,8192.0,6144.0,0.0
overwrite/local/k64/prefilter75/ikea2-raw,2,2054.7184760785535,2054.658439827159,8192.0,6144.0,0.0
overwrite/local/k64/prefilter75/ikea2-coverage,0,3933.512373453314,3933.401106095532,8192.0,6144.0,1.0
overwrite/local/k64/prefilter75/ikea2-coverage,1,3930.916479190113,3930.8000562393436,8192.0,6144.0,1.0
overwrite/local/k64/prefilter75/ikea2-coverage,2,3931.4180727408766,3931.301462296791,8192.0,6144.0,1.0
overwrite/local/k64/prefilter75/ikea2-sum-coverage,0,4430.769328129907,4430.65056429,8192.0,6144.0,1.0
overwrite/local/k64/prefilter75/ikea2-sum-coverage,1,4431.485075413964,4431.356396978035,8192.0,6144.0,1.0
overwrite/local/k64/prefilter75/ikea2-sum-coverage,2,4426.636747178624,4426.515135528342,8192.0,6144.0,1.0
overwrite/striped/k3/all/ikea2-raw,0,172.53039474981222,172.53639484755976,8192.0,8192.0,0.0
overwrite/striped/k3/all/ikea2-raw,1,172.3640634753766,172.35929953747493,8192.0,8192.0,0.0
overwrite/striped/k3/all/ikea2-raw,2,172.42831504418888,172.4236948464759,8192.0,8192.0,0.0
overwrite/striped/k3/all/ikea2-coverage,0,224.58662745622013,224.58053201263345,8192.0,8192.0,1.0
overwrite/striped/k3/all/ikea2-coverage,1,225.27234326961437,225.2662264401208,8192.0,8192.0,1.0
overwrite/striped/k3/all/ikea2-coverage,2,224.5995080871538,224.59334848164357,8192.0,8192.0,1.0
overwrite/striped/k3/all/ikea2-sum-coverage,0,768.9936769179953,768.9728015828607,8192.0,8192.0,1.0
overwrite/striped/k3/all/ikea2-sum-coverage,1,769.1858619552146,769.1657197327897,8192.0,8192.0,1.0
overwrite/striped/k3/all/ikea2-sum-coverage,2,768.9372273743744,768.9172684317875,8192.0,8192.0,1.0
overwrite/striped/k3/all/ikea,0,130.2515452138966,130.2781978116944,8192.0,8192.0,0.0
overwrite/striped/k3/all/ikea,1,130.11036573183944,130.10688509820451,8192.0,8192.0,0.0
overwrite/striped/k3/all/ikea,2,130.32400794146298,130.32029006312402,8192.0,8192.0,0.0
overwrite/striped/k3/all/prior,0,126.16391111111031,126.16873822936161,8192.0,8192.0,0.0
overwrite/striped/k3/all/prior,1,126.23098455743714,126.22755555523273,8192.0,8192.0,0.0
overwrite/striped/k3/all/prior,2,126.31610395480222,126.31261468828365,8192.0,8192.0,0.0
overwrite/striped/k3/prefilter75/ikea2-raw,0,409.2431382880146,409.2635990224948,8192.0,6144.0,0.0
overwrite/striped/k3/prefilter75/ikea2-raw,1,409.3194684307597,409.3086282437038,8192.0,6144.0,0.0
overwrite/striped/k3/prefilter75/ikea2-raw,2,409.01684083169704,409.00580550068304,8192.0,6144.0,0.0
overwrite/striped/k3/prefilter75/ikea2-coverage,0,436.38896458473573,436.37708669325013,8192.0,6144.0,1.0
overwrite/striped/k3/prefilter75/ikea2-coverage,1,436.2341151385966,436.2218836146584,8192.0,6144.0,1.0
overwrite/striped/k3/prefilter75/ikea2-coverage,2,436.5218680118544,436.5103749556762,8192.0,6144.0,1.0
overwrite/striped/k3/prefilter75/ikea2-sum-coverage,0,900.1605227019068,900.1353317385623,8192.0,6144.0,1.0
overwrite/striped/k3/prefilter75/ikea2-sum-coverage,1,899.997725517139,899.9736503303164,8192.0,6144.0,1.0
overwrite/striped/k3/prefilter75/ikea2-sum-coverage,2,900.1257188224288,900.1017080098266,8192.0,6144.0,1.0
overwrite/striped/k7/all/ikea2-raw,0,192.0798620008065,192.08581481698772,8192.0,8192.0,0.0
overwrite/striped/k7/all/ikea2-raw,1,191.86661297997566,191.86141513079247,8192.0,8192.0,0.0
overwrite/striped/k7/all/ikea2-raw,2,191.64855045938683,191.64330228011485,8192.0,8192.0,0.0
overwrite/striped/k7/all/ikea2-coverage,0,233.3230711115322,233.3169326658031,8192.0,8192.0,1.0
overwrite/striped/k7/all/ikea2-coverage,1,233.4310910878645,233.42478043365864,8192.0,8192.0,1.0
overwrite/striped/k7/all/ikea2-coverage,2,233.45048968685606,233.46246104626516,8192.0,8192.0,1.0
overwrite/striped/k7/all/ikea2-sum-coverage,0,823.3116997533158,825.3304162321367,8192.0,8192.0,1.0
overwrite/striped/k7/all/ikea2-sum-coverage,1,822.5787423156779,822.5579701625038,8192.0,8192.0,1.0
overwrite/striped/k7/all/ikea2-sum-coverage,2,822.8693762480937,822.8473706892964,8192.0,8192.0,1.0
overwrite/striped/k7/all/ikea,0,196.4546253652818,196.4581928695326,8192.0,8192.0,0.0
overwrite/striped/k7/all/ikea,1,196.57298889538228,196.56757919318457,8192.0,8192.0,0.0
overwrite/striped/k7/all/ikea,2,196.393201636469,196.38794155539384,8192.0,8192.0,0.0
overwrite/striped/k7/all/prior,0,192.3860767627813,192.38074320884266,8192.0,8192.0,0.0
overwrite/striped/k7/all/prior,1,192.3914837560697,192.38641183142283,8192.0,8192.0,0.0
overwrite/striped/k7/all/prior,2,192.37977931388332,192.37462935899583,8192.0,8192.0,0.0
overwrite/striped/k7/prefilter75/ikea2-raw,0,516.0622721937434,516.0481744568655,8192.0,6144.0,0.0
overwrite/striped/k7/prefilter75/ikea2-raw,1,516.3890776548942,516.3749799230422,8192.0,6144.0,0.0
overwrite/striped/k7/prefilter75/ikea2-raw,2,516.3819361215886,516.3673688789697,8192.0,6144.0,0.0
overwrite/striped/k7/prefilter75/ikea2-coverage,0,503.4404700521636,503.42658432821884,8192.0,6144.0,1.0
overwrite/striped/k7/prefilter75/ikea2-coverage,1,503.11692547513394,503.1302596068276,8192.0,6144.0,1.0
overwrite/striped/k7/prefilter75/ikea2-coverage,2,503.1589064092442,503.1458960340966,8192.0,6144.0,1.0
overwrite/striped/k7/prefilter75/ikea2-sum-coverage,0,973.604976599787,973.5780316026882,8192.0,6144.0,1.0
overwrite/striped/k7/prefilter75/ikea2-sum-coverage,1,973.7307585375975,973.704508596845,8192.0,6144.0,1.0
overwrite/striped/k7/prefilter75/ikea2-sum-coverage,2,973.7827255456333,973.7567768013654,8192.0,6144.0,1.0
overwrite/striped/k12/all/ikea2-raw,0,405.3986965910936,405.38758098119564,8192.0,8192.0,0.0
overwrite/striped/k12/all/ikea2-raw,1,405.40069219497457,405.389403056961,8192.0,8192.0,0.0
overwrite/striped/k12/all/ikea2-raw,2,405.49143914853596,405.4803331803847,8192.0,8192.0,0.0
overwrite/striped/k12/all/ikea2-coverage,0,523.8001000250008,523.7852463139416,8192.0,8192.0,1.0
overwrite/striped/k12/all/ikea2-coverage,1,523.4418979744786,523.5057264334093,8192.0,8192.0,1.0
overwrite/striped/k12/all/ikea2-coverage,2,524.0260440110134,524.9508627122311,8192.0,8192.0,1.0
overwrite/striped/k12/all/ikea2-sum-coverage,0,1707.3687098609953,1707.3211527531532,8192.0,8192.0,1.0
overwrite/striped/k12/all/ikea2-sum-coverage,1,1707.7215673522094,1707.7633525743586,8192.0,8192.0,1.0
overwrite/striped/k12/all/ikea2-sum-coverage,2,1707.1362490854933,1707.0877571041226,8192.0,8192.0,1.0
overwrite/striped/k12/all/ikea,0,309.2920558341945,309.28334828893816,8192.0,8192.0,0.0
overwrite/striped/k12/all/ikea,1,309.3098018738837,309.3227970045914,8192.0,8192.0,0.0
overwrite/striped/k12/all/ikea,2,309.28560607175496,309.27714121869457,8192.0,8192.0,0.0
overwrite/striped/k12/prefilter75/ikea2-raw,0,1297.3354557537177,1297.299075822728,8192.0,6144.0,0.0
overwrite/striped/k12/prefilter75/ikea2-raw,1,1297.6647297004486,1297.6298642998213,8192.0,6144.0,0.0
overwrite/striped/k12/prefilter75/ikea2-raw,2,1297.4536209934213,1297.4182919598154,8192.0,6144.0,0.0
overwrite/striped/k12/prefilter75/ikea2-coverage,0,1319.0091097568738,1318.973110517404,8192.0,6144.0,1.0
overwrite/striped/k12/prefilter75/ikea2-coverage,1,1317.862725387969,1317.8261293042074,8192.0,6144.0,1.0
overwrite/striped/k12/prefilter75/ikea2-coverage,2,1318.3977822453821,1318.3619086503754,8192.0,6144.0,1.0
overwrite/striped/k12/prefilter75/ikea2-sum-coverage,0,1935.2516357939724,1935.1983227333126,8192.0,6144.0,1.0
overwrite/striped/k12/prefilter75/ikea2-sum-coverage,1,1935.2458759561023,1935.1921942678389,8192.0,6144.0,1.0
overwrite/striped/k12/prefilter75/ikea2-sum-coverage,2,1936.1685098147857,1936.2144042044781,8192.0,6144.0,1.0
decode/local/k1/ikea,0,196.08529432383818,196.08004112904104,,,
decode/local/k1/ikea,1,196.2974972542228,196.29227677493492,,,
decode/local/k1/ikea,2,195.90477414530346,195.89932465506823,,,
decode/local/k1/ikea2,0,246.53205471078203,246.52574192905152,,,
decode/local/k1/ikea2,1,247.0890784160353,247.5458029385573,,,
decode/local/k1/ikea2,2,246.52826939240978,246.5306616661282,,,
decode/local/k1/prior,0,251.01032993587367,251.01073069267193,,,
decode/local/k1/prior,1,250.91396904010074,250.9065460791617,,,
decode/local/k1/prior,2,250.84668389319714,250.84958488796144,,,
point/local/k1/prior,0,554.7806268183002,554.7648637981771,,,
point/local/k1/prior,1,554.7541391166269,554.7383628641019,,,
point/local/k1/prior,2,554.8449880983777,554.829965620162,,,
point/local/k1/ikea,0,554.2660378355406,554.2504227436865,,,
point/local/k1/ikea,1,554.3372569224169,554.3218664145065,,,
point/local/k1/ikea,2,554.2926838934553,554.2773990731214,,,
point/local/k1/ikea2,0,553.8708528930835,553.8555171683638,,,
point/local/k1/ikea2,1,553.8815470225155,553.8945355776281,,,
point/local/k1/ikea2,2,553.8832348752728,553.8679782687739,,,
decode/striped/k1/ikea,0,148.35676405224575,148.3525454619236,,,
decode/striped/k1/ikea,1,148.55021145944656,148.54621545839848,,,
decode/striped/k1/ikea,2,148.52746146209066,148.52351139279546,,,
decode/striped/k1/ikea2,0,124.02854732105024,124.02516029969358,,,
decode/striped/k1/ikea2,1,123.97554582800778,123.9721647906548,,,
decode/striped/k1/ikea2,2,123.95686036317568,123.95349428631822,,,
decode/striped/k1/prior,0,130.0912137734588,130.0876077996801,,,
decode/striped/k1/prior,1,130.10603178346668,130.10258407502144,,,
decode/striped/k1/prior,2,132.81845067231473,133.0617267087225,,,
point/striped/k1/prior,0,555.0041875825739,554.9885997354123,,,
point/striped/k1/prior,1,554.9400660502071,554.9248877152465,,,
point/striped/k1/prior,2,555.0012417437273,555.0170409503202,,,
point/striped/k1/ikea,0,553.9798304010147,553.9638083159394,,,
point/striped/k1/ikea,1,553.9396893326866,553.9245390129379,,,
point/striped/k1/ikea,2,554.0252681354735,554.0579066958849,,,
point/striped/k1/ikea2,0,554.8531947529862,554.8684412305037,,,
point/striped/k1/ikea2,1,554.8665767481233,554.8508410035048,,,
point/striped/k1/ikea2,2,554.8579286998972,554.8426954432063,,,
decode/local/k2/ikea,0,404.277727175823,404.2668359127976,,,
decode/local/k2/ikea,1,403.87314199336794,403.8619600414275,,,
decode/local/k2/ikea,2,403.78720373635554,403.77626402193306,,,
decode/local/k2/ikea2,0,409.35745571155013,409.34621250672905,,,
decode/local/k2/ikea2,1,409.31170075476336,409.300408666229,,,
decode/local/k2/ikea2,2,409.5452367916737,409.5341402372804,,,
decode/local/k2/prior,0,407.20170010200627,407.21322193536656,,,
decode/local/k2/prior,1,406.9798125030385,406.9685724020991,,,
decode/local/k2/prior,2,406.49008597658917,406.4788653021443,,,
point/local/k2/prior,0,554.6869050919521,554.6711816937891,,,
point/local/k2/prior,1,554.6591680198601,554.6432729987091,,,
point/local/k2/prior,2,554.6957899322605,554.6803965787922,,,
point/local/k2/ikea,0,556.0073614108511,556.1359345398982,,,
point/local/k2/ikea,1,556.182949595539,557.4552820789396,,,
point/local/k2/ikea,2,555.9859656555955,555.9711766347002,,,
point/local/k2/ikea2,0,555.0153065270954,554.99974885677,,,
point/local/k2/ikea2,1,555.0282866735221,555.0431570021578,,,
point/local/k2/ikea2,2,555.0292780289382,555.013786444774,,,
decode/striped/k2/ikea,0,135.23778769603726,135.23412772963474,,,
decode/striped/k2/ikea,1,133.04406534821806,133.04045720535464,,,
decode/striped/k2/ikea,2,133.98756906972093,133.9839512096311,,,
decode/striped/k2/ikea2,0,157.94075364679878,157.93634128311948,,,
decode/striped/k2/ikea2,1,158.12464361678113,158.12017845620647,,,
decode/striped/k2/ikea2,2,157.89587198865962,157.89161801715355,,,
decode/striped/k2/prior,0,126.28290345754098,126.27934762654394,,,
decode/striped/k2/prior,1,126.26739065744992,126.27058880052085,,,
decode/striped/k2/prior,2,126.17629466204455,126.1728199872217,,,
point/striped/k2/prior,0,555.6869066691372,555.6714419973355,,,
point/striped/k2/prior,1,555.7447138109625,555.7290240592711,,,
point/striped/k2/prior,2,555.7002264090944,555.6850662705966,,,
point/striped/k2/ikea,0,554.1679949332475,554.1524251854964,,,
point/striped/k2/ikea,1,554.1056103868527,554.0902121741431,,,
point/striped/k2/ikea,2,554.1504723702889,554.1349422115426,,,
point/striped/k2/ikea2,0,554.5007271861773,554.4849935248424,,,
point/striped/k2/ikea2,1,554.8941613560196,556.1618452027067,,,
point/striped/k2/ikea2,2,554.4804453023813,554.4656900306985,,,
decode/local/k3/ikea,0,1406.1305046716166,1406.0921938423783,,,
decode/local/k3/ikea,1,1406.1163055490895,1406.0771240107154,,,
decode/local/k3/ikea,2,1406.1673420180616,1406.1930611785178,,,
decode/local/k3/ikea2,0,1406.7064536655348,1406.667570925534,,,
decode/local/k3/ikea2,1,1406.7047121470991,1406.666767141049,,,
decode/local/k3/ikea2,2,1406.7208546837146,1406.7671723832627,,,
decode/local/k3/prior,0,1410.3370391454732,1410.2985299550094,,,
decode/local/k3/prior,1,1408.526738773711,1408.488196100738,,,
decode/local/k3/prior,2,1413.302280413908,1413.2636037893653,,,
point/local/k3/prior,0,568.3100121769617,568.2941550526017,,,
point/local/k3/prior,1,568.2770396428102,568.2612501717131,,,
point/local/k3/prior,2,568.6084968204607,568.5925449870558,,,
point/local/k3/ikea,0,575.1700890547148,575.1540619309102,,,
point/local/k3/ikea,1,575.1146545385335,575.1274680658182,,,
point/local/k3/ikea,2,575.3895530923995,575.3733489453884,,,
point/local/k3/ikea2,0,574.6269217115885,574.6107970843701,,,
point/local/k3/ikea2,1,574.4004259850759,574.3850249836231,,,
point/local/k3/ikea2,2,574.8071871330674,574.7906938623282,,,
decode/striped/k3/ikea,0,154.06079150019463,154.05649537246848,,,
decode/striped/k3/ikea,1,153.6933166037491,153.69512530683497,,,
decode/striped/k3/ikea,2,154.06238007711696,154.55190757647205,,,
decode/striped/k3/ikea2,0,158.33400322904623,158.33843658366996,,,
decode/striped/k3/ikea2,1,158.35668936032172,158.35226353154042,,,
decode/striped/k3/ikea2,2,158.34951997080088,158.35087481613826,,,
decode/striped/k3/prior,0,142.87222416908364,142.86836599036405,,,
decode/striped/k3/prior,1,143.1412726548976,143.1373396253414,,,
decode/striped/k3/prior,2,143.0029803926954,142.99908819041556,,,
point/striped/k3/prior,0,671.7390666422076,671.7204261598011,,,
point/striped/k3/prior,1,665.3975523950804,665.3787785306274,,,
point/striped/k3/prior,2,661.5001083748698,661.4815679394679,,,
point/striped/k3/ikea,0,661.1092554080985,661.0908818039646,,,
point/striped/k3/ikea,1,644.5483137877129,644.5303475364818,,,
point/striped/k3/ikea,2,640.6190639538469,640.601140581965,,,
point/striped/k3/ikea2,0,654.0498401534485,654.0317455212337,,,
point/striped/k3/ikea2,1,650.9958919437272,651.0049552441075,,,
point/striped/k3/ikea2,2,647.1749520460269,647.1577365754318,,,
decode/local/k4/ikea,0,1418.4041417519813,1418.3654606234431,,,
decode/local/k4/ikea,1,1418.4107631498548,1418.3717104076582,,,
decode/local/k4/ikea,2,1418.4552886726647,1418.416506209453,,,
decode/local/k4/ikea2,0,1399.5649971675016,1399.526108841794,,,
decode/local/k4/ikea2,1,1399.472191675773,1399.4333033465732,,,
decode/local/k4/ikea2,2,1399.5920890399912,1399.5531340545238,,,
decode/local/k4/prior,0,1419.1976296596333,1425.8663897873967,,,
decode/local/k4/prior,1,1417.8652755267954,1417.8295515958687,,,
decode/local/k4/prior,2,1417.7853862777285,1417.7459819123703,,,
point/local/k4/prior,0,559.8589325416337,559.8417451018844,,,
point/local/k4/prior,1,559.3724654853321,559.3918895557888,,,
point/local/k4/prior,2,559.1101274080393,559.0946307545017,,,
point/local/k4/ikea,0,556.1666600426554,556.1938317236852,,,
point/local/k4/ikea,1,555.9385159572525,555.9231350116066,,,
point/local/k4/ikea,2,555.9672641521887,555.9517772207577,,,
point/local/k4/ikea2,0,555.0219360298192,555.0065979959971,,,
point/local/k4/ikea2,1,554.9690859326537,554.9535231194043,,,
point/local/k4/ikea2,2,555.0062806595213,554.9908104059041,,,
decode/striped/k4/ikea,0,157.56101628225036,157.55670682594663,,,
decode/striped/k4/ikea,1,157.53719435648475,157.5329186257257,,,
decode/striped/k4/ikea,2,157.49415225496892,157.4898990082857,,,
decode/striped/k4/ikea2,0,162.35140749368958,162.3471675401593,,,
decode/striped/k4/ikea2,1,162.17655989128554,162.17203649754026,,,
decode/striped/k4/ikea2,2,162.36778101339743,162.37143467214185,,,
decode/striped/k4/prior,0,148.33412436092482,148.3300257239211,,,
decode/striped/k4/prior,1,147.25100242289508,147.24698561503644,,,
decode/striped/k4/prior,2,146.44491210343492,146.44092020175262,,,
point/striped/k4/prior,0,555.7681291774094,555.7527893626608,,,
point/striped/k4/prior,1,556.2169280656467,557.8475150556436,,,
point/striped/k4/prior,2,555.7440804711774,555.7300377246385,,,
point/striped/k4/ikea,0,554.226333372934,554.211200463244,,,
point/striped/k4/ikea,1,554.1882370029979,554.1988009911872,,,
point/striped/k4/ikea,2,554.1619855009407,554.1467865689677,,,
point/striped/k4/ikea2,0,554.5499814981322,554.5351932172963,,,
point/striped/k4/ikea2,1,554.6278611830596,554.612953962588,,,
point/striped/k4/ikea2,2,554.712427974859,554.6970846324201,,,
decode/local/k5/ikea,0,1375.4406685236047,1375.4034409358035,,,
decode/local/k5/ikea,1,1375.7501556611878,1375.7130591605464,,,
decode/local/k5/ikea,2,1375.5502539734857,1375.5130919299047,,,
decode/local/k5/ikea2,0,1380.0955307261916,1380.0580676994916,,,
decode/local/k5/ikea2,1,1379.7611567532592,1379.7246795945646,,,
decode/local/k5/ikea2,2,1379.944265527468,1379.985343406245,,,
decode/local/k5/prior,0,1376.803495311145,1376.7670011148132,,,
decode/local/k5/prior,1,1376.6178765820664,1376.5799396781947,,,
decode/local/k5/prior,2,1376.4507180799012,1376.412518859881,,,
point/local/k5/prior,0,629.5984921158039,629.5811949145138,,,
point/local/k5/prior,1,629.6784879189785,629.6608909350264,,,
point/local/k5/prior,2,629.8986300138312,629.8815276684703,,,
point/local/k5/ikea,0,578.1479081541695,578.1319493134923,,,
point/local/k5/ikea,1,576.6041520492107,576.5879455710908,,,
point/local/k5/ikea,2,577.3334571518914,577.47899899683,,,
point/local/k5/ikea2,0,577.3272537206703,578.5148414099717,,,
point/local/k5/ikea2,1,576.741410140029,576.7255921404026,,,
point/local/k5/ikea2,2,576.6594178977332,576.6434898649416,,,
decode/striped/k5/ikea,0,157.33248815941138,157.32795506872418,,,
decode/striped/k5/ikea,1,156.3066326089147,156.3021973261165,,,
decode/striped/k5/ikea,2,156.62864763394407,156.6354717225519,,,
decode/striped/k5/ikea2,0,248.8119906868505,248.80520384305774,,,
decode/striped/k5/ikea2,1,242.07635946856888,242.06965663859003,,,
decode/striped/k5/ikea2,2,234.6204709383939,234.614272170726,,,
decode/striped/k5/prior,0,163.4279109247449,163.42323263469265,,,
decode/striped/k5/prior,1,163.40393664751684,163.39947349663856,,,
decode/striped/k5/prior,2,163.19524034908255,163.1908397846875,,,
point/striped/k5/prior,0,1207.0153426525899,1206.9810619046195,,,
point/striped/k5/prior,1,1100.1094442550016,1100.217896665361,,,
point/striped/k5/prior,2,1088.3775532343107,1088.3475498319299,,,
point/striped/k5/ikea,0,1131.3152445355563,1131.3369342539017,,,
point/striped/k5/ikea,1,1123.7597014507166,1123.7290608624025,,,
point/striped/k5/ikea,2,1117.683885630871,1117.6526838613308,,,
point/striped/k5/ikea2,0,1236.5150355550782,1236.4802940822726,,,
point/striped/k5/ikea2,1,1207.7871218512687,1207.7544293087706,,,
point/striped/k5/ikea2,2,1197.3281909123764,1197.2956791597358,,,
decode/local/k6/ikea,0,1366.1525978275802,1366.529119221585,,,
decode/local/k6/ikea,1,1365.8395170788876,1365.8513283678528,,,
decode/local/k6/ikea,2,1365.8989006674547,1365.897820972846,,,
decode/local/k6/ikea2,0,1379.70543781826,1379.7261376655797,,,
decode/local/k6/ikea2,1,1379.6910136355493,1379.652571049232,,,
decode/local/k6/ikea2,2,1379.452866765193,1379.4154756120472,,,
decode/local/k6/prior,0,1376.6528551759488,1376.6146987464115,,,
decode/local/k6/prior,1,1376.6291221398412,1376.5914574092076,,,
decode/local/k6/prior,2,1376.8487838458586,1376.8942830853082,,,
point/local/k6/prior,0,642.6999354247773,642.681824325982,,,
point/local/k6/prior,1,648.2530748321809,648.2354292749808,,,
point/local/k6/prior,2,648.1951974049912,648.177446723874,,,
point/local/k6/ikea,0,579.2924277329591,579.3072925223967,,,
point/local/k6/ikea,1,579.039040645064,579.022969118334,,,
point/local/k6/ikea,2,579.2363008062799,579.2204212549478,,,
point/local/k6/ikea2,0,569.0391084093131,569.0188179701115,,,
point/local/k6/ikea2,1,566.8387031408475,566.8240189116192,,,
point/local/k6/ikea2,2,566.7404930766648,566.7247821662642,,,
decode/striped/k6/ikea,0,164.376392286343,164.37205827401542,,,
decode/striped/k6/ikea,1,159.86352882579806,159.85911448089482,,,
decode/striped/k6/ikea,2,159.2823092773691,159.27781459779254,,,
decode/striped/k6/ikea2,0,209.9025472570857,210.39760758586726,,,
decode/striped/k6/ikea2,1,197.02947971446568,197.02404286099897,,,
decode/striped/k6/ikea2,2,193.35694249997206,193.3518816238251,,,
decode/striped/k6/prior,0,185.1030743244714,185.10972043855895,,,
decode/striped/k6/prior,1,185.2834367516402,185.27826362997462,,,
decode/striped/k6/prior,2,185.2009226060471,185.19572743402017,,,
point/striped/k6/prior,0,981.8537613823873,981.9125620788553,,,
point/striped/k6/prior,1,967.7363151903754,967.7090490464706,,,
point/striped/k6/prior,2,955.3588576158638,955.333247106198,,,
point/striped/k6/ikea,0,987.699577420722,987.6708576782223,,,
point/striped/k6/ikea,1,965.7201585976213,965.6936300100031,,,
point/striped/k6/ikea,2,953.4959568029623,953.4696108115377,,,
point/striped/k6/ikea2,0,1022.306120340057,1022.2762807795591,,,
point/striped/k6/ikea2,1,934.164104683831,934.1378562056221,,,
point/striped/k6/ikea2,2,911.9266540935732,911.9003539350233,,,
decode/local/k7/ikea,0,1369.8865622961816,1369.8488584461375,,,
decode/local/k7/ikea,1,1369.7916503587146,1369.8274298640138,,,
decode/local/k7/ikea,2,1369.101826484125,1369.0625244703976,,,
decode/local/k7/ikea2,0,1378.19990151017,1378.1626395278909,,,
decode/local/k7/ikea2,1,1378.2946815495939,1378.255876559381,,,
decode/local/k7/ikea2,2,1378.1111621799066,1378.0734077516224,,,
decode/local/k7/prior,0,1355.4627405398517,1355.425707078961,,,
decode/local/k7/prior,1,1355.473492186472,1355.503293302257,,,
decode/local/k7/prior,2,1356.6374467260082,1362.33562572963,,,
point/local/k7/prior,0,639.2845427019485,639.2660864534715,,,
point/local/k7/prior,1,639.0459047822337,639.0280875846908,,,
point/local/k7/prior,2,639.2227378542979,639.24154405937,,,
point/local/k7/ikea,0,577.81228365418,577.7958789960703,,,
point/local/k7/ikea,1,577.773673192975,577.7575148112388,,,
point/local/k7/ikea,2,576.5475789790688,576.5313385066503,,,
point/local/k7/ikea2,0,578.3717211197404,578.3555503547512,,,
point/local/k7/ikea2,1,578.8492609617055,578.8332415813753,,,
point/local/k7/ikea2,2,578.4844210178362,578.4681126343547,,,
decode/striped/k7/ikea,0,176.99480494186233,176.98979617664241,,,
decode/striped/k7/ikea,1,175.42299712937688,175.418102682263,,,
decode/striped/k7/ikea,2,175.30306199351364,175.29839194489975,,,
decode/striped/k7/ikea2,0,288.5713657084385,288.56325932661537,,,
decode/striped/k7/ikea2,1,288.72276043206745,288.7147571866893,,,
decode/striped/k7/ikea2,2,288.14509663711,288.13683211654853,,,
decode/striped/k7/prior,0,175.53092343248537,175.52576115310447,,,
decode/striped/k7/prior,1,175.61424001875812,175.60945036157946,,,
decode/striped/k7/prior,2,175.33628500133887,175.3314199811533,,,
point/striped/k7/prior,0,712.6273116077056,712.6065899618605,,,
point/striped/k7/prior,1,694.9301246912834,694.9102664546604,,,
point/striped/k7/prior,2,691.5550669638616,693.5551673594111,,,
point/striped/k7/ikea,0,733.5161760419985,733.4947537212336,,,
point/striped/k7/ikea,1,726.8102593995904,726.7901304283328,,,
point/striped/k7/ikea,2,716.5764900903647,716.5566161507645,,,
point/striped/k7/ikea2,0,800.5645431334256,800.5424636872336,,,
point/striped/k7/ikea2,1,771.1792725294127,771.2015403321091,,,
point/striped/k7/ikea2,2,729.7904859570696,729.7703947043857,,,
decode/local/k8/ikea,0,120.5087987734401,120.50546748709722,,,
decode/local/k8/ikea,1,112.72402982888428,112.73417950415107,,,
decode/local/k8/ikea,2,112.56723808574172,112.56405949473314,,,
decode/local/k8/ikea2,0,161.51425001465023,161.50990023647563,,,
decode/local/k8/ikea2,1,161.34041896877878,161.3359910972535,,,
decode/local/k8/ikea2,2,161.13223873020897,161.12783038152546,,,
decode/local/k9/ikea,0,1306.026531056569,1305.9898292494959,,,
decode/local/k9/ikea,1,1305.4015116170492,1305.3659917248092,,,
decode/local/k9/ikea,2,1306.1720630773425,1306.1349569210424,,,
decode/local/k9/ikea2,0,966.0165645302905,966.046698613174,,,
decode/local/k9/ikea2,1,965.1747223886499,965.1475832792472,,,
decode/local/k9/ikea2,2,965.1180251578263,965.0910473276779,,,
decode/local/k10/ikea,0,1389.700692672222,1389.6612865790714,,,
decode/local/k10/ikea,1,1388.3499154874155,1388.311404236922,,,
decode/local/k10/ikea,2,1388.1071156331686,1388.0699300628366,,,
decode/local/k10/ikea2,0,1249.2553368615027,1249.2210263390184,,,
decode/local/k10/ikea2,1,1249.022061009715,1252.8671582304305,,,
decode/local/k10/ikea2,2,1247.0498602603832,1247.0771838104247,,,
decode/striped/k10/ikea,0,469.579880661313,469.56709437126455,,,
decode/striped/k10/ikea,1,469.03812333163165,469.0484645248472,,,
decode/striped/k10/ikea,2,469.04341730412966,469.03001413470986,,,
decode/striped/k10/ikea2,0,572.2109159450516,572.1949217401626,,,
decode/striped/k10/ikea2,1,572.2063266588581,572.189813419455,,,
decode/striped/k10/ikea2,2,572.8061163165594,572.7903679611651,,,
decode/local/k11/ikea,0,1760.558369674553,1760.510147599221,,,
decode/local/k11/ikea,1,1760.1724253606608,1760.1244548959064,,,
decode/local/k11/ikea,2,1761.216244548814,1761.1685256576923,,,
decode/local/k11/ikea2,0,2198.3703025226737,2198.3092745723798,,,
decode/local/k11/ikea2,1,2198.2087302417344,2198.2680309917228,,,
decode/local/k11/ikea2,2,2198.710666806229,2198.64995288451,,,
decode/local/k12/ikea,0,1496.7741592166053,1496.7339293275888,,,
decode/local/k12/ikea,1,1507.5479281964092,1507.5079821210447,,,
decode/local/k12/ikea,2,1506.7003689512892,1506.6604583452108,,,
decode/local/k12/ikea2,0,2093.6827699671085,2093.6286768429827,,,
decode/local/k12/ikea2,1,2094.1112274404622,2094.0552398109553,,,
decode/local/k12/ikea2,2,2093.956825206917,2093.899541350748,,,
decode/striped/k12/ikea,0,467.9869233604053,469.86229885006435,,,
decode/striped/k12/ikea,1,462.4944555494961,462.6458921963678,,,
decode/striped/k12/ikea,2,462.72125875217256,462.70930998455304,,,
decode/striped/k12/ikea2,0,557.6464139972613,557.6312911730831,,,
decode/striped/k12/ikea2,1,555.7913077107683,555.7757448091428,,,
decode/striped/k12/ikea2,2,556.2621822740354,556.2819059551944,,,
decode/local/k13/ikea,0,1760.0109037533496,1759.963262737947,,,
decode/local/k13/ikea,1,1762.072803522849,1762.153281620733,,,
decode/local/k13/ikea,2,1759.82038163149,1759.7734954955572,,,
decode/local/k13/ikea2,0,2198.9158898082655,2198.8563422948077,,,
decode/local/k13/ikea2,1,2199.55530533153,2199.49387240684,,,
decode/local/k13/ikea2,2,2199.2303341362954,2199.2886770840764,,,
decode/local/k14/ikea,0,1759.686921175096,1759.6390646448078,,,
decode/local/k14/ikea,1,1759.3927838075535,1759.345430166023,,,
decode/local/k14/ikea,2,1759.2505133469979,1759.2008129620328,,,
decode/local/k14/ikea2,0,2218.6572983252727,2218.597126100593,,,
decode/local/k14/ikea2,1,2218.9346505362164,2218.980770247339,,,
decode/local/k14/ikea2,2,2218.7350626023604,2218.67446774458,,,
decode/striped/k14/ikea,0,518.8458144866639,518.8321457344072,,,
decode/striped/k14/ikea,1,517.9609889088762,517.9469855639427,,,
decode/striped/k14/ikea,2,518.63124109301,518.6172129648002,,,
decode/striped/k14/ikea2,0,631.5562031891584,631.5391096881859,,,
decode/striped/k14/ikea2,1,633.7200863735231,636.4510600400554,,,
decode/striped/k14/ikea2,2,631.1239580816627,631.1086011113434,,,
decode/local/k15/ikea,0,1762.433415275129,1762.3845893132911,,,
decode/local/k15/ikea,1,1765.2373908621053,1765.2863439934451,,,
decode/local/k15/ikea,2,1763.6984826651646,1763.6500381303708,,,
decode/local/k15/ikea2,0,2230.2623864904604,2230.202113537905,,,
decode/local/k15/ikea2,1,2230.2050873558414,2230.146885461036,,,
decode/local/k15/ikea2,2,2230.2878763740077,2230.2299930931536,,,
decode/striped/k15/ikea,0,550.5884078175568,550.5734802852103,,,
decode/striped/k15/ikea,1,548.892719046758,548.878107167326,,,
decode/striped/k15/ikea,2,549.0620380356233,549.0468474655125,,,
decode/striped/k15/ikea2,0,693.1184749274594,693.1007874017436,,,
decode/striped/k15/ikea2,1,693.1150932449212,693.1348197210446,,,
decode/striped/k15/ikea2,2,692.8881060920054,692.8689929563716,,,
decode/local/k16/ikea,0,229.1517234068978,229.14541632145531,,,
decode/local/k16/ikea,1,243.84846504011932,243.84198128625061,,,
decode/local/k16/ikea,2,223.9252159779529,223.9191621195115,,,
decode/local/k16/ikea2,0,277.40237945898826,277.39469259333794,,,
decode/local/k16/ikea2,1,275.6341998852252,275.6269133775216,,,
decode/local/k16/ikea2,2,276.7973723192615,276.78976552303857,,,
decode/local/k17/ikea,0,1647.040701782041,1646.9964282813874,,,
decode/local/k17/ikea,1,1649.1096632387962,1654.1310149965277,,,
decode/local/k17/ikea,2,1646.6085250020128,1646.5659392510543,,,
decode/local/k17/ikea2,0,1493.2318752675492,1493.190809196624,,,
decode/local/k17/ikea2,1,1496.53018410157,1496.565470239694,,,
decode/local/k17/ikea2,2,1495.1647994862794,1495.1234122967094,,,
decode/local/k18/ikea,0,1500.5369909460733,1500.4947877132088,,,
decode/local/k18/ikea,1,1507.2610107131009,1507.3188327372798,,,
decode/local/k18/ikea,2,1499.5952097535537,1499.5548822354851,,,
decode/local/k18/ikea2,0,1752.857393044896,1752.8093153116615,,,
decode/local/k18/ikea2,1,1752.3884580101517,1752.3398799171491,,,
decode/local/k18/ikea2,2,1751.7334667667444,1751.686181301845,,,
decode/local/k19/ikea,0,1923.8299669481228,1923.7787366816742,,,
decode/local/k19/ikea,1,1929.197300771281,1929.1445097199532,,,
decode/local/k19/ikea,2,1935.1276625046114,1935.0738615419057,,,
decode/local/k19/ikea2,0,3012.77243658839,3012.6870733735977,,,
decode/local/k19/ikea2,1,3014.5792196593547,3014.6567507308714,,,
decode/local/k19/ikea2,2,3012.5154128044505,3012.4337859937214,,,
decode/local/k20/ikea,0,1575.0325246000064,1574.9880192250998,,,
decode/local/k20/ikea,1,1575.6897769098537,1575.6465109293897,,,
decode/local/k20/ikea,2,1575.0417261323037,1574.9978216726436,,,
decode/local/k20/ikea2,0,2800.6037723272057,2806.7142095316804,,,
decode/local/k20/ikea2,1,2799.309117568618,2799.7814582962437,,,
decode/local/k20/ikea2,2,2799.3663023193467,2799.420221263836,,,
decode/striped/k20/ikea,0,860.0011554730095,860.017290832468,,,
decode/striped/k20/ikea,1,859.3100794387558,859.2861652689104,,,
decode/striped/k20/ikea,2,861.0817497162549,861.0985247066067,,,
decode/striped/k20/ikea2,0,1065.1973456286876,1065.1680762154917,,,
decode/striped/k20/ikea2,1,1064.7892806195105,1064.7602914214476,,,
decode/striped/k20/ikea2,2,1064.8446097411359,1064.8156205371904,,,
decode/local/k21/ikea,0,1946.722982057614,1946.6685520886208,,,
decode/local/k21/ikea,1,1945.729704668777,1945.6761555891203,,,
decode/local/k21/ikea,2,1946.974361352017,1946.9220640910953,,,
decode/local/k21/ikea2,0,3040.2314720811933,3040.146990569986,,,
decode/local/k21/ikea2,1,3040.7323422769514,3040.64822332288,,,
decode/local/k21/ikea2,2,3040.0303118202364,3040.1050036382558,,,
decode/local/k22/ikea,0,1957.7613652258212,1957.7085373186214,,,
decode/local/k22/ikea,1,1957.115120995894,1957.0611740484887,,,
decode/local/k22/ikea,2,1957.5279992539631,1957.4716743570345,,,
decode/local/k22/ikea2,0,2972.782488675004,2972.701090029536,,,
decode/local/k22/ikea2,1,2972.5029020385387,2972.4222111953286,,,
decode/local/k22/ikea2,2,2972.360206681813,2972.281285383978,,,
decode/local/k23/ikea,0,1930.095975374317,1930.3498116300368,,,
decode/local/k23/ikea,1,1931.166498208203,1934.0209500974913,,,
decode/local/k23/ikea,2,1931.4301663143679,1931.378801801227,,,
decode/local/k23/ikea2,0,3007.9958422938525,3007.9116129196327,,,
decode/local/k23/ikea2,1,3007.754121863864,3007.668172026032,,,
decode/local/k23/ikea2,2,3008.3853763441725,3008.4793548491193,,,
decode/local/k24/ikea,0,733.4145334140778,733.4399722314193,,,
decode/local/k24/ikea,1,736.4375689820648,736.4172926963646,,,
decode/local/k24/ikea,2,735.3950048064714,735.3749421401561,,,
decode/local/k24/ikea2,0,703.778888194874,703.7592551944435,,,
decode/local/k24/ikea2,1,701.5660651282221,701.5464658928756,,,
decode/local/k24/ikea2,2,703.0687408207838,703.0495636139607,,,
decode/local/k25/ikea,0,1818.995740469824,1818.9475088162335,,,
decode/local/k25/ikea,1,1802.725539970741,1802.6761896670928,,,
decode/local/k25/ikea,2,1798.6597969194067,1798.611823410315,,,
decode/local/k25/ikea2,0,1540.226806014023,1540.1840117310542,,,
decode/local/k25/ikea2,1,1540.820828749534,1540.8587458727666,,,
decode/local/k25/ikea2,2,1538.1052438576244,1538.061826176586,,,
decode/local/k26/ikea,0,1683.5314443954328,1683.4852109008234,,,
decode/local/k26/ikea,1,1686.7215956977918,1686.6774491176996,,,
decode/local/k26/ikea,2,1683.2523979612813,1683.2048400598685,,,
decode/local/k26/ikea2,0,1849.0470209766634,1849.086594400387,,,
decode/local/k26/ikea2,1,1848.4941829718975,1848.962321520487,,,
decode/local/k26/ikea2,2,1849.9098360655219,1852.9297549837431,,,
decode/local/k27/ikea,0,2030.4444820418728,2030.3914052273312,,,
decode/local/k27/ikea,1,2030.9492434862907,2030.987238366989,,,
decode/local/k27/ikea,2,2029.10755546961,2029.0524967369822,,,
decode/local/k27/ikea2,0,3061.1647598919553,3061.079501583797,,,
decode/local/k27/ikea2,1,3060.6935072505053,3060.610070695116,,,
decode/local/k27/ikea2,2,3060.8731326969414,3060.7888945651566,,,
decode/local/k28/ikea,0,1678.0925539598381,1678.0474203787628,,,
decode/local/k28/ikea,1,1681.7293589023548,1681.8743881967673,,,
decode/local/k28/ikea,2,1680.728556527328,1680.6833426913543,,,
decode/local/k28/ikea2,0,2857.7015980960077,2857.619925178487,,,
decode/local/k28/ikea2,1,2856.0644678680324,2855.98415504431,,,
decode/local/k28/ikea2,2,2856.127167629891,2856.1970758253347,,,
decode/local/k29/ikea,0,2034.8899282666498,2034.834625822883,,,
decode/local/k29/ikea,1,2035.892787902147,2035.8377277938496,,,
decode/local/k29/ikea,2,2035.9046141915237,2035.8512019984114,,,
decode/local/k29/ikea2,0,3016.1699618952825,3016.084909075669,,,
decode/local/k29/ikea2,1,3016.257962470323,3016.178445626379,,,
decode/local/k29/ikea2,2,3016.372924006081,3016.2884463263426,,,
decode/local/k30/ikea,0,2026.3083377537555,2029.2047547912232,,,
decode/local/k30/ikea,1,2025.0154795776537,2025.307662645308,,,
decode/local/k30/ikea,2,2025.9930076675582,2025.9380334581938,,,
decode/local/k30/ikea2,0,3026.2864147677506,3026.2024084068025,,,
decode/local/k30/ikea2,1,3026.0672050764265,3025.985362001725,,,
decode/local/k30/ikea2,2,3026.5771560426033,3026.6693827492136,,,
decode/local/k31/ikea,0,2035.5443350947296,2035.4895525369202,,,
decode/local/k31/ikea,1,2034.8839385270815,2034.958307078282,,,
decode/local/k31/ikea,2,2033.575265428772,2033.5180588571923,,,
decode/local/k31/ikea2,0,3040.3519715341913,3040.2667925301193,,,
decode/local/k31/ikea2,1,3039.5693123228016,3039.485658267738,,,
decode/local/k31/ikea2,2,3039.7894851499154,3039.705322768626,,,
decode/local/k32/ikea,0,564.5002575175413,564.4848989035983,,,
decode/local/k32/ikea,1,559.000158472354,558.9849319206647,,,
decode/local/k32/ikea,2,561.5828480118444,561.5675026067918,,,
decode/local/k32/ikea2,0,558.3054565359291,558.2895955958566,,,
decode/local/k32/ikea2,1,559.7985073630433,559.8097221638122,,,
decode/local/k32/ikea2,2,561.0683835996836,561.0529899524271,,,
decode/local/k33/ikea,0,2536.6003014771163,2536.5323485184376,,,
decode/local/k33/ikea,1,2534.7431413928452,2534.673319248142,,,
decode/local/k33/ikea,2,2534.1049140791106,2534.034669875022,,,
decode/local/k33/ikea2,0,2497.4833590871413,2497.5202068374506,,,
decode/local/k33/ikea2,1,2501.3171282537646,2502.0174135211555,,,
decode/local/k33/ikea2,2,2500.504397955526,2500.433792924981,,,
decode/local/k34/ikea,0,2616.521912848075,2616.4498688968815,,,
decode/local/k34/ikea,1,2619.126420277352,2619.1580721447554,,,
decode/local/k34/ikea,2,2616.519353227658,2616.4463103810426,,,
decode/local/k34/ikea2,0,2763.009399237489,2762.9334165785035,,,
decode/local/k34/ikea2,1,2762.722426712258,2762.647429992732,,,
decode/local/k34/ikea2,2,2760.697318259623,2760.6214013298104,,,
decode/local/k35/ikea,0,2631.3029183366953,2631.2295215425975,,,
decode/local/k35/ikea,1,2631.588176352746,2631.5157189294737,,,
decode/local/k35/ikea,2,2629.884456412958,2629.810621239178,,,
decode/local/k35/ikea2,0,4591.571397284489,4591.441962322495,,,
decode/local/k35/ikea2,1,4591.723280771247,4591.822711343943,,,
decode/local/k35/ikea2,2,4591.253613666604,4591.12779240654,,,
decode/local/k36/ikea,0,2408.811704979723,2408.734071068457,,,
decode/local/k36/ikea,1,2400.9720495123024,2400.9100450522365,,,
decode/local/k36/ikea,2,2399.644800638899,2399.577034967742,,,
decode/local/k36/ikea2,0,4303.329776318474,4303.21157398276,,,
decode/local/k36/ikea2,1,4303.213523496663,4303.098604540946,,,
decode/local/k36/ikea2,2,4303.313461933193,4303.196183075933,,,
decode/local/k37/ikea,0,2638.407386505967,2639.0723601719324,,,
decode/local/k37/ikea,1,2636.0354903436696,2635.9642588349475,,,
decode/local/k37/ikea,2,2635.8537120643696,2635.78053674209,,,
decode/local/k37/ikea2,0,4590.996716646577,4590.873043661064,,,
decode/local/k37/ikea2,1,4589.0270329429,4589.150815356037,,,
decode/local/k37/ikea2,2,4588.7178504979765,4588.591660262986,,,
decode/local/k38/ikea,0,2564.6789220170886,2564.93445522443,,,
decode/local/k38/ikea,1,2562.9709773794843,2562.8996402493767,,,
decode/local/k38/ikea,2,2562.8840314615068,2562.810865198534,,,
decode/local/k38/ikea2,0,4595.142982360054,4595.0154486310075,,,
decode/local/k38/ikea2,1,4595.197436178619,4595.071984234691,,,
decode/local/k38/ikea2,2,4594.923633176459,4594.79500383637,,,
decode/local/k39/ikea,0,2574.241976972051,2574.170382183376,,,
decode/local/k39/ikea,1,2575.2089049486835,2575.1392087144895,,,
decode/local/k39/ikea,2,2575.7805609995044,2575.712150912067,,,
decode/local/k39/ikea2,0,4598.0572054791955,4597.925479423768,,,
decode/local/k39/ikea2,1,4598.455232876685,4598.562191796652,,,
decode/local/k39/ikea2,2,4597.95583561636,4597.829041140607,,,
decode/local/k40/ikea,0,1496.9926460088172,1496.9508067900376,,,
decode/local/k40/ikea,1,1497.950913894029,1497.908432096236,,,
decode/local/k40/ikea,2,1495.0587248322224,1495.089354565253,,,
decode/local/k40/ikea2,0,1493.5406124694066,1493.9156523802317,,,
decode/local/k40/ikea2,1,1489.9079166814392,1489.8700897722706,,,
decode/local/k40/ikea2,2,1493.4705297895875,1493.4292253514955,,,
decode/local/k41/ikea,0,2935.9699369306572,2935.810511579686,,,
decode/local/k41/ikea,1,2939.3997196916566,2939.473861241801,,,
decode/local/k41/ikea,2,2936.2793973370653,2936.1948843720365,,,
decode/local/k41/ikea2,0,2727.0458912110225,2726.969881887013,,,
decode/local/k41/ikea2,1,2725.728936777796,2725.651694146505,,,
decode/local/k41/ikea2,2,2724.467415292746,2724.388679721969,,,
decode/local/k42/ikea,0,2921.776354268284,2921.695724817374,,,
decode/local/k42/ikea,1,2920.710625261067,2920.6270714558077,,,
decode/local/k42/ikea,2,2921.96400222812,2921.8853223878386,,,
decode/local/k42/ikea2,0,3044.6176769142535,3044.689022611843,,,
decode/local/k42/ikea2,1,3046.3317140368526,3046.247462291803,,,
decode/local/k42/ikea2,2,3044.7225928077055,3044.6373985003092,,,
decode/local/k43/ikea,0,3303.9080961124773,3303.815273944609,,,
decode/local/k43/ikea,1,3310.579889807414,3310.4878328736277,,,
decode/local/k43/ikea,2,3303.999540863239,3303.907866532357,,,
decode/local/k43/ikea2,0,4523.5025320550585,4523.374959612965,,,
decode/local/k43/ikea2,1,4523.2526667384345,4523.130050603325,,,
decode/local/k43/ikea2,2,4523.535718133828,4523.412994297251,,,
decode/local/k44/ikea,0,2993.302697302382,2994.1911659834036,,,
decode/local/k44/ikea,1,2995.0845582986703,2995.0012130468117,,,
decode/local/k44/ikea,2,2995.9208648495032,2995.837947783049,,,
decode/local/k44/ikea2,0,4512.729139785352,4512.814731213203,,,
decode/local/k44/ikea2,1,4513.276774193806,4513.147526864408,,,
decode/local/k44/ikea2,2,4512.866236559047,4512.739784937973,,,
decode/local/k45/ikea,0,3267.833814239612,3267.7401543910646,,,
decode/local/k45/ikea,1,3264.9223270682664,3264.8232083087782,,,
decode/local/k45/ikea,2,3247.809249005511,3247.716369012941,,,
decode/local/k45/ikea2,0,4575.472013093689,4575.341843959323,,,
decode/local/k45/ikea2,1,4575.4462629567215,4575.321440266864,,,
decode/local/k45/ikea2,2,4575.64375340959,4575.517512240747,,,
decode/local/k46/ikea,0,3287.1886406544463,3287.0968376476026,,,
decode/local/k46/ikea,1,3289.8801919445227,3289.78595029822,,,
decode/local/k46/ikea,2,3288.1689741976197,3288.078665832401,,,
decode/local/k46/ikea2,0,4526.87823834167,4526.750431801036,,,
decode/local/k46/ikea2,1,4527.477331605633,4527.587974957339,,,
decode/local/k46/ikea2,2,4527.0518134717595,4526.927353162496,,,
decode/local/k47/ikea,0,3332.1803629443702,3332.083524833956,,,
decode/local/k47/ikea,1,3334.5698549805393,3334.4801489967494,,,
decode/local/k47/ikea,2,3328.5577304065146,3328.4650923069476,,,
decode/local/k47/ikea2,0,4525.155713823146,4525.028703987862,,,
decode/local/k47/ikea2,1,4528.728283155199,4529.299881309258,,,
decode/local/k47/ikea2,2,4524.7228876656545,4526.008848624753,,,
decode/local/k48/ikea,0,1387.337674357147,1387.2985390294368,,,
decode/local/k48/ikea,1,1386.2190784689815,1386.1804389384708,,,
decode/local/k48/ikea,2,1388.8955179481534,1388.9198783605061,,,
decode/local/k48/ikea2,0,1343.2053373581548,1343.1695301647546,,,
decode/local/k48/ikea2,1,1346.4783390601551,1346.4405729123666,,,
decode/local/k48/ikea2,2,1346.0818587624183,1346.0432897581563,,,
decode/local/k49/ikea,0,2945.986592727887,2945.9042538276544,,,
decode/local/k49/ikea,1,2948.744559876819,2948.663344095967,,,
decode/local/k49/ikea,2,2949.919977537663,2949.835392380714,,,
decode/local/k49/ikea2,0,2741.8334856395268,2741.760704962306,,,
decode/local/k49/ikea2,1,2740.2133812008747,2740.136096601499,,,
decode/local/k49/ikea2,2,2740.102349869603,2740.167036578276,,,
decode/local/k50/ikea,0,2913.1488785499882,2913.0671480982182,,,
decode/local/k50/ikea,1,2917.957572390888,2917.874730902603,,,
decode/local/k50/ikea,2,2915.7339768073043,2915.6498160018587,,,
decode/local/k50/ikea2,0,3049.013635044803,3048.926892952327,,,
decode/local/k50/ikea2,1,3050.063098346481,3049.978677104154,,,
decode/local/k50/ikea2,2,3051.443574122335,3051.358137493928,,,
decode/local/k51/ikea,0,3287.3840454041233,3287.291187156047,,,
decode/local/k51/ikea,1,3324.2103105784063,3325.0264070605112,,,
decode/local/k51/ikea,2,3299.1742866150216,3299.0857638319994,,,
decode/local/k51/ikea2,0,4570.790740740969,4570.664705893439,,,
decode/local/k51/ikea2,1,4570.1169934646505,4569.988888864182,,,
decode/local/k51/ikea2,2,4571.924618736387,4571.792810427263,,,
decode/local/k52/ikea,0,2979.2938169943272,2979.2105487251633,,,
decode/local/k52/ikea,1,2987.1291261447554,2987.225172149786,,,
decode/local/k52/ikea,2,2983.7984666715547,2983.713068778149,,,
decode/local/k52/ikea2,0,4510.064488391734,4509.938735983916,,,
decode/local/k52/ikea2,1,4509.652730008922,4509.5246130555515,,,
decode/local/k52/ikea2,2,4510.323946690089,4510.192282852331,,,
decode/local/k53/ikea,0,3326.0378523916615,3325.9420335729037,,,
decode/local/k53/ikea,1,3309.1719195442365,3309.0791099167277,,,
decode/local/k53/ikea,2,3290.2016154580433,3290.110548009526,,,
decode/local/k53/ikea2,0,4524.105070119077,4523.977669930729,,,
decode/local/k53/ikea2,1,4524.320927724102,4524.197411012824,,,
decode/local/k53/ikea2,2,4524.890830636738,4525.03214667273,,,
decode/local/k54/ikea,0,3282.4782779172333,3282.384175003566,,,
decode/local/k54/ikea,1,3293.6855395230878,3293.59449500779,,,
decode/local/k54/ikea,2,3287.2950909663127,3287.202713273476,,,
decode/local/k54/ikea2,0,4524.12179072341,4523.995577116136,,,
decode/local/k54/ikea2,1,4524.330852211751,4524.20485434886,,,
decode/local/k54/ikea2,2,4524.324379719306,4524.407551235343,,,
decode/local/k55/ikea,0,3344.013923144059,3344.179489240089,,,
decode/local/k55/ikea,1,3340.999681756987,3340.9046861249726,,,
decode/local/k55/ikea,2,3342.554857188106,3342.4608162917148,,,
decode/local/k55/ikea2,0,4525.146551724064,4525.246874979514,,,
decode/local/k55/ikea2,1,4524.565840517739,4524.440625028421,,,
decode/local/k55/ikea2,2,4524.929956896933,4524.8059267605795,,,
decode/local/k56/ikea,0,1549.7936496241712,1549.7499631512032,,,
decode/local/k56/ikea,1,1547.0938927362715,1547.0499484277386,,,
decode/local/k56/ikea,2,1549.9348754973328,1549.8914468981418,,,
decode/local/k56/ikea2,0,1528.6030920334006,1528.5618770436267,,,
decode/local/k56/ikea2,1,1528.052600945805,1528.0101491544322,,,
decode/local/k56/ikea2,2,1528.3630774826981,1528.3197890242818,,,
decode/local/k56/prior,0,1550.0366286814806,1550.0722213909946,,,
decode/local/k56/prior,1,1551.6760766612185,1551.6327512140633,,,
decode/local/k56/prior,2,1548.037516649465,1547.9968551121508,,,
point/local/k56/prior,0,557.0088791559454,556.9933373155387,,,
point/local/k56/prior,1,556.9840467184639,556.9689959503671,,,
point/local/k56/prior,2,557.0190589952971,557.0036764216136,,,
point/local/k56/ikea,0,553.8867068490716,553.8710251826076,,,
point/local/k56/ikea,1,553.8246923675249,553.8096042000589,,,
point/local/k56/ikea,2,553.9216312103808,553.9375107135303,,,
point/local/k56/ikea2,0,555.2714208279514,555.3778870656497,,,
point/local/k56/ikea2,1,554.8886949854062,554.8742183291464,,,
point/local/k56/ikea2,2,554.9127830881248,554.8974603081929,,,
decode/local/k57/ikea,0,2964.5512177899136,2964.46798443964,,,
decode/local/k57/ikea,1,2959.5420402397403,2959.613272159534,,,
decode/local/k57/ikea,2,2962.1527709140037,2962.069043395678,,,
decode/local/k57/ikea2,0,2695.11497944543,2695.230858172393,,,
decode/local/k57/ikea2,1,2695.7446043165687,2695.668229693602,,,
decode/local/k57/ikea2,2,2696.480665467619,2696.403006186763,,,
decode/local/k58/ikea,0,2943.874089125589,2943.793651917125,,,
decode/local/k58/ikea,1,2936.8211182734944,2936.7400504633315,,,
decode/local/k58/ikea,2,2939.339756165662,2939.257286995156,,,
decode/local/k58/ikea2,0,3053.7760151358434,3053.687745604119,,,
decode/local/k58/ikea2,1,3055.0117886766834,3054.9275942357785,,,
decode/local/k58/ikea2,2,3053.6659147142354,3053.5804104372796,,,
decode/local/k59/ikea,0,3349.781319910187,3349.689996822038,,,
decode/local/k59/ikea,1,3345.193432406385,3345.096995858493,,,
decode/local/k59/ikea,2,3350.7923457972515,3350.6958293286298,,,
decode/local/k59/ikea2,0,4528.80917431204,4528.682568801196,,,
decode/local/k59/ikea2,1,4529.174959524414,4529.050944439182,,,
decode/local/k59/ikea2,2,4528.964382083026,4529.0388559146495,,,
decode/local/k60/ikea,0,2997.6572471025124,2997.5688939747065,,,
decode/local/k60/ikea,1,2995.3991272000353,2996.4024896301707,,,
decode/local/k60/ikea,2,2992.7153383886207,2992.763771639036,,,
decode/local/k60/ikea2,0,4508.719449225312,4508.595740078351,,,
decode/local/k60/ikea2,1,4509.675129087964,4509.715146323616,,,
decode/local/k60/ikea2,2,4509.089393287692,4508.958799483801,,,
decode/local/k61/ikea,0,3356.986832655273,3356.890830760714,,,
decode/local/k61/ikea,1,3351.3734737849313,3351.278030456574,,,
decode/local/k61/ikea,2,3353.1389354400917,3353.045407396661,,,
decode/local/k61/ikea2,0,4555.508246527648,4555.38107640368,,,
decode/local/k61/ikea2,1,4555.157986110527,4555.031792493243,,,
decode/local/k61/ikea2,2,4558.174804687886,4558.050455738538,,,
decode/local/k62/ikea,0,3319.8715589056856,3319.779531907737,,,
decode/local/k62/ikea,1,3322.4823482748225,3322.3907179654707,,,
decode/local/k62/ikea,2,3320.7081316938634,3320.7682665789202,,,
decode/local/k62/ikea2,0,4529.436953942279,4529.309998906526,,,
decode/local/k62/ikea2,1,4529.232768849328,4529.1060295875695,,,
decode/local/k62/ikea2,2,4528.773810808087,4528.645561425736,,,
decode/local/k63/ikea,0,3359.0530810984046,3358.9592911928053,,,
decode/local/k63/ikea,1,3357.2580619413925,3357.1618773876694,,,
decode/local/k63/ikea,2,3357.762292464486,3357.6678639625734,,,
decode/local/k63/ikea2,0,4525.869902912658,4525.745523215417,,,
decode/local/k63/ikea2,1,4526.662459546237,4526.537001070362,,,
decode/local/k63/ikea2,2,4529.216289105234,4529.381337631154,,,
decode/local/k64/ikea,0,1226.2376893106884,1226.204323745145,,,
decode/local/k64/ikea,1,1227.6061751178754,1227.5713741694178,,,
decode/local/k64/ikea,2,1227.9536573219625,1227.9192372031387,,,
decode/local/k64/ikea2,0,1149.714047051757,1149.8728671915899,,,
decode/local/k64/ikea2,1,1150.858872182388,1150.8266370833278,,,
decode/local/k64/ikea2,2,1151.6393339359965,1151.6766631041662,,,
get16/local/k1/prior,0,1926.1377934704255,1926.0859776200462,32768.0,,
get16/local/k1/prior,1,1925.807639398251,1925.7513297785304,32768.0,,
get16/local/k1/prior,2,1925.119451577345,1925.0667644851897,32768.0,,
get16/local/k1/ikea,0,2020.3602654738254,2020.3028903979323,32768.0,,
get16/local/k1/ikea,1,2020.7925744240124,2020.7351031618948,32768.0,,
get16/local/k1/ikea,2,2020.7002356560356,2020.6431010345975,32768.0,,
get16/local/k1/ikea2-range,0,1944.0812688122862,1944.0280157453046,32768.0,,
get16/local/k1/ikea2-range,1,1944.4629775409899,1944.409029861644,32768.0,,
get16/local/k1/ikea2-range,2,1943.0318592267695,1942.9776800085433,32768.0,,
get16/local/k1/ikea2-region,0,1883.5364048271083,1883.484500458667,32768.0,,
get16/local/k1/ikea2-region,1,1884.1022385717883,1884.049930470931,32768.0,,
get16/local/k1/ikea2-region,2,1884.3019604325784,1884.2496074602034,32768.0,,
get16/striped/k1/prior,0,1743.2582212256382,1743.2096827848081,32768.0,,
get16/striped/k1/prior,1,1743.5003736922752,1743.4505480913601,32768.0,,
get16/striped/k1/prior,2,1744.2093921277049,1744.702458050845,32768.0,,
get16/striped/k1/ikea,0,1935.4629629630426,1935.409756774739,32768.0,,
get16/striped/k1/ikea,1,1935.8037589829914,1935.7488022845441,32768.0,,
get16/striped/k1/ikea,2,1936.0859590933321,1936.0320158468858,32768.0,,
get16/striped/k1/ikea2-range,0,1774.0950912469104,1774.0467218780198,32768.0,,
get16/striped/k1/ikea2-range,1,1774.3836600201582,1774.3341078152291,32768.0,,
get16/striped/k1/ikea2-range,2,1775.4697955391832,1775.419820880699,32768.0,,
get16/striped/k1/ikea2-region,0,1727.5998682964564,1727.552743124738,32768.0,,
get16/striped/k1/ikea2-region,1,1727.902992138983,1727.8568136083466,32768.0,,
get16/striped/k1/ikea2-region,2,1728.9888463595871,1728.9428736032614,32768.0,,
get16/local/k2/prior,0,2075.4714900352396,2075.4145689950055,16384.0,,
get16/local/k2/prior,1,2076.37757776559,2076.423421191574,16384.0,,
get16/local/k2/prior,2,2075.145887938175,2075.0882251055205,16384.0,,
get16/local/k2/ikea,0,2138.876782803685,2138.819223731986,16384.0,,
get16/local/k2/ikea,1,2138.357732273699,2138.2974225963167,16384.0,,
get16/local/k2/ikea,2,2138.3055215974564,2138.246281563768,16384.0,,
get16/local/k2/ikea2-range,0,2156.212340731649,2156.1548499792975,16384.0,,
get16/local/k2/ikea2-range,1,2156.4966605016416,2156.436035751685,16384.0,,
get16/local/k2/ikea2-range,2,2157.189426633995,2157.1309597242775,16384.0,,
get16/local/k2/ikea2-region,0,2024.0061204818983,2023.9489156621685,16384.0,,
get16/local/k2/ikea2-region,1,2024.9564337349516,2025.3978795131754,16384.0,,
get16/local/k2/ikea2-region,2,2024.4836144579303,2024.4309397672755,16384.0,,
get16/striped/k2/prior,0,1775.0917132218374,1775.042872854389,16384.0,,
get16/striped/k2/prior,1,1774.1928643980136,1774.2348484956822,16384.0,,
get16/striped/k2/prior,2,1774.910233621083,1774.8611816566665,16384.0,,
get16/striped/k2/ikea,0,1939.4162858329219,1939.5168259132886,16384.0,,
get16/striped/k2/ikea,1,1938.6910400219447,1938.6328301673784,16384.0,,
get16/striped/k2/ikea,2,1938.1599963071956,1938.1075105115026,16384.0,,
get16/striped/k2/ikea2-range,0,1786.8205968753475,1786.7731704155792,16384.0,,
get16/striped/k2/ikea2-range,1,1787.5184554474085,1787.4687300402163,16384.0,,
get16/striped/k2/ikea2-range,2,1787.02013708538,1786.9707948558048,16384.0,,
get16/striped/k2/ikea2-region,0,1735.0794909932424,1735.0317716053896,16384.0,,
get16/striped/k2/ikea2-region,1,1735.3119319119558,1735.264501732669,16384.0,,
get16/striped/k2/ikea2-region,2,1735.467402082269,1735.4188150719474,16384.0,,
get16/local/k3/prior,0,3461.1703060381615,3461.0732837032106,10752.0,,
get16/local/k3/prior,1,3463.776509512349,3463.878081033986,10752.0,,
get16/local/k3/prior,2,3456.9460711331603,3456.8504549299605,10752.0,,
get16/local/k3/ikea,0,2665.3545535487656,2665.282498073298,10752.0,,
get16/local/k3/ikea,1,2661.6783261258897,2661.602645636173,10752.0,,
get16/local/k3/ikea,2,2662.0681124397456,2661.9928771093014,10752.0,,
get16/local/k3/ikea2-range,0,2597.7788294976776,2598.626144527277,10752.0,,
get16/local/k3/ikea2-range,1,2597.035139816694,2597.06947539037,10752.0,,
get16/local/k3/ikea2-range,2,2597.1468077209065,2597.0740534448223,10752.0,,
get16/local/k3/ikea2-region,0,2533.15191633411,2533.1965300217244,10752.0,,
get16/local/k3/ikea2-region,1,2535.561842582325,2535.4899649348163,10752.0,,
get16/local/k3/ikea2-region,2,2537.2123685164975,2537.1411558372506,10752.0,,
get16/striped/k3/prior,0,1925.8550002326347,1925.8015277934637,10752.0,,
get16/striped/k3/prior,1,1921.834552144823,1921.7837346959616,10752.0,,
get16/striped/k3/prior,2,1917.5436210349396,1917.4921048977465,10752.0,,
get16/striped/k3/ikea,0,2438.0092165897145,2437.9425421619926,10752.0,,
get16/striped/k3/ikea,1,2436.9679752667844,2436.9021758254194,10752.0,,
get16/striped/k3/ikea,2,2430.3281222655687,2430.259756182443,10752.0,,
get16/striped/k3/ikea2-range,0,1973.950698398798,1973.9983452519987,10752.0,,
get16/striped/k3/ikea2-range,1,1964.6533800553132,1964.5984328688055,10752.0,,
get16/striped/k3/ikea2-range,2,1959.3331873264735,1959.2796028583648,10752.0,,
get16/striped/k3/ikea2-region,0,1974.2048849891257,1974.1502964106603,10752.0,,
get16/striped/k3/ikea2-region,1,1964.7869575529426,1964.731610149208,10752.0,,
get16/striped/k3/ikea2-region,2,1957.111975338124,1957.0560113969461,10752.0,,
get16/local/k4/prior,0,2966.7238499648224,2966.6413304973667,8192.0,,
get16/local/k4/prior,1,2984.60184005664,2984.5213729795555,8192.0,,
get16/local/k4/prior,2,2966.2204529370565,2967.2061570880232,8192.0,,
get16/local/k4/ikea,0,2549.5944778934904,2549.522958104879,8192.0,,
get16/local/k4/ikea,1,2551.7243203793555,2551.6569360890426,8192.0,,
get16/local/k4/ikea,2,2551.1288694277932,2551.055890018985,8192.0,,
get16/local/k4/ikea2-range,0,2545.0943862187314,2545.021684133124,8192.0,,
get16/local/k4/ikea2-range,1,2537.1913022527897,2537.2813516555175,8192.0,,
get16/local/k4/ikea2-range,2,2527.3850138534594,2527.3139380718635,8192.0,,
get16/local/k4/ikea2-region,0,2443.0238108934186,2442.954448734846,8192.0,,
get16/local/k4/ikea2-region,1,2430.138609305897,2430.0714901803944,8192.0,,
get16/local/k4/ikea2-region,2,2427.0817852421856,2427.015356306356,8192.0,,
get16/striped/k4/prior,0,1777.1250582701866,1777.0764927603163,8192.0,,
get16/striped/k4/prior,1,1777.0033902612608,1776.9565622763484,8192.0,,
get16/striped/k4/prior,2,1779.2593550028103,1779.210831885816,8192.0,,
get16/striped/k4/ikea,0,1942.4456148491918,1942.391786531879,8192.0,,
get16/striped/k4/ikea,1,1948.8863573086733,1948.9450580100804,8192.0,,
get16/striped/k4/ikea,2,1943.0587935034423,1943.0034802767748,8192.0,,
get16/striped/k4/ikea2-range,0,1791.7572587530042,1791.707984631529,8192.0,,
get16/striped/k4/ikea2-range,1,1792.5355251921721,1792.486336449597,8192.0,,
get16/striped/k4/ikea2-range,2,1789.887446626789,1789.8381297950812,8192.0,,
get16/striped/k4/ikea2-region,0,1737.8390524225574,1737.8719199574643,8192.0,,
get16/striped/k4/ikea2-region,1,1736.2970894657747,1736.5370018143294,8192.0,,
get16/striped/k4/ikea2-region,2,1737.3094509675345,1737.3873821805676,8192.0,,
get16/local/k5/prior,0,3465.908253106147,3465.8128034086126,6400.0,,
get16/local/k5/prior,1,3467.3798239118573,3467.4631778228477,6400.0,,
get16/local/k5/prior,2,3471.0204887686923,3470.924298526364,6400.0,,
get16/local/k5/ikea,0,2672.8944391486416,2672.819256424435,6400.0,,
get16/local/k5/ikea,1,2672.059103908253,2671.9857642095285,6400.0,,
get16/local/k5/ikea,2,2672.7898315853563,2672.7155385965775,6400.0,,
get16/local/k5/ikea2-range,0,2604.0891969170557,2604.018088040161,6400.0,,
get16/local/k5/ikea2-range,1,2605.0197662854553,2604.949216793134,6400.0,,
get16/local/k5/ikea2-range,2,2604.1949900547183,2604.125932386355,6400.0,,
get16/local/k5/ikea2-region,0,2544.034993025699,2543.963066283726,6400.0,,
get16/local/k5/ikea2-region,1,2540.7998059314086,2540.8598459540112,6400.0,,
get16/local/k5/ikea2-region,2,2540.9765904541846,2540.906543755115,6400.0,,
get16/striped/k5/prior,0,2725.3328109695526,2725.2570682269416,6400.0,,
get16/striped/k5/prior,1,2723.883055827513,2723.806333673537,6400.0,,
get16/striped/k5/prior,2,2719.23068886739,2719.159451502981,6400.0,,
get16/striped/k5/ikea,0,2747.318994303507,2747.240162366712,6400.0,,
get16/striped/k5/ikea,1,2734.3309107576506,2734.257644202079,6400.0,,
get16/striped/k5/ikea,2,2731.3767432721293,2731.2994172569934,6400.0,,
get16/striped/k5/ikea2-range,0,2709.734751956291,2709.662764394643,6400.0,,
get16/striped/k5/ikea2-range,1,2620.3493305735497,2620.279348032433,6400.0,,
get16/striped/k5/ikea2-range,2,2591.3557337816414,2591.285557199075,6400.0,,
get16/striped/k5/ikea2-region,0,2393.535023041356,2393.59389400742,6400.0,,
get16/striped/k5/ikea2-region,1,2374.073732718722,2374.005817971266,6400.0,,
get16/striped/k5/ikea2-region,2,2365.688248847698,2365.622119831252,6400.0,,
get16/local/k6/prior,0,3476.25676234602,3476.3825791826985,5376.0,,
get16/local/k6/prior,1,3475.7385226236916,3475.6411613813807,5376.0,,
get16/local/k6/prior,2,3467.504425511123,3467.4074778594627,5376.0,,
get16/local/k6/ikea,0,2670.898850720825,2670.8243698031342,5376.0,,
get16/local/k6/ikea,1,2666.983427519326,2666.9090100979615,5376.0,,
get16/local/k6/ikea,2,2667.304781256267,2667.2332846618297,5376.0,,
get16/local/k6/ikea2-range,0,2606.886001988917,2606.8157011203043,5376.0,,
get16/local/k6/ikea2-range,1,2597.2171805073535,2597.2664719010177,5376.0,,
get16/local/k6/ikea2-range,2,2602.5972774742154,2602.525174026079,5376.0,,
get16/local/k6/ikea2-region,0,2508.808710197702,2508.7363641914762,5376.0,,
get16/local/k6/ikea2-region,1,2507.0912838282475,2507.0220443217386,5376.0,,
get16/local/k6/ikea2-region,2,2509.828305155687,2509.758289015653,5376.0,,
get16/striped/k6/prior,0,2499.9000659040476,2499.8318255410472,5376.0,,
get16/striped/k6/prior,1,2494.633455155687,2494.915103940038,5376.0,,
get16/striped/k6/prior,2,2466.765202804117,2466.9331975346463,5376.0,,
get16/striped/k6/ikea,0,2792.555999467453,2792.4793581137374,5376.0,,
get16/striped/k6/ikea,1,2785.959315488168,2786.0170462205724,5376.0,,
get16/striped/k6/ikea,2,2789.4362764681127,2789.357570903533,5376.0,,
get16/striped/k6/ikea2-range,0,2177.2086984400366,2177.148856592713,5376.0,,
get16/striped/k6/ikea2-range,1,2148.89981833738,2148.841098524203,5376.0,,
get16/striped/k6/ikea2-range,2,2134.743481513175,2134.6846014004027,5376.0,,
get16/striped/k6/ikea2-region,0,2670.16888238677,2670.0936963101235,5376.0,,
get16/striped/k6/ikea2-region,1,2667.1419120924243,2667.068952361623,5376.0,,
get16/striped/k6/ikea2-region,2,2674.7792125186643,2674.7013548686746,5376.0,,
get16/local/k7/prior,0,3485.0067953921634,3484.9045330070153,4608.0,,
get16/local/k7/prior,1,3485.0163255155458,3485.086765574477,4608.0,,
get16/local/k7/prior,2,3481.5745421402044,3481.4792408963694,4608.0,,
get16/local/k7/ikea,0,2719.477469894897,2719.3979671099464,4608.0,,
get16/local/k7/ikea,1,2720.147481548864,2720.0726401542693,4608.0,,
get16/local/k7/ikea,2,2721.3575683023255,2721.280978881517,4608.0,,
get16/local/k7/ikea2-range,0,2600.095615065879,2600.0246768583092,4608.0,,
get16/local/k7/ikea2-range,1,2601.033149854681,2600.961531325184,4608.0,,
get16/local/k7/ikea2-range,2,2600.453831405545,2600.3840064363794,4608.0,,
get16/local/k7/ikea2-region,0,2499.144850617116,2499.4505337066144,4608.0,,
get16/local/k7/ikea2-region,1,2495.9561691214344,2495.8910489457917,4608.0,,
get16/local/k7/ikea2-region,2,2498.2802194527485,2498.2068698299527,4608.0,,
get16/striped/k7/prior,0,1992.6182516809038,1992.664745424032,4608.0,,
get16/striped/k7/prior,1,1971.7555715658036,1971.70052833529,4608.0,,
get16/striped/k7/prior,2,1942.049903938555,1941.9976945333494,4608.0,,
get16/striped/k7/ikea,0,2588.480221076896,2588.403899887531,4608.0,,
get16/striped/k7/ikea,1,2555.4170651428617,2555.3452772686596,4608.0,,
get16/striped/k7/ikea,2,2548.6506241071165,2548.5794572546783,4608.0,,
get16/striped/k7/ikea2-range,0,2331.3053788640327,2331.239816981534,4608.0,,
get16/striped/k7/ikea2-range,1,2326.714150206449,2326.6499274603184,4608.0,,
get16/striped/k7/ikea2-range,2,2323.2806048433804,2323.2168284724708,4608.0,,
get16/striped/k7/ikea2-region,0,2193.959659961095,2193.8978826860234,4608.0,,
get16/striped/k7/ikea2-region,1,1998.7254342887688,1998.6687787230908,4608.0,,
get16/striped/k7/ikea2-region,2,1963.227783937793,1963.1730292028053,4608.0,,
get16/local/k56/prior,0,1855.229264199203,1855.2740482159554,512.0,,
get16/local/k56/prior,1,1854.9681123576952,1854.9165268207657,512.0,,
get16/local/k56/prior,2,1854.9233724936328,1854.8730235747114,512.0,,
get16/local/k56/ikea,0,2019.0808469681297,2019.0257940335305,512.0,,
get16/local/k56/ikea,1,2017.5134263714776,2017.4541385847347,512.0,,
get16/local/k56/ikea,2,2019.1416746873358,2019.9547160761003,512.0,,
get16/local/k56/ikea2-range,0,1843.0439073602977,1842.9939468440637,512.0,,
get16/local/k56/ikea2-range,1,1842.7927011143884,1842.7423896973194,512.0,,
get16/local/k56/ikea2-range,2,1842.697385735596,1842.6465040701137,512.0,,
get16/local/k56/ikea2-region,0,1788.0466947602495,1788.0746179812904,512.0,,
get16/local/k56/ikea2-region,1,1787.5300727874956,1787.4813348589578,512.0,,
get16/local/k56/ikea2-region,2,1788.0946664963974,1788.04541777374,512.0,,
get16-ends/local/k1/prior,0,1134.5455500484697,1134.5140071196818,32768.0,,
get16-ends/local/k1/prior,1,1135.278957009032,1135.2474410144146,32768.0,,
get16-ends/local/k1/prior,2,1134.0034479043331,1133.9731709897155,32768.0,,
get16-ends/local/k1/ikea,0,1339.6931510340194,1339.6558625780278,32768.0,,
get16-ends/local/k1/ikea,1,1340.7213564075362,1340.6839723370445,32768.0,,
get16-ends/local/k1/ikea,2,1339.040985435289,1339.0793256197578,32768.0,,
get16-ends/local/k1/ikea2-range,0,1190.003794421665,1189.9712586657704,32768.0,,
get16-ends/local/k1/ikea2-range,1,1189.8000566331327,1189.7666997093465,32768.0,,
get16-ends/local/k1/ikea2-range,2,1188.5866345745178,1188.5538156670918,32768.0,,
get16-ends/local/k1/ikea2-region,0,1078.3421173939591,1078.3126152412294,32768.0,,
get16-ends/local/k1/ikea2-region,1,1077.82303831189,1077.7936642095226,32768.0,,
get16-ends/local/k1/ikea2-region,2,1078.3397101005364,1078.30882503945,32768.0,,
get16-ends/striped/k1/prior,0,1005.4880892767176,1005.4594272307859,32768.0,,
get16-ends/striped/k1/prior,1,1005.8069008274938,1005.7793356649036,32768.0,,
get16-ends/striped/k1/prior,2,1005.0705105278244,1005.2171829146716,32768.0,,
get16-ends/striped/k1/ikea,0,1318.536408452897,1318.5974503082996,32768.0,,
get16-ends/striped/k1/ikea,1,1318.0683266869341,1318.0328131394128,32768.0,,
get16-ends/striped/k1/ikea,2,1316.9011523849485,1316.8641944241015,32768.0,,
get16-ends/striped/k1/ikea2-range,0,1113.4407346461828,1113.4101597840677,32768.0,,
get16-ends/striped/k1/ikea2-range,1,1113.0655820374036,1113.0345559727305,32768.0,,
get16-ends/striped/k1/ikea2-range,2,1112.2259408672276,1112.2645310210248,32768.0,,
get16-ends/striped/k1/ikea2-region,0,990.288125206213,990.2597935231468,32768.0,,
get16-ends/striped/k1/ikea2-region,1,989.4434073444705,989.4158770637081,32768.0,,
get16-ends/striped/k1/ikea2-region,2,990.9394239380836,990.9124593418535,32768.0,,
get16-ends/local/k2/prior,0,1273.3577659318314,1273.3217228124497,16384.0,,
get16-ends/local/k2/prior,1,1271.4870668766748,1271.4507814440565,16384.0,,
get16-ends/local/k2/prior,2,1271.719227041391,1271.6843954442902,16384.0,,
get16-ends/local/k2/ikea,0,1432.7037998906549,1432.666962818413,16384.0,,
get16-ends/local/k2/ikea,1,1432.6736946417009,1432.6350806531982,16384.0,,
get16-ends/local/k2/ikea,2,1432.5290459266064,1432.49094449912,16384.0,,
get16-ends/local/k2/ikea2-range,0,1411.9007092198058,1411.93059057164,16384.0,,
get16-ends/local/k2/ikea2-range,1,1411.4279520014936,1411.3896003573805,16384.0,,
get16-ends/local/k2/ikea2-range,2,1415.6104668751805,1415.5712076806797,16384.0,,
get16-ends/local/k2/ikea2-region,0,1213.1743259626276,1213.1400612042214,16384.0,,
get16-ends/local/k2/ikea2-region,1,1212.477455112294,1212.4451532736273,16384.0,,
get16-ends/local/k2/ikea2-region,2,1213.3112406903595,1213.3875930964523,16384.0,,
get16-ends/striped/k2/prior,0,1043.014033521695,1043.0218932856876,16384.0,,
get16-ends/striped/k2/prior,1,1042.6334424279953,1042.604234859039,16384.0,,
get16-ends/striped/k2/prior,2,1042.3591688981485,1042.361970643276,16384.0,,
get16-ends/striped/k2/ikea,0,1330.9737982974332,1330.99101293452,16384.0,,
get16-ends/striped/k2/ikea,1,1331.8607955444456,1331.8239929156553,16384.0,,
get16-ends/striped/k2/ikea,2,1332.339831017844,1332.302079047207,16384.0,,
get16-ends/striped/k2/ikea2-range,0,1125.2769935446374,1125.2462700526364,16384.0,,
get16-ends/striped/k2/ikea2-range,1,1125.317118902794,1125.2866364839178,16384.0,,
get16-ends/striped/k2/ikea2-range,2,1125.3655479066344,1125.3344226311033,16384.0,,
get16-ends/striped/k2/ikea2-region,0,998.0071841804862,997.9804865394232,16384.0,,
get16-ends/striped/k2/ikea2-region,1,998.2222116844661,998.1947553161458,16384.0,,
get16-ends/striped/k2/ikea2-region,2,998.0735726479629,998.0468512848539,16384.0,,
get16-ends/local/k3/prior,0,2322.7375698247397,2322.790221772791,10752.0,,
get16-ends/local/k3/prior,1,2323.835739173472,2323.7710856772164,10752.0,,
get16-ends/local/k3/prior,2,2322.8974614237204,2322.8317570995605,10752.0,,
get16-ends/local/k3/ikea,0,1950.847151222025,1950.7924528124122,10752.0,,
get16-ends/local/k3/ikea,1,1950.4975834187912,1950.4443721607931,10752.0,,
get16-ends/local/k3/ikea,2,1951.0274653776758,1950.9731387620755,10752.0,,
get16-ends/local/k3/ikea2-range,0,1904.8433931485822,1904.7884266785225,10752.0,,
get16-ends/local/k3/ikea2-range,1,1904.3925593619906,1904.3392242037764,10752.0,,
get16-ends/local/k3/ikea2-range,2,1904.8989033892576,1905.2143828016942,10752.0,,
get16-ends/local/k3/ikea2-region,0,1783.7210083318812,1783.6721645954422,10752.0,,
get16-ends/local/k3/ikea2-region,1,1784.510372385834,1784.4608484838411,10752.0,,
get16-ends/local/k3/ikea2-region,2,1784.3637561639027,1784.3147849067302,10752.0,,
get16-ends/striped/k3/prior,0,1243.1933495293563,1243.2182204795859,10752.0,,
get16-ends/striped/k3/prior,1,1226.103158214362,1226.068326758466,10752.0,,
get16-ends/striped/k3/prior,2,1222.5418159732167,1222.5916489495894,10752.0,,
get16-ends/striped/k3/ikea,0,1852.0388543515267,1852.0763321650768,10752.0,,
get16-ends/striped/k3/ikea,1,1849.8444493783409,1849.7904529294265,10752.0,,
get16-ends/striped/k3/ikea,2,1846.8849911191476,1846.834635878034,10752.0,,
get16-ends/striped/k3/ikea2-range,0,1376.921972764036,1376.8832602784516,10752.0,,
get16-ends/striped/k3/ikea2-range,1,1369.3698598051483,1369.3320841872908,10752.0,,
get16-ends/striped/k3/ikea2-range,2,1368.5011878074517,1368.4638471529172,10752.0,,
get16-ends/striped/k3/ikea2-region,0,1267.0258046782724,1266.9908691155065,10752.0,,
get16-ends/striped/k3/ikea2-region,1,1252.7034752337067,1252.6684175173048,10752.0,,
get16-ends/striped/k3/ikea2-region,2,1244.6271300310998,1244.6500030577126,10752.0,,
get16-ends/local/k4/prior,0,2096.2763625444936,2096.220009012151,8192.0,,
get16-ends/local/k4/prior,1,2098.050147640587,2097.9914919174203,8192.0,,
get16-ends/local/k4/prior,2,2095.226615284331,2095.169060596225,8192.0,,
get16-ends/local/k4/ikea,0,1847.4937739252507,1847.4393012892692,8192.0,,
get16-ends/local/k4/ikea,1,1847.6484357813276,1847.7063844910422,8192.0,,
get16-ends/local/k4/ikea,2,1847.744312931814,1848.0170281950723,8192.0,,
get16-ends/local/k4/ikea2-range,0,1768.5962827158955,1768.5468875173156,8192.0,,
get16-ends/local/k4/ikea2-range,1,1766.4252539301717,1766.3756058565984,8192.0,,
get16-ends/local/k4/ikea2-range,2,1765.6550764952435,1765.6767817245227,8192.0,,
get16-ends/local/k4/ikea2-region,0,1674.2864604098927,1674.2411291012068,8192.0,,
get16-ends/local/k4/ikea2-region,1,1674.7702735028931,1674.7247827152953,8192.0,,
get16-ends/local/k4/ikea2-region,2,1674.949764771369,1674.9030779070874,8192.0,,
get16-ends/striped/k4/prior,0,1040.9290173926818,1040.8996828734932,8192.0,,
get16-ends/striped/k4/prior,1,1042.378772112448,1042.3504781785366,8192.0,,
get16-ends/striped/k4/prior,2,1041.1212031118923,1041.092884395774,8192.0,,
get16-ends/striped/k4/ikea,0,1331.0288336762956,1330.9907263860052,8192.0,,
get16-ends/striped/k4/ikea,1,1330.0531413198041,1330.0160785005735,8192.0,,
get16-ends/striped/k4/ikea,2,1330.432346890309,1330.394302904553,8192.0,,
get16-ends/striped/k4/ikea2-range,0,1126.6314817293983,1126.6523624625647,8192.0,,
get16-ends/striped/k4/ikea2-range,1,1125.4705661893133,1125.4384151945746,8192.0,,
get16-ends/striped/k4/ikea2-range,2,1125.4135457101645,1125.3813411942772,8192.0,,
get16-ends/striped/k4/ikea2-region,0,1002.4756001619884,1002.4481130975286,8192.0,,
get16-ends/striped/k4/ikea2-region,1,1001.8077097289519,1001.7792213954897,8192.0,,
get16-ends/striped/k4/ikea2-region,2,1000.7364054639972,1000.7091329491591,8192.0,,
get16-ends/local/k5/prior,0,2330.355945375842,2330.291773073518,6400.0,,
get16-ends/local/k5/prior,1,2328.637670700614,2328.5733318333305,6400.0,,
get16-ends/local/k5/prior,2,2332.0633396246235,2332.860053302076,6400.0,,
get16-ends/local/k5/ikea,0,1955.5776423519685,1955.523911445795,6400.0,,
get16-ends/local/k5/ikea,1,1953.1927800521828,1953.140072585375,6400.0,,
get16-ends/local/k5/ikea,2,1953.3998883513489,1953.345971337585,6400.0,,
get16-ends/local/k5/ikea2-range,0,1907.4295595193275,1907.3780487747842,6400.0,,
get16-ends/local/k5/ikea2-range,1,1909.5374954495715,1909.4853021433075,6400.0,,
get16-ends/local/k5/ikea2-range,2,1910.7259737896225,1910.7815344078974,6400.0,,
get16-ends/local/k5/ikea2-region,0,1790.2845986428608,1790.2347117184709,6400.0,,
get16-ends/local/k5/ikea2-region,1,1789.3357658003165,1789.2855801756832,6400.0,,
get16-ends/local/k5/ikea2-region,2,1790.0298724020872,1789.9787906100144,6400.0,,
get16-ends/striped/k5/prior,0,2064.3178603446827,2064.2614304165377,6400.0,,
get16-ends/striped/k5/prior,1,2019.3732443470276,2019.3182089826864,6400.0,,
get16-ends/striped/k5/prior,2,2014.129843610109,2014.07391173498,6400.0,,
get16-ends/striped/k5/ikea,0,2236.3811067876336,2236.322470818901,6400.0,,
get16-ends/striped/k5/ikea,1,2252.684446605832,2252.621865545164,6400.0,,
get16-ends/striped/k5/ikea,2,2247.8226329442705,2247.8621378992775,6400.0,,
get16-ends/striped/k5/ikea2-range,0,2273.909681646797,2273.849068957609,6400.0,,
get16-ends/striped/k5/ikea2-range,1,2276.604215584478,2276.5397804760705,6400.0,,
get16-ends/striped/k5/ikea2-range,2,2265.488887675408,2265.423142031006,6400.0,,
get16-ends/striped/k5/ikea2-region,0,1677.5620108983474,1677.5162043624794,6400.0,,
get16-ends/striped/k5/ikea2-region,1,1639.0266726759428,1639.391813825074,6400.0,,
get16-ends/striped/k5/ikea2-region,2,1589.3184332363933,1589.2763551535159,6400.0,,
get16-ends/local/k6/prior,0,2405.240907268615,2405.1761841908738,5376.0,,
get16-ends/local/k6/prior,1,2405.1351165589494,2405.162953202225,5376.0,,
get16-ends/local/k6/prior,2,2402.5204192679184,2402.456669930819,5376.0,,
get16-ends/local/k6/ikea,0,1954.0759499560095,1954.0240454046682,5376.0,,
get16-ends/local/k6/ikea,1,1953.6860611135912,1953.6307148338199,5376.0,,
get16-ends/local/k6/ikea,2,1956.3752848702313,1956.319147945523,5376.0,,
get16-ends/local/k6/ikea2-range,0,1893.920005420208,1893.8668413170587,5376.0,,
get16-ends/local/k6/ikea2-range,1,1892.3606305615192,1892.307330949118,5376.0,,
get16-ends/local/k6/ikea2-range,2,1892.6755047653085,1892.6238312437104,5376.0,,
get16-ends/local/k6/ikea2-region,0,1791.0088178913124,1790.9588498292496,5376.0,,
get16-ends/local/k6/ikea2-region,1,1791.4126091588844,1791.4588711290141,5376.0,,
get16-ends/local/k6/ikea2-region,2,1789.3550159745066,1789.3034291831916,5376.0,,
get16-ends/striped/k6/prior,0,1727.907109801993,1727.8583929458932,5376.0,,
get16-ends/striped/k6/prior,1,1681.9978544381188,1681.9519562488542,5376.0,,
get16-ends/striped/k6/prior,2,1665.6508203620724,1665.6038283563853,5376.0,,
get16-ends/striped/k6/ikea,0,2177.2518327310413,2177.1898296329227,5376.0,,
get16-ends/striped/k6/ikea,1,2174.1078471865135,2174.0503355750243,5376.0,,
get16-ends/striped/k6/ikea,2,2173.1698502836934,2173.1087764426825,5376.0,,
get16-ends/striped/k6/ikea2-range,0,1556.1515273798134,1556.5130543563623,5376.0,,
get16-ends/striped/k6/ikea2-range,1,1517.5352084258104,1517.560267953449,5376.0,,
get16-ends/striped/k6/ikea2-range,2,1489.406400064556,1489.364714908406,5376.0,,
get16-ends/striped/k6/ikea2-region,0,2009.070754942802,2009.0142658935672,5376.0,,
get16-ends/striped/k6/ikea2-region,1,2013.4647900806851,2013.4948058998355,5376.0,,
get16-ends/striped/k6/ikea2-region,2,2007.893915457987,2007.8387668061757,5376.0,,
get16-ends/local/k7/prior,0,2352.876673200907,2352.9773732896674,4608.0,,
get16-ends/local/k7/prior,1,2352.453262391596,2352.3871744675153,4608.0,,
get16-ends/local/k7/prior,2,2352.662335480355,2352.5977037203907,4608.0,,
get16-ends/local/k7/ikea,0,2007.6959992353036,2007.641078355028,4608.0,,
get16-ends/local/k7/ikea,1,2007.198747670013,2007.1428707991654,4608.0,,
get16-ends/local/k7/ikea,2,2006.7026910758718,2006.6469098095492,4608.0,,
get16-ends/local/k7/ikea2-range,0,1917.812591307254,1917.7577611420102,4608.0,,
get16-ends/local/k7/ikea2-range,1,1916.530907596869,1916.4769448617685,4608.0,,
get16-ends/local/k7/ikea2-range,2,1917.0250639153633,1916.9742512831185,4608.0,,
get16-ends/local/k7/ikea2-region,0,1788.9532924959753,1788.9925982629427,4608.0,,
get16-ends/local/k7/ikea2-region,1,1787.290241619754,1787.2425982573359,4608.0,,
get16-ends/local/k7/ikea2-region,2,1786.701973796175,1786.6527565102651,4608.0,,
get16-ends/striped/k7/prior,0,1244.8999363616865,1244.8653898589262,4608.0,,
get16-ends/striped/k7/prior,1,1239.2551895510555,1239.221158221601,4608.0,,
get16-ends/striped/k7/prior,2,1235.9522106729698,1235.9176641781767,4608.0,,
get16-ends/striped/k7/ikea,0,1954.6420983670785,1955.1711357537486,4608.0,,
get16-ends/striped/k7/ikea,1,1947.881744583157,1947.829566177115,4608.0,,
get16-ends/striped/k7/ikea,2,1946.367073798574,1946.3110580710586,4608.0,,
get16-ends/striped/k7/ikea2-range,0,1874.4455090892773,1874.394107646411,4608.0,,
get16-ends/striped/k7/ikea2-range,1,1872.5342079342226,1872.5658637046527,4608.0,,
get16-ends/striped/k7/ikea2-range,2,1867.6108623623136,1867.5587893016257,4608.0,,
get16-ends/striped/k7/ikea2-region,0,1323.0758395039193,1323.037299813742,4608.0,,
get16-ends/striped/k7/ikea2-region,1,1293.1933184089655,1293.1568451904593,4608.0,,
get16-ends/striped/k7/ikea2-region,2,1284.3216462888558,1284.286447402745,4608.0,,
get16-ends/local/k56/prior,0,1118.885302271112,1118.8536357848304,512.0,,
get16-ends/local/k56/prior,1,1119.3998027508628,1119.369202478692,512.0,,
get16-ends/local/k56/prior,2,1119.451647297218,1119.4211003201085,512.0,,
get16-ends/local/k56/ikea,0,1259.718270613667,1259.7438878152198,512.0,,
get16-ends/local/k56/ikea,1,1260.0966263181626,1260.0591143297606,512.0,,
get16-ends/local/k56/ikea,2,1259.9592221957798,1259.925275641679,512.0,,
get16-ends/local/k56/ikea2-range,0,1092.6073089011213,1092.5769200815976,512.0,,
get16-ends/local/k56/ikea2-range,1,1092.5139347029817,1092.4838575557642,512.0,,
get16-ends/local/k56/ikea2-range,2,1092.7627594087514,1092.7333575759221,512.0,,
get16-ends/local/k56/ikea2-region,0,1085.9864348096223,1085.956177974591,512.0,,
get16-ends/local/k56/ikea2-region,1,1085.6410263034797,1085.6096584252207,512.0,,
get16-ends/local/k56/ikea2-region,2,1086.0379308562847,1086.0083458217666,512.0,,
sum/local/k5/all/ikea2-native,0,2193.375117273268,2193.794277068273,8192.0,,
sum/local/k5/all/ikea2-native,1,2188.6422912541543,2188.5814656636007,8192.0,,
sum/local/k5/all/ikea2-native,2,2188.8425935576397,2188.78192432093,8192.0,,
sum/local/k5/all/ikea2-native16,0,2291.4107055161876,2291.46936212946,8192.0,,
sum/local/k5/all/ikea2-native16,1,2291.2058711189616,2291.1405030978704,8192.0,,
sum/local/k5/all/ikea2-native16,2,2291.1103290226433,2291.0462705240216,8192.0,,
sum/local/k5/all/ikea2-materialized,0,2232.424319727851,2232.362776350503,8192.0,,
sum/local/k5/all/ikea2-materialized,1,2229.436490220991,2229.3753188975047,8192.0,,
sum/local/k5/all/ikea2-materialized,2,2231.375584608696,2231.313669233375,8192.0,,
sum/local/k5/all/ikea-materialized,0,2190.8439775761913,2190.782207771003,8192.0,,
sum/local/k5/all/ikea-materialized,1,2190.648661392621,2190.58772986183,8192.0,,
sum/local/k5/all/ikea-materialized,2,2190.493686802792,2190.4319693998978,8192.0,,
sum/local/k5/prefilter75/ikea2-native,0,2192.3543311202766,2192.2963563178387,8192.0,,
sum/local/k5/prefilter75/ikea2-native,1,2187.5470751215976,2187.485911442438,8192.0,,
sum/local/k5/prefilter75/ikea2-native,2,2189.471378535129,2189.412515027187,8192.0,,
sum/local/k5/prefilter75/ikea2-native16,0,2291.09986902421,2291.035363464036,8192.0,,
sum/local/k5/prefilter75/ikea2-native16,1,2291.1529142109744,2291.090755309697,8192.0,,
sum/local/k5/prefilter75/ikea2-native16,2,2291.429545950585,2291.3653132416907,8192.0,,
sum/local/k5/prefilter75/ikea2-materialized,0,5861.423747732641,5861.266778274884,8192.0,,
sum/local/k5/prefilter75/ikea2-materialized,1,5862.4450955771645,5862.28868427566,8192.0,,
sum/local/k5/prefilter75/ikea2-materialized,2,5871.946560624773,5872.216687578305,8192.0,,
sum/local/k5/prefilter75/ikea-materialized,0,5831.7634647420455,5831.8262076421925,8192.0,,
sum/local/k5/prefilter75/ikea-materialized,1,5833.083703498542,5832.913659109584,8192.0,,
sum/local/k5/prefilter75/ikea-materialized,2,5823.808717379165,5823.823431452791,8192.0,,
sum/local/k7/all/ikea2-native,0,2209.5284955005777,2209.554438775026,8192.0,,
sum/local/k7/all/ikea2-native,1,2205.0047360943427,2204.9445350811825,8192.0,,
sum/local/k7/all/ikea2-native,2,2204.8152396988744,2204.7548281888785,8192.0,,
sum/local/k7/all/ikea2-native16,0,2290.9440837922684,2290.880912119562,8192.0,,
sum/local/k7/all/ikea2-native16,1,2290.38481261254,2290.32235012358,8192.0,,
sum/local/k7/all/ikea2-native16,2,2290.0452784898307,2289.9819431407304,8192.0,,
sum/local/k7/all/ikea2-materialized,0,2207.402805505789,2207.343438055018,8192.0,,
sum/local/k7/all/ikea2-materialized,1,2207.2914784072213,2207.2299043845373,8192.0,,
sum/local/k7/all/ikea2-materialized,2,2208.9083219499307,2208.847588503335,8192.0,,
sum/local/k7/all/ikea-materialized,0,2190.5016687526613,2190.53692116145,8192.0,,
sum/local/k7/all/ikea-materialized,1,2192.285930329604,2197.475907384038,8192.0,,
sum/local/k7/all/ikea-materialized,2,2190.258760951154,2190.205047986609,8192.0,,
sum/local/k7/prefilter75/ikea2-native,0,2204.912509190042,2204.853691856819,8192.0,,
sum/local/k7/prefilter75/ikea2-native,1,2199.109914925049,2199.051885305428,8192.0,,
sum/local/k7/prefilter75/ikea2-native,2,2198.8666631658034,2198.806427888243,8192.0,,
sum/local/k7/prefilter75/ikea2-native16,0,2290.9932366095672,2290.9303479931773,8192.0,,
sum/local/k7/prefilter75/ikea2-native16,1,2290.3418784771125,2290.2806261653795,8192.0,,
sum/local/k7/prefilter75/ikea2-native16,2,2292.4104396203916,2293.028198993931,8192.0,,
sum/local/k7/prefilter75/ikea2-materialized,0,5862.214086081646,5862.052822763935,8192.0,,
sum/local/k7/prefilter75/ikea2-materialized,1,5861.08510340919,5860.92956960883,8192.0,,
sum/local/k7/prefilter75/ikea2-materialized,2,5860.959614309673,5860.800027937359,8192.0,,
sum/local/k7/prefilter75/ikea-materialized,0,5853.052829662632,5853.2605241369565,8192.0,,
sum/local/k7/prefilter75/ikea-materialized,1,5848.34457764162,5848.191246171991,8192.0,,
sum/local/k7/prefilter75/ikea-materialized,2,5847.699191525173,5847.996375775803,8192.0,,
sum/local/k12/all/ikea2-native,0,3610.6914994406084,3610.592110934953,8192.0,,
sum/local/k12/all/ikea2-native,1,3607.5462061840526,3607.4469898994894,8192.0,,
sum/local/k12/all/ikea2-native,2,3608.3991042977977,3608.298940673305,8192.0,,
sum/local/k12/all/ikea2-native16,0,3295.2456950531573,3295.15654353251,8192.0,,
sum/local/k12/all/ikea2-native16,1,3295.302050720246,3295.2106293158818,8192.0,,
sum/local/k12/all/ikea2-native16,2,3296.8662335629137,3296.7750469807993,8192.0,,
sum/local/k12/all/ikea2-materialized,0,3084.394021539942,3084.308960362768,8192.0,,
sum/local/k12/all/ikea2-materialized,1,3084.114953476423,3084.0293794658496,8192.0,,
sum/local/k12/all/ikea2-materialized,2,3084.086526485165,3084.000732648318,8192.0,,
sum/local/k12/all/ikea-materialized,0,2461.208025776224,2461.1380199032515,8192.0,,
sum/local/k12/all/ikea-materialized,1,2461.095313415605,2461.0260691241483,8192.0,,
sum/local/k12/all/ikea-materialized,2,2468.1345635617377,2468.067428227721,8192.0,,
sum/local/k12/prefilter75/ikea2-native,0,3610.9694544833696,3610.8711065263897,8192.0,,
sum/local/k12/prefilter75/ikea2-native,1,3607.9516434347984,3607.8523489935656,8192.0,,
sum/local/k12/prefilter75/ikea2-native,2,3608.0412149375024,3608.1131474601184,8192.0,,
sum/local/k12/prefilter75/ikea2-native16,0,3302.804755156619,3303.5569201930793,8192.0,,
sum/local/k12/prefilter75/ikea2-native16,1,3306.7916863483943,3306.938986008224,8192.0,,
sum/local/k12/prefilter75/ikea2-native16,2,3299.5477090220106,3299.460399927086,8192.0,,
sum/local/k12/prefilter75/ikea2-materialized,0,6572.338538414136,6572.479544043406,8192.0,,
sum/local/k12/prefilter75/ikea2-materialized,1,6573.498750780874,6573.315427831438,8192.0,,
sum/local/k12/prefilter75/ikea2-materialized,2,6573.057307932188,6572.887570293573,8192.0,,
sum/local/k12/prefilter75/ikea-materialized,0,5955.022162238839,5954.855661312739,8192.0,,
sum/local/k12/prefilter75/ikea-materialized,1,5953.168631907394,5953.007245317298,8192.0,,
sum/local/k12/prefilter75/ikea-materialized,2,5952.106975422582,5951.943741984639,8192.0,,
sum/local/k31/all/ikea2-native,0,4819.688002757836,4819.556538739381,8192.0,,
sum/local/k31/all/ikea2-native,1,4819.133417604837,4819.001838683733,8192.0,,
sum/local/k31/all/ikea2-native,2,4819.323259020796,4819.192944141502,8192.0,,
sum/local/k31/all/ikea2-native16,0,4844.654045942522,4844.522567223785,8192.0,,
sum/local/k31/all/ikea2-native16,1,4843.229597136688,4843.09557890803,8192.0,,
sum/local/k31/all/ikea2-native16,2,4843.767517026089,4843.879256624027,8192.0,,
sum/local/k31/all/ikea2-materialized,0,4184.2894710728,4184.700307649075,8192.0,,
sum/local/k31/all/ikea2-materialized,1,4180.650689689461,4180.532400521821,8192.0,,
sum/local/k31/all/ikea2-materialized,2,4183.618338791189,4183.503820617056,8192.0,,
sum/local/k31/all/ikea-materialized,0,2913.5977234869697,2913.5160327550566,8192.0,,
sum/local/k31/all/ikea-materialized,1,2915.3498056635176,2915.2675596884183,8192.0,,
sum/local/k31/all/ikea-materialized,2,2917.737437534744,2917.6551915591517,8192.0,,
sum/local/k31/prefilter75/ikea2-native,0,4819.411257897052,4819.279035046501,8192.0,,
sum/local/k31/prefilter75/ikea2-native,1,4822.805743825161,4823.833314198173,8192.0,,
sum/local/k31/prefilter75/ikea2-native,2,4818.378862722559,4818.250430808097,8192.0,,
sum/local/k31/prefilter75/ikea2-native16,0,4838.020278834136,4837.891577394978,8192.0,,
sum/local/k31/prefilter75/ikea2-native16,1,4836.774858855392,4836.645926943812,8192.0,,
sum/local/k31/prefilter75/ikea2-native16,2,4837.316395898611,4837.408572413626,8192.0,,
sum/local/k31/prefilter75/ikea2-materialized,0,7547.574793240226,7547.360841395133,8192.0,,
sum/local/k31/prefilter75/ikea2-materialized,1,7548.85850413577,7548.652283318848,8192.0,,
sum/local/k31/prefilter75/ikea2-materialized,2,7552.3297375041975,7552.72977347834,8192.0,,
sum/local/k31/prefilter75/ikea-materialized,0,6608.093627065215,6607.908890675589,8192.0,,
sum/local/k31/prefilter75/ikea-materialized,1,6605.248623130706,6605.057120377335,8192.0,,
sum/local/k31/prefilter75/ikea-materialized,2,6608.046262785115,6607.867505947476,8192.0,,
sum/local/k56/all/ikea2-native,0,2093.237570705588,2093.178872679932,8192.0,,
sum/local/k56/all/ikea2-native,1,2096.5500148853635,2096.4914160829076,8192.0,,
sum/local/k56/all/ikea2-native,2,2091.077800932884,2091.0194006177244,8192.0,,
sum/local/k56/all/ikea2-native16,0,2133.8641869816233,2133.803267151052,8192.0,,
sum/local/k56/all/ikea2-native16,1,2114.583312389905,2114.5216386015254,8192.0,,
sum/local/k56/all/ikea2-native16,2,2124.024729831402,2124.0600653387964,8192.0,,
sum/local/k56/all/ikea2-materialized,0,3299.49029241602,3299.3971788547456,8192.0,,
sum/local/k56/all/ikea2-materialized,1,3267.0916078930786,3266.9962754344892,8192.0,,
sum/local/k56/all/ikea2-materialized,2,3213.7338933356077,3213.641730719144,8192.0,,
sum/local/k56/all/ikea-materialized,0,3373.7197885801456,3373.624809805169,8192.0,,
sum/local/k56/all/ikea-materialized,1,3375.306158404859,3375.3576519535955,8192.0,,
sum/local/k56/all/ikea-materialized,2,3371.338111635945,3371.9826219253487,8192.0,,
sum/local/k56/prefilter75/ikea2-native,0,2126.553643724793,2126.6463562942185,8192.0,,
sum/local/k56/prefilter75/ikea2-native,1,2115.3588056681424,2115.2994939280975,8192.0,,
sum/local/k56/prefilter75/ikea2-native,2,2115.383552631775,2115.4185222751503,8192.0,,
sum/local/k56/prefilter75/ikea2-native16,0,2131.8926059010837,2131.833341764279,8192.0,,
sum/local/k56/prefilter75/ikea2-native16,1,2114.813502707717,2114.755048318849,8192.0,,
sum/local/k56/prefilter75/ikea2-native16,2,2124.25016448201,2124.1905966835707,8192.0,,
sum/local/k56/prefilter75/ikea2-materialized,0,4936.373437131573,4936.232602005568,8192.0,,
sum/local/k56/prefilter75/ikea2-materialized,1,4938.91884878467,4938.783911329318,8192.0,,
sum/local/k56/prefilter75/ikea2-materialized,2,4938.1322245815545,4937.994338299257,8192.0,,
sum/local/k56/prefilter75/ikea-materialized,0,4982.980071173678,4982.831079497057,8192.0,,
sum/local/k56/prefilter75/ikea-materialized,1,4979.783985765063,4979.64614470724,8192.0,,
sum/local/k56/prefilter75/ikea-materialized,2,4978.975207592384,4978.836180336984,8192.0,,
sum/local/k64/all/ikea2-native,0,1678.1209028696776,1678.0731180104935,8192.0,,
sum/local/k64/all/ikea2-native,1,1679.0352583343902,1678.9893544641343,8192.0,,
sum/local/k64/all/ikea2-native,2,1678.7949733862413,1678.7460279415047,8192.0,,
sum/local/k64/all/ikea2-native16,0,1678.474491630244,1678.42571211834,8192.0,,
sum/local/k64/all/ikea2-native16,1,1679.2207662498643,1679.1729854994364,8192.0,,
sum/local/k64/all/ikea2-native16,2,1678.9942471335612,1678.9460668801894,8192.0,,
sum/local/k64/all/ikea2-materialized,0,2616.889238066816,2617.5718944699283,8192.0,,
sum/local/k64/all/ikea2-materialized,1,2474.257693447977,2474.4418618390787,8192.0,,
sum/local/k64/all/ikea2-materialized,2,2479.3627631189233,2480.0575748404453,8192.0,,
sum/local/k64/all/ikea-materialized,0,2697.9762918705596,2697.8988750004387,8192.0,,
sum/local/k64/all/ikea-materialized,1,2669.353905803157,2669.27286593646,8192.0,,
sum/local/k64/all/ikea-materialized,2,2650.1110404880324,2650.1411046680523,8192.0,,
sum/local/k64/prefilter75/ikea2-native,0,1678.0728341732022,1678.0248780112693,8192.0,,
sum/local/k64/prefilter75/ikea2-native,1,1679.5846732262646,1679.6445084461034,8192.0,,
sum/local/k64/prefilter75/ikea2-native,2,1678.1211103109847,1678.0761939089646,8192.0,,
sum/local/k64/prefilter75/ikea2-native16,0,1678.4484453680848,1678.4010071091134,8192.0,,
sum/local/k64/prefilter75/ikea2-native16,1,1679.055511150163,1679.0088721929885,8192.0,,
sum/local/k64/prefilter75/ikea2-native16,2,1678.5796099433203,1678.5318919275278,8192.0,,
sum/local/k64/prefilter75/ikea2-materialized,0,4524.141056035054,4524.01346981607,8192.0,,
sum/local/k64/prefilter75/ikea2-materialized,1,4516.688254310635,4516.562392231255,8192.0,,
sum/local/k64/prefilter75/ikea2-materialized,2,4520.414008621067,4520.290409445728,8192.0,,
sum/local/k64/prefilter75/ikea-materialized,0,4606.3335526315,4606.208223702978,8192.0,,
sum/local/k64/prefilter75/ikea-materialized,1,4609.458771929665,4609.3277412159005,8192.0,,
sum/local/k64/prefilter75/ikea-materialized,2,4605.010416666575,4605.138925446801,8192.0,,
sum/striped/k12/all/ikea2-native,0,1306.7181495990974,1306.6821177642414,8192.0,,
sum/striped/k12/all/ikea2-native,1,1305.0923646086337,1305.0561462455962,8192.0,,
sum/striped/k12/all/ikea2-native,2,1305.0860535968156,1305.0493688899085,8192.0,,
sum/striped/k12/all/ikea2-native16,0,1329.325867648174,1329.2884334723433,8192.0,,
sum/striped/k12/all/ikea2-native16,1,1329.141773999277,1329.1050377550744,8192.0,,
sum/striped/k12/all/ikea2-native16,2,1330.3166360002497,1330.7094410271563,8192.0,,
sum/striped/k12/all/ikea2-materialized,0,1451.5175499204668,1451.477613491659,8192.0,,
sum/striped/k12/all/ikea2-materialized,1,1452.3282318800402,1452.2869135553372,8192.0,,
sum/striped/k12/all/ikea2-materialized,2,1452.426207420708,1452.3847854565743,8192.0,,
sum/striped/k12/all/ikea-materialized,0,1363.111980773786,1363.1341301008144,8192.0,,
sum/striped/k12/all/ikea-materialized,1,1363.7734402911005,1363.7334935484969,8192.0,,
sum/striped/k12/all/ikea-materialized,2,1362.8004611735114,1362.7619758923108,8192.0,,
sum/striped/k12/prefilter75/ikea2-native,0,1306.89532785856,1306.859089207864,8192.0,,
sum/striped/k12/prefilter75/ikea2-native,1,1305.1880054744443,1305.1520156763781,8192.0,,
sum/striped/k12/prefilter75/ikea2-native,2,1305.4552382730922,1305.4202438775894,8192.0,,
sum/striped/k12/prefilter75/ikea2-native16,0,1329.5340153290172,1329.4978146659482,8192.0,,
sum/striped/k12/prefilter75/ikea2-native16,1,1329.4878697663326,1329.4519857999967,8192.0,,
sum/striped/k12/prefilter75/ikea2-native16,2,1328.5002850447029,1328.4644961089004,8192.0,,
sum/striped/k12/prefilter75/ikea2-materialized,0,5163.3091087655475,5163.486496413724,8192.0,,
sum/striped/k12/prefilter75/ikea2-materialized,1,5161.493248220278,5161.3560029534865,8192.0,,
sum/striped/k12/prefilter75/ikea2-materialized,2,5165.317456419536,5165.179597336629,8192.0,,
sum/striped/k12/prefilter75/ikea-materialized,0,5022.064616488174,5021.9230585185405,8192.0,,
sum/striped/k12/prefilter75/ikea-materialized,1,5020.64161780573,5020.502213725199,8192.0,,
sum/striped/k12/prefilter75/ikea-materialized,2,5020.43987076678,5020.309560883358,8192.0,,
