condition,family,variant,bytes,k,stride,train,ahead,rep,n,p10,median,p90
isolated,mlp,base,16384,1,0,0,0,0,3,1.61508,1.63251,1.63251
isolated,mlp,base,16384,1,0,0,0,1,3,1.60043,1.62044,1.62044
isolated,mlp,base,16384,1,0,0,0,2,3,1.61607,1.61845,1.61845
isolated,mlp,base,16384,2,0,0,0,0,3,0.810292,0.822243,0.822243
isolated,mlp,base,16384,2,0,0,0,1,3,0.808978,0.81367,0.81367
isolated,mlp,base,16384,2,0,0,0,2,3,0.800202,0.802795,0.802795
isolated,mlp,base,16384,4,0,0,0,0,3,0.404039,0.404641,0.404641
isolated,mlp,base,16384,4,0,0,0,1,3,0.403823,0.403873,0.403873
isolated,mlp,base,16384,4,0,0,0,2,3,0.40408,0.404929,0.404929
isolated,mlp,base,16384,8,0,0,0,0,3,0.205544,0.206443,0.206443
isolated,mlp,base,16384,8,0,0,0,1,3,0.206167,0.208391,0.208391
isolated,mlp,base,16384,8,0,0,0,2,3,0.20592,0.20601,0.20601
isolated,mlp,base,16384,12,0,0,0,0,3,0.162119,0.163039,0.163039
isolated,mlp,base,16384,12,0,0,0,1,3,0.16189,0.161915,0.161915
isolated,mlp,base,16384,12,0,0,0,2,3,0.162582,0.162592,0.162592
isolated,mlp,base,16384,16,0,0,0,0,3,0.236529,0.236762,0.236762
isolated,mlp,base,16384,16,0,0,0,1,3,0.236192,0.236568,0.236568
isolated,mlp,base,16384,16,0,0,0,2,3,0.233296,0.236411,0.236411
isolated,mlp,base,16384,24,0,0,0,0,3,0.338498,0.340141,0.340141
isolated,mlp,base,16384,24,0,0,0,1,3,0.336849,0.337373,0.337373
isolated,mlp,base,16384,24,0,0,0,2,3,0.336844,0.337034,0.337034
isolated,mlp,base,16384,32,0,0,0,0,3,0.379307,0.381926,0.381926
isolated,mlp,base,16384,32,0,0,0,1,3,0.378745,0.379751,0.379751
isolated,mlp,base,16384,32,0,0,0,2,3,0.378555,0.378844,0.378844
isolated,mlp,base,16384,48,0,0,0,0,3,0.533695,0.557285,0.557285
isolated,mlp,base,16384,48,0,0,0,1,3,0.444198,0.445604,0.445604
isolated,mlp,base,16384,48,0,0,0,2,3,0.444307,0.448801,0.448801
isolated,mlp,base,16384,64,0,0,0,0,3,0.463334,0.463688,0.463688
isolated,mlp,base,16384,64,0,0,0,1,3,0.463004,0.463924,0.463924
isolated,mlp,base,16384,64,0,0,0,2,3,0.457822,0.465859,0.465859
isolated,mlp,base,524288,1,0,0,0,0,3,5.07816,5.07837,5.07837
isolated,mlp,base,524288,1,0,0,0,1,3,5.0821,5.08427,5.08427
isolated,mlp,base,524288,1,0,0,0,2,3,5.02553,5.07778,5.07778
isolated,mlp,base,524288,2,0,0,0,0,3,2.55028,2.56044,2.56044
isolated,mlp,base,524288,2,0,0,0,1,3,2.55639,2.56471,2.56471
isolated,mlp,base,524288,2,0,0,0,2,3,2.5508,2.55081,2.55081
isolated,mlp,base,524288,4,0,0,0,0,3,1.28871,1.29456,1.29456
isolated,mlp,base,524288,4,0,0,0,1,3,1.27856,1.30092,1.30092
isolated,mlp,base,524288,4,0,0,0,2,3,1.29224,1.29993,1.29993
isolated,mlp,base,524288,8,0,0,0,0,3,0.67505,0.675579,0.675579
isolated,mlp,base,524288,8,0,0,0,1,3,0.683336,0.683872,0.683872
isolated,mlp,base,524288,8,0,0,0,2,3,0.675802,0.678672,0.678672
isolated,mlp,base,524288,12,0,0,0,0,3,0.480471,0.485663,0.485663
isolated,mlp,base,524288,12,0,0,0,1,3,0.484908,0.485183,0.485183
isolated,mlp,base,524288,12,0,0,0,2,3,0.4858,0.485817,0.485817
isolated,mlp,base,524288,16,0,0,0,0,3,0.513016,0.513806,0.513806
isolated,mlp,base,524288,16,0,0,0,1,3,0.507809,0.5162,0.5162
isolated,mlp,base,524288,16,0,0,0,2,3,0.511766,0.514284,0.514284
isolated,mlp,base,524288,24,0,0,0,0,3,0.612944,0.617345,0.617345
isolated,mlp,base,524288,24,0,0,0,1,3,0.612485,0.614148,0.614148
isolated,mlp,base,524288,24,0,0,0,2,3,0.606885,0.61367,0.61367
isolated,mlp,base,524288,32,0,0,0,0,3,0.655073,0.65631,0.65631
isolated,mlp,base,524288,32,0,0,0,1,3,0.657313,0.657475,0.657475
isolated,mlp,base,524288,32,0,0,0,2,3,0.654715,0.65508,0.65508
isolated,mlp,base,524288,48,0,0,0,0,3,0.727084,0.733945,0.733945
isolated,mlp,base,524288,48,0,0,0,1,3,0.720215,0.726488,0.726488
isolated,mlp,base,524288,48,0,0,0,2,3,0.725761,0.727513,0.727513
isolated,mlp,base,524288,64,0,0,0,0,3,0.74062,0.742053,0.742053
isolated,mlp,base,524288,64,0,0,0,1,3,0.73229,0.741501,0.741501
isolated,mlp,base,524288,64,0,0,0,2,3,0.743352,0.747087,0.747087
isolated,mlp,base,8388608,1,0,0,0,0,3,40.1073,40.2072,40.2072
isolated,mlp,base,8388608,1,0,0,0,1,3,39.9419,40.1173,40.1173
isolated,mlp,base,8388608,1,0,0,0,2,3,39.9643,40.0608,40.0608
isolated,mlp,base,8388608,2,0,0,0,0,3,20.154,20.158,20.158
isolated,mlp,base,8388608,2,0,0,0,1,3,20.1141,20.1686,20.1686
isolated,mlp,base,8388608,2,0,0,0,2,3,20.1163,20.1664,20.1664
isolated,mlp,base,8388608,4,0,0,0,0,3,10.1653,10.1755,10.1755
isolated,mlp,base,8388608,4,0,0,0,1,3,10.168,10.1753,10.1753
isolated,mlp,base,8388608,4,0,0,0,2,3,10.1409,10.1533,10.1533
isolated,mlp,base,8388608,8,0,0,0,0,3,5.15181,5.17248,5.17248
isolated,mlp,base,8388608,8,0,0,0,1,3,5.1711,5.1719,5.1719
isolated,mlp,base,8388608,8,0,0,0,2,3,5.17322,5.17723,5.17723
isolated,mlp,base,8388608,12,0,0,0,0,3,3.60409,3.60651,3.60651
isolated,mlp,base,8388608,12,0,0,0,1,3,3.60214,3.60664,3.60664
isolated,mlp,base,8388608,12,0,0,0,2,3,3.59187,3.60571,3.60571
isolated,mlp,base,8388608,16,0,0,0,0,3,3.08497,3.09186,3.09186
isolated,mlp,base,8388608,16,0,0,0,1,3,3.09135,3.09215,3.09215
isolated,mlp,base,8388608,16,0,0,0,2,3,3.09592,3.1012,3.1012
isolated,mlp,base,8388608,24,0,0,0,0,3,2.9185,2.91873,2.91873
isolated,mlp,base,8388608,24,0,0,0,1,3,2.92022,2.92156,2.92156
isolated,mlp,base,8388608,24,0,0,0,2,3,2.92003,2.92037,2.92037
isolated,mlp,base,8388608,32,0,0,0,0,3,2.88408,2.88419,2.88419
isolated,mlp,base,8388608,32,0,0,0,1,3,2.87413,2.88391,2.88391
isolated,mlp,base,8388608,32,0,0,0,2,3,2.88242,2.8864,2.8864
isolated,mlp,base,8388608,48,0,0,0,0,3,2.87905,2.87991,2.87991
isolated,mlp,base,8388608,48,0,0,0,1,3,2.88113,2.88113,2.88113
isolated,mlp,base,8388608,48,0,0,0,2,3,2.86616,2.87717,2.87717
isolated,mlp,base,8388608,64,0,0,0,0,3,2.90105,2.90958,2.90958
isolated,mlp,base,8388608,64,0,0,0,1,3,2.89041,2.90385,2.90385
isolated,mlp,base,8388608,64,0,0,0,2,3,2.90105,2.90158,2.90158
isolated,mlp,base,268435456,1,0,0,0,0,3,97.8903,101.517,101.517
isolated,mlp,base,268435456,1,0,0,0,1,3,87.6243,91.2135,91.2135
isolated,mlp,base,268435456,1,0,0,0,2,3,80.9117,82.7696,82.7696
isolated,mlp,base,268435456,2,0,0,0,0,3,41.7254,43.3084,43.3084
isolated,mlp,base,268435456,2,0,0,0,1,3,42.3514,46.935,46.935
isolated,mlp,base,268435456,2,0,0,0,2,3,62.8093,67.6104,67.6104
isolated,mlp,base,268435456,4,0,0,0,0,3,31.5374,31.7076,31.7076
isolated,mlp,base,268435456,4,0,0,0,1,3,32.7856,34.3809,34.3809
isolated,mlp,base,268435456,4,0,0,0,2,3,36.0792,36.1366,36.1366
isolated,mlp,base,268435456,8,0,0,0,0,3,16.0153,16.6417,16.6417
isolated,mlp,base,268435456,8,0,0,0,1,3,17.9731,18.3109,18.3109
isolated,mlp,base,268435456,8,0,0,0,2,3,18.5111,18.5247,18.5247
isolated,mlp,base,268435456,12,0,0,0,0,3,11.2799,12.1814,12.1814
isolated,mlp,base,268435456,12,0,0,0,1,3,12.9552,12.9591,12.9591
isolated,mlp,base,268435456,12,0,0,0,2,3,12.8612,12.8705,12.8705
isolated,mlp,base,268435456,16,0,0,0,0,3,9.45065,10.257,10.257
isolated,mlp,base,268435456,16,0,0,0,1,3,11.3285,11.3992,11.3992
isolated,mlp,base,268435456,16,0,0,0,2,3,10.5722,11.2327,11.2327
isolated,mlp,base,268435456,24,0,0,0,0,3,8.96659,9.91719,9.91719
isolated,mlp,base,268435456,24,0,0,0,1,3,10.7512,10.7657,10.7657
isolated,mlp,base,268435456,24,0,0,0,2,3,7.31787,10.5991,10.5991
isolated,mlp,base,268435456,32,0,0,0,0,3,8.59575,10.1308,10.1308
isolated,mlp,base,268435456,32,0,0,0,1,3,10.6052,10.7365,10.7365
isolated,mlp,base,268435456,32,0,0,0,2,3,6.43439,8.7359,8.7359
isolated,mlp,base,268435456,48,0,0,0,0,3,8.79282,10.2826,10.2826
isolated,mlp,base,268435456,48,0,0,0,1,3,10.6896,10.8597,10.8597
isolated,mlp,base,268435456,48,0,0,0,2,3,6.44057,8.06597,8.06597
isolated,mlp,base,268435456,64,0,0,0,0,3,8.33612,10.2869,10.2869
isolated,mlp,base,268435456,64,0,0,0,1,3,10.7841,10.9168,10.9168
isolated,mlp,base,268435456,64,0,0,0,2,3,6.45189,8.97275,8.97275
isolated,tlb,packed-base,4096,1,0,0,0,0,3,1.60108,1.61822,1.61822
isolated,tlb,packed-base,4096,1,0,0,0,1,3,1.61874,1.62148,1.62148
isolated,tlb,packed-base,4096,1,0,0,0,2,3,1.60825,1.6178,1.6178
isolated,tlb,sparse-base,65536,1,0,0,0,0,3,1.59846,1.62568,1.62568
isolated,tlb,sparse-base,65536,1,0,0,0,1,3,1.60767,1.61704,1.61704
isolated,tlb,sparse-base,65536,1,0,0,0,2,3,1.6201,1.62172,1.62172
isolated,tlb,packed-base,4096,1,0,0,0,0,3,1.60131,1.61442,1.61442
isolated,tlb,packed-base,4096,1,0,0,0,1,3,1.61525,1.61763,1.61763
isolated,tlb,packed-base,4096,1,0,0,0,2,3,1.61636,1.61747,1.61747
isolated,tlb,sparse-base,131072,1,0,0,0,0,3,1.61382,1.61796,1.61796
isolated,tlb,sparse-base,131072,1,0,0,0,1,3,1.61875,1.62589,1.62589
isolated,tlb,sparse-base,131072,1,0,0,0,2,3,1.60971,1.61703,1.61703
isolated,tlb,packed-base,4096,1,0,0,0,0,3,1.62286,1.62472,1.62472
isolated,tlb,packed-base,4096,1,0,0,0,1,3,1.60661,1.62213,1.62213
isolated,tlb,packed-base,4096,1,0,0,0,2,3,1.62443,1.62472,1.62472
isolated,tlb,sparse-base,262144,1,0,0,0,0,3,1.61597,1.62572,1.62572
isolated,tlb,sparse-base,262144,1,0,0,0,1,3,1.61815,1.61943,1.61943
isolated,tlb,sparse-base,262144,1,0,0,0,2,3,1.6138,1.61673,1.61673
isolated,tlb,packed-base,8192,1,0,0,0,0,3,1.59952,1.61798,1.61798
isolated,tlb,packed-base,8192,1,0,0,0,1,3,1.59904,1.61684,1.61684
isolated,tlb,packed-base,8192,1,0,0,0,2,3,1.60253,1.62257,1.62257
isolated,tlb,sparse-base,524288,1,0,0,0,0,3,3.50344,3.51281,3.51281
isolated,tlb,sparse-base,524288,1,0,0,0,1,3,3.46322,3.52657,3.52657
isolated,tlb,sparse-base,524288,1,0,0,0,2,3,3.46543,3.50392,3.50392
isolated,tlb,packed-base,16384,1,0,0,0,0,3,1.60261,1.61812,1.61812
isolated,tlb,packed-base,16384,1,0,0,0,1,3,1.61112,1.61864,1.61864
isolated,tlb,packed-base,16384,1,0,0,0,2,3,1.61739,1.61842,1.61842
isolated,tlb,sparse-base,1048576,1,0,0,0,0,3,3.48691,3.50547,3.50547
isolated,tlb,sparse-base,1048576,1,0,0,0,1,3,3.50372,3.50803,3.50803
isolated,tlb,sparse-base,1048576,1,0,0,0,2,3,3.50309,3.51835,3.51835
isolated,tlb,packed-base,32768,1,0,0,0,0,3,1.61232,1.62064,1.62064
isolated,tlb,packed-base,32768,1,0,0,0,1,3,1.61173,1.61874,1.61874
isolated,tlb,packed-base,32768,1,0,0,0,2,3,1.60172,1.62309,1.62309
isolated,tlb,sparse-base,2097152,1,0,0,0,0,3,3.51932,3.52407,3.52407
isolated,tlb,sparse-base,2097152,1,0,0,0,1,3,3.52034,3.53765,3.53765
isolated,tlb,sparse-base,2097152,1,0,0,0,2,3,3.4725,3.48537,3.48537
isolated,tlb,packed-base,65536,1,0,0,0,0,3,4.57841,4.58044,4.58044
isolated,tlb,packed-base,65536,1,0,0,0,1,3,4.56713,4.57776,4.57776
isolated,tlb,packed-base,65536,1,0,0,0,2,3,4.58083,4.62917,4.62917
isolated,tlb,sparse-base,4194304,1,0,0,0,0,3,6.52079,6.55262,6.55262
isolated,tlb,sparse-base,4194304,1,0,0,0,1,3,6.50238,6.50865,6.50865
isolated,tlb,sparse-base,4194304,1,0,0,0,2,3,6.49444,6.50134,6.50134
isolated,tlb,packed-base,131072,1,0,0,0,0,3,4.52773,4.59316,4.59316
isolated,tlb,packed-base,131072,1,0,0,0,1,3,4.57309,4.59655,4.59655
isolated,tlb,packed-base,131072,1,0,0,0,2,3,4.56901,4.58657,4.58657
isolated,tlb,sparse-base,8388608,1,0,0,0,0,3,14.145,14.1512,14.1512
isolated,tlb,sparse-base,8388608,1,0,0,0,1,3,13.9807,13.9915,13.9915
isolated,tlb,sparse-base,8388608,1,0,0,0,2,3,13.87,13.9816,13.9816
isolated,tlb,packed-base,262144,1,0,0,0,0,3,4.53288,4.59938,4.59938
isolated,tlb,packed-base,262144,1,0,0,0,1,3,4.59541,4.60608,4.60608
isolated,tlb,packed-base,262144,1,0,0,0,2,3,4.59051,4.59078,4.59078
isolated,tlb,sparse-base,16777216,1,0,0,0,0,3,30.6942,30.8369,30.8369
isolated,tlb,sparse-base,16777216,1,0,0,0,1,3,30.592,30.8791,30.8791
isolated,tlb,sparse-base,16777216,1,0,0,0,2,3,30.6663,30.8284,30.8284
isolated,tlb,packed-base,524288,1,0,0,0,0,3,5.07501,5.07907,5.07907
isolated,tlb,packed-base,524288,1,0,0,0,1,3,5.00999,5.06877,5.06877
isolated,tlb,packed-base,524288,1,0,0,0,2,3,5.06746,5.06779,5.06779
isolated,tlb,sparse-base,33554432,1,0,0,0,0,3,42.1862,42.2044,42.2044
isolated,tlb,sparse-base,33554432,1,0,0,0,1,3,42.0142,42.1981,42.1981
isolated,tlb,sparse-base,33554432,1,0,0,0,2,3,42.2326,42.26,42.26
isolated,spatial,offset-parity0:cold,33554432,0,1,1,8,0,120,122.505,140.006,272.512
isolated,spatial,offset-parity0:trained,33554432,0,1,1,8,0,120,25.0011,25.0011,25.8345
isolated,spatial,offset-parity0:hot,33554432,0,1,1,8,0,120,25.0011,25.0011,25.8345
isolated,spatial,offset-parity0:cold,33554432,0,1,1,8,1,120,123.339,140.006,240.01
isolated,spatial,offset-parity0:trained,33554432,0,1,1,8,1,120,25.0011,25.0011,25.8345
isolated,spatial,offset-parity0:hot,33554432,0,1,1,8,1,120,25.0011,25.0011,25.8345
isolated,spatial,offset-parity0:cold,33554432,0,1,1,8,2,120,124.172,140.839,183.341
isolated,spatial,offset-parity0:trained,33554432,0,1,1,8,2,120,25.0011,25.0011,25.8345
isolated,spatial,offset-parity0:hot,33554432,0,1,1,8,2,120,25.0011,25.0011,25.8345
isolated,spatial,offset-parity0:cold,33554432,0,1,1,16,0,120,125.005,140.839,155.007
isolated,spatial,offset-parity0:trained,33554432,0,1,1,16,0,120,25.0011,25.0011,25.8345
isolated,spatial,offset-parity0:hot,33554432,0,1,1,16,0,120,25.0011,25.0011,25.8345
isolated,spatial,offset-parity0:cold,33554432,0,1,1,16,1,120,122.505,140.006,155.007
isolated,spatial,offset-parity0:trained,33554432,0,1,1,16,1,120,25.0011,25.0011,25.8345
isolated,spatial,offset-parity0:hot,33554432,0,1,1,16,1,120,25.0011,25.0011,25.8345
isolated,spatial,offset-parity0:cold,33554432,0,1,1,16,2,120,123.339,140.006,269.178
isolated,spatial,offset-parity0:trained,33554432,0,1,1,16,2,120,25.0011,25.0011,25.8345
isolated,spatial,offset-parity0:hot,33554432,0,1,1,16,2,120,25.0011,25.0011,25.8345
isolated,spatial,offset-parity0:cold,33554432,0,1,1,32,0,120,125.005,140.839,158.34
isolated,spatial,offset-parity0:trained,33554432,0,1,1,32,0,120,25.0011,25.0011,25.8345
isolated,spatial,offset-parity0:hot,33554432,0,1,1,32,0,120,25.0011,25.0011,25.8345
isolated,spatial,offset-parity0:cold,33554432,0,1,1,32,1,120,125.005,142.506,248.344
isolated,spatial,offset-parity0:trained,33554432,0,1,1,32,1,120,25.0011,25.0011,25.8345
isolated,spatial,offset-parity0:hot,33554432,0,1,1,32,1,120,25.0011,25.8345,25.8345
isolated,spatial,offset-parity0:cold,33554432,0,1,1,32,2,120,125.005,141.673,157.507
isolated,spatial,offset-parity0:trained,33554432,0,1,1,32,2,120,25.0011,25.0011,25.8345
isolated,spatial,offset-parity0:hot,33554432,0,1,1,32,2,120,25.0011,25.8345,25.8345
isolated,spatial,offset-parity0:cold,33554432,0,1,1,64,0,120,123.339,140.006,155.007
isolated,spatial,offset-parity0:trained,33554432,0,1,1,64,0,120,121.672,140.006,225.01
isolated,spatial,offset-parity0:hot,33554432,0,1,1,64,0,120,25.0011,25.0011,25.8345
isolated,spatial,offset-parity0:cold,33554432,0,1,1,64,1,120,130.006,147.506,230.843
isolated,spatial,offset-parity0:trained,33554432,0,1,1,64,1,120,129.172,145.006,175.841
isolated,spatial,offset-parity0:hot,33554432,0,1,1,64,1,120,30.0013,30.0013,30.8347
isolated,spatial,offset-parity0:cold,33554432,0,1,1,64,2,120,128.339,142.506,239.177
isolated,spatial,offset-parity0:trained,33554432,0,1,1,64,2,120,125.839,145.006,241.677
isolated,spatial,offset-parity0:hot,33554432,0,1,1,64,2,120,25.0011,30.0013,30.8347
isolated,spatial,offset-parity0:cold,33554432,0,1,1,128,0,120,125.839,142.506,168.341
isolated,spatial,offset-parity0:trained,33554432,0,1,1,128,0,120,126.672,144.173,248.344
isolated,spatial,offset-parity0:hot,33554432,0,1,1,128,0,120,25.0011,30.0013,30.0013
isolated,spatial,offset-parity0:cold,33554432,0,1,1,128,1,120,126.672,141.673,238.344
isolated,spatial,offset-parity0:trained,33554432,0,1,1,128,1,120,123.339,142.506,155.007
isolated,spatial,offset-parity0:hot,33554432,0,1,1,128,1,120,25.0011,25.8345,25.8345
isolated,spatial,offset-parity0:cold,33554432,0,1,1,128,2,120,122.505,140.006,155.007
isolated,spatial,offset-parity0:trained,33554432,0,1,1,128,2,120,124.172,141.673,250.011
isolated,spatial,offset-parity0:hot,33554432,0,1,1,128,2,120,25.0011,25.0011,25.8345
isolated,spatial,offset-parity0:cold,33554432,0,1,1,256,0,120,123.339,140.006,154.173
isolated,spatial,offset-parity0:trained,33554432,0,1,1,256,0,120,123.339,140.839,220.843
isolated,spatial,offset-parity0:hot,33554432,0,1,1,256,0,120,25.0011,25.8345,25.8345
isolated,spatial,offset-parity0:cold,33554432,0,1,1,256,1,120,125.005,140.006,156.673
isolated,spatial,offset-parity0:trained,33554432,0,1,1,256,1,120,123.339,141.673,202.509
isolated,spatial,offset-parity0:hot,33554432,0,1,1,256,1,120,25.0011,25.8345,25.8345
isolated,spatial,offset-parity0:cold,33554432,0,1,1,256,2,120,122.505,140.006,235.01
isolated,spatial,offset-parity0:trained,33554432,0,1,1,256,2,120,125.005,141.673,194.175
isolated,spatial,offset-parity0:hot,33554432,0,1,1,256,2,120,25.0011,25.8345,25.8345
isolated,adjacent,parity0:cold,33554432,0,1,1,-2,0,120,124.172,140.006,154.173
isolated,adjacent,parity0:trained,33554432,0,1,1,-2,0,120,122.505,141.673,278.345
isolated,adjacent,parity0:hot,33554432,0,1,1,-2,0,120,25.0011,25.0011,25.8345
isolated,adjacent,parity0:cold,33554432,0,1,1,-2,1,120,123.339,140.006,155.84
isolated,adjacent,parity0:trained,33554432,0,1,1,-2,1,120,122.505,142.506,222.51
isolated,adjacent,parity0:hot,33554432,0,1,1,-2,1,120,25.0011,25.0011,25.8345
isolated,adjacent,parity0:cold,33554432,0,1,1,-2,2,120,122.505,140.839,155.84
isolated,adjacent,parity0:trained,33554432,0,1,1,-2,2,120,121.672,139.173,191.675
isolated,adjacent,parity0:hot,33554432,0,1,1,-2,2,120,25.0011,25.0011,25.8345
isolated,adjacent,parity0:cold,33554432,0,1,1,-1,0,120,122.505,139.173,155.007
isolated,adjacent,parity0:trained,33554432,0,1,1,-1,0,120,124.172,142.506,288.346
isolated,adjacent,parity0:hot,33554432,0,1,1,-1,0,120,25.0011,25.8345,25.8345
isolated,adjacent,parity0:cold,33554432,0,1,1,-1,1,120,122.505,141.673,239.177
isolated,adjacent,parity0:trained,33554432,0,1,1,-1,1,120,121.672,141.673,216.676
isolated,adjacent,parity0:hot,33554432,0,1,1,-1,1,120,25.0011,25.8345,25.8345
isolated,adjacent,parity0:cold,33554432,0,1,1,-1,2,120,122.505,140.006,155.007
isolated,adjacent,parity0:trained,33554432,0,1,1,-1,2,120,123.339,140.839,162.507
isolated,adjacent,parity0:hot,33554432,0,1,1,-1,2,120,25.0011,25.0011,25.8345
isolated,adjacent,parity0:cold,33554432,0,1,1,1,0,120,129.172,141.673,235.844
isolated,adjacent,parity0:trained,33554432,0,1,1,1,0,120,124.172,140.839,155.84
isolated,adjacent,parity0:hot,33554432,0,1,1,1,0,120,25.0011,25.0011,25.8345
isolated,adjacent,parity0:cold,33554432,0,1,1,1,1,120,122.505,141.673,156.673
isolated,adjacent,parity0:trained,33554432,0,1,1,1,1,120,122.505,140.006,260.011
isolated,adjacent,parity0:hot,33554432,0,1,1,1,1,120,25.0011,25.8345,25.8345
isolated,adjacent,parity0:cold,33554432,0,1,1,1,2,120,122.505,140.839,154.173
isolated,adjacent,parity0:trained,33554432,0,1,1,1,2,120,123.339,140.839,265.845
isolated,adjacent,parity0:hot,33554432,0,1,1,1,2,120,25.0011,25.0011,25.8345
isolated,adjacent,parity0:cold,33554432,0,1,1,2,0,120,122.505,140.006,157.507
isolated,adjacent,parity0:trained,33554432,0,1,1,2,0,120,122.505,142.506,155.84
isolated,adjacent,parity0:hot,33554432,0,1,1,2,0,120,25.0011,25.0011,25.8345
isolated,adjacent,parity0:cold,33554432,0,1,1,2,1,120,124.172,140.006,180.008
isolated,adjacent,parity0:trained,33554432,0,1,1,2,1,120,123.339,145.006,241.677
isolated,adjacent,parity0:hot,33554432,0,1,1,2,1,120,25.0011,25.8345,30.8347
isolated,adjacent,parity0:cold,33554432,0,1,1,2,2,120,127.506,142.506,230.843
isolated,adjacent,parity0:trained,33554432,0,1,1,2,2,120,128.339,145.006,160.84
isolated,adjacent,parity0:hot,33554432,0,1,1,2,2,120,25.0011,29.1679,30.0013
isolated,adjacent,parity0:cold,33554432,0,1,1,4,0,120,127.506,145.006,160.84
isolated,adjacent,parity0:trained,33554432,0,1,1,4,0,120,128.339,146.673,205.842
isolated,adjacent,parity0:hot,33554432,0,1,1,4,0,120,30.0013,30.0013,30.8347
isolated,adjacent,parity0:cold,33554432,0,1,1,4,1,120,124.172,141.673,157.507
isolated,adjacent,parity0:trained,33554432,0,1,1,4,1,120,124.172,140.006,160.84
isolated,adjacent,parity0:hot,33554432,0,1,1,4,1,120,25.0011,25.8345,30.0013
isolated,adjacent,parity0:cold,33554432,0,1,1,4,2,120,122.505,140.006,155.84
isolated,adjacent,parity0:trained,33554432,0,1,1,4,2,120,123.339,140.839,230.843
isolated,adjacent,parity0:hot,33554432,0,1,1,4,2,120,25.0011,25.8345,25.8345
isolated,spatial,offset-parity1:cold,33554432,0,1,1,8,0,120,123.339,141.673,305.013
isolated,spatial,offset-parity1:trained,33554432,0,1,1,8,0,120,25.0011,25.0011,25.8345
isolated,spatial,offset-parity1:hot,33554432,0,1,1,8,0,120,25.0011,25.8345,25.8345
isolated,spatial,offset-parity1:cold,33554432,0,1,1,8,1,120,122.505,140.006,156.673
isolated,spatial,offset-parity1:trained,33554432,0,1,1,8,1,120,25.0011,25.0011,25.8345
isolated,spatial,offset-parity1:hot,33554432,0,1,1,8,1,120,25.0011,25.0011,25.8345
isolated,spatial,offset-parity1:cold,33554432,0,1,1,8,2,120,123.339,141.673,242.51
isolated,spatial,offset-parity1:trained,33554432,0,1,1,8,2,120,25.0011,25.0011,25.8345
isolated,spatial,offset-parity1:hot,33554432,0,1,1,8,2,120,25.0011,25.0011,25.8345
isolated,spatial,offset-parity1:cold,33554432,0,1,1,16,0,120,125.005,138.339,157.507
isolated,spatial,offset-parity1:trained,33554432,0,1,1,16,0,120,25.0011,25.0011,25.8345
isolated,spatial,offset-parity1:hot,33554432,0,1,1,16,0,120,25.0011,25.8345,25.8345
isolated,spatial,offset-parity1:cold,33554432,0,1,1,16,1,120,125.005,141.673,260.845
isolated,spatial,offset-parity1:trained,33554432,0,1,1,16,1,120,25.0011,25.0011,25.8345
isolated,spatial,offset-parity1:hot,33554432,0,1,1,16,1,120,25.0011,25.0011,25.8345
isolated,spatial,offset-parity1:cold,33554432,0,1,1,16,2,120,122.505,140.006,154.173
isolated,spatial,offset-parity1:trained,33554432,0,1,1,16,2,120,25.0011,25.0011,25.8345
isolated,spatial,offset-parity1:hot,33554432,0,1,1,16,2,120,25.0011,25.0011,25.8345
isolated,spatial,offset-parity1:cold,33554432,0,1,1,32,0,120,125.005,142.506,158.34
isolated,spatial,offset-parity1:trained,33554432,0,1,1,32,0,120,25.0011,25.0011,25.8345
isolated,spatial,offset-parity1:hot,33554432,0,1,1,32,0,120,25.0011,25.0011,25.8345
isolated,spatial,offset-parity1:cold,33554432,0,1,1,32,1,120,125.005,143.34,158.34
isolated,spatial,offset-parity1:trained,33554432,0,1,1,32,1,120,25.0011,25.0011,25.8345
isolated,spatial,offset-parity1:hot,33554432,0,1,1,32,1,120,25.0011,25.0011,25.8345
isolated,spatial,offset-parity1:cold,33554432,0,1,1,32,2,120,125.839,142.506,238.344
isolated,spatial,offset-parity1:trained,33554432,0,1,1,32,2,120,25.0011,25.0011,25.8345
isolated,spatial,offset-parity1:hot,33554432,0,1,1,32,2,120,25.0011,25.0011,25.8345
isolated,spatial,offset-parity1:cold,33554432,0,1,1,64,0,120,124.172,141.673,318.347
isolated,spatial,offset-parity1:trained,33554432,0,1,1,64,0,120,125.839,142.506,251.678
isolated,spatial,offset-parity1:hot,33554432,0,1,1,64,0,120,25.0011,25.0011,25.8345
isolated,spatial,offset-parity1:cold,33554432,0,1,1,64,1,120,124.172,141.673,155.84
isolated,spatial,offset-parity1:trained,33554432,0,1,1,64,1,120,124.172,138.339,195.842
isolated,spatial,offset-parity1:hot,33554432,0,1,1,64,1,120,25.0011,25.0011,25.8345
isolated,spatial,offset-parity1:cold,33554432,0,1,1,64,2,120,123.339,140.839,154.173
isolated,spatial,offset-parity1:trained,33554432,0,1,1,64,2,120,122.505,140.006,234.177
isolated,spatial,offset-parity1:hot,33554432,0,1,1,64,2,120,25.0011,25.0011,25.8345
isolated,spatial,offset-parity1:cold,33554432,0,1,1,128,0,120,124.172,140.839,285.846
isolated,spatial,offset-parity1:trained,33554432,0,1,1,128,0,120,124.172,143.34,156.673
isolated,spatial,offset-parity1:hot,33554432,0,1,1,128,0,120,25.0011,25.0011,25.8345
isolated,spatial,offset-parity1:cold,33554432,0,1,1,128,1,120,125.839,140.839,155.84
isolated,spatial,offset-parity1:trained,33554432,0,1,1,128,1,120,122.505,142.506,248.344
isolated,spatial,offset-parity1:hot,33554432,0,1,1,128,1,120,25.0011,25.0011,25.8345
isolated,spatial,offset-parity1:cold,33554432,0,1,1,128,2,120,123.339,140.839,156.673
isolated,spatial,offset-parity1:trained,33554432,0,1,1,128,2,120,126.672,141.673,270.845
isolated,spatial,offset-parity1:hot,33554432,0,1,1,128,2,120,25.0011,25.0011,25.8345
isolated,spatial,offset-parity1:cold,33554432,0,1,1,256,0,120,127.506,143.34,251.678
isolated,spatial,offset-parity1:trained,33554432,0,1,1,256,0,120,127.506,144.173,211.676
isolated,spatial,offset-parity1:hot,33554432,0,1,1,256,0,120,25.0011,30.0013,30.8347
isolated,spatial,offset-parity1:cold,33554432,0,1,1,256,1,120,127.506,145.006,161.674
isolated,spatial,offset-parity1:trained,33554432,0,1,1,256,1,120,127.506,147.506,190.842
isolated,spatial,offset-parity1:hot,33554432,0,1,1,256,1,120,29.1679,30.0013,30.8347
isolated,spatial,offset-parity1:cold,33554432,0,1,1,256,2,120,125.005,143.34,187.508
isolated,spatial,offset-parity1:trained,33554432,0,1,1,256,2,120,127.506,144.173,216.676
isolated,spatial,offset-parity1:hot,33554432,0,1,1,256,2,120,25.0011,30.0013,30.8347
isolated,adjacent,parity1:cold,33554432,0,1,1,-2,0,120,122.505,140.839,178.341
isolated,adjacent,parity1:trained,33554432,0,1,1,-2,0,120,123.339,140.006,224.176
isolated,adjacent,parity1:hot,33554432,0,1,1,-2,0,120,25.0011,25.0011,25.8345
isolated,adjacent,parity1:cold,33554432,0,1,1,-2,1,120,123.339,140.839,236.677
isolated,adjacent,parity1:trained,33554432,0,1,1,-2,1,120,124.172,140.006,270.845
isolated,adjacent,parity1:hot,33554432,0,1,1,-2,1,120,25.0011,25.0011,25.8345
isolated,adjacent,parity1:cold,33554432,0,1,1,-2,2,120,124.172,140.839,155.84
isolated,adjacent,parity1:trained,33554432,0,1,1,-2,2,120,123.339,140.839,155.007
isolated,adjacent,parity1:hot,33554432,0,1,1,-2,2,120,25.0011,25.0011,25.8345
isolated,adjacent,parity1:cold,33554432,0,1,1,-1,0,120,123.339,140.839,253.344
isolated,adjacent,parity1:trained,33554432,0,1,1,-1,0,120,124.172,140.839,155.84
isolated,adjacent,parity1:hot,33554432,0,1,1,-1,0,120,25.0011,25.0011,25.8345
isolated,adjacent,parity1:cold,33554432,0,1,1,-1,1,120,123.339,141.673,155.007
isolated,adjacent,parity1:trained,33554432,0,1,1,-1,1,120,122.505,142.506,259.178
isolated,adjacent,parity1:hot,33554432,0,1,1,-1,1,120,25.0011,25.0011,25.8345
isolated,adjacent,parity1:cold,33554432,0,1,1,-1,2,120,121.672,140.006,155.007
isolated,adjacent,parity1:trained,33554432,0,1,1,-1,2,120,123.339,142.506,174.174
isolated,adjacent,parity1:hot,33554432,0,1,1,-1,2,120,25.0011,25.0011,25.8345
isolated,adjacent,parity1:cold,33554432,0,1,1,1,0,120,124.172,140.006,155.84
isolated,adjacent,parity1:trained,33554432,0,1,1,1,0,120,123.339,142.506,211.676
isolated,adjacent,parity1:hot,33554432,0,1,1,1,0,120,25.0011,25.8345,25.8345
isolated,adjacent,parity1:cold,33554432,0,1,1,1,1,120,122.505,140.839,156.673
isolated,adjacent,parity1:trained,33554432,0,1,1,1,1,120,122.505,140.839,258.345
isolated,adjacent,parity1:hot,33554432,0,1,1,1,1,120,25.0011,25.8345,25.8345
isolated,adjacent,parity1:cold,33554432,0,1,1,1,2,120,125.005,140.839,154.173
isolated,adjacent,parity1:trained,33554432,0,1,1,1,2,120,122.505,140.839,253.344
isolated,adjacent,parity1:hot,33554432,0,1,1,1,2,120,25.0011,25.0011,25.8345
isolated,adjacent,parity1:cold,33554432,0,1,1,2,0,120,122.505,140.006,158.34
isolated,adjacent,parity1:trained,33554432,0,1,1,2,0,120,123.339,140.839,156.673
isolated,adjacent,parity1:hot,33554432,0,1,1,2,0,120,25.0011,25.0011,25.8345
isolated,adjacent,parity1:cold,33554432,0,1,1,2,1,120,123.339,141.673,237.51
isolated,adjacent,parity1:trained,33554432,0,1,1,2,1,120,124.172,146.673,163.34
isolated,adjacent,parity1:hot,33554432,0,1,1,2,1,120,25.0011,25.0011,25.8345
isolated,adjacent,parity1:cold,33554432,0,1,1,2,2,120,124.172,142.506,234.177
isolated,adjacent,parity1:trained,33554432,0,1,1,2,2,120,123.339,141.673,156.673
isolated,adjacent,parity1:hot,33554432,0,1,1,2,2,120,25.0011,25.8345,25.8345
isolated,adjacent,parity1:cold,33554432,0,1,1,4,0,120,124.172,140.839,235.01
isolated,adjacent,parity1:trained,33554432,0,1,1,4,0,120,122.505,140.006,230.01
isolated,adjacent,parity1:hot,33554432,0,1,1,4,0,120,25.0011,25.0011,25.8345
isolated,adjacent,parity1:cold,33554432,0,1,1,4,1,120,124.172,141.673,264.178
isolated,adjacent,parity1:trained,33554432,0,1,1,4,1,120,125.839,140.006,218.343
isolated,adjacent,parity1:hot,33554432,0,1,1,4,1,120,25.0011,25.8345,25.8345
isolated,adjacent,parity1:cold,33554432,0,1,1,4,2,120,124.172,140.839,156.673
isolated,adjacent,parity1:trained,33554432,0,1,1,4,2,120,123.339,138.339,210.009
isolated,adjacent,parity1:hot,33554432,0,1,1,4,2,120,25.0011,25.8345,25.8345
isolated,learning,within-page:cold,33554432,0,1,1,1,0,120,121.672,140.006,155.007
isolated,learning,within-page:trained,33554432,0,1,1,1,0,120,125.005,140.006,208.342
isolated,learning,within-page:hot,33554432,0,1,1,1,0,120,25.0011,25.8345,25.8345
isolated,learning,within-page:cold,33554432,0,1,1,1,1,120,127.506,143.34,181.675
isolated,learning,within-page:trained,33554432,0,1,1,1,1,120,126.672,145.84,160.007
isolated,learning,within-page:hot,33554432,0,1,1,1,1,120,25.8345,30.0013,30.8347
isolated,learning,within-page:cold,33554432,0,1,1,1,2,120,130.006,146.673,162.507
isolated,learning,within-page:trained,33554432,0,1,1,1,2,120,130.006,146.673,160.84
isolated,learning,within-page:hot,33554432,0,1,1,1,2,120,30.0013,30.0013,30.8347
isolated,learning,within-page:cold,33554432,0,1,2,1,0,120,125.005,142.506,160.007
isolated,learning,within-page:trained,33554432,0,1,2,1,0,120,126.672,141.673,221.676
isolated,learning,within-page:hot,33554432,0,1,2,1,0,120,25.0011,25.8345,30.0013
isolated,learning,within-page:cold,33554432,0,1,2,1,1,120,123.339,140.839,155.84
isolated,learning,within-page:trained,33554432,0,1,2,1,1,120,122.505,138.339,161.674
isolated,learning,within-page:hot,33554432,0,1,2,1,1,120,25.0011,25.0011,25.8345
isolated,learning,within-page:cold,33554432,0,1,2,1,2,120,124.172,141.673,251.678
isolated,learning,within-page:trained,33554432,0,1,2,1,2,120,122.505,140.006,226.676
isolated,learning,within-page:hot,33554432,0,1,2,1,2,120,25.0011,25.0011,25.8345
isolated,learning,within-page:cold,33554432,0,1,3,1,0,120,122.505,140.839,238.344
isolated,learning,within-page:trained,33554432,0,1,3,1,0,120,25.0011,25.8345,154.173
isolated,learning,within-page:hot,33554432,0,1,3,1,0,120,25.0011,25.0011,25.8345
isolated,learning,within-page:cold,33554432,0,1,3,1,1,120,123.339,140.006,241.677
isolated,learning,within-page:trained,33554432,0,1,3,1,1,120,25.0011,25.8345,155.007
isolated,learning,within-page:hot,33554432,0,1,3,1,1,120,25.0011,25.0011,25.8345
isolated,learning,within-page:cold,33554432,0,1,3,1,2,120,123.339,140.006,176.674
isolated,learning,within-page:trained,33554432,0,1,3,1,2,120,25.0011,25.8345,153.34
isolated,learning,within-page:hot,33554432,0,1,3,1,2,120,25.0011,25.0011,25.8345
isolated,learning,within-page:cold,33554432,0,1,4,1,0,120,125.005,138.339,156.673
isolated,learning,within-page:trained,33554432,0,1,4,1,0,120,62.5027,87.5038,155.007
isolated,learning,within-page:hot,33554432,0,1,4,1,0,120,25.0011,25.0011,25.8345
isolated,learning,within-page:cold,33554432,0,1,4,1,1,120,122.505,140.006,239.177
isolated,learning,within-page:trained,33554432,0,1,4,1,1,120,61.6693,95.8375,174.174
isolated,learning,within-page:hot,33554432,0,1,4,1,1,120,25.0011,25.8345,25.8345
isolated,learning,within-page:cold,33554432,0,1,4,1,2,120,125.005,140.006,155.007
isolated,learning,within-page:trained,33554432,0,1,4,1,2,120,60.0026,90.0039,175.008
isolated,learning,within-page:hot,33554432,0,1,4,1,2,120,25.0011,25.0011,25.8345
isolated,learning,within-page:cold,33554432,0,1,6,1,0,120,123.339,141.673,155.84
isolated,learning,within-page:trained,33554432,0,1,6,1,0,120,25.0011,70.8364,91.6706
isolated,learning,within-page:hot,33554432,0,1,6,1,0,120,25.0011,25.0011,25.8345
isolated,learning,within-page:cold,33554432,0,1,6,1,1,120,127.506,142.506,226.676
isolated,learning,within-page:trained,33554432,0,1,6,1,1,120,25.0011,64.1694,143.34
isolated,learning,within-page:hot,33554432,0,1,6,1,1,120,25.0011,25.8345,30.0013
isolated,learning,within-page:cold,33554432,0,1,6,1,2,120,128.339,145.006,159.174
isolated,learning,within-page:trained,33554432,0,1,6,1,2,120,30.0013,60.836,145.006
isolated,learning,within-page:hot,33554432,0,1,6,1,2,120,25.8345,30.0013,30.8347
isolated,learning,within-page:cold,33554432,0,1,8,1,0,120,123.339,140.006,241.677
isolated,learning,within-page:trained,33554432,0,1,8,1,0,120,25.0011,64.1694,207.509
isolated,learning,within-page:hot,33554432,0,1,8,1,0,120,25.0011,25.8345,25.8345
isolated,learning,within-page:cold,33554432,0,1,8,1,1,120,124.172,140.006,239.177
isolated,learning,within-page:trained,33554432,0,1,8,1,1,120,25.0011,69.1697,103.338
isolated,learning,within-page:hot,33554432,0,1,8,1,1,120,25.0011,25.0011,25.8345
isolated,learning,within-page:cold,33554432,0,1,8,1,2,120,123.339,137.506,156.673
isolated,learning,within-page:trained,33554432,0,1,8,1,2,120,25.0011,69.1697,91.6706
isolated,learning,within-page:hot,33554432,0,1,8,1,2,120,25.0011,25.0011,25.8345
isolated,learning,within-page:cold,33554432,0,1,12,1,0,120,123.339,141.673,238.344
isolated,learning,within-page:trained,33554432,0,1,12,1,0,120,25.0011,25.8345,81.6702
isolated,learning,within-page:hot,33554432,0,1,12,1,0,120,25.0011,25.0011,25.8345
isolated,learning,within-page:cold,33554432,0,1,12,1,1,120,123.339,140.839,155.84
isolated,learning,within-page:trained,33554432,0,1,12,1,1,120,25.0011,25.8345,79.1701
isolated,learning,within-page:hot,33554432,0,1,12,1,1,120,25.0011,25.0011,25.8345
isolated,learning,within-page:cold,33554432,0,1,12,1,2,120,127.506,145.84,241.677
isolated,learning,within-page:trained,33554432,0,1,12,1,2,120,25.0011,30.0013,75.0032
isolated,learning,within-page:hot,33554432,0,1,12,1,2,120,25.0011,30.0013,30.8347
isolated,learning,within-page:cold,33554432,0,1,16,1,0,120,124.172,141.673,155.007
isolated,learning,within-page:trained,33554432,0,1,16,1,0,120,25.0011,25.0011,74.1699
isolated,learning,within-page:hot,33554432,0,1,16,1,0,120,25.0011,25.8345,25.8345
isolated,learning,within-page:cold,33554432,0,1,16,1,1,120,123.339,140.839,177.508
isolated,learning,within-page:trained,33554432,0,1,16,1,1,120,25.0011,25.8345,55.0024
isolated,learning,within-page:hot,33554432,0,1,16,1,1,120,25.0011,25.0011,25.8345
isolated,learning,within-page:cold,33554432,0,1,16,1,2,120,124.172,141.673,246.677
isolated,learning,within-page:trained,33554432,0,1,16,1,2,120,25.0011,25.8345,72.5031
isolated,learning,within-page:hot,33554432,0,1,16,1,2,120,25.0011,25.8345,25.8345
isolated,learning,within-page:cold,33554432,0,2,1,1,0,120,122.505,141.673,155.84
isolated,learning,within-page:trained,33554432,0,2,1,1,0,120,123.339,138.339,155.84
isolated,learning,within-page:hot,33554432,0,2,1,1,0,120,25.0011,25.0011,25.8345
isolated,learning,within-page:cold,33554432,0,2,1,1,1,120,125.839,142.506,236.677
isolated,learning,within-page:trained,33554432,0,2,1,1,1,120,124.172,144.173,249.177
isolated,learning,within-page:hot,33554432,0,2,1,1,1,120,25.0011,25.8345,30.0013
isolated,learning,within-page:cold,33554432,0,2,1,1,2,120,129.172,144.173,160.007
isolated,learning,within-page:trained,33554432,0,2,1,1,2,120,127.506,145.006,162.507
isolated,learning,within-page:hot,33554432,0,2,1,1,2,120,29.1679,30.0013,30.8347
isolated,learning,within-page:cold,33554432,0,2,2,1,0,120,131.672,142.506,160.007
isolated,learning,within-page:trained,33554432,0,2,2,1,0,120,128.339,145.006,159.174
isolated,learning,within-page:hot,33554432,0,2,2,1,0,120,25.8345,30.0013,30.8347
isolated,learning,within-page:cold,33554432,0,2,2,1,1,120,122.505,140.006,225.843
isolated,learning,within-page:trained,33554432,0,2,2,1,1,120,122.505,138.339,177.508
isolated,learning,within-page:hot,33554432,0,2,2,1,1,120,25.0011,25.0011,25.8345
isolated,learning,within-page:cold,33554432,0,2,2,1,2,120,124.172,140.006,234.177
isolated,learning,within-page:trained,33554432,0,2,2,1,2,120,122.505,140.839,164.174
isolated,learning,within-page:hot,33554432,0,2,2,1,2,120,25.0011,25.8345,25.8345
isolated,learning,within-page:cold,33554432,0,2,3,1,0,120,122.505,140.006,238.344
isolated,learning,within-page:trained,33554432,0,2,3,1,0,120,25.0011,25.8345,152.507
isolated,learning,within-page:hot,33554432,0,2,3,1,0,120,25.0011,25.0011,25.8345
isolated,learning,within-page:cold,33554432,0,2,3,1,1,120,124.172,140.839,155.84
isolated,learning,within-page:trained,33554432,0,2,3,1,1,120,25.0011,25.8345,151.673
isolated,learning,within-page:hot,33554432,0,2,3,1,1,120,25.0011,25.0011,25.8345
isolated,learning,within-page:cold,33554432,0,2,3,1,2,120,122.505,139.173,155.84
isolated,learning,within-page:trained,33554432,0,2,3,1,2,120,25.0011,25.8345,151.673
isolated,learning,within-page:hot,33554432,0,2,3,1,2,120,25.0011,25.0011,25.8345
isolated,learning,within-page:cold,33554432,0,2,4,1,0,120,123.339,140.839,154.173
isolated,learning,within-page:trained,33554432,0,2,4,1,0,120,61.6693,85.0037,226.676
isolated,learning,within-page:hot,33554432,0,2,4,1,0,120,25.0011,25.0011,25.8345
isolated,learning,within-page:cold,33554432,0,2,4,1,1,120,124.172,140.839,167.507
isolated,learning,within-page:trained,33554432,0,2,4,1,1,120,61.6693,80.0035,165.007
isolated,learning,within-page:hot,33554432,0,2,4,1,1,120,25.0011,25.8345,25.8345
isolated,learning,within-page:cold,33554432,0,2,4,1,2,120,124.172,140.839,155.007
isolated,learning,within-page:trained,33554432,0,2,4,1,2,120,60.836,80.0035,138.339
isolated,learning,within-page:hot,33554432,0,2,4,1,2,120,25.0011,25.0011,25.8345
isolated,learning,within-page:cold,33554432,0,2,6,1,0,120,123.339,142.506,237.51
isolated,learning,within-page:trained,33554432,0,2,6,1,0,120,57.5025,77.5034,213.343
isolated,learning,within-page:hot,33554432,0,2,6,1,0,120,25.0011,25.8345,25.8345
isolated,learning,within-page:cold,33554432,0,2,6,1,1,120,126.672,141.673,158.34
isolated,learning,within-page:trained,33554432,0,2,6,1,1,120,51.6689,73.3365,217.509
isolated,learning,within-page:hot,33554432,0,2,6,1,1,120,25.0011,25.8345,30.0013
isolated,learning,within-page:cold,33554432,0,2,6,1,2,120,124.172,140.839,155.84
isolated,learning,within-page:trained,33554432,0,2,6,1,2,120,57.5025,76.67,168.341
isolated,learning,within-page:hot,33554432,0,2,6,1,2,120,25.0011,25.8345,25.8345
isolated,learning,within-page:cold,33554432,0,2,8,1,0,120,123.339,139.173,154.173
isolated,learning,within-page:trained,33554432,0,2,8,1,0,120,55.0024,75.0032,241.677
isolated,learning,within-page:hot,33554432,0,2,8,1,0,120,25.0011,25.0011,25.8345
isolated,learning,within-page:cold,33554432,0,2,8,1,1,120,122.505,138.339,155.007
isolated,learning,within-page:trained,33554432,0,2,8,1,1,120,57.5025,75.0032,139.173
isolated,learning,within-page:hot,33554432,0,2,8,1,1,120,25.0011,25.8345,25.8345
isolated,learning,within-page:cold,33554432,0,2,8,1,2,120,121.672,137.506,260.011
isolated,learning,within-page:trained,33554432,0,2,8,1,2,120,54.169,73.3365,94.1707
isolated,learning,within-page:hot,33554432,0,2,8,1,2,120,25.0011,25.0011,25.8345
isolated,learning,within-page:cold,33554432,0,2,12,1,0,120,125.005,140.839,270.845
isolated,learning,within-page:trained,33554432,0,2,12,1,0,120,25.0011,25.8345,75.8366
isolated,learning,within-page:hot,33554432,0,2,12,1,0,120,25.0011,25.0011,25.8345
isolated,learning,within-page:cold,33554432,0,2,12,1,1,120,122.505,140.839,235.844
isolated,learning,within-page:trained,33554432,0,2,12,1,1,120,25.0011,25.8345,70.003
isolated,learning,within-page:hot,33554432,0,2,12,1,1,120,25.0011,25.0011,25.8345
isolated,learning,within-page:cold,33554432,0,2,12,1,2,120,121.672,140.839,175.841
isolated,learning,within-page:trained,33554432,0,2,12,1,2,120,25.0011,25.8345,78.3367
isolated,learning,within-page:hot,33554432,0,2,12,1,2,120,25.0011,25.0011,30.0013
isolated,learning,within-page:cold,33554432,0,2,16,1,0,120,125.839,141.673,238.344
isolated,learning,within-page:trained,33554432,0,2,16,1,0,120,25.0011,34.1681,70.8364
isolated,learning,within-page:hot,33554432,0,2,16,1,0,120,25.0011,25.8345,25.8345
isolated,learning,within-page:cold,33554432,0,2,16,1,1,120,122.505,141.673,237.51
isolated,learning,within-page:trained,33554432,0,2,16,1,1,120,25.8345,40.8351,80.0035
isolated,learning,within-page:hot,33554432,0,2,16,1,1,120,25.0011,25.0011,25.8345
isolated,learning,within-page:cold,33554432,0,2,16,1,2,120,125.005,142.506,263.345
isolated,learning,within-page:trained,33554432,0,2,16,1,2,120,25.0011,45.0019,73.3365
isolated,learning,within-page:hot,33554432,0,2,16,1,2,120,25.0011,25.8345,25.8345
isolated,learning,within-page:cold,33554432,0,4,1,1,0,120,122.505,140.839,266.678
isolated,learning,within-page:trained,33554432,0,4,1,1,0,120,121.672,138.339,201.675
isolated,learning,within-page:hot,33554432,0,4,1,1,0,120,25.0011,25.0011,25.8345
isolated,learning,within-page:cold,33554432,0,4,1,1,1,120,125.839,142.506,274.179
isolated,learning,within-page:trained,33554432,0,4,1,1,1,120,123.339,140.839,216.676
isolated,learning,within-page:hot,33554432,0,4,1,1,1,120,25.0011,25.0011,25.8345
isolated,learning,within-page:cold,33554432,0,4,1,1,2,120,128.339,145.84,245.011
isolated,learning,within-page:trained,33554432,0,4,1,1,2,120,127.506,144.173,248.344
isolated,learning,within-page:hot,33554432,0,4,1,1,2,120,25.0011,30.0013,30.8347
isolated,learning,within-page:cold,33554432,0,4,2,1,0,120,129.172,145.006,181.675
isolated,learning,within-page:trained,33554432,0,4,2,1,0,120,128.339,145.84,250.011
isolated,learning,within-page:hot,33554432,0,4,2,1,0,120,30.0013,30.0013,30.8347
isolated,learning,within-page:cold,33554432,0,4,2,1,1,120,123.339,140.006,234.177
isolated,learning,within-page:trained,33554432,0,4,2,1,1,120,125.005,140.006,166.674
isolated,learning,within-page:hot,33554432,0,4,2,1,1,120,25.0011,25.8345,30.0013
isolated,learning,within-page:cold,33554432,0,4,2,1,2,120,124.172,139.173,236.677
isolated,learning,within-page:trained,33554432,0,4,2,1,2,120,122.505,138.339,285.012
isolated,learning,within-page:hot,33554432,0,4,2,1,2,120,25.0011,25.0011,25.8345
isolated,learning,within-page:cold,33554432,0,4,3,1,0,120,122.505,140.839,254.178
isolated,learning,within-page:trained,33554432,0,4,3,1,0,120,25.0011,25.8345,154.173
isolated,learning,within-page:hot,33554432,0,4,3,1,0,120,25.0011,25.0011,25.8345
isolated,learning,within-page:cold,33554432,0,4,3,1,1,120,124.172,140.839,234.177
isolated,learning,within-page:trained,33554432,0,4,3,1,1,120,25.0011,25.8345,153.34
isolated,learning,within-page:hot,33554432,0,4,3,1,1,120,25.0011,25.8345,25.8345
isolated,learning,within-page:cold,33554432,0,4,3,1,2,120,123.339,140.839,155.84
isolated,learning,within-page:trained,33554432,0,4,3,1,2,120,25.0011,25.8345,153.34
isolated,learning,within-page:hot,33554432,0,4,3,1,2,120,25.0011,25.0011,25.8345
isolated,learning,within-page:cold,33554432,0,4,4,1,0,120,121.672,141.673,306.68
isolated,learning,within-page:trained,33554432,0,4,4,1,0,120,50.8355,84.1703,214.176
isolated,learning,within-page:hot,33554432,0,4,4,1,0,120,25.0011,25.8345,25.8345
isolated,learning,within-page:cold,33554432,0,4,4,1,1,120,122.505,140.839,154.173
isolated,learning,within-page:trained,33554432,0,4,4,1,1,120,50.0022,90.0039,155.84
isolated,learning,within-page:hot,33554432,0,4,4,1,1,120,25.0011,25.8345,25.8345
isolated,learning,within-page:cold,33554432,0,4,4,1,2,120,123.339,142.506,303.346
isolated,learning,within-page:trained,33554432,0,4,4,1,2,120,54.169,93.3374,166.674
isolated,learning,within-page:hot,33554432,0,4,4,1,2,120,25.0011,25.8345,25.8345
isolated,learning,within-page:cold,33554432,0,4,6,1,0,120,125.005,140.006,268.345
isolated,learning,within-page:trained,33554432,0,4,6,1,0,120,25.8345,71.6698,150.84
isolated,learning,within-page:hot,33554432,0,4,6,1,0,120,25.0011,25.8345,25.8345
isolated,learning,within-page:cold,33554432,0,4,6,1,1,120,123.339,140.839,180.841
isolated,learning,within-page:trained,33554432,0,4,6,1,1,120,30.8347,71.6698,153.34
isolated,learning,within-page:hot,33554432,0,4,6,1,1,120,25.0011,25.8345,30.0013
isolated,learning,within-page:cold,33554432,0,4,6,1,2,120,128.339,142.506,235.844
isolated,learning,within-page:trained,33554432,0,4,6,1,2,120,30.8347,65.8362,159.174
isolated,learning,within-page:hot,33554432,0,4,6,1,2,120,30.0013,30.0013,30.8347
isolated,learning,within-page:cold,33554432,0,4,8,1,0,120,125.839,143.34,324.181
isolated,learning,within-page:trained,33554432,0,4,8,1,0,120,25.8345,61.6693,205.009
isolated,learning,within-page:hot,33554432,0,4,8,1,0,120,25.0011,25.8345,25.8345
isolated,learning,within-page:cold,33554432,0,4,8,1,1,120,123.339,140.839,238.344
isolated,learning,within-page:trained,33554432,0,4,8,1,1,120,25.8345,60.836,139.173
isolated,learning,within-page:hot,33554432,0,4,8,1,1,120,25.0011,25.8345,25.8345
isolated,learning,within-page:cold,33554432,0,4,8,1,2,120,124.172,141.673,165.841
isolated,learning,within-page:trained,33554432,0,4,8,1,2,120,25.8345,60.836,136.673
isolated,learning,within-page:hot,33554432,0,4,8,1,2,120,25.0011,25.0011,25.8345
isolated,learning,within-page:cold,33554432,0,4,12,1,0,120,123.339,140.006,155.007
isolated,learning,within-page:trained,33554432,0,4,12,1,0,120,25.0011,58.3359,90.8373
isolated,learning,within-page:hot,33554432,0,4,12,1,0,120,25.0011,25.0011,25.8345
isolated,learning,within-page:cold,33554432,0,4,12,1,1,120,121.672,140.839,155.84
isolated,learning,within-page:trained,33554432,0,4,12,1,1,120,25.0011,52.5023,164.174
isolated,learning,within-page:hot,33554432,0,4,12,1,1,120,25.0011,25.8345,25.8345
isolated,learning,within-page:cold,33554432,0,4,12,1,2,120,122.505,141.673,235.844
isolated,learning,within-page:trained,33554432,0,4,12,1,2,120,25.8345,57.5025,93.3374
isolated,learning,within-page:hot,33554432,0,4,12,1,2,120,25.0011,25.8345,30.0013
isolated,learning,within-page:cold,33554432,0,-1,1,1,0,120,123.339,140.006,155.007
isolated,learning,within-page:trained,33554432,0,-1,1,1,0,120,121.672,138.339,175.008
isolated,learning,within-page:hot,33554432,0,-1,1,1,0,120,25.0011,25.0011,25.8345
isolated,learning,within-page:cold,33554432,0,-1,1,1,1,120,124.172,140.006,156.673
isolated,learning,within-page:trained,33554432,0,-1,1,1,1,120,124.172,140.839,164.174
isolated,learning,within-page:hot,33554432,0,-1,1,1,1,120,25.0011,25.0011,25.8345
isolated,learning,within-page:cold,33554432,0,-1,1,1,2,120,124.172,140.006,157.507
isolated,learning,within-page:trained,33554432,0,-1,1,1,2,120,122.505,140.839,192.508
isolated,learning,within-page:hot,33554432,0,-1,1,1,2,120,25.0011,25.0011,25.8345
isolated,learning,within-page:cold,33554432,0,-1,2,1,0,120,125.005,140.839,253.344
isolated,learning,within-page:trained,33554432,0,-1,2,1,0,120,123.339,140.006,231.677
isolated,learning,within-page:hot,33554432,0,-1,2,1,0,120,25.0011,25.8345,25.8345
isolated,learning,within-page:cold,33554432,0,-1,2,1,1,120,125.005,140.839,166.674
isolated,learning,within-page:trained,33554432,0,-1,2,1,1,120,123.339,140.839,250.011
isolated,learning,within-page:hot,33554432,0,-1,2,1,1,120,25.0011,25.8345,25.8345
isolated,learning,within-page:cold,33554432,0,-1,2,1,2,120,122.505,140.006,265.845
isolated,learning,within-page:trained,33554432,0,-1,2,1,2,120,122.505,141.673,219.176
isolated,learning,within-page:hot,33554432,0,-1,2,1,2,120,25.0011,25.0011,25.8345
isolated,learning,within-page:cold,33554432,0,-1,3,1,0,120,122.505,140.839,155.84
isolated,learning,within-page:trained,33554432,0,-1,3,1,0,120,25.0011,25.8345,188.341
isolated,learning,within-page:hot,33554432,0,-1,3,1,0,120,25.0011,25.8345,25.8345
isolated,learning,within-page:cold,33554432,0,-1,3,1,1,120,122.505,140.006,154.173
isolated,learning,within-page:trained,33554432,0,-1,3,1,1,120,25.0011,25.8345,153.34
isolated,learning,within-page:hot,33554432,0,-1,3,1,1,120,25.0011,25.0011,25.8345
isolated,learning,within-page:cold,33554432,0,-1,3,1,2,120,124.172,140.839,156.673
isolated,learning,within-page:trained,33554432,0,-1,3,1,2,120,25.0011,25.8345,170.841
isolated,learning,within-page:hot,33554432,0,-1,3,1,2,120,25.0011,25.0011,25.8345
isolated,learning,within-page:cold,33554432,0,-1,4,1,0,120,123.339,140.839,278.345
isolated,learning,within-page:trained,33554432,0,-1,4,1,0,120,58.3359,80.0035,240.844
isolated,learning,within-page:hot,33554432,0,-1,4,1,0,120,25.0011,25.0011,25.8345
isolated,learning,within-page:cold,33554432,0,-1,4,1,1,120,124.172,143.34,205.842
isolated,learning,within-page:trained,33554432,0,-1,4,1,1,120,55.0024,80.8368,240.01
isolated,learning,within-page:hot,33554432,0,-1,4,1,1,120,25.0011,25.0011,25.8345
isolated,learning,within-page:cold,33554432,0,-1,4,1,2,120,125.839,140.006,177.508
isolated,learning,within-page:trained,33554432,0,-1,4,1,2,120,56.6691,83.3369,155.007
isolated,learning,within-page:hot,33554432,0,-1,4,1,2,120,25.0011,26.6678,30.8347
isolated,learning,within-page:cold,33554432,0,-1,6,1,0,120,123.339,140.839,154.173
isolated,learning,within-page:trained,33554432,0,-1,6,1,0,120,25.8345,63.3361,130.839
isolated,learning,within-page:hot,33554432,0,-1,6,1,0,120,25.8345,25.8345,26.6678
isolated,learning,within-page:cold,33554432,0,-1,6,1,1,120,125.005,140.006,263.345
isolated,learning,within-page:trained,33554432,0,-1,6,1,1,120,27.5012,66.6695,141.673
isolated,learning,within-page:hot,33554432,0,-1,6,1,1,120,25.8345,25.8345,26.6678
isolated,learning,within-page:cold,33554432,0,-1,6,1,2,120,125.005,140.839,235.844
isolated,learning,within-page:trained,33554432,0,-1,6,1,2,120,52.5023,65.8362,137.506
isolated,learning,within-page:hot,33554432,0,-1,6,1,2,120,25.0011,25.8345,26.6678
isolated,learning,within-page:cold,33554432,0,-1,8,1,0,120,123.339,140.006,155.007
isolated,learning,within-page:trained,33554432,0,-1,8,1,0,120,25.8345,61.6693,87.5038
isolated,learning,within-page:hot,33554432,0,-1,8,1,0,120,25.0011,25.0011,25.8345
isolated,learning,within-page:cold,33554432,0,-1,8,1,1,120,122.505,141.673,245.844
isolated,learning,within-page:trained,33554432,0,-1,8,1,1,120,25.0011,61.6693,82.5036
isolated,learning,within-page:hot,33554432,0,-1,8,1,1,120,25.0011,25.0011,25.8345
isolated,learning,within-page:cold,33554432,0,-1,8,1,2,120,123.339,140.839,178.341
isolated,learning,within-page:trained,33554432,0,-1,8,1,2,120,25.0011,62.5027,90.0039
isolated,learning,within-page:hot,33554432,0,-1,8,1,2,120,25.0011,25.8345,25.8345
isolated,learning,within-page:cold,33554432,0,-1,12,1,0,120,124.172,140.839,158.34
isolated,learning,within-page:trained,33554432,0,-1,12,1,0,120,25.0011,25.8345,55.0024
isolated,learning,within-page:hot,33554432,0,-1,12,1,0,120,25.0011,25.8345,27.5012
isolated,learning,within-page:cold,33554432,0,-1,12,1,1,120,128.339,142.506,162.507
isolated,learning,within-page:trained,33554432,0,-1,12,1,1,120,25.0011,30.0013,55.0024
isolated,learning,within-page:hot,33554432,0,-1,12,1,1,120,25.0011,30.0013,30.8347
isolated,learning,within-page:cold,33554432,0,-1,12,1,2,120,124.172,140.839,153.34
isolated,learning,within-page:trained,33554432,0,-1,12,1,2,120,25.0011,25.8345,56.6691
isolated,learning,within-page:hot,33554432,0,-1,12,1,2,120,25.0011,25.8345,25.8345
isolated,learning,within-page:cold,33554432,0,-1,16,1,0,120,124.172,141.673,242.51
isolated,learning,within-page:trained,33554432,0,-1,16,1,0,120,25.0011,25.8345,65.8362
isolated,learning,within-page:hot,33554432,0,-1,16,1,0,120,25.0011,25.0011,25.8345
isolated,learning,within-page:cold,33554432,0,-1,16,1,1,120,122.505,139.173,154.173
isolated,learning,within-page:trained,33554432,0,-1,16,1,1,120,25.0011,25.8345,75.0032
isolated,learning,within-page:hot,33554432,0,-1,16,1,1,120,25.0011,25.8345,25.8345
isolated,learning,within-page:cold,33554432,0,-1,16,1,2,120,122.505,140.839,155.007
isolated,learning,within-page:trained,33554432,0,-1,16,1,2,120,25.0011,25.8345,60.836
isolated,learning,within-page:hot,33554432,0,-1,16,1,2,120,25.0011,25.8345,30.0013
isolated,learning,within-page:cold,33554432,0,-2,1,1,0,120,125.005,139.173,235.844
isolated,learning,within-page:trained,33554432,0,-2,1,1,0,120,125.839,141.673,245.844
isolated,learning,within-page:hot,33554432,0,-2,1,1,0,120,25.0011,25.0011,25.8345
isolated,learning,within-page:cold,33554432,0,-2,1,1,1,120,123.339,139.173,155.84
isolated,learning,within-page:trained,33554432,0,-2,1,1,1,120,123.339,141.673,264.178
isolated,learning,within-page:hot,33554432,0,-2,1,1,1,120,25.0011,25.0011,25.8345
isolated,learning,within-page:cold,33554432,0,-2,1,1,2,120,124.172,138.339,154.173
isolated,learning,within-page:trained,33554432,0,-2,1,1,2,120,122.505,140.839,155.84
isolated,learning,within-page:hot,33554432,0,-2,1,1,2,120,25.0011,25.0011,25.8345
isolated,learning,within-page:cold,33554432,0,-2,2,1,0,120,122.505,141.673,271.678
isolated,learning,within-page:trained,33554432,0,-2,2,1,0,120,124.172,142.506,249.177
isolated,learning,within-page:hot,33554432,0,-2,2,1,0,120,25.0011,25.8345,25.8345
isolated,learning,within-page:cold,33554432,0,-2,2,1,1,120,122.505,141.673,155.007
isolated,learning,within-page:trained,33554432,0,-2,2,1,1,120,122.505,141.673,156.673
isolated,learning,within-page:hot,33554432,0,-2,2,1,1,120,25.0011,25.0011,25.8345
isolated,learning,within-page:cold,33554432,0,-2,2,1,2,120,124.172,140.839,156.673
isolated,learning,within-page:trained,33554432,0,-2,2,1,2,120,123.339,143.34,156.673
isolated,learning,within-page:hot,33554432,0,-2,2,1,2,120,25.0011,25.0011,25.8345
isolated,learning,within-page:cold,33554432,0,-2,3,1,0,120,121.672,140.839,238.344
isolated,learning,within-page:trained,33554432,0,-2,3,1,0,120,25.0011,89.1705,164.174
isolated,learning,within-page:hot,33554432,0,-2,3,1,0,120,25.0011,25.0011,25.8345
isolated,learning,within-page:cold,33554432,0,-2,3,1,1,120,123.339,141.673,238.344
isolated,learning,within-page:trained,33554432,0,-2,3,1,1,120,25.0011,25.8345,154.173
isolated,learning,within-page:hot,33554432,0,-2,3,1,1,120,25.0011,25.0011,25.8345
isolated,learning,within-page:cold,33554432,0,-2,3,1,2,120,123.339,140.839,155.84
isolated,learning,within-page:trained,33554432,0,-2,3,1,2,120,25.0011,25.8345,151.673
isolated,learning,within-page:hot,33554432,0,-2,3,1,2,120,25.0011,25.8345,25.8345
isolated,learning,within-page:cold,33554432,0,-2,4,1,0,120,122.505,139.173,155.84
isolated,learning,within-page:trained,33554432,0,-2,4,1,0,120,37.5016,73.3365,153.34
isolated,learning,within-page:hot,33554432,0,-2,4,1,0,120,25.0011,25.8345,25.8345
isolated,learning,within-page:cold,33554432,0,-2,4,1,1,120,122.505,141.673,154.173
isolated,learning,within-page:trained,33554432,0,-2,4,1,1,120,57.5025,78.3367,235.844
isolated,learning,within-page:hot,33554432,0,-2,4,1,1,120,25.0011,25.0011,25.8345
isolated,learning,within-page:cold,33554432,0,-2,4,1,2,120,125.839,142.506,235.01
isolated,learning,within-page:trained,33554432,0,-2,4,1,2,120,30.0013,70.003,156.673
isolated,learning,within-page:hot,33554432,0,-2,4,1,2,120,25.0011,30.0013,30.8347
isolated,learning,within-page:cold,33554432,0,-2,6,1,0,120,124.172,140.839,242.51
isolated,learning,within-page:trained,33554432,0,-2,6,1,0,120,25.8345,57.5025,280.845
isolated,learning,within-page:hot,33554432,0,-2,6,1,0,120,25.0011,30.0013,30.8347
isolated,learning,within-page:cold,33554432,0,-2,6,1,1,120,123.339,140.839,273.345
isolated,learning,within-page:trained,33554432,0,-2,6,1,1,120,25.0011,64.1694,141.673
isolated,learning,within-page:hot,33554432,0,-2,6,1,1,120,25.0011,25.8345,25.8345
isolated,learning,within-page:cold,33554432,0,-2,6,1,2,120,123.339,139.173,153.34
isolated,learning,within-page:trained,33554432,0,-2,6,1,2,120,25.0011,62.5027,100.004
isolated,learning,within-page:hot,33554432,0,-2,6,1,2,120,25.0011,25.0011,25.8345
isolated,learning,within-page:cold,33554432,0,-2,8,1,0,120,124.172,140.839,238.344
isolated,learning,within-page:trained,33554432,0,-2,8,1,0,120,25.0011,55.8357,80.0035
isolated,learning,within-page:hot,33554432,0,-2,8,1,0,120,25.0011,25.8345,25.8345
isolated,learning,within-page:cold,33554432,0,-2,8,1,1,120,124.172,141.673,175.008
isolated,learning,within-page:trained,33554432,0,-2,8,1,1,120,25.0011,58.3359,89.1705
isolated,learning,within-page:hot,33554432,0,-2,8,1,1,120,25.0011,25.8345,25.8345
isolated,learning,within-page:cold,33554432,0,-2,8,1,2,120,124.172,139.173,154.173
isolated,learning,within-page:trained,33554432,0,-2,8,1,2,120,25.0011,25.8345,75.0032
isolated,learning,within-page:hot,33554432,0,-2,8,1,2,120,25.0011,25.8345,25.8345
isolated,learning,within-page:cold,33554432,0,-2,12,1,0,120,126.672,141.673,244.177
isolated,learning,within-page:trained,33554432,0,-2,12,1,0,120,25.0011,25.8345,44.1686
isolated,learning,within-page:hot,33554432,0,-2,12,1,0,120,25.0011,25.8345,30.0013
isolated,learning,within-page:cold,33554432,0,-2,12,1,1,120,123.339,140.006,155.84
isolated,learning,within-page:trained,33554432,0,-2,12,1,1,120,25.0011,25.8345,55.8357
isolated,learning,within-page:hot,33554432,0,-2,12,1,1,120,25.0011,25.0011,25.8345
isolated,learning,within-page:cold,33554432,0,-2,12,1,2,120,123.339,140.006,155.84
isolated,learning,within-page:trained,33554432,0,-2,12,1,2,120,25.0011,25.8345,65.0028
isolated,learning,within-page:hot,33554432,0,-2,12,1,2,120,25.0011,25.8345,25.8345
isolated,learning,within-page:cold,33554432,0,-2,16,1,0,120,122.505,139.173,172.507
isolated,learning,within-page:trained,33554432,0,-2,16,1,0,120,25.0011,25.8345,61.6693
isolated,learning,within-page:hot,33554432,0,-2,16,1,0,120,25.0011,25.8345,25.8345
isolated,learning,within-page:cold,33554432,0,-2,16,1,1,120,123.339,140.006,154.173
isolated,learning,within-page:trained,33554432,0,-2,16,1,1,120,25.0011,25.8345,56.6691
isolated,learning,within-page:hot,33554432,0,-2,16,1,1,120,25.0011,25.8345,25.8345
isolated,learning,within-page:cold,33554432,0,-2,16,1,2,120,127.506,140.839,172.507
isolated,learning,within-page:trained,33554432,0,-2,16,1,2,120,25.0011,30.0013,56.6691
isolated,learning,within-page:hot,33554432,0,-2,16,1,2,120,25.0011,26.6678,30.8347
isolated,lookahead,within-page:cold,33554432,0,1,8,1,0,120,125.005,142.506,155.007
isolated,lookahead,within-page:trained,33554432,0,1,8,1,0,120,25.0011,68.3363,195.008
isolated,lookahead,within-page:hot,33554432,0,1,8,1,0,120,25.0011,25.8345,25.8345
isolated,lookahead,within-page:cold,33554432,0,1,8,1,1,120,123.339,141.673,236.677
isolated,lookahead,within-page:trained,33554432,0,1,8,1,1,120,25.0011,64.1694,93.3374
isolated,lookahead,within-page:hot,33554432,0,1,8,1,1,120,25.0011,25.0011,25.8345
isolated,lookahead,within-page:cold,33554432,0,1,8,1,2,120,124.172,140.839,155.84
isolated,lookahead,within-page:trained,33554432,0,1,8,1,2,120,25.0011,67.5029,200.842
isolated,lookahead,within-page:hot,33554432,0,1,8,1,2,120,25.0011,25.0011,25.8345
isolated,lookahead,cross-page:cold,33554432,0,1,8,1,0,120,122.505,140.839,155.007
isolated,lookahead,cross-page:trained,33554432,0,1,8,1,0,120,25.8345,70.8364,92.504
isolated,lookahead,cross-page:hot,33554432,0,1,8,1,0,120,25.0011,25.8345,25.8345
isolated,lookahead,cross-page:cold,33554432,0,1,8,1,1,120,124.172,140.006,160.007
isolated,lookahead,cross-page:trained,33554432,0,1,8,1,1,120,25.8345,67.5029,134.172
isolated,lookahead,cross-page:hot,33554432,0,1,8,1,1,120,25.0011,25.8345,25.8345
isolated,lookahead,cross-page:cold,33554432,0,1,8,1,2,120,125.839,140.839,159.174
isolated,lookahead,cross-page:trained,33554432,0,1,8,1,2,120,26.6678,71.6698,134.172
isolated,lookahead,cross-page:hot,33554432,0,1,8,1,2,120,25.0011,25.8345,30.0013
isolated,lookahead,within-page:cold,33554432,0,1,8,2,0,120,129.172,142.506,160.84
isolated,lookahead,within-page:trained,33554432,0,1,8,2,0,120,127.506,144.173,183.341
isolated,lookahead,within-page:hot,33554432,0,1,8,2,0,120,25.8345,30.0013,30.8347
isolated,lookahead,within-page:cold,33554432,0,1,8,2,1,120,122.505,140.839,153.34
isolated,lookahead,within-page:trained,33554432,0,1,8,2,1,120,122.505,140.006,161.674
isolated,lookahead,within-page:hot,33554432,0,1,8,2,1,120,25.0011,25.0011,25.8345
isolated,lookahead,within-page:cold,33554432,0,1,8,2,2,120,123.339,140.839,156.673
isolated,lookahead,within-page:trained,33554432,0,1,8,2,2,120,124.172,142.506,196.675
isolated,lookahead,within-page:hot,33554432,0,1,8,2,2,120,25.0011,25.0011,25.8345
isolated,lookahead,cross-page:cold,33554432,0,1,8,2,0,120,122.505,139.173,155.84
isolated,lookahead,cross-page:trained,33554432,0,1,8,2,0,120,123.339,140.006,214.176
isolated,lookahead,cross-page:hot,33554432,0,1,8,2,0,120,25.0011,25.8345,25.8345
isolated,lookahead,cross-page:cold,33554432,0,1,8,2,1,120,122.505,141.673,247.511
isolated,lookahead,cross-page:trained,33554432,0,1,8,2,1,120,125.005,140.839,208.342
isolated,lookahead,cross-page:hot,33554432,0,1,8,2,1,120,25.0011,25.0011,25.8345
isolated,lookahead,cross-page:cold,33554432,0,1,8,2,2,120,124.172,141.673,156.673
isolated,lookahead,cross-page:trained,33554432,0,1,8,2,2,120,122.505,140.839,307.513
isolated,lookahead,cross-page:hot,33554432,0,1,8,2,2,120,25.0011,25.0011,25.8345
isolated,lookahead,within-page:cold,33554432,0,1,8,4,0,120,124.172,141.673,158.34
isolated,lookahead,within-page:trained,33554432,0,1,8,4,0,120,124.172,141.673,165.007
isolated,lookahead,within-page:hot,33554432,0,1,8,4,0,120,25.0011,25.8345,30.0013
isolated,lookahead,within-page:cold,33554432,0,1,8,4,1,120,123.339,141.673,226.676
isolated,lookahead,within-page:trained,33554432,0,1,8,4,1,120,123.339,141.673,155.007
isolated,lookahead,within-page:hot,33554432,0,1,8,4,1,120,25.0011,25.8345,25.8345
isolated,lookahead,within-page:cold,33554432,0,1,8,4,2,120,123.339,140.006,155.007
isolated,lookahead,within-page:trained,33554432,0,1,8,4,2,120,124.172,140.839,155.007
isolated,lookahead,within-page:hot,33554432,0,1,8,4,2,120,25.0011,25.0011,25.8345
isolated,lookahead,cross-page:cold,33554432,0,1,8,4,0,120,123.339,140.006,156.673
isolated,lookahead,cross-page:trained,33554432,0,1,8,4,0,120,122.505,141.673,260.845
isolated,lookahead,cross-page:hot,33554432,0,1,8,4,0,120,25.0011,25.0011,25.8345
isolated,lookahead,cross-page:cold,33554432,0,1,8,4,1,120,123.339,140.839,250.844
isolated,lookahead,cross-page:trained,33554432,0,1,8,4,1,120,123.339,137.506,273.345
isolated,lookahead,cross-page:hot,33554432,0,1,8,4,1,120,25.0011,25.0011,25.8345
isolated,lookahead,cross-page:cold,33554432,0,1,8,4,2,120,121.672,138.339,156.673
isolated,lookahead,cross-page:trained,33554432,0,1,8,4,2,120,121.672,141.673,313.347
isolated,lookahead,cross-page:hot,33554432,0,1,8,4,2,120,25.0011,25.8345,25.8345
isolated,lookahead,within-page:cold,33554432,0,1,8,8,0,120,122.505,142.506,237.51
isolated,lookahead,within-page:trained,33554432,0,1,8,8,0,120,125.839,142.506,244.177
isolated,lookahead,within-page:hot,33554432,0,1,8,8,0,120,25.0011,25.8345,30.0013
isolated,lookahead,within-page:cold,33554432,0,1,8,8,1,120,123.339,142.506,288.346
isolated,lookahead,within-page:trained,33554432,0,1,8,8,1,120,124.172,141.673,294.179
isolated,lookahead,within-page:hot,33554432,0,1,8,8,1,120,25.0011,25.8345,25.8345
isolated,lookahead,within-page:cold,33554432,0,1,8,8,2,120,123.339,140.839,235.01
isolated,lookahead,within-page:trained,33554432,0,1,8,8,2,120,123.339,142.506,245.011
isolated,lookahead,within-page:hot,33554432,0,1,8,8,2,120,25.0011,25.0011,25.8345
isolated,lookahead,cross-page:cold,33554432,0,1,8,8,0,120,124.172,140.006,156.673
isolated,lookahead,cross-page:trained,33554432,0,1,8,8,0,120,123.339,141.673,156.673
isolated,lookahead,cross-page:hot,33554432,0,1,8,8,0,120,25.0011,25.0011,25.8345
isolated,lookahead,cross-page:cold,33554432,0,1,8,8,1,120,124.172,140.006,323.347
isolated,lookahead,cross-page:trained,33554432,0,1,8,8,1,120,122.505,140.839,187.508
isolated,lookahead,cross-page:hot,33554432,0,1,8,8,1,120,25.0011,25.8345,25.8345
isolated,lookahead,cross-page:cold,33554432,0,1,8,8,2,120,123.339,140.839,155.84
isolated,lookahead,cross-page:trained,33554432,0,1,8,8,2,120,122.505,137.506,220.843
isolated,lookahead,cross-page:hot,33554432,0,1,8,8,2,120,25.0011,25.0011,25.8345
isolated,lookahead,within-page:cold,33554432,0,1,8,16,0,120,121.672,139.173,155.007
isolated,lookahead,within-page:trained,33554432,0,1,8,16,0,120,123.339,141.673,295.013
isolated,lookahead,within-page:hot,33554432,0,1,8,16,0,120,25.0011,25.0011,25.8345
isolated,lookahead,within-page:cold,33554432,0,1,8,16,1,120,125.005,142.506,160.84
isolated,lookahead,within-page:trained,33554432,0,1,8,16,1,120,125.005,140.839,159.174
isolated,lookahead,within-page:hot,33554432,0,1,8,16,1,120,25.0011,29.1679,30.8347
isolated,lookahead,within-page:cold,33554432,0,1,8,16,2,120,124.172,141.673,158.34
isolated,lookahead,within-page:trained,33554432,0,1,8,16,2,120,124.172,142.506,194.175
isolated,lookahead,within-page:hot,33554432,0,1,8,16,2,120,25.0011,25.8345,30.0013
isolated,lookahead,cross-page:cold,33554432,0,1,8,16,0,120,123.339,140.839,241.677
isolated,lookahead,cross-page:trained,33554432,0,1,8,16,0,120,122.505,141.673,156.673
isolated,lookahead,cross-page:hot,33554432,0,1,8,16,0,120,25.0011,25.8345,25.8345
isolated,lookahead,cross-page:cold,33554432,0,1,8,16,1,120,125.005,140.839,266.678
isolated,lookahead,cross-page:trained,33554432,0,1,8,16,1,120,123.339,141.673,182.508
isolated,lookahead,cross-page:hot,33554432,0,1,8,16,1,120,25.0011,25.0011,25.8345
isolated,lookahead,cross-page:cold,33554432,0,1,8,16,2,120,123.339,142.506,270.012
isolated,lookahead,cross-page:trained,33554432,0,1,8,16,2,120,124.172,140.839,196.675
isolated,lookahead,cross-page:hot,33554432,0,1,8,16,2,120,25.0011,25.0011,25.8345
isolated,retention,shared-pc:cold,33554432,0,2,8,1,0,120,123.339,141.673,190.008
isolated,retention,shared-pc:trained,33554432,0,2,8,1,0,120,25.0011,25.8345,25.8345
isolated,retention,shared-pc:hot,33554432,0,2,8,1,0,120,25.0011,25.0011,25.8345
isolated,retention,shared-pc:cold,33554432,0,2,8,1,1,120,124.172,140.839,246.677
isolated,retention,shared-pc:trained,33554432,0,2,8,1,1,120,25.0011,25.8345,30.0013
isolated,retention,shared-pc:hot,33554432,0,2,8,1,1,120,25.0011,25.8345,30.0013
isolated,retention,shared-pc:cold,33554432,0,2,8,1,2,120,123.339,140.006,159.174
isolated,retention,shared-pc:trained,33554432,0,2,8,1,2,120,25.0011,25.8345,30.0013
isolated,retention,shared-pc:hot,33554432,0,2,8,1,2,120,25.0011,25.8345,30.8347
isolated,retention,distinct-pc:cold,33554432,0,2,8,1,0,120,123.339,140.006,157.507
isolated,retention,distinct-pc:trained,33554432,0,2,8,1,0,120,25.0011,25.0011,25.8345
isolated,retention,distinct-pc:hot,33554432,0,2,8,1,0,120,25.0011,25.8345,25.8345
isolated,retention,distinct-pc:cold,33554432,0,2,8,1,1,120,123.339,141.673,237.51
isolated,retention,distinct-pc:trained,33554432,0,2,8,1,1,120,25.0011,25.0011,25.8345
isolated,retention,distinct-pc:hot,33554432,0,2,8,1,1,120,25.0011,25.8345,25.8345
isolated,retention,distinct-pc:cold,33554432,0,2,8,1,2,120,123.339,140.006,240.01
isolated,retention,distinct-pc:trained,33554432,0,2,8,1,2,120,25.0011,25.8345,25.8345
isolated,retention,distinct-pc:hot,33554432,0,2,8,1,2,120,25.0011,25.0011,25.8345
isolated,retention,shared-pc:cold,33554432,1,2,8,1,0,120,123.339,141.673,258.345
isolated,retention,shared-pc:trained,33554432,1,2,8,1,0,120,25.0011,25.8345,28.3346
isolated,retention,shared-pc:hot,33554432,1,2,8,1,0,120,25.0011,25.0011,29.1679
isolated,retention,shared-pc:cold,33554432,1,2,8,1,1,120,126.672,145.84,223.343
isolated,retention,shared-pc:trained,33554432,1,2,8,1,1,120,25.0011,29.1679,30.8347
isolated,retention,shared-pc:hot,33554432,1,2,8,1,1,120,25.0011,26.6678,30.8347
isolated,retention,shared-pc:cold,33554432,1,2,8,1,2,120,126.672,143.34,234.177
isolated,retention,shared-pc:trained,33554432,1,2,8,1,2,120,25.0011,25.0011,25.8345
isolated,retention,shared-pc:hot,33554432,1,2,8,1,2,120,25.0011,25.0011,25.8345
isolated,retention,distinct-pc:cold,33554432,1,2,8,1,0,120,123.339,140.006,242.51
isolated,retention,distinct-pc:trained,33554432,1,2,8,1,0,120,25.0011,25.8345,25.8345
isolated,retention,distinct-pc:hot,33554432,1,2,8,1,0,120,25.0011,25.8345,25.8345
isolated,retention,distinct-pc:cold,33554432,1,2,8,1,1,120,125.839,141.673,319.18
isolated,retention,distinct-pc:trained,33554432,1,2,8,1,1,120,25.0011,27.5012,30.8347
isolated,retention,distinct-pc:hot,33554432,1,2,8,1,1,120,25.0011,28.3346,30.8347
isolated,retention,distinct-pc:cold,33554432,1,2,8,1,2,120,124.172,140.839,265.845
isolated,retention,distinct-pc:trained,33554432,1,2,8,1,2,120,25.0011,25.8345,25.8345
isolated,retention,distinct-pc:hot,33554432,1,2,8,1,2,120,25.0011,25.8345,25.8345
isolated,retention,shared-pc:cold,33554432,2,2,8,1,0,120,122.505,141.673,232.51
isolated,retention,shared-pc:trained,33554432,2,2,8,1,0,120,25.0011,25.8345,25.8345
isolated,retention,shared-pc:hot,33554432,2,2,8,1,0,120,25.0011,25.8345,25.8345
isolated,retention,shared-pc:cold,33554432,2,2,8,1,1,120,126.672,145.84,169.174
isolated,retention,shared-pc:trained,33554432,2,2,8,1,1,120,25.0011,25.8345,30.8347
isolated,retention,shared-pc:hot,33554432,2,2,8,1,1,120,25.0011,25.8345,30.0013
isolated,retention,shared-pc:cold,33554432,2,2,8,1,2,120,124.172,142.506,189.175
isolated,retention,shared-pc:trained,33554432,2,2,8,1,2,120,25.0011,25.8345,25.8345
isolated,retention,shared-pc:hot,33554432,2,2,8,1,2,120,25.0011,25.0011,25.8345
isolated,retention,distinct-pc:cold,33554432,2,2,8,1,0,120,125.005,140.839,157.507
isolated,retention,distinct-pc:trained,33554432,2,2,8,1,0,120,25.0011,25.8345,25.8345
isolated,retention,distinct-pc:hot,33554432,2,2,8,1,0,120,25.0011,25.8345,25.8345
isolated,retention,distinct-pc:cold,33554432,2,2,8,1,1,120,124.172,143.34,159.174
isolated,retention,distinct-pc:trained,33554432,2,2,8,1,1,120,25.0011,25.8345,30.8347
isolated,retention,distinct-pc:hot,33554432,2,2,8,1,1,120,25.0011,25.8345,30.0013
isolated,retention,distinct-pc:cold,33554432,2,2,8,1,2,120,123.339,140.839,206.676
isolated,retention,distinct-pc:trained,33554432,2,2,8,1,2,120,25.0011,25.8345,25.8345
isolated,retention,distinct-pc:hot,33554432,2,2,8,1,2,120,25.0011,25.8345,25.8345
isolated,retention,shared-pc:cold,33554432,4,2,8,1,0,120,124.172,140.006,206.676
isolated,retention,shared-pc:trained,33554432,4,2,8,1,0,120,25.0011,25.8345,30.0013
isolated,retention,shared-pc:hot,33554432,4,2,8,1,0,120,25.0011,25.8345,30.0013
isolated,retention,shared-pc:cold,33554432,4,2,8,1,1,120,122.505,140.006,196.675
isolated,retention,shared-pc:trained,33554432,4,2,8,1,1,120,25.0011,25.8345,25.8345
isolated,retention,shared-pc:hot,33554432,4,2,8,1,1,120,25.0011,25.0011,25.8345
isolated,retention,shared-pc:cold,33554432,4,2,8,1,2,120,124.172,140.006,159.174
isolated,retention,shared-pc:trained,33554432,4,2,8,1,2,120,25.0011,25.8345,30.0013
isolated,retention,shared-pc:hot,33554432,4,2,8,1,2,120,25.0011,25.8345,30.0013
isolated,retention,distinct-pc:cold,33554432,4,2,8,1,0,120,121.672,137.506,182.508
isolated,retention,distinct-pc:trained,33554432,4,2,8,1,0,120,25.0011,25.8345,26.6678
isolated,retention,distinct-pc:hot,33554432,4,2,8,1,0,120,25.0011,25.8345,25.8345
isolated,retention,distinct-pc:cold,33554432,4,2,8,1,1,120,123.339,140.839,240.844
isolated,retention,distinct-pc:trained,33554432,4,2,8,1,1,120,25.0011,25.8345,30.0013
isolated,retention,distinct-pc:hot,33554432,4,2,8,1,1,120,25.0011,25.8345,30.0013
isolated,retention,distinct-pc:cold,33554432,4,2,8,1,2,120,122.505,140.839,244.177
isolated,retention,distinct-pc:trained,33554432,4,2,8,1,2,120,25.0011,25.8345,26.6678
isolated,retention,distinct-pc:hot,33554432,4,2,8,1,2,120,25.0011,25.8345,25.8345
isolated,retention,shared-pc:cold,33554432,8,2,8,1,0,120,129.172,145.84,223.343
isolated,retention,shared-pc:trained,33554432,8,2,8,1,0,120,28.3346,29.1679,33.3348
isolated,retention,shared-pc:hot,33554432,8,2,8,1,0,120,28.3346,28.3346,30.0013
isolated,retention,shared-pc:cold,33554432,8,2,8,1,1,120,123.339,144.173,278.345
isolated,retention,shared-pc:trained,33554432,8,2,8,1,1,120,28.3346,29.1679,33.3348
isolated,retention,shared-pc:hot,33554432,8,2,8,1,1,120,25.0011,25.0011,29.1679
isolated,retention,shared-pc:cold,33554432,8,2,8,1,2,120,128.339,146.673,225.843
isolated,retention,shared-pc:trained,33554432,8,2,8,1,2,120,28.3346,29.1679,34.1681
isolated,retention,shared-pc:hot,33554432,8,2,8,1,2,120,25.0011,25.0011,30.0013
isolated,retention,distinct-pc:cold,33554432,8,2,8,1,0,120,130.006,144.173,232.51
isolated,retention,distinct-pc:trained,33554432,8,2,8,1,0,120,28.3346,29.1679,29.1679
isolated,retention,distinct-pc:hot,33554432,8,2,8,1,0,120,28.3346,29.1679,29.1679
isolated,retention,distinct-pc:cold,33554432,8,2,8,1,1,120,123.339,140.839,257.511
isolated,retention,distinct-pc:trained,33554432,8,2,8,1,1,120,28.3346,29.1679,33.3348
isolated,retention,distinct-pc:hot,33554432,8,2,8,1,1,120,25.0011,25.8345,30.0013
isolated,retention,distinct-pc:cold,33554432,8,2,8,1,2,120,125.839,140.839,254.178
isolated,retention,distinct-pc:trained,33554432,8,2,8,1,2,120,28.3346,29.1679,29.1679
isolated,retention,distinct-pc:hot,33554432,8,2,8,1,2,120,25.0011,25.8345,26.6678
isolated,retention,shared-pc:cold,33554432,12,2,8,1,0,120,126.672,143.34,181.675
isolated,retention,shared-pc:trained,33554432,12,2,8,1,0,120,28.3346,29.1679,29.1679
isolated,retention,shared-pc:hot,33554432,12,2,8,1,0,120,28.3346,28.3346,29.1679
isolated,retention,shared-pc:cold,33554432,12,2,8,1,1,120,127.506,144.173,216.676
isolated,retention,shared-pc:trained,33554432,12,2,8,1,1,120,28.3346,29.1679,32.5014
isolated,retention,shared-pc:hot,33554432,12,2,8,1,1,120,28.3346,28.3346,33.3348
isolated,retention,shared-pc:cold,33554432,12,2,8,1,2,120,126.672,142.506,230.01
isolated,retention,shared-pc:trained,33554432,12,2,8,1,2,120,28.3346,29.1679,30.0013
isolated,retention,shared-pc:hot,33554432,12,2,8,1,2,120,28.3346,28.3346,33.3348
isolated,retention,distinct-pc:cold,33554432,12,2,8,1,0,120,126.672,144.173,158.34
isolated,retention,distinct-pc:trained,33554432,12,2,8,1,0,120,28.3346,29.1679,31.668
isolated,retention,distinct-pc:hot,33554432,12,2,8,1,0,120,28.3346,29.1679,29.1679
isolated,retention,distinct-pc:cold,33554432,12,2,8,1,1,120,125.839,142.506,185.841
isolated,retention,distinct-pc:trained,33554432,12,2,8,1,1,120,28.3346,29.1679,32.5014
isolated,retention,distinct-pc:hot,33554432,12,2,8,1,1,120,28.3346,29.1679,30.0013
isolated,retention,distinct-pc:cold,33554432,12,2,8,1,2,120,126.672,144.173,237.51
isolated,retention,distinct-pc:trained,33554432,12,2,8,1,2,120,28.3346,29.1679,30.0013
isolated,retention,distinct-pc:hot,33554432,12,2,8,1,2,120,28.3346,29.1679,34.1681
isolated,retention,shared-pc:cold,33554432,16,2,8,1,0,120,130.006,145.006,232.51
isolated,retention,shared-pc:trained,33554432,16,2,8,1,0,120,28.3346,29.1679,34.1681
isolated,retention,shared-pc:hot,33554432,16,2,8,1,0,120,28.3346,29.1679,33.3348
isolated,retention,shared-pc:cold,33554432,16,2,8,1,1,120,126.672,145.84,201.675
isolated,retention,shared-pc:trained,33554432,16,2,8,1,1,120,28.3346,29.1679,30.0013
isolated,retention,shared-pc:hot,33554432,16,2,8,1,1,120,28.3346,28.3346,33.3348
isolated,retention,shared-pc:cold,33554432,16,2,8,1,2,120,125.839,144.173,226.676
isolated,retention,shared-pc:trained,33554432,16,2,8,1,2,120,28.3346,29.1679,34.1681
isolated,retention,shared-pc:hot,33554432,16,2,8,1,2,120,28.3346,28.3346,34.1681
isolated,retention,distinct-pc:cold,33554432,16,2,8,1,0,120,127.506,145.84,265.011
isolated,retention,distinct-pc:trained,33554432,16,2,8,1,0,120,30.8347,31.668,152.507
isolated,retention,distinct-pc:hot,33554432,16,2,8,1,0,120,28.3346,29.1679,29.1679
isolated,retention,distinct-pc:cold,33554432,16,2,8,1,1,120,130.006,145.006,185.008
isolated,retention,distinct-pc:trained,33554432,16,2,8,1,1,120,30.8347,32.5014,143.34
isolated,retention,distinct-pc:hot,33554432,16,2,8,1,1,120,28.3346,29.1679,30.0013
isolated,retention,distinct-pc:cold,33554432,16,2,8,1,2,120,128.339,145.84,238.344
isolated,retention,distinct-pc:trained,33554432,16,2,8,1,2,120,31.668,32.5014,147.506
isolated,retention,distinct-pc:hot,33554432,16,2,8,1,2,120,28.3346,29.1679,33.3348
isolated,retention,shared-pc:cold,33554432,24,2,8,1,0,120,128.339,143.34,179.174
isolated,retention,shared-pc:trained,33554432,24,2,8,1,0,120,28.3346,29.1679,29.1679
isolated,retention,shared-pc:hot,33554432,24,2,8,1,0,120,28.3346,28.3346,29.1679
isolated,retention,shared-pc:cold,33554432,24,2,8,1,1,120,127.506,146.673,196.675
isolated,retention,shared-pc:trained,33554432,24,2,8,1,1,120,28.3346,29.1679,33.3348
isolated,retention,shared-pc:hot,33554432,24,2,8,1,1,120,28.3346,29.1679,33.3348
isolated,retention,shared-pc:cold,33554432,24,2,8,1,2,120,126.672,143.34,190.842
isolated,retention,shared-pc:trained,33554432,24,2,8,1,2,120,28.3346,29.1679,33.3348
isolated,retention,shared-pc:hot,33554432,24,2,8,1,2,120,28.3346,28.3346,29.1679
isolated,retention,distinct-pc:cold,33554432,24,2,8,1,0,120,126.672,143.34,230.01
isolated,retention,distinct-pc:trained,33554432,24,2,8,1,0,120,30.8347,31.668,141.673
isolated,retention,distinct-pc:hot,33554432,24,2,8,1,0,120,28.3346,29.1679,33.3348
isolated,retention,distinct-pc:cold,33554432,24,2,8,1,1,120,128.339,144.173,161.674
isolated,retention,distinct-pc:trained,33554432,24,2,8,1,1,120,30.8347,31.668,142.506
isolated,retention,distinct-pc:hot,33554432,24,2,8,1,1,120,28.3346,29.1679,29.1679
isolated,retention,distinct-pc:cold,33554432,24,2,8,1,2,120,126.672,143.34,250.011
isolated,retention,distinct-pc:trained,33554432,24,2,8,1,2,120,30.8347,31.668,152.507
isolated,retention,distinct-pc:hot,33554432,24,2,8,1,2,120,28.3346,29.1679,29.1679
isolated,retention,shared-pc:cold,33554432,32,2,8,1,0,120,125.839,144.173,208.342
isolated,retention,shared-pc:trained,33554432,32,2,8,1,0,120,28.3346,29.1679,33.3348
isolated,retention,shared-pc:hot,33554432,32,2,8,1,0,120,28.3346,28.3346,33.3348
isolated,retention,shared-pc:cold,33554432,32,2,8,1,1,120,127.506,144.173,223.343
isolated,retention,shared-pc:trained,33554432,32,2,8,1,1,120,28.3346,29.1679,34.1681
isolated,retention,shared-pc:hot,33554432,32,2,8,1,1,120,28.3346,28.3346,30.0013
isolated,retention,shared-pc:cold,33554432,32,2,8,1,2,120,128.339,143.34,206.676
isolated,retention,shared-pc:trained,33554432,32,2,8,1,2,120,28.3346,29.1679,33.3348
isolated,retention,shared-pc:hot,33554432,32,2,8,1,2,120,28.3346,28.3346,29.1679
isolated,retention,distinct-pc:cold,33554432,32,2,8,1,0,120,129.172,146.673,272.512
isolated,retention,distinct-pc:trained,33554432,32,2,8,1,0,120,30.8347,31.668,139.173
isolated,retention,distinct-pc:hot,33554432,32,2,8,1,0,120,28.3346,29.1679,30.0013
isolated,retention,distinct-pc:cold,33554432,32,2,8,1,1,120,126.672,143.34,237.51
isolated,retention,distinct-pc:trained,33554432,32,2,8,1,1,120,30.8347,32.5014,146.673
isolated,retention,distinct-pc:hot,33554432,32,2,8,1,1,120,28.3346,29.1679,30.0013
isolated,retention,distinct-pc:cold,33554432,32,2,8,1,2,120,128.339,144.173,273.345
isolated,retention,distinct-pc:trained,33554432,32,2,8,1,2,120,31.668,32.5014,150.84
isolated,retention,distinct-pc:hot,33554432,32,2,8,1,2,120,28.3346,29.1679,30.0013
isolated,retention,shared-pc:cold,33554432,48,2,8,1,0,120,126.672,143.34,176.674
isolated,retention,shared-pc:trained,33554432,48,2,8,1,0,120,28.3346,29.1679,33.3348
isolated,retention,shared-pc:hot,33554432,48,2,8,1,0,120,28.3346,28.3346,30.0013
isolated,retention,shared-pc:cold,33554432,48,2,8,1,1,120,126.672,144.173,223.343
isolated,retention,shared-pc:trained,33554432,48,2,8,1,1,120,28.3346,29.1679,33.3348
isolated,retention,shared-pc:hot,33554432,48,2,8,1,1,120,28.3346,28.3346,30.0013
isolated,retention,shared-pc:cold,33554432,48,2,8,1,2,120,126.672,144.173,161.674
isolated,retention,shared-pc:trained,33554432,48,2,8,1,2,120,28.3346,29.1679,34.1681
isolated,retention,shared-pc:hot,33554432,48,2,8,1,2,120,28.3346,28.3346,29.1679
isolated,retention,distinct-pc:cold,33554432,48,2,8,1,0,120,127.506,141.673,284.179
isolated,retention,distinct-pc:trained,33554432,48,2,8,1,0,120,30.8347,31.668,144.173
isolated,retention,distinct-pc:hot,33554432,48,2,8,1,0,120,28.3346,29.1679,33.3348
isolated,retention,distinct-pc:cold,33554432,48,2,8,1,1,120,126.672,143.34,324.181
isolated,retention,distinct-pc:trained,33554432,48,2,8,1,1,120,30.8347,32.5014,153.34
isolated,retention,distinct-pc:hot,33554432,48,2,8,1,1,120,28.3346,29.1679,30.0013
isolated,retention,distinct-pc:cold,33554432,48,2,8,1,2,120,125.839,143.34,268.345
isolated,retention,distinct-pc:trained,33554432,48,2,8,1,2,120,31.668,31.668,142.506
isolated,retention,distinct-pc:hot,33554432,48,2,8,1,2,120,28.3346,29.1679,34.1681
isolated,retention,shared-pc:cold,33554432,64,2,8,1,0,120,126.672,145.006,169.174
isolated,retention,shared-pc:trained,33554432,64,2,8,1,0,120,28.3346,29.1679,33.3348
isolated,retention,shared-pc:hot,33554432,64,2,8,1,0,120,28.3346,28.3346,30.8347
isolated,retention,shared-pc:cold,33554432,64,2,8,1,1,120,126.672,144.173,190.842
isolated,retention,shared-pc:trained,33554432,64,2,8,1,1,120,28.3346,29.1679,32.5014
isolated,retention,shared-pc:hot,33554432,64,2,8,1,1,120,28.3346,28.3346,34.1681
isolated,retention,shared-pc:cold,33554432,64,2,8,1,2,120,127.506,142.506,160.84
isolated,retention,shared-pc:trained,33554432,64,2,8,1,2,120,28.3346,29.1679,30.0013
isolated,retention,shared-pc:hot,33554432,64,2,8,1,2,120,28.3346,29.1679,33.3348
isolated,retention,distinct-pc:cold,33554432,64,2,8,1,0,120,127.506,144.173,355.015
isolated,retention,distinct-pc:trained,33554432,64,2,8,1,0,120,28.3346,29.1679,34.1681
isolated,retention,distinct-pc:hot,33554432,64,2,8,1,0,120,28.3346,28.3346,29.1679
isolated,retention,distinct-pc:cold,33554432,64,2,8,1,1,120,128.339,145.84,345.848
isolated,retention,distinct-pc:trained,33554432,64,2,8,1,1,120,28.3346,28.3346,34.1681
isolated,retention,distinct-pc:hot,33554432,64,2,8,1,1,120,28.3346,28.3346,32.5014
isolated,retention,distinct-pc:cold,33554432,64,2,8,1,2,120,127.506,144.173,164.174
isolated,retention,distinct-pc:trained,33554432,64,2,8,1,2,120,28.3346,28.3346,33.3348
isolated,retention,distinct-pc:hot,33554432,64,2,8,1,2,120,28.3346,28.3346,29.1679
isolated,streams,stride2,268435456,1,0,0,0,0,3,18.0366,19.71,19.71
isolated,streams,stride2,268435456,1,0,0,0,1,3,18.6514,21.6535,21.6535
isolated,streams,stride2,268435456,1,0,0,0,2,3,22.7304,23.0795,23.0795
isolated,streams,shuffled-within-page,268435456,1,0,0,0,0,3,59.904,62.615,62.615
isolated,streams,shuffled-within-page,268435456,1,0,0,0,1,3,56.9734,58.9268,58.9268
isolated,streams,shuffled-within-page,268435456,1,0,0,0,2,3,55.2221,56.3602,56.3602
isolated,streams,stride2,268435456,2,0,0,0,0,3,14.3555,14.8836,14.8836
isolated,streams,stride2,268435456,2,0,0,0,1,3,20.0435,20.2291,20.2291
isolated,streams,stride2,268435456,2,0,0,0,2,3,15.6733,15.7433,15.7433
isolated,streams,shuffled-within-page,268435456,2,0,0,0,0,3,43.1805,46.7162,46.7162
isolated,streams,shuffled-within-page,268435456,2,0,0,0,1,3,39.8568,39.8959,39.8959
isolated,streams,shuffled-within-page,268435456,2,0,0,0,2,3,47.902,52.0395,52.0395
isolated,streams,stride2,268435456,4,0,0,0,0,3,13.1386,13.505,13.505
isolated,streams,stride2,268435456,4,0,0,0,1,3,19.8955,19.9137,19.9137
isolated,streams,stride2,268435456,4,0,0,0,2,3,13.7047,16.679,16.679
isolated,streams,shuffled-within-page,268435456,4,0,0,0,0,3,42.8443,46.4514,46.4514
isolated,streams,shuffled-within-page,268435456,4,0,0,0,1,3,39.9426,40.5367,40.5367
isolated,streams,shuffled-within-page,268435456,4,0,0,0,2,3,39.8713,45.2172,45.2172
isolated,streams,stride2,268435456,8,0,0,0,0,3,12.8534,13.3225,13.3225
isolated,streams,stride2,268435456,8,0,0,0,1,3,17.2245,18.7103,18.7103
isolated,streams,stride2,268435456,8,0,0,0,2,3,12.5613,14.4329,14.4329
isolated,streams,shuffled-within-page,268435456,8,0,0,0,0,3,45.0328,48.3762,48.3762
isolated,streams,shuffled-within-page,268435456,8,0,0,0,1,3,41.8044,42.145,42.145
isolated,streams,shuffled-within-page,268435456,8,0,0,0,2,3,41.9099,44.2112,44.2112
isolated,streams,stride2,268435456,12,0,0,0,0,3,11.5665,11.9617,11.9617
isolated,streams,stride2,268435456,12,0,0,0,1,3,18.0555,18.454,18.454
isolated,streams,stride2,268435456,12,0,0,0,2,3,11.9847,17.5991,17.5991
isolated,streams,shuffled-within-page,268435456,12,0,0,0,0,3,40.2881,41.882,41.882
isolated,streams,shuffled-within-page,268435456,12,0,0,0,1,3,40.357,43.0052,43.0052
isolated,streams,shuffled-within-page,268435456,12,0,0,0,2,3,45.4784,51.375,51.375
isolated,streams,stride2,268435456,16,0,0,0,0,3,11.6168,12.9982,12.9982
isolated,streams,stride2,268435456,16,0,0,0,1,3,13.0793,18.3483,18.3483
isolated,streams,stride2,268435456,16,0,0,0,2,3,11.9273,17.0673,17.0673
isolated,streams,shuffled-within-page,268435456,16,0,0,0,0,3,42.2864,44.9184,44.9184
isolated,streams,shuffled-within-page,268435456,16,0,0,0,1,3,41.2956,41.929,41.929
isolated,streams,shuffled-within-page,268435456,16,0,0,0,2,3,43.3686,47.7151,47.7151
isolated,streams,stride2,268435456,24,0,0,0,0,3,11.7943,15.2744,15.2744
isolated,streams,stride2,268435456,24,0,0,0,1,3,12.0568,16.4079,16.4079
isolated,streams,stride2,268435456,24,0,0,0,2,3,20.0214,20.8375,20.8375
isolated,streams,shuffled-within-page,268435456,24,0,0,0,0,3,44.9136,47.6773,47.6773
isolated,streams,shuffled-within-page,268435456,24,0,0,0,1,3,42.6162,42.7271,42.7271
isolated,streams,shuffled-within-page,268435456,24,0,0,0,2,3,43.4002,44.1378,44.1378
isolated,streams,stride2,268435456,32,0,0,0,0,3,11.9234,13.5224,13.5224
isolated,streams,stride2,268435456,32,0,0,0,1,3,20.4509,26.4107,26.4107
isolated,streams,stride2,268435456,32,0,0,0,2,3,11.6801,18.9713,18.9713
isolated,streams,shuffled-within-page,268435456,32,0,0,0,0,3,42.2345,44.5476,44.5476
isolated,streams,shuffled-within-page,268435456,32,0,0,0,1,3,40.7151,40.8827,40.8827
isolated,streams,shuffled-within-page,268435456,32,0,0,0,2,3,42.968,54.3601,54.3601
isolated,streams,stride2,268435456,48,0,0,0,0,3,23.0885,23.7995,23.7995
isolated,streams,stride2,268435456,48,0,0,0,1,3,23.0757,23.3723,23.3723
isolated,streams,stride2,268435456,48,0,0,0,2,3,39.405,50.2774,50.2774
isolated,streams,shuffled-within-page,268435456,48,0,0,0,0,3,49.5459,53.0468,53.0468
isolated,streams,shuffled-within-page,268435456,48,0,0,0,1,3,46.7134,46.734,46.734
isolated,streams,shuffled-within-page,268435456,48,0,0,0,2,3,46.7957,47.8087,47.8087
isolated,streams,stride2,268435456,64,0,0,0,0,3,37.6091,38.3103,38.3103
isolated,streams,stride2,268435456,64,0,0,0,1,3,32.5719,35.5088,35.5088
isolated,streams,stride2,268435456,64,0,0,0,2,3,31.3292,31.6176,31.6176
isolated,streams,shuffled-within-page,268435456,64,0,0,0,0,3,45.6302,48.8639,48.8639
isolated,streams,shuffled-within-page,268435456,64,0,0,0,1,3,43.4298,43.4619,43.4619
isolated,streams,shuffled-within-page,268435456,64,0,0,0,2,3,50.2837,75.2707,75.2707
thp,mlp,thp-requested,16384,1,0,0,0,0,3,1.60071,1.60074,1.60074
thp,mlp,thp-requested,16384,1,0,0,0,1,3,1.61941,1.62114,1.62114
thp,mlp,thp-requested,16384,1,0,0,0,2,3,1.61596,1.61944,1.61944
thp,mlp,thp-requested,16384,2,0,0,0,0,3,0.79953,0.800984,0.800984
thp,mlp,thp-requested,16384,2,0,0,0,1,3,0.799873,0.808619,0.808619
thp,mlp,thp-requested,16384,2,0,0,0,2,3,0.808018,0.812815,0.812815
thp,mlp,thp-requested,16384,4,0,0,0,0,3,0.399689,0.40509,0.40509
thp,mlp,thp-requested,16384,4,0,0,0,1,3,0.403499,0.40796,0.40796
thp,mlp,thp-requested,16384,4,0,0,0,2,3,0.404133,0.404968,0.404968
thp,mlp,thp-requested,16384,8,0,0,0,0,3,0.203423,0.205338,0.205338
thp,mlp,thp-requested,16384,8,0,0,0,1,3,0.205655,0.206287,0.206287
thp,mlp,thp-requested,16384,8,0,0,0,2,3,0.20318,0.205749,0.205749
thp,mlp,thp-requested,16384,12,0,0,0,0,3,0.159219,0.159233,0.159233
thp,mlp,thp-requested,16384,12,0,0,0,1,3,0.159111,0.159155,0.159155
thp,mlp,thp-requested,16384,12,0,0,0,2,3,0.159069,0.159121,0.159121
thp,mlp,thp-requested,16384,16,0,0,0,0,3,0.233137,0.236377,0.236377
thp,mlp,thp-requested,16384,16,0,0,0,1,3,0.23312,0.237538,0.237538
thp,mlp,thp-requested,16384,16,0,0,0,2,3,0.235989,0.238628,0.238628
thp,mlp,thp-requested,16384,24,0,0,0,0,3,0.337088,0.337111,0.337111
thp,mlp,thp-requested,16384,24,0,0,0,1,3,0.333314,0.336333,0.336333
thp,mlp,thp-requested,16384,24,0,0,0,2,3,0.336539,0.337317,0.337317
thp,mlp,thp-requested,16384,32,0,0,0,0,3,0.378901,0.380044,0.380044
thp,mlp,thp-requested,16384,32,0,0,0,1,3,0.380119,0.381896,0.381896
thp,mlp,thp-requested,16384,32,0,0,0,2,3,0.378694,0.378969,0.378969
thp,mlp,thp-requested,16384,48,0,0,0,0,3,0.446869,0.448513,0.448513
thp,mlp,thp-requested,16384,48,0,0,0,1,3,0.449606,0.450013,0.450013
thp,mlp,thp-requested,16384,48,0,0,0,2,3,0.450158,0.450504,0.450504
thp,mlp,thp-requested,16384,64,0,0,0,0,3,0.464938,0.465089,0.465089
thp,mlp,thp-requested,16384,64,0,0,0,1,3,0.459066,0.464706,0.464706
thp,mlp,thp-requested,16384,64,0,0,0,2,3,0.458315,0.463971,0.463971
thp,mlp,thp-requested,524288,1,0,0,0,0,3,5.08323,5.08969,5.08969
thp,mlp,thp-requested,524288,1,0,0,0,1,3,5.07316,5.07465,5.07465
thp,mlp,thp-requested,524288,1,0,0,0,2,3,5.07705,5.12801,5.12801
thp,mlp,thp-requested,524288,2,0,0,0,0,3,2.5211,2.55839,2.55839
thp,mlp,thp-requested,524288,2,0,0,0,1,3,2.52036,2.54822,2.54822
thp,mlp,thp-requested,524288,2,0,0,0,2,3,2.51893,2.54786,2.54786
thp,mlp,thp-requested,524288,4,0,0,0,0,3,1.29109,1.29154,1.29154
thp,mlp,thp-requested,524288,4,0,0,0,1,3,1.27659,1.27674,1.27674
thp,mlp,thp-requested,524288,4,0,0,0,2,3,1.29178,1.29367,1.29367
thp,mlp,thp-requested,524288,8,0,0,0,0,3,0.675709,0.676904,0.676904
thp,mlp,thp-requested,524288,8,0,0,0,1,3,0.667768,0.675305,0.675305
thp,mlp,thp-requested,524288,8,0,0,0,2,3,0.669959,0.673775,0.673775
thp,mlp,thp-requested,524288,12,0,0,0,0,3,0.480618,0.485588,0.485588
thp,mlp,thp-requested,524288,12,0,0,0,1,3,0.487659,0.490878,0.490878
thp,mlp,thp-requested,524288,12,0,0,0,2,3,0.480424,0.486602,0.486602
thp,mlp,thp-requested,524288,16,0,0,0,0,3,0.510666,0.511843,0.511843
thp,mlp,thp-requested,524288,16,0,0,0,1,3,0.511998,0.512205,0.512205
thp,mlp,thp-requested,524288,16,0,0,0,2,3,0.511268,0.511735,0.511735
thp,mlp,thp-requested,524288,24,0,0,0,0,3,0.613811,0.614358,0.614358
thp,mlp,thp-requested,524288,24,0,0,0,1,3,0.613219,0.613983,0.613983
thp,mlp,thp-requested,524288,24,0,0,0,2,3,0.607994,0.613449,0.613449
thp,mlp,thp-requested,524288,32,0,0,0,0,3,0.655765,0.657371,0.657371
thp,mlp,thp-requested,524288,32,0,0,0,1,3,0.655163,0.655613,0.655613
thp,mlp,thp-requested,524288,32,0,0,0,2,3,0.648642,0.655519,0.655519
thp,mlp,thp-requested,524288,48,0,0,0,0,3,0.719355,0.727043,0.727043
thp,mlp,thp-requested,524288,48,0,0,0,1,3,0.719908,0.729178,0.729178
thp,mlp,thp-requested,524288,48,0,0,0,2,3,0.728186,0.732917,0.732917
thp,mlp,thp-requested,524288,64,0,0,0,0,3,0.738775,0.740866,0.740866
thp,mlp,thp-requested,524288,64,0,0,0,1,3,0.740131,0.741068,0.741068
thp,mlp,thp-requested,524288,64,0,0,0,2,3,0.733022,0.737206,0.737206
thp,mlp,thp-requested,8388608,1,0,0,0,0,3,37.0738,37.1017,37.1017
thp,mlp,thp-requested,8388608,1,0,0,0,1,3,37.0408,37.0664,37.0664
thp,mlp,thp-requested,8388608,1,0,0,0,2,3,37.0239,37.037,37.037
thp,mlp,thp-requested,8388608,2,0,0,0,0,3,18.634,18.6541,18.6541
thp,mlp,thp-requested,8388608,2,0,0,0,1,3,18.6515,18.6754,18.6754
thp,mlp,thp-requested,8388608,2,0,0,0,2,3,18.6016,18.617,18.617
thp,mlp,thp-requested,8388608,4,0,0,0,0,3,9.38639,9.39104,9.39104
thp,mlp,thp-requested,8388608,4,0,0,0,1,3,9.37034,9.3946,9.3946
thp,mlp,thp-requested,8388608,4,0,0,0,2,3,9.39243,9.40272,9.40272
thp,mlp,thp-requested,8388608,8,0,0,0,0,3,4.76785,4.77843,4.77843
thp,mlp,thp-requested,8388608,8,0,0,0,1,3,4.76574,4.78811,4.78811
thp,mlp,thp-requested,8388608,8,0,0,0,2,3,4.77957,4.78991,4.78991
thp,mlp,thp-requested,8388608,12,0,0,0,0,3,3.3758,3.37746,3.37746
thp,mlp,thp-requested,8388608,12,0,0,0,1,3,3.37462,3.37946,3.37946
thp,mlp,thp-requested,8388608,12,0,0,0,2,3,3.37182,3.37398,3.37398
thp,mlp,thp-requested,8388608,16,0,0,0,0,3,2.96043,2.96898,2.96898
thp,mlp,thp-requested,8388608,16,0,0,0,1,3,2.96947,2.97012,2.97012
thp,mlp,thp-requested,8388608,16,0,0,0,2,3,2.96666,2.97407,2.97407
thp,mlp,thp-requested,8388608,24,0,0,0,0,3,2.845,2.84721,2.84721
thp,mlp,thp-requested,8388608,24,0,0,0,1,3,2.84069,2.8408,2.8408
thp,mlp,thp-requested,8388608,24,0,0,0,2,3,2.84424,2.84463,2.84463
thp,mlp,thp-requested,8388608,32,0,0,0,0,3,2.81611,2.81797,2.81797
thp,mlp,thp-requested,8388608,32,0,0,0,1,3,2.81684,2.82991,2.82991
thp,mlp,thp-requested,8388608,32,0,0,0,2,3,2.80833,2.81782,2.81782
thp,mlp,thp-requested,8388608,48,0,0,0,0,3,2.81043,2.8135,2.8135
thp,mlp,thp-requested,8388608,48,0,0,0,1,3,2.80587,2.82184,2.82184
thp,mlp,thp-requested,8388608,48,0,0,0,2,3,2.8143,2.81882,2.81882
thp,mlp,thp-requested,8388608,64,0,0,0,0,3,2.83468,2.84416,2.84416
thp,mlp,thp-requested,8388608,64,0,0,0,1,3,2.83286,2.83461,2.83461
thp,mlp,thp-requested,8388608,64,0,0,0,2,3,2.8255,2.83357,2.83357
thp,mlp,thp-requested,268435456,1,0,0,0,0,3,107.683,107.833,107.833
thp,mlp,thp-requested,268435456,1,0,0,0,1,3,107.81,108.569,108.569
thp,mlp,thp-requested,268435456,1,0,0,0,2,3,107.975,108.532,108.532
thp,mlp,thp-requested,268435456,2,0,0,0,0,3,53.2833,53.7674,53.7674
thp,mlp,thp-requested,268435456,2,0,0,0,1,3,50.4032,51.6478,51.6478
thp,mlp,thp-requested,268435456,2,0,0,0,2,3,55.1992,55.4783,55.4783
thp,mlp,thp-requested,268435456,4,0,0,0,0,3,30.7488,30.8866,30.8866
thp,mlp,thp-requested,268435456,4,0,0,0,1,3,31.1368,31.1912,31.1912
thp,mlp,thp-requested,268435456,4,0,0,0,2,3,31.0946,31.22,31.22
thp,mlp,thp-requested,268435456,8,0,0,0,0,3,15.1316,15.9323,15.9323
thp,mlp,thp-requested,268435456,8,0,0,0,1,3,16.1785,16.1923,16.1923
thp,mlp,thp-requested,268435456,8,0,0,0,2,3,16.1463,16.1688,16.1688
thp,mlp,thp-requested,268435456,12,0,0,0,0,3,10.0691,10.964,10.964
thp,mlp,thp-requested,268435456,12,0,0,0,1,3,11.317,11.394,11.394
thp,mlp,thp-requested,268435456,12,0,0,0,2,3,8.27761,11.3492,11.3492
thp,mlp,thp-requested,268435456,16,0,0,0,0,3,8.2712,9.48449,9.48449
thp,mlp,thp-requested,268435456,16,0,0,0,1,3,9.8088,9.82326,9.82326
thp,mlp,thp-requested,268435456,16,0,0,0,2,3,5.7553,8.68979,8.68979
thp,mlp,thp-requested,268435456,24,0,0,0,0,3,7.85918,9.18182,9.18182
thp,mlp,thp-requested,268435456,24,0,0,0,1,3,9.2989,9.40908,9.40908
thp,mlp,thp-requested,268435456,24,0,0,0,2,3,6.56689,6.7419,6.7419
thp,mlp,thp-requested,268435456,32,0,0,0,0,3,7.20184,9.16861,9.16861
thp,mlp,thp-requested,268435456,32,0,0,0,1,3,7.77743,9.22686,9.22686
thp,mlp,thp-requested,268435456,32,0,0,0,2,3,5.68618,9.0906,9.0906
thp,mlp,thp-requested,268435456,48,0,0,0,0,3,7.23564,9.16088,9.16088
thp,mlp,thp-requested,268435456,48,0,0,0,1,3,8.77739,9.34356,9.34356
thp,mlp,thp-requested,268435456,48,0,0,0,2,3,4.87914,7.97642,7.97642
thp,mlp,thp-requested,268435456,64,0,0,0,0,3,7.34112,9.19602,9.19602
thp,mlp,thp-requested,268435456,64,0,0,0,1,3,8.8104,9.53604,9.53604
thp,mlp,thp-requested,268435456,64,0,0,0,2,3,5.12637,7.7872,7.7872
thp-tlb,tlb,packed-thp-requested,4096,1,0,0,0,0,3,1.60307,1.62338,1.62338
thp-tlb,tlb,packed-thp-requested,4096,1,0,0,0,1,3,1.60243,1.61996,1.61996
thp-tlb,tlb,packed-thp-requested,4096,1,0,0,0,2,3,1.60369,1.6357,1.6357
thp-tlb,tlb,sparse-thp-requested,65536,1,0,0,0,0,3,1.61623,1.62985,1.62985
thp-tlb,tlb,sparse-thp-requested,65536,1,0,0,0,1,3,1.59955,1.61923,1.61923
thp-tlb,tlb,sparse-thp-requested,65536,1,0,0,0,2,3,1.62016,1.62339,1.62339
thp-tlb,tlb,packed-thp-requested,4096,1,0,0,0,0,3,1.61479,1.61479,1.61479
thp-tlb,tlb,packed-thp-requested,4096,1,0,0,0,1,3,1.59891,1.6312,1.6312
thp-tlb,tlb,packed-thp-requested,4096,1,0,0,0,2,3,1.61731,1.61822,1.61822
thp-tlb,tlb,sparse-thp-requested,131072,1,0,0,0,0,3,1.61609,1.61627,1.61627
thp-tlb,tlb,sparse-thp-requested,131072,1,0,0,0,1,3,1.6149,1.61741,1.61741
thp-tlb,tlb,sparse-thp-requested,131072,1,0,0,0,2,3,1.60911,1.61611,1.61611
thp-tlb,tlb,packed-thp-requested,4096,1,0,0,0,0,3,1.59968,1.62057,1.62057
thp-tlb,tlb,packed-thp-requested,4096,1,0,0,0,1,3,1.59843,1.60161,1.60161
thp-tlb,tlb,packed-thp-requested,4096,1,0,0,0,2,3,1.59965,1.61561,1.61561
thp-tlb,tlb,sparse-thp-requested,262144,1,0,0,0,0,3,1.60145,1.62291,1.62291
thp-tlb,tlb,sparse-thp-requested,262144,1,0,0,0,1,3,1.60381,1.62189,1.62189
thp-tlb,tlb,sparse-thp-requested,262144,1,0,0,0,2,3,1.60448,1.62126,1.62126
thp-tlb,tlb,packed-thp-requested,8192,1,0,0,0,0,3,1.59832,1.6172,1.6172
thp-tlb,tlb,packed-thp-requested,8192,1,0,0,0,1,3,1.59829,1.61369,1.61369
thp-tlb,tlb,packed-thp-requested,8192,1,0,0,0,2,3,1.59972,1.61631,1.61631
thp-tlb,tlb,sparse-thp-requested,524288,1,0,0,0,0,3,3.50185,3.50729,3.50729
thp-tlb,tlb,sparse-thp-requested,524288,1,0,0,0,1,3,3.46515,3.50754,3.50754
thp-tlb,tlb,sparse-thp-requested,524288,1,0,0,0,2,3,3.51484,3.53206,3.53206
thp-tlb,tlb,packed-thp-requested,16384,1,0,0,0,0,3,1.61899,1.62031,1.62031
thp-tlb,tlb,packed-thp-requested,16384,1,0,0,0,1,3,1.60807,1.61729,1.61729
thp-tlb,tlb,packed-thp-requested,16384,1,0,0,0,2,3,1.60988,1.61778,1.61778
thp-tlb,tlb,sparse-thp-requested,1048576,1,0,0,0,0,3,3.46985,3.49672,3.49672
thp-tlb,tlb,sparse-thp-requested,1048576,1,0,0,0,1,3,3.46457,3.49641,3.49641
thp-tlb,tlb,sparse-thp-requested,1048576,1,0,0,0,2,3,3.50239,3.51319,3.51319
thp-tlb,tlb,packed-thp-requested,32768,1,0,0,0,0,3,1.6009,1.62074,1.62074
thp-tlb,tlb,packed-thp-requested,32768,1,0,0,0,1,3,1.60494,1.61343,1.61343
thp-tlb,tlb,packed-thp-requested,32768,1,0,0,0,2,3,1.61241,1.62139,1.62139
thp-tlb,tlb,sparse-thp-requested,2097152,1,0,0,0,0,3,1.6044,1.61941,1.61941
thp-tlb,tlb,sparse-thp-requested,2097152,1,0,0,0,1,3,1.62031,1.62072,1.62072
thp-tlb,tlb,sparse-thp-requested,2097152,1,0,0,0,2,3,1.61808,1.61927,1.61927
thp-tlb,tlb,packed-thp-requested,65536,1,0,0,0,0,3,4.55103,4.55359,4.55359
thp-tlb,tlb,packed-thp-requested,65536,1,0,0,0,1,3,4.54172,4.56312,4.56312
thp-tlb,tlb,packed-thp-requested,65536,1,0,0,0,2,3,4.53932,4.58172,4.58172
thp-tlb,tlb,sparse-thp-requested,4194304,1,0,0,0,0,3,4.61902,4.64664,4.64664
thp-tlb,tlb,sparse-thp-requested,4194304,1,0,0,0,1,3,4.57821,4.62624,4.62624
thp-tlb,tlb,sparse-thp-requested,4194304,1,0,0,0,2,3,4.56816,4.59453,4.59453
thp-tlb,tlb,packed-thp-requested,131072,1,0,0,0,0,3,4.58072,4.58098,4.58098
thp-tlb,tlb,packed-thp-requested,131072,1,0,0,0,1,3,4.52617,4.53082,4.53082
thp-tlb,tlb,packed-thp-requested,131072,1,0,0,0,2,3,4.554,4.5903,4.5903
thp-tlb,tlb,sparse-thp-requested,8388608,1,0,0,0,0,3,36.6986,36.6993,36.6993
thp-tlb,tlb,sparse-thp-requested,8388608,1,0,0,0,1,3,36.7135,36.7486,36.7486
thp-tlb,tlb,sparse-thp-requested,8388608,1,0,0,0,2,3,36.7019,36.7181,36.7181
thp-tlb,tlb,packed-thp-requested,262144,1,0,0,0,0,3,4.56131,4.58506,4.58506
thp-tlb,tlb,packed-thp-requested,262144,1,0,0,0,1,3,4.57039,4.6017,4.6017
thp-tlb,tlb,packed-thp-requested,262144,1,0,0,0,2,3,4.53214,4.58046,4.58046
thp-tlb,tlb,sparse-thp-requested,16777216,1,0,0,0,0,3,36.637,36.7379,36.7379
thp-tlb,tlb,sparse-thp-requested,16777216,1,0,0,0,1,3,36.6407,36.6502,36.6502
thp-tlb,tlb,sparse-thp-requested,16777216,1,0,0,0,2,3,36.5599,36.8739,36.8739
thp-tlb,tlb,packed-thp-requested,524288,1,0,0,0,0,3,5.01607,5.08306,5.08306
thp-tlb,tlb,packed-thp-requested,524288,1,0,0,0,1,3,5.02514,5.06574,5.06574
thp-tlb,tlb,packed-thp-requested,524288,1,0,0,0,2,3,5.02044,5.07305,5.07305
thp-tlb,tlb,sparse-thp-requested,33554432,1,0,0,0,0,3,36.8736,36.8783,36.8783
thp-tlb,tlb,sparse-thp-requested,33554432,1,0,0,0,1,3,36.8502,36.8807,36.8807
thp-tlb,tlb,sparse-thp-requested,33554432,1,0,0,0,2,3,36.8304,36.8629,36.8629
separate-core-cpu1-handoff,handoff,cold,33554432,2,0,0,0,0,120,125.837,150.005,191.673
separate-core-cpu1-handoff,handoff,peer-clean,33554432,2,0,0,0,0,120,130.004,160.005,187.506
separate-core-cpu1-handoff,handoff,peer-dirty,33554432,2,0,0,0,0,120,131.671,161.672,190.006
separate-core-cpu1-handoff,handoff,local-hot,33554432,2,0,0,0,0,120,25.0008,25.0008,25.8342
separate-core-cpu1-handoff,handoff,cold,33554432,2,0,0,0,1,120,124.171,149.172,239.175
separate-core-cpu1-handoff,handoff,peer-clean,33554432,2,0,0,0,1,120,128.338,154.172,187.506
separate-core-cpu1-handoff,handoff,peer-dirty,33554432,2,0,0,0,1,120,130.838,160.839,187.506
separate-core-cpu1-handoff,handoff,local-hot,33554432,2,0,0,0,1,120,25.0008,25.8342,25.8342
separate-core-cpu1-handoff,handoff,cold,33554432,2,0,0,0,2,120,122.504,139.171,185.839
separate-core-cpu1-handoff,handoff,peer-clean,33554432,2,0,0,0,2,120,130.004,161.672,190.006
separate-core-cpu1-handoff,handoff,peer-dirty,33554432,2,0,0,0,2,120,131.671,162.505,190.84
separate-core-cpu1-handoff,handoff,local-hot,33554432,2,0,0,0,2,120,25.0008,25.0008,25.8342
separate-core-cpu1-handoff,sharing,same-word,1024,2,0,0,0,0,1,19.3436,19.3436,19.3436
separate-core-cpu1-handoff,sharing,same-word,1024,2,0,0,0,1,1,19.3187,19.3187,19.3187
separate-core-cpu1-handoff,sharing,same-word,1024,2,0,0,0,2,1,19.175,19.175,19.175
separate-core-cpu1-handoff,sharing,same-line,1024,2,8,0,0,0,1,19.449,19.449,19.449
separate-core-cpu1-handoff,sharing,same-line,1024,2,8,0,0,1,1,19.3277,19.3277,19.3277
separate-core-cpu1-handoff,sharing,same-line,1024,2,8,0,0,2,1,18.9757,18.9757,18.9757
separate-core-cpu1-handoff,sharing,same-line,1024,2,16,0,0,0,1,19.3379,19.3379,19.3379
separate-core-cpu1-handoff,sharing,same-line,1024,2,16,0,0,1,1,19.2489,19.2489,19.2489
separate-core-cpu1-handoff,sharing,same-line,1024,2,16,0,0,2,1,19.1565,19.1565,19.1565
separate-core-cpu1-handoff,sharing,same-line,1024,2,32,0,0,0,1,17.1465,17.1465,17.1465
separate-core-cpu1-handoff,sharing,same-line,1024,2,32,0,0,1,1,19.3396,19.3396,19.3396
separate-core-cpu1-handoff,sharing,same-line,1024,2,32,0,0,2,1,19.1823,19.1823,19.1823
separate-core-cpu1-handoff,sharing,separate-lines,1024,2,64,0,0,0,1,2.55876,2.55876,2.55876
separate-core-cpu1-handoff,sharing,separate-lines,1024,2,64,0,0,1,1,2.48229,2.48229,2.48229
separate-core-cpu1-handoff,sharing,separate-lines,1024,2,64,0,0,2,1,2.63202,2.63202,2.63202
separate-core-cpu1-handoff,sharing,separate-lines,1024,2,128,0,0,0,1,2.58426,2.58426,2.58426
separate-core-cpu1-handoff,sharing,separate-lines,1024,2,128,0,0,1,1,2.37339,2.37339,2.37339
separate-core-cpu1-handoff,sharing,separate-lines,1024,2,128,0,0,2,1,2.47068,2.47068,2.47068
separate-core-cpu1-handoff,sharing,separate-lines,1024,2,256,0,0,0,1,2.6098,2.6098,2.6098
separate-core-cpu1-handoff,sharing,separate-lines,1024,2,256,0,0,1,1,2.59952,2.59952,2.59952
separate-core-cpu1-handoff,sharing,separate-lines,1024,2,256,0,0,2,1,2.37004,2.37004,2.37004
separate-core-cpu1-handoff,sharing,separate-lines,1024,2,512,0,0,0,1,2.47741,2.47741,2.47741
separate-core-cpu1-handoff,sharing,separate-lines,1024,2,512,0,0,1,1,2.38193,2.38193,2.38193
separate-core-cpu1-handoff,sharing,separate-lines,1024,2,512,0,0,2,1,2.37461,2.37461,2.37461
separate-core-cpu1-compute,mlp,base,16384,1,0,0,0,0,3,1.61888,1.62932,1.62932
separate-core-cpu1-compute,mlp,base,16384,1,0,0,0,1,3,1.61959,1.62022,1.62022
separate-core-cpu1-compute,mlp,base,16384,1,0,0,0,2,3,1.60756,1.61672,1.61672
separate-core-cpu1-compute,mlp,base,16384,2,0,0,0,0,3,0.799795,0.816988,0.816988
separate-core-cpu1-compute,mlp,base,16384,2,0,0,0,1,3,0.811409,0.813188,0.813188
separate-core-cpu1-compute,mlp,base,16384,2,0,0,0,2,3,0.811835,0.812518,0.812518
separate-core-cpu1-compute,mlp,base,16384,4,0,0,0,0,3,0.40006,0.40452,0.40452
separate-core-cpu1-compute,mlp,base,16384,4,0,0,0,1,3,0.404081,0.404587,0.404587
separate-core-cpu1-compute,mlp,base,16384,4,0,0,0,2,3,0.406036,0.406505,0.406505
separate-core-cpu1-compute,mlp,base,16384,8,0,0,0,0,3,0.204792,0.205848,0.205848
separate-core-cpu1-compute,mlp,base,16384,8,0,0,0,1,3,0.205406,0.205467,0.205467
separate-core-cpu1-compute,mlp,base,16384,8,0,0,0,2,3,0.206595,0.20676,0.20676
separate-core-cpu1-compute,mlp,base,16384,12,0,0,0,0,3,0.162249,0.163569,0.163569
separate-core-cpu1-compute,mlp,base,16384,12,0,0,0,1,3,0.162281,0.162731,0.162731
separate-core-cpu1-compute,mlp,base,16384,12,0,0,0,2,3,0.162767,0.162822,0.162822
separate-core-cpu1-compute,mlp,base,16384,16,0,0,0,0,3,0.236372,0.237153,0.237153
separate-core-cpu1-compute,mlp,base,16384,16,0,0,0,1,3,0.234118,0.235894,0.235894
separate-core-cpu1-compute,mlp,base,16384,16,0,0,0,2,3,0.234615,0.236118,0.236118
separate-core-cpu1-compute,mlp,base,16384,24,0,0,0,0,3,0.337448,0.337701,0.337701
separate-core-cpu1-compute,mlp,base,16384,24,0,0,0,1,3,0.33681,0.33721,0.33721
separate-core-cpu1-compute,mlp,base,16384,24,0,0,0,2,3,0.336219,0.337699,0.337699
separate-core-cpu1-compute,mlp,base,16384,32,0,0,0,0,3,0.379532,0.380846,0.380846
separate-core-cpu1-compute,mlp,base,16384,32,0,0,0,1,3,0.375079,0.379224,0.379224
separate-core-cpu1-compute,mlp,base,16384,32,0,0,0,2,3,0.374883,0.379856,0.379856
separate-core-cpu1-compute,mlp,base,16384,48,0,0,0,0,3,0.444104,0.444145,0.444145
separate-core-cpu1-compute,mlp,base,16384,48,0,0,0,1,3,0.445048,0.44989,0.44989
separate-core-cpu1-compute,mlp,base,16384,48,0,0,0,2,3,0.44878,0.451657,0.451657
separate-core-cpu1-compute,mlp,base,16384,64,0,0,0,0,3,0.458113,0.458382,0.458382
separate-core-cpu1-compute,mlp,base,16384,64,0,0,0,1,3,0.464018,0.466538,0.466538
separate-core-cpu1-compute,mlp,base,16384,64,0,0,0,2,3,0.463141,0.463778,0.463778
separate-core-cpu1-compute,mlp,base,524288,1,0,0,0,0,3,5.08862,5.13257,5.13257
separate-core-cpu1-compute,mlp,base,524288,1,0,0,0,1,3,5.08691,5.11115,5.11115
separate-core-cpu1-compute,mlp,base,524288,1,0,0,0,2,3,5.08075,5.09672,5.09672
separate-core-cpu1-compute,mlp,base,524288,2,0,0,0,0,3,2.54909,2.55428,2.55428
separate-core-cpu1-compute,mlp,base,524288,2,0,0,0,1,3,2.52142,2.54733,2.54733
separate-core-cpu1-compute,mlp,base,524288,2,0,0,0,2,3,2.52107,2.55564,2.55564
separate-core-cpu1-compute,mlp,base,524288,4,0,0,0,0,3,1.28485,1.28826,1.28826
separate-core-cpu1-compute,mlp,base,524288,4,0,0,0,1,3,1.28871,1.29496,1.29496
separate-core-cpu1-compute,mlp,base,524288,4,0,0,0,2,3,1.27742,1.2926,1.2926
separate-core-cpu1-compute,mlp,base,524288,8,0,0,0,0,3,0.674617,0.67496,0.67496
separate-core-cpu1-compute,mlp,base,524288,8,0,0,0,1,3,0.667921,0.674522,0.674522
separate-core-cpu1-compute,mlp,base,524288,8,0,0,0,2,3,0.667748,0.668175,0.668175
separate-core-cpu1-compute,mlp,base,524288,12,0,0,0,0,3,0.480865,0.488098,0.488098
separate-core-cpu1-compute,mlp,base,524288,12,0,0,0,1,3,0.486422,0.48742,0.48742
separate-core-cpu1-compute,mlp,base,524288,12,0,0,0,2,3,0.483297,0.486143,0.486143
separate-core-cpu1-compute,mlp,base,524288,16,0,0,0,0,3,0.510603,0.512879,0.512879
separate-core-cpu1-compute,mlp,base,524288,16,0,0,0,1,3,0.50735,0.512573,0.512573
separate-core-cpu1-compute,mlp,base,524288,16,0,0,0,2,3,0.51263,0.512864,0.512864
separate-core-cpu1-compute,mlp,base,524288,24,0,0,0,0,3,0.607565,0.61908,0.61908
separate-core-cpu1-compute,mlp,base,524288,24,0,0,0,1,3,0.614184,0.615169,0.615169
separate-core-cpu1-compute,mlp,base,524288,24,0,0,0,2,3,0.607358,0.615631,0.615631
separate-core-cpu1-compute,mlp,base,524288,32,0,0,0,0,3,0.649548,0.649637,0.649637
separate-core-cpu1-compute,mlp,base,524288,32,0,0,0,1,3,0.657502,0.659405,0.659405
separate-core-cpu1-compute,mlp,base,524288,32,0,0,0,2,3,0.650052,0.651349,0.651349
separate-core-cpu1-compute,mlp,base,524288,48,0,0,0,0,3,0.723975,0.729008,0.729008
separate-core-cpu1-compute,mlp,base,524288,48,0,0,0,1,3,0.730489,0.733695,0.733695
separate-core-cpu1-compute,mlp,base,524288,48,0,0,0,2,3,0.730796,0.733092,0.733092
separate-core-cpu1-compute,mlp,base,524288,64,0,0,0,0,3,0.741506,0.742961,0.742961
separate-core-cpu1-compute,mlp,base,524288,64,0,0,0,1,3,0.743221,0.743322,0.743322
separate-core-cpu1-compute,mlp,base,524288,64,0,0,0,2,3,0.741515,0.743044,0.743044
separate-core-cpu1-compute,mlp,base,8388608,1,0,0,0,0,3,40.0855,40.0887,40.0887
separate-core-cpu1-compute,mlp,base,8388608,1,0,0,0,1,3,40.0869,40.1733,40.1733
separate-core-cpu1-compute,mlp,base,8388608,1,0,0,0,2,3,39.9354,40.0714,40.0714
separate-core-cpu1-compute,mlp,base,8388608,2,0,0,0,0,3,20.1896,20.193,20.193
separate-core-cpu1-compute,mlp,base,8388608,2,0,0,0,1,3,20.1226,20.1785,20.1785
separate-core-cpu1-compute,mlp,base,8388608,2,0,0,0,2,3,20.1462,20.176,20.176
separate-core-cpu1-compute,mlp,base,8388608,4,0,0,0,0,3,10.1766,10.1859,10.1859
separate-core-cpu1-compute,mlp,base,8388608,4,0,0,0,1,3,10.1782,10.1783,10.1783
separate-core-cpu1-compute,mlp,base,8388608,4,0,0,0,2,3,10.1809,10.21,10.21
separate-core-cpu1-compute,mlp,base,8388608,8,0,0,0,0,3,5.16343,5.17717,5.17717
separate-core-cpu1-compute,mlp,base,8388608,8,0,0,0,1,3,5.17695,5.17855,5.17855
separate-core-cpu1-compute,mlp,base,8388608,8,0,0,0,2,3,5.1779,5.21042,5.21042
separate-core-cpu1-compute,mlp,base,8388608,12,0,0,0,0,3,3.6023,3.60301,3.60301
separate-core-cpu1-compute,mlp,base,8388608,12,0,0,0,1,3,3.60122,3.60221,3.60221
separate-core-cpu1-compute,mlp,base,8388608,12,0,0,0,2,3,3.60271,3.61064,3.61064
separate-core-cpu1-compute,mlp,base,8388608,16,0,0,0,0,3,3.09107,3.09494,3.09494
separate-core-cpu1-compute,mlp,base,8388608,16,0,0,0,1,3,3.09481,3.09489,3.09489
separate-core-cpu1-compute,mlp,base,8388608,16,0,0,0,2,3,3.09206,3.09307,3.09307
separate-core-cpu1-compute,mlp,base,8388608,24,0,0,0,0,3,2.91611,2.91743,2.91743
separate-core-cpu1-compute,mlp,base,8388608,24,0,0,0,1,3,2.91847,2.92214,2.92214
separate-core-cpu1-compute,mlp,base,8388608,24,0,0,0,2,3,2.90775,2.91745,2.91745
separate-core-cpu1-compute,mlp,base,8388608,32,0,0,0,0,3,2.88598,2.89043,2.89043
separate-core-cpu1-compute,mlp,base,8388608,32,0,0,0,1,3,2.88287,2.88911,2.88911
separate-core-cpu1-compute,mlp,base,8388608,32,0,0,0,2,3,2.88284,2.88753,2.88753
separate-core-cpu1-compute,mlp,base,8388608,48,0,0,0,0,3,2.87217,2.88599,2.88599
separate-core-cpu1-compute,mlp,base,8388608,48,0,0,0,1,3,2.87612,2.8793,2.8793
separate-core-cpu1-compute,mlp,base,8388608,48,0,0,0,2,3,2.87366,2.87686,2.87686
separate-core-cpu1-compute,mlp,base,8388608,64,0,0,0,0,3,2.90204,2.90491,2.90491
separate-core-cpu1-compute,mlp,base,8388608,64,0,0,0,1,3,2.89485,2.90375,2.90375
separate-core-cpu1-compute,mlp,base,8388608,64,0,0,0,2,3,2.89443,2.90274,2.90274
separate-core-cpu1-compute,mlp,base,268435456,1,0,0,0,0,3,93.5542,98.1589,98.1589
separate-core-cpu1-compute,mlp,base,268435456,1,0,0,0,1,3,88.3613,89.6488,89.6488
separate-core-cpu1-compute,mlp,base,268435456,1,0,0,0,2,3,83.9241,86.3313,86.3313
separate-core-cpu1-compute,mlp,base,268435456,2,0,0,0,0,3,43.9063,46.5282,46.5282
separate-core-cpu1-compute,mlp,base,268435456,2,0,0,0,1,3,42.3232,49.6158,49.6158
separate-core-cpu1-compute,mlp,base,268435456,2,0,0,0,2,3,58.5333,64.4802,64.4802
separate-core-cpu1-compute,mlp,base,268435456,4,0,0,0,0,3,32.2695,32.9553,32.9553
separate-core-cpu1-compute,mlp,base,268435456,4,0,0,0,1,3,33.8066,33.8601,33.8601
separate-core-cpu1-compute,mlp,base,268435456,4,0,0,0,2,3,34.6343,35.6481,35.6481
separate-core-cpu1-compute,mlp,base,268435456,8,0,0,0,0,3,16.4662,17.304,17.304
separate-core-cpu1-compute,mlp,base,268435456,8,0,0,0,1,3,18.1192,18.1543,18.1543
separate-core-cpu1-compute,mlp,base,268435456,8,0,0,0,2,3,18.2312,18.2496,18.2496
separate-core-cpu1-compute,mlp,base,268435456,12,0,0,0,0,3,11.75,12.4952,12.4952
separate-core-cpu1-compute,mlp,base,268435456,12,0,0,0,1,3,12.9414,12.9756,12.9756
separate-core-cpu1-compute,mlp,base,268435456,12,0,0,0,2,3,12.8164,12.9032,12.9032
separate-core-cpu1-compute,mlp,base,268435456,16,0,0,0,0,3,9.08239,10.748,10.748
separate-core-cpu1-compute,mlp,base,268435456,16,0,0,0,1,3,11.3483,11.3644,11.3644
separate-core-cpu1-compute,mlp,base,268435456,16,0,0,0,2,3,7.00351,9.79863,9.79863
separate-core-cpu1-compute,mlp,base,268435456,24,0,0,0,0,3,8.77132,10.2682,10.2682
separate-core-cpu1-compute,mlp,base,268435456,24,0,0,0,1,3,10.6746,10.7453,10.7453
separate-core-cpu1-compute,mlp,base,268435456,24,0,0,0,2,3,6.74203,8.5605,8.5605
separate-core-cpu1-compute,mlp,base,268435456,32,0,0,0,0,3,8.38458,10.1537,10.1537
separate-core-cpu1-compute,mlp,base,268435456,32,0,0,0,1,3,10.575,10.7016,10.7016
separate-core-cpu1-compute,mlp,base,268435456,32,0,0,0,2,3,6.50089,9.38534,9.38534
separate-core-cpu1-compute,mlp,base,268435456,48,0,0,0,0,3,8.41184,10.2737,10.2737
separate-core-cpu1-compute,mlp,base,268435456,48,0,0,0,1,3,10.6898,10.7753,10.7753
separate-core-cpu1-compute,mlp,base,268435456,48,0,0,0,2,3,6.4036,9.27974,9.27974
separate-core-cpu1-compute,mlp,base,268435456,64,0,0,0,0,3,8.48794,10.1819,10.1819
separate-core-cpu1-compute,mlp,base,268435456,64,0,0,0,1,3,10.7317,10.9198,10.9198
separate-core-cpu1-compute,mlp,base,268435456,64,0,0,0,2,3,6.42426,8.25684,8.25684
separate-core-cpu1-stream,mlp,base,16384,1,0,0,0,0,3,1.59965,1.60044,1.60044
separate-core-cpu1-stream,mlp,base,16384,1,0,0,0,1,3,1.61722,1.61825,1.61825
separate-core-cpu1-stream,mlp,base,16384,1,0,0,0,2,3,1.61698,1.62314,1.62314
separate-core-cpu1-stream,mlp,base,16384,2,0,0,0,0,3,0.810852,0.817036,0.817036
separate-core-cpu1-stream,mlp,base,16384,2,0,0,0,1,3,0.808461,0.81078,0.81078
separate-core-cpu1-stream,mlp,base,16384,2,0,0,0,2,3,0.79967,0.808206,0.808206
separate-core-cpu1-stream,mlp,base,16384,4,0,0,0,0,3,0.403506,0.404251,0.404251
separate-core-cpu1-stream,mlp,base,16384,4,0,0,0,1,3,0.404402,0.405691,0.405691
separate-core-cpu1-stream,mlp,base,16384,4,0,0,0,2,3,0.402235,0.404234,0.404234
separate-core-cpu1-stream,mlp,base,16384,8,0,0,0,0,3,0.205638,0.205858,0.205858
separate-core-cpu1-stream,mlp,base,16384,8,0,0,0,1,3,0.206725,0.207499,0.207499
separate-core-cpu1-stream,mlp,base,16384,8,0,0,0,2,3,0.205867,0.206352,0.206352
separate-core-cpu1-stream,mlp,base,16384,12,0,0,0,0,3,0.162259,0.163656,0.163656
separate-core-cpu1-stream,mlp,base,16384,12,0,0,0,1,3,0.160264,0.16136,0.16136
separate-core-cpu1-stream,mlp,base,16384,12,0,0,0,2,3,0.162177,0.162646,0.162646
separate-core-cpu1-stream,mlp,base,16384,16,0,0,0,0,3,0.233332,0.234141,0.234141
separate-core-cpu1-stream,mlp,base,16384,16,0,0,0,1,3,0.236128,0.236688,0.236688
separate-core-cpu1-stream,mlp,base,16384,16,0,0,0,2,3,0.236776,0.237097,0.237097
separate-core-cpu1-stream,mlp,base,16384,24,0,0,0,0,3,0.336981,0.337348,0.337348
separate-core-cpu1-stream,mlp,base,16384,24,0,0,0,1,3,0.336778,0.342984,0.342984
separate-core-cpu1-stream,mlp,base,16384,24,0,0,0,2,3,0.336272,0.337509,0.337509
separate-core-cpu1-stream,mlp,base,16384,32,0,0,0,0,3,0.378641,0.381655,0.381655
separate-core-cpu1-stream,mlp,base,16384,32,0,0,0,1,3,0.379266,0.379791,0.379791
separate-core-cpu1-stream,mlp,base,16384,32,0,0,0,2,3,0.378748,0.379369,0.379369
separate-core-cpu1-stream,mlp,base,16384,48,0,0,0,0,3,0.44823,0.450898,0.450898
separate-core-cpu1-stream,mlp,base,16384,48,0,0,0,1,3,0.449607,0.449764,0.449764
separate-core-cpu1-stream,mlp,base,16384,48,0,0,0,2,3,0.449509,0.450854,0.450854
separate-core-cpu1-stream,mlp,base,16384,64,0,0,0,0,3,0.464449,0.465313,0.465313
separate-core-cpu1-stream,mlp,base,16384,64,0,0,0,1,3,0.468128,0.469197,0.469197
separate-core-cpu1-stream,mlp,base,16384,64,0,0,0,2,3,0.458097,0.466061,0.466061
separate-core-cpu1-stream,mlp,base,524288,1,0,0,0,0,3,5.09482,5.11048,5.11048
separate-core-cpu1-stream,mlp,base,524288,1,0,0,0,1,3,5.08596,5.08686,5.08686
separate-core-cpu1-stream,mlp,base,524288,1,0,0,0,2,3,5.07728,5.10642,5.10642
separate-core-cpu1-stream,mlp,base,524288,2,0,0,0,0,3,2.54577,2.55103,2.55103
separate-core-cpu1-stream,mlp,base,524288,2,0,0,0,1,3,2.5213,2.52307,2.52307
separate-core-cpu1-stream,mlp,base,524288,2,0,0,0,2,3,2.54551,2.54793,2.54793
separate-core-cpu1-stream,mlp,base,524288,4,0,0,0,0,3,1.28666,1.29021,1.29021
separate-core-cpu1-stream,mlp,base,524288,4,0,0,0,1,3,1.29095,1.29218,1.29218
separate-core-cpu1-stream,mlp,base,524288,4,0,0,0,2,3,1.27761,1.29331,1.29331
separate-core-cpu1-stream,mlp,base,524288,8,0,0,0,0,3,0.667913,0.675657,0.675657
separate-core-cpu1-stream,mlp,base,524288,8,0,0,0,1,3,0.67429,0.674434,0.674434
separate-core-cpu1-stream,mlp,base,524288,8,0,0,0,2,3,0.674753,0.676107,0.676107
separate-core-cpu1-stream,mlp,base,524288,12,0,0,0,0,3,0.485842,0.48648,0.48648
separate-core-cpu1-stream,mlp,base,524288,12,0,0,0,1,3,0.485135,0.486293,0.486293
separate-core-cpu1-stream,mlp,base,524288,12,0,0,0,2,3,0.480385,0.485531,0.485531
separate-core-cpu1-stream,mlp,base,524288,16,0,0,0,0,3,0.512417,0.513206,0.513206
separate-core-cpu1-stream,mlp,base,524288,16,0,0,0,1,3,0.511869,0.515245,0.515245
separate-core-cpu1-stream,mlp,base,524288,16,0,0,0,2,3,0.507106,0.514477,0.514477
separate-core-cpu1-stream,mlp,base,524288,24,0,0,0,0,3,0.614402,0.614836,0.614836
separate-core-cpu1-stream,mlp,base,524288,24,0,0,0,1,3,0.613684,0.614333,0.614333
separate-core-cpu1-stream,mlp,base,524288,24,0,0,0,2,3,0.606866,0.614791,0.614791
separate-core-cpu1-stream,mlp,base,524288,32,0,0,0,0,3,0.655666,0.655912,0.655912
separate-core-cpu1-stream,mlp,base,524288,32,0,0,0,1,3,0.655031,0.655157,0.655157
separate-core-cpu1-stream,mlp,base,524288,32,0,0,0,2,3,0.656211,0.66078,0.66078
separate-core-cpu1-stream,mlp,base,524288,48,0,0,0,0,3,0.719679,0.727521,0.727521
separate-core-cpu1-stream,mlp,base,524288,48,0,0,0,1,3,0.71904,0.727387,0.727387
separate-core-cpu1-stream,mlp,base,524288,48,0,0,0,2,3,0.727359,0.72808,0.72808
separate-core-cpu1-stream,mlp,base,524288,64,0,0,0,0,3,0.740286,0.740605,0.740605
separate-core-cpu1-stream,mlp,base,524288,64,0,0,0,1,3,0.742142,0.742472,0.742472
separate-core-cpu1-stream,mlp,base,524288,64,0,0,0,2,3,0.737549,0.742779,0.742779
separate-core-cpu1-stream,mlp,base,8388608,1,0,0,0,0,3,44.7114,45.0377,45.0377
separate-core-cpu1-stream,mlp,base,8388608,1,0,0,0,1,3,44.3776,44.4861,44.4861
separate-core-cpu1-stream,mlp,base,8388608,1,0,0,0,2,3,44.4468,44.5493,44.5493
separate-core-cpu1-stream,mlp,base,8388608,2,0,0,0,0,3,20.3726,20.4712,20.4712
separate-core-cpu1-stream,mlp,base,8388608,2,0,0,0,1,3,20.4642,20.535,20.535
separate-core-cpu1-stream,mlp,base,8388608,2,0,0,0,2,3,20.4718,20.4841,20.4841
separate-core-cpu1-stream,mlp,base,8388608,4,0,0,0,0,3,10.0972,10.1064,10.1064
separate-core-cpu1-stream,mlp,base,8388608,4,0,0,0,1,3,10.1173,10.13,10.13
separate-core-cpu1-stream,mlp,base,8388608,4,0,0,0,2,3,10.1071,10.1255,10.1255
separate-core-cpu1-stream,mlp,base,8388608,8,0,0,0,0,3,5.15833,5.19506,5.19506
separate-core-cpu1-stream,mlp,base,8388608,8,0,0,0,1,3,5.11722,5.13946,5.13946
separate-core-cpu1-stream,mlp,base,8388608,8,0,0,0,2,3,5.14902,5.15525,5.15525
separate-core-cpu1-stream,mlp,base,8388608,12,0,0,0,0,3,3.57519,3.58609,3.58609
separate-core-cpu1-stream,mlp,base,8388608,12,0,0,0,1,3,3.58672,3.58851,3.58851
separate-core-cpu1-stream,mlp,base,8388608,12,0,0,0,2,3,3.56372,3.58701,3.58701
separate-core-cpu1-stream,mlp,base,8388608,16,0,0,0,0,3,3.08349,3.08493,3.08493
separate-core-cpu1-stream,mlp,base,8388608,16,0,0,0,1,3,3.07503,3.08785,3.08785
separate-core-cpu1-stream,mlp,base,8388608,16,0,0,0,2,3,3.07149,3.08346,3.08346
separate-core-cpu1-stream,mlp,base,8388608,24,0,0,0,0,3,2.90949,2.91125,2.91125
separate-core-cpu1-stream,mlp,base,8388608,24,0,0,0,1,3,2.90579,2.91019,2.91019
separate-core-cpu1-stream,mlp,base,8388608,24,0,0,0,2,3,2.91577,2.91721,2.91721
separate-core-cpu1-stream,mlp,base,8388608,32,0,0,0,0,3,2.85638,2.89603,2.89603
separate-core-cpu1-stream,mlp,base,8388608,32,0,0,0,1,3,2.86572,2.86804,2.86804
separate-core-cpu1-stream,mlp,base,8388608,32,0,0,0,2,3,2.85855,2.8781,2.8781
separate-core-cpu1-stream,mlp,base,8388608,48,0,0,0,0,3,2.86475,2.88085,2.88085
separate-core-cpu1-stream,mlp,base,8388608,48,0,0,0,1,3,2.85169,2.87073,2.87073
separate-core-cpu1-stream,mlp,base,8388608,48,0,0,0,2,3,2.85612,2.87442,2.87442
separate-core-cpu1-stream,mlp,base,8388608,64,0,0,0,0,3,2.87746,2.88728,2.88728
separate-core-cpu1-stream,mlp,base,8388608,64,0,0,0,1,3,2.8882,2.88919,2.88919
separate-core-cpu1-stream,mlp,base,8388608,64,0,0,0,2,3,2.88973,2.89083,2.89083
separate-core-cpu1-stream,mlp,base,268435456,1,0,0,0,0,3,145.868,146.343,146.343
separate-core-cpu1-stream,mlp,base,268435456,1,0,0,0,1,3,145.765,146.479,146.479
separate-core-cpu1-stream,mlp,base,268435456,1,0,0,0,2,3,145.67,145.986,145.986
separate-core-cpu1-stream,mlp,base,268435456,2,0,0,0,0,3,71.0903,71.1819,71.1819
separate-core-cpu1-stream,mlp,base,268435456,2,0,0,0,1,3,70.3226,71.0659,71.0659
separate-core-cpu1-stream,mlp,base,268435456,2,0,0,0,2,3,73.1828,73.7213,73.7213
separate-core-cpu1-stream,mlp,base,268435456,4,0,0,0,0,3,36.1898,36.2051,36.2051
separate-core-cpu1-stream,mlp,base,268435456,4,0,0,0,1,3,36.7163,36.7881,36.7881
separate-core-cpu1-stream,mlp,base,268435456,4,0,0,0,2,3,37.0741,37.1629,37.1629
separate-core-cpu1-stream,mlp,base,268435456,8,0,0,0,0,3,18.9269,18.9898,18.9898
separate-core-cpu1-stream,mlp,base,268435456,8,0,0,0,1,3,18.9071,19.1162,19.1162
separate-core-cpu1-stream,mlp,base,268435456,8,0,0,0,2,3,19.0999,19.1119,19.1119
separate-core-cpu1-stream,mlp,base,268435456,12,0,0,0,0,3,13.5434,13.5498,13.5498
separate-core-cpu1-stream,mlp,base,268435456,12,0,0,0,1,3,13.6307,13.6516,13.6516
separate-core-cpu1-stream,mlp,base,268435456,12,0,0,0,2,3,13.6628,13.7149,13.7149
separate-core-cpu1-stream,mlp,base,268435456,16,0,0,0,0,3,12.031,12.0482,12.0482
separate-core-cpu1-stream,mlp,base,268435456,16,0,0,0,1,3,12.0933,12.1293,12.1293
separate-core-cpu1-stream,mlp,base,268435456,16,0,0,0,2,3,12.2039,12.204,12.204
separate-core-cpu1-stream,mlp,base,268435456,24,0,0,0,0,3,11.2722,11.2768,11.2768
separate-core-cpu1-stream,mlp,base,268435456,24,0,0,0,1,3,11.3607,11.4014,11.4014
separate-core-cpu1-stream,mlp,base,268435456,24,0,0,0,2,3,11.4258,11.4654,11.4654
separate-core-cpu1-stream,mlp,base,268435456,32,0,0,0,0,3,11.1117,11.2099,11.2099
separate-core-cpu1-stream,mlp,base,268435456,32,0,0,0,1,3,11.3086,11.3269,11.3269
separate-core-cpu1-stream,mlp,base,268435456,32,0,0,0,2,3,11.3612,11.3784,11.3784
separate-core-cpu1-stream,mlp,base,268435456,48,0,0,0,0,3,11.0741,11.1766,11.1766
separate-core-cpu1-stream,mlp,base,268435456,48,0,0,0,1,3,11.306,11.3201,11.3201
separate-core-cpu1-stream,mlp,base,268435456,48,0,0,0,2,3,11.3358,11.3492,11.3492
separate-core-cpu1-stream,mlp,base,268435456,64,0,0,0,0,3,11.0279,11.1418,11.1418
separate-core-cpu1-stream,mlp,base,268435456,64,0,0,0,1,3,11.2577,11.2655,11.2655
separate-core-cpu1-stream,mlp,base,268435456,64,0,0,0,2,3,11.2944,11.3245,11.3245
separate-core-cpu1-prefetch,spatial,offset-parity0:cold,33554432,0,1,1,8,0,120,123.339,140.84,170.841
separate-core-cpu1-prefetch,spatial,offset-parity0:trained,33554432,0,1,1,8,0,120,25.0012,25.0012,25.8346
separate-core-cpu1-prefetch,spatial,offset-parity0:hot,33554432,0,1,1,8,0,120,25.0012,25.0012,25.8346
separate-core-cpu1-prefetch,spatial,offset-parity0:cold,33554432,0,1,1,8,1,120,123.339,140.84,224.177
separate-core-cpu1-prefetch,spatial,offset-parity0:trained,33554432,0,1,1,8,1,120,25.0012,25.0012,25.8346
separate-core-cpu1-prefetch,spatial,offset-parity0:hot,33554432,0,1,1,8,1,120,25.0012,25.0012,25.8346
separate-core-cpu1-prefetch,spatial,offset-parity0:cold,33554432,0,1,1,8,2,120,124.173,141.673,170.008
separate-core-cpu1-prefetch,spatial,offset-parity0:trained,33554432,0,1,1,8,2,120,25.0012,25.0012,25.8346
separate-core-cpu1-prefetch,spatial,offset-parity0:hot,33554432,0,1,1,8,2,120,25.0012,25.8346,25.8346
separate-core-cpu1-prefetch,spatial,offset-parity0:cold,33554432,0,1,1,16,0,120,122.506,140.007,227.511
separate-core-cpu1-prefetch,spatial,offset-parity0:trained,33554432,0,1,1,16,0,120,25.0012,25.0012,25.8346
separate-core-cpu1-prefetch,spatial,offset-parity0:hot,33554432,0,1,1,16,0,120,25.0012,25.8346,25.8346
separate-core-cpu1-prefetch,spatial,offset-parity0:cold,33554432,0,1,1,16,1,120,121.672,137.506,187.509
separate-core-cpu1-prefetch,spatial,offset-parity0:trained,33554432,0,1,1,16,1,120,25.0012,25.0012,25.8346
separate-core-cpu1-prefetch,spatial,offset-parity0:hot,33554432,0,1,1,16,1,120,25.0012,25.8346,25.8346
separate-core-cpu1-prefetch,spatial,offset-parity0:cold,33554432,0,1,1,16,2,120,123.339,142.507,220.844
separate-core-cpu1-prefetch,spatial,offset-parity0:trained,33554432,0,1,1,16,2,120,25.0012,25.0012,25.8346
separate-core-cpu1-prefetch,spatial,offset-parity0:hot,33554432,0,1,1,16,2,120,25.0012,25.8346,25.8346
separate-core-cpu1-prefetch,spatial,offset-parity0:cold,33554432,0,1,1,32,0,120,122.506,140.007,270.013
separate-core-cpu1-prefetch,spatial,offset-parity0:trained,33554432,0,1,1,32,0,120,25.0012,25.0012,25.8346
separate-core-cpu1-prefetch,spatial,offset-parity0:hot,33554432,0,1,1,32,0,120,25.0012,25.8346,25.8346
separate-core-cpu1-prefetch,spatial,offset-parity0:cold,33554432,0,1,1,32,1,120,123.339,139.173,241.678
separate-core-cpu1-prefetch,spatial,offset-parity0:trained,33554432,0,1,1,32,1,120,25.0012,25.0012,25.8346
separate-core-cpu1-prefetch,spatial,offset-parity0:hot,33554432,0,1,1,32,1,120,25.0012,25.0012,25.8346
separate-core-cpu1-prefetch,spatial,offset-parity0:cold,33554432,0,1,1,32,2,120,123.339,140.007,156.674
separate-core-cpu1-prefetch,spatial,offset-parity0:trained,33554432,0,1,1,32,2,120,25.0012,25.0012,25.8346
separate-core-cpu1-prefetch,spatial,offset-parity0:hot,33554432,0,1,1,32,2,120,25.0012,25.0012,25.8346
separate-core-cpu1-prefetch,spatial,offset-parity0:cold,33554432,0,1,1,64,0,120,125.839,141.673,227.511
separate-core-cpu1-prefetch,spatial,offset-parity0:trained,33554432,0,1,1,64,0,120,125.839,142.507,190.009
separate-core-cpu1-prefetch,spatial,offset-parity0:hot,33554432,0,1,1,64,0,120,25.0012,25.8346,30.8348
separate-core-cpu1-prefetch,spatial,offset-parity0:cold,33554432,0,1,1,64,1,120,127.506,145.84,160.841
separate-core-cpu1-prefetch,spatial,offset-parity0:trained,33554432,0,1,1,64,1,120,128.339,145.84,210.01
separate-core-cpu1-prefetch,spatial,offset-parity0:hot,33554432,0,1,1,64,1,120,30.0014,30.0014,30.8348
separate-core-cpu1-prefetch,spatial,offset-parity0:cold,33554432,0,1,1,64,2,120,126.673,146.674,227.511
separate-core-cpu1-prefetch,spatial,offset-parity0:trained,33554432,0,1,1,64,2,120,125.839,145.007,232.511
separate-core-cpu1-prefetch,spatial,offset-parity0:hot,33554432,0,1,1,64,2,120,25.8346,30.0014,30.8348
separate-core-cpu1-prefetch,spatial,offset-parity0:cold,33554432,0,1,1,128,0,120,122.506,140.007,157.507
separate-core-cpu1-prefetch,spatial,offset-parity0:trained,33554432,0,1,1,128,0,120,125.006,141.673,218.344
separate-core-cpu1-prefetch,spatial,offset-parity0:hot,33554432,0,1,1,128,0,120,25.0012,25.0012,25.8346
separate-core-cpu1-prefetch,spatial,offset-parity0:cold,33554432,0,1,1,128,1,120,123.339,140.007,225.844
separate-core-cpu1-prefetch,spatial,offset-parity0:trained,33554432,0,1,1,128,1,120,123.339,141.673,254.179
separate-core-cpu1-prefetch,spatial,offset-parity0:hot,33554432,0,1,1,128,1,120,25.0012,25.0012,25.8346
separate-core-cpu1-prefetch,spatial,offset-parity0:cold,33554432,0,1,1,128,2,120,122.506,141.673,211.677
separate-core-cpu1-prefetch,spatial,offset-parity0:trained,33554432,0,1,1,128,2,120,121.672,140.84,154.174
separate-core-cpu1-prefetch,spatial,offset-parity0:hot,33554432,0,1,1,128,2,120,25.0012,25.0012,25.8346
separate-core-cpu1-prefetch,spatial,offset-parity0:cold,33554432,0,1,1,256,0,120,123.339,138.34,156.674
separate-core-cpu1-prefetch,spatial,offset-parity0:trained,33554432,0,1,1,256,0,120,122.506,138.34,230.011
separate-core-cpu1-prefetch,spatial,offset-parity0:hot,33554432,0,1,1,256,0,120,25.0012,25.8346,25.8346
separate-core-cpu1-prefetch,spatial,offset-parity0:cold,33554432,0,1,1,256,1,120,123.339,140.007,180.842
separate-core-cpu1-prefetch,spatial,offset-parity0:trained,33554432,0,1,1,256,1,120,125.839,140.84,225.011
separate-core-cpu1-prefetch,spatial,offset-parity0:hot,33554432,0,1,1,256,1,120,25.0012,25.0012,25.8346
separate-core-cpu1-prefetch,spatial,offset-parity0:cold,33554432,0,1,1,256,2,120,125.006,142.507,214.177
separate-core-cpu1-prefetch,spatial,offset-parity0:trained,33554432,0,1,1,256,2,120,123.339,139.173,190.009
separate-core-cpu1-prefetch,spatial,offset-parity0:hot,33554432,0,1,1,256,2,120,25.0012,25.0012,25.8346
separate-core-cpu1-prefetch,adjacent,parity0:cold,33554432,0,1,1,-2,0,120,123.339,140.007,235.844
separate-core-cpu1-prefetch,adjacent,parity0:trained,33554432,0,1,1,-2,0,120,121.672,140.84,173.341
separate-core-cpu1-prefetch,adjacent,parity0:hot,33554432,0,1,1,-2,0,120,25.0012,25.0012,25.8346
separate-core-cpu1-prefetch,adjacent,parity0:cold,33554432,0,1,1,-2,1,120,124.173,140.84,238.345
separate-core-cpu1-prefetch,adjacent,parity0:trained,33554432,0,1,1,-2,1,120,123.339,140.007,176.675
separate-core-cpu1-prefetch,adjacent,parity0:hot,33554432,0,1,1,-2,1,120,25.0012,25.8346,25.8346
separate-core-cpu1-prefetch,adjacent,parity0:cold,33554432,0,1,1,-2,2,120,122.506,137.506,205.843
separate-core-cpu1-prefetch,adjacent,parity0:trained,33554432,0,1,1,-2,2,120,123.339,142.507,174.175
separate-core-cpu1-prefetch,adjacent,parity0:hot,33554432,0,1,1,-2,2,120,25.0012,25.0012,25.8346
separate-core-cpu1-prefetch,adjacent,parity0:cold,33554432,0,1,1,-1,0,120,123.339,139.173,157.507
separate-core-cpu1-prefetch,adjacent,parity0:trained,33554432,0,1,1,-1,0,120,124.173,141.673,178.342
separate-core-cpu1-prefetch,adjacent,parity0:hot,33554432,0,1,1,-1,0,120,25.0012,25.0012,25.8346
separate-core-cpu1-prefetch,adjacent,parity0:cold,33554432,0,1,1,-1,1,120,123.339,139.173,156.674
separate-core-cpu1-prefetch,adjacent,parity0:trained,33554432,0,1,1,-1,1,120,124.173,143.34,174.175
separate-core-cpu1-prefetch,adjacent,parity0:hot,33554432,0,1,1,-1,1,120,25.0012,25.0012,25.8346
separate-core-cpu1-prefetch,adjacent,parity0:cold,33554432,0,1,1,-1,2,120,121.672,140.007,176.675
separate-core-cpu1-prefetch,adjacent,parity0:trained,33554432,0,1,1,-1,2,120,125.006,139.173,205.843
separate-core-cpu1-prefetch,adjacent,parity0:hot,33554432,0,1,1,-1,2,120,25.0012,25.8346,25.8346
separate-core-cpu1-prefetch,adjacent,parity0:cold,33554432,0,1,1,1,0,120,125.006,141.673,206.676
separate-core-cpu1-prefetch,adjacent,parity0:trained,33554432,0,1,1,1,0,120,123.339,140.84,182.509
separate-core-cpu1-prefetch,adjacent,parity0:hot,33554432,0,1,1,1,0,120,25.0012,25.0012,25.8346
separate-core-cpu1-prefetch,adjacent,parity0:cold,33554432,0,1,1,1,1,120,124.173,140.84,163.341
separate-core-cpu1-prefetch,adjacent,parity0:trained,33554432,0,1,1,1,1,120,123.339,139.173,180.842
separate-core-cpu1-prefetch,adjacent,parity0:hot,33554432,0,1,1,1,1,120,25.0012,25.0012,25.8346
separate-core-cpu1-prefetch,adjacent,parity0:cold,33554432,0,1,1,1,2,120,122.506,139.173,207.51
separate-core-cpu1-prefetch,adjacent,parity0:trained,33554432,0,1,1,1,2,120,123.339,140.007,245.012
separate-core-cpu1-prefetch,adjacent,parity0:hot,33554432,0,1,1,1,2,120,25.0012,25.0012,25.8346
separate-core-cpu1-prefetch,adjacent,parity0:cold,33554432,0,1,1,2,0,120,122.506,140.007,206.676
separate-core-cpu1-prefetch,adjacent,parity0:trained,33554432,0,1,1,2,0,120,125.006,140.84,180.842
separate-core-cpu1-prefetch,adjacent,parity0:hot,33554432,0,1,1,2,0,120,25.0012,25.0012,25.8346
separate-core-cpu1-prefetch,adjacent,parity0:cold,33554432,0,1,1,2,1,120,125.006,143.34,163.341
separate-core-cpu1-prefetch,adjacent,parity0:trained,33554432,0,1,1,2,1,120,124.173,140.84,187.509
separate-core-cpu1-prefetch,adjacent,parity0:hot,33554432,0,1,1,2,1,120,25.8346,30.0014,30.8348
separate-core-cpu1-prefetch,adjacent,parity0:cold,33554432,0,1,1,2,2,120,127.506,144.173,170.841
separate-core-cpu1-prefetch,adjacent,parity0:trained,33554432,0,1,1,2,2,120,128.339,145.84,162.508
separate-core-cpu1-prefetch,adjacent,parity0:hot,33554432,0,1,1,2,2,120,30.0014,30.0014,30.8348
separate-core-cpu1-prefetch,adjacent,parity0:cold,33554432,0,1,1,4,0,120,130.839,143.34,202.51
separate-core-cpu1-prefetch,adjacent,parity0:trained,33554432,0,1,1,4,0,120,126.673,142.507,184.175
separate-core-cpu1-prefetch,adjacent,parity0:hot,33554432,0,1,1,4,0,120,25.0012,25.8346,30.0014
separate-core-cpu1-prefetch,adjacent,parity0:cold,33554432,0,1,1,4,1,120,122.506,137.506,222.51
separate-core-cpu1-prefetch,adjacent,parity0:trained,33554432,0,1,1,4,1,120,123.339,137.506,162.508
separate-core-cpu1-prefetch,adjacent,parity0:hot,33554432,0,1,1,4,1,120,25.0012,25.0012,25.8346
separate-core-cpu1-prefetch,adjacent,parity0:cold,33554432,0,1,1,4,2,120,125.006,140.007,155.841
separate-core-cpu1-prefetch,adjacent,parity0:trained,33554432,0,1,1,4,2,120,125.006,140.007,155.841
separate-core-cpu1-prefetch,adjacent,parity0:hot,33554432,0,1,1,4,2,120,25.0012,25.0012,25.8346
separate-core-cpu1-prefetch,spatial,offset-parity1:cold,33554432,0,1,1,8,0,120,122.506,140.007,155.007
separate-core-cpu1-prefetch,spatial,offset-parity1:trained,33554432,0,1,1,8,0,120,25.0012,25.0012,25.8346
separate-core-cpu1-prefetch,spatial,offset-parity1:hot,33554432,0,1,1,8,0,120,25.0012,25.0012,25.8346
separate-core-cpu1-prefetch,spatial,offset-parity1:cold,33554432,0,1,1,8,1,120,122.506,140.007,156.674
separate-core-cpu1-prefetch,spatial,offset-parity1:trained,33554432,0,1,1,8,1,120,25.0012,25.0012,25.8346
separate-core-cpu1-prefetch,spatial,offset-parity1:hot,33554432,0,1,1,8,1,120,25.0012,25.8346,25.8346
separate-core-cpu1-prefetch,spatial,offset-parity1:cold,33554432,0,1,1,8,2,120,123.339,140.007,237.511
separate-core-cpu1-prefetch,spatial,offset-parity1:trained,33554432,0,1,1,8,2,120,25.0012,25.0012,25.8346
separate-core-cpu1-prefetch,spatial,offset-parity1:hot,33554432,0,1,1,8,2,120,25.0012,25.0012,25.8346
separate-core-cpu1-prefetch,spatial,offset-parity1:cold,33554432,0,1,1,16,0,120,123.339,139.173,206.676
separate-core-cpu1-prefetch,spatial,offset-parity1:trained,33554432,0,1,1,16,0,120,25.0012,25.0012,25.8346
separate-core-cpu1-prefetch,spatial,offset-parity1:hot,33554432,0,1,1,16,0,120,25.0012,25.0012,25.8346
separate-core-cpu1-prefetch,spatial,offset-parity1:cold,33554432,0,1,1,16,1,120,122.506,140.007,165.008
separate-core-cpu1-prefetch,spatial,offset-parity1:trained,33554432,0,1,1,16,1,120,25.0012,25.0012,25.8346
separate-core-cpu1-prefetch,spatial,offset-parity1:hot,33554432,0,1,1,16,1,120,25.0012,25.0012,25.8346
separate-core-cpu1-prefetch,spatial,offset-parity1:cold,33554432,0,1,1,16,2,120,125.006,140.84,190.009
separate-core-cpu1-prefetch,spatial,offset-parity1:trained,33554432,0,1,1,16,2,120,25.0012,25.0012,25.8346
separate-core-cpu1-prefetch,spatial,offset-parity1:hot,33554432,0,1,1,16,2,120,25.0012,25.0012,25.8346
separate-core-cpu1-prefetch,spatial,offset-parity1:cold,33554432,0,1,1,32,0,120,124.173,140.007,155.007
separate-core-cpu1-prefetch,spatial,offset-parity1:trained,33554432,0,1,1,32,0,120,25.0012,25.0012,25.8346
separate-core-cpu1-prefetch,spatial,offset-parity1:hot,33554432,0,1,1,32,0,120,25.0012,25.0012,25.8346
separate-core-cpu1-prefetch,spatial,offset-parity1:cold,33554432,0,1,1,32,1,120,124.173,140.84,157.507
separate-core-cpu1-prefetch,spatial,offset-parity1:trained,33554432,0,1,1,32,1,120,25.0012,25.0012,25.8346
separate-core-cpu1-prefetch,spatial,offset-parity1:hot,33554432,0,1,1,32,1,120,25.0012,25.0012,25.8346
separate-core-cpu1-prefetch,spatial,offset-parity1:cold,33554432,0,1,1,32,2,120,124.173,141.673,181.675
separate-core-cpu1-prefetch,spatial,offset-parity1:trained,33554432,0,1,1,32,2,120,25.0012,25.0012,25.8346
separate-core-cpu1-prefetch,spatial,offset-parity1:hot,33554432,0,1,1,32,2,120,25.0012,25.0012,25.8346
separate-core-cpu1-prefetch,spatial,offset-parity1:cold,33554432,0,1,1,64,0,120,122.506,141.673,269.179
separate-core-cpu1-prefetch,spatial,offset-parity1:trained,33554432,0,1,1,64,0,120,125.839,142.507,205.01
separate-core-cpu1-prefetch,spatial,offset-parity1:hot,33554432,0,1,1,64,0,120,25.0012,25.8346,25.8346
separate-core-cpu1-prefetch,spatial,offset-parity1:cold,33554432,0,1,1,64,1,120,124.173,140.007,206.676
separate-core-cpu1-prefetch,spatial,offset-parity1:trained,33554432,0,1,1,64,1,120,123.339,140.84,190.842
separate-core-cpu1-prefetch,spatial,offset-parity1:hot,33554432,0,1,1,64,1,120,25.0012,25.8346,25.8346
separate-core-cpu1-prefetch,spatial,offset-parity1:cold,33554432,0,1,1,64,2,120,124.173,140.84,255.012
separate-core-cpu1-prefetch,spatial,offset-parity1:trained,33554432,0,1,1,64,2,120,122.506,140.84,178.342
separate-core-cpu1-prefetch,spatial,offset-parity1:hot,33554432,0,1,1,64,2,120,25.0012,25.0012,25.8346
separate-core-cpu1-prefetch,spatial,offset-parity1:cold,33554432,0,1,1,128,0,120,122.506,140.007,170.008
separate-core-cpu1-prefetch,spatial,offset-parity1:trained,33554432,0,1,1,128,0,120,122.506,141.673,164.174
separate-core-cpu1-prefetch,spatial,offset-parity1:hot,33554432,0,1,1,128,0,120,25.0012,25.8346,25.8346
separate-core-cpu1-prefetch,spatial,offset-parity1:cold,33554432,0,1,1,128,1,120,121.672,140.007,155.841
separate-core-cpu1-prefetch,spatial,offset-parity1:trained,33554432,0,1,1,128,1,120,122.506,140.007,155.007
separate-core-cpu1-prefetch,spatial,offset-parity1:hot,33554432,0,1,1,128,1,120,25.0012,25.8346,25.8346
separate-core-cpu1-prefetch,spatial,offset-parity1:cold,33554432,0,1,1,128,2,120,125.006,141.673,205.843
separate-core-cpu1-prefetch,spatial,offset-parity1:trained,33554432,0,1,1,128,2,120,122.506,140.84,155.841
separate-core-cpu1-prefetch,spatial,offset-parity1:hot,33554432,0,1,1,128,2,120,25.0012,25.8346,25.8346
separate-core-cpu1-prefetch,spatial,offset-parity1:cold,33554432,0,1,1,256,0,120,126.673,146.674,208.343
separate-core-cpu1-prefetch,spatial,offset-parity1:trained,33554432,0,1,1,256,0,120,126.673,146.674,165.008
separate-core-cpu1-prefetch,spatial,offset-parity1:hot,33554432,0,1,1,256,0,120,25.0012,30.0014,30.8348
separate-core-cpu1-prefetch,spatial,offset-parity1:cold,33554432,0,1,1,256,1,120,129.173,145.007,160.841
separate-core-cpu1-prefetch,spatial,offset-parity1:trained,33554432,0,1,1,256,1,120,129.173,147.507,180.008
separate-core-cpu1-prefetch,spatial,offset-parity1:hot,33554432,0,1,1,256,1,120,29.168,30.0014,30.8348
separate-core-cpu1-prefetch,spatial,offset-parity1:cold,33554432,0,1,1,256,2,120,127.506,146.674,196.676
separate-core-cpu1-prefetch,spatial,offset-parity1:trained,33554432,0,1,1,256,2,120,130.006,146.674,160.841
separate-core-cpu1-prefetch,spatial,offset-parity1:hot,33554432,0,1,1,256,2,120,30.0014,30.0014,30.8348
separate-core-cpu1-prefetch,adjacent,parity1:cold,33554432,0,1,1,-2,0,120,122.506,137.506,195.009
separate-core-cpu1-prefetch,adjacent,parity1:trained,33554432,0,1,1,-2,0,120,123.339,142.507,253.345
separate-core-cpu1-prefetch,adjacent,parity1:hot,33554432,0,1,1,-2,0,120,25.0012,25.8346,27.5013
separate-core-cpu1-prefetch,adjacent,parity1:cold,33554432,0,1,1,-2,1,120,123.339,140.007,155.007
separate-core-cpu1-prefetch,adjacent,parity1:trained,33554432,0,1,1,-2,1,120,123.339,140.007,174.175
separate-core-cpu1-prefetch,adjacent,parity1:hot,33554432,0,1,1,-2,1,120,25.0012,25.8346,25.8346
separate-core-cpu1-prefetch,adjacent,parity1:cold,33554432,0,1,1,-2,2,120,122.506,140.84,155.007
separate-core-cpu1-prefetch,adjacent,parity1:trained,33554432,0,1,1,-2,2,120,123.339,140.007,175.842
separate-core-cpu1-prefetch,adjacent,parity1:hot,33554432,0,1,1,-2,2,120,25.0012,25.8346,25.8346
separate-core-cpu1-prefetch,adjacent,parity1:cold,33554432,0,1,1,-1,0,120,122.506,140.84,156.674
separate-core-cpu1-prefetch,adjacent,parity1:trained,33554432,0,1,1,-1,0,120,120.839,139.173,193.342
separate-core-cpu1-prefetch,adjacent,parity1:hot,33554432,0,1,1,-1,0,120,25.0012,25.8346,25.8346
separate-core-cpu1-prefetch,adjacent,parity1:cold,33554432,0,1,1,-1,1,120,122.506,140.007,156.674
separate-core-cpu1-prefetch,adjacent,parity1:trained,33554432,0,1,1,-1,1,120,122.506,141.673,180.008
separate-core-cpu1-prefetch,adjacent,parity1:hot,33554432,0,1,1,-1,1,120,25.0012,25.0012,25.8346
separate-core-cpu1-prefetch,adjacent,parity1:cold,33554432,0,1,1,-1,2,120,122.506,140.007,155.007
separate-core-cpu1-prefetch,adjacent,parity1:trained,33554432,0,1,1,-1,2,120,123.339,140.007,171.675
separate-core-cpu1-prefetch,adjacent,parity1:hot,33554432,0,1,1,-1,2,120,25.0012,25.0012,25.8346
separate-core-cpu1-prefetch,adjacent,parity1:cold,33554432,0,1,1,1,0,120,121.672,139.173,154.174
separate-core-cpu1-prefetch,adjacent,parity1:trained,33554432,0,1,1,1,0,120,121.672,142.507,183.342
separate-core-cpu1-prefetch,adjacent,parity1:hot,33554432,0,1,1,1,0,120,25.0012,25.0012,25.8346
separate-core-cpu1-prefetch,adjacent,parity1:cold,33554432,0,1,1,1,1,120,123.339,141.673,155.841
separate-core-cpu1-prefetch,adjacent,parity1:trained,33554432,0,1,1,1,1,120,123.339,139.173,181.675
separate-core-cpu1-prefetch,adjacent,parity1:hot,33554432,0,1,1,1,1,120,25.0012,25.8346,25.8346
separate-core-cpu1-prefetch,adjacent,parity1:cold,33554432,0,1,1,1,2,120,123.339,142.507,283.347
separate-core-cpu1-prefetch,adjacent,parity1:trained,33554432,0,1,1,1,2,120,125.006,141.673,168.341
separate-core-cpu1-prefetch,adjacent,parity1:hot,33554432,0,1,1,1,2,120,25.0012,25.0012,25.8346
separate-core-cpu1-prefetch,adjacent,parity1:cold,33554432,0,1,1,2,0,120,124.173,140.007,155.841
separate-core-cpu1-prefetch,adjacent,parity1:trained,33554432,0,1,1,2,0,120,122.506,141.673,171.675
separate-core-cpu1-prefetch,adjacent,parity1:hot,33554432,0,1,1,2,0,120,25.0012,25.0012,25.8346
separate-core-cpu1-prefetch,adjacent,parity1:cold,33554432,0,1,1,2,1,120,121.672,137.506,156.674
separate-core-cpu1-prefetch,adjacent,parity1:trained,33554432,0,1,1,2,1,120,122.506,137.506,238.345
separate-core-cpu1-prefetch,adjacent,parity1:hot,33554432,0,1,1,2,1,120,25.0012,25.0012,25.8346
separate-core-cpu1-prefetch,adjacent,parity1:cold,33554432,0,1,1,2,2,120,122.506,140.007,155.841
separate-core-cpu1-prefetch,adjacent,parity1:trained,33554432,0,1,1,2,2,120,121.672,136.673,152.507
separate-core-cpu1-prefetch,adjacent,parity1:hot,33554432,0,1,1,2,2,120,25.0012,25.0012,25.8346
separate-core-cpu1-prefetch,adjacent,parity1:cold,33554432,0,1,1,4,0,120,121.672,138.34,208.343
separate-core-cpu1-prefetch,adjacent,parity1:trained,33554432,0,1,1,4,0,120,124.173,141.673,188.342
separate-core-cpu1-prefetch,adjacent,parity1:hot,33554432,0,1,1,4,0,120,25.0012,25.0012,25.8346
separate-core-cpu1-prefetch,adjacent,parity1:cold,33554432,0,1,1,4,1,120,120.839,140.84,228.344
separate-core-cpu1-prefetch,adjacent,parity1:trained,33554432,0,1,1,4,1,120,123.339,140.007,156.674
separate-core-cpu1-prefetch,adjacent,parity1:hot,33554432,0,1,1,4,1,120,25.0012,25.0012,25.8346
separate-core-cpu1-prefetch,adjacent,parity1:cold,33554432,0,1,1,4,2,120,124.173,142.507,209.177
separate-core-cpu1-prefetch,adjacent,parity1:trained,33554432,0,1,1,4,2,120,122.506,140.84,187.509
separate-core-cpu1-prefetch,adjacent,parity1:hot,33554432,0,1,1,4,2,120,25.0012,25.0012,25.8346
separate-core-cpu1-prefetch,learning,within-page:cold,33554432,0,1,1,1,0,120,123.339,140.007,193.342
separate-core-cpu1-prefetch,learning,within-page:trained,33554432,0,1,1,1,0,120,124.173,139.173,183.342
separate-core-cpu1-prefetch,learning,within-page:hot,33554432,0,1,1,1,0,120,25.0012,25.8346,25.8346
separate-core-cpu1-prefetch,learning,within-page:cold,33554432,0,1,1,1,1,120,129.173,145.007,181.675
separate-core-cpu1-prefetch,learning,within-page:trained,33554432,0,1,1,1,1,120,124.173,143.34,195.009
separate-core-cpu1-prefetch,learning,within-page:hot,33554432,0,1,1,1,1,120,25.0012,30.0014,30.8348
separate-core-cpu1-prefetch,learning,within-page:cold,33554432,0,1,1,1,2,120,125.839,145.007,174.175
separate-core-cpu1-prefetch,learning,within-page:trained,33554432,0,1,1,1,2,120,124.173,144.173,175.008
separate-core-cpu1-prefetch,learning,within-page:hot,33554432,0,1,1,1,2,120,25.0012,30.0014,30.8348
separate-core-cpu1-prefetch,learning,within-page:cold,33554432,0,1,2,1,0,120,130.006,147.507,240.845
separate-core-cpu1-prefetch,learning,within-page:trained,33554432,0,1,2,1,0,120,127.506,146.674,185.009
separate-core-cpu1-prefetch,learning,within-page:hot,33554432,0,1,2,1,0,120,29.168,30.0014,30.8348
separate-core-cpu1-prefetch,learning,within-page:cold,33554432,0,1,2,1,1,120,125.006,140.84,216.677
separate-core-cpu1-prefetch,learning,within-page:trained,33554432,0,1,2,1,1,120,123.339,139.173,177.508
separate-core-cpu1-prefetch,learning,within-page:hot,33554432,0,1,2,1,1,120,25.0012,25.0012,30.0014
separate-core-cpu1-prefetch,learning,within-page:cold,33554432,0,1,2,1,2,120,122.506,139.173,288.347
separate-core-cpu1-prefetch,learning,within-page:trained,33554432,0,1,2,1,2,120,122.506,140.007,168.341
separate-core-cpu1-prefetch,learning,within-page:hot,33554432,0,1,2,1,2,120,25.0012,25.0012,25.8346
separate-core-cpu1-prefetch,learning,within-page:cold,33554432,0,1,3,1,0,120,120.839,138.34,159.174
separate-core-cpu1-prefetch,learning,within-page:trained,33554432,0,1,3,1,0,120,25.0012,25.8346,151.674
separate-core-cpu1-prefetch,learning,within-page:hot,33554432,0,1,3,1,0,120,25.0012,25.0012,25.8346
separate-core-cpu1-prefetch,learning,within-page:cold,33554432,0,1,3,1,1,120,121.672,140.84,209.177
separate-core-cpu1-prefetch,learning,within-page:trained,33554432,0,1,3,1,1,120,25.0012,122.506,182.509
separate-core-cpu1-prefetch,learning,within-page:hot,33554432,0,1,3,1,1,120,25.0012,25.0012,25.8346
separate-core-cpu1-prefetch,learning,within-page:cold,33554432,0,1,3,1,2,120,123.339,138.34,155.841
separate-core-cpu1-prefetch,learning,within-page:trained,33554432,0,1,3,1,2,120,25.0012,25.8346,152.507
separate-core-cpu1-prefetch,learning,within-page:hot,33554432,0,1,3,1,2,120,25.0012,25.0012,25.8346
separate-core-cpu1-prefetch,learning,within-page:cold,33554432,0,1,4,1,0,120,123.339,140.84,272.513
separate-core-cpu1-prefetch,learning,within-page:trained,33554432,0,1,4,1,0,120,25.8346,80.8371,244.178
separate-core-cpu1-prefetch,learning,within-page:hot,33554432,0,1,4,1,0,120,25.0012,25.0012,25.8346
separate-core-cpu1-prefetch,learning,within-page:cold,33554432,0,1,4,1,1,120,122.506,138.34,155.007
separate-core-cpu1-prefetch,learning,within-page:trained,33554432,0,1,4,1,1,120,58.3361,90.8376,153.341
separate-core-cpu1-prefetch,learning,within-page:hot,33554432,0,1,4,1,1,120,25.0012,25.0012,25.8346
separate-core-cpu1-prefetch,learning,within-page:cold,33554432,0,1,4,1,2,120,125.006,140.84,275.013
separate-core-cpu1-prefetch,learning,within-page:trained,33554432,0,1,4,1,2,120,60.8362,88.3375,168.341
separate-core-cpu1-prefetch,learning,within-page:hot,33554432,0,1,4,1,2,120,25.0012,25.0012,25.8346
separate-core-cpu1-prefetch,learning,within-page:cold,33554432,0,1,6,1,0,120,124.173,140.007,240.011
separate-core-cpu1-prefetch,learning,within-page:trained,33554432,0,1,6,1,0,120,25.0012,70.8367,112.505
separate-core-cpu1-prefetch,learning,within-page:hot,33554432,0,1,6,1,0,120,25.0012,25.8346,25.8346
separate-core-cpu1-prefetch,learning,within-page:cold,33554432,0,1,6,1,1,120,125.006,141.673,230.844
separate-core-cpu1-prefetch,learning,within-page:trained,33554432,0,1,6,1,1,120,25.8346,65.8364,105.838
separate-core-cpu1-prefetch,learning,within-page:hot,33554432,0,1,6,1,1,120,25.0012,25.8346,30.0014
separate-core-cpu1-prefetch,learning,within-page:cold,33554432,0,1,6,1,2,120,128.339,142.507,243.345
separate-core-cpu1-prefetch,learning,within-page:trained,33554432,0,1,6,1,2,120,30.0014,57.5027,85.8374
separate-core-cpu1-prefetch,learning,within-page:hot,33554432,0,1,6,1,2,120,25.8346,30.0014,30.8348
separate-core-cpu1-prefetch,learning,within-page:cold,33554432,0,1,8,1,0,120,123.339,141.673,234.178
separate-core-cpu1-prefetch,learning,within-page:trained,33554432,0,1,8,1,0,120,25.0012,66.6698,93.3377
separate-core-cpu1-prefetch,learning,within-page:hot,33554432,0,1,8,1,0,120,25.0012,25.0012,25.8346
separate-core-cpu1-prefetch,learning,within-page:cold,33554432,0,1,8,1,1,120,122.506,141.673,254.179
separate-core-cpu1-prefetch,learning,within-page:trained,33554432,0,1,8,1,1,120,25.0012,65.8364,92.5044
separate-core-cpu1-prefetch,learning,within-page:hot,33554432,0,1,8,1,1,120,25.0012,25.8346,25.8346
separate-core-cpu1-prefetch,learning,within-page:cold,33554432,0,1,8,1,2,120,123.339,141.673,262.512
separate-core-cpu1-prefetch,learning,within-page:trained,33554432,0,1,8,1,2,120,25.0012,65.0031,92.5044
separate-core-cpu1-prefetch,learning,within-page:hot,33554432,0,1,8,1,2,120,25.0012,25.0012,25.8346
separate-core-cpu1-prefetch,learning,within-page:cold,33554432,0,1,12,1,0,120,122.506,140.84,207.51
separate-core-cpu1-prefetch,learning,within-page:trained,33554432,0,1,12,1,0,120,25.0012,25.8346,74.1702
separate-core-cpu1-prefetch,learning,within-page:hot,33554432,0,1,12,1,0,120,25.0012,25.0012,25.8346
separate-core-cpu1-prefetch,learning,within-page:cold,33554432,0,1,12,1,1,120,122.506,139.173,232.511
separate-core-cpu1-prefetch,learning,within-page:trained,33554432,0,1,12,1,1,120,25.0012,25.8346,52.5025
separate-core-cpu1-prefetch,learning,within-page:hot,33554432,0,1,12,1,1,120,25.0012,25.0012,25.8346
separate-core-cpu1-prefetch,learning,within-page:cold,33554432,0,1,12,1,2,120,125.839,143.34,216.677
separate-core-cpu1-prefetch,learning,within-page:trained,33554432,0,1,12,1,2,120,25.0012,30.0014,74.1702
separate-core-cpu1-prefetch,learning,within-page:hot,33554432,0,1,12,1,2,120,25.0012,30.0014,30.8348
separate-core-cpu1-prefetch,learning,within-page:cold,33554432,0,1,16,1,0,120,123.339,140.007,155.007
separate-core-cpu1-prefetch,learning,within-page:trained,33554432,0,1,16,1,0,120,25.0012,25.8346,40.8353
separate-core-cpu1-prefetch,learning,within-page:hot,33554432,0,1,16,1,0,120,25.0012,25.8346,25.8346
separate-core-cpu1-prefetch,learning,within-page:cold,33554432,0,1,16,1,1,120,123.339,140.84,251.679
separate-core-cpu1-prefetch,learning,within-page:trained,33554432,0,1,16,1,1,120,25.0012,25.8346,53.3358
separate-core-cpu1-prefetch,learning,within-page:hot,33554432,0,1,16,1,1,120,25.0012,25.8346,25.8346
separate-core-cpu1-prefetch,learning,within-page:cold,33554432,0,1,16,1,2,120,124.173,138.34,156.674
separate-core-cpu1-prefetch,learning,within-page:trained,33554432,0,1,16,1,2,120,25.0012,25.8346,70.0033
separate-core-cpu1-prefetch,learning,within-page:hot,33554432,0,1,16,1,2,120,25.0012,25.8346,25.8346
separate-core-cpu1-prefetch,learning,within-page:cold,33554432,0,2,1,1,0,120,125.006,140.84,255.845
separate-core-cpu1-prefetch,learning,within-page:trained,33554432,0,2,1,1,0,120,122.506,138.34,155.007
separate-core-cpu1-prefetch,learning,within-page:hot,33554432,0,2,1,1,0,120,25.0012,25.0012,25.8346
separate-core-cpu1-prefetch,learning,within-page:cold,33554432,0,2,1,1,1,120,122.506,137.506,154.174
separate-core-cpu1-prefetch,learning,within-page:trained,33554432,0,2,1,1,1,120,123.339,141.673,155.007
separate-core-cpu1-prefetch,learning,within-page:hot,33554432,0,2,1,1,1,120,25.0012,25.0012,25.8346
separate-core-cpu1-prefetch,learning,within-page:cold,33554432,0,2,1,1,2,120,128.339,145.007,228.344
separate-core-cpu1-prefetch,learning,within-page:trained,33554432,0,2,1,1,2,120,129.173,144.173,160.008
separate-core-cpu1-prefetch,learning,within-page:hot,33554432,0,2,1,1,2,120,28.3347,30.0014,30.8348
separate-core-cpu1-prefetch,learning,within-page:cold,33554432,0,2,2,1,0,120,128.339,144.173,160.008
separate-core-cpu1-prefetch,learning,within-page:trained,33554432,0,2,2,1,0,120,129.173,146.674,235.011
separate-core-cpu1-prefetch,learning,within-page:hot,33554432,0,2,2,1,0,120,30.0014,30.0014,30.8348
separate-core-cpu1-prefetch,learning,within-page:cold,33554432,0,2,2,1,1,120,122.506,140.007,226.677
separate-core-cpu1-prefetch,learning,within-page:trained,33554432,0,2,2,1,1,120,124.173,140.007,250.012
separate-core-cpu1-prefetch,learning,within-page:hot,33554432,0,2,2,1,1,120,25.0012,25.0012,25.8346
separate-core-cpu1-prefetch,learning,within-page:cold,33554432,0,2,2,1,2,120,123.339,138.34,160.008
separate-core-cpu1-prefetch,learning,within-page:trained,33554432,0,2,2,1,2,120,123.339,141.673,226.677
separate-core-cpu1-prefetch,learning,within-page:hot,33554432,0,2,2,1,2,120,25.0012,25.8346,25.8346
separate-core-cpu1-prefetch,learning,within-page:cold,33554432,0,2,3,1,0,120,123.339,139.173,155.007
separate-core-cpu1-prefetch,learning,within-page:trained,33554432,0,2,3,1,0,120,25.0012,25.8346,152.507
separate-core-cpu1-prefetch,learning,within-page:hot,33554432,0,2,3,1,0,120,25.0012,25.8346,25.8346
separate-core-cpu1-prefetch,learning,within-page:cold,33554432,0,2,3,1,1,120,123.339,137.506,155.007
separate-core-cpu1-prefetch,learning,within-page:trained,33554432,0,2,3,1,1,120,25.0012,25.8346,153.341
separate-core-cpu1-prefetch,learning,within-page:hot,33554432,0,2,3,1,1,120,25.0012,25.0012,25.8346
separate-core-cpu1-prefetch,learning,within-page:cold,33554432,0,2,3,1,2,120,123.339,140.007,210.01
separate-core-cpu1-prefetch,learning,within-page:trained,33554432,0,2,3,1,2,120,25.0012,25.8346,151.674
separate-core-cpu1-prefetch,learning,within-page:hot,33554432,0,2,3,1,2,120,25.0012,25.0012,25.8346
separate-core-cpu1-prefetch,learning,within-page:cold,33554432,0,2,4,1,0,120,125.839,140.007,175.842
separate-core-cpu1-prefetch,learning,within-page:trained,33554432,0,2,4,1,0,120,63.3363,125.006,185.842
separate-core-cpu1-prefetch,learning,within-page:hot,33554432,0,2,4,1,0,120,25.0012,25.8346,25.8346
separate-core-cpu1-prefetch,learning,within-page:cold,33554432,0,2,4,1,1,120,123.339,140.007,224.177
separate-core-cpu1-prefetch,learning,within-page:trained,33554432,0,2,4,1,1,120,61.6696,122.506,185.009
separate-core-cpu1-prefetch,learning,within-page:hot,33554432,0,2,4,1,1,120,25.0012,25.8346,25.8346
separate-core-cpu1-prefetch,learning,within-page:cold,33554432,0,2,4,1,2,120,121.672,139.173,156.674
separate-core-cpu1-prefetch,learning,within-page:trained,33554432,0,2,4,1,2,120,61.6696,125.839,155.007
separate-core-cpu1-prefetch,learning,within-page:hot,33554432,0,2,4,1,2,120,25.0012,25.8346,25.8346
separate-core-cpu1-prefetch,learning,within-page:cold,33554432,0,2,6,1,0,120,121.672,139.173,174.175
separate-core-cpu1-prefetch,learning,within-page:trained,33554432,0,2,6,1,0,120,57.5027,74.1702,211.677
separate-core-cpu1-prefetch,learning,within-page:hot,33554432,0,2,6,1,0,120,25.0012,25.8346,25.8346
separate-core-cpu1-prefetch,learning,within-page:cold,33554432,0,2,6,1,1,120,121.672,140.007,199.176
separate-core-cpu1-prefetch,learning,within-page:trained,33554432,0,2,6,1,1,120,53.3358,74.1702,127.506
separate-core-cpu1-prefetch,learning,within-page:hot,33554432,0,2,6,1,1,120,25.0012,25.8346,25.8346
separate-core-cpu1-prefetch,learning,within-page:cold,33554432,0,2,6,1,2,120,123.339,140.007,181.675
separate-core-cpu1-prefetch,learning,within-page:trained,33554432,0,2,6,1,2,120,53.3358,73.3368,138.34
separate-core-cpu1-prefetch,learning,within-page:hot,33554432,0,2,6,1,2,120,25.0012,25.8346,30.8348
separate-core-cpu1-prefetch,learning,within-page:cold,33554432,0,2,8,1,0,120,121.672,138.34,161.674
separate-core-cpu1-prefetch,learning,within-page:trained,33554432,0,2,8,1,0,120,55.0026,75.0035,95.8378
separate-core-cpu1-prefetch,learning,within-page:hot,33554432,0,2,8,1,0,120,25.0012,25.0012,25.8346
separate-core-cpu1-prefetch,learning,within-page:cold,33554432,0,2,8,1,1,120,123.339,140.007,155.841
separate-core-cpu1-prefetch,learning,within-page:trained,33554432,0,2,8,1,1,120,50.8357,73.3368,112.505
separate-core-cpu1-prefetch,learning,within-page:hot,33554432,0,2,8,1,1,120,25.0012,25.0012,25.8346
separate-core-cpu1-prefetch,learning,within-page:cold,33554432,0,2,8,1,2,120,121.672,140.84,240.011
separate-core-cpu1-prefetch,learning,within-page:trained,33554432,0,2,8,1,2,120,45.0021,73.3368,106.672
separate-core-cpu1-prefetch,learning,within-page:hot,33554432,0,2,8,1,2,120,25.0012,25.8346,25.8346
separate-core-cpu1-prefetch,learning,within-page:cold,33554432,0,2,12,1,0,120,122.506,140.007,245.012
separate-core-cpu1-prefetch,learning,within-page:trained,33554432,0,2,12,1,0,120,25.0012,25.8346,67.5032
separate-core-cpu1-prefetch,learning,within-page:hot,33554432,0,2,12,1,0,120,25.0012,25.0012,25.8346
separate-core-cpu1-prefetch,learning,within-page:cold,33554432,0,2,12,1,1,120,123.339,140.007,182.509
separate-core-cpu1-prefetch,learning,within-page:trained,33554432,0,2,12,1,1,120,25.0012,25.8346,80.0038
separate-core-cpu1-prefetch,learning,within-page:hot,33554432,0,2,12,1,1,120,25.0012,25.0012,25.8346
separate-core-cpu1-prefetch,learning,within-page:cold,33554432,0,2,12,1,2,120,125.006,141.673,162.508
separate-core-cpu1-prefetch,learning,within-page:trained,33554432,0,2,12,1,2,120,25.0012,25.8346,74.1702
separate-core-cpu1-prefetch,learning,within-page:hot,33554432,0,2,12,1,2,120,25.0012,25.8346,30.0014
separate-core-cpu1-prefetch,learning,within-page:cold,33554432,0,2,16,1,0,120,123.339,138.34,158.341
separate-core-cpu1-prefetch,learning,within-page:trained,33554432,0,2,16,1,0,120,25.0012,42.502,71.67
separate-core-cpu1-prefetch,learning,within-page:hot,33554432,0,2,16,1,0,120,25.0012,25.0012,25.8346
separate-core-cpu1-prefetch,learning,within-page:cold,33554432,0,2,16,1,1,120,121.672,140.007,172.508
separate-core-cpu1-prefetch,learning,within-page:trained,33554432,0,2,16,1,1,120,25.0012,45.8355,81.6705
separate-core-cpu1-prefetch,learning,within-page:hot,33554432,0,2,16,1,1,120,25.0012,25.8346,25.8346
separate-core-cpu1-prefetch,learning,within-page:cold,33554432,0,2,16,1,2,120,123.339,140.84,214.177
separate-core-cpu1-prefetch,learning,within-page:trained,33554432,0,2,16,1,2,120,25.0012,45.8355,73.3368
separate-core-cpu1-prefetch,learning,within-page:hot,33554432,0,2,16,1,2,120,25.0012,25.0012,25.8346
separate-core-cpu1-prefetch,learning,within-page:cold,33554432,0,4,1,1,0,120,122.506,141.673,205.843
separate-core-cpu1-prefetch,learning,within-page:trained,33554432,0,4,1,1,0,120,120.839,140.007,162.508
separate-core-cpu1-prefetch,learning,within-page:hot,33554432,0,4,1,1,0,120,25.0012,25.0012,25.8346
separate-core-cpu1-prefetch,learning,within-page:cold,33554432,0,4,1,1,1,120,121.672,139.173,204.176
separate-core-cpu1-prefetch,learning,within-page:trained,33554432,0,4,1,1,1,120,123.339,140.84,163.341
separate-core-cpu1-prefetch,learning,within-page:hot,33554432,0,4,1,1,1,120,25.0012,25.0012,25.8346
separate-core-cpu1-prefetch,learning,within-page:cold,33554432,0,4,1,1,2,120,124.173,140.84,176.675
separate-core-cpu1-prefetch,learning,within-page:trained,33554432,0,4,1,1,2,120,122.506,141.673,197.509
separate-core-cpu1-prefetch,learning,within-page:hot,33554432,0,4,1,1,2,120,25.0012,25.8346,30.0014
separate-core-cpu1-prefetch,learning,within-page:cold,33554432,0,4,2,1,0,120,127.506,144.173,205.843
separate-core-cpu1-prefetch,learning,within-page:trained,33554432,0,4,2,1,0,120,127.506,142.507,170.008
separate-core-cpu1-prefetch,learning,within-page:hot,33554432,0,4,2,1,0,120,25.0012,30.0014,30.8348
separate-core-cpu1-prefetch,learning,within-page:cold,33554432,0,4,2,1,1,120,128.339,143.34,196.676
separate-core-cpu1-prefetch,learning,within-page:trained,33554432,0,4,2,1,1,120,128.339,145.84,178.342
separate-core-cpu1-prefetch,learning,within-page:hot,33554432,0,4,2,1,1,120,30.0014,30.0014,30.8348
separate-core-cpu1-prefetch,learning,within-page:cold,33554432,0,4,2,1,2,120,124.173,140.84,162.508
separate-core-cpu1-prefetch,learning,within-page:trained,33554432,0,4,2,1,2,120,124.173,143.34,205.01
separate-core-cpu1-prefetch,learning,within-page:hot,33554432,0,4,2,1,2,120,25.0012,25.8346,30.0014
separate-core-cpu1-prefetch,learning,within-page:cold,33554432,0,4,3,1,0,120,123.339,140.007,248.345
separate-core-cpu1-prefetch,learning,within-page:trained,33554432,0,4,3,1,0,120,25.0012,133.34,152.507
separate-core-cpu1-prefetch,learning,within-page:hot,33554432,0,4,3,1,0,120,25.0012,25.8346,25.8346
separate-core-cpu1-prefetch,learning,within-page:cold,33554432,0,4,3,1,1,120,122.506,140.84,185.009
separate-core-cpu1-prefetch,learning,within-page:trained,33554432,0,4,3,1,1,120,25.0012,137.506,175.008
separate-core-cpu1-prefetch,learning,within-page:hot,33554432,0,4,3,1,1,120,25.0012,25.8346,25.8346
separate-core-cpu1-prefetch,learning,within-page:cold,33554432,0,4,3,1,2,120,122.506,141.673,230.011
separate-core-cpu1-prefetch,learning,within-page:trained,33554432,0,4,3,1,2,120,25.0012,125.839,157.507
separate-core-cpu1-prefetch,learning,within-page:hot,33554432,0,4,3,1,2,120,25.0012,25.0012,25.8346
separate-core-cpu1-prefetch,learning,within-page:cold,33554432,0,4,4,1,0,120,121.672,140.007,188.342
separate-core-cpu1-prefetch,learning,within-page:trained,33554432,0,4,4,1,0,120,40.0019,65.0031,150.84
separate-core-cpu1-prefetch,learning,within-page:hot,33554432,0,4,4,1,0,120,25.0012,25.0012,25.8346
separate-core-cpu1-prefetch,learning,within-page:cold,33554432,0,4,4,1,1,120,120.839,138.34,211.677
separate-core-cpu1-prefetch,learning,within-page:trained,33554432,0,4,4,1,1,120,49.169,65.8364,95.8378
separate-core-cpu1-prefetch,learning,within-page:hot,33554432,0,4,4,1,1,120,25.0012,25.0012,25.8346
separate-core-cpu1-prefetch,learning,within-page:cold,33554432,0,4,4,1,2,120,121.672,139.173,218.344
separate-core-cpu1-prefetch,learning,within-page:trained,33554432,0,4,4,1,2,120,52.5025,76.6703,150.84
separate-core-cpu1-prefetch,learning,within-page:hot,33554432,0,4,4,1,2,120,25.0012,25.0012,25.8346
separate-core-cpu1-prefetch,learning,within-page:cold,33554432,0,4,6,1,0,120,124.173,139.173,206.676
separate-core-cpu1-prefetch,learning,within-page:trained,33554432,0,4,6,1,0,120,25.8346,57.5027,88.3375
separate-core-cpu1-prefetch,learning,within-page:hot,33554432,0,4,6,1,0,120,25.0012,25.0012,25.8346
separate-core-cpu1-prefetch,learning,within-page:cold,33554432,0,4,6,1,1,120,123.339,140.84,176.675
separate-core-cpu1-prefetch,learning,within-page:trained,33554432,0,4,6,1,1,120,25.8346,60.8362,93.3377
separate-core-cpu1-prefetch,learning,within-page:hot,33554432,0,4,6,1,1,120,25.0012,25.0012,25.8346
separate-core-cpu1-prefetch,learning,within-page:cold,33554432,0,4,6,1,2,120,125.839,142.507,198.343
separate-core-cpu1-prefetch,learning,within-page:trained,33554432,0,4,6,1,2,120,25.8346,60.0028,136.673
separate-core-cpu1-prefetch,learning,within-page:hot,33554432,0,4,6,1,2,120,25.8346,30.0014,30.8348
separate-core-cpu1-prefetch,learning,within-page:cold,33554432,0,4,8,1,0,120,124.173,141.673,275.846
separate-core-cpu1-prefetch,learning,within-page:trained,33554432,0,4,8,1,0,120,25.8346,55.0026,90.8376
separate-core-cpu1-prefetch,learning,within-page:hot,33554432,0,4,8,1,0,120,25.0012,29.168,30.8348
separate-core-cpu1-prefetch,learning,within-page:cold,33554432,0,4,8,1,1,120,120.839,139.173,206.676
separate-core-cpu1-prefetch,learning,within-page:trained,33554432,0,4,8,1,1,120,25.8346,60.0028,100.838
separate-core-cpu1-prefetch,learning,within-page:hot,33554432,0,4,8,1,1,120,25.0012,25.0012,25.8346
separate-core-cpu1-prefetch,learning,within-page:cold,33554432,0,4,8,1,2,120,123.339,141.673,226.677
separate-core-cpu1-prefetch,learning,within-page:trained,33554432,0,4,8,1,2,120,25.8346,61.6696,105.838
separate-core-cpu1-prefetch,learning,within-page:hot,33554432,0,4,8,1,2,120,25.0012,25.8346,25.8346
separate-core-cpu1-prefetch,learning,within-page:cold,33554432,0,4,12,1,0,120,122.506,140.84,155.007
separate-core-cpu1-prefetch,learning,within-page:trained,33554432,0,4,12,1,0,120,25.0012,58.3361,90.0042
separate-core-cpu1-prefetch,learning,within-page:hot,33554432,0,4,12,1,0,120,25.0012,25.8346,25.8346
separate-core-cpu1-prefetch,learning,within-page:cold,33554432,0,4,12,1,1,120,122.506,139.173,207.51
separate-core-cpu1-prefetch,learning,within-page:trained,33554432,0,4,12,1,1,120,25.0012,62.5029,98.338
separate-core-cpu1-prefetch,learning,within-page:hot,33554432,0,4,12,1,1,120,25.0012,25.0012,25.8346
separate-core-cpu1-prefetch,learning,within-page:cold,33554432,0,4,12,1,2,120,124.173,144.173,215.01
separate-core-cpu1-prefetch,learning,within-page:trained,33554432,0,4,12,1,2,120,25.8346,45.8355,167.508
separate-core-cpu1-prefetch,learning,within-page:hot,33554432,0,4,12,1,2,120,25.0012,29.168,30.8348
separate-core-cpu1-prefetch,learning,within-page:cold,33554432,0,-1,1,1,0,120,125.006,144.173,241.678
separate-core-cpu1-prefetch,learning,within-page:trained,33554432,0,-1,1,1,0,120,128.339,141.673,218.344
separate-core-cpu1-prefetch,learning,within-page:hot,33554432,0,-1,1,1,0,120,25.0012,30.0014,30.8348
separate-core-cpu1-prefetch,learning,within-page:cold,33554432,0,-1,1,1,1,120,123.339,139.173,155.007
separate-core-cpu1-prefetch,learning,within-page:trained,33554432,0,-1,1,1,1,120,123.339,140.007,175.842
separate-core-cpu1-prefetch,learning,within-page:hot,33554432,0,-1,1,1,1,120,25.0012,25.8346,25.8346
separate-core-cpu1-prefetch,learning,within-page:cold,33554432,0,-1,1,1,2,120,123.339,140.007,165.841
separate-core-cpu1-prefetch,learning,within-page:trained,33554432,0,-1,1,1,2,120,124.173,140.84,216.677
separate-core-cpu1-prefetch,learning,within-page:hot,33554432,0,-1,1,1,2,120,25.0012,25.0012,25.8346
separate-core-cpu1-prefetch,learning,within-page:cold,33554432,0,-1,2,1,0,120,124.173,138.34,155.007
separate-core-cpu1-prefetch,learning,within-page:trained,33554432,0,-1,2,1,0,120,121.672,139.173,215.01
separate-core-cpu1-prefetch,learning,within-page:hot,33554432,0,-1,2,1,0,120,25.0012,25.0012,25.8346
separate-core-cpu1-prefetch,learning,within-page:cold,33554432,0,-1,2,1,1,120,122.506,140.84,233.344
separate-core-cpu1-prefetch,learning,within-page:trained,33554432,0,-1,2,1,1,120,123.339,140.84,249.178
separate-core-cpu1-prefetch,learning,within-page:hot,33554432,0,-1,2,1,1,120,25.0012,25.8346,25.8346
separate-core-cpu1-prefetch,learning,within-page:cold,33554432,0,-1,2,1,2,120,123.339,140.007,205.843
separate-core-cpu1-prefetch,learning,within-page:trained,33554432,0,-1,2,1,2,120,122.506,142.507,188.342
separate-core-cpu1-prefetch,learning,within-page:hot,33554432,0,-1,2,1,2,120,25.0012,25.8346,25.8346
separate-core-cpu1-prefetch,learning,within-page:cold,33554432,0,-1,3,1,0,120,123.339,140.007,207.51
separate-core-cpu1-prefetch,learning,within-page:trained,33554432,0,-1,3,1,0,120,25.0012,25.8346,175.008
separate-core-cpu1-prefetch,learning,within-page:hot,33554432,0,-1,3,1,0,120,25.0012,25.0012,25.8346
separate-core-cpu1-prefetch,learning,within-page:cold,33554432,0,-1,3,1,1,120,122.506,139.173,232.511
separate-core-cpu1-prefetch,learning,within-page:trained,33554432,0,-1,3,1,1,120,25.0012,125.006,153.341
separate-core-cpu1-prefetch,learning,within-page:hot,33554432,0,-1,3,1,1,120,25.0012,25.8346,25.8346
separate-core-cpu1-prefetch,learning,within-page:cold,33554432,0,-1,3,1,2,120,123.339,140.84,177.508
separate-core-cpu1-prefetch,learning,within-page:trained,33554432,0,-1,3,1,2,120,25.0012,125.006,155.007
separate-core-cpu1-prefetch,learning,within-page:hot,33554432,0,-1,3,1,2,120,25.0012,25.0012,25.8346
separate-core-cpu1-prefetch,learning,within-page:cold,33554432,0,-1,4,1,0,120,124.173,140.007,170.841
separate-core-cpu1-prefetch,learning,within-page:trained,33554432,0,-1,4,1,0,120,61.6696,123.339,176.675
separate-core-cpu1-prefetch,learning,within-page:hot,33554432,0,-1,4,1,0,120,25.0012,25.0012,25.8346
separate-core-cpu1-prefetch,learning,within-page:cold,33554432,0,-1,4,1,1,120,121.672,139.173,156.674
separate-core-cpu1-prefetch,learning,within-page:trained,33554432,0,-1,4,1,1,120,63.3363,129.173,179.175
separate-core-cpu1-prefetch,learning,within-page:hot,33554432,0,-1,4,1,1,120,25.0012,25.0012,25.8346
separate-core-cpu1-prefetch,learning,within-page:cold,33554432,0,-1,4,1,2,120,124.173,142.507,214.177
separate-core-cpu1-prefetch,learning,within-page:trained,33554432,0,-1,4,1,2,120,58.3361,125.839,156.674
separate-core-cpu1-prefetch,learning,within-page:hot,33554432,0,-1,4,1,2,120,25.0012,25.0012,25.8346
separate-core-cpu1-prefetch,learning,within-page:cold,33554432,0,-1,6,1,0,120,125.839,145.84,226.677
separate-core-cpu1-prefetch,learning,within-page:trained,33554432,0,-1,6,1,0,120,30.0014,65.8364,145.007
separate-core-cpu1-prefetch,learning,within-page:hot,33554432,0,-1,6,1,0,120,25.8346,30.0014,30.8348
separate-core-cpu1-prefetch,learning,within-page:cold,33554432,0,-1,6,1,1,120,122.506,140.84,205.01
separate-core-cpu1-prefetch,learning,within-page:trained,33554432,0,-1,6,1,1,120,25.8346,71.67,151.674
separate-core-cpu1-prefetch,learning,within-page:hot,33554432,0,-1,6,1,1,120,25.0012,25.8346,25.8346
separate-core-cpu1-prefetch,learning,within-page:cold,33554432,0,-1,6,1,2,120,122.506,136.673,190.842
separate-core-cpu1-prefetch,learning,within-page:trained,33554432,0,-1,6,1,2,120,25.0012,69.1699,154.174
separate-core-cpu1-prefetch,learning,within-page:hot,33554432,0,-1,6,1,2,120,25.0012,25.8346,25.8346
separate-core-cpu1-prefetch,learning,within-page:cold,33554432,0,-1,8,1,0,120,122.506,140.84,209.177
separate-core-cpu1-prefetch,learning,within-page:trained,33554432,0,-1,8,1,0,120,25.0012,64.1697,84.1706
separate-core-cpu1-prefetch,learning,within-page:hot,33554432,0,-1,8,1,0,120,25.0012,25.0012,25.8346
separate-core-cpu1-prefetch,learning,within-page:cold,33554432,0,-1,8,1,1,120,123.339,140.84,184.175
separate-core-cpu1-prefetch,learning,within-page:trained,33554432,0,-1,8,1,1,120,25.0012,60.8362,104.172
separate-core-cpu1-prefetch,learning,within-page:hot,33554432,0,-1,8,1,1,120,25.0012,25.0012,25.8346
separate-core-cpu1-prefetch,learning,within-page:cold,33554432,0,-1,8,1,2,120,124.173,139.173,201.676
separate-core-cpu1-prefetch,learning,within-page:trained,33554432,0,-1,8,1,2,120,25.0012,62.5029,88.3375
separate-core-cpu1-prefetch,learning,within-page:hot,33554432,0,-1,8,1,2,120,25.0012,25.0012,25.8346
separate-core-cpu1-prefetch,learning,within-page:cold,33554432,0,-1,12,1,0,120,122.506,140.007,155.007
separate-core-cpu1-prefetch,learning,within-page:trained,33554432,0,-1,12,1,0,120,25.0012,25.8346,62.5029
separate-core-cpu1-prefetch,learning,within-page:hot,33554432,0,-1,12,1,0,120,25.0012,25.8346,25.8346
separate-core-cpu1-prefetch,learning,within-page:cold,33554432,0,-1,12,1,1,120,124.173,141.673,166.675
separate-core-cpu1-prefetch,learning,within-page:trained,33554432,0,-1,12,1,1,120,25.0012,25.8346,57.5027
separate-core-cpu1-prefetch,learning,within-page:hot,33554432,0,-1,12,1,1,120,25.0012,25.8346,30.0014
separate-core-cpu1-prefetch,learning,within-page:cold,33554432,0,-1,12,1,2,120,123.339,140.007,205.01
separate-core-cpu1-prefetch,learning,within-page:trained,33554432,0,-1,12,1,2,120,25.0012,25.8346,65.8364
separate-core-cpu1-prefetch,learning,within-page:hot,33554432,0,-1,12,1,2,120,25.0012,25.0012,25.8346
separate-core-cpu1-prefetch,learning,within-page:cold,33554432,0,-1,16,1,0,120,123.339,140.007,235.011
separate-core-cpu1-prefetch,learning,within-page:trained,33554432,0,-1,16,1,0,120,25.0012,25.8346,81.6705
separate-core-cpu1-prefetch,learning,within-page:hot,33554432,0,-1,16,1,0,120,25.0012,25.0012,25.8346
separate-core-cpu1-prefetch,learning,within-page:cold,33554432,0,-1,16,1,1,120,122.506,140.84,220.01
separate-core-cpu1-prefetch,learning,within-page:trained,33554432,0,-1,16,1,1,120,25.0012,25.8346,54.1692
separate-core-cpu1-prefetch,learning,within-page:hot,33554432,0,-1,16,1,1,120,25.0012,25.0012,25.8346
separate-core-cpu1-prefetch,learning,within-page:cold,33554432,0,-1,16,1,2,120,125.006,140.84,158.341
separate-core-cpu1-prefetch,learning,within-page:trained,33554432,0,-1,16,1,2,120,25.0012,26.6679,54.1692
separate-core-cpu1-prefetch,learning,within-page:hot,33554432,0,-1,16,1,2,120,25.0012,25.8346,30.0014
separate-core-cpu1-prefetch,learning,within-page:cold,33554432,0,-2,1,1,0,120,129.173,143.34,179.175
separate-core-cpu1-prefetch,learning,within-page:trained,33554432,0,-2,1,1,0,120,122.506,144.173,172.508
separate-core-cpu1-prefetch,learning,within-page:hot,33554432,0,-2,1,1,0,120,25.0012,25.8346,30.0014
separate-core-cpu1-prefetch,learning,within-page:cold,33554432,0,-2,1,1,1,120,121.672,140.84,154.174
separate-core-cpu1-prefetch,learning,within-page:trained,33554432,0,-2,1,1,1,120,124.173,140.84,191.676
separate-core-cpu1-prefetch,learning,within-page:hot,33554432,0,-2,1,1,1,120,25.0012,25.8346,25.8346
separate-core-cpu1-prefetch,learning,within-page:cold,33554432,0,-2,1,1,2,120,122.506,140.007,155.007
separate-core-cpu1-prefetch,learning,within-page:trained,33554432,0,-2,1,1,2,120,125.006,144.173,253.345
separate-core-cpu1-prefetch,learning,within-page:hot,33554432,0,-2,1,1,2,120,25.0012,25.8346,25.8346
separate-core-cpu1-prefetch,learning,within-page:cold,33554432,0,-2,2,1,0,120,123.339,139.173,155.841
separate-core-cpu1-prefetch,learning,within-page:trained,33554432,0,-2,2,1,0,120,121.672,138.34,156.674
separate-core-cpu1-prefetch,learning,within-page:hot,33554432,0,-2,2,1,0,120,25.0012,25.8346,25.8346
separate-core-cpu1-prefetch,learning,within-page:cold,33554432,0,-2,2,1,1,120,125.006,142.507,155.007
separate-core-cpu1-prefetch,learning,within-page:trained,33554432,0,-2,2,1,1,120,122.506,139.173,156.674
separate-core-cpu1-prefetch,learning,within-page:hot,33554432,0,-2,2,1,1,120,25.0012,25.8346,25.8346
separate-core-cpu1-prefetch,learning,within-page:cold,33554432,0,-2,2,1,2,120,122.506,139.173,207.51
separate-core-cpu1-prefetch,learning,within-page:trained,33554432,0,-2,2,1,2,120,121.672,140.007,227.511
separate-core-cpu1-prefetch,learning,within-page:hot,33554432,0,-2,2,1,2,120,25.0012,25.8346,25.8346
separate-core-cpu1-prefetch,learning,within-page:cold,33554432,0,-2,3,1,0,120,121.672,140.84,253.345
separate-core-cpu1-prefetch,learning,within-page:trained,33554432,0,-2,3,1,0,120,25.0012,25.8346,150.007
separate-core-cpu1-prefetch,learning,within-page:hot,33554432,0,-2,3,1,0,120,25.0012,25.0012,25.8346
separate-core-cpu1-prefetch,learning,within-page:cold,33554432,0,-2,3,1,1,120,122.506,139.173,156.674
separate-core-cpu1-prefetch,learning,within-page:trained,33554432,0,-2,3,1,1,120,25.0012,25.8346,152.507
separate-core-cpu1-prefetch,learning,within-page:hot,33554432,0,-2,3,1,1,120,25.0012,25.8346,25.8346
separate-core-cpu1-prefetch,learning,within-page:cold,33554432,0,-2,3,1,2,120,125.839,140.84,186.675
separate-core-cpu1-prefetch,learning,within-page:trained,33554432,0,-2,3,1,2,120,25.0012,25.8346,151.674
separate-core-cpu1-prefetch,learning,within-page:hot,33554432,0,-2,3,1,2,120,25.0012,25.0012,25.8346
separate-core-cpu1-prefetch,learning,within-page:cold,33554432,0,-2,4,1,0,120,124.173,140.007,157.507
separate-core-cpu1-prefetch,learning,within-page:trained,33554432,0,-2,4,1,0,120,35.835,73.3368,152.507
separate-core-cpu1-prefetch,learning,within-page:hot,33554432,0,-2,4,1,0,120,25.0012,25.8346,25.8346
separate-core-cpu1-prefetch,learning,within-page:cold,33554432,0,-2,4,1,1,120,123.339,139.173,155.841
separate-core-cpu1-prefetch,learning,within-page:trained,33554432,0,-2,4,1,1,120,25.8346,75.8369,148.34
separate-core-cpu1-prefetch,learning,within-page:hot,33554432,0,-2,4,1,1,120,25.0012,25.0012,25.8346
separate-core-cpu1-prefetch,learning,within-page:cold,33554432,0,-2,4,1,2,120,125.006,141.673,160.841
separate-core-cpu1-prefetch,learning,within-page:trained,33554432,0,-2,4,1,2,120,25.8346,67.5032,120.839
separate-core-cpu1-prefetch,learning,within-page:hot,33554432,0,-2,4,1,2,120,25.0012,25.8346,25.8346
separate-core-cpu1-prefetch,learning,within-page:cold,33554432,0,-2,6,1,0,120,126.673,143.34,195.009
separate-core-cpu1-prefetch,learning,within-page:trained,33554432,0,-2,6,1,0,120,30.0014,56.6693,140.84
separate-core-cpu1-prefetch,learning,within-page:hot,33554432,0,-2,6,1,0,120,25.8346,30.0014,30.8348
separate-core-cpu1-prefetch,learning,within-page:cold,33554432,0,-2,6,1,1,120,121.672,140.84,155.007
separate-core-cpu1-prefetch,learning,within-page:trained,33554432,0,-2,6,1,1,120,25.8346,61.6696,85.8374
separate-core-cpu1-prefetch,learning,within-page:hot,33554432,0,-2,6,1,1,120,25.0012,25.8346,26.6679
separate-core-cpu1-prefetch,learning,within-page:cold,33554432,0,-2,6,1,2,120,122.506,137.506,155.841
separate-core-cpu1-prefetch,learning,within-page:trained,33554432,0,-2,6,1,2,120,25.0012,60.8362,110.839
separate-core-cpu1-prefetch,learning,within-page:hot,33554432,0,-2,6,1,2,120,25.0012,25.8346,25.8346
separate-core-cpu1-prefetch,learning,within-page:cold,33554432,0,-2,8,1,0,120,122.506,138.34,156.674
separate-core-cpu1-prefetch,learning,within-page:trained,33554432,0,-2,8,1,0,120,25.0012,57.5027,75.0035
separate-core-cpu1-prefetch,learning,within-page:hot,33554432,0,-2,8,1,0,120,25.0012,25.8346,25.8346
separate-core-cpu1-prefetch,learning,within-page:cold,33554432,0,-2,8,1,1,120,122.506,140.84,241.678
separate-core-cpu1-prefetch,learning,within-page:trained,33554432,0,-2,8,1,1,120,25.0012,58.3361,80.8371
separate-core-cpu1-prefetch,learning,within-page:hot,33554432,0,-2,8,1,1,120,25.0012,25.0012,25.8346
separate-core-cpu1-prefetch,learning,within-page:cold,33554432,0,-2,8,1,2,120,121.672,139.173,209.177
separate-core-cpu1-prefetch,learning,within-page:trained,33554432,0,-2,8,1,2,120,25.0012,56.6693,72.5034
separate-core-cpu1-prefetch,learning,within-page:hot,33554432,0,-2,8,1,2,120,25.0012,25.0012,25.8346
separate-core-cpu1-prefetch,learning,within-page:cold,33554432,0,-2,12,1,0,120,124.173,139.173,155.841
separate-core-cpu1-prefetch,learning,within-page:trained,33554432,0,-2,12,1,0,120,25.0012,25.8346,26.6679
separate-core-cpu1-prefetch,learning,within-page:hot,33554432,0,-2,12,1,0,120,25.0012,25.8346,25.8346
separate-core-cpu1-prefetch,learning,within-page:cold,33554432,0,-2,12,1,1,120,125.839,142.507,213.343
separate-core-cpu1-prefetch,learning,within-page:trained,33554432,0,-2,12,1,1,120,25.0012,30.0014,41.6686
separate-core-cpu1-prefetch,learning,within-page:hot,33554432,0,-2,12,1,1,120,25.8346,30.0014,30.8348
separate-core-cpu1-prefetch,learning,within-page:cold,33554432,0,-2,12,1,2,120,124.173,140.84,229.177
separate-core-cpu1-prefetch,learning,within-page:trained,33554432,0,-2,12,1,2,120,25.0012,25.0012,54.1692
separate-core-cpu1-prefetch,learning,within-page:hot,33554432,0,-2,12,1,2,120,25.0012,25.8346,25.8346
separate-core-cpu1-prefetch,learning,within-page:cold,33554432,0,-2,16,1,0,120,120.839,138.34,160.841
separate-core-cpu1-prefetch,learning,within-page:trained,33554432,0,-2,16,1,0,120,25.0012,25.8346,52.5025
separate-core-cpu1-prefetch,learning,within-page:hot,33554432,0,-2,16,1,0,120,25.0012,25.8346,25.8346
separate-core-cpu1-prefetch,learning,within-page:cold,33554432,0,-2,16,1,1,120,121.672,140.84,216.677
separate-core-cpu1-prefetch,learning,within-page:trained,33554432,0,-2,16,1,1,120,25.0012,25.8346,59.1695
separate-core-cpu1-prefetch,learning,within-page:hot,33554432,0,-2,16,1,1,120,25.0012,25.0012,25.8346
separate-core-cpu1-prefetch,learning,within-page:cold,33554432,0,-2,16,1,2,120,125.006,141.673,223.344
separate-core-cpu1-prefetch,learning,within-page:trained,33554432,0,-2,16,1,2,120,25.0012,25.8346,61.6696
separate-core-cpu1-prefetch,learning,within-page:hot,33554432,0,-2,16,1,2,120,25.0012,25.0012,30.0014
separate-core-cpu1-prefetch,lookahead,within-page:cold,33554432,0,1,8,1,0,120,125.839,140.84,190.842
separate-core-cpu1-prefetch,lookahead,within-page:trained,33554432,0,1,8,1,0,120,30.0014,61.6696,193.342
separate-core-cpu1-prefetch,lookahead,within-page:hot,33554432,0,1,8,1,0,120,25.0012,30.0014,30.8348
separate-core-cpu1-prefetch,lookahead,within-page:cold,33554432,0,1,8,1,1,120,123.339,140.007,208.343
separate-core-cpu1-prefetch,lookahead,within-page:trained,33554432,0,1,8,1,1,120,25.0012,63.3363,91.671
separate-core-cpu1-prefetch,lookahead,within-page:hot,33554432,0,1,8,1,1,120,25.0012,25.8346,25.8346
separate-core-cpu1-prefetch,lookahead,within-page:cold,33554432,0,1,8,1,2,120,121.672,137.506,155.007
separate-core-cpu1-prefetch,lookahead,within-page:trained,33554432,0,1,8,1,2,120,25.0012,70.0033,97.5046
separate-core-cpu1-prefetch,lookahead,within-page:hot,33554432,0,1,8,1,2,120,25.0012,25.8346,25.8346
separate-core-cpu1-prefetch,lookahead,cross-page:cold,33554432,0,1,8,1,0,120,121.672,140.007,209.177
separate-core-cpu1-prefetch,lookahead,cross-page:trained,33554432,0,1,8,1,0,120,25.0012,60.0028,93.3377
separate-core-cpu1-prefetch,lookahead,cross-page:hot,33554432,0,1,8,1,0,120,25.0012,25.0012,25.8346
separate-core-cpu1-prefetch,lookahead,cross-page:cold,33554432,0,1,8,1,1,120,122.506,141.673,188.342
separate-core-cpu1-prefetch,lookahead,cross-page:trained,33554432,0,1,8,1,1,120,25.0012,72.5034,128.339
separate-core-cpu1-prefetch,lookahead,cross-page:hot,33554432,0,1,8,1,1,120,25.0012,25.0012,25.8346
separate-core-cpu1-prefetch,lookahead,cross-page:cold,33554432,0,1,8,1,2,120,123.339,140.007,154.174
separate-core-cpu1-prefetch,lookahead,cross-page:trained,33554432,0,1,8,1,2,120,25.8346,70.0033,93.3377
separate-core-cpu1-prefetch,lookahead,cross-page:hot,33554432,0,1,8,1,2,120,25.0012,25.0012,25.8346
separate-core-cpu1-prefetch,lookahead,within-page:cold,33554432,0,1,8,2,0,120,124.173,142.507,165.008
separate-core-cpu1-prefetch,lookahead,within-page:trained,33554432,0,1,8,2,0,120,124.173,140.84,175.842
separate-core-cpu1-prefetch,lookahead,within-page:hot,33554432,0,1,8,2,0,120,25.0012,29.168,30.8348
separate-core-cpu1-prefetch,lookahead,within-page:cold,33554432,0,1,8,2,1,120,125.006,142.507,235.011
separate-core-cpu1-prefetch,lookahead,within-page:trained,33554432,0,1,8,2,1,120,125.006,142.507,172.508
separate-core-cpu1-prefetch,lookahead,within-page:hot,33554432,0,1,8,2,1,120,25.0012,25.8346,30.8348
separate-core-cpu1-prefetch,lookahead,within-page:cold,33554432,0,1,8,2,2,120,122.506,140.007,205.843
separate-core-cpu1-prefetch,lookahead,within-page:trained,33554432,0,1,8,2,2,120,124.173,141.673,171.675
separate-core-cpu1-prefetch,lookahead,within-page:hot,33554432,0,1,8,2,2,120,25.0012,25.8346,25.8346
separate-core-cpu1-prefetch,lookahead,cross-page:cold,33554432,0,1,8,2,0,120,122.506,137.506,155.007
separate-core-cpu1-prefetch,lookahead,cross-page:trained,33554432,0,1,8,2,0,120,123.339,140.007,159.174
separate-core-cpu1-prefetch,lookahead,cross-page:hot,33554432,0,1,8,2,0,120,25.0012,25.0012,25.8346
separate-core-cpu1-prefetch,lookahead,cross-page:cold,33554432,0,1,8,2,1,120,123.339,138.34,206.676
separate-core-cpu1-prefetch,lookahead,cross-page:trained,33554432,0,1,8,2,1,120,123.339,142.507,176.675
separate-core-cpu1-prefetch,lookahead,cross-page:hot,33554432,0,1,8,2,1,120,25.0012,25.8346,25.8346
separate-core-cpu1-prefetch,lookahead,cross-page:cold,33554432,0,1,8,2,2,120,123.339,140.007,251.679
separate-core-cpu1-prefetch,lookahead,cross-page:trained,33554432,0,1,8,2,2,120,123.339,140.007,195.009
separate-core-cpu1-prefetch,lookahead,cross-page:hot,33554432,0,1,8,2,2,120,25.0012,25.0012,25.8346
separate-core-cpu1-prefetch,lookahead,within-page:cold,33554432,0,1,8,4,0,120,121.672,140.007,186.675
separate-core-cpu1-prefetch,lookahead,within-page:trained,33554432,0,1,8,4,0,120,122.506,138.34,160.008
separate-core-cpu1-prefetch,lookahead,within-page:hot,33554432,0,1,8,4,0,120,25.0012,25.8346,25.8346
separate-core-cpu1-prefetch,lookahead,within-page:cold,33554432,0,1,8,4,1,120,128.339,146.674,261.679
separate-core-cpu1-prefetch,lookahead,within-page:trained,33554432,0,1,8,4,1,120,125.839,143.34,185.842
separate-core-cpu1-prefetch,lookahead,within-page:hot,33554432,0,1,8,4,1,120,25.8346,30.0014,30.8348
separate-core-cpu1-prefetch,lookahead,within-page:cold,33554432,0,1,8,4,2,120,121.672,138.34,154.174
separate-core-cpu1-prefetch,lookahead,within-page:trained,33554432,0,1,8,4,2,120,123.339,141.673,171.675
separate-core-cpu1-prefetch,lookahead,within-page:hot,33554432,0,1,8,4,2,120,25.0012,25.8346,25.8346
separate-core-cpu1-prefetch,lookahead,cross-page:cold,33554432,0,1,8,4,0,120,121.672,139.173,232.511
separate-core-cpu1-prefetch,lookahead,cross-page:trained,33554432,0,1,8,4,0,120,124.173,140.007,167.508
separate-core-cpu1-prefetch,lookahead,cross-page:hot,33554432,0,1,8,4,0,120,25.0012,25.8346,25.8346
separate-core-cpu1-prefetch,lookahead,cross-page:cold,33554432,0,1,8,4,1,120,124.173,140.007,208.343
separate-core-cpu1-prefetch,lookahead,cross-page:trained,33554432,0,1,8,4,1,120,122.506,142.507,185.842
separate-core-cpu1-prefetch,lookahead,cross-page:hot,33554432,0,1,8,4,1,120,25.0012,25.8346,25.8346
separate-core-cpu1-prefetch,lookahead,cross-page:cold,33554432,0,1,8,4,2,120,123.339,140.84,155.841
separate-core-cpu1-prefetch,lookahead,cross-page:trained,33554432,0,1,8,4,2,120,122.506,140.007,201.676
separate-core-cpu1-prefetch,lookahead,cross-page:hot,33554432,0,1,8,4,2,120,25.0012,25.8346,25.8346
separate-core-cpu1-prefetch,lookahead,within-page:cold,33554432,0,1,8,8,0,120,125.006,141.673,206.676
separate-core-cpu1-prefetch,lookahead,within-page:trained,33554432,0,1,8,8,0,120,124.173,140.007,225.011
separate-core-cpu1-prefetch,lookahead,within-page:hot,33554432,0,1,8,8,0,120,25.0012,25.8346,25.8346
separate-core-cpu1-prefetch,lookahead,within-page:cold,33554432,0,1,8,8,1,120,122.506,140.007,180.008
separate-core-cpu1-prefetch,lookahead,within-page:trained,33554432,0,1,8,8,1,120,125.006,145.007,211.677
separate-core-cpu1-prefetch,lookahead,within-page:hot,33554432,0,1,8,8,1,120,25.0012,25.8346,30.0014
separate-core-cpu1-prefetch,lookahead,within-page:cold,33554432,0,1,8,8,2,120,128.339,142.507,173.341
separate-core-cpu1-prefetch,lookahead,within-page:trained,33554432,0,1,8,8,2,120,126.673,145.84,239.178
separate-core-cpu1-prefetch,lookahead,within-page:hot,33554432,0,1,8,8,2,120,25.0012,30.0014,30.8348
separate-core-cpu1-prefetch,lookahead,cross-page:cold,33554432,0,1,8,8,0,120,122.506,139.173,155.841
separate-core-cpu1-prefetch,lookahead,cross-page:trained,33554432,0,1,8,8,0,120,124.173,142.507,237.511
separate-core-cpu1-prefetch,lookahead,cross-page:hot,33554432,0,1,8,8,0,120,25.0012,25.0012,25.8346
separate-core-cpu1-prefetch,lookahead,cross-page:cold,33554432,0,1,8,8,1,120,121.672,140.84,163.341
separate-core-cpu1-prefetch,lookahead,cross-page:trained,33554432,0,1,8,8,1,120,122.506,141.673,190.842
separate-core-cpu1-prefetch,lookahead,cross-page:hot,33554432,0,1,8,8,1,120,25.0012,25.8346,25.8346
separate-core-cpu1-prefetch,lookahead,cross-page:cold,33554432,0,1,8,8,2,120,125.006,140.84,245.845
separate-core-cpu1-prefetch,lookahead,cross-page:trained,33554432,0,1,8,8,2,120,122.506,140.84,183.342
separate-core-cpu1-prefetch,lookahead,cross-page:hot,33554432,0,1,8,8,2,120,25.0012,25.8346,25.8346
separate-core-cpu1-prefetch,lookahead,within-page:cold,33554432,0,1,8,16,0,120,125.006,140.84,169.175
separate-core-cpu1-prefetch,lookahead,within-page:trained,33554432,0,1,8,16,0,120,124.173,140.84,216.677
separate-core-cpu1-prefetch,lookahead,within-page:hot,33554432,0,1,8,16,0,120,25.0012,25.8346,25.8346
separate-core-cpu1-prefetch,lookahead,within-page:cold,33554432,0,1,8,16,1,120,123.339,139.173,207.51
separate-core-cpu1-prefetch,lookahead,within-page:trained,33554432,0,1,8,16,1,120,123.339,137.506,157.507
separate-core-cpu1-prefetch,lookahead,within-page:hot,33554432,0,1,8,16,1,120,25.0012,25.0012,25.8346
separate-core-cpu1-prefetch,lookahead,within-page:cold,33554432,0,1,8,16,2,120,125.839,141.673,178.342
separate-core-cpu1-prefetch,lookahead,within-page:trained,33554432,0,1,8,16,2,120,125.006,139.173,174.175
separate-core-cpu1-prefetch,lookahead,within-page:hot,33554432,0,1,8,16,2,120,25.0012,25.8346,30.8348
separate-core-cpu1-prefetch,lookahead,cross-page:cold,33554432,0,1,8,16,0,120,123.339,141.673,188.342
separate-core-cpu1-prefetch,lookahead,cross-page:trained,33554432,0,1,8,16,0,120,125.006,144.173,245.012
separate-core-cpu1-prefetch,lookahead,cross-page:hot,33554432,0,1,8,16,0,120,25.0012,25.8346,30.8348
separate-core-cpu1-prefetch,lookahead,cross-page:cold,33554432,0,1,8,16,1,120,123.339,142.507,207.51
separate-core-cpu1-prefetch,lookahead,cross-page:trained,33554432,0,1,8,16,1,120,122.506,141.673,176.675
separate-core-cpu1-prefetch,lookahead,cross-page:hot,33554432,0,1,8,16,1,120,25.0012,25.0012,25.8346
separate-core-cpu1-prefetch,lookahead,cross-page:cold,33554432,0,1,8,16,2,120,123.339,139.173,205.01
separate-core-cpu1-prefetch,lookahead,cross-page:trained,33554432,0,1,8,16,2,120,120.839,140.84,176.675
separate-core-cpu1-prefetch,lookahead,cross-page:hot,33554432,0,1,8,16,2,120,25.0012,25.0012,25.8346
separate-core-cpu1-prefetch,retention,shared-pc:cold,33554432,0,2,8,1,0,120,123.339,138.34,154.174
separate-core-cpu1-prefetch,retention,shared-pc:trained,33554432,0,2,8,1,0,120,25.0012,25.0012,25.8346
separate-core-cpu1-prefetch,retention,shared-pc:hot,33554432,0,2,8,1,0,120,25.0012,25.0012,25.8346
separate-core-cpu1-prefetch,retention,shared-pc:cold,33554432,0,2,8,1,1,120,124.173,140.007,172.508
separate-core-cpu1-prefetch,retention,shared-pc:trained,33554432,0,2,8,1,1,120,25.0012,25.0012,25.8346
separate-core-cpu1-prefetch,retention,shared-pc:hot,33554432,0,2,8,1,1,120,25.0012,25.8346,25.8346
separate-core-cpu1-prefetch,retention,shared-pc:cold,33554432,0,2,8,1,2,120,123.339,140.007,157.507
separate-core-cpu1-prefetch,retention,shared-pc:trained,33554432,0,2,8,1,2,120,25.0012,25.8346,30.0014
separate-core-cpu1-prefetch,retention,shared-pc:hot,33554432,0,2,8,1,2,120,25.0012,25.8346,30.0014
separate-core-cpu1-prefetch,retention,distinct-pc:cold,33554432,0,2,8,1,0,120,128.339,144.173,217.51
separate-core-cpu1-prefetch,retention,distinct-pc:trained,33554432,0,2,8,1,0,120,25.8346,30.0014,30.8348
separate-core-cpu1-prefetch,retention,distinct-pc:hot,33554432,0,2,8,1,0,120,25.0012,30.0014,30.8348
separate-core-cpu1-prefetch,retention,distinct-pc:cold,33554432,0,2,8,1,1,120,121.672,140.007,167.508
separate-core-cpu1-prefetch,retention,distinct-pc:trained,33554432,0,2,8,1,1,120,25.0012,25.8346,25.8346
separate-core-cpu1-prefetch,retention,distinct-pc:hot,33554432,0,2,8,1,1,120,25.0012,25.8346,25.8346
separate-core-cpu1-prefetch,retention,distinct-pc:cold,33554432,0,2,8,1,2,120,121.672,139.173,160.841
separate-core-cpu1-prefetch,retention,distinct-pc:trained,33554432,0,2,8,1,2,120,25.0012,25.8346,25.8346
separate-core-cpu1-prefetch,retention,distinct-pc:hot,33554432,0,2,8,1,2,120,25.0012,25.0012,25.8346
separate-core-cpu1-prefetch,retention,shared-pc:cold,33554432,1,2,8,1,0,120,123.339,140.84,190.009
separate-core-cpu1-prefetch,retention,shared-pc:trained,33554432,1,2,8,1,0,120,25.0012,25.0012,25.8346
separate-core-cpu1-prefetch,retention,shared-pc:hot,33554432,1,2,8,1,0,120,25.0012,25.0012,25.8346
separate-core-cpu1-prefetch,retention,shared-pc:cold,33554432,1,2,8,1,1,120,124.173,144.173,193.342
separate-core-cpu1-prefetch,retention,shared-pc:trained,33554432,1,2,8,1,1,120,25.0012,25.8346,30.8348
separate-core-cpu1-prefetch,retention,shared-pc:hot,33554432,1,2,8,1,1,120,25.0012,25.8346,30.0014
separate-core-cpu1-prefetch,retention,shared-pc:cold,33554432,1,2,8,1,2,120,125.839,145.007,244.178
separate-core-cpu1-prefetch,retention,shared-pc:trained,33554432,1,2,8,1,2,120,25.0012,25.8346,30.0014
separate-core-cpu1-prefetch,retention,shared-pc:hot,33554432,1,2,8,1,2,120,25.0012,25.0012,30.0014
separate-core-cpu1-prefetch,retention,distinct-pc:cold,33554432,1,2,8,1,0,120,122.506,140.007,187.509
separate-core-cpu1-prefetch,retention,distinct-pc:trained,33554432,1,2,8,1,0,120,25.0012,25.8346,25.8346
separate-core-cpu1-prefetch,retention,distinct-pc:hot,33554432,1,2,8,1,0,120,25.0012,25.8346,25.8346
separate-core-cpu1-prefetch,retention,distinct-pc:cold,33554432,1,2,8,1,1,120,124.173,140.007,214.177
separate-core-cpu1-prefetch,retention,distinct-pc:trained,33554432,1,2,8,1,1,120,25.0012,25.8346,25.8346
separate-core-cpu1-prefetch,retention,distinct-pc:hot,33554432,1,2,8,1,1,120,25.0012,25.0012,25.8346
separate-core-cpu1-prefetch,retention,distinct-pc:cold,33554432,1,2,8,1,2,120,125.006,145.007,243.345
separate-core-cpu1-prefetch,retention,distinct-pc:trained,33554432,1,2,8,1,2,120,25.0012,25.8346,30.8348
separate-core-cpu1-prefetch,retention,distinct-pc:hot,33554432,1,2,8,1,2,120,25.0012,25.8346,30.8348
separate-core-cpu1-prefetch,retention,shared-pc:cold,33554432,2,2,8,1,0,120,123.339,140.84,202.51
separate-core-cpu1-prefetch,retention,shared-pc:trained,33554432,2,2,8,1,0,120,25.0012,25.8346,25.8346
separate-core-cpu1-prefetch,retention,shared-pc:hot,33554432,2,2,8,1,0,120,25.0012,25.0012,25.8346
separate-core-cpu1-prefetch,retention,shared-pc:cold,33554432,2,2,8,1,1,120,123.339,140.007,190.842
separate-core-cpu1-prefetch,retention,shared-pc:trained,33554432,2,2,8,1,1,120,25.0012,25.8346,25.8346
separate-core-cpu1-prefetch,retention,shared-pc:hot,33554432,2,2,8,1,1,120,25.0012,25.0012,25.8346
separate-core-cpu1-prefetch,retention,shared-pc:cold,33554432,2,2,8,1,2,120,122.506,140.007,210.01
separate-core-cpu1-prefetch,retention,shared-pc:trained,33554432,2,2,8,1,2,120,25.0012,25.8346,30.0014
separate-core-cpu1-prefetch,retention,shared-pc:hot,33554432,2,2,8,1,2,120,25.0012,25.0012,29.168
separate-core-cpu1-prefetch,retention,distinct-pc:cold,33554432,2,2,8,1,0,120,121.672,137.506,295.014
separate-core-cpu1-prefetch,retention,distinct-pc:trained,33554432,2,2,8,1,0,120,25.0012,25.8346,25.8346
separate-core-cpu1-prefetch,retention,distinct-pc:hot,33554432,2,2,8,1,0,120,25.0012,25.8346,25.8346
separate-core-cpu1-prefetch,retention,distinct-pc:cold,33554432,2,2,8,1,1,120,124.173,140.007,193.342
separate-core-cpu1-prefetch,retention,distinct-pc:trained,33554432,2,2,8,1,1,120,25.0012,25.8346,25.8346
separate-core-cpu1-prefetch,retention,distinct-pc:hot,33554432,2,2,8,1,1,120,25.0012,25.0012,25.8346
separate-core-cpu1-prefetch,retention,distinct-pc:cold,33554432,2,2,8,1,2,120,124.173,142.507,195.009
separate-core-cpu1-prefetch,retention,distinct-pc:trained,33554432,2,2,8,1,2,120,25.0012,25.8346,30.8348
separate-core-cpu1-prefetch,retention,distinct-pc:hot,33554432,2,2,8,1,2,120,25.0012,25.8346,30.0014
separate-core-cpu1-prefetch,retention,shared-pc:cold,33554432,4,2,8,1,0,120,126.673,140.007,168.341
separate-core-cpu1-prefetch,retention,shared-pc:trained,33554432,4,2,8,1,0,120,25.0012,25.8346,25.8346
separate-core-cpu1-prefetch,retention,shared-pc:hot,33554432,4,2,8,1,0,120,25.0012,25.0012,25.8346
separate-core-cpu1-prefetch,retention,shared-pc:cold,33554432,4,2,8,1,1,120,125.839,139.173,185.009
separate-core-cpu1-prefetch,retention,shared-pc:trained,33554432,4,2,8,1,1,120,25.0012,25.8346,30.0014
separate-core-cpu1-prefetch,retention,shared-pc:hot,33554432,4,2,8,1,1,120,25.0012,25.8346,30.0014
separate-core-cpu1-prefetch,retention,shared-pc:cold,33554432,4,2,8,1,2,120,121.672,137.506,165.008
separate-core-cpu1-prefetch,retention,shared-pc:trained,33554432,4,2,8,1,2,120,25.0012,25.8346,25.8346
separate-core-cpu1-prefetch,retention,shared-pc:hot,33554432,4,2,8,1,2,120,25.0012,25.0012,25.8346
separate-core-cpu1-prefetch,retention,distinct-pc:cold,33554432,4,2,8,1,0,120,122.506,140.007,160.008
separate-core-cpu1-prefetch,retention,distinct-pc:trained,33554432,4,2,8,1,0,120,25.0012,25.8346,30.0014
separate-core-cpu1-prefetch,retention,distinct-pc:hot,33554432,4,2,8,1,0,120,25.0012,25.8346,30.0014
separate-core-cpu1-prefetch,retention,distinct-pc:cold,33554432,4,2,8,1,1,120,123.339,140.84,160.841
separate-core-cpu1-prefetch,retention,distinct-pc:trained,33554432,4,2,8,1,1,120,25.0012,25.8346,29.168
separate-core-cpu1-prefetch,retention,distinct-pc:hot,33554432,4,2,8,1,1,120,25.0012,25.8346,26.6679
separate-core-cpu1-prefetch,retention,distinct-pc:cold,33554432,4,2,8,1,2,120,124.173,139.173,205.843
separate-core-cpu1-prefetch,retention,distinct-pc:trained,33554432,4,2,8,1,2,120,25.0012,25.8346,30.0014
separate-core-cpu1-prefetch,retention,distinct-pc:hot,33554432,4,2,8,1,2,120,25.0012,25.8346,30.0014
separate-core-cpu1-prefetch,retention,shared-pc:cold,33554432,8,2,8,1,0,120,122.506,141.673,167.508
separate-core-cpu1-prefetch,retention,shared-pc:trained,33554432,8,2,8,1,0,120,28.3347,29.168,32.5015
separate-core-cpu1-prefetch,retention,shared-pc:hot,33554432,8,2,8,1,0,120,25.0012,25.0012,30.0014
separate-core-cpu1-prefetch,retention,shared-pc:cold,33554432,8,2,8,1,1,120,126.673,145.007,175.008
separate-core-cpu1-prefetch,retention,shared-pc:trained,33554432,8,2,8,1,1,120,28.3347,29.168,34.1683
separate-core-cpu1-prefetch,retention,shared-pc:hot,33554432,8,2,8,1,1,120,28.3347,28.3347,33.3349
separate-core-cpu1-prefetch,retention,shared-pc:cold,33554432,8,2,8,1,2,120,124.173,143.34,246.678
separate-core-cpu1-prefetch,retention,shared-pc:trained,33554432,8,2,8,1,2,120,28.3347,29.168,34.1683
separate-core-cpu1-prefetch,retention,shared-pc:hot,33554432,8,2,8,1,2,120,25.0012,25.8346,29.168
separate-core-cpu1-prefetch,retention,distinct-pc:cold,33554432,8,2,8,1,0,120,126.673,146.674,206.676
separate-core-cpu1-prefetch,retention,distinct-pc:trained,33554432,8,2,8,1,0,120,28.3347,29.168,30.0014
separate-core-cpu1-prefetch,retention,distinct-pc:hot,33554432,8,2,8,1,0,120,28.3347,29.168,29.168
separate-core-cpu1-prefetch,retention,distinct-pc:cold,33554432,8,2,8,1,1,120,126.673,143.34,170.841
separate-core-cpu1-prefetch,retention,distinct-pc:trained,33554432,8,2,8,1,1,120,28.3347,29.168,30.8348
separate-core-cpu1-prefetch,retention,distinct-pc:hot,33554432,8,2,8,1,1,120,28.3347,29.168,30.0014
separate-core-cpu1-prefetch,retention,distinct-pc:cold,33554432,8,2,8,1,2,120,123.339,140.84,220.01
separate-core-cpu1-prefetch,retention,distinct-pc:trained,33554432,8,2,8,1,2,120,28.3347,29.168,34.1683
separate-core-cpu1-prefetch,retention,distinct-pc:hot,33554432,8,2,8,1,2,120,25.0012,25.8346,30.0014
separate-core-cpu1-prefetch,retention,shared-pc:cold,33554432,12,2,8,1,0,120,125.839,145.84,188.342
separate-core-cpu1-prefetch,retention,shared-pc:trained,33554432,12,2,8,1,0,120,28.3347,29.168,33.3349
separate-core-cpu1-prefetch,retention,shared-pc:hot,33554432,12,2,8,1,0,120,28.3347,28.3347,29.168
separate-core-cpu1-prefetch,retention,shared-pc:cold,33554432,12,2,8,1,1,120,128.339,144.173,168.341
separate-core-cpu1-prefetch,retention,shared-pc:trained,33554432,12,2,8,1,1,120,28.3347,29.168,34.1683
separate-core-cpu1-prefetch,retention,shared-pc:hot,33554432,12,2,8,1,1,120,28.3347,29.168,33.3349
separate-core-cpu1-prefetch,retention,shared-pc:cold,33554432,12,2,8,1,2,120,127.506,147.507,172.508
separate-core-cpu1-prefetch,retention,shared-pc:trained,33554432,12,2,8,1,2,120,28.3347,29.168,29.168
separate-core-cpu1-prefetch,retention,shared-pc:hot,33554432,12,2,8,1,2,120,28.3347,29.168,33.3349
separate-core-cpu1-prefetch,retention,distinct-pc:cold,33554432,12,2,8,1,0,120,126.673,143.34,177.508
separate-core-cpu1-prefetch,retention,distinct-pc:trained,33554432,12,2,8,1,0,120,28.3347,29.168,34.1683
separate-core-cpu1-prefetch,retention,distinct-pc:hot,33554432,12,2,8,1,0,120,28.3347,29.168,31.6682
separate-core-cpu1-prefetch,retention,distinct-pc:cold,33554432,12,2,8,1,1,120,125.839,141.673,157.507
separate-core-cpu1-prefetch,retention,distinct-pc:trained,33554432,12,2,8,1,1,120,28.3347,29.168,34.1683
separate-core-cpu1-prefetch,retention,distinct-pc:hot,33554432,12,2,8,1,1,120,28.3347,29.168,34.1683
separate-core-cpu1-prefetch,retention,distinct-pc:cold,33554432,12,2,8,1,2,120,126.673,141.673,159.174
separate-core-cpu1-prefetch,retention,distinct-pc:trained,33554432,12,2,8,1,2,120,28.3347,29.168,30.0014
separate-core-cpu1-prefetch,retention,distinct-pc:hot,33554432,12,2,8,1,2,120,28.3347,29.168,30.0014
separate-core-cpu1-prefetch,retention,shared-pc:cold,33554432,16,2,8,1,0,120,127.506,145.007,222.51
separate-core-cpu1-prefetch,retention,shared-pc:trained,33554432,16,2,8,1,0,120,28.3347,29.168,29.168
separate-core-cpu1-prefetch,retention,shared-pc:hot,33554432,16,2,8,1,0,120,28.3347,28.3347,33.3349
separate-core-cpu1-prefetch,retention,shared-pc:cold,33554432,16,2,8,1,1,120,128.339,146.674,186.675
separate-core-cpu1-prefetch,retention,shared-pc:trained,33554432,16,2,8,1,1,120,28.3347,29.168,34.1683
separate-core-cpu1-prefetch,retention,shared-pc:hot,33554432,16,2,8,1,1,120,28.3347,28.3347,33.3349
separate-core-cpu1-prefetch,retention,shared-pc:cold,33554432,16,2,8,1,2,120,128.339,145.84,277.513
separate-core-cpu1-prefetch,retention,shared-pc:trained,33554432,16,2,8,1,2,120,28.3347,29.168,29.168
separate-core-cpu1-prefetch,retention,shared-pc:hot,33554432,16,2,8,1,2,120,28.3347,28.3347,30.0014
separate-core-cpu1-prefetch,retention,distinct-pc:cold,33554432,16,2,8,1,0,120,130.839,145.84,231.678
separate-core-cpu1-prefetch,retention,distinct-pc:trained,33554432,16,2,8,1,0,120,31.6682,32.5015,146.674
separate-core-cpu1-prefetch,retention,distinct-pc:hot,33554432,16,2,8,1,0,120,28.3347,29.168,34.1683
separate-core-cpu1-prefetch,retention,distinct-pc:cold,33554432,16,2,8,1,1,120,127.506,143.34,183.342
separate-core-cpu1-prefetch,retention,distinct-pc:trained,33554432,16,2,8,1,1,120,31.6682,32.5015,150.007
separate-core-cpu1-prefetch,retention,distinct-pc:hot,33554432,16,2,8,1,1,120,28.3347,29.168,33.3349
separate-core-cpu1-prefetch,retention,distinct-pc:cold,33554432,16,2,8,1,2,120,127.506,146.674,232.511
separate-core-cpu1-prefetch,retention,distinct-pc:trained,33554432,16,2,8,1,2,120,31.6682,32.5015,145.84
separate-core-cpu1-prefetch,retention,distinct-pc:hot,33554432,16,2,8,1,2,120,28.3347,29.168,29.168
separate-core-cpu1-prefetch,retention,shared-pc:cold,33554432,24,2,8,1,0,120,127.506,147.507,192.509
separate-core-cpu1-prefetch,retention,shared-pc:trained,33554432,24,2,8,1,0,120,28.3347,29.168,30.0014
separate-core-cpu1-prefetch,retention,shared-pc:hot,33554432,24,2,8,1,0,120,28.3347,28.3347,33.3349
separate-core-cpu1-prefetch,retention,shared-pc:cold,33554432,24,2,8,1,1,120,127.506,145.84,205.843
separate-core-cpu1-prefetch,retention,shared-pc:trained,33554432,24,2,8,1,1,120,28.3347,29.168,29.168
separate-core-cpu1-prefetch,retention,shared-pc:hot,33554432,24,2,8,1,1,120,28.3347,28.3347,30.0014
separate-core-cpu1-prefetch,retention,shared-pc:cold,33554432,24,2,8,1,2,120,129.173,145.84,175.842
separate-core-cpu1-prefetch,retention,shared-pc:trained,33554432,24,2,8,1,2,120,28.3347,29.168,29.168
separate-core-cpu1-prefetch,retention,shared-pc:hot,33554432,24,2,8,1,2,120,28.3347,28.3347,29.168
separate-core-cpu1-prefetch,retention,distinct-pc:cold,33554432,24,2,8,1,0,120,125.839,143.34,161.674
separate-core-cpu1-prefetch,retention,distinct-pc:trained,33554432,24,2,8,1,0,120,30.8348,31.6682,145.84
separate-core-cpu1-prefetch,retention,distinct-pc:hot,33554432,24,2,8,1,0,120,28.3347,29.168,30.0014
separate-core-cpu1-prefetch,retention,distinct-pc:cold,33554432,24,2,8,1,1,120,127.506,145.007,207.51
separate-core-cpu1-prefetch,retention,distinct-pc:trained,33554432,24,2,8,1,1,120,30.8348,31.6682,143.34
separate-core-cpu1-prefetch,retention,distinct-pc:hot,33554432,24,2,8,1,1,120,28.3347,29.168,30.0014
separate-core-cpu1-prefetch,retention,distinct-pc:cold,33554432,24,2,8,1,2,120,126.673,141.673,157.507
separate-core-cpu1-prefetch,retention,distinct-pc:trained,33554432,24,2,8,1,2,120,30.8348,31.6682,143.34
separate-core-cpu1-prefetch,retention,distinct-pc:hot,33554432,24,2,8,1,2,120,28.3347,29.168,34.1683
separate-core-cpu1-prefetch,retention,shared-pc:cold,33554432,32,2,8,1,0,120,125.006,145.007,177.508
separate-core-cpu1-prefetch,retention,shared-pc:trained,33554432,32,2,8,1,0,120,28.3347,29.168,34.1683
separate-core-cpu1-prefetch,retention,shared-pc:hot,33554432,32,2,8,1,0,120,28.3347,28.3347,33.3349
separate-core-cpu1-prefetch,retention,shared-pc:cold,33554432,32,2,8,1,1,120,126.673,145.007,246.678
separate-core-cpu1-prefetch,retention,shared-pc:trained,33554432,32,2,8,1,1,120,28.3347,29.168,33.3349
separate-core-cpu1-prefetch,retention,shared-pc:hot,33554432,32,2,8,1,1,120,28.3347,28.3347,30.0014
separate-core-cpu1-prefetch,retention,shared-pc:cold,33554432,32,2,8,1,2,120,125.839,144.173,225.844
separate-core-cpu1-prefetch,retention,shared-pc:trained,33554432,32,2,8,1,2,120,28.3347,29.168,30.0014
separate-core-cpu1-prefetch,retention,shared-pc:hot,33554432,32,2,8,1,2,120,28.3347,28.3347,29.168
separate-core-cpu1-prefetch,retention,distinct-pc:cold,33554432,32,2,8,1,0,120,126.673,147.507,188.342
separate-core-cpu1-prefetch,retention,distinct-pc:trained,33554432,32,2,8,1,0,120,30.8348,31.6682,152.507
separate-core-cpu1-prefetch,retention,distinct-pc:hot,33554432,32,2,8,1,0,120,28.3347,29.168,34.1683
separate-core-cpu1-prefetch,retention,distinct-pc:cold,33554432,32,2,8,1,1,120,129.173,144.173,203.343
separate-core-cpu1-prefetch,retention,distinct-pc:trained,33554432,32,2,8,1,1,120,30.8348,31.6682,134.173
separate-core-cpu1-prefetch,retention,distinct-pc:hot,33554432,32,2,8,1,1,120,28.3347,29.168,34.1683
separate-core-cpu1-prefetch,retention,distinct-pc:cold,33554432,32,2,8,1,2,120,125.839,144.173,207.51
separate-core-cpu1-prefetch,retention,distinct-pc:trained,33554432,32,2,8,1,2,120,31.6682,32.5015,144.173
separate-core-cpu1-prefetch,retention,distinct-pc:hot,33554432,32,2,8,1,2,120,28.3347,29.168,34.1683
separate-core-cpu1-prefetch,retention,shared-pc:cold,33554432,48,2,8,1,0,120,125.839,144.173,160.841
separate-core-cpu1-prefetch,retention,shared-pc:trained,33554432,48,2,8,1,0,120,28.3347,29.168,30.0014
separate-core-cpu1-prefetch,retention,shared-pc:hot,33554432,48,2,8,1,0,120,28.3347,28.3347,33.3349
separate-core-cpu1-prefetch,retention,shared-pc:cold,33554432,48,2,8,1,1,120,126.673,144.173,190.009
separate-core-cpu1-prefetch,retention,shared-pc:trained,33554432,48,2,8,1,1,120,28.3347,29.168,29.168
separate-core-cpu1-prefetch,retention,shared-pc:hot,33554432,48,2,8,1,1,120,28.3347,28.3347,33.3349
separate-core-cpu1-prefetch,retention,shared-pc:cold,33554432,48,2,8,1,2,120,126.673,145.84,189.176
separate-core-cpu1-prefetch,retention,shared-pc:trained,33554432,48,2,8,1,2,120,28.3347,29.168,34.1683
separate-core-cpu1-prefetch,retention,shared-pc:hot,33554432,48,2,8,1,2,120,28.3347,28.3347,33.3349
separate-core-cpu1-prefetch,retention,distinct-pc:cold,33554432,48,2,8,1,0,120,126.673,145.007,296.681
separate-core-cpu1-prefetch,retention,distinct-pc:trained,33554432,48,2,8,1,0,120,30.8348,31.6682,140.007
separate-core-cpu1-prefetch,retention,distinct-pc:hot,33554432,48,2,8,1,0,120,28.3347,29.168,30.0014
separate-core-cpu1-prefetch,retention,distinct-pc:cold,33554432,48,2,8,1,1,120,126.673,144.173,210.843
separate-core-cpu1-prefetch,retention,distinct-pc:trained,33554432,48,2,8,1,1,120,31.6682,32.5015,152.507
separate-core-cpu1-prefetch,retention,distinct-pc:hot,33554432,48,2,8,1,1,120,28.3347,29.168,30.0014
separate-core-cpu1-prefetch,retention,distinct-pc:cold,33554432,48,2,8,1,2,120,126.673,144.173,291.68
separate-core-cpu1-prefetch,retention,distinct-pc:trained,33554432,48,2,8,1,2,120,30.8348,31.6682,140.007
separate-core-cpu1-prefetch,retention,distinct-pc:hot,33554432,48,2,8,1,2,120,28.3347,29.168,30.8348
separate-core-cpu1-prefetch,retention,shared-pc:cold,33554432,64,2,8,1,0,120,126.673,144.173,172.508
separate-core-cpu1-prefetch,retention,shared-pc:trained,33554432,64,2,8,1,0,120,28.3347,29.168,33.3349
separate-core-cpu1-prefetch,retention,shared-pc:hot,33554432,64,2,8,1,0,120,28.3347,28.3347,33.3349
separate-core-cpu1-prefetch,retention,shared-pc:cold,33554432,64,2,8,1,1,120,125.839,144.173,188.342
separate-core-cpu1-prefetch,retention,shared-pc:trained,33554432,64,2,8,1,1,120,28.3347,29.168,30.0014
separate-core-cpu1-prefetch,retention,shared-pc:hot,33554432,64,2,8,1,1,120,28.3347,29.168,33.3349
separate-core-cpu1-prefetch,retention,shared-pc:cold,33554432,64,2,8,1,2,120,126.673,143.34,177.508
separate-core-cpu1-prefetch,retention,shared-pc:trained,33554432,64,2,8,1,2,120,28.3347,29.168,30.0014
separate-core-cpu1-prefetch,retention,shared-pc:hot,33554432,64,2,8,1,2,120,28.3347,28.3347,33.3349
separate-core-cpu1-prefetch,retention,distinct-pc:cold,33554432,64,2,8,1,0,120,125.839,145.84,185.842
separate-core-cpu1-prefetch,retention,distinct-pc:trained,33554432,64,2,8,1,0,120,28.3347,29.168,29.168
separate-core-cpu1-prefetch,retention,distinct-pc:hot,33554432,64,2,8,1,0,120,28.3347,28.3347,33.3349
separate-core-cpu1-prefetch,retention,distinct-pc:cold,33554432,64,2,8,1,1,120,125.839,143.34,185.842
separate-core-cpu1-prefetch,retention,distinct-pc:trained,33554432,64,2,8,1,1,120,28.3347,29.168,34.1683
separate-core-cpu1-prefetch,retention,distinct-pc:hot,33554432,64,2,8,1,1,120,28.3347,28.3347,30.0014
separate-core-cpu1-prefetch,retention,distinct-pc:cold,33554432,64,2,8,1,2,120,126.673,147.507,200.009
separate-core-cpu1-prefetch,retention,distinct-pc:trained,33554432,64,2,8,1,2,120,28.3347,29.168,33.3349
separate-core-cpu1-prefetch,retention,distinct-pc:hot,33554432,64,2,8,1,2,120,28.3347,28.3347,33.3349
separate-core-cpu48-handoff,handoff,cold,33554432,2,0,0,0,0,120,124.171,145.005,282.509
separate-core-cpu48-handoff,handoff,peer-clean,33554432,2,0,0,0,0,120,306.677,349.178,371.679
separate-core-cpu48-handoff,handoff,peer-dirty,33554432,2,0,0,0,0,120,302.51,350.845,370.012
separate-core-cpu48-handoff,handoff,local-hot,33554432,2,0,0,0,0,120,25.0008,25.8342,30.001
separate-core-cpu48-handoff,handoff,cold,33554432,2,0,0,0,1,120,122.504,142.505,327.511
separate-core-cpu48-handoff,handoff,peer-clean,33554432,2,0,0,0,1,120,304.177,350.845,369.179
separate-core-cpu48-handoff,handoff,peer-dirty,33554432,2,0,0,0,1,120,319.177,353.345,372.512
separate-core-cpu48-handoff,handoff,local-hot,33554432,2,0,0,0,1,120,25.8342,25.8342,26.6675
separate-core-cpu48-handoff,handoff,cold,33554432,2,0,0,0,2,120,124.171,140.838,289.176
separate-core-cpu48-handoff,handoff,peer-clean,33554432,2,0,0,0,2,120,294.176,349.178,368.345
separate-core-cpu48-handoff,handoff,peer-dirty,33554432,2,0,0,0,2,120,314.177,349.178,370.012
separate-core-cpu48-handoff,handoff,local-hot,33554432,2,0,0,0,2,120,25.0008,25.0008,25.8342
separate-core-cpu48-handoff,sharing,same-word,1024,2,0,0,0,0,1,18.401,18.401,18.401
separate-core-cpu48-handoff,sharing,same-word,1024,2,0,0,0,1,1,18.5756,18.5756,18.5756
separate-core-cpu48-handoff,sharing,same-word,1024,2,0,0,0,2,1,18.5085,18.5085,18.5085
separate-core-cpu48-handoff,sharing,same-line,1024,2,8,0,0,0,1,18.6629,18.6629,18.6629
separate-core-cpu48-handoff,sharing,same-line,1024,2,8,0,0,1,1,18.758,18.758,18.758
separate-core-cpu48-handoff,sharing,same-line,1024,2,8,0,0,2,1,18.6471,18.6471,18.6471
separate-core-cpu48-handoff,sharing,same-line,1024,2,16,0,0,0,1,18.5833,18.5833,18.5833
separate-core-cpu48-handoff,sharing,same-line,1024,2,16,0,0,1,1,18.7003,18.7003,18.7003
separate-core-cpu48-handoff,sharing,same-line,1024,2,16,0,0,2,1,18.4696,18.4696,18.4696
separate-core-cpu48-handoff,sharing,same-line,1024,2,32,0,0,0,1,18.6546,18.6546,18.6546
separate-core-cpu48-handoff,sharing,same-line,1024,2,32,0,0,1,1,18.6872,18.6872,18.6872
separate-core-cpu48-handoff,sharing,same-line,1024,2,32,0,0,2,1,18.6204,18.6204,18.6204
separate-core-cpu48-handoff,sharing,separate-lines,1024,2,64,0,0,0,1,2.49725,2.49725,2.49725
separate-core-cpu48-handoff,sharing,separate-lines,1024,2,64,0,0,1,1,2.38351,2.38351,2.38351
separate-core-cpu48-handoff,sharing,separate-lines,1024,2,64,0,0,2,1,2.44061,2.44061,2.44061
separate-core-cpu48-handoff,sharing,separate-lines,1024,2,128,0,0,0,1,2.39261,2.39261,2.39261
separate-core-cpu48-handoff,sharing,separate-lines,1024,2,128,0,0,1,1,2.52878,2.52878,2.52878
separate-core-cpu48-handoff,sharing,separate-lines,1024,2,128,0,0,2,1,2.65544,2.65544,2.65544
separate-core-cpu48-handoff,sharing,separate-lines,1024,2,256,0,0,0,1,2.43303,2.43303,2.43303
separate-core-cpu48-handoff,sharing,separate-lines,1024,2,256,0,0,1,1,2.53712,2.53712,2.53712
separate-core-cpu48-handoff,sharing,separate-lines,1024,2,256,0,0,2,1,2.39213,2.39213,2.39213
separate-core-cpu48-handoff,sharing,separate-lines,1024,2,512,0,0,0,1,2.54086,2.54086,2.54086
separate-core-cpu48-handoff,sharing,separate-lines,1024,2,512,0,0,1,1,2.41791,2.41791,2.41791
separate-core-cpu48-handoff,sharing,separate-lines,1024,2,512,0,0,2,1,2.47107,2.47107,2.47107
separate-core-cpu48-compute,mlp,base,16384,1,0,0,0,0,3,1.62149,1.62164,1.62164
separate-core-cpu48-compute,mlp,base,16384,1,0,0,0,1,3,1.61948,1.62123,1.62123
separate-core-cpu48-compute,mlp,base,16384,1,0,0,0,2,3,1.60098,1.62676,1.62676
separate-core-cpu48-compute,mlp,base,16384,2,0,0,0,0,3,0.810605,0.810857,0.810857
separate-core-cpu48-compute,mlp,base,16384,2,0,0,0,1,3,0.811648,0.814027,0.814027
separate-core-cpu48-compute,mlp,base,16384,2,0,0,0,2,3,0.800401,0.80082,0.80082
separate-core-cpu48-compute,mlp,base,16384,4,0,0,0,0,3,0.402787,0.404672,0.404672
separate-core-cpu48-compute,mlp,base,16384,4,0,0,0,1,3,0.403948,0.404914,0.404914
separate-core-cpu48-compute,mlp,base,16384,4,0,0,0,2,3,0.404838,0.404873,0.404873
separate-core-cpu48-compute,mlp,base,16384,8,0,0,0,0,3,0.203149,0.207184,0.207184
separate-core-cpu48-compute,mlp,base,16384,8,0,0,0,1,3,0.205855,0.207014,0.207014
separate-core-cpu48-compute,mlp,base,16384,8,0,0,0,2,3,0.203284,0.203409,0.203409
separate-core-cpu48-compute,mlp,base,16384,12,0,0,0,0,3,0.162145,0.162739,0.162739
separate-core-cpu48-compute,mlp,base,16384,12,0,0,0,1,3,0.162314,0.162423,0.162423
separate-core-cpu48-compute,mlp,base,16384,12,0,0,0,2,3,0.160445,0.162256,0.162256
separate-core-cpu48-compute,mlp,base,16384,16,0,0,0,0,3,0.235953,0.236187,0.236187
separate-core-cpu48-compute,mlp,base,16384,16,0,0,0,1,3,0.236739,0.237401,0.237401
separate-core-cpu48-compute,mlp,base,16384,16,0,0,0,2,3,0.233261,0.235423,0.235423
separate-core-cpu48-compute,mlp,base,16384,24,0,0,0,0,3,0.336858,0.336964,0.336964
separate-core-cpu48-compute,mlp,base,16384,24,0,0,0,1,3,0.337426,0.338279,0.338279
separate-core-cpu48-compute,mlp,base,16384,24,0,0,0,2,3,0.336901,0.337151,0.337151
separate-core-cpu48-compute,mlp,base,16384,32,0,0,0,0,3,0.378856,0.37953,0.37953
separate-core-cpu48-compute,mlp,base,16384,32,0,0,0,1,3,0.381426,0.381824,0.381824
separate-core-cpu48-compute,mlp,base,16384,32,0,0,0,2,3,0.379066,0.379468,0.379468
separate-core-cpu48-compute,mlp,base,16384,48,0,0,0,0,3,0.449585,0.451902,0.451902
separate-core-cpu48-compute,mlp,base,16384,48,0,0,0,1,3,0.449133,0.449471,0.449471
separate-core-cpu48-compute,mlp,base,16384,48,0,0,0,2,3,0.449277,0.449471,0.449471
separate-core-cpu48-compute,mlp,base,16384,64,0,0,0,0,3,0.45842,0.462527,0.462527
separate-core-cpu48-compute,mlp,base,16384,64,0,0,0,1,3,0.462888,0.464076,0.464076
separate-core-cpu48-compute,mlp,base,16384,64,0,0,0,2,3,0.464383,0.466469,0.466469
separate-core-cpu48-compute,mlp,base,524288,1,0,0,0,0,3,5.03936,5.04416,5.04416
separate-core-cpu48-compute,mlp,base,524288,1,0,0,0,1,3,5.1112,5.11931,5.11931
separate-core-cpu48-compute,mlp,base,524288,1,0,0,0,2,3,5.02901,5.03151,5.03151
separate-core-cpu48-compute,mlp,base,524288,2,0,0,0,0,3,2.54687,2.5652,2.5652
separate-core-cpu48-compute,mlp,base,524288,2,0,0,0,1,3,2.55496,2.55975,2.55975
separate-core-cpu48-compute,mlp,base,524288,2,0,0,0,2,3,2.55112,2.58725,2.58725
separate-core-cpu48-compute,mlp,base,524288,4,0,0,0,0,3,1.28625,1.29281,1.29281
separate-core-cpu48-compute,mlp,base,524288,4,0,0,0,1,3,1.27863,1.29347,1.29347
separate-core-cpu48-compute,mlp,base,524288,4,0,0,0,2,3,1.29559,1.29722,1.29722
separate-core-cpu48-compute,mlp,base,524288,8,0,0,0,0,3,0.675102,0.679076,0.679076
separate-core-cpu48-compute,mlp,base,524288,8,0,0,0,1,3,0.674887,0.677668,0.677668
separate-core-cpu48-compute,mlp,base,524288,8,0,0,0,2,3,0.673572,0.675962,0.675962
separate-core-cpu48-compute,mlp,base,524288,12,0,0,0,0,3,0.486086,0.486474,0.486474
separate-core-cpu48-compute,mlp,base,524288,12,0,0,0,1,3,0.485612,0.486227,0.486227
separate-core-cpu48-compute,mlp,base,524288,12,0,0,0,2,3,0.480723,0.486912,0.486912
separate-core-cpu48-compute,mlp,base,524288,16,0,0,0,0,3,0.513573,0.513617,0.513617
separate-core-cpu48-compute,mlp,base,524288,16,0,0,0,1,3,0.513431,0.516417,0.516417
separate-core-cpu48-compute,mlp,base,524288,16,0,0,0,2,3,0.507602,0.514009,0.514009
separate-core-cpu48-compute,mlp,base,524288,24,0,0,0,0,3,0.614769,0.615579,0.615579
separate-core-cpu48-compute,mlp,base,524288,24,0,0,0,1,3,0.613177,0.614531,0.614531
separate-core-cpu48-compute,mlp,base,524288,24,0,0,0,2,3,0.613216,0.61372,0.61372
separate-core-cpu48-compute,mlp,base,524288,32,0,0,0,0,3,0.649291,0.656929,0.656929
separate-core-cpu48-compute,mlp,base,524288,32,0,0,0,1,3,0.655224,0.656742,0.656742
separate-core-cpu48-compute,mlp,base,524288,32,0,0,0,2,3,0.65642,0.65821,0.65821
separate-core-cpu48-compute,mlp,base,524288,48,0,0,0,0,3,0.727543,0.727972,0.727972
separate-core-cpu48-compute,mlp,base,524288,48,0,0,0,1,3,0.729146,0.729697,0.729697
separate-core-cpu48-compute,mlp,base,524288,48,0,0,0,2,3,0.727485,0.735402,0.735402
separate-core-cpu48-compute,mlp,base,524288,64,0,0,0,0,3,0.732829,0.74069,0.74069
separate-core-cpu48-compute,mlp,base,524288,64,0,0,0,1,3,0.734837,0.741233,0.741233
separate-core-cpu48-compute,mlp,base,524288,64,0,0,0,2,3,0.741376,0.741576,0.741576
separate-core-cpu48-compute,mlp,base,8388608,1,0,0,0,0,3,40.1342,40.1872,40.1872
separate-core-cpu48-compute,mlp,base,8388608,1,0,0,0,1,3,40.213,40.2445,40.2445
separate-core-cpu48-compute,mlp,base,8388608,1,0,0,0,2,3,40.2021,40.2077,40.2077
separate-core-cpu48-compute,mlp,base,8388608,2,0,0,0,0,3,20.2335,20.3295,20.3295
separate-core-cpu48-compute,mlp,base,8388608,2,0,0,0,1,3,20.1832,20.2405,20.2405
separate-core-cpu48-compute,mlp,base,8388608,2,0,0,0,2,3,20.1757,20.2533,20.2533
separate-core-cpu48-compute,mlp,base,8388608,4,0,0,0,0,3,10.19,10.1902,10.1902
separate-core-cpu48-compute,mlp,base,8388608,4,0,0,0,1,3,10.161,10.194,10.194
separate-core-cpu48-compute,mlp,base,8388608,4,0,0,0,2,3,10.2227,10.2364,10.2364
separate-core-cpu48-compute,mlp,base,8388608,8,0,0,0,0,3,5.16817,5.17034,5.17034
separate-core-cpu48-compute,mlp,base,8388608,8,0,0,0,1,3,5.17158,5.18811,5.18811
separate-core-cpu48-compute,mlp,base,8388608,8,0,0,0,2,3,5.1934,5.20407,5.20407
separate-core-cpu48-compute,mlp,base,8388608,12,0,0,0,0,3,3.59682,3.60799,3.60799
separate-core-cpu48-compute,mlp,base,8388608,12,0,0,0,1,3,3.59867,3.60956,3.60956
separate-core-cpu48-compute,mlp,base,8388608,12,0,0,0,2,3,3.61452,3.62091,3.62091
separate-core-cpu48-compute,mlp,base,8388608,16,0,0,0,0,3,3.09806,3.0986,3.0986
separate-core-cpu48-compute,mlp,base,8388608,16,0,0,0,1,3,3.0902,3.10818,3.10818
separate-core-cpu48-compute,mlp,base,8388608,16,0,0,0,2,3,3.09021,3.09935,3.09935
separate-core-cpu48-compute,mlp,base,8388608,24,0,0,0,0,3,2.92139,2.92952,2.92952
separate-core-cpu48-compute,mlp,base,8388608,24,0,0,0,1,3,2.9094,2.92313,2.92313
separate-core-cpu48-compute,mlp,base,8388608,24,0,0,0,2,3,2.91384,2.91679,2.91679
separate-core-cpu48-compute,mlp,base,8388608,32,0,0,0,0,3,2.87767,2.87866,2.87866
separate-core-cpu48-compute,mlp,base,8388608,32,0,0,0,1,3,2.87695,2.88819,2.88819
separate-core-cpu48-compute,mlp,base,8388608,32,0,0,0,2,3,2.87877,2.88817,2.88817
separate-core-cpu48-compute,mlp,base,8388608,48,0,0,0,0,3,2.87997,2.88993,2.88993
separate-core-cpu48-compute,mlp,base,8388608,48,0,0,0,1,3,2.88299,2.88475,2.88475
separate-core-cpu48-compute,mlp,base,8388608,48,0,0,0,2,3,2.87053,2.88075,2.88075
separate-core-cpu48-compute,mlp,base,8388608,64,0,0,0,0,3,2.90023,2.90145,2.90145
separate-core-cpu48-compute,mlp,base,8388608,64,0,0,0,1,3,2.89915,2.90834,2.90834
separate-core-cpu48-compute,mlp,base,8388608,64,0,0,0,2,3,2.90114,2.90127,2.90127
separate-core-cpu48-compute,mlp,base,268435456,1,0,0,0,0,3,97.0906,98.6464,98.6464
separate-core-cpu48-compute,mlp,base,268435456,1,0,0,0,1,3,88.3354,89.4148,89.4148
separate-core-cpu48-compute,mlp,base,268435456,1,0,0,0,2,3,86.2103,86.8214,86.8214
separate-core-cpu48-compute,mlp,base,268435456,2,0,0,0,0,3,44.3268,46.6438,46.6438
separate-core-cpu48-compute,mlp,base,268435456,2,0,0,0,1,3,42.275,46.4892,46.4892
separate-core-cpu48-compute,mlp,base,268435456,2,0,0,0,2,3,54.7498,61.8188,61.8188
separate-core-cpu48-compute,mlp,base,268435456,4,0,0,0,0,3,32.2198,32.6294,32.6294
separate-core-cpu48-compute,mlp,base,268435456,4,0,0,0,1,3,32.618,33.3522,33.3522
separate-core-cpu48-compute,mlp,base,268435456,4,0,0,0,2,3,34.7025,35.5898,35.5898
separate-core-cpu48-compute,mlp,base,268435456,8,0,0,0,0,3,16.5187,17.1011,17.1011
separate-core-cpu48-compute,mlp,base,268435456,8,0,0,0,1,3,18.0443,18.0498,18.0498
separate-core-cpu48-compute,mlp,base,268435456,8,0,0,0,2,3,18.2593,18.2663,18.2663
separate-core-cpu48-compute,mlp,base,268435456,12,0,0,0,0,3,11.6028,12.1055,12.1055
separate-core-cpu48-compute,mlp,base,268435456,12,0,0,0,1,3,12.8413,12.8683,12.8683
separate-core-cpu48-compute,mlp,base,268435456,12,0,0,0,2,3,12.7395,12.8412,12.8412
separate-core-cpu48-compute,mlp,base,268435456,16,0,0,0,0,3,9.17207,10.4484,10.4484
separate-core-cpu48-compute,mlp,base,268435456,16,0,0,0,1,3,11.344,11.3827,11.3827
separate-core-cpu48-compute,mlp,base,268435456,16,0,0,0,2,3,8.9749,11.2426,11.2426
separate-core-cpu48-compute,mlp,base,268435456,24,0,0,0,0,3,8.91059,10.1164,10.1164
separate-core-cpu48-compute,mlp,base,268435456,24,0,0,0,1,3,10.726,10.7306,10.7306
separate-core-cpu48-compute,mlp,base,268435456,24,0,0,0,2,3,6.59243,9.31356,9.31356
separate-core-cpu48-compute,mlp,base,268435456,32,0,0,0,0,3,44.4597,68.9937,68.9937
separate-core-cpu48-compute,mlp,base,268435456,32,0,0,0,1,3,15.532,20.0375,20.0375
separate-core-cpu48-compute,mlp,base,268435456,32,0,0,0,2,3,10.5226,10.857,10.857
separate-core-cpu48-compute,mlp,base,268435456,48,0,0,0,0,3,8.60679,10.5255,10.5255
separate-core-cpu48-compute,mlp,base,268435456,48,0,0,0,1,3,10.5693,10.721,10.721
separate-core-cpu48-compute,mlp,base,268435456,48,0,0,0,2,3,6.81325,8.78838,8.78838
separate-core-cpu48-compute,mlp,base,268435456,64,0,0,0,0,3,8.53691,10.3802,10.3802
separate-core-cpu48-compute,mlp,base,268435456,64,0,0,0,1,3,10.7589,10.8121,10.8121
separate-core-cpu48-compute,mlp,base,268435456,64,0,0,0,2,3,6.52658,8.94546,8.94546
separate-core-cpu48-stream,mlp,base,16384,1,0,0,0,0,3,1.59878,1.62541,1.62541
separate-core-cpu48-stream,mlp,base,16384,1,0,0,0,1,3,1.61807,1.62202,1.62202
separate-core-cpu48-stream,mlp,base,16384,1,0,0,0,2,3,1.6002,1.61914,1.61914
separate-core-cpu48-stream,mlp,base,16384,2,0,0,0,0,3,0.80041,0.810115,0.810115
separate-core-cpu48-stream,mlp,base,16384,2,0,0,0,1,3,0.812903,0.813501,0.813501
separate-core-cpu48-stream,mlp,base,16384,2,0,0,0,2,3,0.80056,0.810559,0.810559
separate-core-cpu48-stream,mlp,base,16384,4,0,0,0,0,3,0.400542,0.405415,0.405415
separate-core-cpu48-stream,mlp,base,16384,4,0,0,0,1,3,0.400668,0.405584,0.405584
separate-core-cpu48-stream,mlp,base,16384,4,0,0,0,2,3,0.40548,0.405804,0.405804
separate-core-cpu48-stream,mlp,base,16384,8,0,0,0,0,3,0.205046,0.207611,0.207611
separate-core-cpu48-stream,mlp,base,16384,8,0,0,0,1,3,0.205959,0.20626,0.20626
separate-core-cpu48-stream,mlp,base,16384,8,0,0,0,2,3,0.205955,0.206119,0.206119
separate-core-cpu48-stream,mlp,base,16384,12,0,0,0,0,3,0.160527,0.162035,0.162035
separate-core-cpu48-stream,mlp,base,16384,12,0,0,0,1,3,0.16059,0.161629,0.161629
separate-core-cpu48-stream,mlp,base,16384,12,0,0,0,2,3,0.162332,0.162491,0.162491
separate-core-cpu48-stream,mlp,base,16384,16,0,0,0,0,3,0.233541,0.233659,0.233659
separate-core-cpu48-stream,mlp,base,16384,16,0,0,0,1,3,0.236786,0.237139,0.237139
separate-core-cpu48-stream,mlp,base,16384,16,0,0,0,2,3,0.236468,0.236974,0.236974
separate-core-cpu48-stream,mlp,base,16384,24,0,0,0,0,3,0.333346,0.333669,0.333669
separate-core-cpu48-stream,mlp,base,16384,24,0,0,0,1,3,0.337494,0.339878,0.339878
separate-core-cpu48-stream,mlp,base,16384,24,0,0,0,2,3,0.337084,0.337455,0.337455
separate-core-cpu48-stream,mlp,base,16384,32,0,0,0,0,3,0.375349,0.376118,0.376118
separate-core-cpu48-stream,mlp,base,16384,32,0,0,0,1,3,0.379336,0.380054,0.380054
separate-core-cpu48-stream,mlp,base,16384,32,0,0,0,2,3,0.379425,0.379917,0.379917
separate-core-cpu48-stream,mlp,base,16384,48,0,0,0,0,3,0.44483,0.449063,0.449063
separate-core-cpu48-stream,mlp,base,16384,48,0,0,0,1,3,0.447505,0.449561,0.449561
separate-core-cpu48-stream,mlp,base,16384,48,0,0,0,2,3,0.447884,0.449337,0.449337
separate-core-cpu48-stream,mlp,base,16384,64,0,0,0,0,3,0.464217,0.466444,0.466444
separate-core-cpu48-stream,mlp,base,16384,64,0,0,0,1,3,0.463593,0.464108,0.464108
separate-core-cpu48-stream,mlp,base,16384,64,0,0,0,2,3,0.458859,0.463246,0.463246
separate-core-cpu48-stream,mlp,base,524288,1,0,0,0,0,3,5.08648,5.11354,5.11354
separate-core-cpu48-stream,mlp,base,524288,1,0,0,0,1,3,5.08347,5.08547,5.08547
separate-core-cpu48-stream,mlp,base,524288,1,0,0,0,2,3,5.07148,5.09718,5.09718
separate-core-cpu48-stream,mlp,base,524288,2,0,0,0,0,3,2.5576,2.56418,2.56418
separate-core-cpu48-stream,mlp,base,524288,2,0,0,0,1,3,2.5513,2.55244,2.55244
separate-core-cpu48-stream,mlp,base,524288,2,0,0,0,2,3,2.55582,2.56543,2.56543
separate-core-cpu48-stream,mlp,base,524288,4,0,0,0,0,3,1.28459,1.28937,1.28937
separate-core-cpu48-stream,mlp,base,524288,4,0,0,0,1,3,1.27785,1.29074,1.29074
separate-core-cpu48-stream,mlp,base,524288,4,0,0,0,2,3,1.27859,1.29188,1.29188
separate-core-cpu48-stream,mlp,base,524288,8,0,0,0,0,3,0.676148,0.676579,0.676579
separate-core-cpu48-stream,mlp,base,524288,8,0,0,0,1,3,0.675318,0.680274,0.680274
separate-core-cpu48-stream,mlp,base,524288,8,0,0,0,2,3,0.668021,0.675551,0.675551
separate-core-cpu48-stream,mlp,base,524288,12,0,0,0,0,3,0.486582,0.487142,0.487142
separate-core-cpu48-stream,mlp,base,524288,12,0,0,0,1,3,0.483922,0.486335,0.486335
separate-core-cpu48-stream,mlp,base,524288,12,0,0,0,2,3,0.480243,0.486745,0.486745
separate-core-cpu48-stream,mlp,base,524288,16,0,0,0,0,3,0.51227,0.51625,0.51625
separate-core-cpu48-stream,mlp,base,524288,16,0,0,0,1,3,0.507372,0.513669,0.513669
separate-core-cpu48-stream,mlp,base,524288,16,0,0,0,2,3,0.511569,0.51341,0.51341
separate-core-cpu48-stream,mlp,base,524288,24,0,0,0,0,3,0.613004,0.613351,0.613351
separate-core-cpu48-stream,mlp,base,524288,24,0,0,0,1,3,0.613694,0.615087,0.615087
separate-core-cpu48-stream,mlp,base,524288,24,0,0,0,2,3,0.612425,0.613741,0.613741
separate-core-cpu48-stream,mlp,base,524288,32,0,0,0,0,3,0.657366,0.665872,0.665872
separate-core-cpu48-stream,mlp,base,524288,32,0,0,0,1,3,0.64876,0.656963,0.656963
separate-core-cpu48-stream,mlp,base,524288,32,0,0,0,2,3,0.655758,0.659104,0.659104
separate-core-cpu48-stream,mlp,base,524288,48,0,0,0,0,3,0.728272,0.733011,0.733011
separate-core-cpu48-stream,mlp,base,524288,48,0,0,0,1,3,0.720751,0.728001,0.728001
separate-core-cpu48-stream,mlp,base,524288,48,0,0,0,2,3,0.728576,0.731805,0.731805
separate-core-cpu48-stream,mlp,base,524288,64,0,0,0,0,3,0.740442,0.742026,0.742026
separate-core-cpu48-stream,mlp,base,524288,64,0,0,0,1,3,0.732144,0.743726,0.743726
separate-core-cpu48-stream,mlp,base,524288,64,0,0,0,2,3,0.732127,0.740073,0.740073
separate-core-cpu48-stream,mlp,base,8388608,1,0,0,0,0,3,40.2486,40.2582,40.2582
separate-core-cpu48-stream,mlp,base,8388608,1,0,0,0,1,3,40.0706,40.1899,40.1899
separate-core-cpu48-stream,mlp,base,8388608,1,0,0,0,2,3,40.1692,40.1698,40.1698
separate-core-cpu48-stream,mlp,base,8388608,2,0,0,0,0,3,20.1217,20.1713,20.1713
separate-core-cpu48-stream,mlp,base,8388608,2,0,0,0,1,3,20.16,20.1715,20.1715
separate-core-cpu48-stream,mlp,base,8388608,2,0,0,0,2,3,20.1888,20.2129,20.2129
separate-core-cpu48-stream,mlp,base,8388608,4,0,0,0,0,3,10.1516,10.1587,10.1587
separate-core-cpu48-stream,mlp,base,8388608,4,0,0,0,1,3,10.1614,10.1808,10.1808
separate-core-cpu48-stream,mlp,base,8388608,4,0,0,0,2,3,10.125,10.1749,10.1749
separate-core-cpu48-stream,mlp,base,8388608,8,0,0,0,0,3,5.15843,5.16481,5.16481
separate-core-cpu48-stream,mlp,base,8388608,8,0,0,0,1,3,5.16257,5.16259,5.16259
separate-core-cpu48-stream,mlp,base,8388608,8,0,0,0,2,3,5.1603,5.16371,5.16371
separate-core-cpu48-stream,mlp,base,8388608,12,0,0,0,0,3,3.59743,3.61075,3.61075
separate-core-cpu48-stream,mlp,base,8388608,12,0,0,0,1,3,3.58654,3.59934,3.59934
separate-core-cpu48-stream,mlp,base,8388608,12,0,0,0,2,3,3.5868,3.58805,3.58805
separate-core-cpu48-stream,mlp,base,8388608,16,0,0,0,0,3,3.08898,3.08931,3.08931
separate-core-cpu48-stream,mlp,base,8388608,16,0,0,0,1,3,3.08905,3.08928,3.08928
separate-core-cpu48-stream,mlp,base,8388608,16,0,0,0,2,3,3.09432,3.09634,3.09634
separate-core-cpu48-stream,mlp,base,8388608,24,0,0,0,0,3,2.9185,2.9214,2.9214
separate-core-cpu48-stream,mlp,base,8388608,24,0,0,0,1,3,2.91747,2.92088,2.92088
separate-core-cpu48-stream,mlp,base,8388608,24,0,0,0,2,3,2.91967,2.92774,2.92774
separate-core-cpu48-stream,mlp,base,8388608,32,0,0,0,0,3,2.88314,2.89037,2.89037
separate-core-cpu48-stream,mlp,base,8388608,32,0,0,0,1,3,2.88318,2.89211,2.89211
separate-core-cpu48-stream,mlp,base,8388608,32,0,0,0,2,3,2.87388,2.88551,2.88551
separate-core-cpu48-stream,mlp,base,8388608,48,0,0,0,0,3,2.87191,2.87657,2.87657
separate-core-cpu48-stream,mlp,base,8388608,48,0,0,0,1,3,2.8671,2.87889,2.87889
separate-core-cpu48-stream,mlp,base,8388608,48,0,0,0,2,3,2.87565,2.88241,2.88241
separate-core-cpu48-stream,mlp,base,8388608,64,0,0,0,0,3,2.89799,2.89956,2.89956
separate-core-cpu48-stream,mlp,base,8388608,64,0,0,0,1,3,2.88845,2.90662,2.90662
separate-core-cpu48-stream,mlp,base,8388608,64,0,0,0,2,3,2.88939,2.89846,2.89846
separate-core-cpu48-stream,mlp,base,268435456,1,0,0,0,0,3,83.4449,87.8638,87.8638
separate-core-cpu48-stream,mlp,base,268435456,1,0,0,0,1,3,80.9976,81.0573,81.0573
separate-core-cpu48-stream,mlp,base,268435456,1,0,0,0,2,3,84.2623,88.9821,88.9821
separate-core-cpu48-stream,mlp,base,268435456,2,0,0,0,0,3,42.1454,42.2786,42.2786
separate-core-cpu48-stream,mlp,base,268435456,2,0,0,0,1,3,44.0738,49.33,49.33
separate-core-cpu48-stream,mlp,base,268435456,2,0,0,0,2,3,62.1904,64.896,64.896
separate-core-cpu48-stream,mlp,base,268435456,4,0,0,0,0,3,32.863,33.8671,33.8671
separate-core-cpu48-stream,mlp,base,268435456,4,0,0,0,1,3,32.9053,33.2766,33.2766
separate-core-cpu48-stream,mlp,base,268435456,4,0,0,0,2,3,34.5654,35.0042,35.0042
separate-core-cpu48-stream,mlp,base,268435456,8,0,0,0,0,3,16.68,17.2729,17.2729
separate-core-cpu48-stream,mlp,base,268435456,8,0,0,0,1,3,17.9447,18.1471,18.1471
separate-core-cpu48-stream,mlp,base,268435456,8,0,0,0,2,3,18.1389,18.2289,18.2289
separate-core-cpu48-stream,mlp,base,268435456,12,0,0,0,0,3,11.1924,11.9995,11.9995
separate-core-cpu48-stream,mlp,base,268435456,12,0,0,0,1,3,12.8444,12.87,12.87
separate-core-cpu48-stream,mlp,base,268435456,12,0,0,0,2,3,12.7281,12.8436,12.8436
separate-core-cpu48-stream,mlp,base,268435456,16,0,0,0,0,3,9.53238,10.7115,10.7115
separate-core-cpu48-stream,mlp,base,268435456,16,0,0,0,1,3,11.3151,11.3569,11.3569
separate-core-cpu48-stream,mlp,base,268435456,16,0,0,0,2,3,7.18899,11.2226,11.2226
separate-core-cpu48-stream,mlp,base,268435456,24,0,0,0,0,3,8.93005,10.2957,10.2957
separate-core-cpu48-stream,mlp,base,268435456,24,0,0,0,1,3,10.65,10.7718,10.7718
separate-core-cpu48-stream,mlp,base,268435456,24,0,0,0,2,3,7.20842,8.11573,8.11573
separate-core-cpu48-stream,mlp,base,268435456,32,0,0,0,0,3,8.36622,10.0461,10.0461
separate-core-cpu48-stream,mlp,base,268435456,32,0,0,0,1,3,10.6105,10.7959,10.7959
separate-core-cpu48-stream,mlp,base,268435456,32,0,0,0,2,3,6.94694,7.92692,7.92692
separate-core-cpu48-stream,mlp,base,268435456,48,0,0,0,0,3,8.57846,10.0539,10.0539
separate-core-cpu48-stream,mlp,base,268435456,48,0,0,0,1,3,10.7345,10.8859,10.8859
separate-core-cpu48-stream,mlp,base,268435456,48,0,0,0,2,3,7.02364,7.61784,7.61784
separate-core-cpu48-stream,mlp,base,268435456,64,0,0,0,0,3,8.3515,10.2912,10.2912
separate-core-cpu48-stream,mlp,base,268435456,64,0,0,0,1,3,10.7951,10.9098,10.9098
separate-core-cpu48-stream,mlp,base,268435456,64,0,0,0,2,3,6.52589,8.53773,8.53773
separate-core-cpu48-prefetch,spatial,offset-parity0:cold,33554432,0,1,1,8,0,120,122.505,138.339,154.173
separate-core-cpu48-prefetch,spatial,offset-parity0:trained,33554432,0,1,1,8,0,120,25.001,25.001,25.8343
separate-core-cpu48-prefetch,spatial,offset-parity0:hot,33554432,0,1,1,8,0,120,25.001,25.8343,25.8343
separate-core-cpu48-prefetch,spatial,offset-parity0:cold,33554432,0,1,1,8,1,120,123.338,139.172,155.839
separate-core-cpu48-prefetch,spatial,offset-parity0:trained,33554432,0,1,1,8,1,120,25.001,25.001,25.8343
separate-core-cpu48-prefetch,spatial,offset-parity0:hot,33554432,0,1,1,8,1,120,25.001,25.001,25.8343
separate-core-cpu48-prefetch,spatial,offset-parity0:cold,33554432,0,1,1,8,2,120,121.671,140.005,154.173
separate-core-cpu48-prefetch,spatial,offset-parity0:trained,33554432,0,1,1,8,2,120,25.001,25.001,25.8343
separate-core-cpu48-prefetch,spatial,offset-parity0:hot,33554432,0,1,1,8,2,120,25.001,25.8343,25.8343
separate-core-cpu48-prefetch,spatial,offset-parity0:cold,33554432,0,1,1,16,0,120,126.672,140.839,231.676
separate-core-cpu48-prefetch,spatial,offset-parity0:trained,33554432,0,1,1,16,0,120,25.001,25.8343,30.0012
separate-core-cpu48-prefetch,spatial,offset-parity0:hot,33554432,0,1,1,16,0,120,25.001,25.8343,30.0012
separate-core-cpu48-prefetch,spatial,offset-parity0:cold,33554432,0,1,1,16,1,120,125.838,141.672,160.006
separate-core-cpu48-prefetch,spatial,offset-parity0:trained,33554432,0,1,1,16,1,120,25.001,30.0012,30.8345
separate-core-cpu48-prefetch,spatial,offset-parity0:hot,33554432,0,1,1,16,1,120,25.001,30.0012,30.8345
separate-core-cpu48-prefetch,spatial,offset-parity0:cold,33554432,0,1,1,16,2,120,129.172,145.839,180.84
separate-core-cpu48-prefetch,spatial,offset-parity0:trained,33554432,0,1,1,16,2,120,30.0012,30.0012,30.8345
separate-core-cpu48-prefetch,spatial,offset-parity0:hot,33554432,0,1,1,16,2,120,30.0012,30.0012,30.8345
separate-core-cpu48-prefetch,spatial,offset-parity0:cold,33554432,0,1,1,32,0,120,130.838,145.006,255.01
separate-core-cpu48-prefetch,spatial,offset-parity0:trained,33554432,0,1,1,32,0,120,25.001,29.1678,30.0012
separate-core-cpu48-prefetch,spatial,offset-parity0:hot,33554432,0,1,1,32,0,120,25.001,30.0012,30.0012
separate-core-cpu48-prefetch,spatial,offset-parity0:cold,33554432,0,1,1,32,1,120,125.005,140.005,156.673
separate-core-cpu48-prefetch,spatial,offset-parity0:trained,33554432,0,1,1,32,1,120,25.001,25.001,25.8343
separate-core-cpu48-prefetch,spatial,offset-parity0:hot,33554432,0,1,1,32,1,120,25.001,25.001,25.8343
separate-core-cpu48-prefetch,spatial,offset-parity0:cold,33554432,0,1,1,32,2,120,125.005,141.672,155.839
separate-core-cpu48-prefetch,spatial,offset-parity0:trained,33554432,0,1,1,32,2,120,25.001,25.001,25.8343
separate-core-cpu48-prefetch,spatial,offset-parity0:hot,33554432,0,1,1,32,2,120,25.001,25.001,25.8343
separate-core-cpu48-prefetch,spatial,offset-parity0:cold,33554432,0,1,1,64,0,120,125.005,140.839,155.839
separate-core-cpu48-prefetch,spatial,offset-parity0:trained,33554432,0,1,1,64,0,120,122.505,140.005,239.176
separate-core-cpu48-prefetch,spatial,offset-parity0:hot,33554432,0,1,1,64,0,120,25.001,25.001,25.8343
separate-core-cpu48-prefetch,spatial,offset-parity0:cold,33554432,0,1,1,64,1,120,121.671,140.839,154.173
separate-core-cpu48-prefetch,spatial,offset-parity0:trained,33554432,0,1,1,64,1,120,124.171,141.672,225.009
separate-core-cpu48-prefetch,spatial,offset-parity0:hot,33554432,0,1,1,64,1,120,25.001,25.001,25.8343
separate-core-cpu48-prefetch,spatial,offset-parity0:cold,33554432,0,1,1,64,2,120,122.505,140.005,155.006
separate-core-cpu48-prefetch,spatial,offset-parity0:trained,33554432,0,1,1,64,2,120,123.338,142.505,191.674
separate-core-cpu48-prefetch,spatial,offset-parity0:hot,33554432,0,1,1,64,2,120,25.001,25.001,25.8343
separate-core-cpu48-prefetch,spatial,offset-parity0:cold,33554432,0,1,1,128,0,120,124.171,140.839,155.006
separate-core-cpu48-prefetch,spatial,offset-parity0:trained,33554432,0,1,1,128,0,120,123.338,140.005,154.173
separate-core-cpu48-prefetch,spatial,offset-parity0:hot,33554432,0,1,1,128,0,120,25.001,25.001,25.8343
separate-core-cpu48-prefetch,spatial,offset-parity0:cold,33554432,0,1,1,128,1,120,122.505,140.005,276.677
separate-core-cpu48-prefetch,spatial,offset-parity0:trained,33554432,0,1,1,128,1,120,123.338,141.672,154.173
separate-core-cpu48-prefetch,spatial,offset-parity0:hot,33554432,0,1,1,128,1,120,25.001,25.8343,25.8343
separate-core-cpu48-prefetch,spatial,offset-parity0:cold,33554432,0,1,1,128,2,120,122.505,140.839,183.34
separate-core-cpu48-prefetch,spatial,offset-parity0:trained,33554432,0,1,1,128,2,120,122.505,142.505,154.173
separate-core-cpu48-prefetch,spatial,offset-parity0:hot,33554432,0,1,1,128,2,120,25.001,25.001,25.8343
separate-core-cpu48-prefetch,spatial,offset-parity0:cold,33554432,0,1,1,256,0,120,123.338,141.672,235.009
separate-core-cpu48-prefetch,spatial,offset-parity0:trained,33554432,0,1,1,256,0,120,122.505,138.339,182.507
separate-core-cpu48-prefetch,spatial,offset-parity0:hot,33554432,0,1,1,256,0,120,25.001,25.001,25.8343
separate-core-cpu48-prefetch,spatial,offset-parity0:cold,33554432,0,1,1,256,1,120,123.338,139.172,155.006
separate-core-cpu48-prefetch,spatial,offset-parity0:trained,33554432,0,1,1,256,1,120,124.171,143.339,180.007
separate-core-cpu48-prefetch,spatial,offset-parity0:hot,33554432,0,1,1,256,1,120,25.001,25.001,25.8343
separate-core-cpu48-prefetch,spatial,offset-parity0:cold,33554432,0,1,1,256,2,120,123.338,139.172,154.173
separate-core-cpu48-prefetch,spatial,offset-parity0:trained,33554432,0,1,1,256,2,120,122.505,140.839,255.01
separate-core-cpu48-prefetch,spatial,offset-parity0:hot,33554432,0,1,1,256,2,120,25.001,25.001,25.8343
separate-core-cpu48-prefetch,adjacent,parity0:cold,33554432,0,1,1,-2,0,120,123.338,139.172,235.009
separate-core-cpu48-prefetch,adjacent,parity0:trained,33554432,0,1,1,-2,0,120,123.338,139.172,213.342
separate-core-cpu48-prefetch,adjacent,parity0:hot,33554432,0,1,1,-2,0,120,25.001,25.001,25.8343
separate-core-cpu48-prefetch,adjacent,parity0:cold,33554432,0,1,1,-2,1,120,124.171,140.005,237.509
separate-core-cpu48-prefetch,adjacent,parity0:trained,33554432,0,1,1,-2,1,120,121.671,139.172,197.508
separate-core-cpu48-prefetch,adjacent,parity0:hot,33554432,0,1,1,-2,1,120,25.001,25.001,25.8343
separate-core-cpu48-prefetch,adjacent,parity0:cold,33554432,0,1,1,-2,2,120,123.338,140.839,239.176
separate-core-cpu48-prefetch,adjacent,parity0:trained,33554432,0,1,1,-2,2,120,124.171,140.005,243.343
separate-core-cpu48-prefetch,adjacent,parity0:hot,33554432,0,1,1,-2,2,120,25.001,25.001,25.8343
separate-core-cpu48-prefetch,adjacent,parity0:cold,33554432,0,1,1,-1,0,120,123.338,141.672,160.839
separate-core-cpu48-prefetch,adjacent,parity0:trained,33554432,0,1,1,-1,0,120,124.171,138.339,179.174
separate-core-cpu48-prefetch,adjacent,parity0:hot,33554432,0,1,1,-1,0,120,25.001,25.001,25.8343
separate-core-cpu48-prefetch,adjacent,parity0:cold,33554432,0,1,1,-1,1,120,127.505,145.839,246.676
separate-core-cpu48-prefetch,adjacent,parity0:trained,33554432,0,1,1,-1,1,120,128.338,145.839,185.007
separate-core-cpu48-prefetch,adjacent,parity0:hot,33554432,0,1,1,-1,1,120,25.8343,30.0012,30.8345
separate-core-cpu48-prefetch,adjacent,parity0:cold,33554432,0,1,1,-1,2,120,128.338,145.006,247.509
separate-core-cpu48-prefetch,adjacent,parity0:trained,33554432,0,1,1,-1,2,120,126.672,146.672,217.508
separate-core-cpu48-prefetch,adjacent,parity0:hot,33554432,0,1,1,-1,2,120,25.001,30.0012,30.8345
separate-core-cpu48-prefetch,adjacent,parity0:cold,33554432,0,1,1,1,0,120,125.838,141.672,161.673
separate-core-cpu48-prefetch,adjacent,parity0:trained,33554432,0,1,1,1,0,120,124.171,142.505,180.007
separate-core-cpu48-prefetch,adjacent,parity0:hot,33554432,0,1,1,1,0,120,25.001,30.0012,30.8345
separate-core-cpu48-prefetch,adjacent,parity0:cold,33554432,0,1,1,1,1,120,124.171,140.839,280.011
separate-core-cpu48-prefetch,adjacent,parity0:trained,33554432,0,1,1,1,1,120,123.338,142.505,205.841
separate-core-cpu48-prefetch,adjacent,parity0:hot,33554432,0,1,1,1,1,120,25.001,25.001,25.8343
separate-core-cpu48-prefetch,adjacent,parity0:cold,33554432,0,1,1,1,2,120,122.505,140.839,154.173
separate-core-cpu48-prefetch,adjacent,parity0:trained,33554432,0,1,1,1,2,120,122.505,140.005,177.507
separate-core-cpu48-prefetch,adjacent,parity0:hot,33554432,0,1,1,1,2,120,25.001,25.001,25.8343
separate-core-cpu48-prefetch,adjacent,parity0:cold,33554432,0,1,1,2,0,120,123.338,140.005,155.839
separate-core-cpu48-prefetch,adjacent,parity0:trained,33554432,0,1,1,2,0,120,123.338,141.672,154.173
separate-core-cpu48-prefetch,adjacent,parity0:hot,33554432,0,1,1,2,0,120,25.001,25.001,25.8343
separate-core-cpu48-prefetch,adjacent,parity0:cold,33554432,0,1,1,2,1,120,122.505,140.839,155.006
separate-core-cpu48-prefetch,adjacent,parity0:trained,33554432,0,1,1,2,1,120,125.005,140.005,260.01
separate-core-cpu48-prefetch,adjacent,parity0:hot,33554432,0,1,1,2,1,120,25.001,25.001,25.8343
separate-core-cpu48-prefetch,adjacent,parity0:cold,33554432,0,1,1,2,2,120,124.171,140.839,180.84
separate-core-cpu48-prefetch,adjacent,parity0:trained,33554432,0,1,1,2,2,120,123.338,142.505,155.839
separate-core-cpu48-prefetch,adjacent,parity0:hot,33554432,0,1,1,2,2,120,25.001,25.001,25.8343
separate-core-cpu48-prefetch,adjacent,parity0:cold,33554432,0,1,1,4,0,120,123.338,140.005,239.176
separate-core-cpu48-prefetch,adjacent,parity0:trained,33554432,0,1,1,4,0,120,122.505,143.339,275.844
separate-core-cpu48-prefetch,adjacent,parity0:hot,33554432,0,1,1,4,0,120,25.001,25.8343,25.8343
separate-core-cpu48-prefetch,adjacent,parity0:cold,33554432,0,1,1,4,1,120,124.171,141.672,155.839
separate-core-cpu48-prefetch,adjacent,parity0:trained,33554432,0,1,1,4,1,120,123.338,138.339,196.674
separate-core-cpu48-prefetch,adjacent,parity0:hot,33554432,0,1,1,4,1,120,25.001,25.001,25.8343
separate-core-cpu48-prefetch,adjacent,parity0:cold,33554432,0,1,1,4,2,120,122.505,141.672,235.009
separate-core-cpu48-prefetch,adjacent,parity0:trained,33554432,0,1,1,4,2,120,124.171,141.672,255.01
separate-core-cpu48-prefetch,adjacent,parity0:hot,33554432,0,1,1,4,2,120,25.001,25.001,25.8343
separate-core-cpu48-prefetch,spatial,offset-parity1:cold,33554432,0,1,1,8,0,120,123.338,140.005,239.176
separate-core-cpu48-prefetch,spatial,offset-parity1:trained,33554432,0,1,1,8,0,120,25.001,25.001,25.8343
separate-core-cpu48-prefetch,spatial,offset-parity1:hot,33554432,0,1,1,8,0,120,25.001,25.001,25.8343
separate-core-cpu48-prefetch,spatial,offset-parity1:cold,33554432,0,1,1,8,1,120,125.005,139.172,155.006
separate-core-cpu48-prefetch,spatial,offset-parity1:trained,33554432,0,1,1,8,1,120,25.001,25.001,25.8343
separate-core-cpu48-prefetch,spatial,offset-parity1:hot,33554432,0,1,1,8,1,120,25.001,25.001,25.8343
separate-core-cpu48-prefetch,spatial,offset-parity1:cold,33554432,0,1,1,8,2,120,122.505,140.005,155.006
separate-core-cpu48-prefetch,spatial,offset-parity1:trained,33554432,0,1,1,8,2,120,25.001,25.001,25.8343
separate-core-cpu48-prefetch,spatial,offset-parity1:hot,33554432,0,1,1,8,2,120,25.001,25.001,25.8343
separate-core-cpu48-prefetch,spatial,offset-parity1:cold,33554432,0,1,1,16,0,120,121.671,140.005,240.843
separate-core-cpu48-prefetch,spatial,offset-parity1:trained,33554432,0,1,1,16,0,120,25.001,25.8343,25.8343
separate-core-cpu48-prefetch,spatial,offset-parity1:hot,33554432,0,1,1,16,0,120,25.001,25.001,25.8343
separate-core-cpu48-prefetch,spatial,offset-parity1:cold,33554432,0,1,1,16,1,120,123.338,140.839,155.839
separate-core-cpu48-prefetch,spatial,offset-parity1:trained,33554432,0,1,1,16,1,120,25.001,25.001,25.8343
separate-core-cpu48-prefetch,spatial,offset-parity1:hot,33554432,0,1,1,16,1,120,25.001,25.001,25.8343
separate-core-cpu48-prefetch,spatial,offset-parity1:cold,33554432,0,1,1,16,2,120,124.171,140.005,210.008
separate-core-cpu48-prefetch,spatial,offset-parity1:trained,33554432,0,1,1,16,2,120,25.001,25.001,25.8343
separate-core-cpu48-prefetch,spatial,offset-parity1:hot,33554432,0,1,1,16,2,120,25.001,25.001,25.8343
separate-core-cpu48-prefetch,spatial,offset-parity1:cold,33554432,0,1,1,32,0,120,124.171,140.839,156.673
separate-core-cpu48-prefetch,spatial,offset-parity1:trained,33554432,0,1,1,32,0,120,25.001,25.001,25.8343
separate-core-cpu48-prefetch,spatial,offset-parity1:hot,33554432,0,1,1,32,0,120,25.001,25.001,25.8343
separate-core-cpu48-prefetch,spatial,offset-parity1:cold,33554432,0,1,1,32,1,120,125.005,142.505,260.843
separate-core-cpu48-prefetch,spatial,offset-parity1:trained,33554432,0,1,1,32,1,120,25.001,25.001,25.8343
separate-core-cpu48-prefetch,spatial,offset-parity1:hot,33554432,0,1,1,32,1,120,25.001,25.8343,25.8343
separate-core-cpu48-prefetch,spatial,offset-parity1:cold,33554432,0,1,1,32,2,120,125.005,143.339,160.006
separate-core-cpu48-prefetch,spatial,offset-parity1:trained,33554432,0,1,1,32,2,120,25.001,25.001,29.1678
separate-core-cpu48-prefetch,spatial,offset-parity1:hot,33554432,0,1,1,32,2,120,25.001,25.8343,30.0012
separate-core-cpu48-prefetch,spatial,offset-parity1:cold,33554432,0,1,1,64,0,120,127.505,144.172,161.673
separate-core-cpu48-prefetch,spatial,offset-parity1:trained,33554432,0,1,1,64,0,120,126.672,143.339,191.674
separate-core-cpu48-prefetch,spatial,offset-parity1:hot,33554432,0,1,1,64,0,120,25.001,30.0012,30.8345
separate-core-cpu48-prefetch,spatial,offset-parity1:cold,33554432,0,1,1,64,1,120,127.505,143.339,160.839
separate-core-cpu48-prefetch,spatial,offset-parity1:trained,33554432,0,1,1,64,1,120,128.338,145.839,166.673
separate-core-cpu48-prefetch,spatial,offset-parity1:hot,33554432,0,1,1,64,1,120,25.8343,30.0012,30.8345
separate-core-cpu48-prefetch,spatial,offset-parity1:cold,33554432,0,1,1,64,2,120,128.338,146.672,160.839
separate-core-cpu48-prefetch,spatial,offset-parity1:trained,33554432,0,1,1,64,2,120,127.505,145.839,215.842
separate-core-cpu48-prefetch,spatial,offset-parity1:hot,33554432,0,1,1,64,2,120,25.8343,30.0012,30.8345
separate-core-cpu48-prefetch,spatial,offset-parity1:cold,33554432,0,1,1,128,0,120,122.505,139.172,156.673
separate-core-cpu48-prefetch,spatial,offset-parity1:trained,33554432,0,1,1,128,0,120,123.338,140.839,155.839
separate-core-cpu48-prefetch,spatial,offset-parity1:hot,33554432,0,1,1,128,0,120,25.001,25.001,25.8343
separate-core-cpu48-prefetch,spatial,offset-parity1:cold,33554432,0,1,1,128,1,120,122.505,140.005,155.839
separate-core-cpu48-prefetch,spatial,offset-parity1:trained,33554432,0,1,1,128,1,120,123.338,140.005,155.006
separate-core-cpu48-prefetch,spatial,offset-parity1:hot,33554432,0,1,1,128,1,120,25.001,25.001,25.8343
separate-core-cpu48-prefetch,spatial,offset-parity1:cold,33554432,0,1,1,128,2,120,122.505,140.005,155.006
separate-core-cpu48-prefetch,spatial,offset-parity1:trained,33554432,0,1,1,128,2,120,124.171,145.839,158.339
separate-core-cpu48-prefetch,spatial,offset-parity1:hot,33554432,0,1,1,128,2,120,25.001,25.8343,25.8343
separate-core-cpu48-prefetch,spatial,offset-parity1:cold,33554432,0,1,1,256,0,120,122.505,140.005,248.343
separate-core-cpu48-prefetch,spatial,offset-parity1:trained,33554432,0,1,1,256,0,120,122.505,140.839,171.673
separate-core-cpu48-prefetch,spatial,offset-parity1:hot,33554432,0,1,1,256,0,120,25.001,25.001,25.8343
separate-core-cpu48-prefetch,spatial,offset-parity1:cold,33554432,0,1,1,256,1,120,122.505,142.505,253.343
separate-core-cpu48-prefetch,spatial,offset-parity1:trained,33554432,0,1,1,256,1,120,122.505,140.005,166.673
separate-core-cpu48-prefetch,spatial,offset-parity1:hot,33554432,0,1,1,256,1,120,25.001,25.001,25.8343
separate-core-cpu48-prefetch,spatial,offset-parity1:cold,33554432,0,1,1,256,2,120,122.505,140.005,235.842
separate-core-cpu48-prefetch,spatial,offset-parity1:trained,33554432,0,1,1,256,2,120,123.338,139.172,176.673
separate-core-cpu48-prefetch,spatial,offset-parity1:hot,33554432,0,1,1,256,2,120,25.001,25.001,25.8343
separate-core-cpu48-prefetch,adjacent,parity1:cold,33554432,0,1,1,-2,0,120,123.338,140.839,156.673
separate-core-cpu48-prefetch,adjacent,parity1:trained,33554432,0,1,1,-2,0,120,124.171,141.672,170.84
separate-core-cpu48-prefetch,adjacent,parity1:hot,33554432,0,1,1,-2,0,120,25.001,25.001,25.8343
separate-core-cpu48-prefetch,adjacent,parity1:cold,33554432,0,1,1,-2,1,120,125.005,141.672,279.177
separate-core-cpu48-prefetch,adjacent,parity1:trained,33554432,0,1,1,-2,1,120,125.005,141.672,257.51
separate-core-cpu48-prefetch,adjacent,parity1:hot,33554432,0,1,1,-2,1,120,25.001,25.8343,25.8343
separate-core-cpu48-prefetch,adjacent,parity1:cold,33554432,0,1,1,-2,2,120,122.505,140.005,155.839
separate-core-cpu48-prefetch,adjacent,parity1:trained,33554432,0,1,1,-2,2,120,122.505,140.005,155.006
separate-core-cpu48-prefetch,adjacent,parity1:hot,33554432,0,1,1,-2,2,120,25.001,25.001,25.8343
separate-core-cpu48-prefetch,adjacent,parity1:cold,33554432,0,1,1,-1,0,120,122.505,138.339,154.173
separate-core-cpu48-prefetch,adjacent,parity1:trained,33554432,0,1,1,-1,0,120,125.005,140.839,196.674
separate-core-cpu48-prefetch,adjacent,parity1:hot,33554432,0,1,1,-1,0,120,25.001,25.001,25.8343
separate-core-cpu48-prefetch,adjacent,parity1:cold,33554432,0,1,1,-1,1,120,122.505,140.839,155.839
separate-core-cpu48-prefetch,adjacent,parity1:trained,33554432,0,1,1,-1,1,120,122.505,141.672,225.842
separate-core-cpu48-prefetch,adjacent,parity1:hot,33554432,0,1,1,-1,1,120,25.001,25.001,25.8343
separate-core-cpu48-prefetch,adjacent,parity1:cold,33554432,0,1,1,-1,2,120,122.505,139.172,154.173
separate-core-cpu48-prefetch,adjacent,parity1:trained,33554432,0,1,1,-1,2,120,124.171,140.839,191.674
separate-core-cpu48-prefetch,adjacent,parity1:hot,33554432,0,1,1,-1,2,120,25.001,25.001,25.8343
separate-core-cpu48-prefetch,adjacent,parity1:cold,33554432,0,1,1,1,0,120,124.171,141.672,156.673
separate-core-cpu48-prefetch,adjacent,parity1:trained,33554432,0,1,1,1,0,120,122.505,139.172,174.173
separate-core-cpu48-prefetch,adjacent,parity1:hot,33554432,0,1,1,1,0,120,25.001,25.001,25.8343
separate-core-cpu48-prefetch,adjacent,parity1:cold,33554432,0,1,1,1,1,120,123.338,140.005,155.006
separate-core-cpu48-prefetch,adjacent,parity1:trained,33554432,0,1,1,1,1,120,123.338,140.005,175.007
separate-core-cpu48-prefetch,adjacent,parity1:hot,33554432,0,1,1,1,1,120,25.001,25.001,25.8343
separate-core-cpu48-prefetch,adjacent,parity1:cold,33554432,0,1,1,1,2,120,124.171,140.839,155.839
separate-core-cpu48-prefetch,adjacent,parity1:trained,33554432,0,1,1,1,2,120,122.505,140.005,204.174
separate-core-cpu48-prefetch,adjacent,parity1:hot,33554432,0,1,1,1,2,120,25.001,25.8343,25.8343
separate-core-cpu48-prefetch,adjacent,parity1:cold,33554432,0,1,1,2,0,120,124.171,140.839,235.842
separate-core-cpu48-prefetch,adjacent,parity1:trained,33554432,0,1,1,2,0,120,125.005,144.172,168.34
separate-core-cpu48-prefetch,adjacent,parity1:hot,33554432,0,1,1,2,0,120,25.001,25.8343,30.8345
separate-core-cpu48-prefetch,adjacent,parity1:cold,33554432,0,1,1,2,1,120,130.005,145.839,177.507
separate-core-cpu48-prefetch,adjacent,parity1:trained,33554432,0,1,1,2,1,120,130.838,145.006,158.339
separate-core-cpu48-prefetch,adjacent,parity1:hot,33554432,0,1,1,2,1,120,30.0012,30.0012,30.8345
separate-core-cpu48-prefetch,adjacent,parity1:cold,33554432,0,1,1,2,2,120,130.838,147.506,244.176
separate-core-cpu48-prefetch,adjacent,parity1:trained,33554432,0,1,1,2,2,120,129.172,145.006,158.339
separate-core-cpu48-prefetch,adjacent,parity1:hot,33554432,0,1,1,2,2,120,30.0012,30.0012,30.8345
separate-core-cpu48-prefetch,adjacent,parity1:cold,33554432,0,1,1,4,0,120,125.838,140.839,157.506
separate-core-cpu48-prefetch,adjacent,parity1:trained,33554432,0,1,1,4,0,120,130.005,143.339,256.677
separate-core-cpu48-prefetch,adjacent,parity1:hot,33554432,0,1,1,4,0,120,25.001,25.8343,30.0012
separate-core-cpu48-prefetch,adjacent,parity1:cold,33554432,0,1,1,4,1,120,125.005,140.839,244.176
separate-core-cpu48-prefetch,adjacent,parity1:trained,33554432,0,1,1,4,1,120,124.171,140.005,323.346
separate-core-cpu48-prefetch,adjacent,parity1:hot,33554432,0,1,1,4,1,120,25.001,25.001,25.8343
separate-core-cpu48-prefetch,adjacent,parity1:cold,33554432,0,1,1,4,2,120,122.505,140.005,155.839
separate-core-cpu48-prefetch,adjacent,parity1:trained,33554432,0,1,1,4,2,120,123.338,140.839,157.506
separate-core-cpu48-prefetch,adjacent,parity1:hot,33554432,0,1,1,4,2,120,25.001,25.001,25.8343
separate-core-cpu48-prefetch,learning,within-page:cold,33554432,0,1,1,1,0,120,125.838,141.672,156.673
separate-core-cpu48-prefetch,learning,within-page:trained,33554432,0,1,1,1,0,120,123.338,141.672,254.176
separate-core-cpu48-prefetch,learning,within-page:hot,33554432,0,1,1,1,0,120,25.001,25.8343,25.8343
separate-core-cpu48-prefetch,learning,within-page:cold,33554432,0,1,1,1,1,120,124.171,140.839,155.839
separate-core-cpu48-prefetch,learning,within-page:trained,33554432,0,1,1,1,1,120,123.338,141.672,204.174
separate-core-cpu48-prefetch,learning,within-page:hot,33554432,0,1,1,1,1,120,25.001,25.001,25.8343
separate-core-cpu48-prefetch,learning,within-page:cold,33554432,0,1,1,1,2,120,121.671,140.005,155.006
separate-core-cpu48-prefetch,learning,within-page:trained,33554432,0,1,1,1,2,120,124.171,140.839,178.34
separate-core-cpu48-prefetch,learning,within-page:hot,33554432,0,1,1,1,2,120,25.001,25.001,25.8343
separate-core-cpu48-prefetch,learning,within-page:cold,33554432,0,1,2,1,0,120,121.671,140.005,235.009
separate-core-cpu48-prefetch,learning,within-page:trained,33554432,0,1,2,1,0,120,123.338,140.005,155.006
separate-core-cpu48-prefetch,learning,within-page:hot,33554432,0,1,2,1,0,120,25.001,25.8343,25.8343
separate-core-cpu48-prefetch,learning,within-page:cold,33554432,0,1,2,1,1,120,122.505,140.005,280.844
separate-core-cpu48-prefetch,learning,within-page:trained,33554432,0,1,2,1,1,120,121.671,137.505,155.006
separate-core-cpu48-prefetch,learning,within-page:hot,33554432,0,1,2,1,1,120,25.001,25.8343,25.8343
separate-core-cpu48-prefetch,learning,within-page:cold,33554432,0,1,2,1,2,120,125.838,141.672,235.842
separate-core-cpu48-prefetch,learning,within-page:trained,33554432,0,1,2,1,2,120,121.671,140.839,240.009
separate-core-cpu48-prefetch,learning,within-page:hot,33554432,0,1,2,1,2,120,25.001,25.001,25.8343
separate-core-cpu48-prefetch,learning,within-page:cold,33554432,0,1,3,1,0,120,124.171,140.005,261.677
separate-core-cpu48-prefetch,learning,within-page:trained,33554432,0,1,3,1,0,120,25.001,25.8343,153.339
separate-core-cpu48-prefetch,learning,within-page:hot,33554432,0,1,3,1,0,120,25.001,25.001,25.8343
separate-core-cpu48-prefetch,learning,within-page:cold,33554432,0,1,3,1,1,120,125.005,141.672,240.843
separate-core-cpu48-prefetch,learning,within-page:trained,33554432,0,1,3,1,1,120,25.001,121.671,156.673
separate-core-cpu48-prefetch,learning,within-page:hot,33554432,0,1,3,1,1,120,25.001,25.001,25.8343
separate-core-cpu48-prefetch,learning,within-page:cold,33554432,0,1,3,1,2,120,123.338,140.839,154.173
separate-core-cpu48-prefetch,learning,within-page:trained,33554432,0,1,3,1,2,120,25.001,25.8343,152.506
separate-core-cpu48-prefetch,learning,within-page:hot,33554432,0,1,3,1,2,120,25.001,25.001,25.8343
separate-core-cpu48-prefetch,learning,within-page:cold,33554432,0,1,4,1,0,120,122.505,140.005,155.006
separate-core-cpu48-prefetch,learning,within-page:trained,33554432,0,1,4,1,0,120,57.5022,77.503,164.173
separate-core-cpu48-prefetch,learning,within-page:hot,33554432,0,1,4,1,0,120,25.001,25.8343,25.8343
separate-core-cpu48-prefetch,learning,within-page:cold,33554432,0,1,4,1,1,120,125.005,142.505,232.509
separate-core-cpu48-prefetch,learning,within-page:trained,33554432,0,1,4,1,1,120,56.6688,90.8368,158.339
separate-core-cpu48-prefetch,learning,within-page:hot,33554432,0,1,4,1,1,120,25.001,25.8343,30.8345
separate-core-cpu48-prefetch,learning,within-page:cold,33554432,0,1,4,1,2,120,123.338,140.839,155.839
separate-core-cpu48-prefetch,learning,within-page:trained,33554432,0,1,4,1,2,120,69.1693,125.838,158.339
separate-core-cpu48-prefetch,learning,within-page:hot,33554432,0,1,4,1,2,120,25.001,25.8343,25.8343
separate-core-cpu48-prefetch,learning,within-page:cold,33554432,0,1,6,1,0,120,122.505,142.505,157.506
separate-core-cpu48-prefetch,learning,within-page:trained,33554432,0,1,6,1,0,120,25.8343,79.1697,154.173
separate-core-cpu48-prefetch,learning,within-page:hot,33554432,0,1,6,1,0,120,25.001,25.8343,25.8343
separate-core-cpu48-prefetch,learning,within-page:cold,33554432,0,1,6,1,1,120,122.505,140.839,155.006
separate-core-cpu48-prefetch,learning,within-page:trained,33554432,0,1,6,1,1,120,25.8343,86.67,154.173
separate-core-cpu48-prefetch,learning,within-page:hot,33554432,0,1,6,1,1,120,25.001,25.8343,25.8343
separate-core-cpu48-prefetch,learning,within-page:cold,33554432,0,1,6,1,2,120,122.505,140.005,173.34
separate-core-cpu48-prefetch,learning,within-page:trained,33554432,0,1,6,1,2,120,45.8351,91.6702,157.506
separate-core-cpu48-prefetch,learning,within-page:hot,33554432,0,1,6,1,2,120,25.001,25.001,25.8343
separate-core-cpu48-prefetch,learning,within-page:cold,33554432,0,1,8,1,0,120,125.838,140.839,155.006
separate-core-cpu48-prefetch,learning,within-page:trained,33554432,0,1,8,1,0,120,25.001,60.0023,94.1703
separate-core-cpu48-prefetch,learning,within-page:hot,33554432,0,1,8,1,0,120,25.001,25.8343,25.8343
separate-core-cpu48-prefetch,learning,within-page:cold,33554432,0,1,8,1,1,120,124.171,140.005,153.339
separate-core-cpu48-prefetch,learning,within-page:trained,33554432,0,1,8,1,1,120,25.001,62.5024,94.1703
separate-core-cpu48-prefetch,learning,within-page:hot,33554432,0,1,8,1,1,120,25.001,25.8343,25.8343
separate-core-cpu48-prefetch,learning,within-page:cold,33554432,0,1,8,1,2,120,125.005,142.505,236.676
separate-core-cpu48-prefetch,learning,within-page:trained,33554432,0,1,8,1,2,120,25.001,61.669,104.171
separate-core-cpu48-prefetch,learning,within-page:hot,33554432,0,1,8,1,2,120,25.001,25.001,25.8343
separate-core-cpu48-prefetch,learning,within-page:cold,33554432,0,1,12,1,0,120,126.672,141.672,160.006
separate-core-cpu48-prefetch,learning,within-page:trained,33554432,0,1,12,1,0,120,25.001,26.6677,81.6698
separate-core-cpu48-prefetch,learning,within-page:hot,33554432,0,1,12,1,0,120,25.001,25.8343,30.8345
separate-core-cpu48-prefetch,learning,within-page:cold,33554432,0,1,12,1,1,120,124.171,141.672,159.173
separate-core-cpu48-prefetch,learning,within-page:trained,33554432,0,1,12,1,1,120,25.001,25.8343,64.1691
separate-core-cpu48-prefetch,learning,within-page:hot,33554432,0,1,12,1,1,120,25.001,25.8343,30.0012
separate-core-cpu48-prefetch,learning,within-page:cold,33554432,0,1,12,1,2,120,123.338,141.672,156.673
separate-core-cpu48-prefetch,learning,within-page:trained,33554432,0,1,12,1,2,120,25.001,25.8343,79.1697
separate-core-cpu48-prefetch,learning,within-page:hot,33554432,0,1,12,1,2,120,25.001,25.8343,25.8343
separate-core-cpu48-prefetch,learning,within-page:cold,33554432,0,1,16,1,0,120,125.838,141.672,235.842
separate-core-cpu48-prefetch,learning,within-page:trained,33554432,0,1,16,1,0,120,25.001,25.8343,75.8362
separate-core-cpu48-prefetch,learning,within-page:hot,33554432,0,1,16,1,0,120,25.001,25.8343,25.8343
separate-core-cpu48-prefetch,learning,within-page:cold,33554432,0,1,16,1,1,120,122.505,140.839,155.006
separate-core-cpu48-prefetch,learning,within-page:trained,33554432,0,1,16,1,1,120,25.001,25.8343,62.5024
separate-core-cpu48-prefetch,learning,within-page:hot,33554432,0,1,16,1,1,120,25.001,25.001,25.8343
separate-core-cpu48-prefetch,learning,within-page:cold,33554432,0,1,16,1,2,120,129.172,143.339,161.673
separate-core-cpu48-prefetch,learning,within-page:trained,33554432,0,1,16,1,2,120,25.8343,30.0012,88.3367
separate-core-cpu48-prefetch,learning,within-page:hot,33554432,0,1,16,1,2,120,25.001,30.0012,30.8345
separate-core-cpu48-prefetch,learning,within-page:cold,33554432,0,2,1,1,0,120,122.505,140.839,156.673
separate-core-cpu48-prefetch,learning,within-page:trained,33554432,0,2,1,1,0,120,120.838,140.839,155.006
separate-core-cpu48-prefetch,learning,within-page:hot,33554432,0,2,1,1,0,120,25.001,25.8343,25.8343
separate-core-cpu48-prefetch,learning,within-page:cold,33554432,0,2,1,1,1,120,124.171,140.005,156.673
separate-core-cpu48-prefetch,learning,within-page:trained,33554432,0,2,1,1,1,120,122.505,140.839,155.006
separate-core-cpu48-prefetch,learning,within-page:hot,33554432,0,2,1,1,1,120,25.001,25.001,25.8343
separate-core-cpu48-prefetch,learning,within-page:cold,33554432,0,2,1,1,2,120,122.505,140.005,153.339
separate-core-cpu48-prefetch,learning,within-page:trained,33554432,0,2,1,1,2,120,121.671,140.839,154.173
separate-core-cpu48-prefetch,learning,within-page:hot,33554432,0,2,1,1,2,120,25.001,25.001,25.8343
separate-core-cpu48-prefetch,learning,within-page:cold,33554432,0,2,2,1,0,120,123.338,141.672,266.677
separate-core-cpu48-prefetch,learning,within-page:trained,33554432,0,2,2,1,0,120,122.505,140.839,180.007
separate-core-cpu48-prefetch,learning,within-page:hot,33554432,0,2,2,1,0,120,25.001,25.001,25.8343
separate-core-cpu48-prefetch,learning,within-page:cold,33554432,0,2,2,1,1,120,124.171,140.839,280.844
separate-core-cpu48-prefetch,learning,within-page:trained,33554432,0,2,2,1,1,120,122.505,140.839,180.007
separate-core-cpu48-prefetch,learning,within-page:hot,33554432,0,2,2,1,1,120,25.001,25.001,25.8343
separate-core-cpu48-prefetch,learning,within-page:cold,33554432,0,2,2,1,2,120,124.171,140.839,155.839
separate-core-cpu48-prefetch,learning,within-page:trained,33554432,0,2,2,1,2,120,121.671,141.672,282.511
separate-core-cpu48-prefetch,learning,within-page:hot,33554432,0,2,2,1,2,120,25.001,25.001,25.8343
separate-core-cpu48-prefetch,learning,within-page:cold,33554432,0,2,3,1,0,120,124.171,141.672,155.006
separate-core-cpu48-prefetch,learning,within-page:trained,33554432,0,2,3,1,0,120,25.001,25.8343,152.506
separate-core-cpu48-prefetch,learning,within-page:hot,33554432,0,2,3,1,0,120,25.001,25.001,25.8343
separate-core-cpu48-prefetch,learning,within-page:cold,33554432,0,2,3,1,1,120,123.338,140.839,238.342
separate-core-cpu48-prefetch,learning,within-page:trained,33554432,0,2,3,1,1,120,25.001,123.338,153.339
separate-core-cpu48-prefetch,learning,within-page:hot,33554432,0,2,3,1,1,120,25.001,25.001,25.8343
separate-core-cpu48-prefetch,learning,within-page:cold,33554432,0,2,3,1,2,120,122.505,142.505,264.177
separate-core-cpu48-prefetch,learning,within-page:trained,33554432,0,2,3,1,2,120,25.001,25.8343,151.672
separate-core-cpu48-prefetch,learning,within-page:hot,33554432,0,2,3,1,2,120,25.001,25.001,25.8343
separate-core-cpu48-prefetch,learning,within-page:cold,33554432,0,2,4,1,0,120,124.171,140.839,235.842
separate-core-cpu48-prefetch,learning,within-page:trained,33554432,0,2,4,1,0,120,65.0025,123.338,154.173
separate-core-cpu48-prefetch,learning,within-page:hot,33554432,0,2,4,1,0,120,25.001,25.8343,25.8343
separate-core-cpu48-prefetch,learning,within-page:cold,33554432,0,2,4,1,1,120,125.005,141.672,272.51
separate-core-cpu48-prefetch,learning,within-page:trained,33554432,0,2,4,1,1,120,64.1691,125.838,165.84
separate-core-cpu48-prefetch,learning,within-page:hot,33554432,0,2,4,1,1,120,25.001,25.8343,30.0012
separate-core-cpu48-prefetch,learning,within-page:cold,33554432,0,2,4,1,2,120,124.171,140.839,157.506
separate-core-cpu48-prefetch,learning,within-page:trained,33554432,0,2,4,1,2,120,63.3358,128.338,189.174
separate-core-cpu48-prefetch,learning,within-page:hot,33554432,0,2,4,1,2,120,25.001,25.8343,30.0012
separate-core-cpu48-prefetch,learning,within-page:cold,33554432,0,2,6,1,0,120,122.505,140.839,154.173
separate-core-cpu48-prefetch,learning,within-page:trained,33554432,0,2,6,1,0,120,57.5022,76.6696,160.839
separate-core-cpu48-prefetch,learning,within-page:hot,33554432,0,2,6,1,0,120,25.001,25.8343,25.8343
separate-core-cpu48-prefetch,learning,within-page:cold,33554432,0,2,6,1,1,120,125.005,140.005,155.839
separate-core-cpu48-prefetch,learning,within-page:trained,33554432,0,2,6,1,1,120,58.3356,79.1697,264.177
separate-core-cpu48-prefetch,learning,within-page:hot,33554432,0,2,6,1,1,120,25.001,25.8343,25.8343
separate-core-cpu48-prefetch,learning,within-page:cold,33554432,0,2,6,1,2,120,123.338,140.839,155.839
separate-core-cpu48-prefetch,learning,within-page:trained,33554432,0,2,6,1,2,120,56.6688,75.8362,164.173
separate-core-cpu48-prefetch,learning,within-page:hot,33554432,0,2,6,1,2,120,25.001,25.8343,25.8343
separate-core-cpu48-prefetch,learning,within-page:cold,33554432,0,2,8,1,0,120,124.171,140.005,155.839
separate-core-cpu48-prefetch,learning,within-page:trained,33554432,0,2,8,1,0,120,57.5022,75.8362,211.675
separate-core-cpu48-prefetch,learning,within-page:hot,33554432,0,2,8,1,0,120,25.001,25.8343,25.8343
separate-core-cpu48-prefetch,learning,within-page:cold,33554432,0,2,8,1,1,120,123.338,140.005,155.839
separate-core-cpu48-prefetch,learning,within-page:trained,33554432,0,2,8,1,1,120,50.0019,75.0029,95.837
separate-core-cpu48-prefetch,learning,within-page:hot,33554432,0,2,8,1,1,120,25.001,25.8343,25.8343
separate-core-cpu48-prefetch,learning,within-page:cold,33554432,0,2,8,1,2,120,124.171,141.672,306.678
separate-core-cpu48-prefetch,learning,within-page:trained,33554432,0,2,8,1,2,120,56.6688,75.8362,271.677
separate-core-cpu48-prefetch,learning,within-page:hot,33554432,0,2,8,1,2,120,25.001,25.001,25.8343
separate-core-cpu48-prefetch,learning,within-page:cold,33554432,0,2,12,1,0,120,125.838,142.505,160.006
separate-core-cpu48-prefetch,learning,within-page:trained,33554432,0,2,12,1,0,120,25.001,25.8343,90.8368
separate-core-cpu48-prefetch,learning,within-page:hot,33554432,0,2,12,1,0,120,25.001,25.8343,30.0012
separate-core-cpu48-prefetch,learning,within-page:cold,33554432,0,2,12,1,1,120,128.338,142.505,232.509
separate-core-cpu48-prefetch,learning,within-page:trained,33554432,0,2,12,1,1,120,25.001,30.0012,85.8366
separate-core-cpu48-prefetch,learning,within-page:hot,33554432,0,2,12,1,1,120,25.001,30.0012,30.8345
separate-core-cpu48-prefetch,learning,within-page:cold,33554432,0,2,12,1,2,120,122.505,140.839,239.176
separate-core-cpu48-prefetch,learning,within-page:trained,33554432,0,2,12,1,2,120,25.001,25.8343,80.0031
separate-core-cpu48-prefetch,learning,within-page:hot,33554432,0,2,12,1,2,120,25.001,25.8343,25.8343
separate-core-cpu48-prefetch,learning,within-page:cold,33554432,0,2,16,1,0,120,123.338,141.672,155.006
separate-core-cpu48-prefetch,learning,within-page:trained,33554432,0,2,16,1,0,120,25.001,49.1686,73.3361
separate-core-cpu48-prefetch,learning,within-page:hot,33554432,0,2,16,1,0,120,25.001,25.001,25.8343
separate-core-cpu48-prefetch,learning,within-page:cold,33554432,0,2,16,1,1,120,123.338,141.672,243.343
separate-core-cpu48-prefetch,learning,within-page:trained,33554432,0,2,16,1,1,120,25.001,41.6683,79.1697
separate-core-cpu48-prefetch,learning,within-page:hot,33554432,0,2,16,1,1,120,25.001,25.8343,25.8343
separate-core-cpu48-prefetch,learning,within-page:cold,33554432,0,2,16,1,2,120,126.672,141.672,238.342
separate-core-cpu48-prefetch,learning,within-page:trained,33554432,0,2,16,1,2,120,25.8343,40.0015,75.0029
separate-core-cpu48-prefetch,learning,within-page:hot,33554432,0,2,16,1,2,120,25.001,29.1678,30.8345
separate-core-cpu48-prefetch,learning,within-page:cold,33554432,0,4,1,1,0,120,122.505,139.172,235.009
separate-core-cpu48-prefetch,learning,within-page:trained,33554432,0,4,1,1,0,120,122.505,141.672,240.843
separate-core-cpu48-prefetch,learning,within-page:hot,33554432,0,4,1,1,0,120,25.001,25.001,25.8343
separate-core-cpu48-prefetch,learning,within-page:cold,33554432,0,4,1,1,1,120,124.171,140.839,155.839
separate-core-cpu48-prefetch,learning,within-page:trained,33554432,0,4,1,1,1,120,123.338,140.839,169.173
separate-core-cpu48-prefetch,learning,within-page:hot,33554432,0,4,1,1,1,120,25.001,25.001,25.8343
separate-core-cpu48-prefetch,learning,within-page:cold,33554432,0,4,1,1,2,120,123.338,139.172,154.173
separate-core-cpu48-prefetch,learning,within-page:trained,33554432,0,4,1,1,2,120,123.338,140.005,275.011
separate-core-cpu48-prefetch,learning,within-page:hot,33554432,0,4,1,1,2,120,25.001,25.001,25.8343
separate-core-cpu48-prefetch,learning,within-page:cold,33554432,0,4,2,1,0,120,122.505,140.005,236.676
separate-core-cpu48-prefetch,learning,within-page:trained,33554432,0,4,2,1,0,120,123.338,140.005,155.839
separate-core-cpu48-prefetch,learning,within-page:hot,33554432,0,4,2,1,0,120,25.001,25.8343,25.8343
separate-core-cpu48-prefetch,learning,within-page:cold,33554432,0,4,2,1,1,120,125.005,141.672,237.509
separate-core-cpu48-prefetch,learning,within-page:trained,33554432,0,4,2,1,1,120,123.338,141.672,280.011
separate-core-cpu48-prefetch,learning,within-page:hot,33554432,0,4,2,1,1,120,25.001,25.001,25.8343
separate-core-cpu48-prefetch,learning,within-page:cold,33554432,0,4,2,1,2,120,123.338,139.172,154.173
separate-core-cpu48-prefetch,learning,within-page:trained,33554432,0,4,2,1,2,120,122.505,137.505,160.839
separate-core-cpu48-prefetch,learning,within-page:hot,33554432,0,4,2,1,2,120,25.001,25.001,25.8343
separate-core-cpu48-prefetch,learning,within-page:cold,33554432,0,4,3,1,0,120,122.505,140.839,237.509
separate-core-cpu48-prefetch,learning,within-page:trained,33554432,0,4,3,1,0,120,25.001,131.672,156.673
separate-core-cpu48-prefetch,learning,within-page:hot,33554432,0,4,3,1,0,120,25.001,25.001,25.8343
separate-core-cpu48-prefetch,learning,within-page:cold,33554432,0,4,3,1,1,120,125.005,140.005,182.507
separate-core-cpu48-prefetch,learning,within-page:trained,33554432,0,4,3,1,1,120,25.001,125.005,191.674
separate-core-cpu48-prefetch,learning,within-page:hot,33554432,0,4,3,1,1,120,25.001,25.001,25.8343
separate-core-cpu48-prefetch,learning,within-page:cold,33554432,0,4,3,1,2,120,123.338,139.172,155.006
separate-core-cpu48-prefetch,learning,within-page:trained,33554432,0,4,3,1,2,120,25.001,125.005,165.006
separate-core-cpu48-prefetch,learning,within-page:hot,33554432,0,4,3,1,2,120,25.001,25.001,25.8343
separate-core-cpu48-prefetch,learning,within-page:cold,33554432,0,4,4,1,0,120,124.171,140.005,241.676
separate-core-cpu48-prefetch,learning,within-page:trained,33554432,0,4,4,1,0,120,57.5022,75.0029,134.172
separate-core-cpu48-prefetch,learning,within-page:hot,33554432,0,4,4,1,0,120,25.001,25.001,25.8343
separate-core-cpu48-prefetch,learning,within-page:cold,33554432,0,4,4,1,1,120,124.171,141.672,155.839
separate-core-cpu48-prefetch,learning,within-page:trained,33554432,0,4,4,1,1,120,50.8353,73.3361,189.174
separate-core-cpu48-prefetch,learning,within-page:hot,33554432,0,4,4,1,1,120,25.001,25.8343,28.3344
separate-core-cpu48-prefetch,learning,within-page:cold,33554432,0,4,4,1,2,120,128.338,143.339,177.507
separate-core-cpu48-prefetch,learning,within-page:trained,33554432,0,4,4,1,2,120,36.6681,69.1693,156.673
separate-core-cpu48-prefetch,learning,within-page:hot,33554432,0,4,4,1,2,120,25.8343,30.0012,30.8345
separate-core-cpu48-prefetch,learning,within-page:cold,33554432,0,4,6,1,0,120,125.838,141.672,159.173
separate-core-cpu48-prefetch,learning,within-page:trained,33554432,0,4,6,1,0,120,30.0012,65.0025,110.838
separate-core-cpu48-prefetch,learning,within-page:hot,33554432,0,4,6,1,0,120,25.001,25.8343,30.8345
separate-core-cpu48-prefetch,learning,within-page:cold,33554432,0,4,6,1,1,120,125.005,140.005,156.673
separate-core-cpu48-prefetch,learning,within-page:trained,33554432,0,4,6,1,1,120,25.001,62.5024,91.6702
separate-core-cpu48-prefetch,learning,within-page:hot,33554432,0,4,6,1,1,120,25.001,25.8343,25.8343
separate-core-cpu48-prefetch,learning,within-page:cold,33554432,0,4,6,1,2,120,122.505,141.672,155.839
separate-core-cpu48-prefetch,learning,within-page:trained,33554432,0,4,6,1,2,120,25.8343,60.8357,110.838
separate-core-cpu48-prefetch,learning,within-page:hot,33554432,0,4,6,1,2,120,25.001,25.8343,25.8343
separate-core-cpu48-prefetch,learning,within-page:cold,33554432,0,4,8,1,0,120,123.338,140.839,155.006
separate-core-cpu48-prefetch,learning,within-page:trained,33554432,0,4,8,1,0,120,25.001,60.0023,207.508
separate-core-cpu48-prefetch,learning,within-page:hot,33554432,0,4,8,1,0,120,25.001,25.8343,25.8343
separate-core-cpu48-prefetch,learning,within-page:cold,33554432,0,4,8,1,1,120,123.338,140.839,235.842
separate-core-cpu48-prefetch,learning,within-page:trained,33554432,0,4,8,1,1,120,25.8343,60.8357,205.841
separate-core-cpu48-prefetch,learning,within-page:hot,33554432,0,4,8,1,1,120,25.001,25.8343,25.8343
separate-core-cpu48-prefetch,learning,within-page:cold,33554432,0,4,8,1,2,120,127.505,141.672,190.841
separate-core-cpu48-prefetch,learning,within-page:trained,33554432,0,4,8,1,2,120,25.001,62.5024,171.673
separate-core-cpu48-prefetch,learning,within-page:hot,33554432,0,4,8,1,2,120,25.001,25.8343,25.8343
separate-core-cpu48-prefetch,learning,within-page:cold,33554432,0,4,12,1,0,120,124.171,143.339,300.845
separate-core-cpu48-prefetch,learning,within-page:trained,33554432,0,4,12,1,0,120,25.8343,58.3356,165.84
separate-core-cpu48-prefetch,learning,within-page:hot,33554432,0,4,12,1,0,120,25.001,25.8343,30.0012
separate-core-cpu48-prefetch,learning,within-page:cold,33554432,0,4,12,1,1,120,124.171,142.505,275.011
separate-core-cpu48-prefetch,learning,within-page:trained,33554432,0,4,12,1,1,120,25.001,50.8353,141.672
separate-core-cpu48-prefetch,learning,within-page:hot,33554432,0,4,12,1,1,120,25.001,25.8343,30.0012
separate-core-cpu48-prefetch,learning,within-page:cold,33554432,0,4,12,1,2,120,124.171,140.839,305.845
separate-core-cpu48-prefetch,learning,within-page:trained,33554432,0,4,12,1,2,120,25.8343,56.6688,90.0035
separate-core-cpu48-prefetch,learning,within-page:hot,33554432,0,4,12,1,2,120,25.001,25.8343,25.8343
separate-core-cpu48-prefetch,learning,within-page:cold,33554432,0,-1,1,1,0,120,123.338,140.005,155.006
separate-core-cpu48-prefetch,learning,within-page:trained,33554432,0,-1,1,1,0,120,123.338,140.005,167.506
separate-core-cpu48-prefetch,learning,within-page:hot,33554432,0,-1,1,1,0,120,25.001,25.001,25.8343
separate-core-cpu48-prefetch,learning,within-page:cold,33554432,0,-1,1,1,1,120,122.505,140.005,153.339
separate-core-cpu48-prefetch,learning,within-page:trained,33554432,0,-1,1,1,1,120,121.671,139.172,235.842
separate-core-cpu48-prefetch,learning,within-page:hot,33554432,0,-1,1,1,1,120,25.001,25.001,25.8343
separate-core-cpu48-prefetch,learning,within-page:cold,33554432,0,-1,1,1,2,120,124.171,140.005,154.173
separate-core-cpu48-prefetch,learning,within-page:trained,33554432,0,-1,1,1,2,120,120.838,139.172,216.675
separate-core-cpu48-prefetch,learning,within-page:hot,33554432,0,-1,1,1,2,120,25.001,25.8343,25.8343
separate-core-cpu48-prefetch,learning,within-page:cold,33554432,0,-1,2,1,0,120,122.505,138.339,153.339
separate-core-cpu48-prefetch,learning,within-page:trained,33554432,0,-1,2,1,0,120,120.838,140.005,195.841
separate-core-cpu48-prefetch,learning,within-page:hot,33554432,0,-1,2,1,0,120,25.001,25.8343,25.8343
separate-core-cpu48-prefetch,learning,within-page:cold,33554432,0,-1,2,1,1,120,123.338,138.339,236.676
separate-core-cpu48-prefetch,learning,within-page:trained,33554432,0,-1,2,1,1,120,123.338,138.339,247.509
separate-core-cpu48-prefetch,learning,within-page:hot,33554432,0,-1,2,1,1,120,25.001,25.001,25.8343
separate-core-cpu48-prefetch,learning,within-page:cold,33554432,0,-1,2,1,2,120,125.005,140.839,155.006
separate-core-cpu48-prefetch,learning,within-page:trained,33554432,0,-1,2,1,2,120,122.505,150.006,291.678
separate-core-cpu48-prefetch,learning,within-page:hot,33554432,0,-1,2,1,2,120,25.001,25.8343,25.8343
separate-core-cpu48-prefetch,learning,within-page:cold,33554432,0,-1,3,1,0,120,122.505,141.672,251.676
separate-core-cpu48-prefetch,learning,within-page:trained,33554432,0,-1,3,1,0,120,25.001,123.338,155.006
separate-core-cpu48-prefetch,learning,within-page:hot,33554432,0,-1,3,1,0,120,25.001,25.001,25.8343
separate-core-cpu48-prefetch,learning,within-page:cold,33554432,0,-1,3,1,1,120,123.338,145.006,259.177
separate-core-cpu48-prefetch,learning,within-page:trained,33554432,0,-1,3,1,1,120,25.001,125.005,160.006
separate-core-cpu48-prefetch,learning,within-page:hot,33554432,0,-1,3,1,1,120,25.001,25.8343,30.8345
separate-core-cpu48-prefetch,learning,within-page:cold,33554432,0,-1,3,1,2,120,127.505,145.839,175.007
separate-core-cpu48-prefetch,learning,within-page:trained,33554432,0,-1,3,1,2,120,29.1678,126.672,157.506
separate-core-cpu48-prefetch,learning,within-page:hot,33554432,0,-1,3,1,2,120,25.8343,30.0012,30.8345
separate-core-cpu48-prefetch,learning,within-page:cold,33554432,0,-1,4,1,0,120,123.338,141.672,253.343
separate-core-cpu48-prefetch,learning,within-page:trained,33554432,0,-1,4,1,0,120,63.3358,125.005,179.174
separate-core-cpu48-prefetch,learning,within-page:hot,33554432,0,-1,4,1,0,120,25.001,25.001,25.8343
separate-core-cpu48-prefetch,learning,within-page:cold,33554432,0,-1,4,1,1,120,124.171,141.672,239.176
separate-core-cpu48-prefetch,learning,within-page:trained,33554432,0,-1,4,1,1,120,70.0027,126.672,285.011
separate-core-cpu48-prefetch,learning,within-page:hot,33554432,0,-1,4,1,1,120,25.001,25.001,25.8343
separate-core-cpu48-prefetch,learning,within-page:cold,33554432,0,-1,4,1,2,120,123.338,139.172,285.844
separate-core-cpu48-prefetch,learning,within-page:trained,33554432,0,-1,4,1,2,120,64.1691,122.505,155.006
separate-core-cpu48-prefetch,learning,within-page:hot,33554432,0,-1,4,1,2,120,25.001,25.8343,25.8343
separate-core-cpu48-prefetch,learning,within-page:cold,33554432,0,-1,6,1,0,120,123.338,139.172,239.176
separate-core-cpu48-prefetch,learning,within-page:trained,33554432,0,-1,6,1,0,120,35.0013,70.836,165.006
separate-core-cpu48-prefetch,learning,within-page:hot,33554432,0,-1,6,1,0,120,25.001,25.8343,25.8343
separate-core-cpu48-prefetch,learning,within-page:cold,33554432,0,-1,6,1,1,120,124.171,141.672,261.677
separate-core-cpu48-prefetch,learning,within-page:trained,33554432,0,-1,6,1,1,120,25.8343,72.5028,150.839
separate-core-cpu48-prefetch,learning,within-page:hot,33554432,0,-1,6,1,1,120,25.001,25.001,25.8343
separate-core-cpu48-prefetch,learning,within-page:cold,33554432,0,-1,6,1,2,120,124.171,142.505,156.673
separate-core-cpu48-prefetch,learning,within-page:trained,33554432,0,-1,6,1,2,120,25.8343,74.1695,161.673
separate-core-cpu48-prefetch,learning,within-page:hot,33554432,0,-1,6,1,2,120,25.001,25.8343,25.8343
separate-core-cpu48-prefetch,learning,within-page:cold,33554432,0,-1,8,1,0,120,122.505,140.005,236.676
separate-core-cpu48-prefetch,learning,within-page:trained,33554432,0,-1,8,1,0,120,25.001,62.5024,81.6698
separate-core-cpu48-prefetch,learning,within-page:hot,33554432,0,-1,8,1,0,120,25.001,25.001,25.8343
separate-core-cpu48-prefetch,learning,within-page:cold,33554432,0,-1,8,1,1,120,125.838,141.672,237.509
separate-core-cpu48-prefetch,learning,within-page:trained,33554432,0,-1,8,1,1,120,25.8343,63.3358,91.6702
separate-core-cpu48-prefetch,learning,within-page:hot,33554432,0,-1,8,1,1,120,25.001,25.8343,30.0012
separate-core-cpu48-prefetch,learning,within-page:cold,33554432,0,-1,8,1,2,120,122.505,140.005,240.843
separate-core-cpu48-prefetch,learning,within-page:trained,33554432,0,-1,8,1,2,120,25.001,64.1691,89.1701
separate-core-cpu48-prefetch,learning,within-page:hot,33554432,0,-1,8,1,2,120,25.001,25.8343,25.8343
separate-core-cpu48-prefetch,learning,within-page:cold,33554432,0,-1,12,1,0,120,123.338,140.005,155.839
separate-core-cpu48-prefetch,learning,within-page:trained,33554432,0,-1,12,1,0,120,25.001,25.8343,71.6694
separate-core-cpu48-prefetch,learning,within-page:hot,33554432,0,-1,12,1,0,120,25.001,25.001,25.8343
separate-core-cpu48-prefetch,learning,within-page:cold,33554432,0,-1,12,1,1,120,123.338,142.505,155.006
separate-core-cpu48-prefetch,learning,within-page:trained,33554432,0,-1,12,1,1,120,25.001,25.8343,41.6683
separate-core-cpu48-prefetch,learning,within-page:hot,33554432,0,-1,12,1,1,120,25.001,25.001,25.8343
separate-core-cpu48-prefetch,learning,within-page:cold,33554432,0,-1,12,1,2,120,122.505,141.672,248.343
separate-core-cpu48-prefetch,learning,within-page:trained,33554432,0,-1,12,1,2,120,25.001,25.8343,69.1693
separate-core-cpu48-prefetch,learning,within-page:hot,33554432,0,-1,12,1,2,120,25.001,25.8343,25.8343
separate-core-cpu48-prefetch,learning,within-page:cold,33554432,0,-1,16,1,0,120,125.005,142.505,195.841
separate-core-cpu48-prefetch,learning,within-page:trained,33554432,0,-1,16,1,0,120,25.001,30.0012,55.0021
separate-core-cpu48-prefetch,learning,within-page:hot,33554432,0,-1,16,1,0,120,25.001,25.8343,30.0012
separate-core-cpu48-prefetch,learning,within-page:cold,33554432,0,-1,16,1,1,120,125.005,140.005,155.839
separate-core-cpu48-prefetch,learning,within-page:trained,33554432,0,-1,16,1,1,120,25.001,25.001,60.0023
separate-core-cpu48-prefetch,learning,within-page:hot,33554432,0,-1,16,1,1,120,25.001,25.001,25.8343
separate-core-cpu48-prefetch,learning,within-page:cold,33554432,0,-1,16,1,2,120,124.171,140.005,155.839
separate-core-cpu48-prefetch,learning,within-page:trained,33554432,0,-1,16,1,2,120,25.001,25.8343,61.669
separate-core-cpu48-prefetch,learning,within-page:hot,33554432,0,-1,16,1,2,120,25.001,25.001,25.8343
separate-core-cpu48-prefetch,learning,within-page:cold,33554432,0,-2,1,1,0,120,123.338,140.839,159.173
separate-core-cpu48-prefetch,learning,within-page:trained,33554432,0,-2,1,1,0,120,122.505,138.339,188.341
separate-core-cpu48-prefetch,learning,within-page:hot,33554432,0,-2,1,1,0,120,25.001,25.001,25.8343
separate-core-cpu48-prefetch,learning,within-page:cold,33554432,0,-2,1,1,1,120,123.338,140.839,155.839
separate-core-cpu48-prefetch,learning,within-page:trained,33554432,0,-2,1,1,1,120,121.671,140.005,250.01
separate-core-cpu48-prefetch,learning,within-page:hot,33554432,0,-2,1,1,1,120,25.001,25.001,25.8343
separate-core-cpu48-prefetch,learning,within-page:cold,33554432,0,-2,1,1,2,120,123.338,140.005,155.006
separate-core-cpu48-prefetch,learning,within-page:trained,33554432,0,-2,1,1,2,120,121.671,140.839,210.008
separate-core-cpu48-prefetch,learning,within-page:hot,33554432,0,-2,1,1,2,120,25.001,25.001,25.8343
separate-core-cpu48-prefetch,learning,within-page:cold,33554432,0,-2,2,1,0,120,125.838,140.839,155.006
separate-core-cpu48-prefetch,learning,within-page:trained,33554432,0,-2,2,1,0,120,124.171,141.672,155.006
separate-core-cpu48-prefetch,learning,within-page:hot,33554432,0,-2,2,1,0,120,25.001,25.8343,25.8343
separate-core-cpu48-prefetch,learning,within-page:cold,33554432,0,-2,2,1,1,120,122.505,140.839,156.673
separate-core-cpu48-prefetch,learning,within-page:trained,33554432,0,-2,2,1,1,120,125.005,143.339,296.678
separate-core-cpu48-prefetch,learning,within-page:hot,33554432,0,-2,2,1,1,120,25.001,25.001,25.8343
separate-core-cpu48-prefetch,learning,within-page:cold,33554432,0,-2,2,1,2,120,126.672,143.339,243.343
separate-core-cpu48-prefetch,learning,within-page:trained,33554432,0,-2,2,1,2,120,127.505,145.839,160.839
separate-core-cpu48-prefetch,learning,within-page:hot,33554432,0,-2,2,1,2,120,25.001,30.0012,30.8345
separate-core-cpu48-prefetch,learning,within-page:cold,33554432,0,-2,3,1,0,120,129.172,145.839,245.843
separate-core-cpu48-prefetch,learning,within-page:trained,33554432,0,-2,3,1,0,120,30.0012,30.0012,156.673
separate-core-cpu48-prefetch,learning,within-page:hot,33554432,0,-2,3,1,0,120,30.0012,30.0012,30.8345
separate-core-cpu48-prefetch,learning,within-page:cold,33554432,0,-2,3,1,1,120,124.171,141.672,232.509
separate-core-cpu48-prefetch,learning,within-page:trained,33554432,0,-2,3,1,1,120,25.001,102.504,155.839
separate-core-cpu48-prefetch,learning,within-page:hot,33554432,0,-2,3,1,1,120,25.001,25.8343,30.0012
separate-core-cpu48-prefetch,learning,within-page:cold,33554432,0,-2,3,1,2,120,122.505,141.672,237.509
separate-core-cpu48-prefetch,learning,within-page:trained,33554432,0,-2,3,1,2,120,25.001,25.8343,150.006
separate-core-cpu48-prefetch,learning,within-page:hot,33554432,0,-2,3,1,2,120,25.001,25.001,25.8343
separate-core-cpu48-prefetch,learning,within-page:cold,33554432,0,-2,4,1,0,120,123.338,140.839,154.173
separate-core-cpu48-prefetch,learning,within-page:trained,33554432,0,-2,4,1,0,120,25.8343,71.6694,152.506
separate-core-cpu48-prefetch,learning,within-page:hot,33554432,0,-2,4,1,0,120,25.001,25.8343,25.8343
separate-core-cpu48-prefetch,learning,within-page:cold,33554432,0,-2,4,1,1,120,123.338,141.672,274.177
separate-core-cpu48-prefetch,learning,within-page:trained,33554432,0,-2,4,1,1,120,25.8343,73.3361,149.172
separate-core-cpu48-prefetch,learning,within-page:hot,33554432,0,-2,4,1,1,120,25.001,25.001,25.8343
separate-core-cpu48-prefetch,learning,within-page:cold,33554432,0,-2,4,1,2,120,124.171,142.505,251.676
separate-core-cpu48-prefetch,learning,within-page:trained,33554432,0,-2,4,1,2,120,25.8343,68.336,137.505
separate-core-cpu48-prefetch,learning,within-page:hot,33554432,0,-2,4,1,2,120,25.001,25.001,25.8343
separate-core-cpu48-prefetch,learning,within-page:cold,33554432,0,-2,6,1,0,120,123.338,141.672,265.844
separate-core-cpu48-prefetch,learning,within-page:trained,33554432,0,-2,6,1,0,120,25.001,60.0023,80.0031
separate-core-cpu48-prefetch,learning,within-page:hot,33554432,0,-2,6,1,0,120,25.001,25.8343,25.8343
separate-core-cpu48-prefetch,learning,within-page:cold,33554432,0,-2,6,1,1,120,125.005,141.672,237.509
separate-core-cpu48-prefetch,learning,within-page:trained,33554432,0,-2,6,1,1,120,25.001,63.3358,84.1699
separate-core-cpu48-prefetch,learning,within-page:hot,33554432,0,-2,6,1,1,120,25.001,25.001,25.8343
separate-core-cpu48-prefetch,learning,within-page:cold,33554432,0,-2,6,1,2,120,125.005,140.839,155.006
separate-core-cpu48-prefetch,learning,within-page:trained,33554432,0,-2,6,1,2,120,25.001,62.5024,81.6698
separate-core-cpu48-prefetch,learning,within-page:hot,33554432,0,-2,6,1,2,120,25.001,25.8343,25.8343
separate-core-cpu48-prefetch,learning,within-page:cold,33554432,0,-2,8,1,0,120,126.672,142.505,167.506
separate-core-cpu48-prefetch,learning,within-page:trained,33554432,0,-2,8,1,0,120,25.8343,54.1687,226.675
separate-core-cpu48-prefetch,learning,within-page:hot,33554432,0,-2,8,1,0,120,25.001,30.0012,30.8345
separate-core-cpu48-prefetch,learning,within-page:cold,33554432,0,-2,8,1,1,120,124.171,141.672,165.006
separate-core-cpu48-prefetch,learning,within-page:trained,33554432,0,-2,8,1,1,120,25.001,55.8355,88.3367
separate-core-cpu48-prefetch,learning,within-page:hot,33554432,0,-2,8,1,1,120,25.001,25.8343,30.8345
separate-core-cpu48-prefetch,learning,within-page:cold,33554432,0,-2,8,1,2,120,122.505,139.172,153.339
separate-core-cpu48-prefetch,learning,within-page:trained,33554432,0,-2,8,1,2,120,25.001,56.6688,75.0029
separate-core-cpu48-prefetch,learning,within-page:hot,33554432,0,-2,8,1,2,120,25.001,25.001,25.8343
separate-core-cpu48-prefetch,learning,within-page:cold,33554432,0,-2,12,1,0,120,122.505,139.172,153.339
separate-core-cpu48-prefetch,learning,within-page:trained,33554432,0,-2,12,1,0,120,25.001,25.8343,25.8343
separate-core-cpu48-prefetch,learning,within-page:hot,33554432,0,-2,12,1,0,120,25.001,25.001,25.8343
separate-core-cpu48-prefetch,learning,within-page:cold,33554432,0,-2,12,1,1,120,124.171,141.672,258.343
separate-core-cpu48-prefetch,learning,within-page:trained,33554432,0,-2,12,1,1,120,25.001,25.8343,60.0023
separate-core-cpu48-prefetch,learning,within-page:hot,33554432,0,-2,12,1,1,120,25.001,25.001,25.8343
separate-core-cpu48-prefetch,learning,within-page:cold,33554432,0,-2,12,1,2,120,125.005,140.839,155.839
separate-core-cpu48-prefetch,learning,within-page:trained,33554432,0,-2,12,1,2,120,25.001,25.8343,27.5011
separate-core-cpu48-prefetch,learning,within-page:hot,33554432,0,-2,12,1,2,120,25.001,25.8343,25.8343
separate-core-cpu48-prefetch,learning,within-page:cold,33554432,0,-2,16,1,0,120,124.171,142.505,252.51
separate-core-cpu48-prefetch,learning,within-page:trained,33554432,0,-2,16,1,0,120,25.001,30.0012,61.669
separate-core-cpu48-prefetch,learning,within-page:hot,33554432,0,-2,16,1,0,120,25.001,27.5011,30.8345
separate-core-cpu48-prefetch,learning,within-page:cold,33554432,0,-2,16,1,1,120,123.338,141.672,255.843
separate-core-cpu48-prefetch,learning,within-page:trained,33554432,0,-2,16,1,1,120,25.001,25.8343,65.0025
separate-core-cpu48-prefetch,learning,within-page:hot,33554432,0,-2,16,1,1,120,25.001,25.001,25.8343
separate-core-cpu48-prefetch,learning,within-page:cold,33554432,0,-2,16,1,2,120,123.338,142.505,239.176
separate-core-cpu48-prefetch,learning,within-page:trained,33554432,0,-2,16,1,2,120,25.001,25.8343,56.6688
separate-core-cpu48-prefetch,learning,within-page:hot,33554432,0,-2,16,1,2,120,25.001,25.001,25.8343
separate-core-cpu48-prefetch,lookahead,within-page:cold,33554432,0,1,8,1,0,120,123.338,138.339,155.006
separate-core-cpu48-prefetch,lookahead,within-page:trained,33554432,0,1,8,1,0,120,25.001,64.1691,252.51
separate-core-cpu48-prefetch,lookahead,within-page:hot,33554432,0,1,8,1,0,120,25.001,25.8343,25.8343
separate-core-cpu48-prefetch,lookahead,within-page:cold,33554432,0,1,8,1,1,120,124.171,139.172,154.173
separate-core-cpu48-prefetch,lookahead,within-page:trained,33554432,0,1,8,1,1,120,25.8343,68.336,185.007
separate-core-cpu48-prefetch,lookahead,within-page:hot,33554432,0,1,8,1,1,120,25.001,25.8343,25.8343
separate-core-cpu48-prefetch,lookahead,within-page:cold,33554432,0,1,8,1,2,120,128.338,144.172,269.177
separate-core-cpu48-prefetch,lookahead,within-page:trained,33554432,0,1,8,1,2,120,29.1678,63.3358,193.341
separate-core-cpu48-prefetch,lookahead,within-page:hot,33554432,0,1,8,1,2,120,25.001,30.0012,30.8345
separate-core-cpu48-prefetch,lookahead,cross-page:cold,33554432,0,1,8,1,0,120,123.338,140.005,162.506
separate-core-cpu48-prefetch,lookahead,cross-page:trained,33554432,0,1,8,1,0,120,25.8343,70.836,150.006
separate-core-cpu48-prefetch,lookahead,cross-page:hot,33554432,0,1,8,1,0,120,25.001,25.001,25.8343
separate-core-cpu48-prefetch,lookahead,cross-page:cold,33554432,0,1,8,1,1,120,125.005,140.839,280.011
separate-core-cpu48-prefetch,lookahead,cross-page:trained,33554432,0,1,8,1,1,120,25.8343,68.336,93.3369
separate-core-cpu48-prefetch,lookahead,cross-page:hot,33554432,0,1,8,1,1,120,25.001,25.001,25.8343
separate-core-cpu48-prefetch,lookahead,cross-page:cold,33554432,0,1,8,1,2,120,124.171,139.172,155.006
separate-core-cpu48-prefetch,lookahead,cross-page:trained,33554432,0,1,8,1,2,120,25.8343,70.836,140.005
separate-core-cpu48-prefetch,lookahead,cross-page:hot,33554432,0,1,8,1,2,120,25.001,25.001,25.8343
separate-core-cpu48-prefetch,lookahead,within-page:cold,33554432,0,1,8,2,0,120,123.338,140.005,236.676
separate-core-cpu48-prefetch,lookahead,within-page:trained,33554432,0,1,8,2,0,120,122.505,137.505,155.006
separate-core-cpu48-prefetch,lookahead,within-page:hot,33554432,0,1,8,2,0,120,25.001,25.8343,25.8343
separate-core-cpu48-prefetch,lookahead,within-page:cold,33554432,0,1,8,2,1,120,123.338,140.839,155.839
separate-core-cpu48-prefetch,lookahead,within-page:trained,33554432,0,1,8,2,1,120,122.505,142.505,185.007
separate-core-cpu48-prefetch,lookahead,within-page:hot,33554432,0,1,8,2,1,120,25.001,25.8343,25.8343
separate-core-cpu48-prefetch,lookahead,within-page:cold,33554432,0,1,8,2,2,120,124.171,139.172,158.339
separate-core-cpu48-prefetch,lookahead,within-page:trained,33554432,0,1,8,2,2,120,123.338,140.839,198.341
separate-core-cpu48-prefetch,lookahead,within-page:hot,33554432,0,1,8,2,2,120,25.001,25.8343,30.0012
separate-core-cpu48-prefetch,lookahead,cross-page:cold,33554432,0,1,8,2,0,120,125.005,144.172,245.009
separate-core-cpu48-prefetch,lookahead,cross-page:trained,33554432,0,1,8,2,0,120,124.171,141.672,302.512
separate-core-cpu48-prefetch,lookahead,cross-page:hot,33554432,0,1,8,2,0,120,25.001,25.8343,30.8345
separate-core-cpu48-prefetch,lookahead,cross-page:cold,33554432,0,1,8,2,1,120,123.338,141.672,263.343
separate-core-cpu48-prefetch,lookahead,cross-page:trained,33554432,0,1,8,2,1,120,122.505,135.839,274.177
separate-core-cpu48-prefetch,lookahead,cross-page:hot,33554432,0,1,8,2,1,120,25.001,25.8343,25.8343
separate-core-cpu48-prefetch,lookahead,cross-page:cold,33554432,0,1,8,2,2,120,124.171,140.839,238.342
separate-core-cpu48-prefetch,lookahead,cross-page:trained,33554432,0,1,8,2,2,120,123.338,139.172,262.51
separate-core-cpu48-prefetch,lookahead,cross-page:hot,33554432,0,1,8,2,2,120,25.001,25.001,25.8343
separate-core-cpu48-prefetch,lookahead,within-page:cold,33554432,0,1,8,4,0,120,123.338,140.839,157.506
separate-core-cpu48-prefetch,lookahead,within-page:trained,33554432,0,1,8,4,0,120,123.338,140.005,180.84
separate-core-cpu48-prefetch,lookahead,within-page:hot,33554432,0,1,8,4,0,120,25.001,25.001,25.8343
separate-core-cpu48-prefetch,lookahead,within-page:cold,33554432,0,1,8,4,1,120,122.505,140.005,236.676
separate-core-cpu48-prefetch,lookahead,within-page:trained,33554432,0,1,8,4,1,120,122.505,140.839,195.841
separate-core-cpu48-prefetch,lookahead,within-page:hot,33554432,0,1,8,4,1,120,25.001,25.8343,25.8343
separate-core-cpu48-prefetch,lookahead,within-page:cold,33554432,0,1,8,4,2,120,123.338,140.839,156.673
separate-core-cpu48-prefetch,lookahead,within-page:trained,33554432,0,1,8,4,2,120,123.338,137.505,155.839
separate-core-cpu48-prefetch,lookahead,within-page:hot,33554432,0,1,8,4,2,120,25.001,25.8343,25.8343
separate-core-cpu48-prefetch,lookahead,cross-page:cold,33554432,0,1,8,4,0,120,128.338,145.006,160.006
separate-core-cpu48-prefetch,lookahead,cross-page:trained,33554432,0,1,8,4,0,120,128.338,146.672,239.176
separate-core-cpu48-prefetch,lookahead,cross-page:hot,33554432,0,1,8,4,0,120,25.001,30.0012,30.8345
separate-core-cpu48-prefetch,lookahead,cross-page:cold,33554432,0,1,8,4,1,120,125.838,142.505,280.844
separate-core-cpu48-prefetch,lookahead,cross-page:trained,33554432,0,1,8,4,1,120,123.338,140.839,245.843
separate-core-cpu48-prefetch,lookahead,cross-page:hot,33554432,0,1,8,4,1,120,25.001,25.8343,25.8343
separate-core-cpu48-prefetch,lookahead,cross-page:cold,33554432,0,1,8,4,2,120,125.005,141.672,155.839
separate-core-cpu48-prefetch,lookahead,cross-page:trained,33554432,0,1,8,4,2,120,122.505,142.505,163.34
separate-core-cpu48-prefetch,lookahead,cross-page:hot,33554432,0,1,8,4,2,120,25.001,25.8343,25.8343
separate-core-cpu48-prefetch,lookahead,within-page:cold,33554432,0,1,8,8,0,120,123.338,140.005,156.673
separate-core-cpu48-prefetch,lookahead,within-page:trained,33554432,0,1,8,8,0,120,122.505,140.005,175.007
separate-core-cpu48-prefetch,lookahead,within-page:hot,33554432,0,1,8,8,0,120,25.001,25.8343,25.8343
separate-core-cpu48-prefetch,lookahead,within-page:cold,33554432,0,1,8,8,1,120,123.338,140.839,156.673
separate-core-cpu48-prefetch,lookahead,within-page:trained,33554432,0,1,8,8,1,120,124.171,141.672,283.344
separate-core-cpu48-prefetch,lookahead,within-page:hot,33554432,0,1,8,8,1,120,25.001,25.8343,25.8343
separate-core-cpu48-prefetch,lookahead,within-page:cold,33554432,0,1,8,8,2,120,123.338,140.005,235.842
separate-core-cpu48-prefetch,lookahead,within-page:trained,33554432,0,1,8,8,2,120,125.005,141.672,294.178
separate-core-cpu48-prefetch,lookahead,within-page:hot,33554432,0,1,8,8,2,120,25.001,25.001,25.8343
separate-core-cpu48-prefetch,lookahead,cross-page:cold,33554432,0,1,8,8,0,120,130.838,145.006,241.676
separate-core-cpu48-prefetch,lookahead,cross-page:trained,33554432,0,1,8,8,0,120,124.171,142.505,160.839
separate-core-cpu48-prefetch,lookahead,cross-page:hot,33554432,0,1,8,8,0,120,25.001,25.8343,30.0012
separate-core-cpu48-prefetch,lookahead,cross-page:cold,33554432,0,1,8,8,1,120,129.172,142.505,317.512
separate-core-cpu48-prefetch,lookahead,cross-page:trained,33554432,0,1,8,8,1,120,123.338,144.172,223.342
separate-core-cpu48-prefetch,lookahead,cross-page:hot,33554432,0,1,8,8,1,120,25.001,25.8343,30.8345
separate-core-cpu48-prefetch,lookahead,cross-page:cold,33554432,0,1,8,8,2,120,123.338,142.505,184.174
separate-core-cpu48-prefetch,lookahead,cross-page:trained,33554432,0,1,8,8,2,120,122.505,139.172,155.006
separate-core-cpu48-prefetch,lookahead,cross-page:hot,33554432,0,1,8,8,2,120,25.001,25.001,25.8343
separate-core-cpu48-prefetch,lookahead,within-page:cold,33554432,0,1,8,16,0,120,121.671,139.172,154.173
separate-core-cpu48-prefetch,lookahead,within-page:trained,33554432,0,1,8,16,0,120,124.171,140.839,155.839
separate-core-cpu48-prefetch,lookahead,within-page:hot,33554432,0,1,8,16,0,120,25.001,25.8343,25.8343
separate-core-cpu48-prefetch,lookahead,within-page:cold,33554432,0,1,8,16,1,120,121.671,140.839,157.506
separate-core-cpu48-prefetch,lookahead,within-page:trained,33554432,0,1,8,16,1,120,130.005,142.505,155.839
separate-core-cpu48-prefetch,lookahead,within-page:hot,33554432,0,1,8,16,1,120,25.001,25.8343,25.8343
separate-core-cpu48-prefetch,lookahead,within-page:cold,33554432,0,1,8,16,2,120,124.171,140.005,230.842
separate-core-cpu48-prefetch,lookahead,within-page:trained,33554432,0,1,8,16,2,120,125.005,141.672,278.344
separate-core-cpu48-prefetch,lookahead,within-page:hot,33554432,0,1,8,16,2,120,25.001,25.8343,25.8343
separate-core-cpu48-prefetch,lookahead,cross-page:cold,33554432,0,1,8,16,0,120,123.338,140.005,155.006
separate-core-cpu48-prefetch,lookahead,cross-page:trained,33554432,0,1,8,16,0,120,123.338,140.005,176.673
separate-core-cpu48-prefetch,lookahead,cross-page:hot,33554432,0,1,8,16,0,120,25.001,25.8343,25.8343
separate-core-cpu48-prefetch,lookahead,cross-page:cold,33554432,0,1,8,16,1,120,128.338,143.339,160.839
separate-core-cpu48-prefetch,lookahead,cross-page:trained,33554432,0,1,8,16,1,120,128.338,145.839,162.506
separate-core-cpu48-prefetch,lookahead,cross-page:hot,33554432,0,1,8,16,1,120,29.1678,30.0012,30.8345
separate-core-cpu48-prefetch,lookahead,cross-page:cold,33554432,0,1,8,16,2,120,124.171,140.839,242.509
separate-core-cpu48-prefetch,lookahead,cross-page:trained,33554432,0,1,8,16,2,120,123.338,141.672,247.509
separate-core-cpu48-prefetch,lookahead,cross-page:hot,33554432,0,1,8,16,2,120,25.001,25.001,25.8343
separate-core-cpu48-prefetch,retention,shared-pc:cold,33554432,0,2,8,1,0,120,123.338,140.839,190.007
separate-core-cpu48-prefetch,retention,shared-pc:trained,33554432,0,2,8,1,0,120,25.001,25.001,25.8343
separate-core-cpu48-prefetch,retention,shared-pc:hot,33554432,0,2,8,1,0,120,25.001,25.8343,25.8343
separate-core-cpu48-prefetch,retention,shared-pc:cold,33554432,0,2,8,1,1,120,124.171,141.672,155.006
separate-core-cpu48-prefetch,retention,shared-pc:trained,33554432,0,2,8,1,1,120,25.001,25.001,25.8343
separate-core-cpu48-prefetch,retention,shared-pc:hot,33554432,0,2,8,1,1,120,25.001,25.8343,25.8343
separate-core-cpu48-prefetch,retention,shared-pc:cold,33554432,0,2,8,1,2,120,123.338,137.505,189.174
separate-core-cpu48-prefetch,retention,shared-pc:trained,33554432,0,2,8,1,2,120,25.001,25.001,25.8343
separate-core-cpu48-prefetch,retention,shared-pc:hot,33554432,0,2,8,1,2,120,25.001,25.8343,25.8343
separate-core-cpu48-prefetch,retention,distinct-pc:cold,33554432,0,2,8,1,0,120,123.338,139.172,246.676
separate-core-cpu48-prefetch,retention,distinct-pc:trained,33554432,0,2,8,1,0,120,25.001,25.8343,25.8343
separate-core-cpu48-prefetch,retention,distinct-pc:hot,33554432,0,2,8,1,0,120,25.001,25.8343,25.8343
separate-core-cpu48-prefetch,retention,distinct-pc:cold,33554432,0,2,8,1,1,120,131.672,144.172,160.839
separate-core-cpu48-prefetch,retention,distinct-pc:trained,33554432,0,2,8,1,1,120,25.001,30.0012,30.8345
separate-core-cpu48-prefetch,retention,distinct-pc:hot,33554432,0,2,8,1,1,120,25.001,30.0012,30.8345
separate-core-cpu48-prefetch,retention,distinct-pc:cold,33554432,0,2,8,1,2,120,123.338,140.005,232.509
separate-core-cpu48-prefetch,retention,distinct-pc:trained,33554432,0,2,8,1,2,120,25.001,25.8343,25.8343
separate-core-cpu48-prefetch,retention,distinct-pc:hot,33554432,0,2,8,1,2,120,25.001,25.8343,25.8343
separate-core-cpu48-prefetch,retention,shared-pc:cold,33554432,1,2,8,1,0,120,125.005,140.005,185.84
separate-core-cpu48-prefetch,retention,shared-pc:trained,33554432,1,2,8,1,0,120,25.001,25.8343,25.8343
separate-core-cpu48-prefetch,retention,shared-pc:hot,33554432,1,2,8,1,0,120,25.001,25.001,25.8343
separate-core-cpu48-prefetch,retention,shared-pc:cold,33554432,1,2,8,1,1,120,123.338,141.672,254.176
separate-core-cpu48-prefetch,retention,shared-pc:trained,33554432,1,2,8,1,1,120,25.001,25.001,25.8343
separate-core-cpu48-prefetch,retention,shared-pc:hot,33554432,1,2,8,1,1,120,25.001,25.001,25.8343
separate-core-cpu48-prefetch,retention,shared-pc:cold,33554432,1,2,8,1,2,120,125.005,143.339,258.343
separate-core-cpu48-prefetch,retention,shared-pc:trained,33554432,1,2,8,1,2,120,25.001,25.8343,30.8345
separate-core-cpu48-prefetch,retention,shared-pc:hot,33554432,1,2,8,1,2,120,25.001,25.8343,30.0012
separate-core-cpu48-prefetch,retention,distinct-pc:cold,33554432,1,2,8,1,0,120,123.338,140.839,262.51
separate-core-cpu48-prefetch,retention,distinct-pc:trained,33554432,1,2,8,1,0,120,25.001,25.8343,25.8343
separate-core-cpu48-prefetch,retention,distinct-pc:hot,33554432,1,2,8,1,0,120,25.001,25.001,25.8343
separate-core-cpu48-prefetch,retention,distinct-pc:cold,33554432,1,2,8,1,1,120,123.338,141.672,194.174
separate-core-cpu48-prefetch,retention,distinct-pc:trained,33554432,1,2,8,1,1,120,25.001,25.8343,25.8343
separate-core-cpu48-prefetch,retention,distinct-pc:hot,33554432,1,2,8,1,1,120,25.001,25.001,25.8343
separate-core-cpu48-prefetch,retention,distinct-pc:cold,33554432,1,2,8,1,2,120,123.338,140.839,156.673
separate-core-cpu48-prefetch,retention,distinct-pc:trained,33554432,1,2,8,1,2,120,25.001,25.8343,25.8343
separate-core-cpu48-prefetch,retention,distinct-pc:hot,33554432,1,2,8,1,2,120,25.001,25.8343,25.8343
separate-core-cpu48-prefetch,retention,shared-pc:cold,33554432,2,2,8,1,0,120,125.838,143.339,217.508
separate-core-cpu48-prefetch,retention,shared-pc:trained,33554432,2,2,8,1,0,120,25.001,25.8343,30.8345
separate-core-cpu48-prefetch,retention,shared-pc:hot,33554432,2,2,8,1,0,120,25.001,25.8343,30.0012
separate-core-cpu48-prefetch,retention,shared-pc:cold,33554432,2,2,8,1,1,120,123.338,140.839,179.174
separate-core-cpu48-prefetch,retention,shared-pc:trained,33554432,2,2,8,1,1,120,25.001,25.8343,25.8343
separate-core-cpu48-prefetch,retention,shared-pc:hot,33554432,2,2,8,1,1,120,25.001,25.001,25.8343
separate-core-cpu48-prefetch,retention,shared-pc:cold,33554432,2,2,8,1,2,120,124.171,139.172,155.006
separate-core-cpu48-prefetch,retention,shared-pc:trained,33554432,2,2,8,1,2,120,25.001,25.8343,25.8343
separate-core-cpu48-prefetch,retention,shared-pc:hot,33554432,2,2,8,1,2,120,25.001,25.001,25.8343
separate-core-cpu48-prefetch,retention,distinct-pc:cold,33554432,2,2,8,1,0,120,125.005,140.005,158.339
separate-core-cpu48-prefetch,retention,distinct-pc:trained,33554432,2,2,8,1,0,120,25.001,25.8343,30.0012
separate-core-cpu48-prefetch,retention,distinct-pc:hot,33554432,2,2,8,1,0,120,25.001,25.8343,30.8345
separate-core-cpu48-prefetch,retention,distinct-pc:cold,33554432,2,2,8,1,1,120,124.171,139.172,172.507
separate-core-cpu48-prefetch,retention,distinct-pc:trained,33554432,2,2,8,1,1,120,25.001,25.8343,25.8343
separate-core-cpu48-prefetch,retention,distinct-pc:hot,33554432,2,2,8,1,1,120,25.001,25.8343,25.8343
separate-core-cpu48-prefetch,retention,distinct-pc:cold,33554432,2,2,8,1,2,120,125.838,141.672,155.006
separate-core-cpu48-prefetch,retention,distinct-pc:trained,33554432,2,2,8,1,2,120,25.001,25.8343,30.0012
separate-core-cpu48-prefetch,retention,distinct-pc:hot,33554432,2,2,8,1,2,120,25.001,25.8343,27.5011
separate-core-cpu48-prefetch,retention,shared-pc:cold,33554432,4,2,8,1,0,120,123.338,137.505,175.84
separate-core-cpu48-prefetch,retention,shared-pc:trained,33554432,4,2,8,1,0,120,25.001,25.8343,25.8343
separate-core-cpu48-prefetch,retention,shared-pc:hot,33554432,4,2,8,1,0,120,25.001,25.001,25.8343
separate-core-cpu48-prefetch,retention,shared-pc:cold,33554432,4,2,8,1,1,120,123.338,140.005,213.342
separate-core-cpu48-prefetch,retention,shared-pc:trained,33554432,4,2,8,1,1,120,25.001,25.8343,25.8343
separate-core-cpu48-prefetch,retention,shared-pc:hot,33554432,4,2,8,1,1,120,25.001,25.001,25.8343
separate-core-cpu48-prefetch,retention,shared-pc:cold,33554432,4,2,8,1,2,120,124.171,143.339,222.509
separate-core-cpu48-prefetch,retention,shared-pc:trained,33554432,4,2,8,1,2,120,25.001,25.8343,25.8343
separate-core-cpu48-prefetch,retention,shared-pc:hot,33554432,4,2,8,1,2,120,25.001,25.001,25.8343
separate-core-cpu48-prefetch,retention,distinct-pc:cold,33554432,4,2,8,1,0,120,124.171,140.005,190.007
separate-core-cpu48-prefetch,retention,distinct-pc:trained,33554432,4,2,8,1,0,120,25.001,25.8343,30.0012
separate-core-cpu48-prefetch,retention,distinct-pc:hot,33554432,4,2,8,1,0,120,25.001,25.8343,30.0012
separate-core-cpu48-prefetch,retention,distinct-pc:cold,33554432,4,2,8,1,1,120,123.338,140.839,193.341
separate-core-cpu48-prefetch,retention,distinct-pc:trained,33554432,4,2,8,1,1,120,25.001,25.8343,26.6677
separate-core-cpu48-prefetch,retention,distinct-pc:hot,33554432,4,2,8,1,1,120,25.001,25.001,25.8343
separate-core-cpu48-prefetch,retention,distinct-pc:cold,33554432,4,2,8,1,2,120,125.005,140.839,239.176
separate-core-cpu48-prefetch,retention,distinct-pc:trained,33554432,4,2,8,1,2,120,25.001,25.8343,30.0012
separate-core-cpu48-prefetch,retention,distinct-pc:hot,33554432,4,2,8,1,2,120,25.001,25.8343,30.0012
separate-core-cpu48-prefetch,retention,shared-pc:cold,33554432,8,2,8,1,0,120,125.005,140.839,216.675
separate-core-cpu48-prefetch,retention,shared-pc:trained,33554432,8,2,8,1,0,120,28.3344,29.1678,29.1678
separate-core-cpu48-prefetch,retention,shared-pc:hot,33554432,8,2,8,1,0,120,25.001,25.001,28.3344
separate-core-cpu48-prefetch,retention,shared-pc:cold,33554432,8,2,8,1,1,120,127.505,142.505,200.008
separate-core-cpu48-prefetch,retention,shared-pc:trained,33554432,8,2,8,1,1,120,28.3344,29.1678,30.0012
separate-core-cpu48-prefetch,retention,shared-pc:hot,33554432,8,2,8,1,1,120,28.3344,28.3344,33.3346
separate-core-cpu48-prefetch,retention,shared-pc:cold,33554432,8,2,8,1,2,120,124.171,142.505,224.175
separate-core-cpu48-prefetch,retention,shared-pc:trained,33554432,8,2,8,1,2,120,28.3344,29.1678,34.168
separate-core-cpu48-prefetch,retention,shared-pc:hot,33554432,8,2,8,1,2,120,25.001,25.001,30.0012
separate-core-cpu48-prefetch,retention,distinct-pc:cold,33554432,8,2,8,1,0,120,127.505,144.172,205.841
separate-core-cpu48-prefetch,retention,distinct-pc:trained,33554432,8,2,8,1,0,120,28.3344,29.1678,33.3346
separate-core-cpu48-prefetch,retention,distinct-pc:hot,33554432,8,2,8,1,0,120,28.3344,29.1678,33.3346
separate-core-cpu48-prefetch,retention,distinct-pc:cold,33554432,8,2,8,1,1,120,128.338,144.172,240.843
separate-core-cpu48-prefetch,retention,distinct-pc:trained,33554432,8,2,8,1,1,120,28.3344,29.1678,33.3346
separate-core-cpu48-prefetch,retention,distinct-pc:hot,33554432,8,2,8,1,1,120,25.8343,29.1678,33.3346
separate-core-cpu48-prefetch,retention,distinct-pc:cold,33554432,8,2,8,1,2,120,125.838,142.505,235.842
separate-core-cpu48-prefetch,retention,distinct-pc:trained,33554432,8,2,8,1,2,120,28.3344,29.1678,34.168
separate-core-cpu48-prefetch,retention,distinct-pc:hot,33554432,8,2,8,1,2,120,25.001,25.8343,30.0012
separate-core-cpu48-prefetch,retention,shared-pc:cold,33554432,12,2,8,1,0,120,128.338,149.172,253.343
separate-core-cpu48-prefetch,retention,shared-pc:trained,33554432,12,2,8,1,0,120,28.3344,29.1678,30.0012
separate-core-cpu48-prefetch,retention,shared-pc:hot,33554432,12,2,8,1,0,120,25.001,28.3344,30.0012
separate-core-cpu48-prefetch,retention,shared-pc:cold,33554432,12,2,8,1,1,120,126.672,145.006,253.343
separate-core-cpu48-prefetch,retention,shared-pc:trained,33554432,12,2,8,1,1,120,28.3344,29.1678,34.168
separate-core-cpu48-prefetch,retention,shared-pc:hot,33554432,12,2,8,1,1,120,28.3344,28.3344,33.3346
separate-core-cpu48-prefetch,retention,shared-pc:cold,33554432,12,2,8,1,2,120,125.838,145.839,243.343
separate-core-cpu48-prefetch,retention,shared-pc:trained,33554432,12,2,8,1,2,120,28.3344,29.1678,29.1678
separate-core-cpu48-prefetch,retention,shared-pc:hot,33554432,12,2,8,1,2,120,28.3344,28.3344,29.1678
separate-core-cpu48-prefetch,retention,distinct-pc:cold,33554432,12,2,8,1,0,120,127.505,142.505,184.174
separate-core-cpu48-prefetch,retention,distinct-pc:trained,33554432,12,2,8,1,0,120,28.3344,29.1678,34.168
separate-core-cpu48-prefetch,retention,distinct-pc:hot,33554432,12,2,8,1,0,120,28.3344,29.1678,30.0012
separate-core-cpu48-prefetch,retention,distinct-pc:cold,33554432,12,2,8,1,1,120,128.338,143.339,158.339
separate-core-cpu48-prefetch,retention,distinct-pc:trained,33554432,12,2,8,1,1,120,28.3344,28.3344,30.0012
separate-core-cpu48-prefetch,retention,distinct-pc:hot,33554432,12,2,8,1,1,120,28.3344,29.1678,30.0012
separate-core-cpu48-prefetch,retention,distinct-pc:cold,33554432,12,2,8,1,2,120,126.672,144.172,161.673
separate-core-cpu48-prefetch,retention,distinct-pc:trained,33554432,12,2,8,1,2,120,28.3344,29.1678,32.5012
separate-core-cpu48-prefetch,retention,distinct-pc:hot,33554432,12,2,8,1,2,120,28.3344,29.1678,33.3346
separate-core-cpu48-prefetch,retention,shared-pc:cold,33554432,16,2,8,1,0,120,128.338,143.339,220.842
separate-core-cpu48-prefetch,retention,shared-pc:trained,33554432,16,2,8,1,0,120,28.3344,29.1678,33.3346
separate-core-cpu48-prefetch,retention,shared-pc:hot,33554432,16,2,8,1,0,120,28.3344,28.3344,33.3346
separate-core-cpu48-prefetch,retention,shared-pc:cold,33554432,16,2,8,1,1,120,126.672,145.006,201.674
separate-core-cpu48-prefetch,retention,shared-pc:trained,33554432,16,2,8,1,1,120,28.3344,29.1678,34.168
separate-core-cpu48-prefetch,retention,shared-pc:hot,33554432,16,2,8,1,1,120,28.3344,28.3344,34.168
separate-core-cpu48-prefetch,retention,shared-pc:cold,33554432,16,2,8,1,2,120,129.172,144.172,221.675
separate-core-cpu48-prefetch,retention,shared-pc:trained,33554432,16,2,8,1,2,120,28.3344,29.1678,29.1678
separate-core-cpu48-prefetch,retention,shared-pc:hot,33554432,16,2,8,1,2,120,28.3344,28.3344,29.1678
separate-core-cpu48-prefetch,retention,distinct-pc:cold,33554432,16,2,8,1,0,120,128.338,145.006,238.342
separate-core-cpu48-prefetch,retention,distinct-pc:trained,33554432,16,2,8,1,0,120,31.6679,32.5012,151.672
separate-core-cpu48-prefetch,retention,distinct-pc:hot,33554432,16,2,8,1,0,120,28.3344,29.1678,30.0012
separate-core-cpu48-prefetch,retention,distinct-pc:cold,33554432,16,2,8,1,1,120,129.172,144.172,231.676
separate-core-cpu48-prefetch,retention,distinct-pc:trained,33554432,16,2,8,1,1,120,30.8345,31.6679,147.506
separate-core-cpu48-prefetch,retention,distinct-pc:hot,33554432,16,2,8,1,1,120,28.3344,29.1678,29.1678
separate-core-cpu48-prefetch,retention,distinct-pc:cold,33554432,16,2,8,1,2,120,127.505,143.339,239.176
separate-core-cpu48-prefetch,retention,distinct-pc:trained,33554432,16,2,8,1,2,120,30.8345,31.6679,146.672
separate-core-cpu48-prefetch,retention,distinct-pc:hot,33554432,16,2,8,1,2,120,28.3344,29.1678,29.1678
separate-core-cpu48-prefetch,retention,shared-pc:cold,33554432,24,2,8,1,0,120,129.172,145.006,198.341
separate-core-cpu48-prefetch,retention,shared-pc:trained,33554432,24,2,8,1,0,120,28.3344,29.1678,30.0012
separate-core-cpu48-prefetch,retention,shared-pc:hot,33554432,24,2,8,1,0,120,28.3344,28.3344,33.3346
separate-core-cpu48-prefetch,retention,shared-pc:cold,33554432,24,2,8,1,1,120,128.338,145.839,182.507
separate-core-cpu48-prefetch,retention,shared-pc:trained,33554432,24,2,8,1,1,120,28.3344,29.1678,33.3346
separate-core-cpu48-prefetch,retention,shared-pc:hot,33554432,24,2,8,1,1,120,28.3344,28.3344,33.3346
separate-core-cpu48-prefetch,retention,shared-pc:cold,33554432,24,2,8,1,2,120,126.672,144.172,165.006
separate-core-cpu48-prefetch,retention,shared-pc:trained,33554432,24,2,8,1,2,120,28.3344,29.1678,32.5012
separate-core-cpu48-prefetch,retention,shared-pc:hot,33554432,24,2,8,1,2,120,28.3344,28.3344,33.3346
separate-core-cpu48-prefetch,retention,distinct-pc:cold,33554432,24,2,8,1,0,120,126.672,145.006,240.009
separate-core-cpu48-prefetch,retention,distinct-pc:trained,33554432,24,2,8,1,0,120,30.8345,31.6679,150.839
separate-core-cpu48-prefetch,retention,distinct-pc:hot,33554432,24,2,8,1,0,120,28.3344,29.1678,34.168
separate-core-cpu48-prefetch,retention,distinct-pc:cold,33554432,24,2,8,1,1,120,127.505,143.339,164.173
separate-core-cpu48-prefetch,retention,distinct-pc:trained,33554432,24,2,8,1,1,120,30.8345,32.5012,141.672
separate-core-cpu48-prefetch,retention,distinct-pc:hot,33554432,24,2,8,1,1,120,28.3344,29.1678,30.0012
separate-core-cpu48-prefetch,retention,distinct-pc:cold,33554432,24,2,8,1,2,120,129.172,144.172,261.677
separate-core-cpu48-prefetch,retention,distinct-pc:trained,33554432,24,2,8,1,2,120,31.6679,32.5012,155.839
separate-core-cpu48-prefetch,retention,distinct-pc:hot,33554432,24,2,8,1,2,120,28.3344,29.1678,34.168
separate-core-cpu48-prefetch,retention,shared-pc:cold,33554432,32,2,8,1,0,120,127.505,145.839,167.506
separate-core-cpu48-prefetch,retention,shared-pc:trained,33554432,32,2,8,1,0,120,28.3344,29.1678,29.1678
separate-core-cpu48-prefetch,retention,shared-pc:hot,33554432,32,2,8,1,0,120,28.3344,28.3344,30.0012
separate-core-cpu48-prefetch,retention,shared-pc:cold,33554432,32,2,8,1,1,120,126.672,144.172,180.007
separate-core-cpu48-prefetch,retention,shared-pc:trained,33554432,32,2,8,1,1,120,28.3344,29.1678,34.168
separate-core-cpu48-prefetch,retention,shared-pc:hot,33554432,32,2,8,1,1,120,28.3344,28.3344,33.3346
separate-core-cpu48-prefetch,retention,shared-pc:cold,33554432,32,2,8,1,2,120,126.672,145.006,204.174
separate-core-cpu48-prefetch,retention,shared-pc:trained,33554432,32,2,8,1,2,120,28.3344,29.1678,34.168
separate-core-cpu48-prefetch,retention,shared-pc:hot,33554432,32,2,8,1,2,120,28.3344,28.3344,33.3346
separate-core-cpu48-prefetch,retention,distinct-pc:cold,33554432,32,2,8,1,0,120,125.838,145.839,255.843
separate-core-cpu48-prefetch,retention,distinct-pc:trained,33554432,32,2,8,1,0,120,30.8345,32.5012,153.339
separate-core-cpu48-prefetch,retention,distinct-pc:hot,33554432,32,2,8,1,0,120,28.3344,29.1678,30.8345
separate-core-cpu48-prefetch,retention,distinct-pc:cold,33554432,32,2,8,1,1,120,126.672,144.172,162.506
separate-core-cpu48-prefetch,retention,distinct-pc:trained,33554432,32,2,8,1,1,120,30.8345,31.6679,143.339
separate-core-cpu48-prefetch,retention,distinct-pc:hot,33554432,32,2,8,1,1,120,28.3344,29.1678,34.168
separate-core-cpu48-prefetch,retention,distinct-pc:cold,33554432,32,2,8,1,2,120,126.672,141.672,160.006
separate-core-cpu48-prefetch,retention,distinct-pc:trained,33554432,32,2,8,1,2,120,30.8345,31.6679,140.839
separate-core-cpu48-prefetch,retention,distinct-pc:hot,33554432,32,2,8,1,2,120,28.3344,29.1678,30.8345
separate-core-cpu48-prefetch,retention,shared-pc:cold,33554432,48,2,8,1,0,120,128.338,144.172,210.841
separate-core-cpu48-prefetch,retention,shared-pc:trained,33554432,48,2,8,1,0,120,28.3344,29.1678,30.8345
separate-core-cpu48-prefetch,retention,shared-pc:hot,33554432,48,2,8,1,0,120,28.3344,28.3344,29.1678
separate-core-cpu48-prefetch,retention,shared-pc:cold,33554432,48,2,8,1,1,120,128.338,144.172,177.507
separate-core-cpu48-prefetch,retention,shared-pc:trained,33554432,48,2,8,1,1,120,28.3344,29.1678,29.1678
separate-core-cpu48-prefetch,retention,shared-pc:hot,33554432,48,2,8,1,1,120,28.3344,28.3344,29.1678
separate-core-cpu48-prefetch,retention,shared-pc:cold,33554432,48,2,8,1,2,120,127.505,145.839,195.007
separate-core-cpu48-prefetch,retention,shared-pc:trained,33554432,48,2,8,1,2,120,28.3344,29.1678,30.8345
separate-core-cpu48-prefetch,retention,shared-pc:hot,33554432,48,2,8,1,2,120,28.3344,28.3344,32.5012
separate-core-cpu48-prefetch,retention,distinct-pc:cold,33554432,48,2,8,1,0,120,128.338,144.172,160.006
separate-core-cpu48-prefetch,retention,distinct-pc:trained,33554432,48,2,8,1,0,120,30.8345,31.6679,139.172
separate-core-cpu48-prefetch,retention,distinct-pc:hot,33554432,48,2,8,1,0,120,28.3344,29.1678,30.0012
separate-core-cpu48-prefetch,retention,distinct-pc:cold,33554432,48,2,8,1,1,120,127.505,142.505,158.339
separate-core-cpu48-prefetch,retention,distinct-pc:trained,33554432,48,2,8,1,1,120,30.8345,31.6679,153.339
separate-core-cpu48-prefetch,retention,distinct-pc:hot,33554432,48,2,8,1,1,120,28.3344,29.1678,34.168
separate-core-cpu48-prefetch,retention,distinct-pc:cold,33554432,48,2,8,1,2,120,125.838,144.172,238.342
separate-core-cpu48-prefetch,retention,distinct-pc:trained,33554432,48,2,8,1,2,120,30.8345,31.6679,140.839
separate-core-cpu48-prefetch,retention,distinct-pc:hot,33554432,48,2,8,1,2,120,28.3344,29.1678,34.168
separate-core-cpu48-prefetch,retention,shared-pc:cold,33554432,64,2,8,1,0,120,125.838,142.505,160.006
separate-core-cpu48-prefetch,retention,shared-pc:trained,33554432,64,2,8,1,0,120,28.3344,29.1678,30.0012
separate-core-cpu48-prefetch,retention,shared-pc:hot,33554432,64,2,8,1,0,120,28.3344,28.3344,29.1678
separate-core-cpu48-prefetch,retention,shared-pc:cold,33554432,64,2,8,1,1,120,125.838,143.339,187.507
separate-core-cpu48-prefetch,retention,shared-pc:trained,33554432,64,2,8,1,1,120,28.3344,29.1678,33.3346
separate-core-cpu48-prefetch,retention,shared-pc:hot,33554432,64,2,8,1,1,120,28.3344,28.3344,33.3346
separate-core-cpu48-prefetch,retention,shared-pc:cold,33554432,64,2,8,1,2,120,126.672,145.839,214.175
separate-core-cpu48-prefetch,retention,shared-pc:trained,33554432,64,2,8,1,2,120,28.3344,29.1678,33.3346
separate-core-cpu48-prefetch,retention,shared-pc:hot,33554432,64,2,8,1,2,120,28.3344,28.3344,30.0012
separate-core-cpu48-prefetch,retention,distinct-pc:cold,33554432,64,2,8,1,0,120,125.838,144.172,316.679
separate-core-cpu48-prefetch,retention,distinct-pc:trained,33554432,64,2,8,1,0,120,28.3344,29.1678,30.0012
separate-core-cpu48-prefetch,retention,distinct-pc:hot,33554432,64,2,8,1,0,120,28.3344,28.3344,33.3346
separate-core-cpu48-prefetch,retention,distinct-pc:cold,33554432,64,2,8,1,1,120,126.672,144.172,291.678
separate-core-cpu48-prefetch,retention,distinct-pc:trained,33554432,64,2,8,1,1,120,28.3344,29.1678,34.168
separate-core-cpu48-prefetch,retention,distinct-pc:hot,33554432,64,2,8,1,1,120,28.3344,28.3344,33.3346
separate-core-cpu48-prefetch,retention,distinct-pc:cold,33554432,64,2,8,1,2,120,126.672,144.172,291.678
separate-core-cpu48-prefetch,retention,distinct-pc:trained,33554432,64,2,8,1,2,120,28.3344,29.1678,30.8345
separate-core-cpu48-prefetch,retention,distinct-pc:hot,33554432,64,2,8,1,2,120,28.3344,28.3344,33.3346
smt-sibling-cpu96-handoff,handoff,cold,33554432,2,0,0,0,0,120,130.839,153.34,332.515
smt-sibling-cpu96-handoff,handoff,peer-clean,33554432,2,0,0,0,0,120,28.3346,30.0013,34.1682
smt-sibling-cpu96-handoff,handoff,peer-dirty,33554432,2,0,0,0,0,120,28.3346,30.0013,31.6681
smt-sibling-cpu96-handoff,handoff,local-hot,33554432,2,0,0,0,0,120,29.168,30.0013,31.6681
smt-sibling-cpu96-handoff,handoff,cold,33554432,2,0,0,0,1,120,127.506,146.673,205.842
smt-sibling-cpu96-handoff,handoff,peer-clean,33554432,2,0,0,0,1,120,28.3346,30.0013,35.0015
smt-sibling-cpu96-handoff,handoff,peer-dirty,33554432,2,0,0,0,1,120,28.3346,30.0013,31.6681
smt-sibling-cpu96-handoff,handoff,local-hot,33554432,2,0,0,0,1,120,28.3346,29.168,30.8347
smt-sibling-cpu96-handoff,handoff,cold,33554432,2,0,0,0,2,120,128.339,147.506,323.348
smt-sibling-cpu96-handoff,handoff,peer-clean,33554432,2,0,0,0,2,120,27.5012,30.0013,34.1682
smt-sibling-cpu96-handoff,handoff,peer-dirty,33554432,2,0,0,0,2,120,28.3346,30.0013,30.8347
smt-sibling-cpu96-handoff,handoff,local-hot,33554432,2,0,0,0,2,120,28.3346,30.0013,30.8347
smt-sibling-cpu96-handoff,sharing,same-word,1024,2,0,0,0,0,1,6.45467,6.45467,6.45467
smt-sibling-cpu96-handoff,sharing,same-word,1024,2,0,0,0,1,1,6.507,6.507,6.507
smt-sibling-cpu96-handoff,sharing,same-word,1024,2,0,0,0,2,1,6.12381,6.12381,6.12381
smt-sibling-cpu96-handoff,sharing,same-line,1024,2,8,0,0,0,1,6.6563,6.6563,6.6563
smt-sibling-cpu96-handoff,sharing,same-line,1024,2,8,0,0,1,1,6.06653,6.06653,6.06653
smt-sibling-cpu96-handoff,sharing,same-line,1024,2,8,0,0,2,1,5.75268,5.75268,5.75268
smt-sibling-cpu96-handoff,sharing,same-line,1024,2,16,0,0,0,1,6.1311,6.1311,6.1311
smt-sibling-cpu96-handoff,sharing,same-line,1024,2,16,0,0,1,1,6.38381,6.38381,6.38381
smt-sibling-cpu96-handoff,sharing,same-line,1024,2,16,0,0,2,1,6.21804,6.21804,6.21804
smt-sibling-cpu96-handoff,sharing,same-line,1024,2,32,0,0,0,1,6.94251,6.94251,6.94251
smt-sibling-cpu96-handoff,sharing,same-line,1024,2,32,0,0,1,1,6.18972,6.18972,6.18972
smt-sibling-cpu96-handoff,sharing,same-line,1024,2,32,0,0,2,1,6.62961,6.62961,6.62961
smt-sibling-cpu96-handoff,sharing,separate-lines,1024,2,64,0,0,0,1,6.79858,6.79858,6.79858
smt-sibling-cpu96-handoff,sharing,separate-lines,1024,2,64,0,0,1,1,6.55815,6.55815,6.55815
smt-sibling-cpu96-handoff,sharing,separate-lines,1024,2,64,0,0,2,1,6.97579,6.97579,6.97579
smt-sibling-cpu96-handoff,sharing,separate-lines,1024,2,128,0,0,0,1,6.57942,6.57942,6.57942
smt-sibling-cpu96-handoff,sharing,separate-lines,1024,2,128,0,0,1,1,6.58058,6.58058,6.58058
smt-sibling-cpu96-handoff,sharing,separate-lines,1024,2,128,0,0,2,1,6.81973,6.81973,6.81973
smt-sibling-cpu96-handoff,sharing,separate-lines,1024,2,256,0,0,0,1,6.69361,6.69361,6.69361
smt-sibling-cpu96-handoff,sharing,separate-lines,1024,2,256,0,0,1,1,6.64674,6.64674,6.64674
smt-sibling-cpu96-handoff,sharing,separate-lines,1024,2,256,0,0,2,1,6.893,6.893,6.893
smt-sibling-cpu96-handoff,sharing,separate-lines,1024,2,512,0,0,0,1,6.58915,6.58915,6.58915
smt-sibling-cpu96-handoff,sharing,separate-lines,1024,2,512,0,0,1,1,6.66773,6.66773,6.66773
smt-sibling-cpu96-handoff,sharing,separate-lines,1024,2,512,0,0,2,1,6.70419,6.70419,6.70419
smt-sibling-cpu96-compute,mlp,base,16384,1,0,0,0,0,3,1.60411,1.60504,1.60504
smt-sibling-cpu96-compute,mlp,base,16384,1,0,0,0,1,3,1.60179,1.62045,1.62045
smt-sibling-cpu96-compute,mlp,base,16384,1,0,0,0,2,3,1.61885,1.62373,1.62373
smt-sibling-cpu96-compute,mlp,base,16384,2,0,0,0,0,3,0.801559,0.811111,0.811111
smt-sibling-cpu96-compute,mlp,base,16384,2,0,0,0,1,3,0.81096,0.816194,0.816194
smt-sibling-cpu96-compute,mlp,base,16384,2,0,0,0,2,3,0.801508,0.801632,0.801632
smt-sibling-cpu96-compute,mlp,base,16384,4,0,0,0,0,3,0.406903,0.407585,0.407585
smt-sibling-cpu96-compute,mlp,base,16384,4,0,0,0,1,3,0.401241,0.405557,0.405557
smt-sibling-cpu96-compute,mlp,base,16384,4,0,0,0,2,3,0.406495,0.407568,0.407568
smt-sibling-cpu96-compute,mlp,base,16384,8,0,0,0,0,3,0.254373,0.255367,0.255367
smt-sibling-cpu96-compute,mlp,base,16384,8,0,0,0,1,3,0.251843,0.252779,0.252779
smt-sibling-cpu96-compute,mlp,base,16384,8,0,0,0,2,3,0.253781,0.253922,0.253922
smt-sibling-cpu96-compute,mlp,base,16384,12,0,0,0,0,3,0.246441,0.248908,0.248908
smt-sibling-cpu96-compute,mlp,base,16384,12,0,0,0,1,3,0.248998,0.249173,0.249173
smt-sibling-cpu96-compute,mlp,base,16384,12,0,0,0,2,3,0.24809,0.248757,0.248757
smt-sibling-cpu96-compute,mlp,base,16384,16,0,0,0,0,3,0.290996,0.297396,0.297396
smt-sibling-cpu96-compute,mlp,base,16384,16,0,0,0,1,3,0.288866,0.295541,0.295541
smt-sibling-cpu96-compute,mlp,base,16384,16,0,0,0,2,3,0.293866,0.295023,0.295023
smt-sibling-cpu96-compute,mlp,base,16384,24,0,0,0,0,3,0.361996,0.363404,0.363404
smt-sibling-cpu96-compute,mlp,base,16384,24,0,0,0,1,3,0.362927,0.363982,0.363982
smt-sibling-cpu96-compute,mlp,base,16384,24,0,0,0,2,3,0.361179,0.364461,0.364461
smt-sibling-cpu96-compute,mlp,base,16384,32,0,0,0,0,3,0.392347,0.392805,0.392805
smt-sibling-cpu96-compute,mlp,base,16384,32,0,0,0,1,3,0.391354,0.392662,0.392662
smt-sibling-cpu96-compute,mlp,base,16384,32,0,0,0,2,3,0.387034,0.391675,0.391675
smt-sibling-cpu96-compute,mlp,base,16384,48,0,0,0,0,3,0.444746,0.451003,0.451003
smt-sibling-cpu96-compute,mlp,base,16384,48,0,0,0,1,3,0.444848,0.444961,0.444961
smt-sibling-cpu96-compute,mlp,base,16384,48,0,0,0,2,3,0.444763,0.449374,0.449374
smt-sibling-cpu96-compute,mlp,base,16384,64,0,0,0,0,3,0.472333,0.473348,0.473348
smt-sibling-cpu96-compute,mlp,base,16384,64,0,0,0,1,3,0.467557,0.476603,0.476603
smt-sibling-cpu96-compute,mlp,base,16384,64,0,0,0,2,3,0.470854,0.472939,0.472939
smt-sibling-cpu96-compute,mlp,base,524288,1,0,0,0,0,3,5.08185,5.09137,5.09137
smt-sibling-cpu96-compute,mlp,base,524288,1,0,0,0,1,3,5.02777,5.09421,5.09421
smt-sibling-cpu96-compute,mlp,base,524288,1,0,0,0,2,3,5.02984,5.09827,5.09827
smt-sibling-cpu96-compute,mlp,base,524288,2,0,0,0,0,3,2.55022,2.55126,2.55126
smt-sibling-cpu96-compute,mlp,base,524288,2,0,0,0,1,3,2.55387,2.55832,2.55832
smt-sibling-cpu96-compute,mlp,base,524288,2,0,0,0,2,3,2.52348,2.54911,2.54911
smt-sibling-cpu96-compute,mlp,base,524288,4,0,0,0,0,3,1.28399,1.29288,1.29288
smt-sibling-cpu96-compute,mlp,base,524288,4,0,0,0,1,3,1.28008,1.29388,1.29388
smt-sibling-cpu96-compute,mlp,base,524288,4,0,0,0,2,3,1.29302,1.29443,1.29443
smt-sibling-cpu96-compute,mlp,base,524288,8,0,0,0,0,3,0.677885,0.685206,0.685206
smt-sibling-cpu96-compute,mlp,base,524288,8,0,0,0,1,3,0.67807,0.678459,0.678459
smt-sibling-cpu96-compute,mlp,base,524288,8,0,0,0,2,3,0.67753,0.679746,0.679746
smt-sibling-cpu96-compute,mlp,base,524288,12,0,0,0,0,3,0.50279,0.503204,0.503204
smt-sibling-cpu96-compute,mlp,base,524288,12,0,0,0,1,3,0.501967,0.505179,0.505179
smt-sibling-cpu96-compute,mlp,base,524288,12,0,0,0,2,3,0.501753,0.502207,0.502207
smt-sibling-cpu96-compute,mlp,base,524288,16,0,0,0,0,3,0.518787,0.523911,0.523911
smt-sibling-cpu96-compute,mlp,base,524288,16,0,0,0,1,3,0.514947,0.516177,0.516177
smt-sibling-cpu96-compute,mlp,base,524288,16,0,0,0,2,3,0.515672,0.516178,0.516178
smt-sibling-cpu96-compute,mlp,base,524288,24,0,0,0,0,3,0.615608,0.61675,0.61675
smt-sibling-cpu96-compute,mlp,base,524288,24,0,0,0,1,3,0.616984,0.617776,0.617776
smt-sibling-cpu96-compute,mlp,base,524288,24,0,0,0,2,3,0.615625,0.616012,0.616012
smt-sibling-cpu96-compute,mlp,base,524288,32,0,0,0,0,3,0.657941,0.658706,0.658706
smt-sibling-cpu96-compute,mlp,base,524288,32,0,0,0,1,3,0.657968,0.658042,0.658042
smt-sibling-cpu96-compute,mlp,base,524288,32,0,0,0,2,3,0.651411,0.658031,0.658031
smt-sibling-cpu96-compute,mlp,base,524288,48,0,0,0,0,3,0.719694,0.719814,0.719814
smt-sibling-cpu96-compute,mlp,base,524288,48,0,0,0,1,3,0.720621,0.729931,0.729931
smt-sibling-cpu96-compute,mlp,base,524288,48,0,0,0,2,3,0.728846,0.732827,0.732827
smt-sibling-cpu96-compute,mlp,base,524288,64,0,0,0,0,3,0.751787,0.752611,0.752611
smt-sibling-cpu96-compute,mlp,base,524288,64,0,0,0,1,3,0.752083,0.752333,0.752333
smt-sibling-cpu96-compute,mlp,base,524288,64,0,0,0,2,3,0.751535,0.753447,0.753447
smt-sibling-cpu96-compute,mlp,base,8388608,1,0,0,0,0,3,39.798,39.9114,39.9114
smt-sibling-cpu96-compute,mlp,base,8388608,1,0,0,0,1,3,39.9251,39.9978,39.9978
smt-sibling-cpu96-compute,mlp,base,8388608,1,0,0,0,2,3,39.8961,40.0137,40.0137
smt-sibling-cpu96-compute,mlp,base,8388608,2,0,0,0,0,3,20.1859,20.1917,20.1917
smt-sibling-cpu96-compute,mlp,base,8388608,2,0,0,0,1,3,20.1053,20.1142,20.1142
smt-sibling-cpu96-compute,mlp,base,8388608,2,0,0,0,2,3,20.0985,20.1059,20.1059
smt-sibling-cpu96-compute,mlp,base,8388608,4,0,0,0,0,3,10.1376,10.1817,10.1817
smt-sibling-cpu96-compute,mlp,base,8388608,4,0,0,0,1,3,10.1387,10.1614,10.1614
smt-sibling-cpu96-compute,mlp,base,8388608,4,0,0,0,2,3,10.1036,10.1366,10.1366
smt-sibling-cpu96-compute,mlp,base,8388608,8,0,0,0,0,3,5.15626,5.18796,5.18796
smt-sibling-cpu96-compute,mlp,base,8388608,8,0,0,0,1,3,5.17769,5.19525,5.19525
smt-sibling-cpu96-compute,mlp,base,8388608,8,0,0,0,2,3,5.17524,5.1812,5.1812
smt-sibling-cpu96-compute,mlp,base,8388608,12,0,0,0,0,3,3.62101,3.62619,3.62619
smt-sibling-cpu96-compute,mlp,base,8388608,12,0,0,0,1,3,3.60901,3.6202,3.6202
smt-sibling-cpu96-compute,mlp,base,8388608,12,0,0,0,2,3,3.62015,3.62173,3.62173
smt-sibling-cpu96-compute,mlp,base,8388608,16,0,0,0,0,3,3.12762,3.14996,3.14996
smt-sibling-cpu96-compute,mlp,base,8388608,16,0,0,0,1,3,3.13434,3.15202,3.15202
smt-sibling-cpu96-compute,mlp,base,8388608,16,0,0,0,2,3,3.12689,3.13651,3.13651
smt-sibling-cpu96-compute,mlp,base,8388608,24,0,0,0,0,3,3.06264,3.06323,3.06323
smt-sibling-cpu96-compute,mlp,base,8388608,24,0,0,0,1,3,3.06166,3.0648,3.0648
smt-sibling-cpu96-compute,mlp,base,8388608,24,0,0,0,2,3,3.06157,3.06218,3.06218
smt-sibling-cpu96-compute,mlp,base,8388608,32,0,0,0,0,3,3.04648,3.05958,3.05958
smt-sibling-cpu96-compute,mlp,base,8388608,32,0,0,0,1,3,3.05823,3.06268,3.06268
smt-sibling-cpu96-compute,mlp,base,8388608,32,0,0,0,2,3,3.05464,3.06726,3.06726
smt-sibling-cpu96-compute,mlp,base,8388608,48,0,0,0,0,3,3.10027,3.10715,3.10715
smt-sibling-cpu96-compute,mlp,base,8388608,48,0,0,0,1,3,3.09858,3.11267,3.11267
smt-sibling-cpu96-compute,mlp,base,8388608,48,0,0,0,2,3,3.11214,3.11341,3.11341
smt-sibling-cpu96-compute,mlp,base,8388608,64,0,0,0,0,3,3.16584,3.16709,3.16709
smt-sibling-cpu96-compute,mlp,base,8388608,64,0,0,0,1,3,3.16721,3.171,3.171
smt-sibling-cpu96-compute,mlp,base,8388608,64,0,0,0,2,3,3.16981,3.17289,3.17289
smt-sibling-cpu96-compute,mlp,base,268435456,1,0,0,0,0,3,80.7399,81.5113,81.5113
smt-sibling-cpu96-compute,mlp,base,268435456,1,0,0,0,1,3,78.6689,78.7146,78.7146
smt-sibling-cpu96-compute,mlp,base,268435456,1,0,0,0,2,3,79.3283,82.964,82.964
smt-sibling-cpu96-compute,mlp,base,268435456,2,0,0,0,0,3,41.1522,42.0017,42.0017
smt-sibling-cpu96-compute,mlp,base,268435456,2,0,0,0,1,3,42.5785,51.5328,51.5328
smt-sibling-cpu96-compute,mlp,base,268435456,2,0,0,0,2,3,62.1576,64.852,64.852
smt-sibling-cpu96-compute,mlp,base,268435456,4,0,0,0,0,3,32.78,33.0326,33.0326
smt-sibling-cpu96-compute,mlp,base,268435456,4,0,0,0,1,3,32.9283,34.3829,34.3829
smt-sibling-cpu96-compute,mlp,base,268435456,4,0,0,0,2,3,35.431,35.7395,35.7395
smt-sibling-cpu96-compute,mlp,base,268435456,8,0,0,0,0,3,16.6542,17.3693,17.3693
smt-sibling-cpu96-compute,mlp,base,268435456,8,0,0,0,1,3,18.3164,18.4166,18.4166
smt-sibling-cpu96-compute,mlp,base,268435456,8,0,0,0,2,3,18.4628,18.5276,18.5276
smt-sibling-cpu96-compute,mlp,base,268435456,12,0,0,0,0,3,11.7021,12.3498,12.3498
smt-sibling-cpu96-compute,mlp,base,268435456,12,0,0,0,1,3,13.1855,13.1911,13.1911
smt-sibling-cpu96-compute,mlp,base,268435456,12,0,0,0,2,3,13.0998,13.1556,13.1556
smt-sibling-cpu96-compute,mlp,base,268435456,16,0,0,0,0,3,10.1001,11.0482,11.0482
smt-sibling-cpu96-compute,mlp,base,268435456,16,0,0,0,1,3,11.8717,11.8759,11.8759
smt-sibling-cpu96-compute,mlp,base,268435456,16,0,0,0,2,3,10.0538,11.79,11.79
smt-sibling-cpu96-compute,mlp,base,268435456,24,0,0,0,0,3,10.0648,10.6635,10.6635
smt-sibling-cpu96-compute,mlp,base,268435456,24,0,0,0,1,3,11.4158,11.517,11.517
smt-sibling-cpu96-compute,mlp,base,268435456,24,0,0,0,2,3,10.586,11.3579,11.3579
smt-sibling-cpu96-compute,mlp,base,268435456,32,0,0,0,0,3,9.6321,10.5372,10.5372
smt-sibling-cpu96-compute,mlp,base,268435456,32,0,0,0,1,3,11.2497,11.3164,11.3164
smt-sibling-cpu96-compute,mlp,base,268435456,32,0,0,0,2,3,8.82486,11.1572,11.1572
smt-sibling-cpu96-compute,mlp,base,268435456,48,0,0,0,0,3,9.98082,10.8263,10.8263
smt-sibling-cpu96-compute,mlp,base,268435456,48,0,0,0,1,3,11.6295,11.68,11.68
smt-sibling-cpu96-compute,mlp,base,268435456,48,0,0,0,2,3,9.07445,11.5028,11.5028
smt-sibling-cpu96-compute,mlp,base,268435456,64,0,0,0,0,3,10.3068,11.2212,11.2212
smt-sibling-cpu96-compute,mlp,base,268435456,64,0,0,0,1,3,12.1813,12.203,12.203
smt-sibling-cpu96-compute,mlp,base,268435456,64,0,0,0,2,3,9.93766,12.0861,12.0861
smt-sibling-cpu96-stream,mlp,base,16384,1,0,0,0,0,3,1.82581,1.85862,1.85862
smt-sibling-cpu96-stream,mlp,base,16384,1,0,0,0,1,3,2.13741,2.46746,2.46746
smt-sibling-cpu96-stream,mlp,base,16384,1,0,0,0,2,3,5.4982,5.72796,5.72796
smt-sibling-cpu96-stream,mlp,base,16384,2,0,0,0,0,3,1.12261,1.12365,1.12365
smt-sibling-cpu96-stream,mlp,base,16384,2,0,0,0,1,3,1.10673,1.13005,1.13005
smt-sibling-cpu96-stream,mlp,base,16384,2,0,0,0,2,3,1.12103,1.12797,1.12797
smt-sibling-cpu96-stream,mlp,base,16384,4,0,0,0,0,3,0.603918,0.609467,0.609467
smt-sibling-cpu96-stream,mlp,base,16384,4,0,0,0,1,3,0.595977,0.604327,0.604327
smt-sibling-cpu96-stream,mlp,base,16384,4,0,0,0,2,3,0.603909,0.60437,0.60437
smt-sibling-cpu96-stream,mlp,base,16384,8,0,0,0,0,3,0.373813,0.375731,0.375731
smt-sibling-cpu96-stream,mlp,base,16384,8,0,0,0,1,3,0.367845,0.373762,0.373762
smt-sibling-cpu96-stream,mlp,base,16384,8,0,0,0,2,3,0.36987,0.372257,0.372257
smt-sibling-cpu96-stream,mlp,base,16384,12,0,0,0,0,3,0.336229,0.337768,0.337768
smt-sibling-cpu96-stream,mlp,base,16384,12,0,0,0,1,3,0.329629,0.336068,0.336068
smt-sibling-cpu96-stream,mlp,base,16384,12,0,0,0,2,3,0.333912,0.336525,0.336525
smt-sibling-cpu96-stream,mlp,base,16384,16,0,0,0,0,3,0.389399,0.393936,0.393936
smt-sibling-cpu96-stream,mlp,base,16384,16,0,0,0,1,3,0.388484,0.394848,0.394848
smt-sibling-cpu96-stream,mlp,base,16384,16,0,0,0,2,3,0.394617,0.398574,0.398574
smt-sibling-cpu96-stream,mlp,base,16384,24,0,0,0,0,3,0.529534,0.536693,0.536693
smt-sibling-cpu96-stream,mlp,base,16384,24,0,0,0,1,3,0.535139,0.541568,0.541568
smt-sibling-cpu96-stream,mlp,base,16384,24,0,0,0,2,3,0.526851,0.535479,0.535479
smt-sibling-cpu96-stream,mlp,base,16384,32,0,0,0,0,3,0.589164,0.599869,0.599869
smt-sibling-cpu96-stream,mlp,base,16384,32,0,0,0,1,3,0.589363,0.592429,0.592429
smt-sibling-cpu96-stream,mlp,base,16384,32,0,0,0,2,3,0.589001,0.598339,0.598339
smt-sibling-cpu96-stream,mlp,base,16384,48,0,0,0,0,3,0.702648,0.703833,0.703833
smt-sibling-cpu96-stream,mlp,base,16384,48,0,0,0,1,3,0.712899,0.714737,0.714737
smt-sibling-cpu96-stream,mlp,base,16384,48,0,0,0,2,3,0.711491,0.713873,0.713873
smt-sibling-cpu96-stream,mlp,base,16384,64,0,0,0,0,3,0.734199,0.744294,0.744294
smt-sibling-cpu96-stream,mlp,base,16384,64,0,0,0,1,3,0.748339,0.749446,0.749446
smt-sibling-cpu96-stream,mlp,base,16384,64,0,0,0,2,3,0.734479,0.735391,0.735391
smt-sibling-cpu96-stream,mlp,base,524288,1,0,0,0,0,3,46.6933,46.98,46.98
smt-sibling-cpu96-stream,mlp,base,524288,1,0,0,0,1,3,46.8885,47.03,47.03
smt-sibling-cpu96-stream,mlp,base,524288,1,0,0,0,2,3,46.8851,46.8891,46.8891
smt-sibling-cpu96-stream,mlp,base,524288,2,0,0,0,0,3,24.6067,24.6272,24.6272
smt-sibling-cpu96-stream,mlp,base,524288,2,0,0,0,1,3,24.6426,24.7004,24.7004
smt-sibling-cpu96-stream,mlp,base,524288,2,0,0,0,2,3,24.5309,24.6375,24.6375
smt-sibling-cpu96-stream,mlp,base,524288,4,0,0,0,0,3,12.7528,12.8157,12.8157
smt-sibling-cpu96-stream,mlp,base,524288,4,0,0,0,1,3,12.7901,12.8003,12.8003
smt-sibling-cpu96-stream,mlp,base,524288,4,0,0,0,2,3,12.6977,12.7112,12.7112
smt-sibling-cpu96-stream,mlp,base,524288,8,0,0,0,0,3,2.83064,2.84436,2.84436
smt-sibling-cpu96-stream,mlp,base,524288,8,0,0,0,1,3,2.82638,2.84638,2.84638
smt-sibling-cpu96-stream,mlp,base,524288,8,0,0,0,2,3,2.8177,2.84719,2.84719
smt-sibling-cpu96-stream,mlp,base,524288,12,0,0,0,0,3,2.20328,2.20446,2.20446
smt-sibling-cpu96-stream,mlp,base,524288,12,0,0,0,1,3,2.20822,2.20839,2.20839
smt-sibling-cpu96-stream,mlp,base,524288,12,0,0,0,2,3,2.21551,2.22456,2.22456
smt-sibling-cpu96-stream,mlp,base,524288,16,0,0,0,0,3,2.23956,2.24722,2.24722
smt-sibling-cpu96-stream,mlp,base,524288,16,0,0,0,1,3,2.21573,2.24042,2.24042
smt-sibling-cpu96-stream,mlp,base,524288,16,0,0,0,2,3,2.2332,2.25236,2.25236
smt-sibling-cpu96-stream,mlp,base,524288,24,0,0,0,0,3,2.24907,2.26768,2.26768
smt-sibling-cpu96-stream,mlp,base,524288,24,0,0,0,1,3,2.27192,2.28648,2.28648
smt-sibling-cpu96-stream,mlp,base,524288,24,0,0,0,2,3,2.26263,2.26894,2.26894
smt-sibling-cpu96-stream,mlp,base,524288,32,0,0,0,0,3,2.30315,2.32145,2.32145
smt-sibling-cpu96-stream,mlp,base,524288,32,0,0,0,1,3,2.24617,2.28416,2.28416
smt-sibling-cpu96-stream,mlp,base,524288,32,0,0,0,2,3,2.27847,2.29056,2.29056
smt-sibling-cpu96-stream,mlp,base,524288,48,0,0,0,0,3,2.42234,2.45685,2.45685
smt-sibling-cpu96-stream,mlp,base,524288,48,0,0,0,1,3,2.44959,2.45642,2.45642
smt-sibling-cpu96-stream,mlp,base,524288,48,0,0,0,2,3,2.43485,2.45614,2.45614
smt-sibling-cpu96-stream,mlp,base,524288,64,0,0,0,0,3,2.56754,2.57544,2.57544
smt-sibling-cpu96-stream,mlp,base,524288,64,0,0,0,1,3,2.57896,2.5833,2.5833
smt-sibling-cpu96-stream,mlp,base,524288,64,0,0,0,2,3,2.57882,2.59135,2.59135
smt-sibling-cpu96-stream,mlp,base,8388608,1,0,0,0,0,3,63.0902,63.7558,63.7558
smt-sibling-cpu96-stream,mlp,base,8388608,1,0,0,0,1,3,62.6894,63.9426,63.9426
smt-sibling-cpu96-stream,mlp,base,8388608,1,0,0,0,2,3,50.5857,51.4615,51.4615
smt-sibling-cpu96-stream,mlp,base,8388608,2,0,0,0,0,3,31.4167,31.5759,31.5759
smt-sibling-cpu96-stream,mlp,base,8388608,2,0,0,0,1,3,31.2986,31.3193,31.3193
smt-sibling-cpu96-stream,mlp,base,8388608,2,0,0,0,2,3,31.1451,31.3191,31.3191
smt-sibling-cpu96-stream,mlp,base,8388608,4,0,0,0,0,3,15.1603,15.5503,15.5503
smt-sibling-cpu96-stream,mlp,base,8388608,4,0,0,0,1,3,14.8684,14.8953,14.8953
smt-sibling-cpu96-stream,mlp,base,8388608,4,0,0,0,2,3,14.8295,14.8324,14.8324
smt-sibling-cpu96-stream,mlp,base,8388608,8,0,0,0,0,3,8.33191,8.3527,8.3527
smt-sibling-cpu96-stream,mlp,base,8388608,8,0,0,0,1,3,8.29635,8.30454,8.30454
smt-sibling-cpu96-stream,mlp,base,8388608,8,0,0,0,2,3,8.30032,8.31202,8.31202
smt-sibling-cpu96-stream,mlp,base,8388608,12,0,0,0,0,3,6.24021,6.26949,6.26949
smt-sibling-cpu96-stream,mlp,base,8388608,12,0,0,0,1,3,6.25485,6.26941,6.26941
smt-sibling-cpu96-stream,mlp,base,8388608,12,0,0,0,2,3,6.21378,6.26598,6.26598
smt-sibling-cpu96-stream,mlp,base,8388608,16,0,0,0,0,3,6.23033,6.26398,6.26398
smt-sibling-cpu96-stream,mlp,base,8388608,16,0,0,0,1,3,6.19474,6.22547,6.22547
smt-sibling-cpu96-stream,mlp,base,8388608,16,0,0,0,2,3,6.22923,6.24716,6.24716
smt-sibling-cpu96-stream,mlp,base,8388608,24,0,0,0,0,3,5.9963,6.04152,6.04152
smt-sibling-cpu96-stream,mlp,base,8388608,24,0,0,0,1,3,6.01577,6.03182,6.03182
smt-sibling-cpu96-stream,mlp,base,8388608,24,0,0,0,2,3,6.01532,6.02401,6.02401
smt-sibling-cpu96-stream,mlp,base,8388608,32,0,0,0,0,3,5.89104,5.93124,5.93124
smt-sibling-cpu96-stream,mlp,base,8388608,32,0,0,0,1,3,5.8827,5.91161,5.91161
smt-sibling-cpu96-stream,mlp,base,8388608,32,0,0,0,2,3,5.88821,5.91096,5.91096
smt-sibling-cpu96-stream,mlp,base,8388608,48,0,0,0,0,3,6.06278,6.08666,6.08666
smt-sibling-cpu96-stream,mlp,base,8388608,48,0,0,0,1,3,6.03349,6.13186,6.13186
smt-sibling-cpu96-stream,mlp,base,8388608,48,0,0,0,2,3,6.06619,6.08014,6.08014
smt-sibling-cpu96-stream,mlp,base,8388608,64,0,0,0,0,3,6.33291,6.33704,6.33704
smt-sibling-cpu96-stream,mlp,base,8388608,64,0,0,0,1,3,6.30696,6.33516,6.33516
smt-sibling-cpu96-stream,mlp,base,8388608,64,0,0,0,2,3,6.33027,6.3362,6.3362
smt-sibling-cpu96-stream,mlp,base,268435456,1,0,0,0,0,3,199.515,200.963,200.963
smt-sibling-cpu96-stream,mlp,base,268435456,1,0,0,0,1,3,198.817,201.083,201.083
smt-sibling-cpu96-stream,mlp,base,268435456,1,0,0,0,2,3,200.94,201.486,201.486
smt-sibling-cpu96-stream,mlp,base,268435456,2,0,0,0,0,3,103.134,103.276,103.276
smt-sibling-cpu96-stream,mlp,base,268435456,2,0,0,0,1,3,103.772,105.425,105.425
smt-sibling-cpu96-stream,mlp,base,268435456,2,0,0,0,2,3,105.338,105.457,105.457
smt-sibling-cpu96-stream,mlp,base,268435456,4,0,0,0,0,3,53.2371,53.2748,53.2748
smt-sibling-cpu96-stream,mlp,base,268435456,4,0,0,0,1,3,53.769,53.8559,53.8559
smt-sibling-cpu96-stream,mlp,base,268435456,4,0,0,0,2,3,54.1325,54.297,54.297
smt-sibling-cpu96-stream,mlp,base,268435456,8,0,0,0,0,3,27.557,27.5656,27.5656
smt-sibling-cpu96-stream,mlp,base,268435456,8,0,0,0,1,3,27.6617,27.6903,27.6903
smt-sibling-cpu96-stream,mlp,base,268435456,8,0,0,0,2,3,27.748,27.8018,27.8018
smt-sibling-cpu96-stream,mlp,base,268435456,12,0,0,0,0,3,19.9546,19.9689,19.9689
smt-sibling-cpu96-stream,mlp,base,268435456,12,0,0,0,1,3,20.0774,20.0782,20.0782
smt-sibling-cpu96-stream,mlp,base,268435456,12,0,0,0,2,3,20.1045,20.1704,20.1704
smt-sibling-cpu96-stream,mlp,base,268435456,16,0,0,0,0,3,19.393,19.4106,19.4106
smt-sibling-cpu96-stream,mlp,base,268435456,16,0,0,0,1,3,19.3364,19.3712,19.3712
smt-sibling-cpu96-stream,mlp,base,268435456,16,0,0,0,2,3,19.4034,19.4631,19.4631
smt-sibling-cpu96-stream,mlp,base,268435456,24,0,0,0,0,3,19.2233,19.2321,19.2321
smt-sibling-cpu96-stream,mlp,base,268435456,24,0,0,0,1,3,19.2514,19.2999,19.2999
smt-sibling-cpu96-stream,mlp,base,268435456,24,0,0,0,2,3,19.33,19.3571,19.3571
smt-sibling-cpu96-stream,mlp,base,268435456,32,0,0,0,0,3,19.0959,19.2184,19.2184
smt-sibling-cpu96-stream,mlp,base,268435456,32,0,0,0,1,3,19.2326,19.2669,19.2669
smt-sibling-cpu96-stream,mlp,base,268435456,32,0,0,0,2,3,19.2144,19.2153,19.2153
smt-sibling-cpu96-stream,mlp,base,268435456,48,0,0,0,0,3,19.1805,19.2841,19.2841
smt-sibling-cpu96-stream,mlp,base,268435456,48,0,0,0,1,3,19.2496,19.3501,19.3501
smt-sibling-cpu96-stream,mlp,base,268435456,48,0,0,0,2,3,19.4054,19.4072,19.4072
smt-sibling-cpu96-stream,mlp,base,268435456,64,0,0,0,0,3,19.5719,19.631,19.631
smt-sibling-cpu96-stream,mlp,base,268435456,64,0,0,0,1,3,19.7413,19.8298,19.8298
smt-sibling-cpu96-stream,mlp,base,268435456,64,0,0,0,2,3,19.8173,19.8281,19.8281
smt-sibling-cpu96-prefetch,spatial,offset-parity0:cold,33554432,0,1,1,8,0,120,145.839,162.506,215.008
smt-sibling-cpu96-prefetch,spatial,offset-parity0:trained,33554432,0,1,1,8,0,120,29.1677,35.0013,40.0014
smt-sibling-cpu96-prefetch,spatial,offset-parity0:hot,33554432,0,1,1,8,0,120,30.0011,35.0013,39.1681
smt-sibling-cpu96-prefetch,spatial,offset-parity0:cold,33554432,0,1,1,8,1,120,135.838,155.839,209.174
smt-sibling-cpu96-prefetch,spatial,offset-parity0:trained,33554432,0,1,1,8,1,120,25.0009,28.3344,34.1679
smt-sibling-cpu96-prefetch,spatial,offset-parity0:hot,33554432,0,1,1,8,1,120,25.0009,30.0011,35.8346
smt-sibling-cpu96-prefetch,spatial,offset-parity0:cold,33554432,0,1,1,8,2,120,130.838,153.339,241.675
smt-sibling-cpu96-prefetch,spatial,offset-parity0:trained,33554432,0,1,1,8,2,120,25.0009,29.1677,32.5012
smt-sibling-cpu96-prefetch,spatial,offset-parity0:hot,33554432,0,1,1,8,2,120,25.0009,29.1677,32.5012
smt-sibling-cpu96-prefetch,spatial,offset-parity0:cold,33554432,0,1,1,16,0,120,135.005,155.839,175.006
smt-sibling-cpu96-prefetch,spatial,offset-parity0:trained,33554432,0,1,1,16,0,120,25.0009,29.1677,33.3345
smt-sibling-cpu96-prefetch,spatial,offset-parity0:hot,33554432,0,1,1,16,0,120,25.0009,29.1677,33.3345
smt-sibling-cpu96-prefetch,spatial,offset-parity0:cold,33554432,0,1,1,16,1,120,135.838,153.339,257.509
smt-sibling-cpu96-prefetch,spatial,offset-parity0:trained,33554432,0,1,1,16,1,120,25.0009,29.1677,33.3345
smt-sibling-cpu96-prefetch,spatial,offset-parity0:hot,33554432,0,1,1,16,1,120,25.0009,29.1677,32.5012
smt-sibling-cpu96-prefetch,spatial,offset-parity0:cold,33554432,0,1,1,16,2,120,130.005,152.506,190.84
smt-sibling-cpu96-prefetch,spatial,offset-parity0:trained,33554432,0,1,1,16,2,120,25.0009,28.3344,31.6678
smt-sibling-cpu96-prefetch,spatial,offset-parity0:hot,33554432,0,1,1,16,2,120,25.0009,27.501,32.5012
smt-sibling-cpu96-prefetch,spatial,offset-parity0:cold,33554432,0,1,1,32,0,120,137.505,159.172,180.84
smt-sibling-cpu96-prefetch,spatial,offset-parity0:trained,33554432,0,1,1,32,0,120,25.8343,30.0011,33.3345
smt-sibling-cpu96-prefetch,spatial,offset-parity0:hot,33554432,0,1,1,32,0,120,25.8343,29.1677,32.5012
smt-sibling-cpu96-prefetch,spatial,offset-parity0:cold,33554432,0,1,1,32,1,120,135.838,160.006,237.509
smt-sibling-cpu96-prefetch,spatial,offset-parity0:trained,33554432,0,1,1,32,1,120,25.0009,30.0011,33.3345
smt-sibling-cpu96-prefetch,spatial,offset-parity0:hot,33554432,0,1,1,32,1,120,25.8343,30.0011,33.3345
smt-sibling-cpu96-prefetch,spatial,offset-parity0:cold,33554432,0,1,1,32,2,120,136.672,157.506,220.008
smt-sibling-cpu96-prefetch,spatial,offset-parity0:trained,33554432,0,1,1,32,2,120,25.8343,29.1677,34.1679
smt-sibling-cpu96-prefetch,spatial,offset-parity0:hot,33554432,0,1,1,32,2,120,25.8343,29.1677,34.1679
smt-sibling-cpu96-prefetch,spatial,offset-parity0:cold,33554432,0,1,1,64,0,120,130.005,150.005,220.008
smt-sibling-cpu96-prefetch,spatial,offset-parity0:trained,33554432,0,1,1,64,0,120,141.672,160.006,239.175
smt-sibling-cpu96-prefetch,spatial,offset-parity0:hot,33554432,0,1,1,64,0,120,25.8343,30.0011,34.1679
smt-sibling-cpu96-prefetch,spatial,offset-parity0:cold,33554432,0,1,1,64,1,120,134.172,153.339,192.507
smt-sibling-cpu96-prefetch,spatial,offset-parity0:trained,33554432,0,1,1,64,1,120,139.172,156.672,220.008
smt-sibling-cpu96-prefetch,spatial,offset-parity0:hot,33554432,0,1,1,64,1,120,25.0009,30.0011,34.1679
smt-sibling-cpu96-prefetch,spatial,offset-parity0:cold,33554432,0,1,1,64,2,120,138.338,150.839,223.341
smt-sibling-cpu96-prefetch,spatial,offset-parity0:trained,33554432,0,1,1,64,2,120,129.171,156.672,232.508
smt-sibling-cpu96-prefetch,spatial,offset-parity0:hot,33554432,0,1,1,64,2,120,25.8343,28.3344,33.3345
smt-sibling-cpu96-prefetch,spatial,offset-parity0:cold,33554432,0,1,1,128,0,120,129.171,150.839,182.507
smt-sibling-cpu96-prefetch,spatial,offset-parity0:trained,33554432,0,1,1,128,0,120,136.672,154.172,184.173
smt-sibling-cpu96-prefetch,spatial,offset-parity0:hot,33554432,0,1,1,128,0,120,25.8343,29.1677,33.3345
smt-sibling-cpu96-prefetch,spatial,offset-parity0:cold,33554432,0,1,1,128,1,120,139.172,155.006,208.341
smt-sibling-cpu96-prefetch,spatial,offset-parity0:trained,33554432,0,1,1,128,1,120,138.338,158.339,203.341
smt-sibling-cpu96-prefetch,spatial,offset-parity0:hot,33554432,0,1,1,128,1,120,25.8343,31.6678,40.0014
smt-sibling-cpu96-prefetch,spatial,offset-parity0:cold,33554432,0,1,1,128,2,120,140.005,156.672,185.84
smt-sibling-cpu96-prefetch,spatial,offset-parity0:trained,33554432,0,1,1,128,2,120,141.672,164.173,320.012
smt-sibling-cpu96-prefetch,spatial,offset-parity0:hot,33554432,0,1,1,128,2,120,28.3344,34.1679,40.0014
smt-sibling-cpu96-prefetch,spatial,offset-parity0:cold,33554432,0,1,1,256,0,120,136.672,155.839,341.679
smt-sibling-cpu96-prefetch,spatial,offset-parity0:trained,33554432,0,1,1,256,0,120,142.505,159.172,227.508
smt-sibling-cpu96-prefetch,spatial,offset-parity0:hot,33554432,0,1,1,256,0,120,25.8343,30.8344,34.1679
smt-sibling-cpu96-prefetch,spatial,offset-parity0:cold,33554432,0,1,1,256,1,120,138.338,154.172,255.009
smt-sibling-cpu96-prefetch,spatial,offset-parity0:trained,33554432,0,1,1,256,1,120,135.838,154.172,193.34
smt-sibling-cpu96-prefetch,spatial,offset-parity0:hot,33554432,0,1,1,256,1,120,25.8343,30.0011,35.0013
smt-sibling-cpu96-prefetch,spatial,offset-parity0:cold,33554432,0,1,1,256,2,120,133.338,155.839,269.176
smt-sibling-cpu96-prefetch,spatial,offset-parity0:trained,33554432,0,1,1,256,2,120,136.672,156.672,198.341
smt-sibling-cpu96-prefetch,spatial,offset-parity0:hot,33554432,0,1,1,256,2,120,25.8343,29.1677,35.0013
smt-sibling-cpu96-prefetch,adjacent,parity0:cold,33554432,0,1,1,-2,0,120,135.005,151.672,178.34
smt-sibling-cpu96-prefetch,adjacent,parity0:trained,33554432,0,1,1,-2,0,120,138.338,157.506,251.676
smt-sibling-cpu96-prefetch,adjacent,parity0:hot,33554432,0,1,1,-2,0,120,25.8343,29.1677,33.3345
smt-sibling-cpu96-prefetch,adjacent,parity0:cold,33554432,0,1,1,-2,1,120,138.338,154.172,218.341
smt-sibling-cpu96-prefetch,adjacent,parity0:trained,33554432,0,1,1,-2,1,120,134.172,157.506,258.343
smt-sibling-cpu96-prefetch,adjacent,parity0:hot,33554432,0,1,1,-2,1,120,25.0009,29.1677,34.1679
smt-sibling-cpu96-prefetch,adjacent,parity0:cold,33554432,0,1,1,-2,2,120,137.505,154.172,228.342
smt-sibling-cpu96-prefetch,adjacent,parity0:trained,33554432,0,1,1,-2,2,120,136.672,158.339,218.341
smt-sibling-cpu96-prefetch,adjacent,parity0:hot,33554432,0,1,1,-2,2,120,25.8343,29.1677,32.5012
smt-sibling-cpu96-prefetch,adjacent,parity0:cold,33554432,0,1,1,-1,0,120,135.838,153.339,220.008
smt-sibling-cpu96-prefetch,adjacent,parity0:trained,33554432,0,1,1,-1,0,120,135.838,155.006,185.007
smt-sibling-cpu96-prefetch,adjacent,parity0:hot,33554432,0,1,1,-1,0,120,25.0009,30.0011,33.3345
smt-sibling-cpu96-prefetch,adjacent,parity0:cold,33554432,0,1,1,-1,1,120,133.338,154.172,201.674
smt-sibling-cpu96-prefetch,adjacent,parity0:trained,33554432,0,1,1,-1,1,120,136.672,153.339,195.84
smt-sibling-cpu96-prefetch,adjacent,parity0:hot,33554432,0,1,1,-1,1,120,25.0009,29.1677,33.3345
smt-sibling-cpu96-prefetch,adjacent,parity0:cold,33554432,0,1,1,-1,2,120,135.005,155.839,220.841
smt-sibling-cpu96-prefetch,adjacent,parity0:trained,33554432,0,1,1,-1,2,120,134.172,156.672,243.342
smt-sibling-cpu96-prefetch,adjacent,parity0:hot,33554432,0,1,1,-1,2,120,25.8343,29.1677,33.3345
smt-sibling-cpu96-prefetch,adjacent,parity0:cold,33554432,0,1,1,1,0,120,133.338,155.006,179.173
smt-sibling-cpu96-prefetch,adjacent,parity0:trained,33554432,0,1,1,1,0,120,135.005,153.339,174.173
smt-sibling-cpu96-prefetch,adjacent,parity0:hot,33554432,0,1,1,1,0,120,25.0009,29.1677,34.1679
smt-sibling-cpu96-prefetch,adjacent,parity0:cold,33554432,0,1,1,1,1,120,135.005,151.672,245.842
smt-sibling-cpu96-prefetch,adjacent,parity0:trained,33554432,0,1,1,1,1,120,136.672,159.172,273.343
smt-sibling-cpu96-prefetch,adjacent,parity0:hot,33554432,0,1,1,1,1,120,25.8343,30.0011,33.3345
smt-sibling-cpu96-prefetch,adjacent,parity0:cold,33554432,0,1,1,1,2,120,134.172,154.172,233.342
smt-sibling-cpu96-prefetch,adjacent,parity0:trained,33554432,0,1,1,1,2,120,136.672,156.672,190.007
smt-sibling-cpu96-prefetch,adjacent,parity0:hot,33554432,0,1,1,1,2,120,25.8343,30.0011,33.3345
smt-sibling-cpu96-prefetch,adjacent,parity0:cold,33554432,0,1,1,2,0,120,139.172,158.339,180.007
smt-sibling-cpu96-prefetch,adjacent,parity0:trained,33554432,0,1,1,2,0,120,140.838,160.006,206.674
smt-sibling-cpu96-prefetch,adjacent,parity0:hot,33554432,0,1,1,2,0,120,25.8343,32.5012,38.3347
smt-sibling-cpu96-prefetch,adjacent,parity0:cold,33554432,0,1,1,2,1,120,138.338,157.506,195.007
smt-sibling-cpu96-prefetch,adjacent,parity0:trained,33554432,0,1,1,2,1,120,144.172,165.839,216.675
smt-sibling-cpu96-prefetch,adjacent,parity0:hot,33554432,0,1,1,2,1,120,30.0011,36.668,41.6682
smt-sibling-cpu96-prefetch,adjacent,parity0:cold,33554432,0,1,1,2,2,120,140.005,159.172,250.009
smt-sibling-cpu96-prefetch,adjacent,parity0:trained,33554432,0,1,1,2,2,120,141.672,160.839,225.842
smt-sibling-cpu96-prefetch,adjacent,parity0:hot,33554432,0,1,1,2,2,120,26.6676,32.5012,39.1681
smt-sibling-cpu96-prefetch,adjacent,parity0:cold,33554432,0,1,1,4,0,120,133.338,154.172,302.511
smt-sibling-cpu96-prefetch,adjacent,parity0:trained,33554432,0,1,1,4,0,120,139.172,155.839,189.174
smt-sibling-cpu96-prefetch,adjacent,parity0:hot,33554432,0,1,1,4,0,120,25.8343,29.1677,33.3345
smt-sibling-cpu96-prefetch,adjacent,parity0:cold,33554432,0,1,1,4,1,120,138.338,155.839,294.177
smt-sibling-cpu96-prefetch,adjacent,parity0:trained,33554432,0,1,1,4,1,120,138.338,156.672,281.677
smt-sibling-cpu96-prefetch,adjacent,parity0:hot,33554432,0,1,1,4,1,120,25.0009,29.1677,32.5012
smt-sibling-cpu96-prefetch,adjacent,parity0:cold,33554432,0,1,1,4,2,120,137.505,155.839,260.009
smt-sibling-cpu96-prefetch,adjacent,parity0:trained,33554432,0,1,1,4,2,120,136.672,157.506,268.343
smt-sibling-cpu96-prefetch,adjacent,parity0:hot,33554432,0,1,1,4,2,120,25.8343,30.0011,34.1679
smt-sibling-cpu96-prefetch,spatial,offset-parity1:cold,33554432,0,1,1,8,0,120,130.005,153.339,272.51
smt-sibling-cpu96-prefetch,spatial,offset-parity1:trained,33554432,0,1,1,8,0,120,25.0009,28.3344,31.6678
smt-sibling-cpu96-prefetch,spatial,offset-parity1:hot,33554432,0,1,1,8,0,120,25.8343,29.1677,32.5012
smt-sibling-cpu96-prefetch,spatial,offset-parity1:cold,33554432,0,1,1,8,1,120,139.172,158.339,188.34
smt-sibling-cpu96-prefetch,spatial,offset-parity1:trained,33554432,0,1,1,8,1,120,25.8343,29.1677,32.5012
smt-sibling-cpu96-prefetch,spatial,offset-parity1:hot,33554432,0,1,1,8,1,120,25.0009,29.1677,33.3345
smt-sibling-cpu96-prefetch,spatial,offset-parity1:cold,33554432,0,1,1,8,2,120,138.338,154.172,274.177
smt-sibling-cpu96-prefetch,spatial,offset-parity1:trained,33554432,0,1,1,8,2,120,25.0009,29.1677,33.3345
smt-sibling-cpu96-prefetch,spatial,offset-parity1:hot,33554432,0,1,1,8,2,120,25.0009,30.0011,33.3345
smt-sibling-cpu96-prefetch,spatial,offset-parity1:cold,33554432,0,1,1,16,0,120,130.838,151.672,228.342
smt-sibling-cpu96-prefetch,spatial,offset-parity1:trained,33554432,0,1,1,16,0,120,25.0009,29.1677,33.3345
smt-sibling-cpu96-prefetch,spatial,offset-parity1:hot,33554432,0,1,1,16,0,120,25.8343,30.0011,34.1679
smt-sibling-cpu96-prefetch,spatial,offset-parity1:cold,33554432,0,1,1,16,1,120,135.005,152.506,217.508
smt-sibling-cpu96-prefetch,spatial,offset-parity1:trained,33554432,0,1,1,16,1,120,25.8343,29.1677,34.1679
smt-sibling-cpu96-prefetch,spatial,offset-parity1:hot,33554432,0,1,1,16,1,120,25.8343,30.0011,33.3345
smt-sibling-cpu96-prefetch,spatial,offset-parity1:cold,33554432,0,1,1,16,2,120,137.505,155.006,183.34
smt-sibling-cpu96-prefetch,spatial,offset-parity1:trained,33554432,0,1,1,16,2,120,25.0009,29.1677,32.5012
smt-sibling-cpu96-prefetch,spatial,offset-parity1:hot,33554432,0,1,1,16,2,120,25.8343,29.1677,33.3345
smt-sibling-cpu96-prefetch,spatial,offset-parity1:cold,33554432,0,1,1,32,0,120,131.671,157.506,243.342
smt-sibling-cpu96-prefetch,spatial,offset-parity1:trained,33554432,0,1,1,32,0,120,25.0009,29.1677,33.3345
smt-sibling-cpu96-prefetch,spatial,offset-parity1:hot,33554432,0,1,1,32,0,120,25.0009,29.1677,33.3345
smt-sibling-cpu96-prefetch,spatial,offset-parity1:cold,33554432,0,1,1,32,1,120,140.005,159.172,229.175
smt-sibling-cpu96-prefetch,spatial,offset-parity1:trained,33554432,0,1,1,32,1,120,25.0009,30.0011,32.5012
smt-sibling-cpu96-prefetch,spatial,offset-parity1:hot,33554432,0,1,1,32,1,120,25.0009,29.1677,33.3345
smt-sibling-cpu96-prefetch,spatial,offset-parity1:cold,33554432,0,1,1,32,2,120,137.505,159.172,255.843
smt-sibling-cpu96-prefetch,spatial,offset-parity1:trained,33554432,0,1,1,32,2,120,25.8343,28.3344,33.3345
smt-sibling-cpu96-prefetch,spatial,offset-parity1:hot,33554432,0,1,1,32,2,120,25.0009,29.1677,32.5012
smt-sibling-cpu96-prefetch,spatial,offset-parity1:cold,33554432,0,1,1,64,0,120,140.838,156.672,276.677
smt-sibling-cpu96-prefetch,spatial,offset-parity1:trained,33554432,0,1,1,64,0,120,141.672,158.339,197.507
smt-sibling-cpu96-prefetch,spatial,offset-parity1:hot,33554432,0,1,1,64,0,120,25.8343,30.8344,39.1681
smt-sibling-cpu96-prefetch,spatial,offset-parity1:cold,33554432,0,1,1,64,1,120,143.339,160.006,209.174
smt-sibling-cpu96-prefetch,spatial,offset-parity1:trained,33554432,0,1,1,64,1,120,141.672,165.006,236.675
smt-sibling-cpu96-prefetch,spatial,offset-parity1:hot,33554432,0,1,1,64,1,120,30.0011,35.0013,40.0014
smt-sibling-cpu96-prefetch,spatial,offset-parity1:cold,33554432,0,1,1,64,2,120,136.672,155.839,294.177
smt-sibling-cpu96-prefetch,spatial,offset-parity1:trained,33554432,0,1,1,64,2,120,139.172,160.839,191.674
smt-sibling-cpu96-prefetch,spatial,offset-parity1:hot,33554432,0,1,1,64,2,120,25.8343,30.0011,35.0013
smt-sibling-cpu96-prefetch,spatial,offset-parity1:cold,33554432,0,1,1,128,0,120,135.005,155.006,190.84
smt-sibling-cpu96-prefetch,spatial,offset-parity1:trained,33554432,0,1,1,128,0,120,139.172,158.339,247.509
smt-sibling-cpu96-prefetch,spatial,offset-parity1:hot,33554432,0,1,1,128,0,120,25.8343,30.0011,34.1679
smt-sibling-cpu96-prefetch,spatial,offset-parity1:cold,33554432,0,1,1,128,1,120,134.172,155.839,282.51
smt-sibling-cpu96-prefetch,spatial,offset-parity1:trained,33554432,0,1,1,128,1,120,135.838,156.672,207.508
smt-sibling-cpu96-prefetch,spatial,offset-parity1:hot,33554432,0,1,1,128,1,120,25.8343,30.0011,34.1679
smt-sibling-cpu96-prefetch,spatial,offset-parity1:cold,33554432,0,1,1,128,2,120,132.505,153.339,251.676
smt-sibling-cpu96-prefetch,spatial,offset-parity1:trained,33554432,0,1,1,128,2,120,139.172,155.006,273.343
smt-sibling-cpu96-prefetch,spatial,offset-parity1:hot,33554432,0,1,1,128,2,120,25.8343,30.0011,33.3345
smt-sibling-cpu96-prefetch,spatial,offset-parity1:cold,33554432,0,1,1,256,0,120,135.005,155.839,222.508
smt-sibling-cpu96-prefetch,spatial,offset-parity1:trained,33554432,0,1,1,256,0,120,140.005,158.339,219.175
smt-sibling-cpu96-prefetch,spatial,offset-parity1:hot,33554432,0,1,1,256,0,120,25.8343,30.0011,33.3345
smt-sibling-cpu96-prefetch,spatial,offset-parity1:cold,33554432,0,1,1,256,1,120,134.172,151.672,236.675
smt-sibling-cpu96-prefetch,spatial,offset-parity1:trained,33554432,0,1,1,256,1,120,140.005,155.006,186.673
smt-sibling-cpu96-prefetch,spatial,offset-parity1:hot,33554432,0,1,1,256,1,120,25.8343,30.0011,33.3345
smt-sibling-cpu96-prefetch,spatial,offset-parity1:cold,33554432,0,1,1,256,2,120,139.172,155.006,195.84
smt-sibling-cpu96-prefetch,spatial,offset-parity1:trained,33554432,0,1,1,256,2,120,139.172,159.172,220.841
smt-sibling-cpu96-prefetch,spatial,offset-parity1:hot,33554432,0,1,1,256,2,120,25.8343,30.0011,33.3345
smt-sibling-cpu96-prefetch,adjacent,parity1:cold,33554432,0,1,1,-2,0,120,132.505,151.672,175.84
smt-sibling-cpu96-prefetch,adjacent,parity1:trained,33554432,0,1,1,-2,0,120,134.172,152.506,251.676
smt-sibling-cpu96-prefetch,adjacent,parity1:hot,33554432,0,1,1,-2,0,120,25.8343,30.0011,34.1679
smt-sibling-cpu96-prefetch,adjacent,parity1:cold,33554432,0,1,1,-2,1,120,135.005,155.006,240.009
smt-sibling-cpu96-prefetch,adjacent,parity1:trained,33554432,0,1,1,-2,1,120,134.172,156.672,190.007
smt-sibling-cpu96-prefetch,adjacent,parity1:hot,33554432,0,1,1,-2,1,120,25.8343,30.0011,34.1679
smt-sibling-cpu96-prefetch,adjacent,parity1:cold,33554432,0,1,1,-2,2,120,134.172,156.672,262.51
smt-sibling-cpu96-prefetch,adjacent,parity1:trained,33554432,0,1,1,-2,2,120,133.338,155.006,205.841
smt-sibling-cpu96-prefetch,adjacent,parity1:hot,33554432,0,1,1,-2,2,120,25.8343,29.1677,33.3345
smt-sibling-cpu96-prefetch,adjacent,parity1:cold,33554432,0,1,1,-1,0,120,130.838,156.672,188.34
smt-sibling-cpu96-prefetch,adjacent,parity1:trained,33554432,0,1,1,-1,0,120,139.172,157.506,210.841
smt-sibling-cpu96-prefetch,adjacent,parity1:hot,33554432,0,1,1,-1,0,120,25.0009,30.0011,33.3345
smt-sibling-cpu96-prefetch,adjacent,parity1:cold,33554432,0,1,1,-1,1,120,137.505,156.672,269.176
smt-sibling-cpu96-prefetch,adjacent,parity1:trained,33554432,0,1,1,-1,1,120,137.505,155.839,213.341
smt-sibling-cpu96-prefetch,adjacent,parity1:hot,33554432,0,1,1,-1,1,120,25.0009,29.1677,34.1679
smt-sibling-cpu96-prefetch,adjacent,parity1:cold,33554432,0,1,1,-1,2,120,133.338,155.839,278.343
smt-sibling-cpu96-prefetch,adjacent,parity1:trained,33554432,0,1,1,-1,2,120,140.838,158.339,210.841
smt-sibling-cpu96-prefetch,adjacent,parity1:hot,33554432,0,1,1,-1,2,120,25.8343,30.0011,34.1679
smt-sibling-cpu96-prefetch,adjacent,parity1:cold,33554432,0,1,1,1,0,120,142.505,158.339,273.343
smt-sibling-cpu96-prefetch,adjacent,parity1:trained,33554432,0,1,1,1,0,120,142.505,162.506,205.007
smt-sibling-cpu96-prefetch,adjacent,parity1:hot,33554432,0,1,1,1,0,120,28.3344,33.3345,38.3347
smt-sibling-cpu96-prefetch,adjacent,parity1:cold,33554432,0,1,1,1,1,120,135.838,155.006,174.173
smt-sibling-cpu96-prefetch,adjacent,parity1:trained,33554432,0,1,1,1,1,120,140.838,160.006,222.508
smt-sibling-cpu96-prefetch,adjacent,parity1:hot,33554432,0,1,1,1,1,120,25.8343,30.0011,33.3345
smt-sibling-cpu96-prefetch,adjacent,parity1:cold,33554432,0,1,1,1,2,120,134.172,155.006,210.008
smt-sibling-cpu96-prefetch,adjacent,parity1:trained,33554432,0,1,1,1,2,120,139.172,159.172,257.509
smt-sibling-cpu96-prefetch,adjacent,parity1:hot,33554432,0,1,1,1,2,120,25.0009,29.1677,34.1679
smt-sibling-cpu96-prefetch,adjacent,parity1:cold,33554432,0,1,1,2,0,120,132.505,151.672,175.84
smt-sibling-cpu96-prefetch,adjacent,parity1:trained,33554432,0,1,1,2,0,120,134.172,155.839,277.51
smt-sibling-cpu96-prefetch,adjacent,parity1:hot,33554432,0,1,1,2,0,120,25.0009,30.0011,33.3345
smt-sibling-cpu96-prefetch,adjacent,parity1:cold,33554432,0,1,1,2,1,120,134.172,153.339,241.675
smt-sibling-cpu96-prefetch,adjacent,parity1:trained,33554432,0,1,1,2,1,120,139.172,157.506,196.674
smt-sibling-cpu96-prefetch,adjacent,parity1:hot,33554432,0,1,1,2,1,120,25.8343,30.0011,33.3345
smt-sibling-cpu96-prefetch,adjacent,parity1:cold,33554432,0,1,1,2,2,120,132.505,155.006,245.842
smt-sibling-cpu96-prefetch,adjacent,parity1:trained,33554432,0,1,1,2,2,120,137.505,160.006,181.673
smt-sibling-cpu96-prefetch,adjacent,parity1:hot,33554432,0,1,1,2,2,120,25.8343,29.1677,33.3345
smt-sibling-cpu96-prefetch,adjacent,parity1:cold,33554432,0,1,1,4,0,120,135.838,155.006,223.341
smt-sibling-cpu96-prefetch,adjacent,parity1:trained,33554432,0,1,1,4,0,120,135.005,159.172,255.009
smt-sibling-cpu96-prefetch,adjacent,parity1:hot,33554432,0,1,1,4,0,120,25.0009,29.1677,33.3345
smt-sibling-cpu96-prefetch,adjacent,parity1:cold,33554432,0,1,1,4,1,120,131.671,152.506,235.842
smt-sibling-cpu96-prefetch,adjacent,parity1:trained,33554432,0,1,1,4,1,120,138.338,159.172,212.508
smt-sibling-cpu96-prefetch,adjacent,parity1:hot,33554432,0,1,1,4,1,120,25.8343,30.0011,34.1679
smt-sibling-cpu96-prefetch,adjacent,parity1:cold,33554432,0,1,1,4,2,120,135.005,153.339,185.84
smt-sibling-cpu96-prefetch,adjacent,parity1:trained,33554432,0,1,1,4,2,120,139.172,157.506,246.676
smt-sibling-cpu96-prefetch,adjacent,parity1:hot,33554432,0,1,1,4,2,120,25.8343,30.0011,33.3345
smt-sibling-cpu96-prefetch,learning,within-page:cold,33554432,0,1,1,1,0,120,130.838,152.506,181.673
smt-sibling-cpu96-prefetch,learning,within-page:trained,33554432,0,1,1,1,0,120,140.838,160.839,219.175
smt-sibling-cpu96-prefetch,learning,within-page:hot,33554432,0,1,1,1,0,120,26.6676,30.0011,34.1679
smt-sibling-cpu96-prefetch,learning,within-page:cold,33554432,0,1,1,1,1,120,135.838,153.339,240.009
smt-sibling-cpu96-prefetch,learning,within-page:trained,33554432,0,1,1,1,1,120,138.338,160.006,276.677
smt-sibling-cpu96-prefetch,learning,within-page:hot,33554432,0,1,1,1,1,120,25.8343,30.0011,33.3345
smt-sibling-cpu96-prefetch,learning,within-page:cold,33554432,0,1,1,1,2,120,134.172,154.172,180.007
smt-sibling-cpu96-prefetch,learning,within-page:trained,33554432,0,1,1,1,2,120,135.838,159.172,237.509
smt-sibling-cpu96-prefetch,learning,within-page:hot,33554432,0,1,1,1,2,120,25.8343,30.0011,34.1679
smt-sibling-cpu96-prefetch,learning,within-page:cold,33554432,0,1,2,1,0,120,137.505,155.839,232.508
smt-sibling-cpu96-prefetch,learning,within-page:trained,33554432,0,1,2,1,0,120,140.005,158.339,191.674
smt-sibling-cpu96-prefetch,learning,within-page:hot,33554432,0,1,2,1,0,120,25.0009,29.1677,34.1679
smt-sibling-cpu96-prefetch,learning,within-page:cold,33554432,0,1,2,1,1,120,135.838,153.339,225.842
smt-sibling-cpu96-prefetch,learning,within-page:trained,33554432,0,1,2,1,1,120,138.338,159.172,191.674
smt-sibling-cpu96-prefetch,learning,within-page:hot,33554432,0,1,2,1,1,120,25.8343,29.1677,32.5012
smt-sibling-cpu96-prefetch,learning,within-page:cold,33554432,0,1,2,1,2,120,137.505,156.672,236.675
smt-sibling-cpu96-prefetch,learning,within-page:trained,33554432,0,1,2,1,2,120,138.338,160.006,188.34
smt-sibling-cpu96-prefetch,learning,within-page:hot,33554432,0,1,2,1,2,120,25.8343,31.6678,40.8348
smt-sibling-cpu96-prefetch,learning,within-page:cold,33554432,0,1,3,1,0,120,132.505,150.005,270.01
smt-sibling-cpu96-prefetch,learning,within-page:trained,33554432,0,1,3,1,0,120,27.501,145.839,232.508
smt-sibling-cpu96-prefetch,learning,within-page:hot,33554432,0,1,3,1,0,120,25.0009,29.1677,33.3345
smt-sibling-cpu96-prefetch,learning,within-page:cold,33554432,0,1,3,1,1,120,137.505,155.839,262.51
smt-sibling-cpu96-prefetch,learning,within-page:trained,33554432,0,1,3,1,1,120,29.1677,153.339,259.176
smt-sibling-cpu96-prefetch,learning,within-page:hot,33554432,0,1,3,1,1,120,25.8343,30.0011,33.3345
smt-sibling-cpu96-prefetch,learning,within-page:cold,33554432,0,1,3,1,2,120,130.838,151.672,230.008
smt-sibling-cpu96-prefetch,learning,within-page:trained,33554432,0,1,3,1,2,120,30.0011,150.005,189.174
smt-sibling-cpu96-prefetch,learning,within-page:hot,33554432,0,1,3,1,2,120,25.8343,30.0011,34.1679
smt-sibling-cpu96-prefetch,learning,within-page:cold,33554432,0,1,4,1,0,120,131.671,152.506,262.51
smt-sibling-cpu96-prefetch,learning,within-page:trained,33554432,0,1,4,1,0,120,36.668,155.006,187.507
smt-sibling-cpu96-prefetch,learning,within-page:hot,33554432,0,1,4,1,0,120,25.8343,30.8344,36.668
smt-sibling-cpu96-prefetch,learning,within-page:cold,33554432,0,1,4,1,1,120,136.672,157.506,257.509
smt-sibling-cpu96-prefetch,learning,within-page:trained,33554432,0,1,4,1,1,120,30.8344,155.006,191.674
smt-sibling-cpu96-prefetch,learning,within-page:hot,33554432,0,1,4,1,1,120,26.6676,30.8344,37.5014
smt-sibling-cpu96-prefetch,learning,within-page:cold,33554432,0,1,4,1,2,120,132.505,155.006,221.675
smt-sibling-cpu96-prefetch,learning,within-page:trained,33554432,0,1,4,1,2,120,37.5014,155.006,193.34
smt-sibling-cpu96-prefetch,learning,within-page:hot,33554432,0,1,4,1,2,120,25.8343,30.0011,35.8346
smt-sibling-cpu96-prefetch,learning,within-page:cold,33554432,0,1,6,1,0,120,134.172,156.672,192.507
smt-sibling-cpu96-prefetch,learning,within-page:trained,33554432,0,1,6,1,0,120,45.0016,160.839,187.507
smt-sibling-cpu96-prefetch,learning,within-page:hot,33554432,0,1,6,1,0,120,25.8343,30.8344,43.3349
smt-sibling-cpu96-prefetch,learning,within-page:cold,33554432,0,1,6,1,1,120,138.338,156.672,185.007
smt-sibling-cpu96-prefetch,learning,within-page:trained,33554432,0,1,6,1,1,120,44.1683,166.673,195.84
smt-sibling-cpu96-prefetch,learning,within-page:hot,33554432,0,1,6,1,1,120,27.501,32.5012,45.0016
smt-sibling-cpu96-prefetch,learning,within-page:cold,33554432,0,1,6,1,2,120,147.505,165.006,239.175
smt-sibling-cpu96-prefetch,learning,within-page:trained,33554432,0,1,6,1,2,120,50.0018,170.84,215.008
smt-sibling-cpu96-prefetch,learning,within-page:hot,33554432,0,1,6,1,2,120,29.1677,35.8346,50.8352
smt-sibling-cpu96-prefetch,learning,within-page:cold,33554432,0,1,8,1,0,120,139.172,161.673,229.175
smt-sibling-cpu96-prefetch,learning,within-page:trained,33554432,0,1,8,1,0,120,51.6685,170.84,255.843
smt-sibling-cpu96-prefetch,learning,within-page:hot,33554432,0,1,8,1,0,120,29.1677,41.6682,55.8354
smt-sibling-cpu96-prefetch,learning,within-page:cold,33554432,0,1,8,1,1,120,134.172,161.673,265.01
smt-sibling-cpu96-prefetch,learning,within-page:trained,33554432,0,1,8,1,1,120,41.6682,166.673,208.341
smt-sibling-cpu96-prefetch,learning,within-page:hot,33554432,0,1,8,1,1,120,28.3344,39.1681,55.002
smt-sibling-cpu96-prefetch,learning,within-page:cold,33554432,0,1,8,1,2,120,146.672,168.339,254.176
smt-sibling-cpu96-prefetch,learning,within-page:trained,33554432,0,1,8,1,2,120,58.3354,175.84,290.011
smt-sibling-cpu96-prefetch,learning,within-page:hot,33554432,0,1,8,1,2,120,29.1677,38.3347,57.5021
smt-sibling-cpu96-prefetch,learning,within-page:cold,33554432,0,1,12,1,0,120,145.005,169.173,240.842
smt-sibling-cpu96-prefetch,learning,within-page:trained,33554432,0,1,12,1,0,120,42.5015,58.3354,89.1699
smt-sibling-cpu96-prefetch,learning,within-page:hot,33554432,0,1,12,1,0,120,32.5012,45.835,60.0022
smt-sibling-cpu96-prefetch,learning,within-page:cold,33554432,0,1,12,1,1,120,145.005,170.84,235.842
smt-sibling-cpu96-prefetch,learning,within-page:trained,33554432,0,1,12,1,1,120,49.1684,67.5024,160.839
smt-sibling-cpu96-prefetch,learning,within-page:hot,33554432,0,1,12,1,1,120,35.8346,51.6685,63.3356
smt-sibling-cpu96-prefetch,learning,within-page:cold,33554432,0,1,12,1,2,120,141.672,167.506,221.675
smt-sibling-cpu96-prefetch,learning,within-page:trained,33554432,0,1,12,1,2,120,45.0016,62.5023,150.839
smt-sibling-cpu96-prefetch,learning,within-page:hot,33554432,0,1,12,1,2,120,33.3345,45.0016,58.3354
smt-sibling-cpu96-prefetch,learning,within-page:cold,33554432,0,1,16,1,0,120,148.339,169.173,209.174
smt-sibling-cpu96-prefetch,learning,within-page:trained,33554432,0,1,16,1,0,120,42.5015,59.1688,82.503
smt-sibling-cpu96-prefetch,learning,within-page:hot,33554432,0,1,16,1,0,120,35.0013,45.835,60.8355
smt-sibling-cpu96-prefetch,learning,within-page:cold,33554432,0,1,16,1,1,120,150.005,172.506,221.675
smt-sibling-cpu96-prefetch,learning,within-page:trained,33554432,0,1,16,1,1,120,45.835,62.5023,83.3364
smt-sibling-cpu96-prefetch,learning,within-page:hot,33554432,0,1,16,1,1,120,32.5012,45.0016,60.0022
smt-sibling-cpu96-prefetch,learning,within-page:cold,33554432,0,1,16,1,2,120,151.672,170.006,217.508
smt-sibling-cpu96-prefetch,learning,within-page:trained,33554432,0,1,16,1,2,120,42.5015,62.5023,83.3364
smt-sibling-cpu96-prefetch,learning,within-page:hot,33554432,0,1,16,1,2,120,33.3345,45.835,61.6689
smt-sibling-cpu96-prefetch,learning,within-page:cold,33554432,0,2,1,1,0,120,135.005,150.005,259.176
smt-sibling-cpu96-prefetch,learning,within-page:trained,33554432,0,2,1,1,0,120,135.838,155.839,229.175
smt-sibling-cpu96-prefetch,learning,within-page:hot,33554432,0,2,1,1,0,120,25.8343,29.1677,34.1679
smt-sibling-cpu96-prefetch,learning,within-page:cold,33554432,0,2,1,1,1,120,132.505,155.839,245.009
smt-sibling-cpu96-prefetch,learning,within-page:trained,33554432,0,2,1,1,1,120,140.838,156.672,179.173
smt-sibling-cpu96-prefetch,learning,within-page:hot,33554432,0,2,1,1,1,120,25.8343,30.0011,35.0013
smt-sibling-cpu96-prefetch,learning,within-page:cold,33554432,0,2,1,1,2,120,134.172,154.172,176.673
smt-sibling-cpu96-prefetch,learning,within-page:trained,33554432,0,2,1,1,2,120,133.338,155.006,191.674
smt-sibling-cpu96-prefetch,learning,within-page:hot,33554432,0,2,1,1,2,120,25.8343,30.0011,34.1679
smt-sibling-cpu96-prefetch,learning,within-page:cold,33554432,0,2,2,1,0,120,138.338,155.006,182.507
smt-sibling-cpu96-prefetch,learning,within-page:trained,33554432,0,2,2,1,0,120,140.005,159.172,211.674
smt-sibling-cpu96-prefetch,learning,within-page:hot,33554432,0,2,2,1,0,120,25.8343,29.1677,32.5012
smt-sibling-cpu96-prefetch,learning,within-page:cold,33554432,0,2,2,1,1,120,140.005,155.839,295.011
smt-sibling-cpu96-prefetch,learning,within-page:trained,33554432,0,2,2,1,1,120,139.172,157.506,269.176
smt-sibling-cpu96-prefetch,learning,within-page:hot,33554432,0,2,2,1,1,120,25.0009,29.1677,32.5012
smt-sibling-cpu96-prefetch,learning,within-page:cold,33554432,0,2,2,1,2,120,134.172,152.506,203.341
smt-sibling-cpu96-prefetch,learning,within-page:trained,33554432,0,2,2,1,2,120,135.838,156.672,195.007
smt-sibling-cpu96-prefetch,learning,within-page:hot,33554432,0,2,2,1,2,120,25.8343,29.1677,32.5012
smt-sibling-cpu96-prefetch,learning,within-page:cold,33554432,0,2,3,1,0,120,135.838,153.339,240.009
smt-sibling-cpu96-prefetch,learning,within-page:trained,33554432,0,2,3,1,0,120,29.1677,144.172,175.84
smt-sibling-cpu96-prefetch,learning,within-page:hot,33554432,0,2,3,1,0,120,25.8343,29.1677,32.5012
smt-sibling-cpu96-prefetch,learning,within-page:cold,33554432,0,2,3,1,1,120,140.005,162.506,286.677
smt-sibling-cpu96-prefetch,learning,within-page:trained,33554432,0,2,3,1,1,120,38.3347,159.172,238.342
smt-sibling-cpu96-prefetch,learning,within-page:hot,33554432,0,2,3,1,1,120,27.501,33.3345,41.6682
smt-sibling-cpu96-prefetch,learning,within-page:cold,33554432,0,2,3,1,2,120,140.005,158.339,270.01
smt-sibling-cpu96-prefetch,learning,within-page:trained,33554432,0,2,3,1,2,120,33.3345,155.839,185.84
smt-sibling-cpu96-prefetch,learning,within-page:hot,33554432,0,2,3,1,2,120,28.3344,33.3345,39.1681
smt-sibling-cpu96-prefetch,learning,within-page:cold,33554432,0,2,4,1,0,120,136.672,157.506,180.84
smt-sibling-cpu96-prefetch,learning,within-page:trained,33554432,0,2,4,1,0,120,37.5014,159.172,192.507
smt-sibling-cpu96-prefetch,learning,within-page:hot,33554432,0,2,4,1,0,120,25.8343,30.0011,35.8346
smt-sibling-cpu96-prefetch,learning,within-page:cold,33554432,0,2,4,1,1,120,135.838,153.339,222.508
smt-sibling-cpu96-prefetch,learning,within-page:trained,33554432,0,2,4,1,1,120,43.3349,159.172,193.34
smt-sibling-cpu96-prefetch,learning,within-page:hot,33554432,0,2,4,1,1,120,25.8343,30.0011,35.0013
smt-sibling-cpu96-prefetch,learning,within-page:cold,33554432,0,2,4,1,2,120,135.838,153.339,180.007
smt-sibling-cpu96-prefetch,learning,within-page:trained,33554432,0,2,4,1,2,120,36.668,160.839,220.008
smt-sibling-cpu96-prefetch,learning,within-page:hot,33554432,0,2,4,1,2,120,25.8343,30.0011,35.8346
smt-sibling-cpu96-prefetch,learning,within-page:cold,33554432,0,2,6,1,0,120,134.172,158.339,249.176
smt-sibling-cpu96-prefetch,learning,within-page:trained,33554432,0,2,6,1,0,120,48.3351,167.506,205.841
smt-sibling-cpu96-prefetch,learning,within-page:hot,33554432,0,2,6,1,0,120,25.8343,31.6678,42.5015
smt-sibling-cpu96-prefetch,learning,within-page:cold,33554432,0,2,6,1,1,120,135.838,156.672,245.842
smt-sibling-cpu96-prefetch,learning,within-page:trained,33554432,0,2,6,1,1,120,46.6684,167.506,206.674
smt-sibling-cpu96-prefetch,learning,within-page:hot,33554432,0,2,6,1,1,120,26.6676,30.8344,45.0016
smt-sibling-cpu96-prefetch,learning,within-page:cold,33554432,0,2,6,1,2,120,136.672,160.006,265.843
smt-sibling-cpu96-prefetch,learning,within-page:trained,33554432,0,2,6,1,2,120,45.835,168.339,200.841
smt-sibling-cpu96-prefetch,learning,within-page:hot,33554432,0,2,6,1,2,120,26.6676,30.8344,42.5015
smt-sibling-cpu96-prefetch,learning,within-page:cold,33554432,0,2,8,1,0,120,144.172,165.839,241.675
smt-sibling-cpu96-prefetch,learning,within-page:trained,33554432,0,2,8,1,0,120,49.1684,174.173,219.175
smt-sibling-cpu96-prefetch,learning,within-page:hot,33554432,0,2,8,1,0,120,30.0011,40.0014,58.3354
smt-sibling-cpu96-prefetch,learning,within-page:cold,33554432,0,2,8,1,1,120,140.005,158.339,204.174
smt-sibling-cpu96-prefetch,learning,within-page:trained,33554432,0,2,8,1,1,120,44.1683,172.506,243.342
smt-sibling-cpu96-prefetch,learning,within-page:hot,33554432,0,2,8,1,1,120,25.8343,36.668,55.002
smt-sibling-cpu96-prefetch,learning,within-page:cold,33554432,0,2,8,1,2,120,141.672,161.673,230.008
smt-sibling-cpu96-prefetch,learning,within-page:trained,33554432,0,2,8,1,2,120,47.5017,172.506,200.007
smt-sibling-cpu96-prefetch,learning,within-page:hot,33554432,0,2,8,1,2,120,28.3344,35.0013,51.6685
smt-sibling-cpu96-prefetch,learning,within-page:cold,33554432,0,2,12,1,0,120,145.005,170.84,223.341
smt-sibling-cpu96-prefetch,learning,within-page:trained,33554432,0,2,12,1,0,120,43.3349,66.6691,191.674
smt-sibling-cpu96-prefetch,learning,within-page:hot,33554432,0,2,12,1,0,120,32.5012,45.835,59.1688
smt-sibling-cpu96-prefetch,learning,within-page:cold,33554432,0,2,12,1,1,120,147.505,168.339,246.676
smt-sibling-cpu96-prefetch,learning,within-page:trained,33554432,0,2,12,1,1,120,43.3349,65.0024,186.673
smt-sibling-cpu96-prefetch,learning,within-page:hot,33554432,0,2,12,1,1,120,31.6678,46.6684,63.3356
smt-sibling-cpu96-prefetch,learning,within-page:cold,33554432,0,2,12,1,2,120,150.839,170.006,258.343
smt-sibling-cpu96-prefetch,learning,within-page:trained,33554432,0,2,12,1,2,120,43.3349,70.0025,195.84
smt-sibling-cpu96-prefetch,learning,within-page:hot,33554432,0,2,12,1,2,120,31.6678,45.835,60.0022
smt-sibling-cpu96-prefetch,learning,within-page:cold,33554432,0,2,16,1,0,120,146.672,173.34,223.341
smt-sibling-cpu96-prefetch,learning,within-page:trained,33554432,0,2,16,1,0,120,41.6682,65.0024,188.34
smt-sibling-cpu96-prefetch,learning,within-page:hot,33554432,0,2,16,1,0,120,33.3345,47.5017,63.3356
smt-sibling-cpu96-prefetch,learning,within-page:cold,33554432,0,2,16,1,1,120,147.505,170.006,210.841
smt-sibling-cpu96-prefetch,learning,within-page:trained,33554432,0,2,16,1,1,120,45.0016,66.6691,208.341
smt-sibling-cpu96-prefetch,learning,within-page:hot,33554432,0,2,16,1,1,120,34.1679,47.5017,63.3356
smt-sibling-cpu96-prefetch,learning,within-page:cold,33554432,0,2,16,1,2,120,143.339,168.339,287.51
smt-sibling-cpu96-prefetch,learning,within-page:trained,33554432,0,2,16,1,2,120,44.1683,63.3356,190.007
smt-sibling-cpu96-prefetch,learning,within-page:hot,33554432,0,2,16,1,2,120,32.5012,45.835,63.3356
smt-sibling-cpu96-prefetch,learning,within-page:cold,33554432,0,4,1,1,0,120,138.338,154.172,206.674
smt-sibling-cpu96-prefetch,learning,within-page:trained,33554432,0,4,1,1,0,120,140.005,158.339,216.675
smt-sibling-cpu96-prefetch,learning,within-page:hot,33554432,0,4,1,1,0,120,25.0009,29.1677,33.3345
smt-sibling-cpu96-prefetch,learning,within-page:cold,33554432,0,4,1,1,1,120,137.505,157.506,300.844
smt-sibling-cpu96-prefetch,learning,within-page:trained,33554432,0,4,1,1,1,120,143.339,156.672,193.34
smt-sibling-cpu96-prefetch,learning,within-page:hot,33554432,0,4,1,1,1,120,25.8343,30.0011,33.3345
smt-sibling-cpu96-prefetch,learning,within-page:cold,33554432,0,4,1,1,2,120,133.338,151.672,183.34
smt-sibling-cpu96-prefetch,learning,within-page:trained,33554432,0,4,1,1,2,120,142.505,157.506,225.842
smt-sibling-cpu96-prefetch,learning,within-page:hot,33554432,0,4,1,1,2,120,25.8343,30.0011,33.3345
smt-sibling-cpu96-prefetch,learning,within-page:cold,33554432,0,4,2,1,0,120,135.005,156.672,230.842
smt-sibling-cpu96-prefetch,learning,within-page:trained,33554432,0,4,2,1,0,120,139.172,155.839,177.506
smt-sibling-cpu96-prefetch,learning,within-page:hot,33554432,0,4,2,1,0,120,25.8343,29.1677,33.3345
smt-sibling-cpu96-prefetch,learning,within-page:cold,33554432,0,4,2,1,1,120,132.505,153.339,228.342
smt-sibling-cpu96-prefetch,learning,within-page:trained,33554432,0,4,2,1,1,120,141.672,157.506,211.674
smt-sibling-cpu96-prefetch,learning,within-page:hot,33554432,0,4,2,1,1,120,25.8343,30.0011,33.3345
smt-sibling-cpu96-prefetch,learning,within-page:cold,33554432,0,4,2,1,2,120,130.838,155.006,219.175
smt-sibling-cpu96-prefetch,learning,within-page:trained,33554432,0,4,2,1,2,120,142.505,159.172,283.344
smt-sibling-cpu96-prefetch,learning,within-page:hot,33554432,0,4,2,1,2,120,25.8343,29.1677,33.3345
smt-sibling-cpu96-prefetch,learning,within-page:cold,33554432,0,4,3,1,0,120,135.838,155.839,233.342
smt-sibling-cpu96-prefetch,learning,within-page:trained,33554432,0,4,3,1,0,120,29.1677,155.839,217.508
smt-sibling-cpu96-prefetch,learning,within-page:hot,33554432,0,4,3,1,0,120,25.8343,29.1677,33.3345
smt-sibling-cpu96-prefetch,learning,within-page:cold,33554432,0,4,3,1,1,120,134.172,153.339,188.34
smt-sibling-cpu96-prefetch,learning,within-page:trained,33554432,0,4,3,1,1,120,30.0011,155.006,202.507
smt-sibling-cpu96-prefetch,learning,within-page:hot,33554432,0,4,3,1,1,120,25.8343,30.0011,35.0013
smt-sibling-cpu96-prefetch,learning,within-page:cold,33554432,0,4,3,1,2,120,138.338,159.172,233.342
smt-sibling-cpu96-prefetch,learning,within-page:trained,33554432,0,4,3,1,2,120,30.0011,155.006,214.174
smt-sibling-cpu96-prefetch,learning,within-page:hot,33554432,0,4,3,1,2,120,27.501,33.3345,41.6682
smt-sibling-cpu96-prefetch,learning,within-page:cold,33554432,0,4,4,1,0,120,140.838,162.506,193.34
smt-sibling-cpu96-prefetch,learning,within-page:trained,33554432,0,4,4,1,0,120,38.3347,166.673,249.176
smt-sibling-cpu96-prefetch,learning,within-page:hot,33554432,0,4,4,1,0,120,30.0011,35.0013,45.0016
smt-sibling-cpu96-prefetch,learning,within-page:cold,33554432,0,4,4,1,1,120,136.672,154.172,177.506
smt-sibling-cpu96-prefetch,learning,within-page:trained,33554432,0,4,4,1,1,120,40.0014,164.173,277.51
smt-sibling-cpu96-prefetch,learning,within-page:hot,33554432,0,4,4,1,1,120,25.8343,30.0011,35.8346
smt-sibling-cpu96-prefetch,learning,within-page:cold,33554432,0,4,4,1,2,120,135.838,157.506,248.342
smt-sibling-cpu96-prefetch,learning,within-page:trained,33554432,0,4,4,1,2,120,45.835,160.006,231.675
smt-sibling-cpu96-prefetch,learning,within-page:hot,33554432,0,4,4,1,2,120,25.8343,30.0011,36.668
smt-sibling-cpu96-prefetch,learning,within-page:cold,33554432,0,4,6,1,0,120,138.338,160.006,271.677
smt-sibling-cpu96-prefetch,learning,within-page:trained,33554432,0,4,6,1,0,120,43.3349,170.84,261.676
smt-sibling-cpu96-prefetch,learning,within-page:hot,33554432,0,4,6,1,0,120,25.8343,32.5012,43.3349
smt-sibling-cpu96-prefetch,learning,within-page:cold,33554432,0,4,6,1,1,120,133.338,154.172,250.842
smt-sibling-cpu96-prefetch,learning,within-page:trained,33554432,0,4,6,1,1,120,55.002,172.506,274.177
smt-sibling-cpu96-prefetch,learning,within-page:hot,33554432,0,4,6,1,1,120,26.6676,31.6678,45.835
smt-sibling-cpu96-prefetch,learning,within-page:cold,33554432,0,4,6,1,2,120,138.338,160.006,290.011
smt-sibling-cpu96-prefetch,learning,within-page:trained,33554432,0,4,6,1,2,120,45.0016,165.839,201.674
smt-sibling-cpu96-prefetch,learning,within-page:hot,33554432,0,4,6,1,2,120,26.6676,32.5012,48.3351
smt-sibling-cpu96-prefetch,learning,within-page:cold,33554432,0,4,8,1,0,120,140.005,162.506,196.674
smt-sibling-cpu96-prefetch,learning,within-page:trained,33554432,0,4,8,1,0,120,51.6685,173.34,206.674
smt-sibling-cpu96-prefetch,learning,within-page:hot,33554432,0,4,8,1,0,120,27.501,37.5014,56.6687
smt-sibling-cpu96-prefetch,learning,within-page:cold,33554432,0,4,8,1,1,120,142.505,164.173,199.174
smt-sibling-cpu96-prefetch,learning,within-page:trained,33554432,0,4,8,1,1,120,50.0018,168.339,203.341
smt-sibling-cpu96-prefetch,learning,within-page:hot,33554432,0,4,8,1,1,120,29.1677,40.0014,55.8354
smt-sibling-cpu96-prefetch,learning,within-page:cold,33554432,0,4,8,1,2,120,135.005,157.506,187.507
smt-sibling-cpu96-prefetch,learning,within-page:trained,33554432,0,4,8,1,2,120,47.5017,166.673,239.175
smt-sibling-cpu96-prefetch,learning,within-page:hot,33554432,0,4,8,1,2,120,27.501,36.668,52.5019
smt-sibling-cpu96-prefetch,learning,within-page:cold,33554432,0,4,12,1,0,120,142.505,166.673,205.007
smt-sibling-cpu96-prefetch,learning,within-page:trained,33554432,0,4,12,1,0,120,49.1684,175.006,216.675
smt-sibling-cpu96-prefetch,learning,within-page:hot,33554432,0,4,12,1,0,120,31.6678,45.835,61.6689
smt-sibling-cpu96-prefetch,learning,within-page:cold,33554432,0,4,12,1,1,120,141.672,164.173,226.675
smt-sibling-cpu96-prefetch,learning,within-page:trained,33554432,0,4,12,1,1,120,41.6682,160.839,201.674
smt-sibling-cpu96-prefetch,learning,within-page:hot,33554432,0,4,12,1,1,120,31.6678,47.5017,67.5024
smt-sibling-cpu96-prefetch,learning,within-page:cold,33554432,0,4,12,1,2,120,145.005,170.006,218.341
smt-sibling-cpu96-prefetch,learning,within-page:trained,33554432,0,4,12,1,2,120,60.8355,179.173,221.675
smt-sibling-cpu96-prefetch,learning,within-page:hot,33554432,0,4,12,1,2,120,33.3345,48.3351,65.0024
smt-sibling-cpu96-prefetch,learning,within-page:cold,33554432,0,-1,1,1,0,120,138.338,155.006,239.175
smt-sibling-cpu96-prefetch,learning,within-page:trained,33554432,0,-1,1,1,0,120,139.172,159.172,198.341
smt-sibling-cpu96-prefetch,learning,within-page:hot,33554432,0,-1,1,1,0,120,25.8343,30.0011,33.3345
smt-sibling-cpu96-prefetch,learning,within-page:cold,33554432,0,-1,1,1,1,120,135.838,151.672,181.673
smt-sibling-cpu96-prefetch,learning,within-page:trained,33554432,0,-1,1,1,1,120,138.338,156.672,241.675
smt-sibling-cpu96-prefetch,learning,within-page:hot,33554432,0,-1,1,1,1,120,25.8343,30.0011,34.1679
smt-sibling-cpu96-prefetch,learning,within-page:cold,33554432,0,-1,1,1,2,120,134.172,155.839,220.841
smt-sibling-cpu96-prefetch,learning,within-page:trained,33554432,0,-1,1,1,2,120,136.672,156.672,260.009
smt-sibling-cpu96-prefetch,learning,within-page:hot,33554432,0,-1,1,1,2,120,25.8343,30.0011,34.1679
smt-sibling-cpu96-prefetch,learning,within-page:cold,33554432,0,-1,2,1,0,120,132.505,152.506,286.677
smt-sibling-cpu96-prefetch,learning,within-page:trained,33554432,0,-1,2,1,0,120,140.005,160.839,269.176
smt-sibling-cpu96-prefetch,learning,within-page:hot,33554432,0,-1,2,1,0,120,25.8343,30.0011,34.1679
smt-sibling-cpu96-prefetch,learning,within-page:cold,33554432,0,-1,2,1,1,120,134.172,150.839,172.506
smt-sibling-cpu96-prefetch,learning,within-page:trained,33554432,0,-1,2,1,1,120,138.338,155.839,180.007
smt-sibling-cpu96-prefetch,learning,within-page:hot,33554432,0,-1,2,1,1,120,25.0009,30.0011,34.1679
smt-sibling-cpu96-prefetch,learning,within-page:cold,33554432,0,-1,2,1,2,120,140.838,158.339,210.008
smt-sibling-cpu96-prefetch,learning,within-page:trained,33554432,0,-1,2,1,2,120,141.672,159.172,282.51
smt-sibling-cpu96-prefetch,learning,within-page:hot,33554432,0,-1,2,1,2,120,25.8343,30.0011,33.3345
smt-sibling-cpu96-prefetch,learning,within-page:cold,33554432,0,-1,3,1,0,120,135.005,155.839,238.342
smt-sibling-cpu96-prefetch,learning,within-page:trained,33554432,0,-1,3,1,0,120,30.0011,152.506,184.173
smt-sibling-cpu96-prefetch,learning,within-page:hot,33554432,0,-1,3,1,0,120,25.0009,29.1677,34.1679
smt-sibling-cpu96-prefetch,learning,within-page:cold,33554432,0,-1,3,1,1,120,138.338,152.506,237.509
smt-sibling-cpu96-prefetch,learning,within-page:trained,33554432,0,-1,3,1,1,120,30.0011,152.506,188.34
smt-sibling-cpu96-prefetch,learning,within-page:hot,33554432,0,-1,3,1,1,120,25.8343,30.8344,34.1679
smt-sibling-cpu96-prefetch,learning,within-page:cold,33554432,0,-1,3,1,2,120,138.338,160.006,267.51
smt-sibling-cpu96-prefetch,learning,within-page:trained,33554432,0,-1,3,1,2,120,32.5012,160.006,205.007
smt-sibling-cpu96-prefetch,learning,within-page:hot,33554432,0,-1,3,1,2,120,28.3344,33.3345,42.5015
smt-sibling-cpu96-prefetch,learning,within-page:cold,33554432,0,-1,4,1,0,120,144.172,163.339,277.51
smt-sibling-cpu96-prefetch,learning,within-page:trained,33554432,0,-1,4,1,0,120,35.8346,158.339,188.34
smt-sibling-cpu96-prefetch,learning,within-page:hot,33554432,0,-1,4,1,0,120,27.501,37.5014,50.8352
smt-sibling-cpu96-prefetch,learning,within-page:cold,33554432,0,-1,4,1,1,120,134.172,154.172,182.507
smt-sibling-cpu96-prefetch,learning,within-page:trained,33554432,0,-1,4,1,1,120,40.8348,160.839,205.007
smt-sibling-cpu96-prefetch,learning,within-page:hot,33554432,0,-1,4,1,1,120,25.8343,31.6678,43.3349
smt-sibling-cpu96-prefetch,learning,within-page:cold,33554432,0,-1,4,1,2,120,140.005,159.172,272.51
smt-sibling-cpu96-prefetch,learning,within-page:trained,33554432,0,-1,4,1,2,120,34.1679,160.006,195.84
smt-sibling-cpu96-prefetch,learning,within-page:hot,33554432,0,-1,4,1,2,120,26.6676,31.6678,41.6682
smt-sibling-cpu96-prefetch,learning,within-page:cold,33554432,0,-1,6,1,0,120,143.339,163.339,245.842
smt-sibling-cpu96-prefetch,learning,within-page:trained,33554432,0,-1,6,1,0,120,47.5017,170.006,226.675
smt-sibling-cpu96-prefetch,learning,within-page:hot,33554432,0,-1,6,1,0,120,25.8343,34.1679,48.3351
smt-sibling-cpu96-prefetch,learning,within-page:cold,33554432,0,-1,6,1,1,120,138.338,161.673,255.009
smt-sibling-cpu96-prefetch,learning,within-page:trained,33554432,0,-1,6,1,1,120,39.1681,162.506,215.008
smt-sibling-cpu96-prefetch,learning,within-page:hot,33554432,0,-1,6,1,1,120,26.6676,32.5012,50.0018
smt-sibling-cpu96-prefetch,learning,within-page:cold,33554432,0,-1,6,1,2,120,139.172,161.673,222.508
smt-sibling-cpu96-prefetch,learning,within-page:trained,33554432,0,-1,6,1,2,120,39.1681,165.839,213.341
smt-sibling-cpu96-prefetch,learning,within-page:hot,33554432,0,-1,6,1,2,120,27.501,34.1679,49.1684
smt-sibling-cpu96-prefetch,learning,within-page:cold,33554432,0,-1,8,1,0,120,145.005,165.839,206.674
smt-sibling-cpu96-prefetch,learning,within-page:trained,33554432,0,-1,8,1,0,120,53.3353,171.673,216.675
smt-sibling-cpu96-prefetch,learning,within-page:hot,33554432,0,-1,8,1,0,120,30.0011,41.6682,59.1688
smt-sibling-cpu96-prefetch,learning,within-page:cold,33554432,0,-1,8,1,1,120,140.005,160.839,186.673
smt-sibling-cpu96-prefetch,learning,within-page:trained,33554432,0,-1,8,1,1,120,47.5017,170.006,331.679
smt-sibling-cpu96-prefetch,learning,within-page:hot,33554432,0,-1,8,1,1,120,27.501,37.5014,52.5019
smt-sibling-cpu96-prefetch,learning,within-page:cold,33554432,0,-1,8,1,2,120,141.672,164.173,210.008
smt-sibling-cpu96-prefetch,learning,within-page:trained,33554432,0,-1,8,1,2,120,45.0016,170.84,205.007
smt-sibling-cpu96-prefetch,learning,within-page:hot,33554432,0,-1,8,1,2,120,28.3344,39.1681,55.8354
smt-sibling-cpu96-prefetch,learning,within-page:cold,33554432,0,-1,12,1,0,120,145.005,172.506,286.677
smt-sibling-cpu96-prefetch,learning,within-page:trained,33554432,0,-1,12,1,0,120,45.0016,63.3356,147.505
smt-sibling-cpu96-prefetch,learning,within-page:hot,33554432,0,-1,12,1,0,120,32.5012,45.0016,56.6687
smt-sibling-cpu96-prefetch,learning,within-page:cold,33554432,0,-1,12,1,1,120,144.172,170.006,248.342
smt-sibling-cpu96-prefetch,learning,within-page:trained,33554432,0,-1,12,1,1,120,42.5015,60.0022,89.1699
smt-sibling-cpu96-prefetch,learning,within-page:hot,33554432,0,-1,12,1,1,120,30.8344,42.5015,60.0022
smt-sibling-cpu96-prefetch,learning,within-page:cold,33554432,0,-1,12,1,2,120,145.839,173.34,261.676
smt-sibling-cpu96-prefetch,learning,within-page:trained,33554432,0,-1,12,1,2,120,47.5017,67.5024,176.673
smt-sibling-cpu96-prefetch,learning,within-page:hot,33554432,0,-1,12,1,2,120,32.5012,48.3351,66.6691
smt-sibling-cpu96-prefetch,learning,within-page:cold,33554432,0,-1,16,1,0,120,145.839,168.339,199.174
smt-sibling-cpu96-prefetch,learning,within-page:trained,33554432,0,-1,16,1,0,120,40.0014,57.5021,85.8364
smt-sibling-cpu96-prefetch,learning,within-page:hot,33554432,0,-1,16,1,0,120,33.3345,47.5017,62.5023
smt-sibling-cpu96-prefetch,learning,within-page:cold,33554432,0,-1,16,1,1,120,143.339,167.506,245.009
smt-sibling-cpu96-prefetch,learning,within-page:trained,33554432,0,-1,16,1,1,120,41.6682,55.8354,75.0027
smt-sibling-cpu96-prefetch,learning,within-page:hot,33554432,0,-1,16,1,1,120,35.0013,46.6684,59.1688
smt-sibling-cpu96-prefetch,learning,within-page:cold,33554432,0,-1,16,1,2,120,148.339,171.673,241.675
smt-sibling-cpu96-prefetch,learning,within-page:trained,33554432,0,-1,16,1,2,120,42.5015,61.6689,89.1699
smt-sibling-cpu96-prefetch,learning,within-page:hot,33554432,0,-1,16,1,2,120,34.1679,50.8352,65.8357
smt-sibling-cpu96-prefetch,learning,within-page:cold,33554432,0,-2,1,1,0,120,140.005,156.672,185.007
smt-sibling-cpu96-prefetch,learning,within-page:trained,33554432,0,-2,1,1,0,120,135.838,155.006,264.176
smt-sibling-cpu96-prefetch,learning,within-page:hot,33554432,0,-2,1,1,0,120,25.0009,29.1677,34.1679
smt-sibling-cpu96-prefetch,learning,within-page:cold,33554432,0,-2,1,1,1,120,135.005,154.172,193.34
smt-sibling-cpu96-prefetch,learning,within-page:trained,33554432,0,-2,1,1,1,120,139.172,157.506,296.677
smt-sibling-cpu96-prefetch,learning,within-page:hot,33554432,0,-2,1,1,1,120,25.0009,28.3344,33.3345
smt-sibling-cpu96-prefetch,learning,within-page:cold,33554432,0,-2,1,1,2,120,136.672,155.006,192.507
smt-sibling-cpu96-prefetch,learning,within-page:trained,33554432,0,-2,1,1,2,120,138.338,157.506,189.174
smt-sibling-cpu96-prefetch,learning,within-page:hot,33554432,0,-2,1,1,2,120,25.8343,29.1677,33.3345
smt-sibling-cpu96-prefetch,learning,within-page:cold,33554432,0,-2,2,1,0,120,135.838,155.839,222.508
smt-sibling-cpu96-prefetch,learning,within-page:trained,33554432,0,-2,2,1,0,120,139.172,157.506,191.674
smt-sibling-cpu96-prefetch,learning,within-page:hot,33554432,0,-2,2,1,0,120,25.8343,30.0011,34.1679
smt-sibling-cpu96-prefetch,learning,within-page:cold,33554432,0,-2,2,1,1,120,132.505,154.172,220.008
smt-sibling-cpu96-prefetch,learning,within-page:trained,33554432,0,-2,2,1,1,120,138.338,158.339,184.173
smt-sibling-cpu96-prefetch,learning,within-page:hot,33554432,0,-2,2,1,1,120,25.0009,30.0011,34.1679
smt-sibling-cpu96-prefetch,learning,within-page:cold,33554432,0,-2,2,1,2,120,140.838,159.172,265.01
smt-sibling-cpu96-prefetch,learning,within-page:trained,33554432,0,-2,2,1,2,120,136.672,155.839,192.507
smt-sibling-cpu96-prefetch,learning,within-page:hot,33554432,0,-2,2,1,2,120,25.8343,30.0011,36.668
smt-sibling-cpu96-prefetch,learning,within-page:cold,33554432,0,-2,3,1,0,120,137.505,154.172,183.34
smt-sibling-cpu96-prefetch,learning,within-page:trained,33554432,0,-2,3,1,0,120,28.3344,155.839,190.007
smt-sibling-cpu96-prefetch,learning,within-page:hot,33554432,0,-2,3,1,0,120,25.8343,30.0011,35.0013
smt-sibling-cpu96-prefetch,learning,within-page:cold,33554432,0,-2,3,1,1,120,135.005,154.172,190.84
smt-sibling-cpu96-prefetch,learning,within-page:trained,33554432,0,-2,3,1,1,120,30.8344,150.005,196.674
smt-sibling-cpu96-prefetch,learning,within-page:hot,33554432,0,-2,3,1,1,120,25.0009,30.0011,34.1679
smt-sibling-cpu96-prefetch,learning,within-page:cold,33554432,0,-2,3,1,2,120,131.671,153.339,231.675
smt-sibling-cpu96-prefetch,learning,within-page:trained,33554432,0,-2,3,1,2,120,31.6678,152.506,189.174
smt-sibling-cpu96-prefetch,learning,within-page:hot,33554432,0,-2,3,1,2,120,25.8343,30.0011,34.1679
smt-sibling-cpu96-prefetch,learning,within-page:cold,33554432,0,-2,4,1,0,120,146.672,162.506,185.007
smt-sibling-cpu96-prefetch,learning,within-page:trained,33554432,0,-2,4,1,0,120,46.6684,165.839,225.008
smt-sibling-cpu96-prefetch,learning,within-page:hot,33554432,0,-2,4,1,0,120,30.0011,36.668,46.6684
smt-sibling-cpu96-prefetch,learning,within-page:cold,33554432,0,-2,4,1,1,120,139.172,157.506,258.343
smt-sibling-cpu96-prefetch,learning,within-page:trained,33554432,0,-2,4,1,1,120,33.3345,156.672,238.342
smt-sibling-cpu96-prefetch,learning,within-page:hot,33554432,0,-2,4,1,1,120,25.8343,30.0011,35.8346
smt-sibling-cpu96-prefetch,learning,within-page:cold,33554432,0,-2,4,1,2,120,134.172,153.339,182.507
smt-sibling-cpu96-prefetch,learning,within-page:trained,33554432,0,-2,4,1,2,120,39.1681,157.506,205.841
smt-sibling-cpu96-prefetch,learning,within-page:hot,33554432,0,-2,4,1,2,120,25.8343,30.8344,35.8346
smt-sibling-cpu96-prefetch,learning,within-page:cold,33554432,0,-2,6,1,0,120,137.505,157.506,234.175
smt-sibling-cpu96-prefetch,learning,within-page:trained,33554432,0,-2,6,1,0,120,47.5017,170.006,265.843
smt-sibling-cpu96-prefetch,learning,within-page:hot,33554432,0,-2,6,1,0,120,25.8343,31.6678,47.5017
smt-sibling-cpu96-prefetch,learning,within-page:cold,33554432,0,-2,6,1,1,120,135.005,155.839,187.507
smt-sibling-cpu96-prefetch,learning,within-page:trained,33554432,0,-2,6,1,1,120,46.6684,161.673,240.009
smt-sibling-cpu96-prefetch,learning,within-page:hot,33554432,0,-2,6,1,1,120,26.6676,31.6678,47.5017
smt-sibling-cpu96-prefetch,learning,within-page:cold,33554432,0,-2,6,1,2,120,136.672,158.339,181.673
smt-sibling-cpu96-prefetch,learning,within-page:trained,33554432,0,-2,6,1,2,120,40.0014,155.839,193.34
smt-sibling-cpu96-prefetch,learning,within-page:hot,33554432,0,-2,6,1,2,120,26.6676,30.8344,44.1683
smt-sibling-cpu96-prefetch,learning,within-page:cold,33554432,0,-2,8,1,0,120,137.505,160.839,219.175
smt-sibling-cpu96-prefetch,learning,within-page:trained,33554432,0,-2,8,1,0,120,43.3349,164.173,205.007
smt-sibling-cpu96-prefetch,learning,within-page:hot,33554432,0,-2,8,1,0,120,26.6676,38.3347,54.1686
smt-sibling-cpu96-prefetch,learning,within-page:cold,33554432,0,-2,8,1,1,120,145.005,165.839,296.677
smt-sibling-cpu96-prefetch,learning,within-page:trained,33554432,0,-2,8,1,1,120,49.1684,173.34,342.512
smt-sibling-cpu96-prefetch,learning,within-page:hot,33554432,0,-2,8,1,1,120,27.501,38.3347,58.3354
smt-sibling-cpu96-prefetch,learning,within-page:cold,33554432,0,-2,8,1,2,120,140.005,162.506,225.842
smt-sibling-cpu96-prefetch,learning,within-page:trained,33554432,0,-2,8,1,2,120,45.0016,165.839,210.008
smt-sibling-cpu96-prefetch,learning,within-page:hot,33554432,0,-2,8,1,2,120,28.3344,37.5014,60.0022
smt-sibling-cpu96-prefetch,learning,within-page:cold,33554432,0,-2,12,1,0,120,144.172,170.006,210.841
smt-sibling-cpu96-prefetch,learning,within-page:trained,33554432,0,-2,12,1,0,120,42.5015,65.0024,186.673
smt-sibling-cpu96-prefetch,learning,within-page:hot,33554432,0,-2,12,1,0,120,29.1677,42.5015,58.3354
smt-sibling-cpu96-prefetch,learning,within-page:cold,33554432,0,-2,12,1,1,120,143.339,170.006,285.844
smt-sibling-cpu96-prefetch,learning,within-page:trained,33554432,0,-2,12,1,1,120,41.6682,60.8355,175.84
smt-sibling-cpu96-prefetch,learning,within-page:hot,33554432,0,-2,12,1,1,120,28.3344,39.1681,60.0022
smt-sibling-cpu96-prefetch,learning,within-page:cold,33554432,0,-2,12,1,2,120,140.838,169.173,262.51
smt-sibling-cpu96-prefetch,learning,within-page:trained,33554432,0,-2,12,1,2,120,41.6682,62.5023,185.007
smt-sibling-cpu96-prefetch,learning,within-page:hot,33554432,0,-2,12,1,2,120,28.3344,42.5015,59.1688
smt-sibling-cpu96-prefetch,learning,within-page:cold,33554432,0,-2,16,1,0,120,145.005,169.173,234.175
smt-sibling-cpu96-prefetch,learning,within-page:trained,33554432,0,-2,16,1,0,120,45.0016,64.169,191.674
smt-sibling-cpu96-prefetch,learning,within-page:hot,33554432,0,-2,16,1,0,120,33.3345,48.3351,60.0022
smt-sibling-cpu96-prefetch,learning,within-page:cold,33554432,0,-2,16,1,1,120,145.005,170.84,314.178
smt-sibling-cpu96-prefetch,learning,within-page:trained,33554432,0,-2,16,1,1,120,44.1683,63.3356,185.007
smt-sibling-cpu96-prefetch,learning,within-page:hot,33554432,0,-2,16,1,1,120,35.8346,46.6684,61.6689
smt-sibling-cpu96-prefetch,learning,within-page:cold,33554432,0,-2,16,1,2,120,147.505,169.173,250.009
smt-sibling-cpu96-prefetch,learning,within-page:trained,33554432,0,-2,16,1,2,120,44.1683,64.169,166.673
smt-sibling-cpu96-prefetch,learning,within-page:hot,33554432,0,-2,16,1,2,120,33.3345,45.835,60.0022
smt-sibling-cpu96-prefetch,lookahead,within-page:cold,33554432,0,1,8,1,0,120,148.339,170.006,230.842
smt-sibling-cpu96-prefetch,lookahead,within-page:trained,33554432,0,1,8,1,0,120,51.6685,178.34,215.841
smt-sibling-cpu96-prefetch,lookahead,within-page:hot,33554432,0,1,8,1,0,120,30.0011,39.1681,60.0022
smt-sibling-cpu96-prefetch,lookahead,within-page:cold,33554432,0,1,8,1,1,120,140.005,160.006,197.507
smt-sibling-cpu96-prefetch,lookahead,within-page:trained,33554432,0,1,8,1,1,120,45.0016,163.339,277.51
smt-sibling-cpu96-prefetch,lookahead,within-page:hot,33554432,0,1,8,1,1,120,26.6676,39.1681,52.5019
smt-sibling-cpu96-prefetch,lookahead,within-page:cold,33554432,0,1,8,1,2,120,137.505,159.172,195.84
smt-sibling-cpu96-prefetch,lookahead,within-page:trained,33554432,0,1,8,1,2,120,45.835,172.506,272.51
smt-sibling-cpu96-prefetch,lookahead,within-page:hot,33554432,0,1,8,1,2,120,28.3344,35.8346,54.1686
smt-sibling-cpu96-prefetch,lookahead,cross-page:cold,33554432,0,1,8,1,0,120,139.172,166.673,248.342
smt-sibling-cpu96-prefetch,lookahead,cross-page:trained,33554432,0,1,8,1,0,120,44.1683,163.339,215.841
smt-sibling-cpu96-prefetch,lookahead,cross-page:hot,33554432,0,1,8,1,0,120,28.3344,40.8348,55.002
smt-sibling-cpu96-prefetch,lookahead,cross-page:cold,33554432,0,1,8,1,1,120,140.838,163.339,212.508
smt-sibling-cpu96-prefetch,lookahead,cross-page:trained,33554432,0,1,8,1,1,120,46.6684,161.673,208.341
smt-sibling-cpu96-prefetch,lookahead,cross-page:hot,33554432,0,1,8,1,1,120,26.6676,37.5014,50.8352
smt-sibling-cpu96-prefetch,lookahead,cross-page:cold,33554432,0,1,8,1,2,120,140.005,166.673,225.008
smt-sibling-cpu96-prefetch,lookahead,cross-page:trained,33554432,0,1,8,1,2,120,51.6685,174.173,269.176
smt-sibling-cpu96-prefetch,lookahead,cross-page:hot,33554432,0,1,8,1,2,120,30.0011,40.8348,60.0022
smt-sibling-cpu96-prefetch,lookahead,within-page:cold,33554432,0,1,8,2,0,120,142.505,163.339,218.341
smt-sibling-cpu96-prefetch,lookahead,within-page:trained,33554432,0,1,8,2,0,120,154.172,180.007,290.011
smt-sibling-cpu96-prefetch,lookahead,within-page:hot,33554432,0,1,8,2,0,120,26.6676,35.8346,56.6687
smt-sibling-cpu96-prefetch,lookahead,within-page:cold,33554432,0,1,8,2,1,120,140.838,164.173,192.507
smt-sibling-cpu96-prefetch,lookahead,within-page:trained,33554432,0,1,8,2,1,120,150.839,176.673,226.675
smt-sibling-cpu96-prefetch,lookahead,within-page:hot,33554432,0,1,8,2,1,120,27.501,35.8346,52.5019
smt-sibling-cpu96-prefetch,lookahead,within-page:cold,33554432,0,1,8,2,2,120,133.338,161.673,190.84
smt-sibling-cpu96-prefetch,lookahead,within-page:trained,33554432,0,1,8,2,2,120,152.506,177.506,214.174
smt-sibling-cpu96-prefetch,lookahead,within-page:hot,33554432,0,1,8,2,2,120,28.3344,35.8346,55.002
smt-sibling-cpu96-prefetch,lookahead,cross-page:cold,33554432,0,1,8,2,0,120,140.005,165.839,283.344
smt-sibling-cpu96-prefetch,lookahead,cross-page:trained,33554432,0,1,8,2,0,120,151.672,180.84,240.009
smt-sibling-cpu96-prefetch,lookahead,cross-page:hot,33554432,0,1,8,2,0,120,29.1677,39.1681,58.3354
smt-sibling-cpu96-prefetch,lookahead,cross-page:cold,33554432,0,1,8,2,1,120,141.672,165.839,205.841
smt-sibling-cpu96-prefetch,lookahead,cross-page:trained,33554432,0,1,8,2,1,120,162.506,184.173,210.841
smt-sibling-cpu96-prefetch,lookahead,cross-page:hot,33554432,0,1,8,2,1,120,30.0011,39.1681,61.6689
smt-sibling-cpu96-prefetch,lookahead,cross-page:cold,33554432,0,1,8,2,2,120,141.672,165.839,215.841
smt-sibling-cpu96-prefetch,lookahead,cross-page:trained,33554432,0,1,8,2,2,120,158.339,182.507,210.008
smt-sibling-cpu96-prefetch,lookahead,cross-page:hot,33554432,0,1,8,2,2,120,29.1677,37.5014,62.5023
smt-sibling-cpu96-prefetch,lookahead,within-page:cold,33554432,0,1,8,4,0,120,140.838,164.173,285.844
smt-sibling-cpu96-prefetch,lookahead,within-page:trained,33554432,0,1,8,4,0,120,153.339,180.84,283.344
smt-sibling-cpu96-prefetch,lookahead,within-page:hot,33554432,0,1,8,4,0,120,28.3344,38.3347,56.6687
smt-sibling-cpu96-prefetch,lookahead,within-page:cold,33554432,0,1,8,4,1,120,140.838,163.339,268.343
smt-sibling-cpu96-prefetch,lookahead,within-page:trained,33554432,0,1,8,4,1,120,152.506,175.84,277.51
smt-sibling-cpu96-prefetch,lookahead,within-page:hot,33554432,0,1,8,4,1,120,26.6676,34.1679,55.8354
smt-sibling-cpu96-prefetch,lookahead,within-page:cold,33554432,0,1,8,4,2,120,138.338,160.006,208.341
smt-sibling-cpu96-prefetch,lookahead,within-page:trained,33554432,0,1,8,4,2,120,156.672,179.173,344.179
smt-sibling-cpu96-prefetch,lookahead,within-page:hot,33554432,0,1,8,4,2,120,29.1677,36.668,55.8354
smt-sibling-cpu96-prefetch,lookahead,cross-page:cold,33554432,0,1,8,4,0,120,144.172,168.339,224.175
smt-sibling-cpu96-prefetch,lookahead,cross-page:trained,33554432,0,1,8,4,0,120,154.172,182.507,252.509
smt-sibling-cpu96-prefetch,lookahead,cross-page:hot,33554432,0,1,8,4,0,120,29.1677,40.0014,64.169
smt-sibling-cpu96-prefetch,lookahead,cross-page:cold,33554432,0,1,8,4,1,120,142.505,167.506,273.343
smt-sibling-cpu96-prefetch,lookahead,cross-page:trained,33554432,0,1,8,4,1,120,159.172,184.173,216.675
smt-sibling-cpu96-prefetch,lookahead,cross-page:hot,33554432,0,1,8,4,1,120,29.1677,40.8348,59.1688
smt-sibling-cpu96-prefetch,lookahead,cross-page:cold,33554432,0,1,8,4,2,120,135.838,158.339,193.34
smt-sibling-cpu96-prefetch,lookahead,cross-page:trained,33554432,0,1,8,4,2,120,153.339,177.506,211.674
smt-sibling-cpu96-prefetch,lookahead,cross-page:hot,33554432,0,1,8,4,2,120,26.6676,38.3347,53.3353
smt-sibling-cpu96-prefetch,lookahead,within-page:cold,33554432,0,1,8,8,0,120,137.505,159.172,188.34
smt-sibling-cpu96-prefetch,lookahead,within-page:trained,33554432,0,1,8,8,0,120,156.672,176.673,249.176
smt-sibling-cpu96-prefetch,lookahead,within-page:hot,33554432,0,1,8,8,0,120,27.501,36.668,55.002
smt-sibling-cpu96-prefetch,lookahead,within-page:cold,33554432,0,1,8,8,1,120,140.005,165.839,258.343
smt-sibling-cpu96-prefetch,lookahead,within-page:trained,33554432,0,1,8,8,1,120,155.839,173.34,301.678
smt-sibling-cpu96-prefetch,lookahead,within-page:hot,33554432,0,1,8,8,1,120,29.1677,36.668,54.1686
smt-sibling-cpu96-prefetch,lookahead,within-page:cold,33554432,0,1,8,8,2,120,143.339,159.172,201.674
smt-sibling-cpu96-prefetch,lookahead,within-page:trained,33554432,0,1,8,8,2,120,152.506,181.673,348.346
smt-sibling-cpu96-prefetch,lookahead,within-page:hot,33554432,0,1,8,8,2,120,28.3344,38.3347,59.1688
smt-sibling-cpu96-prefetch,lookahead,cross-page:cold,33554432,0,1,8,8,0,120,137.505,160.839,255.843
smt-sibling-cpu96-prefetch,lookahead,cross-page:trained,33554432,0,1,8,8,0,120,150.839,175.006,280.01
smt-sibling-cpu96-prefetch,lookahead,cross-page:hot,33554432,0,1,8,8,0,120,27.501,35.0013,53.3353
smt-sibling-cpu96-prefetch,lookahead,cross-page:cold,33554432,0,1,8,8,1,120,135.838,163.339,199.174
smt-sibling-cpu96-prefetch,lookahead,cross-page:trained,33554432,0,1,8,8,1,120,150.005,177.506,313.345
smt-sibling-cpu96-prefetch,lookahead,cross-page:hot,33554432,0,1,8,8,1,120,28.3344,37.5014,53.3353
smt-sibling-cpu96-prefetch,lookahead,cross-page:cold,33554432,0,1,8,8,2,120,138.338,164.173,280.844
smt-sibling-cpu96-prefetch,lookahead,cross-page:trained,33554432,0,1,8,8,2,120,155.839,179.173,331.679
smt-sibling-cpu96-prefetch,lookahead,cross-page:hot,33554432,0,1,8,8,2,120,27.501,35.8346,53.3353
smt-sibling-cpu96-prefetch,lookahead,within-page:cold,33554432,0,1,8,16,0,120,143.339,163.339,204.174
smt-sibling-cpu96-prefetch,lookahead,within-page:trained,33554432,0,1,8,16,0,120,153.339,176.673,290.844
smt-sibling-cpu96-prefetch,lookahead,within-page:hot,33554432,0,1,8,16,0,120,27.501,38.3347,54.1686
smt-sibling-cpu96-prefetch,lookahead,within-page:cold,33554432,0,1,8,16,1,120,140.005,160.839,196.674
smt-sibling-cpu96-prefetch,lookahead,within-page:trained,33554432,0,1,8,16,1,120,155.839,178.34,304.178
smt-sibling-cpu96-prefetch,lookahead,within-page:hot,33554432,0,1,8,16,1,120,27.501,37.5014,58.3354
smt-sibling-cpu96-prefetch,lookahead,within-page:cold,33554432,0,1,8,16,2,120,139.172,160.839,190.007
smt-sibling-cpu96-prefetch,lookahead,within-page:trained,33554432,0,1,8,16,2,120,154.172,182.507,306.678
smt-sibling-cpu96-prefetch,lookahead,within-page:hot,33554432,0,1,8,16,2,120,27.501,38.3347,57.5021
smt-sibling-cpu96-prefetch,lookahead,cross-page:cold,33554432,0,1,8,16,0,120,139.172,162.506,223.341
smt-sibling-cpu96-prefetch,lookahead,cross-page:trained,33554432,0,1,8,16,0,120,155.006,180.007,229.175
smt-sibling-cpu96-prefetch,lookahead,cross-page:hot,33554432,0,1,8,16,0,120,29.1677,36.668,57.5021
smt-sibling-cpu96-prefetch,lookahead,cross-page:cold,33554432,0,1,8,16,1,120,140.005,165.839,235.842
smt-sibling-cpu96-prefetch,lookahead,cross-page:trained,33554432,0,1,8,16,1,120,157.506,171.673,202.507
smt-sibling-cpu96-prefetch,lookahead,cross-page:hot,33554432,0,1,8,16,1,120,28.3344,43.3349,55.8354
smt-sibling-cpu96-prefetch,lookahead,cross-page:cold,33554432,0,1,8,16,2,120,145.005,166.673,264.176
smt-sibling-cpu96-prefetch,lookahead,cross-page:trained,33554432,0,1,8,16,2,120,156.672,181.673,219.175
smt-sibling-cpu96-prefetch,lookahead,cross-page:hot,33554432,0,1,8,16,2,120,27.501,35.8346,53.3353
smt-sibling-cpu96-prefetch,retention,shared-pc:cold,33554432,0,2,8,1,0,120,151.672,174.173,279.177
smt-sibling-cpu96-prefetch,retention,shared-pc:trained,33554432,0,2,8,1,0,120,38.3347,147.505,196.674
smt-sibling-cpu96-prefetch,retention,shared-pc:hot,33554432,0,2,8,1,0,120,31.6678,45.0016,60.8355
smt-sibling-cpu96-prefetch,retention,shared-pc:cold,33554432,0,2,8,1,1,120,139.172,165.839,299.178
smt-sibling-cpu96-prefetch,retention,shared-pc:trained,33554432,0,2,8,1,1,120,40.0014,147.505,196.674
smt-sibling-cpu96-prefetch,retention,shared-pc:hot,33554432,0,2,8,1,1,120,30.0011,45.835,62.5023
smt-sibling-cpu96-prefetch,retention,shared-pc:cold,33554432,0,2,8,1,2,120,145.005,171.673,287.51
smt-sibling-cpu96-prefetch,retention,shared-pc:trained,33554432,0,2,8,1,2,120,39.1681,64.169,197.507
smt-sibling-cpu96-prefetch,retention,shared-pc:hot,33554432,0,2,8,1,2,120,29.1677,45.0016,58.3354
smt-sibling-cpu96-prefetch,retention,distinct-pc:cold,33554432,0,2,8,1,0,120,144.172,166.673,219.175
smt-sibling-cpu96-prefetch,retention,distinct-pc:trained,33554432,0,2,8,1,0,120,41.6682,142.505,193.34
smt-sibling-cpu96-prefetch,retention,distinct-pc:hot,33554432,0,2,8,1,0,120,28.3344,42.5015,55.8354
smt-sibling-cpu96-prefetch,retention,distinct-pc:cold,33554432,0,2,8,1,1,120,142.505,165.839,206.674
smt-sibling-cpu96-prefetch,retention,distinct-pc:trained,33554432,0,2,8,1,1,120,35.8346,152.506,195.007
smt-sibling-cpu96-prefetch,retention,distinct-pc:hot,33554432,0,2,8,1,1,120,28.3344,45.0016,59.1688
smt-sibling-cpu96-prefetch,retention,distinct-pc:cold,33554432,0,2,8,1,2,120,145.839,175.006,278.343
smt-sibling-cpu96-prefetch,retention,distinct-pc:trained,33554432,0,2,8,1,2,120,43.3349,142.505,203.341
smt-sibling-cpu96-prefetch,retention,distinct-pc:hot,33554432,0,2,8,1,2,120,33.3345,48.3351,64.169
smt-sibling-cpu96-prefetch,retention,shared-pc:cold,33554432,1,2,8,1,0,120,145.839,171.673,216.675
smt-sibling-cpu96-prefetch,retention,shared-pc:trained,33554432,1,2,8,1,0,120,39.1681,61.6689,203.341
smt-sibling-cpu96-prefetch,retention,shared-pc:hot,33554432,1,2,8,1,0,120,39.1681,50.0018,61.6689
smt-sibling-cpu96-prefetch,retention,shared-pc:cold,33554432,1,2,8,1,1,120,149.172,172.506,212.508
smt-sibling-cpu96-prefetch,retention,shared-pc:trained,33554432,1,2,8,1,1,120,42.5015,160.006,211.674
smt-sibling-cpu96-prefetch,retention,shared-pc:hot,33554432,1,2,8,1,1,120,36.668,49.1684,61.6689
smt-sibling-cpu96-prefetch,retention,shared-pc:cold,33554432,1,2,8,1,2,120,150.839,174.173,218.341
smt-sibling-cpu96-prefetch,retention,shared-pc:trained,33554432,1,2,8,1,2,120,40.0014,86.6698,194.174
smt-sibling-cpu96-prefetch,retention,shared-pc:hot,33554432,1,2,8,1,2,120,39.1681,50.8352,65.8357
smt-sibling-cpu96-prefetch,retention,distinct-pc:cold,33554432,1,2,8,1,0,120,146.672,165.839,220.008
smt-sibling-cpu96-prefetch,retention,distinct-pc:trained,33554432,1,2,8,1,0,120,40.0014,141.672,191.674
smt-sibling-cpu96-prefetch,retention,distinct-pc:hot,33554432,1,2,8,1,0,120,38.3347,50.8352,63.3356
smt-sibling-cpu96-prefetch,retention,distinct-pc:cold,33554432,1,2,8,1,1,120,146.672,169.173,211.674
smt-sibling-cpu96-prefetch,retention,distinct-pc:trained,33554432,1,2,8,1,1,120,43.3349,155.839,195.84
smt-sibling-cpu96-prefetch,retention,distinct-pc:hot,33554432,1,2,8,1,1,120,37.5014,48.3351,60.0022
smt-sibling-cpu96-prefetch,retention,distinct-pc:cold,33554432,1,2,8,1,2,120,152.506,174.173,224.175
smt-sibling-cpu96-prefetch,retention,distinct-pc:trained,33554432,1,2,8,1,2,120,40.0014,154.172,201.674
smt-sibling-cpu96-prefetch,retention,distinct-pc:hot,33554432,1,2,8,1,2,120,40.0014,50.8352,62.5023
smt-sibling-cpu96-prefetch,retention,shared-pc:cold,33554432,2,2,8,1,0,120,152.506,171.673,238.342
smt-sibling-cpu96-prefetch,retention,shared-pc:trained,33554432,2,2,8,1,0,120,40.8348,140.005,189.174
smt-sibling-cpu96-prefetch,retention,shared-pc:hot,33554432,2,2,8,1,0,120,35.8346,50.0018,65.0024
smt-sibling-cpu96-prefetch,retention,shared-pc:cold,33554432,2,2,8,1,1,120,155.839,175.84,211.674
smt-sibling-cpu96-prefetch,retention,shared-pc:trained,33554432,2,2,8,1,1,120,40.8348,71.6693,204.174
smt-sibling-cpu96-prefetch,retention,shared-pc:hot,33554432,2,2,8,1,1,120,38.3347,48.3351,63.3356
smt-sibling-cpu96-prefetch,retention,shared-pc:cold,33554432,2,2,8,1,2,120,150.005,171.673,255.843
smt-sibling-cpu96-prefetch,retention,shared-pc:trained,33554432,2,2,8,1,2,120,38.3347,142.505,245.842
smt-sibling-cpu96-prefetch,retention,shared-pc:hot,33554432,2,2,8,1,2,120,38.3347,49.1684,64.169
smt-sibling-cpu96-prefetch,retention,distinct-pc:cold,33554432,2,2,8,1,0,120,151.672,174.173,276.677
smt-sibling-cpu96-prefetch,retention,distinct-pc:trained,33554432,2,2,8,1,0,120,41.6682,77.5028,199.174
smt-sibling-cpu96-prefetch,retention,distinct-pc:hot,33554432,2,2,8,1,0,120,41.6682,50.0018,64.169
smt-sibling-cpu96-prefetch,retention,distinct-pc:cold,33554432,2,2,8,1,1,120,150.839,174.173,235.009
smt-sibling-cpu96-prefetch,retention,distinct-pc:trained,33554432,2,2,8,1,1,120,40.0014,64.169,196.674
smt-sibling-cpu96-prefetch,retention,distinct-pc:hot,33554432,2,2,8,1,1,120,37.5014,49.1684,60.0022
smt-sibling-cpu96-prefetch,retention,distinct-pc:cold,33554432,2,2,8,1,2,120,150.005,171.673,204.174
smt-sibling-cpu96-prefetch,retention,distinct-pc:trained,33554432,2,2,8,1,2,120,38.3347,64.169,200.841
smt-sibling-cpu96-prefetch,retention,distinct-pc:hot,33554432,2,2,8,1,2,120,40.0014,48.3351,60.0022
smt-sibling-cpu96-prefetch,retention,shared-pc:cold,33554432,4,2,8,1,0,120,155.006,175.006,208.341
smt-sibling-cpu96-prefetch,retention,shared-pc:trained,33554432,4,2,8,1,0,120,44.1683,140.838,195.84
smt-sibling-cpu96-prefetch,retention,shared-pc:hot,33554432,4,2,8,1,0,120,39.1681,50.0018,65.0024
smt-sibling-cpu96-prefetch,retention,shared-pc:cold,33554432,4,2,8,1,1,120,154.172,173.34,195.007
smt-sibling-cpu96-prefetch,retention,shared-pc:trained,33554432,4,2,8,1,1,120,42.5015,143.339,200.841
smt-sibling-cpu96-prefetch,retention,shared-pc:hot,33554432,4,2,8,1,1,120,39.1681,50.8352,65.0024
smt-sibling-cpu96-prefetch,retention,shared-pc:cold,33554432,4,2,8,1,2,120,160.839,176.673,210.008
smt-sibling-cpu96-prefetch,retention,shared-pc:trained,33554432,4,2,8,1,2,120,40.8348,153.339,210.008
smt-sibling-cpu96-prefetch,retention,shared-pc:hot,33554432,4,2,8,1,2,120,40.0014,49.1684,65.8357
smt-sibling-cpu96-prefetch,retention,distinct-pc:cold,33554432,4,2,8,1,0,120,150.005,169.173,221.675
smt-sibling-cpu96-prefetch,retention,distinct-pc:trained,33554432,4,2,8,1,0,120,41.6682,158.339,211.674
smt-sibling-cpu96-prefetch,retention,distinct-pc:hot,33554432,4,2,8,1,0,120,38.3347,52.5019,64.169
smt-sibling-cpu96-prefetch,retention,distinct-pc:cold,33554432,4,2,8,1,1,120,153.339,172.506,201.674
smt-sibling-cpu96-prefetch,retention,distinct-pc:trained,33554432,4,2,8,1,1,120,42.5015,76.6694,197.507
smt-sibling-cpu96-prefetch,retention,distinct-pc:hot,33554432,4,2,8,1,1,120,40.8348,51.6685,69.1692
smt-sibling-cpu96-prefetch,retention,distinct-pc:cold,33554432,4,2,8,1,2,120,150.005,175.84,240.842
smt-sibling-cpu96-prefetch,retention,distinct-pc:trained,33554432,4,2,8,1,2,120,42.5015,156.672,193.34
smt-sibling-cpu96-prefetch,retention,distinct-pc:hot,33554432,4,2,8,1,2,120,39.1681,50.8352,63.3356
smt-sibling-cpu96-prefetch,retention,shared-pc:cold,33554432,8,2,8,1,0,120,149.172,175.006,213.341
smt-sibling-cpu96-prefetch,retention,shared-pc:trained,33554432,8,2,8,1,0,120,43.3349,155.839,203.341
smt-sibling-cpu96-prefetch,retention,shared-pc:hot,33554432,8,2,8,1,0,120,39.1681,52.5019,65.0024
smt-sibling-cpu96-prefetch,retention,shared-pc:cold,33554432,8,2,8,1,1,120,154.172,175.006,260.009
smt-sibling-cpu96-prefetch,retention,shared-pc:trained,33554432,8,2,8,1,1,120,41.6682,161.673,200.007
smt-sibling-cpu96-prefetch,retention,shared-pc:hot,33554432,8,2,8,1,1,120,40.0014,52.5019,63.3356
smt-sibling-cpu96-prefetch,retention,shared-pc:cold,33554432,8,2,8,1,2,120,154.172,176.673,292.511
smt-sibling-cpu96-prefetch,retention,shared-pc:trained,33554432,8,2,8,1,2,120,43.3349,147.505,204.174
smt-sibling-cpu96-prefetch,retention,shared-pc:hot,33554432,8,2,8,1,2,120,40.0014,53.3353,65.0024
smt-sibling-cpu96-prefetch,retention,distinct-pc:cold,33554432,8,2,8,1,0,120,150.005,171.673,272.51
smt-sibling-cpu96-prefetch,retention,distinct-pc:trained,33554432,8,2,8,1,0,120,50.8352,162.506,233.342
smt-sibling-cpu96-prefetch,retention,distinct-pc:hot,33554432,8,2,8,1,0,120,40.8348,51.6685,64.169
smt-sibling-cpu96-prefetch,retention,distinct-pc:cold,33554432,8,2,8,1,1,120,150.839,173.34,281.677
smt-sibling-cpu96-prefetch,retention,distinct-pc:trained,33554432,8,2,8,1,1,120,44.1683,170.84,209.174
smt-sibling-cpu96-prefetch,retention,distinct-pc:hot,33554432,8,2,8,1,1,120,40.8348,50.0018,65.0024
smt-sibling-cpu96-prefetch,retention,distinct-pc:cold,33554432,8,2,8,1,2,120,151.672,175.84,235.009
smt-sibling-cpu96-prefetch,retention,distinct-pc:trained,33554432,8,2,8,1,2,120,45.0016,159.172,190.84
smt-sibling-cpu96-prefetch,retention,distinct-pc:hot,33554432,8,2,8,1,2,120,41.6682,54.1686,66.6691
smt-sibling-cpu96-prefetch,retention,shared-pc:cold,33554432,12,2,8,1,0,120,148.339,171.673,205.007
smt-sibling-cpu96-prefetch,retention,shared-pc:trained,33554432,12,2,8,1,0,120,45.835,169.173,193.34
smt-sibling-cpu96-prefetch,retention,shared-pc:hot,33554432,12,2,8,1,0,120,41.6682,52.5019,65.8357
smt-sibling-cpu96-prefetch,retention,shared-pc:cold,33554432,12,2,8,1,1,120,155.839,173.34,210.841
smt-sibling-cpu96-prefetch,retention,shared-pc:trained,33554432,12,2,8,1,1,120,43.3349,150.005,208.341
smt-sibling-cpu96-prefetch,retention,shared-pc:hot,33554432,12,2,8,1,1,120,39.1681,50.0018,63.3356
smt-sibling-cpu96-prefetch,retention,shared-pc:cold,33554432,12,2,8,1,2,120,154.172,176.673,230.842
smt-sibling-cpu96-prefetch,retention,shared-pc:trained,33554432,12,2,8,1,2,120,41.6682,161.673,199.174
smt-sibling-cpu96-prefetch,retention,shared-pc:hot,33554432,12,2,8,1,2,120,40.8348,50.8352,61.6689
smt-sibling-cpu96-prefetch,retention,distinct-pc:cold,33554432,12,2,8,1,0,120,152.506,173.34,220.008
smt-sibling-cpu96-prefetch,retention,distinct-pc:trained,33554432,12,2,8,1,0,120,45.835,166.673,199.174
smt-sibling-cpu96-prefetch,retention,distinct-pc:hot,33554432,12,2,8,1,0,120,40.0014,51.6685,66.6691
smt-sibling-cpu96-prefetch,retention,distinct-pc:cold,33554432,12,2,8,1,1,120,152.506,172.506,206.674
smt-sibling-cpu96-prefetch,retention,distinct-pc:trained,33554432,12,2,8,1,1,120,45.0016,175.006,211.674
smt-sibling-cpu96-prefetch,retention,distinct-pc:hot,33554432,12,2,8,1,1,120,43.3349,52.5019,61.6689
smt-sibling-cpu96-prefetch,retention,distinct-pc:cold,33554432,12,2,8,1,2,120,148.339,171.673,276.677
smt-sibling-cpu96-prefetch,retention,distinct-pc:trained,33554432,12,2,8,1,2,120,46.6684,167.506,210.841
smt-sibling-cpu96-prefetch,retention,distinct-pc:hot,33554432,12,2,8,1,2,120,42.5015,54.1686,64.169
smt-sibling-cpu96-prefetch,retention,shared-pc:cold,33554432,16,2,8,1,0,120,162.506,178.34,281.677
smt-sibling-cpu96-prefetch,retention,shared-pc:trained,33554432,16,2,8,1,0,120,45.0016,168.339,207.508
smt-sibling-cpu96-prefetch,retention,shared-pc:hot,33554432,16,2,8,1,0,120,43.3349,54.1686,65.8357
smt-sibling-cpu96-prefetch,retention,shared-pc:cold,33554432,16,2,8,1,1,120,155.839,176.673,312.511
smt-sibling-cpu96-prefetch,retention,shared-pc:trained,33554432,16,2,8,1,1,120,43.3349,156.672,200.007
smt-sibling-cpu96-prefetch,retention,shared-pc:hot,33554432,16,2,8,1,1,120,41.6682,52.5019,65.0024
smt-sibling-cpu96-prefetch,retention,shared-pc:cold,33554432,16,2,8,1,2,120,160.006,178.34,224.175
smt-sibling-cpu96-prefetch,retention,shared-pc:trained,33554432,16,2,8,1,2,120,46.6684,158.339,208.341
smt-sibling-cpu96-prefetch,retention,shared-pc:hot,33554432,16,2,8,1,2,120,40.8348,50.8352,62.5023
smt-sibling-cpu96-prefetch,retention,distinct-pc:cold,33554432,16,2,8,1,0,120,148.339,168.339,205.841
smt-sibling-cpu96-prefetch,retention,distinct-pc:trained,33554432,16,2,8,1,0,120,151.672,181.673,245.009
smt-sibling-cpu96-prefetch,retention,distinct-pc:hot,33554432,16,2,8,1,0,120,43.3349,53.3353,65.8357
smt-sibling-cpu96-prefetch,retention,distinct-pc:cold,33554432,16,2,8,1,1,120,150.005,173.34,235.009
smt-sibling-cpu96-prefetch,retention,distinct-pc:trained,33554432,16,2,8,1,1,120,154.172,175.84,240.842
smt-sibling-cpu96-prefetch,retention,distinct-pc:hot,33554432,16,2,8,1,1,120,40.8348,51.6685,63.3356
smt-sibling-cpu96-prefetch,retention,distinct-pc:cold,33554432,16,2,8,1,2,120,149.172,170.84,198.341
smt-sibling-cpu96-prefetch,retention,distinct-pc:trained,33554432,16,2,8,1,2,120,154.172,179.173,211.674
smt-sibling-cpu96-prefetch,retention,distinct-pc:hot,33554432,16,2,8,1,2,120,42.5015,50.8352,65.8357
smt-sibling-cpu96-prefetch,retention,shared-pc:cold,33554432,24,2,8,1,0,120,152.506,175.006,234.175
smt-sibling-cpu96-prefetch,retention,shared-pc:trained,33554432,24,2,8,1,0,120,43.3349,71.6693,193.34
smt-sibling-cpu96-prefetch,retention,shared-pc:hot,33554432,24,2,8,1,0,120,41.6682,50.0018,61.6689
smt-sibling-cpu96-prefetch,retention,shared-pc:cold,33554432,24,2,8,1,1,120,157.506,177.506,223.341
smt-sibling-cpu96-prefetch,retention,shared-pc:trained,33554432,24,2,8,1,1,120,46.6684,164.173,235.009
smt-sibling-cpu96-prefetch,retention,shared-pc:hot,33554432,24,2,8,1,1,120,42.5015,51.6685,64.169
smt-sibling-cpu96-prefetch,retention,shared-pc:cold,33554432,24,2,8,1,2,120,155.006,176.673,237.509
smt-sibling-cpu96-prefetch,retention,shared-pc:trained,33554432,24,2,8,1,2,120,45.835,157.506,196.674
smt-sibling-cpu96-prefetch,retention,shared-pc:hot,33554432,24,2,8,1,2,120,41.6682,50.8352,64.169
smt-sibling-cpu96-prefetch,retention,distinct-pc:cold,33554432,24,2,8,1,0,120,153.339,170.006,216.675
smt-sibling-cpu96-prefetch,retention,distinct-pc:trained,33554432,24,2,8,1,0,120,158.339,183.34,221.675
smt-sibling-cpu96-prefetch,retention,distinct-pc:hot,33554432,24,2,8,1,0,120,43.3349,50.8352,62.5023
smt-sibling-cpu96-prefetch,retention,distinct-pc:cold,33554432,24,2,8,1,1,120,151.672,170.84,281.677
smt-sibling-cpu96-prefetch,retention,distinct-pc:trained,33554432,24,2,8,1,1,120,155.006,180.007,245.009
smt-sibling-cpu96-prefetch,retention,distinct-pc:hot,33554432,24,2,8,1,1,120,42.5015,51.6685,65.0024
smt-sibling-cpu96-prefetch,retention,distinct-pc:cold,33554432,24,2,8,1,2,120,150.005,170.006,206.674
smt-sibling-cpu96-prefetch,retention,distinct-pc:trained,33554432,24,2,8,1,2,120,155.839,177.506,239.175
smt-sibling-cpu96-prefetch,retention,distinct-pc:hot,33554432,24,2,8,1,2,120,43.3349,50.8352,66.6691
smt-sibling-cpu96-prefetch,retention,shared-pc:cold,33554432,32,2,8,1,0,120,159.172,175.84,219.175
smt-sibling-cpu96-prefetch,retention,shared-pc:trained,33554432,32,2,8,1,0,120,44.1683,165.006,216.675
smt-sibling-cpu96-prefetch,retention,shared-pc:hot,33554432,32,2,8,1,0,120,42.5015,51.6685,64.169
smt-sibling-cpu96-prefetch,retention,shared-pc:cold,33554432,32,2,8,1,1,120,155.839,176.673,250.009
smt-sibling-cpu96-prefetch,retention,shared-pc:trained,33554432,32,2,8,1,1,120,46.6684,149.172,191.674
smt-sibling-cpu96-prefetch,retention,shared-pc:hot,33554432,32,2,8,1,1,120,40.0014,51.6685,64.169
smt-sibling-cpu96-prefetch,retention,shared-pc:cold,33554432,32,2,8,1,2,120,158.339,174.173,230.842
smt-sibling-cpu96-prefetch,retention,shared-pc:trained,33554432,32,2,8,1,2,120,44.1683,156.672,199.174
smt-sibling-cpu96-prefetch,retention,shared-pc:hot,33554432,32,2,8,1,2,120,41.6682,51.6685,65.0024
smt-sibling-cpu96-prefetch,retention,distinct-pc:cold,33554432,32,2,8,1,0,120,151.672,176.673,256.676
smt-sibling-cpu96-prefetch,retention,distinct-pc:trained,33554432,32,2,8,1,0,120,150.005,178.34,286.677
smt-sibling-cpu96-prefetch,retention,distinct-pc:hot,33554432,32,2,8,1,0,120,41.6682,52.5019,65.8357
smt-sibling-cpu96-prefetch,retention,distinct-pc:cold,33554432,32,2,8,1,1,120,147.505,174.173,289.177
smt-sibling-cpu96-prefetch,retention,distinct-pc:trained,33554432,32,2,8,1,1,120,157.506,185.007,280.844
smt-sibling-cpu96-prefetch,retention,distinct-pc:hot,33554432,32,2,8,1,1,120,42.5015,52.5019,62.5023
smt-sibling-cpu96-prefetch,retention,distinct-pc:cold,33554432,32,2,8,1,2,120,154.172,175.84,210.841
smt-sibling-cpu96-prefetch,retention,distinct-pc:trained,33554432,32,2,8,1,2,120,158.339,181.673,215.008
smt-sibling-cpu96-prefetch,retention,distinct-pc:hot,33554432,32,2,8,1,2,120,41.6682,54.1686,65.0024
smt-sibling-cpu96-prefetch,retention,shared-pc:cold,33554432,48,2,8,1,0,120,151.672,174.173,220.008
smt-sibling-cpu96-prefetch,retention,shared-pc:trained,33554432,48,2,8,1,0,120,44.1683,144.172,199.174
smt-sibling-cpu96-prefetch,retention,shared-pc:hot,33554432,48,2,8,1,0,120,41.6682,51.6685,64.169
smt-sibling-cpu96-prefetch,retention,shared-pc:cold,33554432,48,2,8,1,1,120,159.172,180.007,265.01
smt-sibling-cpu96-prefetch,retention,shared-pc:trained,33554432,48,2,8,1,1,120,45.835,168.339,203.341
smt-sibling-cpu96-prefetch,retention,shared-pc:hot,33554432,48,2,8,1,1,120,42.5015,50.0018,62.5023
smt-sibling-cpu96-prefetch,retention,shared-pc:cold,33554432,48,2,8,1,2,120,159.172,177.506,220.841
smt-sibling-cpu96-prefetch,retention,shared-pc:trained,33554432,48,2,8,1,2,120,45.0016,150.839,205.007
smt-sibling-cpu96-prefetch,retention,shared-pc:hot,33554432,48,2,8,1,2,120,40.8348,50.0018,63.3356
smt-sibling-cpu96-prefetch,retention,distinct-pc:cold,33554432,48,2,8,1,0,120,155.006,172.506,206.674
smt-sibling-cpu96-prefetch,retention,distinct-pc:trained,33554432,48,2,8,1,0,120,155.839,180.84,255.843
smt-sibling-cpu96-prefetch,retention,distinct-pc:hot,33554432,48,2,8,1,0,120,40.8348,53.3353,66.6691
smt-sibling-cpu96-prefetch,retention,distinct-pc:cold,33554432,48,2,8,1,1,120,156.672,175.84,231.675
smt-sibling-cpu96-prefetch,retention,distinct-pc:trained,33554432,48,2,8,1,1,120,162.506,182.507,286.677
smt-sibling-cpu96-prefetch,retention,distinct-pc:hot,33554432,48,2,8,1,1,120,42.5015,52.5019,62.5023
smt-sibling-cpu96-prefetch,retention,distinct-pc:cold,33554432,48,2,8,1,2,120,154.172,172.506,220.841
smt-sibling-cpu96-prefetch,retention,distinct-pc:trained,33554432,48,2,8,1,2,120,153.339,180.84,235.009
smt-sibling-cpu96-prefetch,retention,distinct-pc:hot,33554432,48,2,8,1,2,120,43.3349,52.5019,68.3358
smt-sibling-cpu96-prefetch,retention,shared-pc:cold,33554432,64,2,8,1,0,120,153.339,175.84,268.343
smt-sibling-cpu96-prefetch,retention,shared-pc:trained,33554432,64,2,8,1,0,120,45.0016,160.839,221.675
smt-sibling-cpu96-prefetch,retention,shared-pc:hot,33554432,64,2,8,1,0,120,43.3349,53.3353,64.169
smt-sibling-cpu96-prefetch,retention,shared-pc:cold,33554432,64,2,8,1,1,120,155.839,176.673,249.176
smt-sibling-cpu96-prefetch,retention,shared-pc:trained,33554432,64,2,8,1,1,120,43.3349,169.173,210.008
smt-sibling-cpu96-prefetch,retention,shared-pc:hot,33554432,64,2,8,1,1,120,42.5015,53.3353,67.5024
smt-sibling-cpu96-prefetch,retention,shared-pc:cold,33554432,64,2,8,1,2,120,160.006,175.006,213.341
smt-sibling-cpu96-prefetch,retention,shared-pc:trained,33554432,64,2,8,1,2,120,47.5017,164.173,196.674
smt-sibling-cpu96-prefetch,retention,shared-pc:hot,33554432,64,2,8,1,2,120,40.8348,53.3353,68.3358
smt-sibling-cpu96-prefetch,retention,distinct-pc:cold,33554432,64,2,8,1,0,120,154.172,176.673,220.008
smt-sibling-cpu96-prefetch,retention,distinct-pc:trained,33554432,64,2,8,1,0,120,47.5017,171.673,213.341
smt-sibling-cpu96-prefetch,retention,distinct-pc:hot,33554432,64,2,8,1,0,120,41.6682,51.6685,67.5024
smt-sibling-cpu96-prefetch,retention,distinct-pc:cold,33554432,64,2,8,1,1,120,157.506,177.506,216.675
smt-sibling-cpu96-prefetch,retention,distinct-pc:trained,33554432,64,2,8,1,1,120,46.6684,164.173,253.343
smt-sibling-cpu96-prefetch,retention,distinct-pc:hot,33554432,64,2,8,1,1,120,42.5015,50.8352,64.169
smt-sibling-cpu96-prefetch,retention,distinct-pc:cold,33554432,64,2,8,1,2,120,158.339,176.673,211.674
smt-sibling-cpu96-prefetch,retention,distinct-pc:trained,33554432,64,2,8,1,2,120,45.835,167.506,228.342
smt-sibling-cpu96-prefetch,retention,distinct-pc:hot,33554432,64,2,8,1,2,120,41.6682,53.3353,62.5023
memory-node0,mlp,base,16384,1,0,0,0,0,3,1.61939,1.62051,1.62051
memory-node0,mlp,base,16384,1,0,0,0,1,3,1.61033,1.61763,1.61763
memory-node0,mlp,base,16384,1,0,0,0,2,3,1.61939,1.6206,1.6206
memory-node0,mlp,base,16384,2,0,0,0,0,3,0.807808,0.811846,0.811846
memory-node0,mlp,base,16384,2,0,0,0,1,3,0.807565,0.80797,0.80797
memory-node0,mlp,base,16384,2,0,0,0,2,3,0.808592,0.811248,0.811248
memory-node0,mlp,base,16384,4,0,0,0,0,3,0.39969,0.406758,0.406758
memory-node0,mlp,base,16384,4,0,0,0,1,3,0.400133,0.405138,0.405138
memory-node0,mlp,base,16384,4,0,0,0,2,3,0.407147,0.407506,0.407506
memory-node0,mlp,base,16384,8,0,0,0,0,3,0.204882,0.205917,0.205917
memory-node0,mlp,base,16384,8,0,0,0,1,3,0.205198,0.205513,0.205513
memory-node0,mlp,base,16384,8,0,0,0,2,3,0.205736,0.205746,0.205746
memory-node0,mlp,base,16384,12,0,0,0,0,3,0.161903,0.162212,0.162212
memory-node0,mlp,base,16384,12,0,0,0,1,3,0.162122,0.162154,0.162154
memory-node0,mlp,base,16384,12,0,0,0,2,3,0.161753,0.16374,0.16374
memory-node0,mlp,base,16384,16,0,0,0,0,3,0.235274,0.235375,0.235375
memory-node0,mlp,base,16384,16,0,0,0,1,3,0.235709,0.236613,0.236613
memory-node0,mlp,base,16384,16,0,0,0,2,3,0.233273,0.235981,0.235981
memory-node0,mlp,base,16384,24,0,0,0,0,3,0.336429,0.336969,0.336969
memory-node0,mlp,base,16384,24,0,0,0,1,3,0.337332,0.338272,0.338272
memory-node0,mlp,base,16384,24,0,0,0,2,3,0.335336,0.338585,0.338585
memory-node0,mlp,base,16384,32,0,0,0,0,3,0.374507,0.378942,0.378942
memory-node0,mlp,base,16384,32,0,0,0,1,3,0.378944,0.380042,0.380042
memory-node0,mlp,base,16384,32,0,0,0,2,3,0.378663,0.379266,0.379266
memory-node0,mlp,base,16384,48,0,0,0,0,3,0.444064,0.444284,0.444284
memory-node0,mlp,base,16384,48,0,0,0,1,3,0.449182,0.449303,0.449303
memory-node0,mlp,base,16384,48,0,0,0,2,3,0.448534,0.448747,0.448747
memory-node0,mlp,base,16384,64,0,0,0,0,3,0.46274,0.464058,0.464058
memory-node0,mlp,base,16384,64,0,0,0,1,3,0.457809,0.463428,0.463428
memory-node0,mlp,base,16384,64,0,0,0,2,3,0.457845,0.463128,0.463128
memory-node0,mlp,base,524288,1,0,0,0,0,3,5.07764,5.07898,5.07898
memory-node0,mlp,base,524288,1,0,0,0,1,3,5.08044,5.08176,5.08176
memory-node0,mlp,base,524288,1,0,0,0,2,3,5.02673,5.09737,5.09737
memory-node0,mlp,base,524288,2,0,0,0,0,3,2.52207,2.56441,2.56441
memory-node0,mlp,base,524288,2,0,0,0,1,3,2.53701,2.54943,2.54943
memory-node0,mlp,base,524288,2,0,0,0,2,3,2.55252,2.56347,2.56347
memory-node0,mlp,base,524288,4,0,0,0,0,3,1.27536,1.29276,1.29276
memory-node0,mlp,base,524288,4,0,0,0,1,3,1.28935,1.28958,1.28958
memory-node0,mlp,base,524288,4,0,0,0,2,3,1.28847,1.29264,1.29264
memory-node0,mlp,base,524288,8,0,0,0,0,3,0.674835,0.676459,0.676459
memory-node0,mlp,base,524288,8,0,0,0,1,3,0.667024,0.676136,0.676136
memory-node0,mlp,base,524288,8,0,0,0,2,3,0.671761,0.672442,0.672442
memory-node0,mlp,base,524288,12,0,0,0,0,3,0.485661,0.486055,0.486055
memory-node0,mlp,base,524288,12,0,0,0,1,3,0.487365,0.488507,0.488507
memory-node0,mlp,base,524288,12,0,0,0,2,3,0.485636,0.48584,0.48584
memory-node0,mlp,base,524288,16,0,0,0,0,3,0.50645,0.512146,0.512146
memory-node0,mlp,base,524288,16,0,0,0,1,3,0.512434,0.513493,0.513493
memory-node0,mlp,base,524288,16,0,0,0,2,3,0.511794,0.511803,0.511803
memory-node0,mlp,base,524288,24,0,0,0,0,3,0.61344,0.615165,0.615165
memory-node0,mlp,base,524288,24,0,0,0,1,3,0.607399,0.611243,0.611243
memory-node0,mlp,base,524288,24,0,0,0,2,3,0.606169,0.614789,0.614789
memory-node0,mlp,base,524288,32,0,0,0,0,3,0.651272,0.655078,0.655078
memory-node0,mlp,base,524288,32,0,0,0,1,3,0.649699,0.654238,0.654238
memory-node0,mlp,base,524288,32,0,0,0,2,3,0.648202,0.654666,0.654666
memory-node0,mlp,base,524288,48,0,0,0,0,3,0.729393,0.731233,0.731233
memory-node0,mlp,base,524288,48,0,0,0,1,3,0.730533,0.731346,0.731346
memory-node0,mlp,base,524288,48,0,0,0,2,3,0.720936,0.731967,0.731967
memory-node0,mlp,base,524288,64,0,0,0,0,3,0.740014,0.741196,0.741196
memory-node0,mlp,base,524288,64,0,0,0,1,3,0.740558,0.744053,0.744053
memory-node0,mlp,base,524288,64,0,0,0,2,3,0.732582,0.739907,0.739907
memory-node0,mlp,base,8388608,1,0,0,0,0,3,39.9742,40.009,40.009
memory-node0,mlp,base,8388608,1,0,0,0,1,3,39.9658,39.9924,39.9924
memory-node0,mlp,base,8388608,1,0,0,0,2,3,39.9828,39.9915,39.9915
memory-node0,mlp,base,8388608,2,0,0,0,0,3,20.1568,20.1795,20.1795
memory-node0,mlp,base,8388608,2,0,0,0,1,3,20.0847,20.1239,20.1239
memory-node0,mlp,base,8388608,2,0,0,0,2,3,20.1186,20.1444,20.1444
memory-node0,mlp,base,8388608,4,0,0,0,0,3,10.1525,10.1607,10.1607
memory-node0,mlp,base,8388608,4,0,0,0,1,3,10.1696,10.2137,10.2137
memory-node0,mlp,base,8388608,4,0,0,0,2,3,10.1302,10.1602,10.1602
memory-node0,mlp,base,8388608,8,0,0,0,0,3,5.16286,5.16419,5.16419
memory-node0,mlp,base,8388608,8,0,0,0,1,3,5.16691,5.17369,5.17369
memory-node0,mlp,base,8388608,8,0,0,0,2,3,5.14841,5.15434,5.15434
memory-node0,mlp,base,8388608,12,0,0,0,0,3,3.59371,3.60278,3.60278
memory-node0,mlp,base,8388608,12,0,0,0,1,3,3.58378,3.60778,3.60778
memory-node0,mlp,base,8388608,12,0,0,0,2,3,3.59413,3.59449,3.59449
memory-node0,mlp,base,8388608,16,0,0,0,0,3,3.08746,3.10842,3.10842
memory-node0,mlp,base,8388608,16,0,0,0,1,3,3.0856,3.092,3.092
memory-node0,mlp,base,8388608,16,0,0,0,2,3,3.08343,3.0864,3.0864
memory-node0,mlp,base,8388608,24,0,0,0,0,3,2.90617,2.91325,2.91325
memory-node0,mlp,base,8388608,24,0,0,0,1,3,2.90353,2.91957,2.91957
memory-node0,mlp,base,8388608,24,0,0,0,2,3,2.90533,2.92096,2.92096
memory-node0,mlp,base,8388608,32,0,0,0,0,3,2.86883,2.88838,2.88838
memory-node0,mlp,base,8388608,32,0,0,0,1,3,2.87129,2.89014,2.89014
memory-node0,mlp,base,8388608,32,0,0,0,2,3,2.86906,2.88025,2.88025
memory-node0,mlp,base,8388608,48,0,0,0,0,3,2.86423,2.86539,2.86539
memory-node0,mlp,base,8388608,48,0,0,0,1,3,2.87625,2.87762,2.87762
memory-node0,mlp,base,8388608,48,0,0,0,2,3,2.87298,2.87358,2.87358
memory-node0,mlp,base,8388608,64,0,0,0,0,3,2.89138,2.89715,2.89715
memory-node0,mlp,base,8388608,64,0,0,0,1,3,2.89601,2.9038,2.9038
memory-node0,mlp,base,8388608,64,0,0,0,2,3,2.89497,2.89578,2.89578
memory-node0,mlp,base,268435456,1,0,0,0,0,3,85.2927,87.4468,87.4468
memory-node0,mlp,base,268435456,1,0,0,0,1,3,80.4784,80.5285,80.5285
memory-node0,mlp,base,268435456,1,0,0,0,2,3,78.0524,79.797,79.797
memory-node0,mlp,base,268435456,2,0,0,0,0,3,40.2163,42.0045,42.0045
memory-node0,mlp,base,268435456,2,0,0,0,1,3,40.1372,40.1779,40.1779
memory-node0,mlp,base,268435456,2,0,0,0,2,3,54.1322,60.8778,60.8778
memory-node0,mlp,base,268435456,4,0,0,0,0,3,31.519,31.8308,31.8308
memory-node0,mlp,base,268435456,4,0,0,0,1,3,32.731,33.5388,33.5388
memory-node0,mlp,base,268435456,4,0,0,0,2,3,35.127,36.1889,36.1889
memory-node0,mlp,base,268435456,8,0,0,0,0,3,16.2688,16.9865,16.9865
memory-node0,mlp,base,268435456,8,0,0,0,1,3,18.1328,18.1496,18.1496
memory-node0,mlp,base,268435456,8,0,0,0,2,3,18.3148,18.4344,18.4344
memory-node0,mlp,base,268435456,12,0,0,0,0,3,11.3554,12.0544,12.0544
memory-node0,mlp,base,268435456,12,0,0,0,1,3,12.8808,12.9128,12.9128
memory-node0,mlp,base,268435456,12,0,0,0,2,3,12.7722,12.782,12.782
memory-node0,mlp,base,268435456,16,0,0,0,0,3,9.44757,10.3452,10.3452
memory-node0,mlp,base,268435456,16,0,0,0,1,3,11.3273,11.468,11.468
memory-node0,mlp,base,268435456,16,0,0,0,2,3,9.52156,11.2022,11.2022
memory-node0,mlp,base,268435456,24,0,0,0,0,3,9.01676,10.1878,10.1878
memory-node0,mlp,base,268435456,24,0,0,0,1,3,10.667,10.7533,10.7533
memory-node0,mlp,base,268435456,24,0,0,0,2,3,7.5699,7.76297,7.76297
memory-node0,mlp,base,268435456,32,0,0,0,0,3,8.32761,9.89096,9.89096
memory-node0,mlp,base,268435456,32,0,0,0,1,3,10.6326,10.754,10.754
memory-node0,mlp,base,268435456,32,0,0,0,2,3,7.00587,8.07537,8.07537
memory-node0,mlp,base,268435456,48,0,0,0,0,3,8.46068,10.2843,10.2843
memory-node0,mlp,base,268435456,48,0,0,0,1,3,10.6312,10.7653,10.7653
memory-node0,mlp,base,268435456,48,0,0,0,2,3,6.32738,9.39831,9.39831
memory-node0,mlp,base,268435456,64,0,0,0,0,3,8.41915,10.2099,10.2099
memory-node0,mlp,base,268435456,64,0,0,0,1,3,10.7401,10.9128,10.9128
memory-node0,mlp,base,268435456,64,0,0,0,2,3,6.3649,8.46003,8.46003
memory-node1,mlp,base,16384,1,0,0,0,0,3,1.60224,1.62073,1.62073
memory-node1,mlp,base,16384,1,0,0,0,1,3,1.62032,1.62301,1.62301
memory-node1,mlp,base,16384,1,0,0,0,2,3,1.63007,1.63674,1.63674
memory-node1,mlp,base,16384,2,0,0,0,0,3,0.799854,0.807192,0.807192
memory-node1,mlp,base,16384,2,0,0,0,1,3,0.799575,0.810686,0.810686
memory-node1,mlp,base,16384,2,0,0,0,2,3,0.800003,0.802572,0.802572
memory-node1,mlp,base,16384,4,0,0,0,0,3,0.39974,0.404417,0.404417
memory-node1,mlp,base,16384,4,0,0,0,1,3,0.399673,0.404799,0.404799
memory-node1,mlp,base,16384,4,0,0,0,2,3,0.405248,0.405338,0.405338
memory-node1,mlp,base,16384,8,0,0,0,0,3,0.203294,0.205538,0.205538
memory-node1,mlp,base,16384,8,0,0,0,1,3,0.206003,0.20647,0.20647
memory-node1,mlp,base,16384,8,0,0,0,2,3,0.206061,0.206365,0.206365
memory-node1,mlp,base,16384,12,0,0,0,0,3,0.160321,0.163809,0.163809
memory-node1,mlp,base,16384,12,0,0,0,1,3,0.161879,0.162262,0.162262
memory-node1,mlp,base,16384,12,0,0,0,2,3,0.161972,0.162057,0.162057
memory-node1,mlp,base,16384,16,0,0,0,0,3,0.235759,0.236362,0.236362
memory-node1,mlp,base,16384,16,0,0,0,1,3,0.233135,0.233203,0.233203
memory-node1,mlp,base,16384,16,0,0,0,2,3,0.233104,0.235824,0.235824
memory-node1,mlp,base,16384,24,0,0,0,0,3,0.336727,0.336876,0.336876
memory-node1,mlp,base,16384,24,0,0,0,1,3,0.333387,0.336876,0.336876
memory-node1,mlp,base,16384,24,0,0,0,2,3,0.336587,0.337632,0.337632
memory-node1,mlp,base,16384,32,0,0,0,0,3,0.37921,0.379631,0.379631
memory-node1,mlp,base,16384,32,0,0,0,1,3,0.378625,0.378856,0.378856
memory-node1,mlp,base,16384,32,0,0,0,2,3,0.374954,0.381682,0.381682
memory-node1,mlp,base,16384,48,0,0,0,0,3,0.444504,0.449699,0.449699
memory-node1,mlp,base,16384,48,0,0,0,1,3,0.446118,0.4492,0.4492
memory-node1,mlp,base,16384,48,0,0,0,2,3,0.443913,0.44982,0.44982
memory-node1,mlp,base,16384,64,0,0,0,0,3,0.462156,0.465125,0.465125
memory-node1,mlp,base,16384,64,0,0,0,1,3,0.459701,0.467966,0.467966
memory-node1,mlp,base,16384,64,0,0,0,2,3,0.464867,0.465011,0.465011
memory-node1,mlp,base,524288,1,0,0,0,0,3,5.10153,5.14452,5.14452
memory-node1,mlp,base,524288,1,0,0,0,1,3,5.03221,5.05982,5.05982
memory-node1,mlp,base,524288,1,0,0,0,2,3,5.02803,5.02839,5.02839
memory-node1,mlp,base,524288,2,0,0,0,0,3,2.54926,2.55091,2.55091
memory-node1,mlp,base,524288,2,0,0,0,1,3,2.55286,2.55731,2.55731
memory-node1,mlp,base,524288,2,0,0,0,2,3,2.5551,2.56504,2.56504
memory-node1,mlp,base,524288,4,0,0,0,0,3,1.29164,1.29436,1.29436
memory-node1,mlp,base,524288,4,0,0,0,1,3,1.28711,1.28903,1.28903
memory-node1,mlp,base,524288,4,0,0,0,2,3,1.27714,1.28992,1.28992
memory-node1,mlp,base,524288,8,0,0,0,0,3,0.674676,0.674983,0.674983
memory-node1,mlp,base,524288,8,0,0,0,1,3,0.668771,0.676214,0.676214
memory-node1,mlp,base,524288,8,0,0,0,2,3,0.681802,0.683714,0.683714
memory-node1,mlp,base,524288,12,0,0,0,0,3,0.482945,0.485184,0.485184
memory-node1,mlp,base,524288,12,0,0,0,1,3,0.485255,0.486035,0.486035
memory-node1,mlp,base,524288,12,0,0,0,2,3,0.480033,0.484468,0.484468
memory-node1,mlp,base,524288,16,0,0,0,0,3,0.511689,0.512468,0.512468
memory-node1,mlp,base,524288,16,0,0,0,1,3,0.513103,0.513922,0.513922
memory-node1,mlp,base,524288,16,0,0,0,2,3,0.511495,0.512069,0.512069
memory-node1,mlp,base,524288,24,0,0,0,0,3,0.61337,0.613474,0.613474
memory-node1,mlp,base,524288,24,0,0,0,1,3,0.613069,0.613086,0.613086
memory-node1,mlp,base,524288,24,0,0,0,2,3,0.61217,0.614374,0.614374
memory-node1,mlp,base,524288,32,0,0,0,0,3,0.655174,0.659642,0.659642
memory-node1,mlp,base,524288,32,0,0,0,1,3,0.648221,0.660098,0.660098
memory-node1,mlp,base,524288,32,0,0,0,2,3,0.648056,0.657322,0.657322
memory-node1,mlp,base,524288,48,0,0,0,0,3,0.726608,0.729798,0.729798
memory-node1,mlp,base,524288,48,0,0,0,1,3,0.7201,0.727871,0.727871
memory-node1,mlp,base,524288,48,0,0,0,2,3,0.72674,0.727222,0.727222
memory-node1,mlp,base,524288,64,0,0,0,0,3,0.732768,0.736159,0.736159
memory-node1,mlp,base,524288,64,0,0,0,1,3,0.743142,0.744001,0.744001
memory-node1,mlp,base,524288,64,0,0,0,2,3,0.742239,0.742564,0.742564
memory-node1,mlp,base,8388608,1,0,0,0,0,3,40.9916,41.0411,41.0411
memory-node1,mlp,base,8388608,1,0,0,0,1,3,40.5117,40.6866,40.6866
memory-node1,mlp,base,8388608,1,0,0,0,2,3,40.4765,40.6906,40.6906
memory-node1,mlp,base,8388608,2,0,0,0,0,3,20.0849,20.1129,20.1129
memory-node1,mlp,base,8388608,2,0,0,0,1,3,20.0583,20.1121,20.1121
memory-node1,mlp,base,8388608,2,0,0,0,2,3,20.1179,20.1331,20.1331
memory-node1,mlp,base,8388608,4,0,0,0,0,3,10.1534,10.1534,10.1534
memory-node1,mlp,base,8388608,4,0,0,0,1,3,10.0887,10.1315,10.1315
memory-node1,mlp,base,8388608,4,0,0,0,2,3,10.0866,10.1255,10.1255
memory-node1,mlp,base,8388608,8,0,0,0,0,3,5.14273,5.15246,5.15246
memory-node1,mlp,base,8388608,8,0,0,0,1,3,5.14453,5.16137,5.16137
memory-node1,mlp,base,8388608,8,0,0,0,2,3,5.15129,5.15387,5.15387
memory-node1,mlp,base,8388608,12,0,0,0,0,3,3.58639,3.58702,3.58702
memory-node1,mlp,base,8388608,12,0,0,0,1,3,3.58852,3.59655,3.59655
memory-node1,mlp,base,8388608,12,0,0,0,2,3,3.57861,3.57875,3.57875
memory-node1,mlp,base,8388608,16,0,0,0,0,3,3.06647,3.08148,3.08148
memory-node1,mlp,base,8388608,16,0,0,0,1,3,3.07508,3.07557,3.07557
memory-node1,mlp,base,8388608,16,0,0,0,2,3,3.06423,3.07595,3.07595
memory-node1,mlp,base,8388608,24,0,0,0,0,3,2.89681,2.89773,2.89773
memory-node1,mlp,base,8388608,24,0,0,0,1,3,2.90865,2.91302,2.91302
memory-node1,mlp,base,8388608,24,0,0,0,2,3,2.901,2.90866,2.90866
memory-node1,mlp,base,8388608,32,0,0,0,0,3,2.877,2.87905,2.87905
memory-node1,mlp,base,8388608,32,0,0,0,1,3,2.8723,2.88415,2.88415
memory-node1,mlp,base,8388608,32,0,0,0,2,3,2.87319,2.87924,2.87924
memory-node1,mlp,base,8388608,48,0,0,0,0,3,2.86564,2.87381,2.87381
memory-node1,mlp,base,8388608,48,0,0,0,1,3,2.86046,2.86863,2.86863
memory-node1,mlp,base,8388608,48,0,0,0,2,3,2.86249,2.87351,2.87351
memory-node1,mlp,base,8388608,64,0,0,0,0,3,2.88949,2.89404,2.89404
memory-node1,mlp,base,8388608,64,0,0,0,1,3,2.88151,2.89874,2.89874
memory-node1,mlp,base,8388608,64,0,0,0,2,3,2.88225,2.89284,2.89284
memory-node1,mlp,base,268435456,1,0,0,0,0,3,123.799,124.21,124.21
memory-node1,mlp,base,268435456,1,0,0,0,1,3,104.969,106.204,106.204
memory-node1,mlp,base,268435456,1,0,0,0,2,3,104.357,106.112,106.112
memory-node1,mlp,base,268435456,2,0,0,0,0,3,51.1178,54.1322,54.1322
memory-node1,mlp,base,268435456,2,0,0,0,1,3,50.2271,61.2775,61.2775
memory-node1,mlp,base,268435456,2,0,0,0,2,3,78.5874,82.2162,82.2162
memory-node1,mlp,base,268435456,4,0,0,0,0,3,43.9144,44.8415,44.8415
memory-node1,mlp,base,268435456,4,0,0,0,1,3,45.5113,46.2271,46.2271
memory-node1,mlp,base,268435456,4,0,0,0,2,3,50.4614,51.0479,51.0479
memory-node1,mlp,base,268435456,8,0,0,0,0,3,24.0219,24.5184,24.5184
memory-node1,mlp,base,268435456,8,0,0,0,1,3,26.2672,26.7953,26.7953
memory-node1,mlp,base,268435456,8,0,0,0,2,3,28.4239,28.4397,28.4397
memory-node1,mlp,base,268435456,12,0,0,0,0,3,16.3094,16.9278,16.9278
memory-node1,mlp,base,268435456,12,0,0,0,1,3,19.3567,19.5627,19.5627
memory-node1,mlp,base,268435456,12,0,0,0,2,3,19.6872,19.6996,19.6996
memory-node1,mlp,base,268435456,16,0,0,0,0,3,13.3446,13.7247,13.7247
memory-node1,mlp,base,268435456,16,0,0,0,1,3,17.2257,17.269,17.269
memory-node1,mlp,base,268435456,16,0,0,0,2,3,17.2046,17.2201,17.2201
memory-node1,mlp,base,268435456,24,0,0,0,0,3,12.6088,13.35,13.35
memory-node1,mlp,base,268435456,24,0,0,0,1,3,16.1099,16.1624,16.1624
memory-node1,mlp,base,268435456,24,0,0,0,2,3,16.0813,16.1109,16.1109
memory-node1,mlp,base,268435456,32,0,0,0,0,3,11.5771,12.7093,12.7093
memory-node1,mlp,base,268435456,32,0,0,0,1,3,15.9372,15.9405,15.9405
memory-node1,mlp,base,268435456,32,0,0,0,2,3,15.851,15.993,15.993
memory-node1,mlp,base,268435456,48,0,0,0,0,3,11.7479,12.8632,12.8632
memory-node1,mlp,base,268435456,48,0,0,0,1,3,16.0395,16.0476,16.0476
memory-node1,mlp,base,268435456,48,0,0,0,2,3,15.8897,15.995,15.995
memory-node1,mlp,base,268435456,64,0,0,0,0,3,11.4971,12.6091,12.6091
memory-node1,mlp,base,268435456,64,0,0,0,1,3,16.3174,16.3474,16.3474
memory-node1,mlp,base,268435456,64,0,0,0,2,3,16.0879,16.1534,16.1534
