name,family_index,per_family_instance_index,run_name,run_type,repetitions,repetition_index,threads,iterations,real_time,cpu_time,time_unit,invocations,items_per_iteration,items_per_second,native_read_bytes,prepared_read_bytes,prepared_write_bytes,read_preparations,stride,tuple_bytes,write_bytes,write_preparations
runtime/bytes64_0/read_inline/1024,0,0,runtime/bytes64_0/read_inline/1024,iteration,5,0,1,70329,392.68459668128645,391.4143667619332,ns,18004224.0,256.0,654038333.1297208,64.0,960.0,7040.0,1.0,64.0,64.0,64.0,1.0
runtime/bytes64_0/read_inline/1024,0,0,runtime/bytes64_0/read_inline/1024,iteration,5,1,1,70329,397.2213027345057,396.728817415291,ns,18004224.0,256.0,645277047.6010625,64.0,960.0,7040.0,1.0,64.0,64.0,64.0,1.0
runtime/bytes64_0/read_inline/1024,0,0,runtime/bytes64_0/read_inline/1024,iteration,5,2,1,70329,395.4599951657993,395.43661931777785,ns,18004224.0,256.0,647385668.1297266,64.0,960.0,7040.0,1.0,64.0,64.0,64.0,1.0
runtime/bytes64_0/read_inline/1024,0,0,runtime/bytes64_0/read_inline/1024,iteration,5,3,1,70329,394.07776308520124,394.05524037025975,ns,18004224.0,256.0,649655108.6580117,64.0,960.0,7040.0,1.0,64.0,64.0,64.0,1.0
runtime/bytes64_0/read_inline/1024,0,0,runtime/bytes64_0/read_inline/1024,iteration,5,4,1,70329,396.69305691819943,396.69243128723576,ns,18004224.0,256.0,645336234.8489991,64.0,960.0,7040.0,1.0,64.0,64.0,64.0,1.0
runtime/bytes64_0/read_inline/65536,0,1,runtime/bytes64_0/read_inline/65536,iteration,5,0,1,52027,538.2867933957019,537.7755972860245,ns,13318912.0,256.0,476034987.99861366,64.0,960.0,7040.0,1.0,64.0,64.0,64.0,1.0
runtime/bytes64_0/read_inline/65536,0,1,runtime/bytes64_0/read_inline/65536,iteration,5,1,1,52027,538.9264612604009,537.6197166855669,ns,13318912.0,256.0,476173012.3631692,64.0,960.0,7040.0,1.0,64.0,64.0,64.0,1.0
runtime/bytes64_0/read_inline/65536,0,1,runtime/bytes64_0/read_inline/65536,iteration,5,2,1,52027,538.3538547291213,537.581102120053,ns,13318912.0,256.0,476207215.97246534,64.0,960.0,7040.0,1.0,64.0,64.0,64.0,1.0
runtime/bytes64_0/read_inline/65536,0,1,runtime/bytes64_0/read_inline/65536,iteration,5,3,1,52027,539.0902031637391,537.3764007150127,ns,13318912.0,256.0,476388616.35787517,64.0,960.0,7040.0,1.0,64.0,64.0,64.0,1.0
runtime/bytes64_0/read_inline/65536,0,1,runtime/bytes64_0/read_inline/65536,iteration,5,4,1,52027,536.5834278354489,536.5831587444983,ns,13318912.0,256.0,477092871.492633,64.0,960.0,7040.0,1.0,64.0,64.0,64.0,1.0
runtime/bytes64_0/read_bound/1024,1,0,runtime/bytes64_0/read_bound/1024,iteration,5,0,1,62221,447.4107777114091,447.1021198630686,ns,15928576.0,256.0,572576126.63166,64.0,960.0,7040.0,1.0,64.0,64.0,64.0,1.0
runtime/bytes64_0/read_bound/1024,1,0,runtime/bytes64_0/read_bound/1024,iteration,5,1,1,62221,446.35614985331864,446.35528197875317,ns,15928576.0,256.0,573534156.1661767,64.0,960.0,7040.0,1.0,64.0,64.0,64.0,1.0
runtime/bytes64_0/read_bound/1024,1,0,runtime/bytes64_0/read_bound/1024,iteration,5,2,1,62221,448.9187894763392,448.8876906510667,ns,15928576.0,256.0,570298552.024667,64.0,960.0,7040.0,1.0,64.0,64.0,64.0,1.0
runtime/bytes64_0/read_bound/1024,1,0,runtime/bytes64_0/read_bound/1024,iteration,5,3,1,62221,446.73769306202547,446.6108227125892,ns,15928576.0,256.0,573205992.7368702,64.0,960.0,7040.0,1.0,64.0,64.0,64.0,1.0
runtime/bytes64_0/read_bound/1024,1,0,runtime/bytes64_0/read_bound/1024,iteration,5,4,1,62221,446.4281512671946,446.36619469311006,ns,15928576.0,256.0,573520134.4627085,64.0,960.0,7040.0,1.0,64.0,64.0,64.0,1.0
runtime/bytes64_0/read_bound/65536,1,1,runtime/bytes64_0/read_bound/65536,iteration,5,0,1,44886,623.8376553936132,622.8483491511831,ns,11490816.0,256.0,411014977.1591696,64.0,960.0,7040.0,1.0,64.0,64.0,64.0,1.0
runtime/bytes64_0/read_bound/65536,1,1,runtime/bytes64_0/read_bound/65536,iteration,5,1,1,44886,622.4463307039697,622.4506750434438,ns,11490816.0,256.0,411277568.2701807,64.0,960.0,7040.0,1.0,64.0,64.0,64.0,1.0
runtime/bytes64_0/read_bound/65536,1,1,runtime/bytes64_0/read_bound/65536,iteration,5,2,1,44886,623.3827028474319,622.9450608207452,ns,11490816.0,256.0,410951167.44759774,64.0,960.0,7040.0,1.0,64.0,64.0,64.0,1.0
runtime/bytes64_0/read_bound/65536,1,1,runtime/bytes64_0/read_bound/65536,iteration,5,3,1,44886,623.0344873680586,622.5908301029276,ns,11490816.0,256.0,411184983.1737446,64.0,960.0,7040.0,1.0,64.0,64.0,64.0,1.0
runtime/bytes64_0/read_bound/65536,1,1,runtime/bytes64_0/read_bound/65536,iteration,5,4,1,44886,622.9952992028029,622.9989751815717,ns,11490816.0,256.0,410915603.7140982,64.0,960.0,7040.0,1.0,64.0,64.0,64.0,1.0
runtime/bytes64_0/weighted_bound/1024,2,0,runtime/bytes64_0/weighted_bound/1024,iteration,5,0,1,44154,636.1137382794171,635.6758617565782,ns,11303424.0,256.0,402720970.54714197,64.0,960.0,7040.0,1.0,64.0,64.0,64.0,1.0
runtime/bytes64_0/weighted_bound/1024,2,0,runtime/bytes64_0/weighted_bound/1024,iteration,5,1,1,44154,637.0382524796916,636.3611677311213,ns,11303424.0,256.0,402287274.8705598,64.0,960.0,7040.0,1.0,64.0,64.0,64.0,1.0
runtime/bytes64_0/weighted_bound/1024,2,0,runtime/bytes64_0/weighted_bound/1024,iteration,5,2,1,44154,635.6420029894497,635.4880871495237,ns,11303424.0,256.0,402839966.9115526,64.0,960.0,7040.0,1.0,64.0,64.0,64.0,1.0
runtime/bytes64_0/weighted_bound/1024,2,0,runtime/bytes64_0/weighted_bound/1024,iteration,5,3,1,44154,635.3076957921734,635.2648004710788,ns,11303424.0,256.0,402981559.5168565,64.0,960.0,7040.0,1.0,64.0,64.0,64.0,1.0
runtime/bytes64_0/weighted_bound/1024,2,0,runtime/bytes64_0/weighted_bound/1024,iteration,5,4,1,44154,635.0581147805301,635.0570956198743,ns,11303424.0,256.0,403113360.61857617,64.0,960.0,7040.0,1.0,64.0,64.0,64.0,1.0
runtime/bytes64_0/weighted_bound/65536,2,1,runtime/bytes64_0/weighted_bound/65536,iteration,5,0,1,31746,880.6314496313546,879.9877779877787,ns,8126976.0,256.0,290913131.2998251,64.0,960.0,7040.0,1.0,64.0,64.0,64.0,1.0
runtime/bytes64_0/weighted_bound/65536,2,1,runtime/bytes64_0/weighted_bound/65536,iteration,5,1,1,31746,880.2836892834696,879.439992439993,ns,8126976.0,256.0,291094335.2595688,64.0,960.0,7040.0,1.0,64.0,64.0,64.0,1.0
runtime/bytes64_0/weighted_bound/65536,2,1,runtime/bytes64_0/weighted_bound/65536,iteration,5,2,1,31746,879.037233036615,879.038682038684,ns,8126976.0,256.0,291227229.50744295,64.0,960.0,7040.0,1.0,64.0,64.0,64.0,1.0
runtime/bytes64_0/weighted_bound/65536,2,1,runtime/bytes64_0/weighted_bound/65536,iteration,5,3,1,31746,881.8911673908892,880.1669816669817,ns,8126976.0,256.0,290853900.8304446,64.0,960.0,7040.0,1.0,64.0,64.0,64.0,1.0
runtime/bytes64_0/weighted_bound/65536,2,1,runtime/bytes64_0/weighted_bound/65536,iteration,5,4,1,31746,879.2315882320552,879.24466074466,ns,8126976.0,256.0,291159004.34719217,64.0,960.0,7040.0,1.0,64.0,64.0,64.0,1.0
runtime/bytes64_0/scalar64/1024,3,0,runtime/bytes64_0/scalar64/1024,iteration,5,0,1,4821,5827.053723290617,5815.362372951686,ns,1234176.0,256.0,44021332.39206259,64.0,960.0,7040.0,1.0,64.0,64.0,64.0,1.0
runtime/bytes64_0/scalar64/1024,3,0,runtime/bytes64_0/scalar64/1024,iteration,5,1,1,4821,5814.99626633827,5814.217382285829,ns,1234176.0,256.0,44030001.48910066,64.0,960.0,7040.0,1.0,64.0,64.0,64.0,1.0
runtime/bytes64_0/scalar64/1024,3,0,runtime/bytes64_0/scalar64/1024,iteration,5,2,1,4821,5811.608794856864,5811.207425845269,ns,1234176.0,256.0,44052807.143218346,64.0,960.0,7040.0,1.0,64.0,64.0,64.0,1.0
runtime/bytes64_0/scalar64/1024,3,0,runtime/bytes64_0/scalar64/1024,iteration,5,3,1,4821,5810.4826799433595,5810.149761460262,ns,1234176.0,256.0,44060826.400395505,64.0,960.0,7040.0,1.0,64.0,64.0,64.0,1.0
runtime/bytes64_0/scalar64/1024,3,0,runtime/bytes64_0/scalar64/1024,iteration,5,4,1,4821,5810.256378345879,5810.247044181702,ns,1234176.0,256.0,44060088.67666905,64.0,960.0,7040.0,1.0,64.0,64.0,64.0,1.0
runtime/bytes64_0/scalar64/65536,3,1,runtime/bytes64_0/scalar64/65536,iteration,5,0,1,3702,7609.523770931237,7591.539978390074,ns,947712.0,256.0,33721748.25249218,64.0,960.0,7040.0,1.0,64.0,64.0,64.0,1.0
runtime/bytes64_0/scalar64/65536,3,1,runtime/bytes64_0/scalar64/65536,iteration,5,1,1,3702,7585.509724475216,7579.981361426221,ns,947712.0,256.0,33773170.11658614,64.0,960.0,7040.0,1.0,64.0,64.0,64.0,1.0
runtime/bytes64_0/scalar64/65536,3,1,runtime/bytes64_0/scalar64/65536,iteration,5,2,1,3702,7583.6512695857455,7583.657752566175,ns,947712.0,256.0,33756797.62359715,64.0,960.0,7040.0,1.0,64.0,64.0,64.0,1.0
runtime/bytes64_0/scalar64/65536,3,1,runtime/bytes64_0/scalar64/65536,iteration,5,3,1,3702,7611.455159374254,7606.005132360859,ns,947712.0,256.0,33657615.994868405,64.0,960.0,7040.0,1.0,64.0,64.0,64.0,1.0
runtime/bytes64_0/scalar64/65536,3,1,runtime/bytes64_0/scalar64/65536,iteration,5,4,1,3702,7565.7528363034135,7565.880875202603,ns,947712.0,256.0,33836112.96855698,64.0,960.0,7040.0,1.0,64.0,64.0,64.0,1.0
runtime/bytes64_0/scalar8_projection/1024,4,0,runtime/bytes64_0/scalar8_projection/1024,iteration,5,0,1,32272,868.5921851759404,867.952466534456,ns,8261632.0,256.0,294947027.48199093,64.0,960.0,7040.0,1.0,64.0,64.0,64.0,1.0
runtime/bytes64_0/scalar8_projection/1024,4,0,runtime/bytes64_0/scalar8_projection/1024,iteration,5,1,1,32272,867.9513510155656,866.8071703024298,ns,8261632.0,256.0,295336735.5171755,64.0,960.0,7040.0,1.0,64.0,64.0,64.0,1.0
runtime/bytes64_0/scalar8_projection/1024,4,0,runtime/bytes64_0/scalar8_projection/1024,iteration,5,2,1,32272,867.987946206939,867.197632622704,ns,8261632.0,256.0,295203757.9089877,64.0,960.0,7040.0,1.0,64.0,64.0,64.0,1.0
runtime/bytes64_0/scalar8_projection/1024,4,0,runtime/bytes64_0/scalar8_projection/1024,iteration,5,3,1,32272,867.8447570650206,867.734599652949,ns,8261632.0,256.0,295021081.4486219,64.0,960.0,7040.0,1.0,64.0,64.0,64.0,1.0
runtime/bytes64_0/scalar8_projection/1024,4,0,runtime/bytes64_0/scalar8_projection/1024,iteration,5,4,1,32272,865.833725830131,865.8320525532955,ns,8261632.0,256.0,295669349.7833313,64.0,960.0,7040.0,1.0,64.0,64.0,64.0,1.0
runtime/bytes64_0/scalar8_projection/65536,4,1,runtime/bytes64_0/scalar8_projection/65536,iteration,5,0,1,25893,1078.7485420773928,1078.7642219904994,ns,6628608.0,256.0,237308574.73900777,64.0,960.0,7040.0,1.0,64.0,64.0,64.0,1.0
runtime/bytes64_0/scalar8_projection/65536,4,1,runtime/bytes64_0/scalar8_projection/65536,iteration,5,1,1,25893,1079.8874985518173,1079.095971884292,ns,6628608.0,256.0,237235618.21195456,64.0,960.0,7040.0,1.0,64.0,64.0,64.0,1.0
runtime/bytes64_0/scalar8_projection/65536,4,1,runtime/bytes64_0/scalar8_projection/65536,iteration,5,2,1,25893,1079.3583594022282,1079.1403854323512,ns,6628608.0,256.0,237225854.44472557,64.0,960.0,7040.0,1.0,64.0,64.0,64.0,1.0
runtime/bytes64_0/scalar8_projection/65536,4,1,runtime/bytes64_0/scalar8_projection/65536,iteration,5,3,1,25893,1080.1720928437958,1079.435407252925,ns,6628608.0,256.0,237161017.95428327,64.0,960.0,7040.0,1.0,64.0,64.0,64.0,1.0
runtime/bytes64_0/scalar8_projection/65536,4,1,runtime/bytes64_0/scalar8_projection/65536,iteration,5,4,1,25893,1081.048816282795,1079.9146873672444,ns,6628608.0,256.0,237055762.82521898,64.0,960.0,7040.0,1.0,64.0,64.0,64.0,1.0
runtime/bytes64_0/write_scalar/1024,5,0,runtime/bytes64_0/write_scalar/1024,iteration,5,0,1,1790,15721.143016767404,15721.112849161933,ns,458240.0,256.0,16283834.513257561,64.0,960.0,7040.0,1.0,64.0,64.0,64.0,1.0
runtime/bytes64_0/write_scalar/1024,5,0,runtime/bytes64_0/write_scalar/1024,iteration,5,1,1,1790,15707.846927361514,15706.66592178773,ns,458240.0,256.0,16298812.317952588,64.0,960.0,7040.0,1.0,64.0,64.0,64.0,1.0
runtime/bytes64_0/write_scalar/1024,5,0,runtime/bytes64_0/write_scalar/1024,iteration,5,2,1,1790,15688.567597765048,15688.536871508375,ns,458240.0,256.0,16317646.578306245,64.0,960.0,7040.0,1.0,64.0,64.0,64.0,1.0
runtime/bytes64_0/write_scalar/1024,5,0,runtime/bytes64_0/write_scalar/1024,iteration,5,3,1,1790,15643.444692731002,15642.57094972084,ns,458240.0,256.0,16365596.219627094,64.0,960.0,7040.0,1.0,64.0,64.0,64.0,1.0
runtime/bytes64_0/write_scalar/1024,5,0,runtime/bytes64_0/write_scalar/1024,iteration,5,4,1,1790,15628.260893864235,15627.27430167603,ns,458240.0,256.0,16381615.568912355,64.0,960.0,7040.0,1.0,64.0,64.0,64.0,1.0
runtime/bytes64_0/write_scalar/65536,5,1,runtime/bytes64_0/write_scalar/65536,iteration,5,0,1,1777,15757.72988181978,15726.42205965097,ns,454912.0,256.0,16278337.12137328,64.0,960.0,7040.0,1.0,64.0,64.0,64.0,1.0
runtime/bytes64_0/write_scalar/65536,5,1,runtime/bytes64_0/write_scalar/65536,iteration,5,1,1,1777,15681.21890827201,15681.340461451837,ns,454912.0,256.0,16325134.99909679,64.0,960.0,7040.0,1.0,64.0,64.0,64.0,1.0
runtime/bytes64_0/write_scalar/65536,5,1,runtime/bytes64_0/write_scalar/65536,iteration,5,2,1,1777,15702.237478888375,15669.809791783837,ns,454912.0,256.0,16337147.891496979,64.0,960.0,7040.0,1.0,64.0,64.0,64.0,1.0
runtime/bytes64_0/write_scalar/65536,5,1,runtime/bytes64_0/write_scalar/65536,iteration,5,3,1,1777,15669.28868878953,15669.274620146323,ns,454912.0,256.0,16337705.873815965,64.0,960.0,7040.0,1.0,64.0,64.0,64.0,1.0
runtime/bytes64_0/write_scalar/65536,5,1,runtime/bytes64_0/write_scalar/65536,iteration,5,4,1,1777,15751.77658974375,15740.388857625245,ns,454912.0,256.0,16263892.98991072,64.0,960.0,7040.0,1.0,64.0,64.0,64.0,1.0
runtime/bytes64_0/write_native/1024,6,0,runtime/bytes64_0/write_native/1024,iteration,5,0,1,40578,691.1421706340311,690.6511410123715,ns,10387968.0,256.0,370664702.9131808,64.0,960.0,7040.0,1.0,64.0,64.0,64.0,1.0
runtime/bytes64_0/write_native/1024,6,0,runtime/bytes64_0/write_native/1024,iteration,5,1,1,40578,690.6088767309326,690.6072502341191,ns,10387968.0,256.0,370688260.09749365,64.0,960.0,7040.0,1.0,64.0,64.0,64.0,1.0
runtime/bytes64_0/write_native/1024,6,0,runtime/bytes64_0/write_native/1024,iteration,5,2,1,40578,691.7518606141889,690.9614076593197,ns,10387968.0,256.0,370498261.06383854,64.0,960.0,7040.0,1.0,64.0,64.0,64.0,1.0
runtime/bytes64_0/write_native/1024,6,0,runtime/bytes64_0/write_native/1024,iteration,5,3,1,40578,691.044087929757,690.9862733500935,ns,10387968.0,256.0,370484928.38915724,64.0,960.0,7040.0,1.0,64.0,64.0,64.0,1.0
runtime/bytes64_0/write_native/1024,6,0,runtime/bytes64_0/write_native/1024,iteration,5,4,1,40578,691.1283454090591,691.012888757454,ns,10387968.0,256.0,370470658.6013567,64.0,960.0,7040.0,1.0,64.0,64.0,64.0,1.0
runtime/bytes64_0/write_native/65536,6,1,runtime/bytes64_0/write_native/65536,iteration,5,0,1,39946,701.809367646463,701.3193060631891,ns,10226176.0,256.0,365026312.247184,64.0,960.0,7040.0,1.0,64.0,64.0,64.0,1.0
runtime/bytes64_0/write_native/65536,6,1,runtime/bytes64_0/write_native/65536,iteration,5,1,1,39946,700.8089921395584,700.8126220397572,ns,10226176.0,256.0,365290224.4467239,64.0,960.0,7040.0,1.0,64.0,64.0,64.0,1.0
runtime/bytes64_0/write_native/65536,6,1,runtime/bytes64_0/write_native/65536,iteration,5,2,1,39946,704.0035547989668,701.9058478946654,ns,10226176.0,256.0,364721281.0206103,64.0,960.0,7040.0,1.0,64.0,64.0,64.0,1.0
runtime/bytes64_0/write_native/65536,6,1,runtime/bytes64_0/write_native/65536,iteration,5,3,1,39946,701.6859510343194,701.313322986029,ns,10226176.0,256.0,365029426.3768034,64.0,960.0,7040.0,1.0,64.0,64.0,64.0,1.0
runtime/bytes64_0/write_native/65536,6,1,runtime/bytes64_0/write_native/65536,iteration,5,4,1,39946,703.7817804030598,702.5217043007974,ns,10226176.0,256.0,364401552.909729,64.0,960.0,7040.0,1.0,64.0,64.0,64.0,1.0
runtime/bytes64_0/prepare_read,7,0,runtime/bytes64_0/prepare_read,iteration,5,0,1,106958,260.6990220461192,260.6986013201422,ns,0.0,1.0,3835847.2003153698,,960.0,7040.0,106958.0,,,,0.0
runtime/bytes64_0/prepare_read,7,0,runtime/bytes64_0/prepare_read,iteration,5,1,1,106958,260.8715196619954,260.6989846481801,ns,0.0,1.0,3835841.560140809,,960.0,7040.0,106958.0,,,,0.0
runtime/bytes64_0/prepare_read,7,0,runtime/bytes64_0/prepare_read,iteration,5,2,1,106958,260.796349969111,260.5283475756826,ns,0.0,1.0,3838353.9039240386,,960.0,7040.0,106958.0,,,,0.0
runtime/bytes64_0/prepare_read,7,0,runtime/bytes64_0/prepare_read,iteration,5,3,1,106958,260.41479833200526,260.41429346098397,ns,0.0,1.0,3840034.9946606252,,960.0,7040.0,106958.0,,,,0.0
runtime/bytes64_0/prepare_read,7,0,runtime/bytes64_0/prepare_read,iteration,5,4,1,106958,261.359561697177,261.0748237625975,ns,0.0,1.0,3830319.5443668193,,960.0,7040.0,106958.0,,,,0.0
runtime/bytes64_0/prepare_write,8,0,runtime/bytes64_0/prepare_write,iteration,5,0,1,59834,469.20374703380907,469.20299495270064,ns,0.0,1.0,2131273.6933846893,,960.0,7040.0,0.0,,,,59834.0
runtime/bytes64_0/prepare_write,8,0,runtime/bytes64_0/prepare_write,iteration,5,1,1,59834,470.41441320987764,469.9106193802878,ns,0.0,1.0,2128064.271709346,,960.0,7040.0,0.0,,,,59834.0
runtime/bytes64_0/prepare_write,8,0,runtime/bytes64_0/prepare_write,iteration,5,2,1,59834,469.98657953676366,469.96040712637813,ns,0.0,1.0,2127838.8239439237,,960.0,7040.0,0.0,,,,59834.0
runtime/bytes64_0/prepare_write,8,0,runtime/bytes64_0/prepare_write,iteration,5,3,1,59834,469.8274726741053,469.8265534645865,ns,0.0,1.0,2128445.045572282,,960.0,7040.0,0.0,,,,59834.0
runtime/bytes64_0/prepare_write,8,0,runtime/bytes64_0/prepare_write,iteration,5,4,1,59834,470.4804459002628,470.45295317043997,ns,0.0,1.0,2125611.0590036213,,960.0,7040.0,0.0,,,,59834.0
runtime/bytes64_1/read_inline/1024,9,0,runtime/bytes64_1/read_inline/1024,iteration,5,0,1,70325,395.0051333098631,395.004351226449,ns,18003200.0,256.0,648094126.5713798,64.0,960.0,7040.0,1.0,64.0,64.0,64.0,1.0
runtime/bytes64_1/read_inline/1024,9,0,runtime/bytes64_1/read_inline/1024,iteration,5,1,1,70325,394.9479701387893,394.8549164592966,ns,18003200.0,256.0,648339400.9515635,64.0,960.0,7040.0,1.0,64.0,64.0,64.0,1.0
runtime/bytes64_1/read_inline/1024,9,0,runtime/bytes64_1/read_inline/1024,iteration,5,2,1,70325,395.1459082829266,395.14498400284214,ns,18003200.0,256.0,647863468.7620347,64.0,960.0,7040.0,1.0,64.0,64.0,64.0,1.0
runtime/bytes64_1/read_inline/1024,9,0,runtime/bytes64_1/read_inline/1024,iteration,5,3,1,70325,399.8550586561812,399.5388837540003,ns,18003200.0,256.0,640738637.4879636,64.0,960.0,7040.0,1.0,64.0,64.0,64.0,1.0
runtime/bytes64_1/read_inline/1024,9,0,runtime/bytes64_1/read_inline/1024,iteration,5,4,1,70325,396.58892285788096,396.55827941698965,ns,18003200.0,256.0,645554545.9203752,64.0,960.0,7040.0,1.0,64.0,64.0,64.0,1.0
runtime/bytes64_1/read_inline/65536,9,1,runtime/bytes64_1/read_inline/65536,iteration,5,0,1,52107,536.7850192870952,536.7918321914491,ns,13339392.0,256.0,476907405.52977806,64.0,960.0,7040.0,1.0,64.0,64.0,64.0,1.0
runtime/bytes64_1/read_inline/65536,9,1,runtime/bytes64_1/read_inline/65536,iteration,5,1,1,52107,537.9616174406791,537.5821290805465,ns,13339392.0,256.0,476206306.25844944,64.0,960.0,7040.0,1.0,64.0,64.0,64.0,1.0
runtime/bytes64_1/read_inline/65536,9,1,runtime/bytes64_1/read_inline/65536,iteration,5,2,1,52107,537.6559003587258,537.5009499683341,ns,13339392.0,256.0,476278228.0014236,64.0,960.0,7040.0,1.0,64.0,64.0,64.0,1.0
runtime/bytes64_1/read_inline/65536,9,1,runtime/bytes64_1/read_inline/65536,iteration,5,3,1,52107,538.138177212346,537.7694359682919,ns,13339392.0,256.0,476040442.01406485,64.0,960.0,7040.0,1.0,64.0,64.0,64.0,1.0
runtime/bytes64_1/read_inline/65536,9,1,runtime/bytes64_1/read_inline/65536,iteration,5,4,1,52107,538.4857504751095,538.0947089642498,ns,13339392.0,256.0,475752680.2163897,64.0,960.0,7040.0,1.0,64.0,64.0,64.0,1.0
runtime/bytes64_1/read_bound/1024,10,0,runtime/bytes64_1/read_bound/1024,iteration,5,0,1,62354,447.8353754369216,447.32528787247105,ns,15962624.0,256.0,572290471.7002801,64.0,960.0,7040.0,1.0,64.0,64.0,64.0,1.0
runtime/bytes64_1/read_bound/1024,10,0,runtime/bytes64_1/read_bound/1024,iteration,5,1,1,62354,447.7593418224314,447.00084998556616,ns,15962624.0,256.0,572705846.1035731,64.0,960.0,7040.0,1.0,64.0,64.0,64.0,1.0
runtime/bytes64_1/read_bound/1024,10,0,runtime/bytes64_1/read_bound/1024,iteration,5,2,1,62354,446.4190909967134,446.41836931071003,ns,15962624.0,256.0,573453104.9770095,64.0,960.0,7040.0,1.0,64.0,64.0,64.0,1.0
runtime/bytes64_1/read_bound/1024,10,0,runtime/bytes64_1/read_bound/1024,iteration,5,3,1,62354,460.2780575425512,449.015011065853,ns,15962624.0,256.0,570136841.0653309,64.0,960.0,7040.0,1.0,64.0,64.0,64.0,1.0
runtime/bytes64_1/read_bound/1024,10,0,runtime/bytes64_1/read_bound/1024,iteration,5,4,1,62354,449.29093562562133,449.2079417519311,ns,15962624.0,256.0,569891972.5274413,64.0,960.0,7040.0,1.0,64.0,64.0,64.0,1.0
runtime/bytes64_1/read_bound/65536,10,1,runtime/bytes64_1/read_bound/65536,iteration,5,0,1,44790,624.0639874976606,623.9346282652381,ns,11466240.0,256.0,410299394.20379955,64.0,960.0,7040.0,1.0,64.0,64.0,64.0,1.0
runtime/bytes64_1/read_bound/65536,10,1,runtime/bytes64_1/read_bound/65536,iteration,5,1,1,44790,623.6962714885464,623.2297834338028,ns,11466240.0,256.0,410763424.3497148,64.0,960.0,7040.0,1.0,64.0,64.0,64.0,1.0
runtime/bytes64_1/read_bound/65536,10,1,runtime/bytes64_1/read_bound/65536,iteration,5,2,1,44790,624.5520428666158,623.4014735432097,ns,11466240.0,256.0,410650296.5817194,64.0,960.0,7040.0,1.0,64.0,64.0,64.0,1.0
runtime/bytes64_1/read_bound/65536,10,1,runtime/bytes64_1/read_bound/65536,iteration,5,3,1,44790,624.2408350080653,623.5037061844157,ns,11466240.0,256.0,410582964.40066713,64.0,960.0,7040.0,1.0,64.0,64.0,64.0,1.0
runtime/bytes64_1/read_bound/65536,10,1,runtime/bytes64_1/read_bound/65536,iteration,5,4,1,44790,622.5437820943697,622.5452333110115,ns,11466240.0,256.0,411215099.40484494,64.0,960.0,7040.0,1.0,64.0,64.0,64.0,1.0
runtime/bytes64_1/weighted_bound/1024,11,0,runtime/bytes64_1/weighted_bound/1024,iteration,5,0,1,44023,635.8153010923938,635.8140290302804,ns,11269888.0,256.0,402633456.1859882,64.0,960.0,7040.0,1.0,64.0,64.0,64.0,1.0
runtime/bytes64_1/weighted_bound/1024,11,0,runtime/bytes64_1/weighted_bound/1024,iteration,5,1,1,44023,636.076278308895,635.4962633168997,ns,11269888.0,256.0,402834784.05339074,64.0,960.0,7040.0,1.0,64.0,64.0,64.0,1.0
runtime/bytes64_1/weighted_bound/1024,11,0,runtime/bytes64_1/weighted_bound/1024,iteration,5,2,1,44023,635.3975649094958,635.235036231062,ns,11269888.0,256.0,403000441.409661,64.0,960.0,7040.0,1.0,64.0,64.0,64.0,1.0
runtime/bytes64_1/weighted_bound/1024,11,0,runtime/bytes64_1/weighted_bound/1024,iteration,5,3,1,44023,635.6853462958568,635.6425277695789,ns,11269888.0,256.0,402742089.80051166,64.0,960.0,7040.0,1.0,64.0,64.0,64.0,1.0
runtime/bytes64_1/weighted_bound/1024,11,0,runtime/bytes64_1/weighted_bound/1024,iteration,5,4,1,44023,636.4840197167989,635.7981509665386,ns,11269888.0,256.0,402643511.3264005,64.0,960.0,7040.0,1.0,64.0,64.0,64.0,1.0
runtime/bytes64_1/weighted_bound/65536,11,1,runtime/bytes64_1/weighted_bound/65536,iteration,5,0,1,31787,879.7724541480474,879.7892849278097,ns,8137472.0,256.0,290978765.46769476,64.0,960.0,7040.0,1.0,64.0,64.0,64.0,1.0
runtime/bytes64_1/weighted_bound/65536,11,1,runtime/bytes64_1/weighted_bound/65536,iteration,5,1,1,31787,882.1391449333715,880.2130430679111,ns,8137472.0,256.0,290838680.4945912,64.0,960.0,7040.0,1.0,64.0,64.0,64.0,1.0
runtime/bytes64_1/weighted_bound/65536,11,1,runtime/bytes64_1/weighted_bound/65536,iteration,5,2,1,31787,881.9676597343549,880.2624343284965,ns,8137472.0,256.0,290822361.623654,64.0,960.0,7040.0,1.0,64.0,64.0,64.0,1.0
runtime/bytes64_1/weighted_bound/65536,11,1,runtime/bytes64_1/weighted_bound/65536,iteration,5,3,1,31787,880.200270550053,879.4800390096603,ns,8137472.0,256.0,291081080.4623481,64.0,960.0,7040.0,1.0,64.0,64.0,64.0,1.0
runtime/bytes64_1/weighted_bound/65536,11,1,runtime/bytes64_1/weighted_bound/65536,iteration,5,4,1,31787,881.4523547361848,880.8434894768169,ns,8137472.0,256.0,290630518.4273462,64.0,960.0,7040.0,1.0,64.0,64.0,64.0,1.0
runtime/bytes64_1/scalar64/1024,12,0,runtime/bytes64_1/scalar64/1024,iteration,5,0,1,4819,5802.356713010497,5802.345092342729,ns,1233664.0,256.0,44120092.122379884,64.0,960.0,7040.0,1.0,64.0,64.0,64.0,1.0
runtime/bytes64_1/scalar64/1024,12,0,runtime/bytes64_1/scalar64/1024,iteration,5,1,1,4819,5817.930275990989,5806.800581033454,ns,1233664.0,256.0,44086239.302958615,64.0,960.0,7040.0,1.0,64.0,64.0,64.0,1.0
runtime/bytes64_1/scalar64/1024,12,0,runtime/bytes64_1/scalar64/1024,iteration,5,2,1,4819,5799.966175557325,5799.956630006192,ns,1233664.0,256.0,44138261.0820879,64.0,960.0,7040.0,1.0,64.0,64.0,64.0,1.0
runtime/bytes64_1/scalar64/1024,12,0,runtime/bytes64_1/scalar64/1024,iteration,5,3,1,4819,5804.020751193988,5803.3743515251435,ns,1233664.0,256.0,44112267.19033255,64.0,960.0,7040.0,1.0,64.0,64.0,64.0,1.0
runtime/bytes64_1/scalar64/1024,12,0,runtime/bytes64_1/scalar64/1024,iteration,5,4,1,4819,5799.355882961451,5799.344677318964,ns,1233664.0,256.0,44142918.5958212,64.0,960.0,7040.0,1.0,64.0,64.0,64.0,1.0
runtime/bytes64_1/scalar64/65536,12,1,runtime/bytes64_1/scalar64/65536,iteration,5,0,1,4163,6711.8030266643655,6710.396829209681,ns,1065728.0,256.0,38149755.747030914,64.0,960.0,7040.0,1.0,64.0,64.0,64.0,1.0
runtime/bytes64_1/scalar64/65536,12,1,runtime/bytes64_1/scalar64/65536,iteration,5,1,1,4163,6682.02618303859,6677.406197453792,ns,1065728.0,256.0,38338239.794011205,64.0,960.0,7040.0,1.0,64.0,64.0,64.0,1.0
runtime/bytes64_1/scalar64/65536,12,1,runtime/bytes64_1/scalar64/65536,iteration,5,2,1,4163,6702.790295459357,6702.868364160406,ns,1065728.0,256.0,38192604.43317184,64.0,960.0,7040.0,1.0,64.0,64.0,64.0,1.0
runtime/bytes64_1/scalar64/65536,12,1,runtime/bytes64_1/scalar64/65536,iteration,5,3,1,4163,6723.773000237299,6711.083593562383,ns,1065728.0,256.0,38145851.773559846,64.0,960.0,7040.0,1.0,64.0,64.0,64.0,1.0
runtime/bytes64_1/scalar64/65536,12,1,runtime/bytes64_1/scalar64/65536,iteration,5,4,1,4163,6629.63631996046,6629.644727360093,ns,1065728.0,256.0,38614437.20257066,64.0,960.0,7040.0,1.0,64.0,64.0,64.0,1.0
runtime/bytes64_1/scalar8_projection/1024,13,0,runtime/bytes64_1/scalar8_projection/1024,iteration,5,0,1,32320,866.2139851482195,866.2122834158451,ns,8273920.0,256.0,295539563.33946526,64.0,960.0,7040.0,1.0,64.0,64.0,64.0,1.0
runtime/bytes64_1/scalar8_projection/1024,13,0,runtime/bytes64_1/scalar8_projection/1024,iteration,5,1,1,32320,868.3560334154741,868.1262995049487,ns,8273920.0,256.0,294887967.50655365,64.0,960.0,7040.0,1.0,64.0,64.0,64.0,1.0
runtime/bytes64_1/scalar8_projection/1024,13,0,runtime/bytes64_1/scalar8_projection/1024,iteration,5,2,1,32320,867.5202970297678,867.5189047029747,ns,8273920.0,256.0,295094433.80677736,64.0,960.0,7040.0,1.0,64.0,64.0,64.0,1.0
runtime/bytes64_1/scalar8_projection/1024,13,0,runtime/bytes64_1/scalar8_projection/1024,iteration,5,3,1,32320,867.4296720296343,867.3419554455418,ns,8273920.0,256.0,295154636.9833987,64.0,960.0,7040.0,1.0,64.0,64.0,64.0,1.0
runtime/bytes64_1/scalar8_projection/1024,13,0,runtime/bytes64_1/scalar8_projection/1024,iteration,5,4,1,32320,867.9828589111951,867.0377784653484,ns,8273920.0,256.0,295258184.08180374,64.0,960.0,7040.0,1.0,64.0,64.0,64.0,1.0
runtime/bytes64_1/scalar8_projection/65536,13,1,runtime/bytes64_1/scalar8_projection/65536,iteration,5,0,1,26007,1078.7763679005004,1077.3680932056739,ns,6657792.0,256.0,237616095.7563541,64.0,960.0,7040.0,1.0,64.0,64.0,64.0,1.0
runtime/bytes64_1/scalar8_projection/65536,13,1,runtime/bytes64_1/scalar8_projection/65536,iteration,5,1,1,26007,1075.746029914924,1074.9171761448843,ns,6657792.0,256.0,238157883.86424914,64.0,960.0,7040.0,1.0,64.0,64.0,64.0,1.0
runtime/bytes64_1/scalar8_projection/65536,13,1,runtime/bytes64_1/scalar8_projection/65536,iteration,5,2,1,26007,1074.6378667287456,1074.6334063905872,ns,6657792.0,256.0,238220772.29093134,64.0,960.0,7040.0,1.0,64.0,64.0,64.0,1.0
runtime/bytes64_1/scalar8_projection/65536,13,1,runtime/bytes64_1/scalar8_projection/65536,iteration,5,3,1,26007,1076.1016649357732,1075.3532125966055,ns,6657792.0,256.0,238061315.11138433,64.0,960.0,7040.0,1.0,64.0,64.0,64.0,1.0
runtime/bytes64_1/scalar8_projection/65536,13,1,runtime/bytes64_1/scalar8_projection/65536,iteration,5,4,1,26007,1080.0286845849496,1076.662475487383,ns,6657792.0,256.0,237771823.41579613,64.0,960.0,7040.0,1.0,64.0,64.0,64.0,1.0
runtime/bytes64_1/write_scalar/1024,14,0,runtime/bytes64_1/write_scalar/1024,iteration,5,0,1,1780,15709.70561796626,15699.41685393275,ns,455680.0,256.0,16306338.151398996,64.0,960.0,7040.0,1.0,64.0,64.0,64.0,1.0
runtime/bytes64_1/write_scalar/1024,14,0,runtime/bytes64_1/write_scalar/1024,iteration,5,1,1,1780,15715.397191021812,15695.9780898877,ns,455680.0,256.0,16309910.636593634,64.0,960.0,7040.0,1.0,64.0,64.0,64.0,1.0
runtime/bytes64_1/write_scalar/1024,14,0,runtime/bytes64_1/write_scalar/1024,iteration,5,2,1,1780,15693.24494382816,15690.782022471663,ns,455680.0,256.0,16315311.731013013,64.0,960.0,7040.0,1.0,64.0,64.0,64.0,1.0
runtime/bytes64_1/write_scalar/1024,14,0,runtime/bytes64_1/write_scalar/1024,iteration,5,3,1,1780,15755.161235942518,15741.73146067413,ns,455680.0,256.0,16262505.852011083,64.0,960.0,7040.0,1.0,64.0,64.0,64.0,1.0
runtime/bytes64_1/write_scalar/1024,14,0,runtime/bytes64_1/write_scalar/1024,iteration,5,4,1,1780,15655.244943829575,15652.669101123403,ns,455680.0,256.0,16355038.13094897,64.0,960.0,7040.0,1.0,64.0,64.0,64.0,1.0
runtime/bytes64_1/write_scalar/65536,14,1,runtime/bytes64_1/write_scalar/65536,iteration,5,0,1,1777,15760.448508726067,15749.308384918333,ns,454912.0,256.0,16254682.030681914,64.0,960.0,7040.0,1.0,64.0,64.0,64.0,1.0
runtime/bytes64_1/write_scalar/65536,14,1,runtime/bytes64_1/write_scalar/65536,iteration,5,1,1,1777,15717.76364658785,15717.81148002293,ns,454912.0,256.0,16287254.769875031,64.0,960.0,7040.0,1.0,64.0,64.0,64.0,1.0
runtime/bytes64_1/write_scalar/65536,14,1,runtime/bytes64_1/write_scalar/65536,iteration,5,2,1,1777,15723.824423171263,15712.532920652799,ns,454912.0,256.0,16292726.404633947,64.0,960.0,7040.0,1.0,64.0,64.0,64.0,1.0
runtime/bytes64_1/write_scalar/65536,14,1,runtime/bytes64_1/write_scalar/65536,iteration,5,3,1,1777,15763.864378159684,15723.883511536302,ns,454912.0,256.0,16280965.183453431,64.0,960.0,7040.0,1.0,64.0,64.0,64.0,1.0
runtime/bytes64_1/write_scalar/65536,14,1,runtime/bytes64_1/write_scalar/65536,iteration,5,4,1,1777,15722.485087220919,15722.577940348843,ns,454912.0,256.0,16282317.121992273,64.0,960.0,7040.0,1.0,64.0,64.0,64.0,1.0
runtime/bytes64_1/write_native/1024,15,0,runtime/bytes64_1/write_native/1024,iteration,5,0,1,40312,696.537929152847,695.1173595951583,ns,10319872.0,256.0,368283134.4466729,64.0,960.0,7040.0,1.0,64.0,64.0,64.0,1.0
runtime/bytes64_1/write_native/1024,15,0,runtime/bytes64_1/write_native/1024,iteration,5,1,1,40312,694.0691605477202,694.0678209962433,ns,10319872.0,256.0,368840035.88085324,64.0,960.0,7040.0,1.0,64.0,64.0,64.0,1.0
runtime/bytes64_1/write_native/1024,15,0,runtime/bytes64_1/write_native/1024,iteration,5,2,1,40312,695.056955745478,695.0117086723616,ns,10319872.0,256.0,368339118.3279792,64.0,960.0,7040.0,1.0,64.0,64.0,64.0,1.0
runtime/bytes64_1/write_native/1024,15,0,runtime/bytes64_1/write_native/1024,iteration,5,3,1,40312,694.2668932328331,694.2655040682675,ns,10319872.0,256.0,368735013.4781108,64.0,960.0,7040.0,1.0,64.0,64.0,64.0,1.0
runtime/bytes64_1/write_native/1024,15,0,runtime/bytes64_1/write_native/1024,iteration,5,4,1,40312,694.6159208181721,694.5718892637558,ns,10319872.0,256.0,368572359.4016442,64.0,960.0,7040.0,1.0,64.0,64.0,64.0,1.0
runtime/bytes64_1/write_native/65536,15,1,runtime/bytes64_1/write_native/65536,iteration,5,0,1,39661,705.2925039709445,703.9245354378429,ns,10153216.0,256.0,363675347.44440657,64.0,960.0,7040.0,1.0,64.0,64.0,64.0,1.0
runtime/bytes64_1/write_native/65536,15,1,runtime/bytes64_1/write_native/65536,iteration,5,1,1,39661,704.549456645184,704.5546254507019,ns,10153216.0,256.0,363350109.0653367,64.0,960.0,7040.0,1.0,64.0,64.0,64.0,1.0
runtime/bytes64_1/write_native/65536,15,1,runtime/bytes64_1/write_native/65536,iteration,5,2,1,39661,705.4291621492031,704.7752452031064,ns,10153216.0,256.0,363236367.54044104,64.0,960.0,7040.0,1.0,64.0,64.0,64.0,1.0
runtime/bytes64_1/write_native/65536,15,1,runtime/bytes64_1/write_native/65536,iteration,5,3,1,39661,733.373565971477,732.8852525150855,ns,10153216.0,256.0,349304340.7838672,64.0,960.0,7040.0,1.0,64.0,64.0,64.0,1.0
runtime/bytes64_1/write_native/65536,15,1,runtime/bytes64_1/write_native/65536,iteration,5,4,1,39661,732.6950656814554,732.7057562845049,ns,10153216.0,256.0,349389912.39560676,64.0,960.0,7040.0,1.0,64.0,64.0,64.0,1.0
runtime/bytes64_1/prepare_read,16,0,runtime/bytes64_1/prepare_read,iteration,5,0,1,107455,259.64037038749456,259.34383695500753,ns,0.0,1.0,3855884.958521246,,960.0,7040.0,107455.0,,,,0.0
runtime/bytes64_1/prepare_read,16,0,runtime/bytes64_1/prepare_read,iteration,5,1,1,107455,258.36402214869247,258.3635103066407,ns,0.0,1.0,3870515.611175674,,960.0,7040.0,107455.0,,,,0.0
runtime/bytes64_1/prepare_read,16,0,runtime/bytes64_1/prepare_read,iteration,5,2,1,107455,258.68023823909436,258.4401005071872,ns,0.0,1.0,3869368.5617576605,,960.0,7040.0,107455.0,,,,0.0
runtime/bytes64_1/prepare_read,16,0,runtime/bytes64_1/prepare_read,iteration,5,3,1,107455,258.33535898764256,258.33485645153166,ns,0.0,1.0,3870944.919071028,,960.0,7040.0,107455.0,,,,0.0
runtime/bytes64_1/prepare_read,16,0,runtime/bytes64_1/prepare_read,iteration,5,4,1,107455,258.31851472711713,258.3041366153335,ns,0.0,1.0,3871405.286432559,,960.0,7040.0,107455.0,,,,0.0
runtime/bytes64_1/prepare_write,17,0,runtime/bytes64_1/prepare_write,iteration,5,0,1,59246,469.1816493936359,469.11221010701144,ns,0.0,1.0,2131686.1476956336,,960.0,7040.0,0.0,,,,59246.0
runtime/bytes64_1/prepare_write,17,0,runtime/bytes64_1/prepare_write,iteration,5,1,1,59246,469.22686763678087,469.2259561826927,ns,0.0,1.0,2131169.4010606925,,960.0,7040.0,0.0,,,,59246.0
runtime/bytes64_1/prepare_write,17,0,runtime/bytes64_1/prepare_write,iteration,5,2,1,59246,469.85545015713893,469.36115518347196,ns,0.0,1.0,2130555.5198940625,,960.0,7040.0,0.0,,,,59246.0
runtime/bytes64_1/prepare_write,17,0,runtime/bytes64_1/prepare_write,iteration,5,3,1,59246,468.4263241400781,468.4254126860799,ns,0.0,1.0,2134811.589887332,,960.0,7040.0,0.0,,,,59246.0
runtime/bytes64_1/prepare_write,17,0,runtime/bytes64_1/prepare_write,iteration,5,4,1,59246,469.38790804452435,469.06020659622567,ns,0.0,1.0,2131922.4823111366,,960.0,7040.0,0.0,,,,59246.0
runtime/bytes64_2/read_inline/1024,18,0,runtime/bytes64_2/read_inline/1024,iteration,5,0,1,70263,394.5619315999439,394.4864437897564,ns,17987328.0,256.0,648944986.6531701,64.0,960.0,7040.0,1.0,64.0,64.0,64.0,1.0
runtime/bytes64_2/read_inline/1024,18,0,runtime/bytes64_2/read_inline/1024,iteration,5,1,1,70263,401.2835631841922,401.2442110356763,ns,17987328.0,256.0,638015435.3859026,64.0,960.0,7040.0,1.0,64.0,64.0,64.0,1.0
runtime/bytes64_2/read_inline/1024,18,0,runtime/bytes64_2/read_inline/1024,iteration,5,2,1,70263,393.71370422529503,393.37860609424894,ns,17987328.0,256.0,650772553.5502695,64.0,960.0,7040.0,1.0,64.0,64.0,64.0,1.0
runtime/bytes64_2/read_inline/1024,18,0,runtime/bytes64_2/read_inline/1024,iteration,5,3,1,70263,393.0005123607452,392.99974381964137,ns,17987328.0,256.0,651399915.7146668,64.0,960.0,7040.0,1.0,64.0,64.0,64.0,1.0
runtime/bytes64_2/read_inline/1024,18,0,runtime/bytes64_2/read_inline/1024,iteration,5,4,1,70263,391.54241919669346,391.5178828117197,ns,17987328.0,256.0,653865407.530082,64.0,960.0,7040.0,1.0,64.0,64.0,64.0,1.0
runtime/bytes64_2/read_inline/65536,18,1,runtime/bytes64_2/read_inline/65536,iteration,5,0,1,52042,542.2556204599774,538.8649936589729,ns,13322752.0,256.0,475072611.9017718,64.0,960.0,7040.0,1.0,64.0,64.0,64.0,1.0
runtime/bytes64_2/read_inline/65536,18,1,runtime/bytes64_2/read_inline/65536,iteration,5,1,1,52042,539.2217247609541,538.0193305407248,ns,13322752.0,256.0,475819334.8605387,64.0,960.0,7040.0,1.0,64.0,64.0,64.0,1.0
runtime/bytes64_2/read_inline/65536,18,1,runtime/bytes64_2/read_inline/65536,iteration,5,2,1,52042,540.502036815903,538.6668844394886,ns,13322752.0,256.0,475247332.6188995,64.0,960.0,7040.0,1.0,64.0,64.0,64.0,1.0
runtime/bytes64_2/read_inline/65536,18,1,runtime/bytes64_2/read_inline/65536,iteration,5,3,1,52042,538.2175166212295,537.8540793973979,ns,13322752.0,256.0,475965526.3502284,64.0,960.0,7040.0,1.0,64.0,64.0,64.0,1.0
runtime/bytes64_2/read_inline/65536,18,1,runtime/bytes64_2/read_inline/65536,iteration,5,4,1,52042,538.51748587646,538.1451904231135,ns,13322752.0,256.0,475708051.5738169,64.0,960.0,7040.0,1.0,64.0,64.0,64.0,1.0
runtime/bytes64_2/read_bound/1024,19,0,runtime/bytes64_2/read_bound/1024,iteration,5,0,1,62569,449.1071776759549,449.10613882273447,ns,16017664.0,256.0,570021155.0683013,64.0,960.0,7040.0,1.0,64.0,64.0,64.0,1.0
runtime/bytes64_2/read_bound/1024,19,0,runtime/bytes64_2/read_bound/1024,iteration,5,1,1,62569,447.30898687818035,446.99677156418784,ns,16017664.0,256.0,572711071.5009693,64.0,960.0,7040.0,1.0,64.0,64.0,64.0,1.0
runtime/bytes64_2/read_bound/1024,19,0,runtime/bytes64_2/read_bound/1024,iteration,5,2,1,62569,447.7921494668564,447.2902235931544,ns,16017664.0,256.0,572335335.0840328,64.0,960.0,7040.0,1.0,64.0,64.0,64.0,1.0
runtime/bytes64_2/read_bound/1024,19,0,runtime/bytes64_2/read_bound/1024,iteration,5,3,1,62569,450.06180376835516,449.59022838786365,ns,16017664.0,256.0,569407393.3011452,64.0,960.0,7040.0,1.0,64.0,64.0,64.0,1.0
runtime/bytes64_2/read_bound/1024,19,0,runtime/bytes64_2/read_bound/1024,iteration,5,4,1,62569,448.61731848074413,447.90953986798485,ns,16017664.0,256.0,571543977.5528167,64.0,960.0,7040.0,1.0,64.0,64.0,64.0,1.0
runtime/bytes64_2/read_bound/65536,19,1,runtime/bytes64_2/read_bound/65536,iteration,5,0,1,44906,623.7706765240488,623.7901616710474,ns,11495936.0,256.0,410394417.4339196,64.0,960.0,7040.0,1.0,64.0,64.0,64.0,1.0
runtime/bytes64_2/read_bound/65536,19,1,runtime/bytes64_2/read_bound/65536,iteration,5,1,1,44906,623.7043156819217,623.252616576856,ns,11495936.0,256.0,410748375.8448554,64.0,960.0,7040.0,1.0,64.0,64.0,64.0,1.0
runtime/bytes64_2/read_bound/65536,19,1,runtime/bytes64_2/read_bound/65536,iteration,5,2,1,44906,623.4219703381343,622.9780430231981,ns,11495936.0,256.0,410929410.5417889,64.0,960.0,7040.0,1.0,64.0,64.0,64.0,1.0
runtime/bytes64_2/read_bound/65536,19,1,runtime/bytes64_2/read_bound/65536,iteration,5,3,1,44906,622.519396071973,622.5282144925137,ns,11495936.0,256.0,411226341.2971439,64.0,960.0,7040.0,1.0,64.0,64.0,64.0,1.0
runtime/bytes64_2/read_bound/65536,19,1,runtime/bytes64_2/read_bound/65536,iteration,5,4,1,44906,623.5949761720641,623.1610920589766,ns,11495936.0,256.0,410808703.017954,64.0,960.0,7040.0,1.0,64.0,64.0,64.0,1.0
runtime/bytes64_2/weighted_bound/1024,20,0,runtime/bytes64_2/weighted_bound/1024,iteration,5,0,1,44045,636.1788398229079,635.4506073334081,ns,11275520.0,256.0,402863727.0082614,64.0,960.0,7040.0,1.0,64.0,64.0,64.0,1.0
runtime/bytes64_2/weighted_bound/1024,20,0,runtime/bytes64_2/weighted_bound/1024,iteration,5,1,1,44045,635.7885344531278,635.3073220569879,ns,11275520.0,256.0,402954587.6649545,64.0,960.0,7040.0,1.0,64.0,64.0,64.0,1.0
runtime/bytes64_2/weighted_bound/1024,20,0,runtime/bytes64_2/weighted_bound/1024,iteration,5,2,1,44045,636.1963219431383,636.1544329662811,ns,11275520.0,256.0,402418008.47997725,64.0,960.0,7040.0,1.0,64.0,64.0,64.0,1.0
runtime/bytes64_2/weighted_bound/1024,20,0,runtime/bytes64_2/weighted_bound/1024,iteration,5,3,1,44045,635.4556930408211,635.3441253263514,ns,11275520.0,256.0,402931245.9110294,64.0,960.0,7040.0,1.0,64.0,64.0,64.0,1.0
runtime/bytes64_2/weighted_bound/1024,20,0,runtime/bytes64_2/weighted_bound/1024,iteration,5,4,1,44045,635.4777386764198,635.439232603005,ns,11275520.0,256.0,402870938.50237244,64.0,960.0,7040.0,1.0,64.0,64.0,64.0,1.0
runtime/bytes64_2/weighted_bound/65536,20,1,runtime/bytes64_2/weighted_bound/65536,iteration,5,0,1,31776,880.3404141488256,880.3531281470249,ns,8134656.0,256.0,290792401.1570574,64.0,960.0,7040.0,1.0,64.0,64.0,64.0,1.0
runtime/bytes64_2/weighted_bound/65536,20,1,runtime/bytes64_2/weighted_bound/65536,iteration,5,1,1,31776,880.4433220040515,880.4484831319267,ns,8134656.0,256.0,290760907.54266304,64.0,960.0,7040.0,1.0,64.0,64.0,64.0,1.0
runtime/bytes64_2/weighted_bound/65536,20,1,runtime/bytes64_2/weighted_bound/65536,iteration,5,2,1,31776,883.5141931013522,881.8489111279125,ns,8134656.0,256.0,290299162.10087276,64.0,960.0,7040.0,1.0,64.0,64.0,64.0,1.0
runtime/bytes64_2/weighted_bound/65536,20,1,runtime/bytes64_2/weighted_bound/65536,iteration,5,3,1,31776,880.5116125374005,880.5218089123914,ns,8134656.0,256.0,290736694.3201642,64.0,960.0,7040.0,1.0,64.0,64.0,64.0,1.0
runtime/bytes64_2/weighted_bound/65536,20,1,runtime/bytes64_2/weighted_bound/65536,iteration,5,4,1,31776,881.4667044310792,880.8103914904449,ns,8134656.0,256.0,290641439.3758627,64.0,960.0,7040.0,1.0,64.0,64.0,64.0,1.0
runtime/bytes64_2/scalar64/1024,21,0,runtime/bytes64_2/scalar64/1024,iteration,5,0,1,4819,5811.516082176412,5805.098983191415,ns,1233664.0,256.0,44099161.91631608,64.0,960.0,7040.0,1.0,64.0,64.0,64.0,1.0
runtime/bytes64_2/scalar64/1024,21,0,runtime/bytes64_2/scalar64/1024,iteration,5,1,1,4819,5809.407968460171,5806.327246316801,ns,1233664.0,256.0,44089833.235354,64.0,960.0,7040.0,1.0,64.0,64.0,64.0,1.0
runtime/bytes64_2/scalar64/1024,21,0,runtime/bytes64_2/scalar64/1024,iteration,5,2,1,4819,5808.482257731145,5808.120149408523,ns,1233664.0,256.0,44076223.186614014,64.0,960.0,7040.0,1.0,64.0,64.0,64.0,1.0
runtime/bytes64_2/scalar64/1024,21,0,runtime/bytes64_2/scalar64/1024,iteration,5,3,1,4819,5801.945631873968,5801.9344262294535,ns,1233664.0,256.0,44123214.98200189,64.0,960.0,7040.0,1.0,64.0,64.0,64.0,1.0
runtime/bytes64_2/scalar64/1024,21,0,runtime/bytes64_2/scalar64/1024,iteration,5,4,1,4819,5816.9572525405165,5811.131147541047,ns,1233664.0,256.0,44053385.39095356,64.0,960.0,7040.0,1.0,64.0,64.0,64.0,1.0
runtime/bytes64_2/scalar64/65536,21,1,runtime/bytes64_2/scalar64/65536,iteration,5,0,1,4144,6742.433880313438,6734.285955598414,ns,1060864.0,256.0,38014423.754485734,64.0,960.0,7040.0,1.0,64.0,64.0,64.0,1.0
runtime/bytes64_2/scalar64/65536,21,1,runtime/bytes64_2/scalar64/65536,iteration,5,1,1,4144,6729.890444014361,6724.606901544458,ns,1060864.0,256.0,38069139.76506252,64.0,960.0,7040.0,1.0,64.0,64.0,64.0,1.0
runtime/bytes64_2/scalar64/65536,21,1,runtime/bytes64_2/scalar64/65536,iteration,5,2,1,4144,6732.699324322459,6727.975627413071,ns,1060864.0,256.0,38050078.385678224,64.0,960.0,7040.0,1.0,64.0,64.0,64.0,1.0
runtime/bytes64_2/scalar64/65536,21,1,runtime/bytes64_2/scalar64/65536,iteration,5,3,1,4144,6728.922779922219,6725.765444015554,ns,1060864.0,256.0,38062582.18947904,64.0,960.0,7040.0,1.0,64.0,64.0,64.0,1.0
runtime/bytes64_2/scalar64/65536,21,1,runtime/bytes64_2/scalar64/65536,iteration,5,4,1,4144,6737.390444010788,6732.724903474726,ns,1060864.0,256.0,38023237.79304865,64.0,960.0,7040.0,1.0,64.0,64.0,64.0,1.0
runtime/bytes64_2/scalar8_projection/1024,22,0,runtime/bytes64_2/scalar8_projection/1024,iteration,5,0,1,32258,868.6374232745386,867.3901667803258,ns,8258048.0,256.0,295138231.67980903,64.0,960.0,7040.0,1.0,64.0,64.0,64.0,1.0
runtime/bytes64_2/scalar8_projection/1024,22,0,runtime/bytes64_2/scalar8_projection/1024,iteration,5,1,1,32258,868.2084134168161,867.2112654225339,ns,8258048.0,256.0,295199117.2246458,64.0,960.0,7040.0,1.0,64.0,64.0,64.0,1.0
runtime/bytes64_2/scalar8_projection/1024,22,0,runtime/bytes64_2/scalar8_projection/1024,iteration,5,2,1,32258,867.0018600037704,866.9449748899467,ns,8258048.0,256.0,295289790.48814213,64.0,960.0,7040.0,1.0,64.0,64.0,64.0,1.0
runtime/bytes64_2/scalar8_projection/1024,22,0,runtime/bytes64_2/scalar8_projection/1024,iteration,5,3,1,32258,865.5811581627712,865.5794531588897,ns,8258048.0,256.0,295755634.0619461,64.0,960.0,7040.0,1.0,64.0,64.0,64.0,1.0
runtime/bytes64_2/scalar8_projection/1024,22,0,runtime/bytes64_2/scalar8_projection/1024,iteration,5,4,1,32258,867.24180048368,867.1911153822185,ns,8258048.0,256.0,295205976.46709836,64.0,960.0,7040.0,1.0,64.0,64.0,64.0,1.0
runtime/bytes64_2/scalar8_projection/65536,22,1,runtime/bytes64_2/scalar8_projection/65536,iteration,5,0,1,26007,1077.5308955280375,1075.5570038835406,ns,6657792.0,256.0,238016208.41634092,64.0,960.0,7040.0,1.0,64.0,64.0,64.0,1.0
runtime/bytes64_2/scalar8_projection/65536,22,1,runtime/bytes64_2/scalar8_projection/65536,iteration,5,1,1,26007,1074.5513131080986,1074.560349136788,ns,6657792.0,256.0,238236968.45472565,64.0,960.0,7040.0,1.0,64.0,64.0,64.0,1.0
runtime/bytes64_2/scalar8_projection/65536,22,1,runtime/bytes64_2/scalar8_projection/65536,iteration,5,2,1,26007,1079.9252508939317,1076.6263698235414,ns,6657792.0,256.0,237779797.31441864,64.0,960.0,7040.0,1.0,64.0,64.0,64.0,1.0
runtime/bytes64_2/scalar8_projection/65536,22,1,runtime/bytes64_2/scalar8_projection/65536,iteration,5,3,1,26007,1074.8446956589091,1074.6230630214752,ns,6657792.0,256.0,238223065.19293833,64.0,960.0,7040.0,1.0,64.0,64.0,64.0,1.0
runtime/bytes64_2/scalar8_projection/65536,22,1,runtime/bytes64_2/scalar8_projection/65536,iteration,5,4,1,26007,1075.3888183946267,1074.6407505671652,ns,6657792.0,256.0,238219144.27206522,64.0,960.0,7040.0,1.0,64.0,64.0,64.0,1.0
runtime/bytes64_2/write_scalar/1024,23,0,runtime/bytes64_2/write_scalar/1024,iteration,5,0,1,1784,15686.46076232795,15677.489349775888,ns,456704.0,256.0,16329145.202299856,64.0,960.0,7040.0,1.0,64.0,64.0,64.0,1.0
runtime/bytes64_2/write_scalar/1024,23,0,runtime/bytes64_2/write_scalar/1024,iteration,5,1,1,1784,15721.090807176606,15721.066143497934,ns,456704.0,256.0,16283882.89084827,64.0,960.0,7040.0,1.0,64.0,64.0,64.0,1.0
runtime/bytes64_2/write_scalar/1024,23,0,runtime/bytes64_2/write_scalar/1024,iteration,5,2,1,1784,15746.607062768355,15745.511210762304,ns,456704.0,256.0,16258601.996041892,64.0,960.0,7040.0,1.0,64.0,64.0,64.0,1.0
runtime/bytes64_2/write_scalar/1024,23,0,runtime/bytes64_2/write_scalar/1024,iteration,5,3,1,1784,15748.00840807223,15747.971412555962,ns,456704.0,256.0,16256062.021797266,64.0,960.0,7040.0,1.0,64.0,64.0,64.0,1.0
runtime/bytes64_2/write_scalar/1024,23,0,runtime/bytes64_2/write_scalar/1024,iteration,5,4,1,1784,15770.861547084698,15751.800448430578,ns,456704.0,256.0,16252110.40719516,64.0,960.0,7040.0,1.0,64.0,64.0,64.0,1.0
runtime/bytes64_2/write_scalar/65536,23,1,runtime/bytes64_2/write_scalar/65536,iteration,5,0,1,1775,15743.693521122803,15732.890704225249,ns,454400.0,256.0,16271644.214196965,64.0,960.0,7040.0,1.0,64.0,64.0,64.0,1.0
runtime/bytes64_2/write_scalar/65536,23,1,runtime/bytes64_2/write_scalar/65536,iteration,5,1,1,1775,15790.6569014153,15776.35549295769,ns,454400.0,256.0,16226814.875861173,64.0,960.0,7040.0,1.0,64.0,64.0,64.0,1.0
runtime/bytes64_2/write_scalar/65536,23,1,runtime/bytes64_2/write_scalar/65536,iteration,5,2,1,1775,15746.803380278847,15746.78366197186,ns,454400.0,256.0,16257288.186300192,64.0,960.0,7040.0,1.0,64.0,64.0,64.0,1.0
runtime/bytes64_2/write_scalar/65536,23,1,runtime/bytes64_2/write_scalar/65536,iteration,5,3,1,1775,15752.251267601205,15735.713239436878,ns,454400.0,256.0,16268725.548354063,64.0,960.0,7040.0,1.0,64.0,64.0,64.0,1.0
runtime/bytes64_2/write_scalar/65536,23,1,runtime/bytes64_2/write_scalar/65536,iteration,5,4,1,1775,15728.510422527954,15728.704788732211,ns,454400.0,256.0,16275974.623377394,64.0,960.0,7040.0,1.0,64.0,64.0,64.0,1.0
runtime/bytes64_2/write_native/1024,24,0,runtime/bytes64_2/write_native/1024,iteration,5,0,1,40499,693.4609990375436,692.2188449097466,ns,10367744.0,256.0,369825239.3480821,64.0,960.0,7040.0,1.0,64.0,64.0,64.0,1.0
runtime/bytes64_2/write_native/1024,24,0,runtime/bytes64_2/write_native/1024,iteration,5,1,1,40499,691.5525568536077,691.355885330503,ns,10367744.0,256.0,370286860.11346966,64.0,960.0,7040.0,1.0,64.0,64.0,64.0,1.0
runtime/bytes64_2/write_native/1024,24,0,runtime/bytes64_2/write_native/1024,iteration,5,2,1,40499,691.3149954315426,691.310921257324,ns,10367744.0,256.0,370310944.21942466,64.0,960.0,7040.0,1.0,64.0,64.0,64.0,1.0
runtime/bytes64_2/write_native/1024,24,0,runtime/bytes64_2/write_native/1024,iteration,5,3,1,40499,692.1925479636778,691.3635398404883,ns,10367744.0,256.0,370282760.44042534,64.0,960.0,7040.0,1.0,64.0,64.0,64.0,1.0
runtime/bytes64_2/write_native/1024,24,0,runtime/bytes64_2/write_native/1024,iteration,5,4,1,40499,690.4816662139765,690.4803081557501,ns,10367744.0,256.0,370756409.67049074,64.0,960.0,7040.0,1.0,64.0,64.0,64.0,1.0
runtime/bytes64_2/write_native/65536,24,1,runtime/bytes64_2/write_native/65536,iteration,5,0,1,38204,731.3513244685479,731.3708250445062,ns,9780224.0,256.0,350027634.7288281,64.0,960.0,7040.0,1.0,64.0,64.0,64.0,1.0
runtime/bytes64_2/write_native/65536,24,1,runtime/bytes64_2/write_native/65536,iteration,5,1,1,38204,732.2928750912162,731.7545544969122,ns,9780224.0,256.0,349844081.49806774,64.0,960.0,7040.0,1.0,64.0,64.0,64.0,1.0
runtime/bytes64_2/write_native/65536,24,1,runtime/bytes64_2/write_native/65536,iteration,5,2,1,38204,733.3341011413493,732.4518636791902,ns,9780224.0,256.0,349511022.76412064,64.0,960.0,7040.0,1.0,64.0,64.0,64.0,1.0
runtime/bytes64_2/write_native/65536,24,1,runtime/bytes64_2/write_native/65536,iteration,5,3,1,38204,733.6620772693001,733.1224740864934,ns,9780224.0,256.0,349191313.9328986,64.0,960.0,7040.0,1.0,64.0,64.0,64.0,1.0
runtime/bytes64_2/write_native/65536,24,1,runtime/bytes64_2/write_native/65536,iteration,5,4,1,38204,732.345984713269,732.1521568422178,ns,9780224.0,256.0,349654095.2691193,64.0,960.0,7040.0,1.0,64.0,64.0,64.0,1.0
runtime/bytes64_2/prepare_read,25,0,runtime/bytes64_2/prepare_read,iteration,5,0,1,108594,258.2451700830445,258.05450577379213,ns,0.0,1.0,3875150.3175712405,,960.0,7040.0,108594.0,,,,0.0
runtime/bytes64_2/prepare_read,25,0,runtime/bytes64_2/prepare_read,iteration,5,1,1,108594,258.01791075005883,257.9701640974709,ns,0.0,1.0,3876417.272898901,,960.0,7040.0,108594.0,,,,0.0
runtime/bytes64_2/prepare_read,25,0,runtime/bytes64_2/prepare_read,iteration,5,2,1,108594,258.7281709856373,258.72756321712023,ns,0.0,1.0,3865069.4482087907,,960.0,7040.0,108594.0,,,,0.0
runtime/bytes64_2/prepare_read,25,0,runtime/bytes64_2/prepare_read,iteration,5,3,1,108594,258.3596331288682,258.1356428531954,ns,0.0,1.0,3873932.282062695,,960.0,7040.0,108594.0,,,,0.0
runtime/bytes64_2/prepare_read,25,0,runtime/bytes64_2/prepare_read,iteration,5,4,1,108594,257.91090668002835,257.89418384072957,ns,0.0,1.0,3877559.3350239363,,960.0,7040.0,108594.0,,,,0.0
runtime/bytes64_2/prepare_write,26,0,runtime/bytes64_2/prepare_write,iteration,5,0,1,53513,521.881897857018,521.3038140265087,ns,0.0,1.0,1918267.1852639646,,960.0,7040.0,0.0,,,,53513.0
runtime/bytes64_2/prepare_write,26,0,runtime/bytes64_2/prepare_write,iteration,5,1,1,53513,522.3572963583487,522.3561003868122,ns,0.0,1.0,1914402.836033667,,960.0,7040.0,0.0,,,,53513.0
runtime/bytes64_2/prepare_write,26,0,runtime/bytes64_2/prepare_write,iteration,5,2,1,53513,522.4111337431322,522.3811223441058,ns,0.0,1.0,1914311.1364986778,,960.0,7040.0,0.0,,,,53513.0
runtime/bytes64_2/prepare_write,26,0,runtime/bytes64_2/prepare_write,iteration,5,3,1,53513,523.2028852801251,522.7389980004892,ns,0.0,1.0,1913000.567826516,,960.0,7040.0,0.0,,,,53513.0
runtime/bytes64_2/prepare_write,26,0,runtime/bytes64_2/prepare_write,iteration,5,4,1,53513,525.5847551062471,525.583914189067,ns,0.0,1.0,1902645.7488580453,,960.0,7040.0,0.0,,,,53513.0
runtime/motif16_0/read_inline/1024,27,0,runtime/motif16_0/read_inline/1024,iteration,5,0,1,98391,284.5337175147829,282.9473427447647,ns,25188096.0,256.0,904761986.8652635,16.0,960.0,7040.0,1.0,16.0,16.0,16.0,1.0
runtime/motif16_0/read_inline/1024,27,0,runtime/motif16_0/read_inline/1024,iteration,5,1,1,98391,283.78973686622567,283.7879582482148,ns,25188096.0,256.0,902081968.4536787,16.0,960.0,7040.0,1.0,16.0,16.0,16.0,1.0
runtime/motif16_0/read_inline/1024,27,0,runtime/motif16_0/read_inline/1024,iteration,5,2,1,98391,283.61248488186243,283.26637598967716,ns,25188096.0,256.0,903742984.3396915,16.0,960.0,7040.0,1.0,16.0,16.0,16.0,1.0
runtime/motif16_0/read_inline/1024,27,0,runtime/motif16_0/read_inline/1024,iteration,5,3,1,98391,282.4152209044847,282.4147635454518,ns,25188096.0,256.0,906468191.6276639,16.0,960.0,7040.0,1.0,16.0,16.0,16.0,1.0
runtime/motif16_0/read_inline/1024,27,0,runtime/motif16_0/read_inline/1024,iteration,5,4,1,98391,282.8009269142469,282.7803559268595,ns,25188096.0,256.0,905296264.8728465,16.0,960.0,7040.0,1.0,16.0,16.0,16.0,1.0
runtime/motif16_0/read_inline/65536,27,1,runtime/motif16_0/read_inline/65536,iteration,5,0,1,87652,321.10786975796117,320.8782686076772,ns,22438912.0,256.0,797810338.2033613,16.0,960.0,7040.0,1.0,16.0,16.0,16.0,1.0
runtime/motif16_0/read_inline/65536,27,1,runtime/motif16_0/read_inline/65536,iteration,5,1,1,87652,321.2687217632695,321.34373431297377,ns,22438912.0,256.0,796654711.6511317,16.0,960.0,7040.0,1.0,16.0,16.0,16.0,1.0
runtime/motif16_0/read_inline/65536,27,1,runtime/motif16_0/read_inline/65536,iteration,5,2,1,87652,320.54244056038743,320.3249326883678,ns,22438912.0,256.0,799188492.2958927,16.0,960.0,7040.0,1.0,16.0,16.0,16.0,1.0
runtime/motif16_0/read_inline/65536,27,1,runtime/motif16_0/read_inline/65536,iteration,5,3,1,87652,320.73868251711946,320.6705152192737,ns,22438912.0,256.0,798327217.0344313,16.0,960.0,7040.0,1.0,16.0,16.0,16.0,1.0
runtime/motif16_0/read_inline/65536,27,1,runtime/motif16_0/read_inline/65536,iteration,5,4,1,87652,321.5609113309221,321.0061607265037,ns,22438912.0,256.0,797492482.4514856,16.0,960.0,7040.0,1.0,16.0,16.0,16.0,1.0
runtime/motif16_0/read_bound/1024,28,0,runtime/motif16_0/read_bound/1024,iteration,5,0,1,84007,332.64604140128256,332.4317140238307,ns,21505792.0,256.0,770082965.0135257,16.0,960.0,7040.0,1.0,16.0,16.0,16.0,1.0
runtime/motif16_0/read_bound/1024,28,0,runtime/motif16_0/read_bound/1024,iteration,5,1,1,84007,334.6168414538625,334.5807135119664,ns,21505792.0,256.0,765136750.749514,16.0,960.0,7040.0,1.0,16.0,16.0,16.0,1.0
runtime/motif16_0/read_bound/1024,28,0,runtime/motif16_0/read_bound/1024,iteration,5,2,1,84007,333.0837430211467,333.05071005987725,ns,21505792.0,256.0,768651716.5928733,16.0,960.0,7040.0,1.0,16.0,16.0,16.0,1.0
runtime/motif16_0/read_bound/1024,28,0,runtime/motif16_0/read_bound/1024,iteration,5,3,1,84007,332.11156213196466,332.1110383658544,ns,21505792.0,256.0,770826532.1732237,16.0,960.0,7040.0,1.0,16.0,16.0,16.0,1.0
runtime/motif16_0/read_bound/1024,28,0,runtime/motif16_0/read_bound/1024,iteration,5,4,1,84007,332.1076338878185,332.0863856583427,ns,21505792.0,256.0,770883755.1183989,16.0,960.0,7040.0,1.0,16.0,16.0,16.0,1.0
runtime/motif16_0/read_bound/65536,28,1,runtime/motif16_0/read_bound/65536,iteration,5,0,1,75511,371.57098965724697,371.4625948537292,ns,19330816.0,256.0,689167640.4209827,16.0,960.0,7040.0,1.0,16.0,16.0,16.0,1.0
runtime/motif16_0/read_bound/65536,28,1,runtime/motif16_0/read_bound/65536,iteration,5,1,1,75511,371.21289613455514,370.5539722689329,ns,19330816.0,256.0,690857524.5665041,16.0,960.0,7040.0,1.0,16.0,16.0,16.0,1.0
runtime/motif16_0/read_bound/65536,28,1,runtime/motif16_0/read_bound/65536,iteration,5,2,1,75511,370.8849836447174,370.1659625749879,ns,19330816.0,256.0,691581684.6562163,16.0,960.0,7040.0,1.0,16.0,16.0,16.0,1.0
runtime/motif16_0/read_bound/65536,28,1,runtime/motif16_0/read_bound/65536,iteration,5,3,1,75511,370.028816993329,370.02783700388335,ns,19330816.0,256.0,691839841.2206845,16.0,960.0,7040.0,1.0,16.0,16.0,16.0,1.0
runtime/motif16_0/read_bound/65536,28,1,runtime/motif16_0/read_bound/65536,iteration,5,4,1,75511,383.6144270372129,373.2421898796241,ns,19330816.0,256.0,685881732.9374357,16.0,960.0,7040.0,1.0,16.0,16.0,16.0,1.0
runtime/motif16_0/weighted_bound/1024,29,0,runtime/motif16_0/weighted_bound/1024,iteration,5,0,1,49915,560.5362516280125,560.5349293799393,ns,12778240.0,256.0,456706596.82740164,16.0,960.0,7040.0,1.0,16.0,16.0,16.0,1.0
runtime/motif16_0/weighted_bound/1024,29,0,runtime/motif16_0/weighted_bound/1024,iteration,5,1,1,49915,561.5697886411104,561.0794550736189,ns,12778240.0,256.0,456263364.6359594,16.0,960.0,7040.0,1.0,16.0,16.0,16.0,1.0
runtime/motif16_0/weighted_bound/1024,29,0,runtime/motif16_0/weighted_bound/1024,iteration,5,2,1,49915,562.1968746869607,561.0370029049428,ns,12778240.0,256.0,456297888.8638017,16.0,960.0,7040.0,1.0,16.0,16.0,16.0,1.0
runtime/motif16_0/weighted_bound/1024,29,0,runtime/motif16_0/weighted_bound/1024,iteration,5,3,1,49915,561.9498347191446,561.1341480516874,ns,12778240.0,256.0,456218893.2697414,16.0,960.0,7040.0,1.0,16.0,16.0,16.0,1.0
runtime/motif16_0/weighted_bound/1024,29,0,runtime/motif16_0/weighted_bound/1024,iteration,5,4,1,49915,560.6169888810482,560.5457678052695,ns,12778240.0,256.0,456697766.1829979,16.0,960.0,7040.0,1.0,16.0,16.0,16.0,1.0
runtime/motif16_0/weighted_bound/65536,29,1,runtime/motif16_0/weighted_bound/65536,iteration,5,0,1,45758,611.3351982166979,611.186262511488,ns,11714048.0,256.0,418857581.890084,16.0,960.0,7040.0,1.0,16.0,16.0,16.0,1.0
runtime/motif16_0/weighted_bound/65536,29,1,runtime/motif16_0/weighted_bound/65536,iteration,5,1,1,45758,611.4730976004864,610.997027842128,ns,11714048.0,256.0,418987308.1774571,16.0,960.0,7040.0,1.0,16.0,16.0,16.0,1.0
runtime/motif16_0/weighted_bound/65536,29,1,runtime/motif16_0/weighted_bound/65536,iteration,5,2,1,45758,612.2812841469664,611.1947856112803,ns,11714048.0,256.0,418851740.9289809,16.0,960.0,7040.0,1.0,16.0,16.0,16.0,1.0
runtime/motif16_0/weighted_bound/65536,29,1,runtime/motif16_0/weighted_bound/65536,iteration,5,3,1,45758,611.6468595653103,611.1674679837529,ns,11714048.0,256.0,418870462.5338556,16.0,960.0,7040.0,1.0,16.0,16.0,16.0,1.0
runtime/motif16_0/weighted_bound/65536,29,1,runtime/motif16_0/weighted_bound/65536,iteration,5,4,1,45758,611.2925827175037,610.8744263298123,ns,11714048.0,256.0,419071398.2545819,16.0,960.0,7040.0,1.0,16.0,16.0,16.0,1.0
runtime/motif16_0/scalar64/1024,30,0,runtime/motif16_0/scalar64/1024,iteration,5,0,1,5985,4820.806850460356,4815.118128654995,ns,1532160.0,256.0,53165881.533940345,16.0,960.0,7040.0,1.0,16.0,16.0,16.0,1.0
runtime/motif16_0/scalar64/1024,30,0,runtime/motif16_0/scalar64/1024,iteration,5,1,1,5985,5444.795154554924,5442.166248955856,ns,1532160.0,256.0,47040091.81070436,16.0,960.0,7040.0,1.0,16.0,16.0,16.0,1.0
runtime/motif16_0/scalar64/1024,30,0,runtime/motif16_0/scalar64/1024,iteration,5,2,1,5985,4891.106098580528,4885.584461152949,ns,1532160.0,256.0,52399053.18095485,16.0,960.0,7040.0,1.0,16.0,16.0,16.0,1.0
runtime/motif16_0/scalar64/1024,30,0,runtime/motif16_0/scalar64/1024,iteration,5,3,1,5985,4792.698078529945,4792.687050960703,ns,1532160.0,256.0,53414712.30605059,16.0,960.0,7040.0,1.0,16.0,16.0,16.0,1.0
runtime/motif16_0/scalar64/1024,30,0,runtime/motif16_0/scalar64/1024,iteration,5,4,1,5985,5098.551879696543,5091.1049289891025,ns,1532160.0,256.0,50283779.95949727,16.0,960.0,7040.0,1.0,16.0,16.0,16.0,1.0
runtime/motif16_0/scalar64/65536,30,1,runtime/motif16_0/scalar64/65536,iteration,5,0,1,5531,5071.338998372952,5071.376242994048,ns,1415936.0,256.0,50479394.100103736,16.0,960.0,7040.0,1.0,16.0,16.0,16.0,1.0
runtime/motif16_0/scalar64/65536,30,1,runtime/motif16_0/scalar64/65536,iteration,5,1,1,5531,5559.6282769806785,5554.943590670738,ns,1415936.0,256.0,46085076.44072926,16.0,960.0,7040.0,1.0,16.0,16.0,16.0,1.0
runtime/motif16_0/scalar64/65536,30,1,runtime/motif16_0/scalar64/65536,iteration,5,2,1,5531,5131.267040316766,5121.477128909579,ns,1415936.0,256.0,49985579.07345479,16.0,960.0,7040.0,1.0,16.0,16.0,16.0,1.0
runtime/motif16_0/scalar64/65536,30,1,runtime/motif16_0/scalar64/65536,iteration,5,3,1,5531,5080.986620864199,5080.978304104395,ns,1415936.0,256.0,50383997.85986179,16.0,960.0,7040.0,1.0,16.0,16.0,16.0,1.0
runtime/motif16_0/scalar64/65536,30,1,runtime/motif16_0/scalar64/65536,iteration,5,4,1,5531,5203.597721928311,5199.738202856471,ns,1415936.0,256.0,49233247.908397906,16.0,960.0,7040.0,1.0,16.0,16.0,16.0,1.0
runtime/motif16_0/scalar8_projection/1024,31,0,runtime/motif16_0/scalar8_projection/1024,iteration,5,0,1,35636,787.3180772253803,786.9118868559798,ns,9122816.0,256.0,325322319.1516651,16.0,960.0,7040.0,1.0,16.0,16.0,16.0,1.0
runtime/motif16_0/scalar8_projection/1024,31,0,runtime/motif16_0/scalar8_projection/1024,iteration,5,1,1,35636,785.6671904819235,785.6656470984509,ns,9122816.0,256.0,325838352.4154785,16.0,960.0,7040.0,1.0,16.0,16.0,16.0,1.0
runtime/motif16_0/scalar8_projection/1024,31,0,runtime/motif16_0/scalar8_projection/1024,iteration,5,2,1,35636,785.871225726816,785.71562464924,ns,9122816.0,256.0,325817626.5926795,16.0,960.0,7040.0,1.0,16.0,16.0,16.0,1.0
runtime/motif16_0/scalar8_projection/1024,31,0,runtime/motif16_0/scalar8_projection/1024,iteration,5,3,1,35636,785.4668312943569,785.4652879110837,ns,9122816.0,256.0,325921468.383183,16.0,960.0,7040.0,1.0,16.0,16.0,16.0,1.0
runtime/motif16_0/scalar8_projection/1024,31,0,runtime/motif16_0/scalar8_projection/1024,iteration,5,4,1,35636,786.1088786626717,785.2632730946398,ns,9122816.0,256.0,326005314.10456896,16.0,960.0,7040.0,1.0,16.0,16.0,16.0,1.0
runtime/motif16_0/scalar8_projection/65536,31,1,runtime/motif16_0/scalar8_projection/65536,iteration,5,0,1,26942,1039.983557270997,1039.2447108603735,ns,6897152.0,256.0,246332742.73588732,16.0,960.0,7040.0,1.0,16.0,16.0,16.0,1.0
runtime/motif16_0/scalar8_projection/65536,31,1,runtime/motif16_0/scalar8_projection/65536,iteration,5,1,1,26942,1039.2579244304345,1039.2584811817574,ns,6897152.0,256.0,246329478.79231963,16.0,960.0,7040.0,1.0,16.0,16.0,16.0,1.0
runtime/motif16_0/scalar8_projection/65536,31,1,runtime/motif16_0/scalar8_projection/65536,iteration,5,2,1,26942,1043.2657931853778,1041.738957761129,ns,6897152.0,256.0,245742945.57456768,16.0,960.0,7040.0,1.0,16.0,16.0,16.0,1.0
runtime/motif16_0/scalar8_projection/65536,31,1,runtime/motif16_0/scalar8_projection/65536,iteration,5,3,1,26942,1039.0359661487248,1039.0383416227535,ns,6897152.0,256.0,246381668.26469877,16.0,960.0,7040.0,1.0,16.0,16.0,16.0,1.0
runtime/motif16_0/scalar8_projection/65536,31,1,runtime/motif16_0/scalar8_projection/65536,iteration,5,4,1,26942,1040.5169252467365,1039.7736619404577,ns,6897152.0,256.0,246207428.95357135,16.0,960.0,7040.0,1.0,16.0,16.0,16.0,1.0
runtime/motif16_0/write_scalar/1024,32,0,runtime/motif16_0/write_scalar/1024,iteration,5,0,1,4866,5889.284628031064,5878.604808877901,ns,1245696.0,256.0,43547747.86244985,16.0,960.0,7040.0,1.0,16.0,16.0,16.0,1.0
runtime/motif16_0/write_scalar/1024,32,0,runtime/motif16_0/write_scalar/1024,iteration,5,1,1,4866,6045.682285243587,6038.810727496881,ns,1245696.0,256.0,42392453.009719245,16.0,960.0,7040.0,1.0,16.0,16.0,16.0,1.0
runtime/motif16_0/write_scalar/1024,32,0,runtime/motif16_0/write_scalar/1024,iteration,5,2,1,4866,5869.076859842864,5868.403616933755,ns,1245696.0,256.0,43623447.99551469,16.0,960.0,7040.0,1.0,16.0,16.0,16.0,1.0
runtime/motif16_0/write_scalar/1024,32,0,runtime/motif16_0/write_scalar/1024,iteration,5,3,1,4866,5836.162762019769,5836.15125359629,ns,1245696.0,256.0,43864524.56012864,16.0,960.0,7040.0,1.0,16.0,16.0,16.0,1.0
runtime/motif16_0/write_scalar/1024,32,0,runtime/motif16_0/write_scalar/1024,iteration,5,4,1,4866,5845.441430331602,5845.109330045252,ns,1245696.0,256.0,43797298.826233946,16.0,960.0,7040.0,1.0,16.0,16.0,16.0,1.0
runtime/motif16_0/write_scalar/65536,32,1,runtime/motif16_0/write_scalar/65536,iteration,5,0,1,4803,5827.28211534185,5822.563397876315,ns,1229568.0,256.0,43966889.23874522,16.0,960.0,7040.0,1.0,16.0,16.0,16.0,1.0
runtime/motif16_0/write_scalar/65536,32,1,runtime/motif16_0/write_scalar/65536,iteration,5,1,1,4803,5859.55590255899,5859.4924005828325,ns,1229568.0,256.0,43689791.282012105,16.0,960.0,7040.0,1.0,16.0,16.0,16.0,1.0
runtime/motif16_0/write_scalar/65536,32,1,runtime/motif16_0/write_scalar/65536,iteration,5,2,1,4803,5968.75661044845,5964.580886945569,ns,1229568.0,256.0,42920031.57510976,16.0,960.0,7040.0,1.0,16.0,16.0,16.0,1.0
runtime/motif16_0/write_scalar/65536,32,1,runtime/motif16_0/write_scalar/65536,iteration,5,3,1,4803,5929.402040395356,5922.8069956278105,ns,1229568.0,256.0,43222748.975102186,16.0,960.0,7040.0,1.0,16.0,16.0,16.0,1.0
runtime/motif16_0/write_scalar/65536,32,1,runtime/motif16_0/write_scalar/65536,iteration,5,4,1,4803,6083.801790549258,6078.834686653925,ns,1229568.0,256.0,42113334.74194449,16.0,960.0,7040.0,1.0,16.0,16.0,16.0,1.0
runtime/motif16_0/write_native/1024,33,0,runtime/motif16_0/write_native/1024,iteration,5,0,1,28656,975.9685929649945,974.6008514796293,ns,7335936.0,256.0,262671635.89211252,16.0,960.0,7040.0,1.0,16.0,16.0,16.0,1.0
runtime/motif16_0/write_native/1024,33,0,runtime/motif16_0/write_native/1024,iteration,5,1,1,28656,975.8614949749859,975.8078936347946,ns,7335936.0,256.0,262346719.74872383,16.0,960.0,7040.0,1.0,16.0,16.0,16.0,1.0
runtime/motif16_0/write_native/1024,33,0,runtime/motif16_0/write_native/1024,iteration,5,2,1,28656,989.4296831381633,989.3670435510547,ns,7335936.0,256.0,258751291.21055013,16.0,960.0,7040.0,1.0,16.0,16.0,16.0,1.0
runtime/motif16_0/write_native/1024,33,0,runtime/motif16_0/write_native/1024,iteration,5,3,1,28656,983.7296552197968,983.728084868776,ns,7335936.0,256.0,260234513.92479968,16.0,960.0,7040.0,1.0,16.0,16.0,16.0,1.0
runtime/motif16_0/write_native/1024,33,0,runtime/motif16_0/write_native/1024,iteration,5,4,1,28656,993.439698492615,993.3840033500915,ns,7335936.0,256.0,257704975.2529382,16.0,960.0,7040.0,1.0,16.0,16.0,16.0,1.0
runtime/motif16_0/write_native/65536,33,1,runtime/motif16_0/write_native/65536,iteration,5,0,1,28537,1002.9862284045661,1001.1028489329607,ns,7305472.0,256.0,255717981.6967469,16.0,960.0,7040.0,1.0,16.0,16.0,16.0,1.0
runtime/motif16_0/write_native/65536,33,1,runtime/motif16_0/write_native/65536,iteration,5,1,1,28537,982.9956197213617,982.9909240635142,ns,7305472.0,256.0,260429667.99911067,16.0,960.0,7040.0,1.0,16.0,16.0,16.0,1.0
runtime/motif16_0/write_native/65536,33,1,runtime/motif16_0/write_native/65536,iteration,5,2,1,28537,982.9367487819884,980.8435364614946,ns,7305472.0,256.0,260999833.7997407,16.0,960.0,7040.0,1.0,16.0,16.0,16.0,1.0
runtime/motif16_0/write_native/65536,33,1,runtime/motif16_0/write_native/65536,iteration,5,3,1,28537,997.2519185618189,997.2541612643364,ns,7305472.0,256.0,256704870.17616323,16.0,960.0,7040.0,1.0,16.0,16.0,16.0,1.0
runtime/motif16_0/write_native/65536,33,1,runtime/motif16_0/write_native/65536,iteration,5,4,1,28537,991.8637908676995,991.1925570312242,ns,7305472.0,256.0,258274740.04320595,16.0,960.0,7040.0,1.0,16.0,16.0,16.0,1.0
runtime/motif16_0/prepare_read,34,0,runtime/motif16_0/prepare_read,iteration,5,0,1,125074,224.36874170496128,224.22750531684886,ns,0.0,1.0,4459756.168570539,,960.0,7040.0,125074.0,,,,0.0
runtime/motif16_0/prepare_read,34,0,runtime/motif16_0/prepare_read,iteration,5,1,1,125074,224.4930760989197,224.26565073476465,ns,0.0,1.0,4458997.607184542,,960.0,7040.0,125074.0,,,,0.0
runtime/motif16_0/prepare_read,34,0,runtime/motif16_0/prepare_read,iteration,5,2,1,125074,224.30294865442877,224.2786750243835,ns,0.0,1.0,4458738.6647048835,,960.0,7040.0,125074.0,,,,0.0
runtime/motif16_0/prepare_read,34,0,runtime/motif16_0/prepare_read,iteration,5,3,1,125074,224.39040887791288,224.39005708620127,ns,0.0,1.0,4456525.449413482,,960.0,7040.0,125074.0,,,,0.0
runtime/motif16_0/prepare_read,34,0,runtime/motif16_0/prepare_read,iteration,5,4,1,125074,224.19885028057436,224.18465868206212,ns,0.0,1.0,4460608.526376448,,960.0,7040.0,125074.0,,,,0.0
runtime/motif16_0/prepare_write,35,0,runtime/motif16_0/prepare_write,iteration,5,0,1,50343,520.9113878793885,520.9103748286898,ns,0.0,1.0,1919716.0362353446,,960.0,7040.0,0.0,,,,50343.0
runtime/motif16_0/prepare_write,35,0,runtime/motif16_0/prepare_write,iteration,5,1,1,50343,512.3816617999578,512.2676240986806,ns,0.0,1.0,1952104.6284341507,,960.0,7040.0,0.0,,,,50343.0
runtime/motif16_0/prepare_write,35,0,runtime/motif16_0/prepare_write,iteration,5,2,1,50343,512.9372703256439,512.9064616729219,ns,0.0,1.0,1949673.234254739,,960.0,7040.0,0.0,,,,50343.0
runtime/motif16_0/prepare_write,35,0,runtime/motif16_0/prepare_write,iteration,5,3,1,50343,517.3760204994684,517.3752060862397,ns,0.0,1.0,1932833.247972291,,960.0,7040.0,0.0,,,,50343.0
runtime/motif16_0/prepare_write,35,0,runtime/motif16_0/prepare_write,iteration,5,4,1,50343,516.9854994738555,516.773533559776,ns,0.0,1.0,1935083.619920579,,960.0,7040.0,0.0,,,,50343.0
runtime/motif16_1/read_inline/1024,36,0,runtime/motif16_1/read_inline/1024,iteration,5,0,1,94246,284.3960804703259,284.3955287227071,ns,24126976.0,256.0,900154799.0214943,16.0,960.0,7040.0,1.0,16.0,16.0,16.0,1.0
runtime/motif16_1/read_inline/1024,36,0,runtime/motif16_1/read_inline/1024,iteration,5,1,1,94246,282.85532542472316,282.8284489527386,ns,24126976.0,256.0,905142325.4906662,16.0,960.0,7040.0,1.0,16.0,16.0,16.0,1.0
runtime/motif16_1/read_inline/1024,36,0,runtime/motif16_1/read_inline/1024,iteration,5,2,1,94246,283.4389045690016,283.4068395475659,ns,24126976.0,256.0,903295066.5858365,16.0,960.0,7040.0,1.0,16.0,16.0,16.0,1.0
runtime/motif16_1/read_inline/1024,36,0,runtime/motif16_1/read_inline/1024,iteration,5,3,1,94246,282.6834348407604,282.6535874201609,ns,24126976.0,256.0,905702285.0357789,16.0,960.0,7040.0,1.0,16.0,16.0,16.0,1.0
runtime/motif16_1/read_inline/1024,36,0,runtime/motif16_1/read_inline/1024,iteration,5,4,1,94246,282.95547821661097,282.95493707956064,ns,24126976.0,256.0,904737703.615394,16.0,960.0,7040.0,1.0,16.0,16.0,16.0,1.0
runtime/motif16_1/read_inline/65536,36,1,runtime/motif16_1/read_inline/65536,iteration,5,0,1,86747,320.47582048943343,320.2716059345013,ns,22207232.0,256.0,799321561.0014286,16.0,960.0,7040.0,1.0,16.0,16.0,16.0,1.0
runtime/motif16_1/read_inline/65536,36,1,runtime/motif16_1/read_inline/65536,iteration,5,1,1,86747,320.7628621162293,320.3875753628303,ns,22207232.0,256.0,799032233.725315,16.0,960.0,7040.0,1.0,16.0,16.0,16.0,1.0
runtime/motif16_1/read_inline/65536,36,1,runtime/motif16_1/read_inline/65536,iteration,5,2,1,86747,320.2419219107042,320.03102124569165,ns,22207232.0,256.0,799922454.4031491,16.0,960.0,7040.0,1.0,16.0,16.0,16.0,1.0
runtime/motif16_1/read_inline/65536,36,1,runtime/motif16_1/read_inline/65536,iteration,5,3,1,86747,321.6793318499107,321.4635779911767,ns,22207232.0,256.0,796357713.6786131,16.0,960.0,7040.0,1.0,16.0,16.0,16.0,1.0
runtime/motif16_1/read_inline/65536,36,1,runtime/motif16_1/read_inline/65536,iteration,5,4,1,86747,319.6354456059149,319.63411991193396,ns,22207232.0,256.0,800915747.2629439,16.0,960.0,7040.0,1.0,16.0,16.0,16.0,1.0
runtime/motif16_1/read_bound/1024,37,0,runtime/motif16_1/read_bound/1024,iteration,5,0,1,83891,332.2880523537433,332.0547138548759,ns,21476096.0,256.0,770957282.9972969,16.0,960.0,7040.0,1.0,16.0,16.0,16.0,1.0
runtime/motif16_1/read_bound/1024,37,0,runtime/motif16_1/read_bound/1024,iteration,5,1,1,83891,332.34525753677633,332.2944177563809,ns,21476096.0,256.0,770401145.2509096,16.0,960.0,7040.0,1.0,16.0,16.0,16.0,1.0
runtime/motif16_1/read_bound/1024,37,0,runtime/motif16_1/read_bound/1024,iteration,5,2,1,83891,331.75496775593484,331.72571551179686,ns,21476096.0,256.0,771721901.6470735,16.0,960.0,7040.0,1.0,16.0,16.0,16.0,1.0
runtime/motif16_1/read_bound/1024,37,0,runtime/motif16_1/read_bound/1024,iteration,5,3,1,83891,331.8185025808071,331.8178469680915,ns,21476096.0,256.0,771507627.872161,16.0,960.0,7040.0,1.0,16.0,16.0,16.0,1.0
runtime/motif16_1/read_bound/1024,37,0,runtime/motif16_1/read_bound/1024,iteration,5,4,1,83891,332.4885386990651,332.13577141766007,ns,21476096.0,256.0,770769131.2721643,16.0,960.0,7040.0,1.0,16.0,16.0,16.0,1.0
runtime/motif16_1/read_bound/65536,37,1,runtime/motif16_1/read_bound/65536,iteration,5,0,1,75670,371.54548698310924,370.8107836659212,ns,19371520.0,256.0,690379059.2849668,16.0,960.0,7040.0,1.0,16.0,16.0,16.0,1.0
runtime/motif16_1/read_bound/65536,37,1,runtime/motif16_1/read_bound/65536,iteration,5,1,1,75670,370.27588211949154,370.04971587153995,ns,19371520.0,256.0,691798936.7916945,16.0,960.0,7040.0,1.0,16.0,16.0,16.0,1.0
runtime/motif16_1/read_bound/65536,37,1,runtime/motif16_1/read_bound/65536,iteration,5,2,1,75670,370.3021937357842,370.0769261265926,ns,19371520.0,256.0,691748071.6223574,16.0,960.0,7040.0,1.0,16.0,16.0,16.0,1.0
runtime/motif16_1/read_bound/65536,37,1,runtime/motif16_1/read_bound/65536,iteration,5,3,1,75670,390.80839170073335,372.44495837187725,ns,19371520.0,256.0,687349886.8640617,16.0,960.0,7040.0,1.0,16.0,16.0,16.0,1.0
runtime/motif16_1/read_bound/65536,37,1,runtime/motif16_1/read_bound/65536,iteration,5,4,1,75670,370.4881326814718,370.063988370556,ns,19371520.0,256.0,691772255.7312431,16.0,960.0,7040.0,1.0,16.0,16.0,16.0,1.0
runtime/motif16_1/weighted_bound/1024,38,0,runtime/motif16_1/weighted_bound/1024,iteration,5,0,1,49638,561.8972561342495,560.9654095652498,ns,12707328.0,256.0,456356123.9870402,16.0,960.0,7040.0,1.0,16.0,16.0,16.0,1.0
runtime/motif16_1/weighted_bound/1024,38,0,runtime/motif16_1/weighted_bound/1024,iteration,5,1,1,49638,559.7660260284413,559.0408960876503,ns,12707328.0,256.0,457927142.34606296,16.0,960.0,7040.0,1.0,16.0,16.0,16.0,1.0
runtime/motif16_1/weighted_bound/1024,38,0,runtime/motif16_1/weighted_bound/1024,iteration,5,2,1,49638,561.2535960352683,560.2266610258588,ns,12707328.0,256.0,456957902.594685,16.0,960.0,7040.0,1.0,16.0,16.0,16.0,1.0
runtime/motif16_1/weighted_bound/1024,38,0,runtime/motif16_1/weighted_bound/1024,iteration,5,3,1,49638,561.0440791333095,561.0429912566735,ns,12707328.0,256.0,456293018.52000433,16.0,960.0,7040.0,1.0,16.0,16.0,16.0,1.0
runtime/motif16_1/weighted_bound/1024,38,0,runtime/motif16_1/weighted_bound/1024,iteration,5,4,1,49638,561.5388613563189,561.5024980861335,ns,12707328.0,256.0,455919610.10426354,16.0,960.0,7040.0,1.0,16.0,16.0,16.0,1.0
runtime/motif16_1/weighted_bound/65536,38,1,runtime/motif16_1/weighted_bound/65536,iteration,5,0,1,45754,610.9539275253599,610.5077370284743,ns,11713024.0,256.0,419323105.1354556,16.0,960.0,7040.0,1.0,16.0,16.0,16.0,1.0
runtime/motif16_1/weighted_bound/65536,38,1,runtime/motif16_1/weighted_bound/65536,iteration,5,1,1,45754,610.2309306287264,610.2292914280736,ns,11713024.0,256.0,419514440.87664574,16.0,960.0,7040.0,1.0,16.0,16.0,16.0,1.0
runtime/motif16_1/weighted_bound/65536,38,1,runtime/motif16_1/weighted_bound/65536,iteration,5,2,1,45754,611.6489705818308,611.2408095466967,ns,11713024.0,256.0,418820203.1043258,16.0,960.0,7040.0,1.0,16.0,16.0,16.0,1.0
runtime/motif16_1/weighted_bound/65536,38,1,runtime/motif16_1/weighted_bound/65536,iteration,5,3,1,45754,610.5895877959479,609.9259299733175,ns,11713024.0,256.0,419723096.5589531,16.0,960.0,7040.0,1.0,16.0,16.0,16.0,1.0
runtime/motif16_1/weighted_bound/65536,38,1,runtime/motif16_1/weighted_bound/65536,iteration,5,4,1,45754,611.1678978887622,610.7604143899969,ns,11713024.0,256.0,419149627.1998613,16.0,960.0,7040.0,1.0,16.0,16.0,16.0,1.0
runtime/motif16_1/scalar64/1024,39,0,runtime/motif16_1/scalar64/1024,iteration,5,0,1,5683,4694.332746793436,4694.325356325978,ns,1454848.0,256.0,54533927.78901011,16.0,960.0,7040.0,1.0,16.0,16.0,16.0,1.0
runtime/motif16_1/scalar64/1024,39,0,runtime/motif16_1/scalar64/1024,iteration,5,1,1,5683,5571.627133556514,5568.4275910610595,ns,1454848.0,256.0,45973480.98967008,16.0,960.0,7040.0,1.0,16.0,16.0,16.0,1.0
runtime/motif16_1/scalar64/1024,39,0,runtime/motif16_1/scalar64/1024,iteration,5,2,1,5683,4823.168221009675,4822.843744501136,ns,1454848.0,256.0,53080716.183658995,16.0,960.0,7040.0,1.0,16.0,16.0,16.0,1.0
runtime/motif16_1/scalar64/1024,39,0,runtime/motif16_1/scalar64/1024,iteration,5,3,1,5683,4903.566074252402,4903.5565722330375,ns,1454848.0,256.0,52207004.493356906,16.0,960.0,7040.0,1.0,16.0,16.0,16.0,1.0
runtime/motif16_1/scalar64/1024,39,0,runtime/motif16_1/scalar64/1024,iteration,5,4,1,5683,4756.044870665297,4755.701214147425,ns,1454848.0,256.0,53830126.93027104,16.0,960.0,7040.0,1.0,16.0,16.0,16.0,1.0
runtime/motif16_1/scalar64/65536,39,1,runtime/motif16_1/scalar64/65536,iteration,5,0,1,5528,5433.126266281817,5426.398697539814,ns,1415168.0,256.0,47176776.7665254,16.0,960.0,7040.0,1.0,16.0,16.0,16.0,1.0
runtime/motif16_1/scalar64/65536,39,1,runtime/motif16_1/scalar64/65536,iteration,5,1,1,5528,5489.238965270813,5489.253437047541,ns,1415168.0,256.0,46636578.71437114,16.0,960.0,7040.0,1.0,16.0,16.0,16.0,1.0
runtime/motif16_1/scalar64/65536,39,1,runtime/motif16_1/scalar64/65536,iteration,5,2,1,5528,5180.218523883213,5174.692836468908,ns,1415168.0,256.0,49471535.43024373,16.0,960.0,7040.0,1.0,16.0,16.0,16.0,1.0
runtime/motif16_1/scalar64/65536,39,1,runtime/motif16_1/scalar64/65536,iteration,5,3,1,5528,5533.681982636146,5533.707308248793,ns,1415168.0,256.0,46261933.5898729,16.0,960.0,7040.0,1.0,16.0,16.0,16.0,1.0
runtime/motif16_1/scalar64/65536,39,1,runtime/motif16_1/scalar64/65536,iteration,5,4,1,5528,5294.884225760986,5291.324529667218,ns,1415168.0,256.0,48381080.87392258,16.0,960.0,7040.0,1.0,16.0,16.0,16.0,1.0
runtime/motif16_1/scalar8_projection/1024,40,0,runtime/motif16_1/scalar8_projection/1024,iteration,5,0,1,35642,786.3157791368793,785.8397957465864,ns,9124352.0,256.0,325766143.9209596,16.0,960.0,7040.0,1.0,16.0,16.0,16.0,1.0
runtime/motif16_1/scalar8_projection/1024,40,0,runtime/motif16_1/scalar8_projection/1024,iteration,5,1,1,35642,785.5374558105593,785.5359126872996,ns,9124352.0,256.0,325892165.928137,16.0,960.0,7040.0,1.0,16.0,16.0,16.0,1.0
runtime/motif16_1/scalar8_projection/1024,40,0,runtime/motif16_1/scalar8_projection/1024,iteration,5,2,1,35642,786.338505134783,785.4447561865255,ns,9124352.0,256.0,325929988.052789,16.0,960.0,7040.0,1.0,16.0,16.0,16.0,1.0
runtime/motif16_1/scalar8_projection/1024,40,0,runtime/motif16_1/scalar8_projection/1024,iteration,5,3,1,35642,785.4367319452961,785.3714999158527,ns,9124352.0,256.0,325960389.4811929,16.0,960.0,7040.0,1.0,16.0,16.0,16.0,1.0
runtime/motif16_1/scalar8_projection/1024,40,0,runtime/motif16_1/scalar8_projection/1024,iteration,5,4,1,35642,786.7700185172912,786.0117838504854,ns,9124352.0,256.0,325694862.67230844,16.0,960.0,7040.0,1.0,16.0,16.0,16.0,1.0
runtime/motif16_1/scalar8_projection/65536,40,1,runtime/motif16_1/scalar8_projection/65536,iteration,5,0,1,26923,1041.1182260524595,1040.362181034851,ns,6892288.0,256.0,246068152.6748273,16.0,960.0,7040.0,1.0,16.0,16.0,16.0,1.0
runtime/motif16_1/scalar8_projection/65536,40,1,runtime/motif16_1/scalar8_projection/65536,iteration,5,1,1,26923,1039.8408795458977,1039.8529881514064,ns,6892288.0,256.0,246188646.77698597,16.0,960.0,7040.0,1.0,16.0,16.0,16.0,1.0
runtime/motif16_1/scalar8_projection/65536,40,1,runtime/motif16_1/scalar8_projection/65536,iteration,5,2,1,26923,1041.655313300853,1040.5924674070836,ns,6892288.0,256.0,246013697.0219407,16.0,960.0,7040.0,1.0,16.0,16.0,16.0,1.0
runtime/motif16_1/scalar8_projection/65536,40,1,runtime/motif16_1/scalar8_projection/65536,iteration,5,3,1,26923,1042.8238309252795,1040.8832968093684,ns,6892288.0,256.0,245944959.23291284,16.0,960.0,7040.0,1.0,16.0,16.0,16.0,1.0
runtime/motif16_1/scalar8_projection/65536,40,1,runtime/motif16_1/scalar8_projection/65536,iteration,5,4,1,26923,1042.4784013663034,1040.5330758087903,ns,6892288.0,256.0,246027739.00389004,16.0,960.0,7040.0,1.0,16.0,16.0,16.0,1.0
runtime/motif16_1/write_scalar/1024,41,0,runtime/motif16_1/write_scalar/1024,iteration,5,0,1,4694,5889.257775883142,5885.471026842594,ns,1201664.0,256.0,43496943.37673726,16.0,960.0,7040.0,1.0,16.0,16.0,16.0,1.0
runtime/motif16_1/write_scalar/1024,41,0,runtime/motif16_1/write_scalar/1024,iteration,5,1,1,4694,5864.185129949179,5864.173625905427,ns,1201664.0,256.0,43654914.7980716,16.0,960.0,7040.0,1.0,16.0,16.0,16.0,1.0
runtime/motif16_1/write_scalar/1024,41,0,runtime/motif16_1/write_scalar/1024,iteration,5,2,1,4694,5918.435449513368,5918.029612271035,ns,1201664.0,256.0,43257640.93325657,16.0,960.0,7040.0,1.0,16.0,16.0,16.0,1.0
runtime/motif16_1/write_scalar/1024,41,0,runtime/motif16_1/write_scalar/1024,iteration,5,3,1,4694,5876.860886238124,5871.468044311848,ns,1201664.0,256.0,43600680.11406573,16.0,960.0,7040.0,1.0,16.0,16.0,16.0,1.0
runtime/motif16_1/write_scalar/1024,41,0,runtime/motif16_1/write_scalar/1024,iteration,5,4,1,4694,5909.134213889785,5908.777588410839,ns,1201664.0,256.0,43325374.186042264,16.0,960.0,7040.0,1.0,16.0,16.0,16.0,1.0
runtime/motif16_1/write_scalar/65536,41,1,runtime/motif16_1/write_scalar/65536,iteration,5,0,1,4829,5993.000414165343,5975.399254503853,ns,1236224.0,256.0,42842325.524448335,16.0,960.0,7040.0,1.0,16.0,16.0,16.0,1.0
runtime/motif16_1/write_scalar/65536,41,1,runtime/motif16_1/write_scalar/65536,iteration,5,1,1,4829,5867.1333609455505,5865.85669910964,ns,1236224.0,256.0,43642389.020321175,16.0,960.0,7040.0,1.0,16.0,16.0,16.0,1.0
runtime/motif16_1/write_scalar/65536,41,1,runtime/motif16_1/write_scalar/65536,iteration,5,2,1,4829,5876.062952994521,5872.069165458547,ns,1236224.0,256.0,43596216.73155294,16.0,960.0,7040.0,1.0,16.0,16.0,16.0,1.0
runtime/motif16_1/write_scalar/65536,41,1,runtime/motif16_1/write_scalar/65536,iteration,5,3,1,4829,5993.182646509005,5993.203975978569,ns,1236224.0,256.0,42715048.749563105,16.0,960.0,7040.0,1.0,16.0,16.0,16.0,1.0
runtime/motif16_1/write_scalar/65536,41,1,runtime/motif16_1/write_scalar/65536,iteration,5,4,1,4829,5864.996272521192,5860.6547939529055,ns,1236224.0,256.0,43681125.91516974,16.0,960.0,7040.0,1.0,16.0,16.0,16.0,1.0
runtime/motif16_1/write_native/1024,42,0,runtime/motif16_1/write_native/1024,iteration,5,0,1,28317,989.1728290419978,988.6301868135298,ns,7249152.0,256.0,258944146.57225654,16.0,960.0,7040.0,1.0,16.0,16.0,16.0,1.0
runtime/motif16_1/write_native/1024,42,0,runtime/motif16_1/write_native/1024,iteration,5,1,1,28317,980.9805417239671,980.9789878871092,ns,7249152.0,256.0,260963795.51552683,16.0,960.0,7040.0,1.0,16.0,16.0,16.0,1.0
runtime/motif16_1/write_native/1024,42,0,runtime/motif16_1/write_native/1024,iteration,5,2,1,28317,990.652858706917,989.6507751526977,ns,7249152.0,256.0,258677107.54887307,16.0,960.0,7040.0,1.0,16.0,16.0,16.0,1.0
runtime/motif16_1/write_native/1024,42,0,runtime/motif16_1/write_native/1024,iteration,5,3,1,28317,970.8890419186754,970.8867817918743,ns,7249152.0,256.0,263676470.62567368,16.0,960.0,7040.0,1.0,16.0,16.0,16.0,1.0
runtime/motif16_1/write_native/1024,42,0,runtime/motif16_1/write_native/1024,iteration,5,4,1,28317,974.5981212698098,974.3864816187703,ns,7249152.0,256.0,262729424.95538464,16.0,960.0,7040.0,1.0,16.0,16.0,16.0,1.0
runtime/motif16_1/write_native/65536,42,1,runtime/motif16_1/write_native/65536,iteration,5,0,1,28460,981.5388615608853,980.8025650034997,ns,7285760.0,256.0,261010736.65023148,16.0,960.0,7040.0,1.0,16.0,16.0,16.0,1.0
runtime/motif16_1/write_native/65536,42,1,runtime/motif16_1/write_native/65536,iteration,5,1,1,28460,988.663633169338,988.6648629655824,ns,7285760.0,256.0,258935064.43842527,16.0,960.0,7040.0,1.0,16.0,16.0,16.0,1.0
runtime/motif16_1/write_native/65536,42,1,runtime/motif16_1/write_native/65536,iteration,5,2,1,28460,984.7827477152828,984.1068868587543,ns,7285760.0,256.0,260134344.57017764,16.0,960.0,7040.0,1.0,16.0,16.0,16.0,1.0
runtime/motif16_1/write_native/65536,42,1,runtime/motif16_1/write_native/65536,iteration,5,3,1,28460,985.8161278988616,985.8243851018879,ns,7285760.0,256.0,259681139.83459806,16.0,960.0,7040.0,1.0,16.0,16.0,16.0,1.0
runtime/motif16_1/write_native/65536,42,1,runtime/motif16_1/write_native/65536,iteration,5,4,1,28460,981.5754040757258,979.701370344343,ns,7285760.0,256.0,261304115.46737123,16.0,960.0,7040.0,1.0,16.0,16.0,16.0,1.0
runtime/motif16_1/prepare_read,43,0,runtime/motif16_1/prepare_read,iteration,5,0,1,126262,222.59425638761235,222.43194310243177,ns,0.0,1.0,4495757.156333844,,960.0,7040.0,126262.0,,,,0.0
runtime/motif16_1/prepare_read,43,0,runtime/motif16_1/prepare_read,iteration,5,1,1,126262,223.06138822454767,223.0610318227223,ns,0.0,1.0,4483077.980176967,,960.0,7040.0,126262.0,,,,0.0
runtime/motif16_1/prepare_read,43,0,runtime/motif16_1/prepare_read,iteration,5,2,1,126262,223.1458950436592,222.9123647653291,ns,0.0,1.0,4486067.881666186,,960.0,7040.0,126262.0,,,,0.0
runtime/motif16_1/prepare_read,43,0,runtime/motif16_1/prepare_read,iteration,5,3,1,126262,222.60202594614506,222.6015903438781,ns,0.0,1.0,4492330.887911384,,960.0,7040.0,126262.0,,,,0.0
runtime/motif16_1/prepare_read,43,0,runtime/motif16_1/prepare_read,iteration,5,4,1,126262,222.68439435452942,222.67159557111398,ns,0.0,1.0,4490918.5540040415,,960.0,7040.0,126262.0,,,,0.0
runtime/motif16_1/prepare_write,44,0,runtime/motif16_1/prepare_write,iteration,5,0,1,55367,505.6052702874408,505.6042588545542,ns,0.0,1.0,1977831.4412649504,,960.0,7040.0,0.0,,,,55367.0
runtime/motif16_1/prepare_write,44,0,runtime/motif16_1/prepare_write,iteration,5,1,1,55367,505.1737677676709,505.0339010602031,ns,0.0,1.0,1980065.0964236835,,960.0,7040.0,0.0,,,,55367.0
runtime/motif16_1/prepare_write,44,0,runtime/motif16_1/prepare_write,iteration,5,2,1,55367,513.0351653510027,511.38569906261665,ns,0.0,1.0,1955471.187076655,,960.0,7040.0,0.0,,,,55367.0
runtime/motif16_1/prepare_write,44,0,runtime/motif16_1/prepare_write,iteration,5,3,1,55367,504.42602994574764,504.4250365741305,ns,0.0,1.0,1982455.1271119146,,960.0,7040.0,0.0,,,,55367.0
runtime/motif16_1/prepare_write,44,0,runtime/motif16_1/prepare_write,iteration,5,4,1,55367,503.27552513244126,503.24330377298435,ns,0.0,1.0,1987110.3947189434,,960.0,7040.0,0.0,,,,55367.0
runtime/motif16_2/read_inline/1024,45,0,runtime/motif16_2/read_inline/1024,iteration,5,0,1,100822,248.70998393223695,248.70959711174478,ns,25810432.0,256.0,1029312913.4256113,16.0,960.0,7040.0,1.0,16.0,16.0,16.0,1.0
runtime/motif16_2/read_inline/1024,45,0,runtime/motif16_2/read_inline/1024,iteration,5,1,1,100822,246.72083473844373,246.6859415603699,ns,25810432.0,256.0,1037756746.0095845,16.0,960.0,7040.0,1.0,16.0,16.0,16.0,1.0
runtime/motif16_2/read_inline/1024,45,0,runtime/motif16_2/read_inline/1024,iteration,5,2,1,100822,246.4120727619263,246.14656523377462,ns,25810432.0,256.0,1040030762.797227,16.0,960.0,7040.0,1.0,16.0,16.0,16.0,1.0
runtime/motif16_2/read_inline/1024,45,0,runtime/motif16_2/read_inline/1024,iteration,5,3,1,100822,254.5198468588386,254.48760191227402,ns,25810432.0,256.0,1005942914.6110125,16.0,960.0,7040.0,1.0,16.0,16.0,16.0,1.0
runtime/motif16_2/read_inline/1024,45,0,runtime/motif16_2/read_inline/1024,iteration,5,4,1,100822,247.71436789585056,247.44410942056751,ns,25810432.0,256.0,1034577063.0768603,16.0,960.0,7040.0,1.0,16.0,16.0,16.0,1.0
runtime/motif16_2/read_inline/65536,45,1,runtime/motif16_2/read_inline/65536,iteration,5,0,1,99364,277.7135079103111,277.5097721508822,ns,25437184.0,256.0,922490037.0744878,16.0,960.0,7040.0,1.0,16.0,16.0,16.0,1.0
runtime/motif16_2/read_inline/65536,45,1,runtime/motif16_2/read_inline/65536,iteration,5,1,1,99364,276.19293707980114,276.1955134656314,ns,25437184.0,256.0,926879646.9130754,16.0,960.0,7040.0,1.0,16.0,16.0,16.0,1.0
runtime/motif16_2/read_inline/65536,45,1,runtime/motif16_2/read_inline/65536,iteration,5,2,1,99364,277.9103598888784,277.7223239805141,ns,25437184.0,256.0,921784019.1268232,16.0,960.0,7040.0,1.0,16.0,16.0,16.0,1.0
runtime/motif16_2/read_inline/65536,45,1,runtime/motif16_2/read_inline/65536,iteration,5,3,1,99364,277.45063604523796,276.9234430981124,ns,25437184.0,256.0,924443222.0543375,16.0,960.0,7040.0,1.0,16.0,16.0,16.0,1.0
runtime/motif16_2/read_inline/65536,45,1,runtime/motif16_2/read_inline/65536,iteration,5,4,1,99364,278.49810796655015,278.498158286697,ns,25437184.0,256.0,919216132.6124947,16.0,960.0,7040.0,1.0,16.0,16.0,16.0,1.0
runtime/motif16_2/read_bound/1024,46,0,runtime/motif16_2/read_bound/1024,iteration,5,0,1,76705,365.5899354672899,364.83230558632624,ns,19636480.0,256.0,701692246.218655,16.0,960.0,7040.0,1.0,16.0,16.0,16.0,1.0
runtime/motif16_2/read_bound/1024,46,0,runtime/motif16_2/read_bound/1024,iteration,5,1,1,76705,364.8817808487591,364.8811941855204,ns,19636480.0,256.0,701598229.9976776,16.0,960.0,7040.0,1.0,16.0,16.0,16.0,1.0
runtime/motif16_2/read_bound/1024,46,0,runtime/motif16_2/read_bound/1024,iteration,5,2,1,76705,365.55460530604654,365.1580861742921,ns,19636480.0,256.0,701066222.25479,16.0,960.0,7040.0,1.0,16.0,16.0,16.0,1.0
runtime/motif16_2/read_bound/1024,46,0,runtime/motif16_2/read_bound/1024,iteration,5,3,1,76705,364.616739456251,364.6161527931744,ns,19636480.0,256.0,702108225.4279995,16.0,960.0,7040.0,1.0,16.0,16.0,16.0,1.0
runtime/motif16_2/read_bound/1024,46,0,runtime/motif16_2/read_bound/1024,iteration,5,4,1,76705,365.01135519195157,364.9893879147325,ns,19636480.0,256.0,701390255.3786188,16.0,960.0,7040.0,1.0,16.0,16.0,16.0,1.0
runtime/motif16_2/read_bound/65536,46,1,runtime/motif16_2/read_bound/65536,iteration,5,0,1,75753,368.2175755412494,367.96167808534955,ns,19392768.0,256.0,695724623.640346,16.0,960.0,7040.0,1.0,16.0,16.0,16.0,1.0
runtime/motif16_2/read_bound/65536,46,1,runtime/motif16_2/read_bound/65536,iteration,5,1,1,75753,368.49928055684177,368.49776246485925,ns,19392768.0,256.0,694712495.0980203,16.0,960.0,7040.0,1.0,16.0,16.0,16.0,1.0
runtime/motif16_2/read_bound/65536,46,1,runtime/motif16_2/read_bound/65536,iteration,5,2,1,75753,367.916993386636,367.65622483600185,ns,19392768.0,256.0,696302640.0931804,16.0,960.0,7040.0,1.0,16.0,16.0,16.0,1.0
runtime/motif16_2/read_bound/65536,46,1,runtime/motif16_2/read_bound/65536,iteration,5,3,1,75753,367.811783031761,367.8110569878479,ns,19392768.0,256.0,696009527.5451657,16.0,960.0,7040.0,1.0,16.0,16.0,16.0,1.0
runtime/motif16_2/read_bound/65536,46,1,runtime/motif16_2/read_bound/65536,iteration,5,4,1,75753,369.6325822078119,369.0349161089472,ns,19392768.0,256.0,693701297.1542866,16.0,960.0,7040.0,1.0,16.0,16.0,16.0,1.0
runtime/motif16_2/weighted_bound/1024,47,0,runtime/motif16_2/weighted_bound/1024,iteration,5,0,1,49990,559.4894378871368,559.1760552110384,ns,12797440.0,256.0,457816456.2203636,16.0,960.0,7040.0,1.0,16.0,16.0,16.0,1.0
runtime/motif16_2/weighted_bound/1024,47,0,runtime/motif16_2/weighted_bound/1024,iteration,5,1,1,49990,558.99271854346,558.9918383676718,ns,12797440.0,256.0,457967330.52051884,16.0,960.0,7040.0,1.0,16.0,16.0,16.0,1.0
runtime/motif16_2/weighted_bound/1024,47,0,runtime/motif16_2/weighted_bound/1024,iteration,5,2,1,49990,559.1283456690203,559.0832366473568,ns,12797440.0,256.0,457892462.5519986,16.0,960.0,7040.0,1.0,16.0,16.0,16.0,1.0
runtime/motif16_2/weighted_bound/1024,47,0,runtime/motif16_2/weighted_bound/1024,iteration,5,3,1,49990,559.1037607522057,559.1026605321063,ns,12797440.0,256.0,457876554.82869816,16.0,960.0,7040.0,1.0,16.0,16.0,16.0,1.0
runtime/motif16_2/weighted_bound/1024,47,0,runtime/motif16_2/weighted_bound/1024,iteration,5,4,1,49990,559.0063212639925,558.971214242846,ns,12797440.0,256.0,457984227.9477031,16.0,960.0,7040.0,1.0,16.0,16.0,16.0,1.0
runtime/motif16_2/weighted_bound/65536,47,1,runtime/motif16_2/weighted_bound/65536,iteration,5,0,1,44721,628.4498781333033,627.6566266407009,ns,11448576.0,256.0,407866322.33956486,16.0,960.0,7040.0,1.0,16.0,16.0,16.0,1.0
runtime/motif16_2/weighted_bound/65536,47,1,runtime/motif16_2/weighted_bound/65536,iteration,5,1,1,44721,627.0905391200906,626.4073254176274,ns,11448576.0,256.0,408679767.321246,16.0,960.0,7040.0,1.0,16.0,16.0,16.0,1.0
runtime/motif16_2/weighted_bound/65536,47,1,runtime/motif16_2/weighted_bound/65536,iteration,5,2,1,44721,628.3273406229911,626.9544732899412,ns,11448576.0,256.0,408323109.4223492,16.0,960.0,7040.0,1.0,16.0,16.0,16.0,1.0
runtime/motif16_2/weighted_bound/65536,47,1,runtime/motif16_2/weighted_bound/65536,iteration,5,3,1,44721,626.5625992260921,626.5698888665117,ns,11448576.0,256.0,408573735.4265675,16.0,960.0,7040.0,1.0,16.0,16.0,16.0,1.0
runtime/motif16_2/weighted_bound/65536,47,1,runtime/motif16_2/weighted_bound/65536,iteration,5,4,1,44721,647.914827485733,630.2189575367582,ns,11448576.0,256.0,406208028.08057153,16.0,960.0,7040.0,1.0,16.0,16.0,16.0,1.0
runtime/motif16_2/scalar64/1024,48,0,runtime/motif16_2/scalar64/1024,iteration,5,0,1,8266,3821.673844662035,3817.5895233486917,ns,2116096.0,256.0,67058021.41227676,16.0,960.0,7040.0,1.0,16.0,16.0,16.0,1.0
runtime/motif16_2/scalar64/1024,48,0,runtime/motif16_2/scalar64/1024,iteration,5,1,1,8266,3697.585652067069,3696.893660779075,ns,2116096.0,256.0,69247325.86061215,16.0,960.0,7040.0,1.0,16.0,16.0,16.0,1.0
runtime/motif16_2/scalar64/1024,48,0,runtime/motif16_2/scalar64/1024,iteration,5,2,1,8266,3784.094604404004,3783.7253810790785,ns,2116096.0,256.0,67658187.1612975,16.0,960.0,7040.0,1.0,16.0,16.0,16.0,1.0
runtime/motif16_2/scalar64/1024,48,0,runtime/motif16_2/scalar64/1024,iteration,5,3,1,8266,3712.2591338028137,3707.24461650138,ns,2116096.0,256.0,69053981.18605772,16.0,960.0,7040.0,1.0,16.0,16.0,16.0,1.0
runtime/motif16_2/scalar64/1024,48,0,runtime/motif16_2/scalar64/1024,iteration,5,4,1,8266,3670.59303169732,3670.2653036534075,ns,2116096.0,256.0,69749726.19695254,16.0,960.0,7040.0,1.0,16.0,16.0,16.0,1.0
runtime/motif16_2/scalar64/65536,48,1,runtime/motif16_2/scalar64/65536,iteration,5,0,1,7740,3530.963178293076,3528.301162790644,ns,1981440.0,256.0,72556164.62102729,16.0,960.0,7040.0,1.0,16.0,16.0,16.0,1.0
runtime/motif16_2/scalar64/65536,48,1,runtime/motif16_2/scalar64/65536,iteration,5,1,1,7740,3573.5873384990646,3572.652583979167,ns,1981440.0,256.0,71655441.99511026,16.0,960.0,7040.0,1.0,16.0,16.0,16.0,1.0
runtime/motif16_2/scalar64/65536,48,1,runtime/motif16_2/scalar64/65536,iteration,5,2,1,7740,3617.298062015238,3611.602325581492,ns,1981440.0,256.0,70882665.62093939,16.0,960.0,7040.0,1.0,16.0,16.0,16.0,1.0
runtime/motif16_2/scalar64/65536,48,1,runtime/motif16_2/scalar64/65536,iteration,5,3,1,7740,3874.0493540034636,3872.2872093023916,ns,1981440.0,256.0,66110798.64763426,16.0,960.0,7040.0,1.0,16.0,16.0,16.0,1.0
runtime/motif16_2/scalar64/65536,48,1,runtime/motif16_2/scalar64/65536,iteration,5,4,1,7740,3833.299870800026,3831.093410852745,ns,1981440.0,256.0,66821654.43285763,16.0,960.0,7040.0,1.0,16.0,16.0,16.0,1.0
runtime/motif16_2/scalar8_projection/1024,49,0,runtime/motif16_2/scalar8_projection/1024,iteration,5,0,1,35651,786.3276485934796,785.8136377661167,ns,9126656.0,256.0,325776987.94811934,16.0,960.0,7040.0,1.0,16.0,16.0,16.0,1.0
runtime/motif16_2/scalar8_projection/1024,49,0,runtime/motif16_2/scalar8_projection/1024,iteration,5,1,1,35651,786.5562256318707,785.7028133853122,ns,9126656.0,256.0,325822939.20647633,16.0,960.0,7040.0,1.0,16.0,16.0,16.0,1.0
runtime/motif16_2/scalar8_projection/1024,49,0,runtime/motif16_2/scalar8_projection/1024,iteration,5,2,1,35651,785.702673136581,785.6279487251684,ns,9126656.0,256.0,325853987.7755227,16.0,960.0,7040.0,1.0,16.0,16.0,16.0,1.0
runtime/motif16_2/scalar8_projection/1024,49,0,runtime/motif16_2/scalar8_projection/1024,iteration,5,3,1,35651,787.1570783424642,785.8845754677137,ns,9126656.0,256.0,325747581.7586105,16.0,960.0,7040.0,1.0,16.0,16.0,16.0,1.0
runtime/motif16_2/scalar8_projection/1024,49,0,runtime/motif16_2/scalar8_projection/1024,iteration,5,4,1,35651,785.9913326410907,785.8411264760931,ns,9126656.0,256.0,325765592.27431583,16.0,960.0,7040.0,1.0,16.0,16.0,16.0,1.0
runtime/motif16_2/scalar8_projection/65536,49,1,runtime/motif16_2/scalar8_projection/65536,iteration,5,0,1,26928,1040.6371063577508,1039.909462269769,ns,6893568.0,256.0,246175277.06810075,16.0,960.0,7040.0,1.0,16.0,16.0,16.0,1.0
runtime/motif16_2/scalar8_projection/65536,49,1,runtime/motif16_2/scalar8_projection/65536,iteration,5,1,1,26928,1041.170788769805,1039.83407605464,ns,6893568.0,256.0,246193124.36010993,16.0,960.0,7040.0,1.0,16.0,16.0,16.0,1.0
runtime/motif16_2/scalar8_projection/65536,49,1,runtime/motif16_2/scalar8_projection/65536,iteration,5,2,1,26928,1040.543560605369,1039.8035873440544,ns,6893568.0,256.0,246200343.13777924,16.0,960.0,7040.0,1.0,16.0,16.0,16.0,1.0
runtime/motif16_2/scalar8_projection/65536,49,1,runtime/motif16_2/scalar8_projection/65536,iteration,5,3,1,26928,1039.2263443259635,1039.236928104552,ns,6893568.0,256.0,246334587.50057545,16.0,960.0,7040.0,1.0,16.0,16.0,16.0,1.0
runtime/motif16_2/scalar8_projection/65536,49,1,runtime/motif16_2/scalar8_projection/65536,iteration,5,4,1,26928,1040.438799762337,1039.7352941176296,ns,6893568.0,256.0,246216514.38432142,16.0,960.0,7040.0,1.0,16.0,16.0,16.0,1.0
runtime/motif16_2/write_scalar/1024,50,0,runtime/motif16_2/write_scalar/1024,iteration,5,0,1,6611,4224.652246254191,4222.496142792166,ns,1692416.0,256.0,60627645.672807544,16.0,960.0,7040.0,1.0,16.0,16.0,16.0,1.0
runtime/motif16_2/write_scalar/1024,50,0,runtime/motif16_2/write_scalar/1024,iteration,5,1,1,6611,4184.434427471528,4184.424595371353,ns,1692416.0,256.0,61179259.93532713,16.0,960.0,7040.0,1.0,16.0,16.0,16.0,1.0
runtime/motif16_2/write_scalar/1024,50,0,runtime/motif16_2/write_scalar/1024,iteration,5,2,1,6611,4198.852821055793,4198.589018302743,ns,1692416.0,256.0,60972864.665731594,16.0,960.0,7040.0,1.0,16.0,16.0,16.0,1.0
runtime/motif16_2/write_scalar/1024,50,0,runtime/motif16_2/write_scalar/1024,iteration,5,3,1,6611,4143.830736653957,4139.3315685976395,ns,1692416.0,256.0,61845734.21034982,16.0,960.0,7040.0,1.0,16.0,16.0,16.0,1.0
runtime/motif16_2/write_scalar/1024,50,0,runtime/motif16_2/write_scalar/1024,iteration,5,4,1,6611,4122.030555137504,4121.74118892749,ns,1692416.0,256.0,62109673.622329794,16.0,960.0,7040.0,1.0,16.0,16.0,16.0,1.0
runtime/motif16_2/write_scalar/65536,50,1,runtime/motif16_2/write_scalar/65536,iteration,5,0,1,6433,4304.0457018496345,4301.036996735509,ns,1646848.0,256.0,59520529.629088104,16.0,960.0,7040.0,1.0,16.0,16.0,16.0,1.0
runtime/motif16_2/write_scalar/65536,50,1,runtime/motif16_2/write_scalar/65536,iteration,5,1,1,6433,4295.264417846599,4295.257578112852,ns,1646848.0,256.0,59600616.57407638,16.0,960.0,7040.0,1.0,16.0,16.0,16.0,1.0
runtime/motif16_2/write_scalar/65536,50,1,runtime/motif16_2/write_scalar/65536,iteration,5,2,1,6433,4332.009326912081,4327.780351313577,ns,1646848.0,256.0,59152724.773173474,16.0,960.0,7040.0,1.0,16.0,16.0,16.0,1.0
runtime/motif16_2/write_scalar/65536,50,1,runtime/motif16_2/write_scalar/65536,iteration,5,3,1,6433,4286.891807867146,4286.864915280365,ns,1646848.0,256.0,59717300.41865744,16.0,960.0,7040.0,1.0,16.0,16.0,16.0,1.0
runtime/motif16_2/write_scalar/65536,50,1,runtime/motif16_2/write_scalar/65536,iteration,5,4,1,6433,4307.728120625988,4303.521063267544,ns,1646848.0,256.0,59486173.35350656,16.0,960.0,7040.0,1.0,16.0,16.0,16.0,1.0
runtime/motif16_2/write_native/1024,51,0,runtime/motif16_2/write_native/1024,iteration,5,0,1,34780,806.9694364578338,804.7392754456622,ns,8903680.0,256.0,318115454.04967093,16.0,960.0,7040.0,1.0,16.0,16.0,16.0,1.0
runtime/motif16_2/write_native/1024,51,0,runtime/motif16_2/write_native/1024,iteration,5,1,1,34780,805.2664462334212,805.2217078781224,ns,8903680.0,256.0,317924861.55719477,16.0,960.0,7040.0,1.0,16.0,16.0,16.0,1.0
runtime/motif16_2/write_native/1024,51,0,runtime/motif16_2/write_native/1024,iteration,5,2,1,34780,804.4469810234518,804.3873490511762,ns,8903680.0,256.0,318254632.3011762,16.0,960.0,7040.0,1.0,16.0,16.0,16.0,1.0
runtime/motif16_2/write_native/1024,51,0,runtime/motif16_2/write_native/1024,iteration,5,3,1,34780,804.9277458310597,804.9261357102185,ns,8903680.0,256.0,318041604.86616695,16.0,960.0,7040.0,1.0,16.0,16.0,16.0,1.0
runtime/motif16_2/write_native/1024,51,0,runtime/motif16_2/write_native/1024,iteration,5,4,1,34780,805.1154686599712,805.0635997700073,ns,8903680.0,256.0,317987299.4793638,16.0,960.0,7040.0,1.0,16.0,16.0,16.0,1.0
runtime/motif16_2/write_native/65536,51,1,runtime/motif16_2/write_native/65536,iteration,5,0,1,33159,841.0300672520062,840.4285714285827,ns,8488704.0,256.0,304606493.2857345,16.0,960.0,7040.0,1.0,16.0,16.0,16.0,1.0
runtime/motif16_2/write_native/65536,51,1,runtime/motif16_2/write_native/65536,iteration,5,1,1,33159,839.8554238669832,839.8583190084383,ns,8488704.0,256.0,304813316.9678443,16.0,960.0,7040.0,1.0,16.0,16.0,16.0,1.0
runtime/motif16_2/write_native/65536,51,1,runtime/motif16_2/write_native/65536,iteration,5,2,1,33159,841.3449138994546,839.8224011580555,ns,8488704.0,256.0,304826353.3420806,16.0,960.0,7040.0,1.0,16.0,16.0,16.0,1.0
runtime/motif16_2/write_native/65536,51,1,runtime/motif16_2/write_native/65536,iteration,5,3,1,33159,849.2661720804019,842.0648994240155,ns,8488704.0,256.0,304014572.00639486,16.0,960.0,7040.0,1.0,16.0,16.0,16.0,1.0
runtime/motif16_2/write_native/65536,51,1,runtime/motif16_2/write_native/65536,iteration,5,4,1,33159,839.339425193443,838.5138876323158,ns,8488704.0,256.0,305302039.44845665,16.0,960.0,7040.0,1.0,16.0,16.0,16.0,1.0
runtime/motif16_2/prepare_read,52,0,runtime/motif16_2/prepare_read,iteration,5,0,1,149055,187.9399282144028,187.6112911341345,ns,0.0,1.0,5330169.5966957575,,960.0,7040.0,149055.0,,,,0.0
runtime/motif16_2/prepare_read,52,0,runtime/motif16_2/prepare_read,iteration,5,1,1,149055,188.1747475764822,188.16263795243356,ns,0.0,1.0,5314551.341764214,,960.0,7040.0,149055.0,,,,0.0
runtime/motif16_2/prepare_read,52,0,runtime/motif16_2/prepare_read,iteration,5,2,1,149055,188.30663848906198,188.29453557412563,ns,0.0,1.0,5310828.574769402,,960.0,7040.0,149055.0,,,,0.0
runtime/motif16_2/prepare_read,52,0,runtime/motif16_2/prepare_read,iteration,5,3,1,149055,188.02232061996258,188.0220120089978,ns,0.0,1.0,5318526.215707898,,960.0,7040.0,149055.0,,,,0.0
runtime/motif16_2/prepare_read,52,0,runtime/motif16_2/prepare_read,iteration,5,4,1,149055,188.37064170940178,188.10333098519772,ns,0.0,1.0,5316226.9629275855,,960.0,7040.0,149055.0,,,,0.0
runtime/motif16_2/prepare_write,53,0,runtime/motif16_2/prepare_write,iteration,5,0,1,80683,348.66857950241547,348.1771996579341,ns,0.0,1.0,2872100.760711637,,960.0,7040.0,0.0,,,,80683.0
runtime/motif16_2/prepare_write,53,0,runtime/motif16_2/prepare_write,iteration,5,1,1,80683,351.63463183081154,351.6340740924342,ns,0.0,1.0,2843865.4660558566,,960.0,7040.0,0.0,,,,80683.0
runtime/motif16_2/prepare_write,53,0,runtime/motif16_2/prepare_write,iteration,5,2,1,80683,353.0063086398966,352.52744692191123,ns,0.0,1.0,2836658.5601532217,,960.0,7040.0,0.0,,,,80683.0
runtime/motif16_2/prepare_write,53,0,runtime/motif16_2/prepare_write,iteration,5,3,1,80683,351.1590793602691,351.1582613437725,ns,0.0,1.0,2847718.8495389908,,960.0,7040.0,0.0,,,,80683.0
runtime/motif16_2/prepare_write,53,0,runtime/motif16_2/prepare_write,iteration,5,4,1,80683,353.53106602413044,353.5089424042214,ns,0.0,1.0,2828782.754967894,,960.0,7040.0,0.0,,,,80683.0
runtime/stress_0_0/read_inline/1024,54,0,runtime/stress_0_0/read_inline/1024,iteration,5,0,1,83309,335.59730641372465,335.5654371076386,ns,21327104.0,256.0,762891441.402779,48.0,960.0,7040.0,1.0,48.0,48.0,48.0,1.0
runtime/stress_0_0/read_inline/1024,54,0,runtime/stress_0_0/read_inline/1024,iteration,5,1,1,83309,337.36363418134965,337.0383992125672,ns,21327104.0,256.0,759557369.7184072,48.0,960.0,7040.0,1.0,48.0,48.0,48.0,1.0
runtime/stress_0_0/read_inline/1024,54,0,runtime/stress_0_0/read_inline/1024,iteration,5,2,1,83309,337.34886987005797,337.3125592673002,ns,21327104.0,256.0,758940018.5871384,48.0,960.0,7040.0,1.0,48.0,48.0,48.0,1.0
runtime/stress_0_0/read_inline/1024,54,0,runtime/stress_0_0/read_inline/1024,iteration,5,3,1,83309,338.9399344611318,338.9392622645817,ns,21327104.0,256.0,755297566.5597634,48.0,960.0,7040.0,1.0,48.0,48.0,48.0,1.0
runtime/stress_0_0/read_inline/1024,54,0,runtime/stress_0_0/read_inline/1024,iteration,5,4,1,83309,339.1523964997155,339.13169045362787,ns,21327104.0,256.0,754868999.8789862,48.0,960.0,7040.0,1.0,48.0,48.0,48.0,1.0
runtime/stress_0_0/read_inline/65536,54,1,runtime/stress_0_0/read_inline/65536,iteration,5,0,1,64967,440.6313820860375,440.2977203811187,ns,16631552.0,256.0,581424768.1736988,48.0,960.0,7040.0,1.0,48.0,48.0,48.0,1.0
runtime/stress_0_0/read_inline/65536,54,1,runtime/stress_0_0/read_inline/65536,iteration,5,1,1,64967,442.7108839870773,442.7098680868865,ns,16631552.0,256.0,578256818.8648492,48.0,960.0,7040.0,1.0,48.0,48.0,48.0,1.0
runtime/stress_0_0/read_inline/65536,54,1,runtime/stress_0_0/read_inline/65536,iteration,5,2,1,64967,443.13619222040654,442.7477334646823,ns,16631552.0,256.0,578207364.2629296,48.0,960.0,7040.0,1.0,48.0,48.0,48.0,1.0
runtime/stress_0_0/read_inline/65536,54,1,runtime/stress_0_0/read_inline/65536,iteration,5,3,1,64967,443.27795650119805,442.7660504563975,ns,16631552.0,256.0,578183444.1374141,48.0,960.0,7040.0,1.0,48.0,48.0,48.0,1.0
runtime/stress_0_0/read_inline/65536,54,1,runtime/stress_0_0/read_inline/65536,iteration,5,4,1,64967,443.28194314040644,442.959379377235,ns,16631552.0,256.0,577931096.887293,48.0,960.0,7040.0,1.0,48.0,48.0,48.0,1.0
runtime/stress_0_0/read_bound/1024,55,0,runtime/stress_0_0/read_bound/1024,iteration,5,0,1,67955,412.71631226573817,412.43384592745684,ns,17396480.0,256.0,620705605.3421667,48.0,960.0,7040.0,1.0,48.0,48.0,48.0,1.0
runtime/stress_0_0/read_bound/1024,55,0,runtime/stress_0_0/read_bound/1024,iteration,5,1,1,67955,413.55348392339687,413.45700831434544,ns,17396480.0,256.0,619169574.712752,48.0,960.0,7040.0,1.0,48.0,48.0,48.0,1.0
runtime/stress_0_0/read_bound/1024,55,0,runtime/stress_0_0/read_bound/1024,iteration,5,2,1,67955,412.4651019059113,412.3751306011419,ns,17396480.0,256.0,620793983.4461275,48.0,960.0,7040.0,1.0,48.0,48.0,48.0,1.0
runtime/stress_0_0/read_bound/1024,55,0,runtime/stress_0_0/read_bound/1024,iteration,5,3,1,67955,412.77870649694023,412.75198292988455,ns,17396480.0,256.0,620227183.8473215,48.0,960.0,7040.0,1.0,48.0,48.0,48.0,1.0
runtime/stress_0_0/read_bound/1024,55,0,runtime/stress_0_0/read_bound/1024,iteration,5,4,1,67955,413.0138473987537,412.5136045912643,ns,17396480.0,256.0,620585593.1797825,48.0,960.0,7040.0,1.0,48.0,48.0,48.0,1.0
runtime/stress_0_0/read_bound/65536,55,1,runtime/stress_0_0/read_bound/65536,iteration,5,0,1,53822,522.6529486082129,521.8386904983012,ns,13778432.0,256.0,490573053.8215686,48.0,960.0,7040.0,1.0,48.0,48.0,48.0,1.0
runtime/stress_0_0/read_bound/65536,55,1,runtime/stress_0_0/read_bound/65536,iteration,5,1,1,53822,521.4108914569354,520.9966556427007,ns,13778432.0,256.0,491365918.04835826,48.0,960.0,7040.0,1.0,48.0,48.0,48.0,1.0
runtime/stress_0_0/read_bound/65536,55,1,runtime/stress_0_0/read_bound/65536,iteration,5,2,1,53822,522.4968785999547,522.1320649548588,ns,13778432.0,256.0,490297411.6752101,48.0,960.0,7040.0,1.0,48.0,48.0,48.0,1.0
runtime/stress_0_0/read_bound/65536,55,1,runtime/stress_0_0/read_bound/65536,iteration,5,3,1,53822,521.4643825942596,521.4643082754328,ns,13778432.0,256.0,490925257.85059685,48.0,960.0,7040.0,1.0,48.0,48.0,48.0,1.0
runtime/stress_0_0/read_bound/65536,55,1,runtime/stress_0_0/read_bound/65536,iteration,5,4,1,53822,522.6287949167919,521.7134443164429,ns,13778432.0,256.0,490690824.2232768,48.0,960.0,7040.0,1.0,48.0,48.0,48.0,1.0
runtime/stress_0_0/weighted_bound/1024,56,0,runtime/stress_0_0/weighted_bound/1024,iteration,5,0,1,46845,595.826363539802,595.8254029245498,ns,11992320.0,256.0,429656068.2767962,48.0,960.0,7040.0,1.0,48.0,48.0,48.0,1.0
runtime/stress_0_0/weighted_bound/1024,56,0,runtime/stress_0_0/weighted_bound/1024,iteration,5,1,1,46845,597.0709147191319,596.7094033514469,ns,11992320.0,256.0,429019550.49168617,48.0,960.0,7040.0,1.0,48.0,48.0,48.0,1.0
runtime/stress_0_0/weighted_bound/1024,56,0,runtime/stress_0_0/weighted_bound/1024,iteration,5,2,1,46845,596.5207812998652,595.9203970540985,ns,11992320.0,256.0,429587577.91396743,48.0,960.0,7040.0,1.0,48.0,48.0,48.0,1.0
runtime/stress_0_0/weighted_bound/1024,56,0,runtime/stress_0_0/weighted_bound/1024,iteration,5,3,1,46845,595.8039491938282,595.8030099263316,ns,11992320.0,256.0,429672216.7141338,48.0,960.0,7040.0,1.0,48.0,48.0,48.0,1.0
runtime/stress_0_0/weighted_bound/1024,56,0,runtime/stress_0_0/weighted_bound/1024,iteration,5,4,1,46845,597.6908314655709,597.0795389049294,ns,11992320.0,256.0,428753596.99901193,48.0,960.0,7040.0,1.0,48.0,48.0,48.0,1.0
runtime/stress_0_0/weighted_bound/65536,56,1,runtime/stress_0_0/weighted_bound/65536,iteration,5,0,1,37537,749.5880597808226,744.4034419372886,ns,9609472.0,256.0,343899538.3118694,48.0,960.0,7040.0,1.0,48.0,48.0,48.0,1.0
runtime/stress_0_0/weighted_bound/65536,56,1,runtime/stress_0_0/weighted_bound/65536,iteration,5,1,1,37537,745.564802727954,744.6154727336037,ns,9609472.0,256.0,343801612.2068786,48.0,960.0,7040.0,1.0,48.0,48.0,48.0,1.0
runtime/stress_0_0/weighted_bound/65536,56,1,runtime/stress_0_0/weighted_bound/65536,iteration,5,2,1,37537,744.7759810324438,744.2297466499866,ns,9609472.0,256.0,343979800.7971825,48.0,960.0,7040.0,1.0,48.0,48.0,48.0,1.0
runtime/stress_0_0/weighted_bound/65536,56,1,runtime/stress_0_0/weighted_bound/65536,iteration,5,3,1,37537,743.242294270166,743.2400298372208,ns,9609472.0,256.0,344437852.81057495,48.0,960.0,7040.0,1.0,48.0,48.0,48.0,1.0
runtime/stress_0_0/weighted_bound/65536,56,1,runtime/stress_0_0/weighted_bound/65536,iteration,5,4,1,37537,746.9796733891759,744.317899672344,ns,9609472.0,256.0,343939061.6733706,48.0,960.0,7040.0,1.0,48.0,48.0,48.0,1.0
runtime/stress_0_0/scalar64/1024,57,0,runtime/stress_0_0/scalar64/1024,iteration,5,0,1,5928,4912.14895411996,4840.506410256467,ns,1517568.0,256.0,52887028.402145274,48.0,960.0,7040.0,1.0,48.0,48.0,48.0,1.0
runtime/stress_0_0/scalar64/1024,57,0,runtime/stress_0_0/scalar64/1024,iteration,5,1,1,5928,4808.840755736007,4804.339068825826,ns,1517568.0,256.0,53285165.000347495,48.0,960.0,7040.0,1.0,48.0,48.0,48.0,1.0
runtime/stress_0_0/scalar64/1024,57,0,runtime/stress_0_0/scalar64/1024,iteration,5,2,1,5928,4797.074392710994,4796.678812415828,ns,1517568.0,256.0,53370260.96835253,48.0,960.0,7040.0,1.0,48.0,48.0,48.0,1.0
runtime/stress_0_0/scalar64/1024,57,0,runtime/stress_0_0/scalar64/1024,iteration,5,3,1,5928,4856.949730094913,4856.940283400774,ns,1517568.0,256.0,52708080.6150558,48.0,960.0,7040.0,1.0,48.0,48.0,48.0,1.0
runtime/stress_0_0/scalar64/1024,57,0,runtime/stress_0_0/scalar64/1024,iteration,5,4,1,5928,4734.913292847797,4734.575236167532,ns,1517568.0,256.0,54070320.40475563,48.0,960.0,7040.0,1.0,48.0,48.0,48.0,1.0
runtime/stress_0_0/scalar64/65536,57,1,runtime/stress_0_0/scalar64/65536,iteration,5,0,1,4345,6275.363406213898,6275.585730724828,ns,1112320.0,256.0,40793004.985437766,48.0,960.0,7040.0,1.0,48.0,48.0,48.0,1.0
runtime/stress_0_0/scalar64/65536,57,1,runtime/stress_0_0/scalar64/65536,iteration,5,1,1,4345,6244.295512077946,6230.037054085281,ns,1112320.0,256.0,41091248.37903343,48.0,960.0,7040.0,1.0,48.0,48.0,48.0,1.0
runtime/stress_0_0/scalar64/65536,57,1,runtime/stress_0_0/scalar64/65536,iteration,5,2,1,4345,6257.482853861101,6251.806904487992,ns,1112320.0,256.0,40948161.69325782,48.0,960.0,7040.0,1.0,48.0,48.0,48.0,1.0
runtime/stress_0_0/scalar64/65536,57,1,runtime/stress_0_0/scalar64/65536,iteration,5,3,1,4345,6221.701726123355,6221.770080552441,ns,1112320.0,256.0,41145847.03156844,48.0,960.0,7040.0,1.0,48.0,48.0,48.0,1.0
runtime/stress_0_0/scalar64/65536,57,1,runtime/stress_0_0/scalar64/65536,iteration,5,4,1,4345,6247.535788259826,6243.05661680062,ns,1112320.0,256.0,41005554.76480564,48.0,960.0,7040.0,1.0,48.0,48.0,48.0,1.0
runtime/stress_0_0/scalar8_projection/1024,58,0,runtime/stress_0_0/scalar8_projection/1024,iteration,5,0,1,33988,824.1863598914642,824.184771095653,ns,8700928.0,256.0,310609961.47705966,48.0,960.0,7040.0,1.0,48.0,48.0,48.0,1.0
runtime/stress_0_0/scalar8_projection/1024,58,0,runtime/stress_0_0/scalar8_projection/1024,iteration,5,1,1,33988,826.7063669524384,826.0236259856205,ns,8700928.0,256.0,309918496.21073246,48.0,960.0,7040.0,1.0,48.0,48.0,48.0,1.0
runtime/stress_0_0/scalar8_projection/1024,58,0,runtime/stress_0_0/scalar8_projection/1024,iteration,5,2,1,33988,824.291691185633,824.29010238909,ns,8700928.0,256.0,310570270.4157428,48.0,960.0,7040.0,1.0,48.0,48.0,48.0,1.0
runtime/stress_0_0/scalar8_projection/1024,58,0,runtime/stress_0_0/scalar8_projection/1024,iteration,5,3,1,33988,827.3195539598655,826.4496881252256,ns,8700928.0,256.0,309758722.97892416,48.0,960.0,7040.0,1.0,48.0,48.0,48.0,1.0
runtime/stress_0_0/scalar8_projection/1024,58,0,runtime/stress_0_0/scalar8_projection/1024,iteration,5,4,1,33988,824.5082382017472,824.4342414970203,ns,8700928.0,256.0,310515972.183726,48.0,960.0,7040.0,1.0,48.0,48.0,48.0,1.0
runtime/stress_0_0/scalar8_projection/65536,58,1,runtime/stress_0_0/scalar8_projection/65536,iteration,5,0,1,26183,1069.8256884239959,1069.5104457090904,ns,6702848.0,256.0,239361851.04790705,48.0,960.0,7040.0,1.0,48.0,48.0,48.0,1.0
runtime/stress_0_0/scalar8_projection/65536,58,1,runtime/stress_0_0/scalar8_projection/65536,iteration,5,1,1,26183,1069.1641905050417,1068.3765038384163,ns,6702848.0,256.0,239615902.33429357,48.0,960.0,7040.0,1.0,48.0,48.0,48.0,1.0
runtime/stress_0_0/scalar8_projection/65536,58,1,runtime/stress_0_0/scalar8_projection/65536,iteration,5,2,1,26183,1071.870908604642,1069.2739945766511,ns,6702848.0,256.0,239414781.71023503,48.0,960.0,7040.0,1.0,48.0,48.0,48.0,1.0
runtime/stress_0_0/scalar8_projection/65536,58,1,runtime/stress_0_0/scalar8_projection/65536,iteration,5,3,1,26183,1067.9038307295405,1067.9024939846886,ns,6702848.0,256.0,239722260.63896665,48.0,960.0,7040.0,1.0,48.0,48.0,48.0,1.0
runtime/stress_0_0/scalar8_projection/65536,58,1,runtime/stress_0_0/scalar8_projection/65536,iteration,5,4,1,26183,1069.26501928782,1068.499446205597,ns,6702848.0,256.0,239588331.9444804,48.0,960.0,7040.0,1.0,48.0,48.0,48.0,1.0
runtime/stress_0_0/write_scalar/1024,59,0,runtime/stress_0_0/write_scalar/1024,iteration,5,0,1,2204,12493.01497277659,12470.336206896218,ns,564224.0,256.0,20528716.76855268,48.0,960.0,7040.0,1.0,48.0,48.0,48.0,1.0
runtime/stress_0_0/write_scalar/1024,59,0,runtime/stress_0_0/write_scalar/1024,iteration,5,1,1,2204,12529.067604353233,12528.989110707691,ns,564224.0,256.0,20432614.134943567,48.0,960.0,7040.0,1.0,48.0,48.0,48.0,1.0
runtime/stress_0_0/write_scalar/1024,59,0,runtime/stress_0_0/write_scalar/1024,iteration,5,2,1,2204,12657.715970953735,12620.69872958235,ns,564224.0,256.0,20284138.42095347,48.0,960.0,7040.0,1.0,48.0,48.0,48.0,1.0
runtime/stress_0_0/write_scalar/1024,59,0,runtime/stress_0_0/write_scalar/1024,iteration,5,3,1,2204,12922.285390190315,12922.260435571583,ns,564224.0,256.0,19810775.46582325,48.0,960.0,7040.0,1.0,48.0,48.0,48.0,1.0
runtime/stress_0_0/write_scalar/1024,59,0,runtime/stress_0_0/write_scalar/1024,iteration,5,4,1,2204,12650.25680580128,12649.347549909086,ns,564224.0,256.0,20238197.977400023,48.0,960.0,7040.0,1.0,48.0,48.0,48.0,1.0
runtime/stress_0_0/write_scalar/65536,59,1,runtime/stress_0_0/write_scalar/65536,iteration,5,0,1,2119,13180.729589436665,13167.13119395942,ns,542464.0,256.0,19442352.037734922,48.0,960.0,7040.0,1.0,48.0,48.0,48.0,1.0
runtime/stress_0_0/write_scalar/65536,59,1,runtime/stress_0_0/write_scalar/65536,iteration,5,1,1,2119,13371.211420481171,13322.469089192089,ns,542464.0,256.0,19215657.269393187,48.0,960.0,7040.0,1.0,48.0,48.0,48.0,1.0
runtime/stress_0_0/write_scalar/65536,59,1,runtime/stress_0_0/write_scalar/65536,iteration,5,2,1,2119,13260.602642744836,13236.857479942539,ns,542464.0,256.0,19339937.77510335,48.0,960.0,7040.0,1.0,48.0,48.0,48.0,1.0
runtime/stress_0_0/write_scalar/65536,59,1,runtime/stress_0_0/write_scalar/65536,iteration,5,3,1,2119,13199.526191603502,13199.703633789451,ns,542464.0,256.0,19394374.83616486,48.0,960.0,7040.0,1.0,48.0,48.0,48.0,1.0
runtime/stress_0_0/write_scalar/65536,59,1,runtime/stress_0_0/write_scalar/65536,iteration,5,4,1,2119,13262.225578096883,13253.266635205784,ns,542464.0,256.0,19315992.581026424,48.0,960.0,7040.0,1.0,48.0,48.0,48.0,1.0
runtime/stress_0_0/write_native/1024,60,0,runtime/stress_0_0/write_native/1024,iteration,5,0,1,30302,931.5215827336423,930.87459573625,ns,7757312.0,256.0,275010190.60201526,48.0,960.0,7040.0,1.0,48.0,48.0,48.0,1.0
runtime/stress_0_0/write_native/1024,60,0,runtime/stress_0_0/write_native/1024,iteration,5,1,1,30302,927.3445977167665,926.1514751501301,ns,7757312.0,256.0,276412667.76420367,48.0,960.0,7040.0,1.0,48.0,48.0,48.0,1.0
runtime/stress_0_0/write_native/1024,60,0,runtime/stress_0_0/write_native/1024,iteration,5,2,1,30302,933.4963368758237,933.2763843971788,ns,7757312.0,256.0,274302451.3208435,48.0,960.0,7040.0,1.0,48.0,48.0,48.0,1.0
runtime/stress_0_0/write_native/1024,60,0,runtime/stress_0_0/write_native/1024,iteration,5,3,1,30302,935.4503663130574,933.5523067785072,ns,7757312.0,256.0,274221378.0001275,48.0,960.0,7040.0,1.0,48.0,48.0,48.0,1.0
runtime/stress_0_0/write_native/1024,60,0,runtime/stress_0_0/write_native/1024,iteration,5,4,1,30302,930.5688073398198,930.5640551778531,ns,7757312.0,256.0,275101964.8519223,48.0,960.0,7040.0,1.0,48.0,48.0,48.0,1.0
runtime/stress_0_0/write_native/65536,60,1,runtime/stress_0_0/write_native/65536,iteration,5,0,1,26462,1059.4076789364422,1058.6638198171115,ns,6774272.0,256.0,241814252.2753116,48.0,960.0,7040.0,1.0,48.0,48.0,48.0,1.0
runtime/stress_0_0/write_native/65536,60,1,runtime/stress_0_0/write_native/65536,iteration,5,1,1,26462,1044.527813468281,1044.532575013263,ns,6774272.0,256.0,245085702.5658098,48.0,960.0,7040.0,1.0,48.0,48.0,48.0,1.0
runtime/stress_0_0/write_native/65536,60,1,runtime/stress_0_0/write_native/65536,iteration,5,2,1,26462,1043.5248658455296,1042.7900763359319,ns,6774272.0,256.0,245495239.94274217,48.0,960.0,7040.0,1.0,48.0,48.0,48.0,1.0
runtime/stress_0_0/write_native/65536,60,1,runtime/stress_0_0/write_native/65536,iteration,5,3,1,26462,1041.785390370458,1041.0165898268456,ns,6774272.0,256.0,245913468.14423105,48.0,960.0,7040.0,1.0,48.0,48.0,48.0,1.0
runtime/stress_0_0/write_native/65536,60,1,runtime/stress_0_0/write_native/65536,iteration,5,4,1,26462,1039.8796387270636,1039.8828886705132,ns,6774272.0,256.0,246181567.9333806,48.0,960.0,7040.0,1.0,48.0,48.0,48.0,1.0
runtime/stress_0_0/prepare_read,61,0,runtime/stress_0_0/prepare_read,iteration,5,0,1,105646,265.1555761693937,264.7226776215098,ns,0.0,1.0,3777538.097547356,,960.0,7040.0,105646.0,,,,0.0
runtime/stress_0_0/prepare_read,61,0,runtime/stress_0_0/prepare_read,iteration,5,1,1,105646,264.7518694508879,264.7514434999685,ns,0.0,1.0,3777127.6589852436,,960.0,7040.0,105646.0,,,,0.0
runtime/stress_0_0/prepare_read,61,0,runtime/stress_0_0/prepare_read,iteration,5,2,1,105646,264.58432879597234,264.55986975370547,ns,0.0,1.0,3779862.7619939465,,960.0,7040.0,105646.0,,,,0.0
runtime/stress_0_0/prepare_read,61,0,runtime/stress_0_0/prepare_read,iteration,5,3,1,105646,264.5367169603822,264.53629100959733,ns,0.0,1.0,3780199.67008504,,960.0,7040.0,105646.0,,,,0.0
runtime/stress_0_0/prepare_read,61,0,runtime/stress_0_0/prepare_read,iteration,5,4,1,105646,264.6043011567372,264.55721939308324,ns,0.0,1.0,3779900.629036263,,960.0,7040.0,105646.0,,,,0.0
runtime/stress_0_0/prepare_write,62,0,runtime/stress_0_0/prepare_write,iteration,5,0,1,60526,462.6174866994975,462.58171694804145,ns,0.0,1.0,2161780.207392682,,960.0,7040.0,0.0,,,,60526.0
runtime/stress_0_0/prepare_write,62,0,runtime/stress_0_0/prepare_write,iteration,5,1,1,60526,460.7599378779485,460.7590456993655,ns,0.0,1.0,2170331.7804258075,,960.0,7040.0,0.0,,,,60526.0
runtime/stress_0_0/prepare_write,62,0,runtime/stress_0_0/prepare_write,iteration,5,2,1,60526,461.65641212063883,461.37314542514093,ns,0.0,1.0,2167443.0120516256,,960.0,7040.0,0.0,,,,60526.0
runtime/stress_0_0/prepare_write,62,0,runtime/stress_0_0/prepare_write,iteration,5,3,1,60526,459.0145557280518,459.0136800714128,ns,0.0,1.0,2178584.3067780053,,960.0,7040.0,0.0,,,,60526.0
runtime/stress_0_0/prepare_write,62,0,runtime/stress_0_0/prepare_write,iteration,5,4,1,60526,459.10362488844504,459.0769421406165,ns,0.0,1.0,2178284.0918498957,,960.0,7040.0,0.0,,,,60526.0
runtime/stress_0_1/read_inline/1024,63,0,runtime/stress_0_1/read_inline/1024,iteration,5,0,1,81665,340.44247841822335,340.00406538908896,ns,20906240.0,256.0,752932173.6404604,48.0,960.0,7040.0,1.0,48.0,48.0,48.0,1.0
runtime/stress_0_1/read_inline/1024,63,0,runtime/stress_0_1/read_inline/1024,iteration,5,1,1,81665,343.22691483506634,343.22611890038957,ns,20906240.0,256.0,745863982.6717145,48.0,960.0,7040.0,1.0,48.0,48.0,48.0,1.0
runtime/stress_0_1/read_inline/1024,63,0,runtime/stress_0_1/read_inline/1024,iteration,5,2,1,81665,338.2503520480687,338.22679238355056,ns,20906240.0,256.0,756888590.0372285,48.0,960.0,7040.0,1.0,48.0,48.0,48.0,1.0
runtime/stress_0_1/read_inline/1024,63,0,runtime/stress_0_1/read_inline/1024,iteration,5,3,1,81665,336.1886365027131,336.1878650584646,ns,20906240.0,256.0,761479002.0915253,48.0,960.0,7040.0,1.0,48.0,48.0,48.0,1.0
runtime/stress_0_1/read_inline/1024,63,0,runtime/stress_0_1/read_inline/1024,iteration,5,4,1,81665,337.7803832731155,337.63731096555597,ns,20906240.0,256.0,758210042.8057129,48.0,960.0,7040.0,1.0,48.0,48.0,48.0,1.0
runtime/stress_0_1/read_inline/65536,63,1,runtime/stress_0_1/read_inline/65536,iteration,5,0,1,64579,434.2832190032502,434.2893510274397,ns,16532224.0,256.0,589468747.9542301,48.0,960.0,7040.0,1.0,48.0,48.0,48.0,1.0
runtime/stress_0_1/read_inline/65536,63,1,runtime/stress_0_1/read_inline/65536,iteration,5,1,1,64579,443.0487929514072,442.65367998881027,ns,16532224.0,256.0,578330219.7023898,48.0,960.0,7040.0,1.0,48.0,48.0,48.0,1.0
runtime/stress_0_1/read_inline/65536,63,1,runtime/stress_0_1/read_inline/65536,iteration,5,2,1,64579,442.33540314938716,442.0375354217634,ns,16532224.0,256.0,579136339.0797606,48.0,960.0,7040.0,1.0,48.0,48.0,48.0,1.0
runtime/stress_0_1/read_inline/65536,63,1,runtime/stress_0_1/read_inline/65536,iteration,5,3,1,64579,442.13718081753814,442.1398906765644,ns,16532224.0,256.0,579002269.1874006,48.0,960.0,7040.0,1.0,48.0,48.0,48.0,1.0
runtime/stress_0_1/read_inline/65536,63,1,runtime/stress_0_1/read_inline/65536,iteration,5,4,1,64579,442.86529676810864,442.57780393007806,ns,16532224.0,256.0,578429369.3147904,48.0,960.0,7040.0,1.0,48.0,48.0,48.0,1.0
runtime/stress_0_1/read_bound/1024,64,0,runtime/stress_0_1/read_bound/1024,iteration,5,0,1,69493,401.8861611959999,401.31568647201476,ns,17790208.0,256.0,637901803.0680739,48.0,960.0,7040.0,1.0,48.0,48.0,48.0,1.0
runtime/stress_0_1/read_bound/1024,64,0,runtime/stress_0_1/read_bound/1024,iteration,5,1,1,69493,400.99212870372594,400.90355863180025,ns,17790208.0,256.0,638557564.5017328,48.0,960.0,7040.0,1.0,48.0,48.0,48.0,1.0
runtime/stress_0_1/read_bound/1024,64,0,runtime/stress_0_1/read_bound/1024,iteration,5,2,1,69493,401.23632596086156,400.80845552789464,ns,17790208.0,256.0,638709080.2833211,48.0,960.0,7040.0,1.0,48.0,48.0,48.0,1.0
runtime/stress_0_1/read_bound/1024,64,0,runtime/stress_0_1/read_bound/1024,iteration,5,3,1,69493,400.60013238757966,400.59935533073116,ns,17790208.0,256.0,639042466.2282563,48.0,960.0,7040.0,1.0,48.0,48.0,48.0,1.0
runtime/stress_0_1/read_bound/1024,64,0,runtime/stress_0_1/read_bound/1024,iteration,5,4,1,69493,402.5814974170351,402.52042651776486,ns,17790208.0,256.0,635992568.6621065,48.0,960.0,7040.0,1.0,48.0,48.0,48.0,1.0
runtime/stress_0_1/read_bound/65536,64,1,runtime/stress_0_1/read_bound/65536,iteration,5,0,1,54706,512.2865133624191,511.70131247027507,ns,14004736.0,256.0,500291857.30273294,48.0,960.0,7040.0,1.0,48.0,48.0,48.0,1.0
runtime/stress_0_1/read_bound/65536,64,1,runtime/stress_0_1/read_bound/65536,iteration,5,1,1,54706,511.8176434030404,511.4775527364844,ns,14004736.0,256.0,500510723.5505453,48.0,960.0,7040.0,1.0,48.0,48.0,48.0,1.0
runtime/stress_0_1/read_bound/65536,64,1,runtime/stress_0_1/read_bound/65536,iteration,5,2,1,54706,512.9741893029104,512.003272035935,ns,14004736.0,256.0,499996804.6728276,48.0,960.0,7040.0,1.0,48.0,48.0,48.0,1.0
runtime/stress_0_1/read_bound/65536,64,1,runtime/stress_0_1/read_bound/65536,iteration,5,3,1,54706,511.5478375316714,511.55030526811447,ns,14004736.0,256.0,500439541.0649299,48.0,960.0,7040.0,1.0,48.0,48.0,48.0,1.0
runtime/stress_0_1/read_bound/65536,64,1,runtime/stress_0_1/read_bound/65536,iteration,5,4,1,54706,513.6675501775582,512.6960845245551,ns,14004736.0,256.0,499321152.87636673,48.0,960.0,7040.0,1.0,48.0,48.0,48.0,1.0
runtime/stress_0_1/weighted_bound/1024,65,0,runtime/stress_0_1/weighted_bound/1024,iteration,5,0,1,47764,585.8641654801846,585.8632442843774,ns,12227584.0,256.0,436962042.7591424,48.0,960.0,7040.0,1.0,48.0,48.0,48.0,1.0
runtime/stress_0_1/weighted_bound/1024,65,0,runtime/stress_0_1/weighted_bound/1024,iteration,5,1,1,47764,586.996608323998,586.6183946067977,ns,12227584.0,256.0,436399544.15611756,48.0,960.0,7040.0,1.0,48.0,48.0,48.0,1.0
runtime/stress_0_1/weighted_bound/1024,65,0,runtime/stress_0_1/weighted_bound/1024,iteration,5,2,1,47764,586.0477765679028,586.0466460095271,ns,12227584.0,256.0,436825296.66049534,48.0,960.0,7040.0,1.0,48.0,48.0,48.0,1.0
runtime/stress_0_1/weighted_bound/1024,65,0,runtime/stress_0_1/weighted_bound/1024,iteration,5,3,1,47764,586.7263210787704,586.6849719453835,ns,12227584.0,256.0,436350021.29189,48.0,960.0,7040.0,1.0,48.0,48.0,48.0,1.0
runtime/stress_0_1/weighted_bound/1024,65,0,runtime/stress_0_1/weighted_bound/1024,iteration,5,4,1,47764,586.7164810318028,586.6828992547057,ns,12227584.0,256.0,436351562.87188584,48.0,960.0,7040.0,1.0,48.0,48.0,48.0,1.0
runtime/stress_0_1/weighted_bound/65536,65,1,runtime/stress_0_1/weighted_bound/65536,iteration,5,0,1,38050,735.1772930358878,735.1779763469098,ns,9740800.0,256.0,348215001.3144583,48.0,960.0,7040.0,1.0,48.0,48.0,48.0,1.0
runtime/stress_0_1/weighted_bound/65536,65,1,runtime/stress_0_1/weighted_bound/65536,iteration,5,1,1,38050,736.1205256243866,735.3795269382002,ns,9740800.0,256.0,348119563.60258275,48.0,960.0,7040.0,1.0,48.0,48.0,48.0,1.0
runtime/stress_0_1/weighted_bound/65536,65,1,runtime/stress_0_1/weighted_bound/65536,iteration,5,2,1,38050,735.0892509855782,735.0933245729268,ns,9740800.0,256.0,348255101.0087466,48.0,960.0,7040.0,1.0,48.0,48.0,48.0,1.0
runtime/stress_0_1/weighted_bound/65536,65,1,runtime/stress_0_1/weighted_bound/65536,iteration,5,3,1,38050,735.2219710906668,735.07886990803,ns,9740800.0,256.0,348261949.132111,48.0,960.0,7040.0,1.0,48.0,48.0,48.0,1.0
runtime/stress_0_1/weighted_bound/65536,65,1,runtime/stress_0_1/weighted_bound/65536,iteration,5,4,1,38050,735.5807095926284,735.073639947486,ns,9740800.0,256.0,348264426.9739951,48.0,960.0,7040.0,1.0,48.0,48.0,48.0,1.0
runtime/stress_0_1/scalar64/1024,66,0,runtime/stress_0_1/scalar64/1024,iteration,5,0,1,5939,4870.285906718071,4870.274793736364,ns,1520384.0,256.0,52563769.15923519,48.0,960.0,7040.0,1.0,48.0,48.0,48.0,1.0
runtime/stress_0_1/scalar64/1024,66,0,runtime/stress_0_1/scalar64/1024,iteration,5,1,1,5939,4977.026603808044,4972.989055396555,ns,1520384.0,256.0,51478094.3911782,48.0,960.0,7040.0,1.0,48.0,48.0,48.0,1.0
runtime/stress_0_1/scalar64/1024,66,0,runtime/stress_0_1/scalar64/1024,iteration,5,2,1,5939,5175.35662569372,5169.926586967225,ns,1520384.0,256.0,49517144.13998562,48.0,960.0,7040.0,1.0,48.0,48.0,48.0,1.0
runtime/stress_0_1/scalar64/1024,66,0,runtime/stress_0_1/scalar64/1024,iteration,5,3,1,5939,5378.97070213934,5378.9617780773115,ns,1520384.0,256.0,47592827.49384142,48.0,960.0,7040.0,1.0,48.0,48.0,48.0,1.0
runtime/stress_0_1/scalar64/1024,66,0,runtime/stress_0_1/scalar64/1024,iteration,5,4,1,5939,5643.0596059949485,5638.036033002361,ns,1520384.0,256.0,45405882.20818361,48.0,960.0,7040.0,1.0,48.0,48.0,48.0,1.0
runtime/stress_0_1/scalar64/65536,66,1,runtime/stress_0_1/scalar64/65536,iteration,5,0,1,4944,5835.6308656988285,5664.79025080921,ns,1265664.0,256.0,45191434.92796236,48.0,960.0,7040.0,1.0,48.0,48.0,48.0,1.0
runtime/stress_0_1/scalar64/65536,66,1,runtime/stress_0_1/scalar64/65536,iteration,5,1,1,4944,5725.316949842789,5725.350323624772,ns,1265664.0,256.0,44713421.1060685,48.0,960.0,7040.0,1.0,48.0,48.0,48.0,1.0
runtime/stress_0_1/scalar64/65536,66,1,runtime/stress_0_1/scalar64/65536,iteration,5,2,1,4944,6001.3572006482345,5993.99939320401,ns,1265664.0,256.0,42709380.36634647,48.0,960.0,7040.0,1.0,48.0,48.0,48.0,1.0
runtime/stress_0_1/scalar64/65536,66,1,runtime/stress_0_1/scalar64/65536,iteration,5,3,1,4944,5980.089199028782,5980.144215210252,ns,1265664.0,256.0,42808332.17180189,48.0,960.0,7040.0,1.0,48.0,48.0,48.0,1.0
runtime/stress_0_1/scalar64/65536,66,1,runtime/stress_0_1/scalar64/65536,iteration,5,4,1,4944,5932.916464402684,5918.882079288011,ns,1265664.0,256.0,43251410.75133474,48.0,960.0,7040.0,1.0,48.0,48.0,48.0,1.0
runtime/stress_0_1/scalar8_projection/1024,67,0,runtime/stress_0_1/scalar8_projection/1024,iteration,5,0,1,33845,825.3155857584719,824.6415127787822,ns,8664320.0,256.0,310437924.8836996,48.0,960.0,7040.0,1.0,48.0,48.0,48.0,1.0
runtime/stress_0_1/scalar8_projection/1024,67,0,runtime/stress_0_1/scalar8_projection/1024,iteration,5,1,1,33845,823.655074605012,823.653449549373,ns,8664320.0,256.0,310810329.4414168,48.0,960.0,7040.0,1.0,48.0,48.0,48.0,1.0
runtime/stress_0_1/scalar8_projection/1024,67,0,runtime/stress_0_1/scalar8_projection/1024,iteration,5,2,1,33845,825.2703501259998,825.1969567144566,ns,8664320.0,256.0,310228967.66278774,48.0,960.0,7040.0,1.0,48.0,48.0,48.0,1.0
runtime/stress_0_1/scalar8_projection/1024,67,0,runtime/stress_0_1/scalar8_projection/1024,iteration,5,3,1,33845,825.7159403161785,825.0720047274056,ns,8664320.0,256.0,310275949.89673597,48.0,960.0,7040.0,1.0,48.0,48.0,48.0,1.0
runtime/stress_0_1/scalar8_projection/1024,67,0,runtime/stress_0_1/scalar8_projection/1024,iteration,5,4,1,33845,826.136091003047,825.9119810902458,ns,8664320.0,256.0,309960390.28525406,48.0,960.0,7040.0,1.0,48.0,48.0,48.0,1.0
runtime/stress_0_1/scalar8_projection/65536,67,1,runtime/stress_0_1/scalar8_projection/65536,iteration,5,0,1,26018,1076.5337843027921,1075.7733876546245,ns,6660608.0,256.0,237968333.2361708,48.0,960.0,7040.0,1.0,48.0,48.0,48.0,1.0
runtime/stress_0_1/scalar8_projection/65536,67,1,runtime/stress_0_1/scalar8_projection/65536,iteration,5,1,1,26018,1078.4147897605221,1077.0701821815971,ns,6660608.0,256.0,237681818.91496986,48.0,960.0,7040.0,1.0,48.0,48.0,48.0,1.0
runtime/stress_0_1/scalar8_projection/65536,67,1,runtime/stress_0_1/scalar8_projection/65536,iteration,5,2,1,26018,1076.7244215544058,1075.9121377508584,ns,6660608.0,256.0,237937644.73663756,48.0,960.0,7040.0,1.0,48.0,48.0,48.0,1.0
runtime/stress_0_1/scalar8_projection/65536,67,1,runtime/stress_0_1/scalar8_projection/65536,iteration,5,3,1,26018,1079.0186409405974,1077.5340917825201,ns,6660608.0,256.0,237579490.01549435,48.0,960.0,7040.0,1.0,48.0,48.0,48.0,1.0
runtime/stress_0_1/scalar8_projection/65536,67,1,runtime/stress_0_1/scalar8_projection/65536,iteration,5,4,1,26018,1078.7134291649622,1077.942270735598,ns,6660608.0,256.0,237489526.99044186,48.0,960.0,7040.0,1.0,48.0,48.0,48.0,1.0
runtime/stress_0_1/write_scalar/1024,68,0,runtime/stress_0_1/write_scalar/1024,iteration,5,0,1,2183,12481.577645454046,12472.02977553817,ns,558848.0,256.0,20525929.187733483,48.0,960.0,7040.0,1.0,48.0,48.0,48.0,1.0
runtime/stress_0_1/write_scalar/1024,68,0,runtime/stress_0_1/write_scalar/1024,iteration,5,1,1,2183,12623.969308284268,12623.944571690978,ns,558848.0,256.0,20278923.005894408,48.0,960.0,7040.0,1.0,48.0,48.0,48.0,1.0
runtime/stress_0_1/write_scalar/1024,68,0,runtime/stress_0_1/write_scalar/1024,iteration,5,2,1,2183,12647.615666503962,12646.766376545502,ns,558848.0,256.0,20242328.542952582,48.0,960.0,7040.0,1.0,48.0,48.0,48.0,1.0
runtime/stress_0_1/write_scalar/1024,68,0,runtime/stress_0_1/write_scalar/1024,iteration,5,3,1,2183,12821.68392120705,12807.760421439545,ns,558848.0,256.0,19987881.688625976,48.0,960.0,7040.0,1.0,48.0,48.0,48.0,1.0
runtime/stress_0_1/write_scalar/1024,68,0,runtime/stress_0_1/write_scalar/1024,iteration,5,4,1,2183,12425.90196976114,12425.87769124984,ns,558848.0,256.0,20602166.41117209,48.0,960.0,7040.0,1.0,48.0,48.0,48.0,1.0
runtime/stress_0_1/write_scalar/65536,68,1,runtime/stress_0_1/write_scalar/65536,iteration,5,0,1,2103,13467.188302428633,13457.770803613615,ns,538368.0,256.0,19022466.925299406,48.0,960.0,7040.0,1.0,48.0,48.0,48.0,1.0
runtime/stress_0_1/write_scalar/65536,68,1,runtime/stress_0_1/write_scalar/65536,iteration,5,1,1,2103,13284.520209232454,13274.912505943721,ns,538368.0,256.0,19284496.216858555,48.0,960.0,7040.0,1.0,48.0,48.0,48.0,1.0
runtime/stress_0_1/write_scalar/65536,68,1,runtime/stress_0_1/write_scalar/65536,iteration,5,2,1,2103,13320.69234426685,13320.661436044707,ns,538368.0,256.0,19218264.89090724,48.0,960.0,7040.0,1.0,48.0,48.0,48.0,1.0
runtime/stress_0_1/write_scalar/65536,68,1,runtime/stress_0_1/write_scalar/65536,iteration,5,3,1,2103,13318.690442215313,13309.282453638089,ns,538368.0,256.0,19234695.851692773,48.0,960.0,7040.0,1.0,48.0,48.0,48.0,1.0
runtime/stress_0_1/write_scalar/65536,68,1,runtime/stress_0_1/write_scalar/65536,iteration,5,4,1,2103,13330.706609599507,13314.850689491157,ns,538368.0,256.0,19226651.952023007,48.0,960.0,7040.0,1.0,48.0,48.0,48.0,1.0
runtime/stress_0_1/write_native/1024,69,0,runtime/stress_0_1/write_native/1024,iteration,5,0,1,30301,933.7320880496393,932.8735685290837,ns,7757056.0,256.0,274420895.4313607,48.0,960.0,7040.0,1.0,48.0,48.0,48.0,1.0
runtime/stress_0_1/write_native/1024,69,0,runtime/stress_0_1/write_native/1024,iteration,5,1,1,30301,927.830302630622,927.7083924622854,ns,7757056.0,256.0,275948780.9747364,48.0,960.0,7040.0,1.0,48.0,48.0,48.0,1.0
runtime/stress_0_1/write_native/1024,69,0,runtime/stress_0_1/write_native/1024,iteration,5,2,1,30301,929.3675786278607,929.1423055344493,ns,7757056.0,256.0,275522918.7984794,48.0,960.0,7040.0,1.0,48.0,48.0,48.0,1.0
runtime/stress_0_1/write_native/1024,69,0,runtime/stress_0_1/write_native/1024,iteration,5,3,1,30301,930.1176858848528,929.9947856505688,ns,7757056.0,256.0,275270360.5976863,48.0,960.0,7040.0,1.0,48.0,48.0,48.0,1.0
runtime/stress_0_1/write_native/1024,69,0,runtime/stress_0_1/write_native/1024,iteration,5,4,1,30301,934.5400151806571,934.5382000593627,ns,7757056.0,256.0,273932087.50989383,48.0,960.0,7040.0,1.0,48.0,48.0,48.0,1.0
runtime/stress_0_1/write_native/65536,69,1,runtime/stress_0_1/write_native/65536,iteration,5,0,1,26384,1058.4917374162444,1058.5150848998835,ns,6754304.0,256.0,241848230.27270603,48.0,960.0,7040.0,1.0,48.0,48.0,48.0,1.0
runtime/stress_0_1/write_native/65536,69,1,runtime/stress_0_1/write_native/65536,iteration,5,1,1,26384,1062.8966798064719,1059.4087704669125,ns,6754304.0,256.0,241644214.33586326,48.0,960.0,7040.0,1.0,48.0,48.0,48.0,1.0
runtime/stress_0_1/write_native/65536,69,1,runtime/stress_0_1/write_native/65536,iteration,5,2,1,26384,1059.266070345535,1059.2689129776682,ns,6754304.0,256.0,241676119.12669912,48.0,960.0,7040.0,1.0,48.0,48.0,48.0,1.0
runtime/stress_0_1/write_native/65536,69,1,runtime/stress_0_1/write_native/65536,iteration,5,3,1,26384,1063.2828987263993,1062.4981428138317,ns,6754304.0,256.0,240941597.62202582,48.0,960.0,7040.0,1.0,48.0,48.0,48.0,1.0
runtime/stress_0_1/write_native/65536,69,1,runtime/stress_0_1/write_native/65536,iteration,5,4,1,26384,1058.6027895699042,1058.6094223771381,ns,6754304.0,256.0,241826678.08221903,48.0,960.0,7040.0,1.0,48.0,48.0,48.0,1.0
runtime/stress_0_1/prepare_read,70,0,runtime/stress_0_1/prepare_read,iteration,5,0,1,105809,265.3020631514349,265.1146121785586,ns,0.0,1.0,3771953.5403295127,,960.0,7040.0,105809.0,,,,0.0
runtime/stress_0_1/prepare_read,70,0,runtime/stress_0_1/prepare_read,iteration,5,1,1,105809,265.6508047518449,265.51448364504796,ns,0.0,1.0,3766272.8837679764,,960.0,7040.0,105809.0,,,,0.0
runtime/stress_0_1/prepare_read,70,0,runtime/stress_0_1/prepare_read,iteration,5,2,1,105809,265.08232759020524,265.0818077857095,ns,0.0,1.0,3772420.3269671146,,960.0,7040.0,105809.0,,,,0.0
runtime/stress_0_1/prepare_read,70,0,runtime/stress_0_1/prepare_read,iteration,5,3,1,105809,265.18969085799927,264.9451558941358,ns,0.0,1.0,3774366.0442675557,,960.0,7040.0,105809.0,,,,0.0
runtime/stress_0_1/prepare_read,70,0,runtime/stress_0_1/prepare_read,iteration,5,4,1,105809,265.176752450218,265.17612868470223,ns,0.0,1.0,3771078.509065244,,960.0,7040.0,105809.0,,,,0.0
runtime/stress_0_1/prepare_write,71,0,runtime/stress_0_1/prepare_write,iteration,5,0,1,59167,474.62328662938296,474.5844981154884,ns,0.0,1.0,2107106.329791357,,960.0,7040.0,0.0,,,,59167.0
runtime/stress_0_1/prepare_write,71,0,runtime/stress_0_1/prepare_write,iteration,5,1,1,59167,476.23450572129826,475.8071560159937,ns,0.0,1.0,2101691.803824796,,960.0,7040.0,0.0,,,,59167.0
runtime/stress_0_1/prepare_write,71,0,runtime/stress_0_1/prepare_write,iteration,5,2,1,59167,480.82321226373995,480.7327057312194,ns,0.0,1.0,2080158.0339306185,,960.0,7040.0,0.0,,,,59167.0
runtime/stress_0_1/prepare_write,71,0,runtime/stress_0_1/prepare_write,iteration,5,3,1,59167,481.8915442732644,481.7773759020626,ns,0.0,1.0,2075647.4878622852,,960.0,7040.0,0.0,,,,59167.0
runtime/stress_0_1/prepare_write,71,0,runtime/stress_0_1/prepare_write,iteration,5,4,1,59167,480.6636807677328,480.66290330762007,ns,0.0,1.0,2080460.1168898793,,960.0,7040.0,0.0,,,,59167.0
runtime/stress_1_0/read_inline/1024,72,0,runtime/stress_1_0/read_inline/1024,iteration,5,0,1,74567,377.95388040266624,377.61358241581314,ns,19089152.0,256.0,677941715.8731936,48.0,960.0,7040.0,1.0,48.0,48.0,48.0,1.0
runtime/stress_1_0/read_inline/1024,72,0,runtime/stress_1_0/read_inline/1024,iteration,5,1,1,74567,376.5949548726569,376.24138023522437,ns,19089152.0,256.0,680414259.1650869,48.0,960.0,7040.0,1.0,48.0,48.0,48.0,1.0
runtime/stress_1_0/read_inline/1024,72,0,runtime/stress_1_0/read_inline/1024,iteration,5,2,1,74567,376.5929432588692,376.51765526304143,ns,19089152.0,256.0,679914995.8085078,48.0,960.0,7040.0,1.0,48.0,48.0,48.0,1.0
runtime/stress_1_0/read_inline/1024,72,0,runtime/stress_1_0/read_inline/1024,iteration,5,3,1,74567,378.0481446216465,377.61048453071925,ns,19089152.0,256.0,677947277.6507983,48.0,960.0,7040.0,1.0,48.0,48.0,48.0,1.0
runtime/stress_1_0/read_inline/1024,72,0,runtime/stress_1_0/read_inline/1024,iteration,5,4,1,74567,376.74649643945264,376.74590636609463,ns,19089152.0,256.0,679503070.0379729,48.0,960.0,7040.0,1.0,48.0,48.0,48.0,1.0
runtime/stress_1_0/read_inline/65536,72,1,runtime/stress_1_0/read_inline/65536,iteration,5,0,1,58626,479.37239450039476,479.02282263842704,ns,15008256.0,256.0,534421300.8264792,48.0,960.0,7040.0,1.0,48.0,48.0,48.0,1.0
runtime/stress_1_0/read_inline/65536,72,1,runtime/stress_1_0/read_inline/65536,iteration,5,1,1,58626,479.098812813541,479.0987104697413,ns,15008256.0,256.0,534336650.0590244,48.0,960.0,7040.0,1.0,48.0,48.0,48.0,1.0
runtime/stress_1_0/read_inline/65536,72,1,runtime/stress_1_0/read_inline/65536,iteration,5,2,1,58626,480.209224575944,479.37486780608003,ns,15008256.0,256.0,534028830.4466534,48.0,960.0,7040.0,1.0,48.0,48.0,48.0,1.0
runtime/stress_1_0/read_inline/65536,72,1,runtime/stress_1_0/read_inline/65536,iteration,5,3,1,58626,479.0344898169896,478.5492955344399,ns,15008256.0,256.0,534950113.5804647,48.0,960.0,7040.0,1.0,48.0,48.0,48.0,1.0
runtime/stress_1_0/read_inline/65536,72,1,runtime/stress_1_0/read_inline/65536,iteration,5,4,1,58626,478.3312182306269,478.332326953932,ns,15008256.0,256.0,535192763.6382712,48.0,960.0,7040.0,1.0,48.0,48.0,48.0,1.0
runtime/stress_1_0/read_bound/1024,73,0,runtime/stress_1_0/read_bound/1024,iteration,5,0,1,64342,433.7778744832721,433.4815827919428,ns,16471552.0,256.0,590567189.3859254,48.0,960.0,7040.0,1.0,48.0,48.0,48.0,1.0
runtime/stress_1_0/read_bound/1024,73,0,runtime/stress_1_0/read_bound/1024,iteration,5,1,1,64342,433.01103478286035,433.01033539526566,ns,16471552.0,256.0,591209906.7250093,48.0,960.0,7040.0,1.0,48.0,48.0,48.0,1.0
runtime/stress_1_0/read_bound/1024,73,0,runtime/stress_1_0/read_bound/1024,iteration,5,2,1,64342,433.3873053374084,433.3550557956018,ns,16471552.0,256.0,590739617.7252542,48.0,960.0,7040.0,1.0,48.0,48.0,48.0,1.0
runtime/stress_1_0/read_bound/1024,73,0,runtime/stress_1_0/read_bound/1024,iteration,5,3,1,64342,433.1941033850907,433.19327966179355,ns,16471552.0,256.0,590960229.5766604,48.0,960.0,7040.0,1.0,48.0,48.0,48.0,1.0
runtime/stress_1_0/read_bound/1024,73,0,runtime/stress_1_0/read_bound/1024,iteration,5,4,1,64342,434.4589226322559,434.01496689565346,ns,16471552.0,256.0,589841409.9197365,48.0,960.0,7040.0,1.0,48.0,48.0,48.0,1.0
runtime/stress_1_0/read_bound/65536,73,1,runtime/stress_1_0/read_bound/65536,iteration,5,0,1,51561,542.206629040887,541.8457943018451,ns,13199616.0,256.0,472459143.7123724,48.0,960.0,7040.0,1.0,48.0,48.0,48.0,1.0
runtime/stress_1_0/read_bound/65536,73,1,runtime/stress_1_0/read_bound/65536,iteration,5,1,1,51561,541.257636585723,541.2610500184319,ns,13199616.0,256.0,472969558.75779766,48.0,960.0,7040.0,1.0,48.0,48.0,48.0,1.0
runtime/stress_1_0/read_bound/65536,73,1,runtime/stress_1_0/read_bound/65536,iteration,5,2,1,51561,543.0140222261778,542.4745835030587,ns,13199616.0,256.0,471911510.29946184,48.0,960.0,7040.0,1.0,48.0,48.0,48.0,1.0
runtime/stress_1_0/read_bound/65536,73,1,runtime/stress_1_0/read_bound/65536,iteration,5,3,1,51561,542.5000678804831,542.5015418630163,ns,13199616.0,256.0,471888059.7479315,48.0,960.0,7040.0,1.0,48.0,48.0,48.0,1.0
runtime/stress_1_0/read_bound/65536,73,1,runtime/stress_1_0/read_bound/65536,iteration,5,4,1,51561,541.0958864258401,540.7022943697851,ns,13199616.0,256.0,473458320.1618933,48.0,960.0,7040.0,1.0,48.0,48.0,48.0,1.0
runtime/stress_1_0/weighted_bound/1024,74,0,runtime/stress_1_0/weighted_bound/1024,iteration,5,0,1,44362,634.4133943470521,633.3152698255419,ns,11356672.0,256.0,404222055.2656496,48.0,960.0,7040.0,1.0,48.0,48.0,48.0,1.0
runtime/stress_1_0/weighted_bound/1024,74,0,runtime/stress_1_0/weighted_bound/1024,iteration,5,1,1,44362,634.6554708985038,633.9971371894603,ns,11356672.0,256.0,403787312.25011563,48.0,960.0,7040.0,1.0,48.0,48.0,48.0,1.0
runtime/stress_1_0/weighted_bound/1024,74,0,runtime/stress_1_0/weighted_bound/1024,iteration,5,2,1,44362,634.7587349536209,634.6616924394965,ns,11356672.0,256.0,403364505.92439836,48.0,960.0,7040.0,1.0,48.0,48.0,48.0,1.0
runtime/stress_1_0/weighted_bound/1024,74,0,runtime/stress_1_0/weighted_bound/1024,iteration,5,3,1,44362,633.930751543881,633.8896352734007,ns,11356672.0,256.0,403855790.905282,48.0,960.0,7040.0,1.0,48.0,48.0,48.0,1.0
runtime/stress_1_0/weighted_bound/1024,74,0,runtime/stress_1_0/weighted_bound/1024,iteration,5,4,1,44362,632.6210720887226,632.5808349488624,ns,11356672.0,256.0,404691362.52079934,48.0,960.0,7040.0,1.0,48.0,48.0,48.0,1.0
runtime/stress_1_0/weighted_bound/65536,74,1,runtime/stress_1_0/weighted_bound/65536,iteration,5,0,1,35820,783.4060859853239,781.0988553881156,ns,9169920.0,256.0,327743406.9120453,48.0,960.0,7040.0,1.0,48.0,48.0,48.0,1.0
runtime/stress_1_0/weighted_bound/65536,74,1,runtime/stress_1_0/weighted_bound/65536,iteration,5,1,1,35820,779.6944723618167,779.6999162478684,ns,9169920.0,256.0,328331444.78447914,48.0,960.0,7040.0,1.0,48.0,48.0,48.0,1.0
runtime/stress_1_0/weighted_bound/65536,74,1,runtime/stress_1_0/weighted_bound/65536,iteration,5,2,1,35820,780.9836962590314,780.363819095424,ns,9169920.0,256.0,328052113.30369985,48.0,960.0,7040.0,1.0,48.0,48.0,48.0,1.0
runtime/stress_1_0/weighted_bound/65536,74,1,runtime/stress_1_0/weighted_bound/65536,iteration,5,3,1,35820,781.2363484091414,780.2236739251368,ns,9169920.0,256.0,328111038.61040163,48.0,960.0,7040.0,1.0,48.0,48.0,48.0,1.0
runtime/stress_1_0/weighted_bound/65536,74,1,runtime/stress_1_0/weighted_bound/65536,iteration,5,4,1,35820,780.4683417091039,779.9204913455801,ns,9169920.0,256.0,328238586.9338152,48.0,960.0,7040.0,1.0,48.0,48.0,48.0,1.0
runtime/stress_1_0/scalar64/1024,75,0,runtime/stress_1_0/scalar64/1024,iteration,5,0,1,5942,4810.494446316543,4803.194547290135,ns,1521152.0,256.0,53297861.97072321,48.0,960.0,7040.0,1.0,48.0,48.0,48.0,1.0
runtime/stress_1_0/scalar64/1024,75,0,runtime/stress_1_0/scalar64/1024,iteration,5,1,1,5942,4999.912487379362,4999.014304947831,ns,1521152.0,256.0,51210095.50755257,48.0,960.0,7040.0,1.0,48.0,48.0,48.0,1.0
runtime/stress_1_0/scalar64/1024,75,0,runtime/stress_1_0/scalar64/1024,iteration,5,2,1,5942,5418.165264223389,5417.836418714131,ns,1521152.0,256.0,47251334.33629195,48.0,960.0,7040.0,1.0,48.0,48.0,48.0,1.0
runtime/stress_1_0/scalar64/1024,75,0,runtime/stress_1_0/scalar64/1024,iteration,5,3,1,5942,4952.817233253008,4952.528273308663,ns,1521152.0,256.0,51690770.02138398,48.0,960.0,7040.0,1.0,48.0,48.0,48.0,1.0
runtime/stress_1_0/scalar64/1024,75,0,runtime/stress_1_0/scalar64/1024,iteration,5,4,1,5942,4789.269101311108,4789.2615281051985,ns,1521152.0,256.0,53452917.21859312,48.0,960.0,7040.0,1.0,48.0,48.0,48.0,1.0
runtime/stress_1_0/scalar64/65536,75,1,runtime/stress_1_0/scalar64/65536,iteration,5,0,1,4349,6329.968728442621,6317.70544952867,ns,1113344.0,256.0,40521040.75524743,48.0,960.0,7040.0,1.0,48.0,48.0,48.0,1.0
runtime/stress_1_0/scalar64/65536,75,1,runtime/stress_1_0/scalar64/65536,iteration,5,1,1,4349,6242.815359851028,6233.299609105523,ns,1113344.0,256.0,41069740.9163581,48.0,960.0,7040.0,1.0,48.0,48.0,48.0,1.0
runtime/stress_1_0/scalar64/65536,75,1,runtime/stress_1_0/scalar64/65536,iteration,5,2,1,4349,6230.237755805814,6225.543803173492,ns,1113344.0,256.0,41120905.75437011,48.0,960.0,7040.0,1.0,48.0,48.0,48.0,1.0
runtime/stress_1_0/scalar64/65536,75,1,runtime/stress_1_0/scalar64/65536,iteration,5,3,1,4349,6239.290181652371,6239.370200045856,ns,1113344.0,256.0,41029782.14021001,48.0,960.0,7040.0,1.0,48.0,48.0,48.0,1.0
runtime/stress_1_0/scalar64/65536,75,1,runtime/stress_1_0/scalar64/65536,iteration,5,4,1,4349,6229.952632791579,6225.385375947988,ns,1113344.0,256.0,41121952.22308095,48.0,960.0,7040.0,1.0,48.0,48.0,48.0,1.0
runtime/stress_1_0/scalar8_projection/1024,76,0,runtime/stress_1_0/scalar8_projection/1024,iteration,5,0,1,34024,831.4030390310606,825.0038796144214,ns,8710144.0,256.0,310301571.0903634,48.0,960.0,7040.0,1.0,48.0,48.0,48.0,1.0
runtime/stress_1_0/scalar8_projection/1024,76,0,runtime/stress_1_0/scalar8_projection/1024,iteration,5,1,1,34024,827.2183458732962,825.7298083705125,ns,8710144.0,256.0,310028773.8251669,48.0,960.0,7040.0,1.0,48.0,48.0,48.0,1.0
runtime/stress_1_0/scalar8_projection/1024,76,0,runtime/stress_1_0/scalar8_projection/1024,iteration,5,2,1,34024,826.2584058308005,824.8971902187487,ns,8710144.0,256.0,310341704.43969285,48.0,960.0,7040.0,1.0,48.0,48.0,48.0,1.0
runtime/stress_1_0/scalar8_projection/1024,76,0,runtime/stress_1_0/scalar8_projection/1024,iteration,5,3,1,34024,824.1901598875054,824.1885727721875,ns,8710144.0,256.0,310608528.7483845,48.0,960.0,7040.0,1.0,48.0,48.0,48.0,1.0
runtime/stress_1_0/scalar8_projection/1024,76,0,runtime/stress_1_0/scalar8_projection/1024,iteration,5,4,1,34024,826.3086644715327,826.1545085821832,ns,8710144.0,256.0,309869397.7223922,48.0,960.0,7040.0,1.0,48.0,48.0,48.0,1.0
runtime/stress_1_0/scalar8_projection/65536,76,1,runtime/stress_1_0/scalar8_projection/65536,iteration,5,0,1,26164,1069.945191865732,1069.1680171228186,ns,6697984.0,256.0,239438512.84376055,48.0,960.0,7040.0,1.0,48.0,48.0,48.0,1.0
runtime/stress_1_0/scalar8_projection/65536,76,1,runtime/stress_1_0/scalar8_projection/65536,iteration,5,1,1,26164,1068.6858278555546,1068.6864011618927,ns,6697984.0,256.0,239546418.5954577,48.0,960.0,7040.0,1.0,48.0,48.0,48.0,1.0
runtime/stress_1_0/scalar8_projection/65536,76,1,runtime/stress_1_0/scalar8_projection/65536,iteration,5,2,1,26164,1070.4011619019598,1069.2585613819938,ns,6697984.0,256.0,239418237.3149535,48.0,960.0,7040.0,1.0,48.0,48.0,48.0,1.0
runtime/stress_1_0/scalar8_projection/65536,76,1,runtime/stress_1_0/scalar8_projection/65536,iteration,5,3,1,26164,1070.0938694385927,1069.1484864700267,ns,6697984.0,256.0,239442886.78294536,48.0,960.0,7040.0,1.0,48.0,48.0,48.0,1.0
runtime/stress_1_0/scalar8_projection/65536,76,1,runtime/stress_1_0/scalar8_projection/65536,iteration,5,4,1,26164,1069.9413316003488,1068.7013071395832,ns,6697984.0,256.0,239543077.4621143,48.0,960.0,7040.0,1.0,48.0,48.0,48.0,1.0
runtime/stress_1_0/write_scalar/1024,77,0,runtime/stress_1_0/write_scalar/1024,iteration,5,0,1,2128,12777.154135338735,12767.84821428577,ns,544768.0,256.0,20050363.671582896,48.0,960.0,7040.0,1.0,48.0,48.0,48.0,1.0
runtime/stress_1_0/write_scalar/1024,77,0,runtime/stress_1_0/write_scalar/1024,iteration,5,1,1,2128,12742.962406017876,12738.336936089328,ns,544768.0,256.0,20096814.93623547,48.0,960.0,7040.0,1.0,48.0,48.0,48.0,1.0
runtime/stress_1_0/write_scalar/1024,77,0,runtime/stress_1_0/write_scalar/1024,iteration,5,2,1,2128,12594.413533834018,12594.32847744268,ns,544768.0,256.0,20326609.748071432,48.0,960.0,7040.0,1.0,48.0,48.0,48.0,1.0
runtime/stress_1_0/write_scalar/1024,77,0,runtime/stress_1_0/write_scalar/1024,iteration,5,3,1,2128,12737.294642856821,12718.750469924416,ns,544768.0,256.0,20127763.38409612,48.0,960.0,7040.0,1.0,48.0,48.0,48.0,1.0
runtime/stress_1_0/write_scalar/1024,77,0,runtime/stress_1_0/write_scalar/1024,iteration,5,4,1,2128,12656.87171052977,12656.842575189014,ns,544768.0,256.0,20226213.487227242,48.0,960.0,7040.0,1.0,48.0,48.0,48.0,1.0
runtime/stress_1_0/write_scalar/65536,77,1,runtime/stress_1_0/write_scalar/65536,iteration,5,0,1,2137,13155.613476843411,13128.072531585256,ns,547072.0,256.0,19500196.95458578,48.0,960.0,7040.0,1.0,48.0,48.0,48.0,1.0
runtime/stress_1_0/write_scalar/65536,77,1,runtime/stress_1_0/write_scalar/65536,iteration,5,1,1,2137,13137.241927945843,13127.754328498746,ns,547072.0,256.0,19500669.6190418,48.0,960.0,7040.0,1.0,48.0,48.0,48.0,1.0
runtime/stress_1_0/write_scalar/65536,77,1,runtime/stress_1_0/write_scalar/65536,iteration,5,2,1,2137,13200.255966306031,13194.446420214812,ns,547072.0,256.0,19402102.357836716,48.0,960.0,7040.0,1.0,48.0,48.0,48.0,1.0
runtime/stress_1_0/write_scalar/65536,77,1,runtime/stress_1_0/write_scalar/65536,iteration,5,3,1,2137,13261.528778668951,13231.446888161343,ns,547072.0,256.0,19347846.245677978,48.0,960.0,7040.0,1.0,48.0,48.0,48.0,1.0
runtime/stress_1_0/write_scalar/65536,77,1,runtime/stress_1_0/write_scalar/65536,iteration,5,4,1,2137,13216.428170338477,13210.791296209984,ns,547072.0,256.0,19378097.364496503,48.0,960.0,7040.0,1.0,48.0,48.0,48.0,1.0
runtime/stress_1_0/write_native/1024,78,0,runtime/stress_1_0/write_native/1024,iteration,5,0,1,28586,978.422829356929,978.4209753025918,ns,7318016.0,256.0,261646066.9404885,48.0,960.0,7040.0,1.0,48.0,48.0,48.0,1.0
runtime/stress_1_0/write_native/1024,78,0,runtime/stress_1_0/write_native/1024,iteration,5,1,1,28586,979.1389491358113,979.0768558034931,ns,7318016.0,256.0,261470791.06461975,48.0,960.0,7040.0,1.0,48.0,48.0,48.0,1.0
runtime/stress_1_0/write_native/1024,78,0,runtime/stress_1_0/write_native/1024,iteration,5,2,1,28586,980.3269432586727,978.4566571049666,ns,7318016.0,256.0,261636525.38012925,48.0,960.0,7040.0,1.0,48.0,48.0,48.0,1.0
runtime/stress_1_0/write_native/1024,78,0,runtime/stress_1_0/write_native/1024,iteration,5,3,1,28586,978.6600433776447,978.4968516057413,ns,7318016.0,256.0,261625777.92651728,48.0,960.0,7040.0,1.0,48.0,48.0,48.0,1.0
runtime/stress_1_0/write_native/1024,78,0,runtime/stress_1_0/write_native/1024,iteration,5,4,1,28586,979.2134611351402,979.0422584481402,ns,7318016.0,256.0,261480030.90875804,48.0,960.0,7040.0,1.0,48.0,48.0,48.0,1.0
runtime/stress_1_0/write_native/65536,78,1,runtime/stress_1_0/write_native/65536,iteration,5,0,1,25513,1085.0748637951933,1085.0751381648665,ns,6531328.0,256.0,235928362.00538152,48.0,960.0,7040.0,1.0,48.0,48.0,48.0,1.0
runtime/stress_1_0/write_native/65536,78,1,runtime/stress_1_0/write_native/65536,iteration,5,1,1,25513,1082.288833143121,1081.4643907027275,ns,6531328.0,256.0,236716069.618948,48.0,960.0,7040.0,1.0,48.0,48.0,48.0,1.0
runtime/stress_1_0/write_native/65536,78,1,runtime/stress_1_0/write_native/65536,iteration,5,2,1,25513,1083.064124171317,1081.4671735976738,ns,6531328.0,256.0,236715460.48723328,48.0,960.0,7040.0,1.0,48.0,48.0,48.0,1.0
runtime/stress_1_0/write_native/65536,78,1,runtime/stress_1_0/write_native/65536,iteration,5,3,1,25513,1081.0588719481466,1080.2908713205516,ns,6531328.0,256.0,236973214.15579924,48.0,960.0,7040.0,1.0,48.0,48.0,48.0,1.0
runtime/stress_1_0/write_native/65536,78,1,runtime/stress_1_0/write_native/65536,iteration,5,4,1,25513,1086.2758201705954,1083.1850821150047,ns,6531328.0,256.0,236340034.79824495,48.0,960.0,7040.0,1.0,48.0,48.0,48.0,1.0
runtime/stress_1_0/prepare_read,79,0,runtime/stress_1_0/prepare_read,iteration,5,0,1,105725,263.5623173326525,263.5618065736664,ns,0.0,1.0,3794176.451437006,,960.0,7040.0,105725.0,,,,0.0
runtime/stress_1_0/prepare_read,79,0,runtime/stress_1_0/prepare_read,iteration,5,1,1,105725,263.6185859541953,263.60199574368147,ns,0.0,1.0,3793597.9853975363,,960.0,7040.0,105725.0,,,,0.0
runtime/stress_1_0/prepare_read,79,0,runtime/stress_1_0/prepare_read,iteration,5,2,1,105725,263.4137242845204,263.41311894065257,ns,0.0,1.0,3796318.133362605,,960.0,7040.0,105725.0,,,,0.0
runtime/stress_1_0/prepare_read,79,0,runtime/stress_1_0/prepare_read,iteration,5,3,1,105725,263.6340127690782,263.61779144006005,ns,0.0,1.0,3793370.6770598395,,960.0,7040.0,105725.0,,,,0.0
runtime/stress_1_0/prepare_read,79,0,runtime/stress_1_0/prepare_read,iteration,5,4,1,105725,264.0705131236302,264.04835185623926,ns,0.0,1.0,3787185.1612406527,,960.0,7040.0,105725.0,,,,0.0
runtime/stress_1_0/prepare_write,80,0,runtime/stress_1_0/prepare_write,iteration,5,0,1,60885,460.4373162517805,460.40734170975657,ns,0.0,1.0,2171989.6913164468,,960.0,7040.0,0.0,,,,60885.0
runtime/stress_1_0/prepare_write,80,0,runtime/stress_1_0/prepare_write,iteration,5,1,1,60885,463.56567299000545,463.13446661736845,ns,0.0,1.0,2159200.1288605845,,960.0,7040.0,0.0,,,,60885.0
runtime/stress_1_0/prepare_write,80,0,runtime/stress_1_0/prepare_write,iteration,5,2,1,60885,462.89196025274356,462.8912211546157,ns,0.0,1.0,2160334.770457827,,960.0,7040.0,0.0,,,,60885.0
runtime/stress_1_0/prepare_write,80,0,runtime/stress_1_0/prepare_write,iteration,5,3,1,60885,462.9014699844662,462.87543729984355,ns,0.0,1.0,2160408.4369510743,,960.0,7040.0,0.0,,,,60885.0
runtime/stress_1_0/prepare_write,80,0,runtime/stress_1_0/prepare_write,iteration,5,4,1,60885,462.8464646465926,462.8457255481147,ns,0.0,1.0,2160547.1214318173,,960.0,7040.0,0.0,,,,60885.0
runtime/stress_1_1/read_inline/1024,81,0,runtime/stress_1_1/read_inline/1024,iteration,5,0,1,74506,376.4185032078349,376.38595549353414,ns,19073536.0,256.0,680152902.2631073,48.0,960.0,7040.0,1.0,48.0,48.0,48.0,1.0
runtime/stress_1_1/read_inline/1024,81,0,runtime/stress_1_1/read_inline/1024,iteration,5,1,1,74506,376.0544922554761,376.00704641236337,ns,19073536.0,256.0,680838304.6078537,48.0,960.0,7040.0,1.0,48.0,48.0,48.0,1.0
runtime/stress_1_1/read_inline/1024,81,0,runtime/stress_1_1/read_inline/1024,iteration,5,2,1,74506,376.2127345447154,376.19066920787253,ns,19073536.0,256.0,680505979.9570453,48.0,960.0,7040.0,1.0,48.0,48.0,48.0,1.0
runtime/stress_1_1/read_inline/1024,81,0,runtime/stress_1_1/read_inline/1024,iteration,5,3,1,74506,376.59028803039456,376.2972378063708,ns,19073536.0,256.0,680313258.455882,48.0,960.0,7040.0,1.0,48.0,48.0,48.0,1.0
runtime/stress_1_1/read_inline/1024,81,0,runtime/stress_1_1/read_inline/1024,iteration,5,4,1,74506,376.0378493006951,376.035903148737,ns,19073536.0,256.0,680786057.5449944,48.0,960.0,7040.0,1.0,48.0,48.0,48.0,1.0
runtime/stress_1_1/read_inline/65536,81,1,runtime/stress_1_1/read_inline/65536,iteration,5,0,1,60058,467.16119417911995,466.8207566019233,ns,15374848.0,256.0,548390354.0696701,48.0,960.0,7040.0,1.0,48.0,48.0,48.0,1.0
runtime/stress_1_1/read_inline/65536,81,1,runtime/stress_1_1/read_inline/65536,iteration,5,1,1,60058,479.16610609726797,478.5902294449067,ns,15374848.0,256.0,534904359.198728,48.0,960.0,7040.0,1.0,48.0,48.0,48.0,1.0
runtime/stress_1_1/read_inline/65536,81,1,runtime/stress_1_1/read_inline/65536,iteration,5,2,1,60058,478.6011522193377,478.26121415961154,ns,15374848.0,256.0,535272341.6006809,48.0,960.0,7040.0,1.0,48.0,48.0,48.0,1.0
runtime/stress_1_1/read_inline/65536,81,1,runtime/stress_1_1/read_inline/65536,iteration,5,3,1,60058,478.92051017347455,478.60138532753,ns,15374848.0,256.0,534891890.9309192,48.0,960.0,7040.0,1.0,48.0,48.0,48.0,1.0
runtime/stress_1_1/read_inline/65536,81,1,runtime/stress_1_1/read_inline/65536,iteration,5,4,1,60058,478.0813213894304,478.0865496686606,ns,15374848.0,256.0,535467898.3908282,48.0,960.0,7040.0,1.0,48.0,48.0,48.0,1.0
runtime/stress_1_1/read_bound/1024,82,0,runtime/stress_1_1/read_bound/1024,iteration,5,0,1,64598,435.12176847562756,434.3784946902146,ns,16537088.0,256.0,589347776.4882705,48.0,960.0,7040.0,1.0,48.0,48.0,48.0,1.0
runtime/stress_1_1/read_bound/1024,82,0,runtime/stress_1_1/read_bound/1024,iteration,5,1,1,64598,432.99801851426986,432.95320288549976,ns,16537088.0,256.0,591287922.7912829,48.0,960.0,7040.0,1.0,48.0,48.0,48.0,1.0
runtime/stress_1_1/read_bound/1024,82,0,runtime/stress_1_1/read_bound/1024,iteration,5,2,1,64598,435.3197622215568,435.24353695160744,ns,16537088.0,256.0,588176453.5620512,48.0,960.0,7040.0,1.0,48.0,48.0,48.0,1.0
runtime/stress_1_1/read_bound/1024,82,0,runtime/stress_1_1/read_bound/1024,iteration,5,3,1,64598,435.6866621260726,435.66241988916994,ns,16537088.0,256.0,587610930.6492971,48.0,960.0,7040.0,1.0,48.0,48.0,48.0,1.0
runtime/stress_1_1/read_bound/1024,82,0,runtime/stress_1_1/read_bound/1024,iteration,5,4,1,64598,433.76398650135445,433.7318802439582,ns,16537088.0,256.0,590226385.609491,48.0,960.0,7040.0,1.0,48.0,48.0,48.0,1.0
runtime/stress_1_1/read_bound/65536,82,1,runtime/stress_1_1/read_bound/65536,iteration,5,0,1,51614,542.4397450301468,542.0525826325962,ns,13213184.0,256.0,472278904.67135185,48.0,960.0,7040.0,1.0,48.0,48.0,48.0,1.0
runtime/stress_1_1/read_bound/65536,82,1,runtime/stress_1_1/read_bound/65536,iteration,5,1,1,51614,544.3051497658001,542.8994458867505,ns,13213184.0,256.0,471542201.6720973,48.0,960.0,7040.0,1.0,48.0,48.0,48.0,1.0
runtime/stress_1_1/read_bound/65536,82,1,runtime/stress_1_1/read_bound/65536,iteration,5,2,1,51614,543.3641260121996,542.1219436587003,ns,13213184.0,256.0,472218479.61418813,48.0,960.0,7040.0,1.0,48.0,48.0,48.0,1.0
runtime/stress_1_1/read_bound/65536,82,1,runtime/stress_1_1/read_bound/65536,iteration,5,3,1,51614,543.6049521446089,543.1338784051146,ns,13213184.0,256.0,471338670.22202915,48.0,960.0,7040.0,1.0,48.0,48.0,48.0,1.0
runtime/stress_1_1/read_bound/65536,82,1,runtime/stress_1_1/read_bound/65536,iteration,5,4,1,51614,543.346882628709,543.3487232146111,ns,13213184.0,256.0,471152298.8136027,48.0,960.0,7040.0,1.0,48.0,48.0,48.0,1.0
runtime/stress_1_1/weighted_bound/1024,83,0,runtime/stress_1_1/weighted_bound/1024,iteration,5,0,1,44236,633.6446785423735,633.2101003707716,ns,11324416.0,256.0,404289192.2445663,48.0,960.0,7040.0,1.0,48.0,48.0,48.0,1.0
runtime/stress_1_1/weighted_bound/1024,83,0,runtime/stress_1_1/weighted_bound/1024,iteration,5,1,1,44236,633.7452979472755,633.1259833619475,ns,11324416.0,256.0,404342906.03683704,48.0,960.0,7040.0,1.0,48.0,48.0,48.0,1.0
runtime/stress_1_1/weighted_bound/1024,83,0,runtime/stress_1_1/weighted_bound/1024,iteration,5,2,1,44236,633.7895831449023,633.6167827108648,ns,11324416.0,256.0,404029702.15645194,48.0,960.0,7040.0,1.0,48.0,48.0,48.0,1.0
runtime/stress_1_1/weighted_bound/1024,83,0,runtime/stress_1_1/weighted_bound/1024,iteration,5,3,1,44236,634.4205172257418,633.7582738040733,ns,11324416.0,256.0,403939499.6192863,48.0,960.0,7040.0,1.0,48.0,48.0,48.0,1.0
runtime/stress_1_1/weighted_bound/1024,83,0,runtime/stress_1_1/weighted_bound/1024,iteration,5,4,1,44236,633.9367483495212,633.2813093407899,ns,11324416.0,256.0,404243732.16774946,48.0,960.0,7040.0,1.0,48.0,48.0,48.0,1.0
runtime/stress_1_1/weighted_bound/65536,83,1,runtime/stress_1_1/weighted_bound/65536,iteration,5,0,1,35838,781.2973938278598,780.7646073999776,ns,9174528.0,256.0,327883714.9810171,48.0,960.0,7040.0,1.0,48.0,48.0,48.0,1.0
runtime/stress_1_1/weighted_bound/65536,83,1,runtime/stress_1_1/weighted_bound/65536,iteration,5,1,1,35838,781.3024164295866,781.3126290529125,ns,9174528.0,256.0,327653733.57693803,48.0,960.0,7040.0,1.0,48.0,48.0,48.0,1.0
runtime/stress_1_1/weighted_bound/65536,83,1,runtime/stress_1_1/weighted_bound/65536,iteration,5,2,1,35838,781.7887716945442,781.2046431162836,ns,9174528.0,256.0,327699025.1604201,48.0,960.0,7040.0,1.0,48.0,48.0,48.0,1.0
runtime/stress_1_1/weighted_bound/65536,83,1,runtime/stress_1_1/weighted_bound/65536,iteration,5,3,1,35838,780.7965288242281,780.2173949439524,ns,9174528.0,256.0,328113679.160396,48.0,960.0,7040.0,1.0,48.0,48.0,48.0,1.0
runtime/stress_1_1/weighted_bound/65536,83,1,runtime/stress_1_1/weighted_bound/65536,iteration,5,4,1,35838,779.9641721074254,779.9701713265291,ns,9174528.0,256.0,328217679.86923105,48.0,960.0,7040.0,1.0,48.0,48.0,48.0,1.0
runtime/stress_1_1/scalar64/1024,84,0,runtime/stress_1_1/scalar64/1024,iteration,5,0,1,5932,4988.245111260943,4985.207855698133,ns,1518592.0,256.0,51351921.00513721,48.0,960.0,7040.0,1.0,48.0,48.0,48.0,1.0
runtime/stress_1_1/scalar64/1024,84,0,runtime/stress_1_1/scalar64/1024,iteration,5,1,1,5932,4737.996797032188,4733.184760620233,ns,1518592.0,256.0,54086204.73257291,48.0,960.0,7040.0,1.0,48.0,48.0,48.0,1.0
runtime/stress_1_1/scalar64/1024,84,0,runtime/stress_1_1/scalar64/1024,iteration,5,2,1,5932,5476.2016183425985,5475.5689480781775,ns,1518592.0,256.0,46753132.400944605,48.0,960.0,7040.0,1.0,48.0,48.0,48.0,1.0
runtime/stress_1_1/scalar64/1024,84,0,runtime/stress_1_1/scalar64/1024,iteration,5,3,1,5932,4880.107552256847,4879.846931895113,ns,1518592.0,256.0,52460661.896331474,48.0,960.0,7040.0,1.0,48.0,48.0,48.0,1.0
runtime/stress_1_1/scalar64/1024,84,0,runtime/stress_1_1/scalar64/1024,iteration,5,4,1,5932,4794.669251520196,4794.659811193949,ns,1518592.0,256.0,53392734.85103665,48.0,960.0,7040.0,1.0,48.0,48.0,48.0,1.0
runtime/stress_1_1/scalar64/65536,84,1,runtime/stress_1_1/scalar64/65536,iteration,5,0,1,4952,5640.6938610681245,5635.440428109682,ns,1267712.0,256.0,45426795.52126347,48.0,960.0,7040.0,1.0,48.0,48.0,48.0,1.0
runtime/stress_1_1/scalar64/65536,84,1,runtime/stress_1_1/scalar64/65536,iteration,5,1,1,4952,5611.097536349181,5611.165387722239,ns,1267712.0,256.0,45623321.05914259,48.0,960.0,7040.0,1.0,48.0,48.0,48.0,1.0
runtime/stress_1_1/scalar64/65536,84,1,runtime/stress_1_1/scalar64/65536,iteration,5,2,1,4952,5626.511510497936,5620.753432956328,ns,1267712.0,256.0,45545495.46667316,48.0,960.0,7040.0,1.0,48.0,48.0,48.0,1.0
runtime/stress_1_1/scalar64/65536,84,1,runtime/stress_1_1/scalar64/65536,iteration,5,3,1,4952,5626.039176089409,5615.640347334582,ns,1267712.0,256.0,45586965.00596024,48.0,960.0,7040.0,1.0,48.0,48.0,48.0,1.0
runtime/stress_1_1/scalar64/65536,84,1,runtime/stress_1_1/scalar64/65536,iteration,5,4,1,4952,5602.650444262166,5602.740710824296,ns,1267712.0,256.0,45691923.50904568,48.0,960.0,7040.0,1.0,48.0,48.0,48.0,1.0
runtime/stress_1_1/scalar8_projection/1024,85,0,runtime/stress_1_1/scalar8_projection/1024,iteration,5,0,1,33871,826.1375808212355,825.6638717486112,ns,8670976.0,256.0,310053532.3870196,48.0,960.0,7040.0,1.0,48.0,48.0,48.0,1.0
runtime/stress_1_1/scalar8_projection/1024,85,0,runtime/stress_1_1/scalar8_projection/1024,iteration,5,1,1,33871,824.8674677453721,824.8658734610443,ns,8670976.0,256.0,310353486.83520246,48.0,960.0,7040.0,1.0,48.0,48.0,48.0,1.0
runtime/stress_1_1/scalar8_projection/1024,85,0,runtime/stress_1_1/scalar8_projection/1024,iteration,5,2,1,33871,849.3707891708891,830.0650113666538,ns,8670976.0,256.0,308409578.1588371,48.0,960.0,7040.0,1.0,48.0,48.0,48.0,1.0
runtime/stress_1_1/scalar8_projection/1024,85,0,runtime/stress_1_1/scalar8_projection/1024,iteration,5,3,1,33871,825.8066192317722,825.164358891106,ns,8670976.0,256.0,310241223.1473796,48.0,960.0,7040.0,1.0,48.0,48.0,48.0,1.0
runtime/stress_1_1/scalar8_projection/1024,85,0,runtime/stress_1_1/scalar8_projection/1024,iteration,5,4,1,33871,824.5474299544644,824.5458061468772,ns,8670976.0,256.0,310473958.01610374,48.0,960.0,7040.0,1.0,48.0,48.0,48.0,1.0
runtime/stress_1_1/scalar8_projection/65536,85,1,runtime/stress_1_1/scalar8_projection/65536,iteration,5,0,1,26001,1081.0194223289866,1077.6497827006335,ns,6656256.0,256.0,237553984.7077719,48.0,960.0,7040.0,1.0,48.0,48.0,48.0,1.0
runtime/stress_1_1/scalar8_projection/65536,85,1,runtime/stress_1_1/scalar8_projection/65536,iteration,5,1,1,26001,1078.1937617778701,1077.370178070136,ns,6656256.0,256.0,237615635.93542734,48.0,960.0,7040.0,1.0,48.0,48.0,48.0,1.0
runtime/stress_1_1/scalar8_projection/65536,85,1,runtime/stress_1_1/scalar8_projection/65536,iteration,5,2,1,26001,1075.877312411533,1075.442521441506,ns,6656256.0,256.0,238041545.59265676,48.0,960.0,7040.0,1.0,48.0,48.0,48.0,1.0
runtime/stress_1_1/scalar8_projection/65536,85,1,runtime/stress_1_1/scalar8_projection/65536,iteration,5,3,1,26001,1076.7199723087194,1075.9432714125553,ns,6656256.0,256.0,237930759.73597533,48.0,960.0,7040.0,1.0,48.0,48.0,48.0,1.0
runtime/stress_1_1/scalar8_projection/65536,85,1,runtime/stress_1_1/scalar8_projection/65536,iteration,5,4,1,26001,1078.5799007727735,1076.6947809698902,ns,6656256.0,256.0,237764689.2366232,48.0,960.0,7040.0,1.0,48.0,48.0,48.0,1.0
runtime/stress_1_1/write_scalar/1024,86,0,runtime/stress_1_1/write_scalar/1024,iteration,5,0,1,2156,12570.242578846144,12569.48515769911,ns,551936.0,256.0,20366784.859377783,48.0,960.0,7040.0,1.0,48.0,48.0,48.0,1.0
runtime/stress_1_1/write_scalar/1024,86,0,runtime/stress_1_1/write_scalar/1024,iteration,5,1,1,2156,12774.51484230997,12753.19202226354,ns,551936.0,256.0,20073405.901290823,48.0,960.0,7040.0,1.0,48.0,48.0,48.0,1.0
runtime/stress_1_1/write_scalar/1024,86,0,runtime/stress_1_1/write_scalar/1024,iteration,5,2,1,2156,12630.108534320856,12630.08395176182,ns,551936.0,256.0,20269065.587983645,48.0,960.0,7040.0,1.0,48.0,48.0,48.0,1.0
runtime/stress_1_1/write_scalar/1024,86,0,runtime/stress_1_1/write_scalar/1024,iteration,5,3,1,2156,12462.023191092865,12460.34786641899,ns,551936.0,256.0,20545172.79488863,48.0,960.0,7040.0,1.0,48.0,48.0,48.0,1.0
runtime/stress_1_1/write_scalar/1024,86,0,runtime/stress_1_1/write_scalar/1024,iteration,5,4,1,2156,12450.01484230381,12437.185064934683,ns,551936.0,256.0,20583435.774527848,48.0,960.0,7040.0,1.0,48.0,48.0,48.0,1.0
runtime/stress_1_1/write_scalar/65536,86,1,runtime/stress_1_1/write_scalar/65536,iteration,5,0,1,2097,13349.473533626759,13349.705293277173,ns,536832.0,256.0,19176453.290614586,48.0,960.0,7040.0,1.0,48.0,48.0,48.0,1.0
runtime/stress_1_1/write_scalar/65536,86,1,runtime/stress_1_1/write_scalar/65536,iteration,5,1,1,2097,13522.072961377928,13487.001430614931,ns,536832.0,256.0,18981239.18181625,48.0,960.0,7040.0,1.0,48.0,48.0,48.0,1.0
runtime/stress_1_1/write_scalar/65536,86,1,runtime/stress_1_1/write_scalar/65536,iteration,5,2,1,2097,13267.14163089689,13267.254172627394,ns,536832.0,256.0,19295627.91735547,48.0,960.0,7040.0,1.0,48.0,48.0,48.0,1.0
runtime/stress_1_1/write_scalar/65536,86,1,runtime/stress_1_1/write_scalar/65536,iteration,5,3,1,2097,13375.787315207828,13345.970910823717,ns,536832.0,256.0,19181819.120584283,48.0,960.0,7040.0,1.0,48.0,48.0,48.0,1.0
runtime/stress_1_1/write_scalar/65536,86,1,runtime/stress_1_1/write_scalar/65536,iteration,5,4,1,2097,13236.721983775818,13236.96757272255,ns,536832.0,256.0,19339776.923495665,48.0,960.0,7040.0,1.0,48.0,48.0,48.0,1.0
runtime/stress_1_1/write_native/1024,87,0,runtime/stress_1_1/write_native/1024,iteration,5,0,1,28578,978.5434600038504,978.541920358339,ns,7315968.0,256.0,261613728.2153979,48.0,960.0,7040.0,1.0,48.0,48.0,48.0,1.0
runtime/stress_1_1/write_native/1024,87,0,runtime/stress_1_1/write_native/1024,iteration,5,1,1,28578,979.6471411581263,979.5819161593274,ns,7315968.0,256.0,261335979.94918683,48.0,960.0,7040.0,1.0,48.0,48.0,48.0,1.0
runtime/stress_1_1/write_native/1024,87,0,runtime/stress_1_1/write_native/1024,iteration,5,2,1,28578,978.3548883755108,978.3533137377958,ns,7315968.0,256.0,261664162.0213385,48.0,960.0,7040.0,1.0,48.0,48.0,48.0,1.0
runtime/stress_1_1/write_native/1024,87,0,runtime/stress_1_1/write_native/1024,iteration,5,3,1,28578,978.6470711735251,978.5905591713339,ns,7315968.0,256.0,261600725.24793175,48.0,960.0,7040.0,1.0,48.0,48.0,48.0,1.0
runtime/stress_1_1/write_native/1024,87,0,runtime/stress_1_1/write_native/1024,iteration,5,4,1,28578,978.2128210516723,978.2112814052906,ns,7315968.0,256.0,261702154.60225773,48.0,960.0,7040.0,1.0,48.0,48.0,48.0,1.0
runtime/stress_1_1/write_native/65536,87,1,runtime/stress_1_1/write_native/65536,iteration,5,0,1,25549,1097.561000430565,1096.2590316645674,ns,6540544.0,256.0,233521451.23154682,48.0,960.0,7040.0,1.0,48.0,48.0,48.0,1.0
runtime/stress_1_1/write_native/65536,87,1,runtime/stress_1_1/write_native/65536,iteration,5,1,1,25549,1097.8655133275172,1097.0257544326116,ns,6540544.0,256.0,233358240.64805546,48.0,960.0,7040.0,1.0,48.0,48.0,48.0,1.0
runtime/stress_1_1/write_native/65536,87,1,runtime/stress_1_1/write_native/65536,iteration,5,2,1,25549,1096.0525265169172,1096.0601589103449,ns,6540544.0,256.0,233563822.1304422,48.0,960.0,7040.0,1.0,48.0,48.0,48.0,1.0
runtime/stress_1_1/write_native/65536,87,1,runtime/stress_1_1/write_native/65536,iteration,5,3,1,25549,1098.4060432900553,1097.4183333984636,ns,6540544.0,256.0,233274761.509792,48.0,960.0,7040.0,1.0,48.0,48.0,48.0,1.0
runtime/stress_1_1/write_native/65536,87,1,runtime/stress_1_1/write_native/65536,iteration,5,4,1,25549,1098.0263806801297,1097.2586402599252,ns,6540544.0,256.0,233308711.91805536,48.0,960.0,7040.0,1.0,48.0,48.0,48.0,1.0
runtime/stress_1_1/prepare_read,88,0,runtime/stress_1_1/prepare_read,iteration,5,0,1,106130,264.01522660880653,263.94036558936796,ns,0.0,1.0,3788734.617257353,,960.0,7040.0,106130.0,,,,0.0
runtime/stress_1_1/prepare_read,88,0,runtime/stress_1_1/prepare_read,iteration,5,1,1,106130,263.9550174312883,263.7844341844733,ns,0.0,1.0,3790974.259310034,,960.0,7040.0,106130.0,,,,0.0
runtime/stress_1_1/prepare_read,88,0,runtime/stress_1_1/prepare_read,iteration,5,2,1,106130,264.62137001797396,264.0426929237666,ns,0.0,1.0,3787266.3277552477,,960.0,7040.0,106130.0,,,,0.0
runtime/stress_1_1/prepare_read,88,0,runtime/stress_1_1/prepare_read,iteration,5,3,1,106130,263.97452181291516,263.9201168378352,ns,0.0,1.0,3789025.300464104,,960.0,7040.0,106130.0,,,,0.0
runtime/stress_1_1/prepare_read,88,0,runtime/stress_1_1/prepare_read,iteration,5,4,1,106130,263.7172901156787,263.71686610761964,ns,0.0,1.0,3791945.561767415,,960.0,7040.0,106130.0,,,,0.0
runtime/stress_1_1/prepare_write,89,0,runtime/stress_1_1/prepare_write,iteration,5,0,1,58321,480.60691689100645,480.60597383445736,ns,0.0,1.0,2080706.5547305194,,960.0,7040.0,0.0,,,,58321.0
runtime/stress_1_1/prepare_write,89,0,runtime/stress_1_1/prepare_write,iteration,5,1,1,58321,480.14207575332586,480.1114864285706,ns,0.0,1.0,2082849.5636268782,,960.0,7040.0,0.0,,,,58321.0
runtime/stress_1_1/prepare_write,89,0,runtime/stress_1_1/prepare_write,iteration,5,2,1,58321,479.9844995798323,479.98355652340507,ns,0.0,1.0,2083404.7050343852,,960.0,7040.0,0.0,,,,58321.0
runtime/stress_1_1/prepare_write,89,0,runtime/stress_1_1/prepare_write,iteration,5,3,1,58321,481.9831107147354,480.93074535758694,ns,0.0,1.0,2079301.4579603742,,960.0,7040.0,0.0,,,,58321.0
runtime/stress_1_1/prepare_write,89,0,runtime/stress_1_1/prepare_write,iteration,5,4,1,58321,481.64479347036445,481.2049004646895,ns,0.0,1.0,2078116.825149372,,960.0,7040.0,0.0,,,,58321.0
runtime/stress_2_0/read_inline/1024,90,0,runtime/stress_2_0/read_inline/1024,iteration,5,0,1,81036,339.1495631571411,339.0499407670916,ns,20745216.0,256.0,755051009.3610597,48.0,960.0,7040.0,1.0,48.0,48.0,48.0,1.0
runtime/stress_2_0/read_inline/1024,90,0,runtime/stress_2_0/read_inline/1024,iteration,5,1,1,81036,339.53335554559175,339.50961301150545,ns,20745216.0,256.0,754028723.1611452,48.0,960.0,7040.0,1.0,48.0,48.0,48.0,1.0
runtime/stress_2_0/read_inline/1024,90,0,runtime/stress_2_0/read_inline/1024,iteration,5,2,1,81036,336.20494594991675,336.2044153215978,ns,20745216.0,256.0,761441516.9269031,48.0,960.0,7040.0,1.0,48.0,48.0,48.0,1.0
runtime/stress_2_0/read_inline/1024,90,0,runtime/stress_2_0/read_inline/1024,iteration,5,3,1,81036,338.8498321732635,338.53560146107344,ns,20745216.0,256.0,756198163.1921103,48.0,960.0,7040.0,1.0,48.0,48.0,48.0,1.0
runtime/stress_2_0/read_inline/1024,90,0,runtime/stress_2_0/read_inline/1024,iteration,5,4,1,81036,336.8699590305695,336.8514117182637,ns,20745216.0,256.0,759979002.890787,48.0,960.0,7040.0,1.0,48.0,48.0,48.0,1.0
runtime/stress_2_0/read_inline/65536,90,1,runtime/stress_2_0/read_inline/65536,iteration,5,0,1,63249,443.5625385380977,443.15913295070095,ns,16191744.0,256.0,577670594.9744662,48.0,960.0,7040.0,1.0,48.0,48.0,48.0,1.0
runtime/stress_2_0/read_inline/65536,90,1,runtime/stress_2_0/read_inline/65536,iteration,5,1,1,63249,442.8301791334427,442.3126373539938,ns,16191744.0,256.0,578776137.917843,48.0,960.0,7040.0,1.0,48.0,48.0,48.0,1.0
runtime/stress_2_0/read_inline/65536,90,1,runtime/stress_2_0/read_inline/65536,iteration,5,2,1,63249,443.1025945075581,442.8068744169756,ns,16191744.0,256.0,578130139.3232975,48.0,960.0,7040.0,1.0,48.0,48.0,48.0,1.0
runtime/stress_2_0/read_inline/65536,90,1,runtime/stress_2_0/read_inline/65536,iteration,5,3,1,63249,444.06039621186926,443.18854053028537,ns,16191744.0,256.0,577632263.8976407,48.0,960.0,7040.0,1.0,48.0,48.0,48.0,1.0
runtime/stress_2_0/read_inline/65536,90,1,runtime/stress_2_0/read_inline/65536,iteration,5,4,1,63249,443.0510521906878,443.05225379053167,ns,16191744.0,256.0,577809948.6229742,48.0,960.0,7040.0,1.0,48.0,48.0,48.0,1.0
runtime/stress_2_0/read_bound/1024,91,0,runtime/stress_2_0/read_bound/1024,iteration,5,0,1,69612,401.6459231168839,401.40783198296737,ns,17820672.0,256.0,637755368.9855824,48.0,960.0,7040.0,1.0,48.0,48.0,48.0,1.0
runtime/stress_2_0/read_bound/1024,91,0,runtime/stress_2_0/read_bound/1024,iteration,5,1,1,69612,401.21970349911754,401.21905705915236,ns,17820672.0,256.0,638055435.0444463,48.0,960.0,7040.0,1.0,48.0,48.0,48.0,1.0
runtime/stress_2_0/read_bound/1024,91,0,runtime/stress_2_0/read_bound/1024,iteration,5,2,1,69612,403.9083204045976,403.88499109351727,ns,17820672.0,256.0,633843806.1461031,48.0,960.0,7040.0,1.0,48.0,48.0,48.0,1.0
runtime/stress_2_0/read_bound/1024,91,0,runtime/stress_2_0/read_bound/1024,iteration,5,3,1,69612,403.756636786784,403.72925645004057,ns,17820672.0,256.0,634088305.2444298,48.0,960.0,7040.0,1.0,48.0,48.0,48.0,1.0
runtime/stress_2_0/read_bound/1024,91,0,runtime/stress_2_0/read_bound/1024,iteration,5,4,1,69612,401.85551341709004,401.43584439464166,ns,17820672.0,256.0,637710866.0688823,48.0,960.0,7040.0,1.0,48.0,48.0,48.0,1.0
runtime/stress_2_0/read_bound/65536,91,1,runtime/stress_2_0/read_bound/65536,iteration,5,0,1,54451,512.9822409135346,512.622394446373,ns,13939456.0,256.0,499392930.88527155,48.0,960.0,7040.0,1.0,48.0,48.0,48.0,1.0
runtime/stress_2_0/read_bound/65536,91,1,runtime/stress_2_0/read_bound/65536,iteration,5,1,1,54451,512.2189858774243,512.2185267488,ns,13939456.0,256.0,499786686.0164284,48.0,960.0,7040.0,1.0,48.0,48.0,48.0,1.0
runtime/stress_2_0/read_bound/65536,91,1,runtime/stress_2_0/read_bound/65536,iteration,5,2,1,54451,514.2119703955732,513.8460450680816,ns,13939456.0,256.0,498203698.28103185,48.0,960.0,7040.0,1.0,48.0,48.0,48.0,1.0
runtime/stress_2_0/read_bound/65536,91,1,runtime/stress_2_0/read_bound/65536,iteration,5,3,1,54451,512.254614240095,512.2583974582166,ns,13939456.0,256.0,499747786.02020127,48.0,960.0,7040.0,1.0,48.0,48.0,48.0,1.0
runtime/stress_2_0/read_bound/65536,91,1,runtime/stress_2_0/read_bound/65536,iteration,5,4,1,54451,512.6816036433776,512.2960459862993,ns,13939456.0,256.0,499711059.6610897,48.0,960.0,7040.0,1.0,48.0,48.0,48.0,1.0
runtime/stress_2_0/weighted_bound/1024,92,0,runtime/stress_2_0/weighted_bound/1024,iteration,5,0,1,47689,588.1697246746077,587.2041980330682,ns,12208384.0,256.0,435964185.6402114,48.0,960.0,7040.0,1.0,48.0,48.0,48.0,1.0
runtime/stress_2_0/weighted_bound/1024,92,0,runtime/stress_2_0/weighted_bound/1024,iteration,5,1,1,47689,586.8511816143308,586.8500492776396,ns,12208384.0,256.0,436227278.697707,48.0,960.0,7040.0,1.0,48.0,48.0,48.0,1.0
runtime/stress_2_0/weighted_bound/1024,92,0,runtime/stress_2_0/weighted_bound/1024,iteration,5,2,1,47689,587.4733376665675,587.343664157324,ns,12208384.0,256.0,435860664.9265372,48.0,960.0,7040.0,1.0,48.0,48.0,48.0,1.0
runtime/stress_2_0/weighted_bound/1024,92,0,runtime/stress_2_0/weighted_bound/1024,iteration,5,3,1,47689,588.8441149947803,588.7846463545077,ns,12208384.0,256.0,434793946.4540014,48.0,960.0,7040.0,1.0,48.0,48.0,48.0,1.0
runtime/stress_2_0/weighted_bound/1024,92,0,runtime/stress_2_0/weighted_bound/1024,iteration,5,4,1,47689,587.4425129486574,587.3717628803155,ns,12208384.0,256.0,435839814.1998585,48.0,960.0,7040.0,1.0,48.0,48.0,48.0,1.0
runtime/stress_2_0/weighted_bound/65536,92,1,runtime/stress_2_0/weighted_bound/65536,iteration,5,0,1,38076,735.7539132260732,735.1906975523035,ns,9747456.0,256.0,348208976.05520564,48.0,960.0,7040.0,1.0,48.0,48.0,48.0,1.0
runtime/stress_2_0/weighted_bound/65536,92,1,runtime/stress_2_0/weighted_bound/65536,iteration,5,1,1,38076,735.6766992329628,734.7594547746625,ns,9747456.0,256.0,348413345.8051392,48.0,960.0,7040.0,1.0,48.0,48.0,48.0,1.0
runtime/stress_2_0/weighted_bound/65536,92,1,runtime/stress_2_0/weighted_bound/65536,iteration,5,2,1,38076,735.647021745429,735.1074692720402,ns,9747456.0,256.0,348248399.99722874,48.0,960.0,7040.0,1.0,48.0,48.0,48.0,1.0
runtime/stress_2_0/weighted_bound/65536,92,1,runtime/stress_2_0/weighted_bound/65536,iteration,5,3,1,38076,735.7407815946325,734.8500892951299,ns,9747456.0,256.0,348370373.3989552,48.0,960.0,7040.0,1.0,48.0,48.0,48.0,1.0
runtime/stress_2_0/weighted_bound/65536,92,1,runtime/stress_2_0/weighted_bound/65536,iteration,5,4,1,38076,735.5794988968684,735.0378716252551,ns,9747456.0,256.0,348281374.1745768,48.0,960.0,7040.0,1.0,48.0,48.0,48.0,1.0
runtime/stress_2_0/scalar64/1024,93,0,runtime/stress_2_0/scalar64/1024,iteration,5,0,1,5945,5608.51320437733,5605.2995794789085,ns,1521920.0,256.0,45671064.74330473,48.0,960.0,7040.0,1.0,48.0,48.0,48.0,1.0
runtime/stress_2_0/scalar64/1024,93,0,runtime/stress_2_0/scalar64/1024,iteration,5,1,1,5945,4777.012111017021,4777.002691337034,ns,1521920.0,256.0,53590089.12937167,48.0,960.0,7040.0,1.0,48.0,48.0,48.0,1.0
runtime/stress_2_0/scalar64/1024,93,0,runtime/stress_2_0/scalar64/1024,iteration,5,2,1,5945,4794.828763667984,4789.115559293353,ns,1521920.0,256.0,53454546.42522209,48.0,960.0,7040.0,1.0,48.0,48.0,48.0,1.0
runtime/stress_2_0/scalar64/1024,93,0,runtime/stress_2_0/scalar64/1024,iteration,5,3,1,5945,5109.988730024787,5109.721446593925,ns,1521920.0,256.0,50100578.41228239,48.0,960.0,7040.0,1.0,48.0,48.0,48.0,1.0
runtime/stress_2_0/scalar64/1024,93,0,runtime/stress_2_0/scalar64/1024,iteration,5,4,1,5945,5302.8891505468655,5298.697056349812,ns,1521920.0,256.0,48313764.17212165,48.0,960.0,7040.0,1.0,48.0,48.0,48.0,1.0
runtime/stress_2_0/scalar64/65536,93,1,runtime/stress_2_0/scalar64/65536,iteration,5,0,1,5044,5516.071570178121,5512.075931800552,ns,1291264.0,256.0,46443482.12314559,48.0,960.0,7040.0,1.0,48.0,48.0,48.0,1.0
runtime/stress_2_0/scalar64/65536,93,1,runtime/stress_2_0/scalar64/65536,iteration,5,1,1,5044,5555.048770817967,5537.653053132533,ns,1291264.0,256.0,46228970.56636407,48.0,960.0,7040.0,1.0,48.0,48.0,48.0,1.0
runtime/stress_2_0/scalar64/65536,93,1,runtime/stress_2_0/scalar64/65536,iteration,5,2,1,5044,5522.608247423248,5516.211538461802,ns,1291264.0,256.0,46408662.57848148,48.0,960.0,7040.0,1.0,48.0,48.0,48.0,1.0
runtime/stress_2_0/scalar64/65536,93,1,runtime/stress_2_0/scalar64/65536,iteration,5,3,1,5044,5529.7910388542305,5525.771411578385,ns,1291264.0,256.0,46328373.16860272,48.0,960.0,7040.0,1.0,48.0,48.0,48.0,1.0
runtime/stress_2_0/scalar64/65536,93,1,runtime/stress_2_0/scalar64/65536,iteration,5,4,1,5044,5528.266455192517,5527.024583664181,ns,1291264.0,256.0,46317868.88674973,48.0,960.0,7040.0,1.0,48.0,48.0,48.0,1.0
runtime/stress_2_0/scalar8_projection/1024,94,0,runtime/stress_2_0/scalar8_projection/1024,iteration,5,0,1,34360,816.1823632131386,815.6080034923662,ns,8796160.0,256.0,313876272.5522912,48.0,960.0,7040.0,1.0,48.0,48.0,48.0,1.0
runtime/stress_2_0/scalar8_projection/1024,94,0,runtime/stress_2_0/scalar8_projection/1024,iteration,5,1,1,34360,817.1669383006436,815.3268917346167,ns,8796160.0,256.0,313984492.10396737,48.0,960.0,7040.0,1.0,48.0,48.0,48.0,1.0
runtime/stress_2_0/scalar8_projection/1024,94,0,runtime/stress_2_0/scalar8_projection/1024,iteration,5,2,1,34360,815.2251455181458,815.1714784633333,ns,8796160.0,256.0,314044353.56666493,48.0,960.0,7040.0,1.0,48.0,48.0,48.0,1.0
runtime/stress_2_0/scalar8_projection/1024,94,0,runtime/stress_2_0/scalar8_projection/1024,iteration,5,3,1,34360,816.7510768336375,815.5663853317863,ns,8796160.0,256.0,313892289.58456254,48.0,960.0,7040.0,1.0,48.0,48.0,48.0,1.0
runtime/stress_2_0/scalar8_projection/1024,94,0,runtime/stress_2_0/scalar8_projection/1024,iteration,5,4,1,34360,814.3857974381915,814.3839348078983,ns,8796160.0,256.0,314348047.7182876,48.0,960.0,7040.0,1.0,48.0,48.0,48.0,1.0
runtime/stress_2_0/scalar8_projection/65536,94,1,runtime/stress_2_0/scalar8_projection/65536,iteration,5,0,1,22937,1210.1310110302259,1210.1495836421507,ns,5871872.0,256.0,211544096.25091514,48.0,960.0,7040.0,1.0,48.0,48.0,48.0,1.0
runtime/stress_2_0/scalar8_projection/65536,94,1,runtime/stress_2_0/scalar8_projection/65536,iteration,5,1,1,22937,1211.8889131098429,1210.8602258360813,ns,5871872.0,256.0,211419943.06009656,48.0,960.0,7040.0,1.0,48.0,48.0,48.0,1.0
runtime/stress_2_0/scalar8_projection/65536,94,1,runtime/stress_2_0/scalar8_projection/65536,iteration,5,2,1,22937,1210.0093735015007,1210.0096786851354,ns,5871872.0,256.0,211568555.6153435,48.0,960.0,7040.0,1.0,48.0,48.0,48.0,1.0
runtime/stress_2_0/scalar8_projection/65536,94,1,runtime/stress_2_0/scalar8_projection/65536,iteration,5,3,1,22937,1215.3749836506136,1213.2354274753238,ns,5871872.0,256.0,211006037.41247642,48.0,960.0,7040.0,1.0,48.0,48.0,48.0,1.0
runtime/stress_2_0/scalar8_projection/65536,94,1,runtime/stress_2_0/scalar8_projection/65536,iteration,5,4,1,22937,1209.2525177667985,1209.2527793521294,ns,5871872.0,256.0,211700981.27635056,48.0,960.0,7040.0,1.0,48.0,48.0,48.0,1.0
runtime/stress_2_0/write_scalar/1024,95,0,runtime/stress_2_0/write_scalar/1024,iteration,5,0,1,2181,12831.735900962785,12740.500687757498,ns,558336.0,256.0,20093401.842989855,48.0,960.0,7040.0,1.0,48.0,48.0,48.0,1.0
runtime/stress_2_0/write_scalar/1024,95,0,runtime/stress_2_0/write_scalar/1024,iteration,5,1,1,2181,12693.459422295296,12594.567171022778,ns,558336.0,256.0,20326224.515995875,48.0,960.0,7040.0,1.0,48.0,48.0,48.0,1.0
runtime/stress_2_0/write_scalar/1024,95,0,runtime/stress_2_0/write_scalar/1024,iteration,5,2,1,2181,12612.368179741197,12612.292984870235,ns,558336.0,256.0,20297657.23862416,48.0,960.0,7040.0,1.0,48.0,48.0,48.0,1.0
runtime/stress_2_0/write_scalar/1024,95,0,runtime/stress_2_0/write_scalar/1024,iteration,5,3,1,2181,12677.361302154392,12675.860614397741,ns,558336.0,256.0,20195867.388224915,48.0,960.0,7040.0,1.0,48.0,48.0,48.0,1.0
runtime/stress_2_0/write_scalar/1024,95,0,runtime/stress_2_0/write_scalar/1024,iteration,5,4,1,2181,12638.85557084359,12638.831270060493,ns,558336.0,256.0,20255037.394670013,48.0,960.0,7040.0,1.0,48.0,48.0,48.0,1.0
runtime/stress_2_0/write_scalar/65536,95,1,runtime/stress_2_0/write_scalar/65536,iteration,5,0,1,2087,13308.924772394512,13305.966459031508,ns,534272.0,256.0,19239489.351503544,48.0,960.0,7040.0,1.0,48.0,48.0,48.0,1.0
runtime/stress_2_0/write_scalar/65536,95,1,runtime/stress_2_0/write_scalar/65536,iteration,5,1,1,2087,13456.231911839053,13442.094873023738,ns,534272.0,256.0,19044650.58595543,48.0,960.0,7040.0,1.0,48.0,48.0,48.0,1.0
runtime/stress_2_0/write_scalar/65536,95,1,runtime/stress_2_0/write_scalar/65536,iteration,5,2,1,2087,13416.94106373559,13414.389554383499,ns,534272.0,256.0,19083984.326095957,48.0,960.0,7040.0,1.0,48.0,48.0,48.0,1.0
runtime/stress_2_0/write_scalar/65536,95,1,runtime/stress_2_0/write_scalar/65536,iteration,5,3,1,2087,13333.122184955415,13323.709151892721,ns,534272.0,256.0,19213868.831986137,48.0,960.0,7040.0,1.0,48.0,48.0,48.0,1.0
runtime/stress_2_0/write_scalar/65536,95,1,runtime/stress_2_0/write_scalar/65536,iteration,5,4,1,2087,13420.79827502578,13388.563488261114,ns,534272.0,256.0,19120796.65786825,48.0,960.0,7040.0,1.0,48.0,48.0,48.0,1.0
runtime/stress_2_0/write_native/1024,96,0,runtime/stress_2_0/write_native/1024,iteration,5,0,1,29835,927.7829730186808,927.7811965812252,ns,7637760.0,256.0,275927126.9382616,48.0,960.0,7040.0,1.0,48.0,48.0,48.0,1.0
runtime/stress_2_0/write_native/1024,96,0,runtime/stress_2_0/write_native/1024,iteration,5,1,1,29835,931.829562594411,930.1233785822826,ns,7637760.0,256.0,275232303.47161216,48.0,960.0,7040.0,1.0,48.0,48.0,48.0,1.0
runtime/stress_2_0/write_native/1024,96,0,runtime/stress_2_0/write_native/1024,iteration,5,2,1,29835,932.0383777442945,932.0369364840295,ns,7637760.0,256.0,274667226.13560987,48.0,960.0,7040.0,1.0,48.0,48.0,48.0,1.0
runtime/stress_2_0/write_native/1024,96,0,runtime/stress_2_0/write_native/1024,iteration,5,3,1,29835,925.7618568798763,925.6397184515141,ns,7637760.0,256.0,276565487.5184675,48.0,960.0,7040.0,1.0,48.0,48.0,48.0,1.0
runtime/stress_2_0/write_native/1024,96,0,runtime/stress_2_0/write_native/1024,iteration,5,4,1,29835,927.5698005697236,926.6237975532135,ns,7637760.0,256.0,276271773.589215,48.0,960.0,7040.0,1.0,48.0,48.0,48.0,1.0
runtime/stress_2_0/write_native/65536,96,1,runtime/stress_2_0/write_native/65536,iteration,5,0,1,26425,1057.7099337745408,1057.5066035950376,ns,6764800.0,256.0,242078866.5808018,48.0,960.0,7040.0,1.0,48.0,48.0,48.0,1.0
runtime/stress_2_0/write_native/65536,96,1,runtime/stress_2_0/write_native/65536,iteration,5,1,1,26425,1057.7489120156486,1056.9824787133564,ns,6764800.0,256.0,242198905.99475563,48.0,960.0,7040.0,1.0,48.0,48.0,48.0,1.0
runtime/stress_2_0/write_native/65536,96,1,runtime/stress_2_0/write_native/65536,iteration,5,2,1,26425,1059.6346641437137,1058.4783727530382,ns,6764800.0,256.0,241856618.50998378,48.0,960.0,7040.0,1.0,48.0,48.0,48.0,1.0
runtime/stress_2_0/write_native/65536,96,1,runtime/stress_2_0/write_native/65536,iteration,5,3,1,26425,1059.186225165745,1057.9614380322466,ns,6764800.0,256.0,241974793.02851218,48.0,960.0,7040.0,1.0,48.0,48.0,48.0,1.0
runtime/stress_2_0/write_native/65536,96,1,runtime/stress_2_0/write_native/65536,iteration,5,4,1,26425,1061.8231220435405,1058.5131882687058,ns,6764800.0,256.0,241848663.61345124,48.0,960.0,7040.0,1.0,48.0,48.0,48.0,1.0
runtime/stress_2_0/prepare_read,97,0,runtime/stress_2_0/prepare_read,iteration,5,0,1,106107,263.7786008461738,263.6385064133566,ns,0.0,1.0,3793072.619035811,,960.0,7040.0,106107.0,,,,0.0
runtime/stress_2_0/prepare_read,97,0,runtime/stress_2_0/prepare_read,iteration,5,1,1,106107,263.5538277398665,263.5356008557491,ns,0.0,1.0,3794553.7405679305,,960.0,7040.0,106107.0,,,,0.0
runtime/stress_2_0/prepare_read,97,0,runtime/stress_2_0/prepare_read,iteration,5,2,1,106107,263.4534573589565,263.4246656676796,ns,0.0,1.0,3796151.728864823,,960.0,7040.0,106107.0,,,,0.0
runtime/stress_2_0/prepare_read,97,0,runtime/stress_2_0/prepare_read,iteration,5,3,1,106107,263.75749008075405,263.74199628674404,ns,0.0,1.0,3791584.2530925022,,960.0,7040.0,106107.0,,,,0.0
runtime/stress_2_0/prepare_read,97,0,runtime/stress_2_0/prepare_read,iteration,5,4,1,106107,263.95625170807324,263.66442364784785,ns,0.0,1.0,3792699.7740719374,,960.0,7040.0,106107.0,,,,0.0
runtime/stress_2_0/prepare_write,98,0,runtime/stress_2_0/prepare_write,iteration,5,0,1,60665,461.1262836890756,460.63664386381816,ns,0.0,1.0,2170908.4878962394,,960.0,7040.0,0.0,,,,60665.0
runtime/stress_2_0/prepare_write,98,0,runtime/stress_2_0/prepare_write,iteration,5,1,1,60665,462.5104425943999,461.86979312617535,ns,0.0,1.0,2165112.364745655,,960.0,7040.0,0.0,,,,60665.0
runtime/stress_2_0/prepare_write,98,0,runtime/stress_2_0/prepare_write,iteration,5,2,1,60665,461.94850407984364,461.94777878513264,ns,0.0,1.0,2164746.8521872326,,960.0,7040.0,0.0,,,,60665.0
runtime/stress_2_0/prepare_write,98,0,runtime/stress_2_0/prepare_write,iteration,5,3,1,60665,461.89971153030865,461.87473831697645,ns,0.0,1.0,2165089.18336581,,960.0,7040.0,0.0,,,,60665.0
runtime/stress_2_0/prepare_write,98,0,runtime/stress_2_0/prepare_write,iteration,5,4,1,60665,461.1927140857409,461.1921536305613,ns,0.0,1.0,2168293.6106520398,,960.0,7040.0,0.0,,,,60665.0
runtime/stress_2_1/read_inline/1024,99,0,runtime/stress_2_1/read_inline/1024,iteration,5,0,1,82389,337.33805483726485,337.3375207855604,ns,21091584.0,256.0,758883860.3065882,48.0,960.0,7040.0,1.0,48.0,48.0,48.0,1.0
runtime/stress_2_1/read_inline/1024,99,0,runtime/stress_2_1/read_inline/1024,iteration,5,1,1,82389,338.3545861703961,338.32929153161183,ns,21091584.0,256.0,756659285.5176437,48.0,960.0,7040.0,1.0,48.0,48.0,48.0,1.0
runtime/stress_2_1/read_inline/1024,99,0,runtime/stress_2_1/read_inline/1024,iteration,5,2,1,82389,337.41549235928943,337.41483693210546,ns,21091584.0,256.0,758709967.6103226,48.0,960.0,7040.0,1.0,48.0,48.0,48.0,1.0
runtime/stress_2_1/read_inline/1024,99,0,runtime/stress_2_1/read_inline/1024,iteration,5,3,1,82389,336.8404277269428,336.5763876245607,ns,21091584.0,256.0,760599998.7306273,48.0,960.0,7040.0,1.0,48.0,48.0,48.0,1.0
runtime/stress_2_1/read_inline/1024,99,0,runtime/stress_2_1/read_inline/1024,iteration,5,4,1,82389,338.9490830089419,338.94853681926264,ns,21091584.0,256.0,755276899.5622092,48.0,960.0,7040.0,1.0,48.0,48.0,48.0,1.0
runtime/stress_2_1/read_inline/65536,99,1,runtime/stress_2_1/read_inline/65536,iteration,5,0,1,63201,442.32822265455076,442.05520482273107,ns,16179456.0,256.0,579113190.4049377,48.0,960.0,7040.0,1.0,48.0,48.0,48.0,1.0
runtime/stress_2_1/read_inline/65536,99,1,runtime/stress_2_1/read_inline/65536,iteration,5,1,1,63201,442.9305865414581,442.6260976883111,ns,16179456.0,256.0,578366258.4221827,48.0,960.0,7040.0,1.0,48.0,48.0,48.0,1.0
runtime/stress_2_1/read_inline/65536,99,1,runtime/stress_2_1/read_inline/65536,iteration,5,2,1,63201,442.6654008636605,442.6697678834186,ns,16179456.0,256.0,578309201.5161517,48.0,960.0,7040.0,1.0,48.0,48.0,48.0,1.0
runtime/stress_2_1/read_inline/65536,99,1,runtime/stress_2_1/read_inline/65536,iteration,5,3,1,63201,443.64892960572524,443.3093147260518,ns,16179456.0,256.0,577474895.0587654,48.0,960.0,7040.0,1.0,48.0,48.0,48.0,1.0
runtime/stress_2_1/read_inline/65536,99,1,runtime/stress_2_1/read_inline/65536,iteration,5,4,1,63201,443.1017863642452,442.8928497966433,ns,16179456.0,256.0,578017911.3696322,48.0,960.0,7040.0,1.0,48.0,48.0,48.0,1.0
runtime/stress_2_1/read_bound/1024,100,0,runtime/stress_2_1/read_bound/1024,iteration,5,0,1,68719,402.2495234213333,401.52390168658155,ns,17592064.0,256.0,637571011.151975,48.0,960.0,7040.0,1.0,48.0,48.0,48.0,1.0
runtime/stress_2_1/read_bound/1024,100,0,runtime/stress_2_1/read_bound/1024,iteration,5,1,1,68719,401.2743782649904,401.273767080467,ns,17592064.0,256.0,637968442.0005074,48.0,960.0,7040.0,1.0,48.0,48.0,48.0,1.0
runtime/stress_2_1/read_bound/1024,100,0,runtime/stress_2_1/read_bound/1024,iteration,5,2,1,68719,403.68160188595596,403.6508243716663,ns,17592064.0,256.0,634211512.8799661,48.0,960.0,7040.0,1.0,48.0,48.0,48.0,1.0
runtime/stress_2_1/read_bound/1024,100,0,runtime/stress_2_1/read_bound/1024,iteration,5,3,1,68719,404.25915685626586,403.79852733598375,ns,17592064.0,256.0,633979528.5756285,48.0,960.0,7040.0,1.0,48.0,48.0,48.0,1.0
runtime/stress_2_1/read_bound/1024,100,0,runtime/stress_2_1/read_bound/1024,iteration,5,4,1,68719,401.0935112557389,401.09288551930155,ns,17592064.0,256.0,638256147.7463071,48.0,960.0,7040.0,1.0,48.0,48.0,48.0,1.0
runtime/stress_2_1/read_bound/65536,100,1,runtime/stress_2_1/read_bound/65536,iteration,5,0,1,54596,513.0109531829933,512.6549747234475,ns,13976576.0,256.0,499361193.43833464,48.0,960.0,7040.0,1.0,48.0,48.0,48.0,1.0
runtime/stress_2_1/read_bound/65536,100,1,runtime/stress_2_1/read_bound/65536,iteration,5,1,1,54596,513.1768994066155,513.1824858964097,ns,13976576.0,256.0,498847889.46533877,48.0,960.0,7040.0,1.0,48.0,48.0,48.0,1.0
runtime/stress_2_1/read_bound/65536,100,1,runtime/stress_2_1/read_bound/65536,iteration,5,2,1,54596,513.4880943660628,512.588870979515,ns,13976576.0,256.0,499425591.33366495,48.0,960.0,7040.0,1.0,48.0,48.0,48.0,1.0
runtime/stress_2_1/read_bound/65536,100,1,runtime/stress_2_1/read_bound/65536,iteration,5,3,1,54596,513.9436222431209,513.4605465602308,ns,13976576.0,256.0,498577742.1751142,48.0,960.0,7040.0,1.0,48.0,48.0,48.0,1.0
runtime/stress_2_1/read_bound/65536,100,1,runtime/stress_2_1/read_bound/65536,iteration,5,4,1,54596,512.4411312183701,512.4421569345595,ns,13976576.0,256.0,499568578.68875927,48.0,960.0,7040.0,1.0,48.0,48.0,48.0,1.0
runtime/stress_2_1/weighted_bound/1024,101,0,runtime/stress_2_1/weighted_bound/1024,iteration,5,0,1,47706,588.2007713912483,587.7424432985528,ns,12212736.0,256.0,435564936.5107377,48.0,960.0,7040.0,1.0,48.0,48.0,48.0,1.0
runtime/stress_2_1/weighted_bound/1024,101,0,runtime/stress_2_1/weighted_bound/1024,iteration,5,1,1,47706,586.5743512346764,586.5732193015671,ns,12212736.0,256.0,436433153.741351,48.0,960.0,7040.0,1.0,48.0,48.0,48.0,1.0
runtime/stress_2_1/weighted_bound/1024,101,0,runtime/stress_2_1/weighted_bound/1024,iteration,5,2,1,47706,587.0329937532563,586.9974845930982,ns,12212736.0,256.0,436117712.11840385,48.0,960.0,7040.0,1.0,48.0,48.0,48.0,1.0
runtime/stress_2_1/weighted_bound/1024,101,0,runtime/stress_2_1/weighted_bound/1024,iteration,5,3,1,47706,587.8712530918042,587.3961556198735,ns,12212736.0,256.0,435821715.1248559,48.0,960.0,7040.0,1.0,48.0,48.0,48.0,1.0
runtime/stress_2_1/weighted_bound/1024,101,0,runtime/stress_2_1/weighted_bound/1024,iteration,5,4,1,47706,588.1768750261191,587.4290864880774,ns,12212736.0,256.0,435797283.2610083,48.0,960.0,7040.0,1.0,48.0,48.0,48.0,1.0
runtime/stress_2_1/weighted_bound/65536,101,1,runtime/stress_2_1/weighted_bound/65536,iteration,5,0,1,38091,735.6453230425205,735.0894174477291,ns,9751296.0,256.0,348256952.0438017,48.0,960.0,7040.0,1.0,48.0,48.0,48.0,1.0
runtime/stress_2_1/weighted_bound/65536,101,1,runtime/stress_2_1/weighted_bound/65536,iteration,5,1,1,38091,735.2047990339639,735.0552886508748,ns,9751296.0,256.0,348273121.6992725,48.0,960.0,7040.0,1.0,48.0,48.0,48.0,1.0
runtime/stress_2_1/weighted_bound/65536,101,1,runtime/stress_2_1/weighted_bound/65536,iteration,5,2,1,38091,735.835919246076,735.2884408390402,ns,9751296.0,256.0,348162687.97572494,48.0,960.0,7040.0,1.0,48.0,48.0,48.0,1.0
runtime/stress_2_1/weighted_bound/65536,101,1,runtime/stress_2_1/weighted_bound/65536,iteration,5,3,1,38091,736.5888530103246,735.1760783386487,ns,9751296.0,256.0,348215900.3031069,48.0,960.0,7040.0,1.0,48.0,48.0,48.0,1.0
runtime/stress_2_1/weighted_bound/65536,101,1,runtime/stress_2_1/weighted_bound/65536,iteration,5,4,1,38091,734.2360662625013,734.2414743639471,ns,9751296.0,256.0,348659138.63251275,48.0,960.0,7040.0,1.0,48.0,48.0,48.0,1.0
runtime/stress_2_1/scalar64/1024,102,0,runtime/stress_2_1/scalar64/1024,iteration,5,0,1,5953,4834.308415925699,4825.427851503674,ns,1523968.0,256.0,53052290.4658551,48.0,960.0,7040.0,1.0,48.0,48.0,48.0,1.0
runtime/stress_2_1/scalar64/1024,102,0,runtime/stress_2_1/scalar64/1024,iteration,5,1,1,5953,5609.783470520019,5604.7666722661215,ns,1523968.0,256.0,45675407.197012536,48.0,960.0,7040.0,1.0,48.0,48.0,48.0,1.0
runtime/stress_2_1/scalar64/1024,102,0,runtime/stress_2_1/scalar64/1024,iteration,5,2,1,5953,4817.668066522608,4816.904417940345,ns,1523968.0,256.0,53146165.62590269,48.0,960.0,7040.0,1.0,48.0,48.0,48.0,1.0
runtime/stress_2_1/scalar64/1024,102,0,runtime/stress_2_1/scalar64/1024,iteration,5,3,1,5953,4995.471358978944,4995.2096421967235,ns,1523968.0,256.0,51249100.305511884,48.0,960.0,7040.0,1.0,48.0,48.0,48.0,1.0
runtime/stress_2_1/scalar64/1024,102,0,runtime/stress_2_1/scalar64/1024,iteration,5,4,1,5953,4787.562069546927,4787.552830505829,ns,1523968.0,256.0,53471994.78798281,48.0,960.0,7040.0,1.0,48.0,48.0,48.0,1.0
runtime/stress_2_1/scalar64/65536,102,1,runtime/stress_2_1/scalar64/65536,iteration,5,0,1,5024,5580.419187897137,5575.33061305751,ns,1286144.0,256.0,45916559.53109652,48.0,960.0,7040.0,1.0,48.0,48.0,48.0,1.0
runtime/stress_2_1/scalar64/65536,102,1,runtime/stress_2_1/scalar64/65536,iteration,5,1,1,5024,5583.703622611431,5583.7322850320625,ns,1286144.0,256.0,45847470.28188333,48.0,960.0,7040.0,1.0,48.0,48.0,48.0,1.0
runtime/stress_2_1/scalar64/65536,102,1,runtime/stress_2_1/scalar64/65536,iteration,5,2,1,5024,5585.259952227214,5575.286823247799,ns,1286144.0,256.0,45916920.17216634,48.0,960.0,7040.0,1.0,48.0,48.0,48.0,1.0
runtime/stress_2_1/scalar64/65536,102,1,runtime/stress_2_1/scalar64/65536,iteration,5,3,1,5024,5574.473726115358,5570.481886942628,ns,1286144.0,256.0,45956526.777346045,48.0,960.0,7040.0,1.0,48.0,48.0,48.0,1.0
runtime/stress_2_1/scalar64/65536,102,1,runtime/stress_2_1/scalar64/65536,iteration,5,4,1,5024,5548.185708600249,5548.214968153275,ns,1286144.0,256.0,46140966.32330194,48.0,960.0,7040.0,1.0,48.0,48.0,48.0,1.0
runtime/stress_2_1/scalar8_projection/1024,103,0,runtime/stress_2_1/scalar8_projection/1024,iteration,5,0,1,34326,816.6659674881281,816.093398589945,ns,8787456.0,256.0,313689585.58213997,48.0,960.0,7040.0,1.0,48.0,48.0,48.0,1.0
runtime/stress_2_1/scalar8_projection/1024,103,0,runtime/stress_2_1/scalar8_projection/1024,iteration,5,1,1,34326,815.1930315210664,815.1917205616459,ns,8787456.0,256.0,314036555.5033148,48.0,960.0,7040.0,1.0,48.0,48.0,48.0,1.0
runtime/stress_2_1/scalar8_projection/1024,103,0,runtime/stress_2_1/scalar8_projection/1024,iteration,5,2,1,34326,817.2879449978076,817.2391773000611,ns,8787456.0,256.0,313249789.18136954,48.0,960.0,7040.0,1.0,48.0,48.0,48.0,1.0
runtime/stress_2_1/scalar8_projection/1024,103,0,runtime/stress_2_1/scalar8_projection/1024,iteration,5,3,1,34326,817.5868437920299,817.2551710074328,ns,8787456.0,256.0,313243658.87392074,48.0,960.0,7040.0,1.0,48.0,48.0,48.0,1.0
runtime/stress_2_1/scalar8_projection/1024,103,0,runtime/stress_2_1/scalar8_projection/1024,iteration,5,4,1,34326,816.9537959561478,816.2408087164671,ns,8787456.0,256.0,313632934.3818991,48.0,960.0,7040.0,1.0,48.0,48.0,48.0,1.0
runtime/stress_2_1/scalar8_projection/65536,103,1,runtime/stress_2_1/scalar8_projection/65536,iteration,5,0,1,22187,1260.1291747427344,1259.2307206922248,ns,5679872.0,256.0,203298725.00193733,48.0,960.0,7040.0,1.0,48.0,48.0,48.0,1.0
runtime/stress_2_1/scalar8_projection/65536,103,1,runtime/stress_2_1/scalar8_projection/65536,iteration,5,1,1,22187,1264.657051427223,1262.1747870375839,ns,5679872.0,256.0,202824523.69441688,48.0,960.0,7040.0,1.0,48.0,48.0,48.0,1.0
runtime/stress_2_1/scalar8_projection/65536,103,1,runtime/stress_2_1/scalar8_projection/65536,iteration,5,2,1,22187,1258.6269437049032,1258.6353269932677,ns,5679872.0,256.0,203394894.85930288,48.0,960.0,7040.0,1.0,48.0,48.0,48.0,1.0
runtime/stress_2_1/scalar8_projection/65536,103,1,runtime/stress_2_1/scalar8_projection/65536,iteration,5,3,1,22187,1307.1717221799197,1273.0050029296444,ns,5679872.0,256.0,201098974.0109831,48.0,960.0,7040.0,1.0,48.0,48.0,48.0,1.0
runtime/stress_2_1/scalar8_projection/65536,103,1,runtime/stress_2_1/scalar8_projection/65536,iteration,5,4,1,22187,1259.8821381890534,1259.8869608330228,ns,5679872.0,256.0,203192832.3400821,48.0,960.0,7040.0,1.0,48.0,48.0,48.0,1.0
runtime/stress_2_1/write_scalar/1024,104,0,runtime/stress_2_1/write_scalar/1024,iteration,5,0,1,2247,12645.063195371251,12645.034267911604,ns,575232.0,256.0,20245101.324053574,48.0,960.0,7040.0,1.0,48.0,48.0,48.0,1.0
runtime/stress_2_1/write_scalar/1024,104,0,runtime/stress_2_1/write_scalar/1024,iteration,5,1,1,2247,12602.655540712318,12554.197596795211,ns,575232.0,256.0,20391586.00350139,48.0,960.0,7040.0,1.0,48.0,48.0,48.0,1.0
runtime/stress_2_1/write_scalar/1024,104,0,runtime/stress_2_1/write_scalar/1024,iteration,5,2,1,2247,12843.804628387315,12843.783711615564,ns,575232.0,256.0,19931821.163297903,48.0,960.0,7040.0,1.0,48.0,48.0,48.0,1.0
runtime/stress_2_1/write_scalar/1024,104,0,runtime/stress_2_1/write_scalar/1024,iteration,5,3,1,2247,12679.384512677014,12678.21628838406,ns,575232.0,256.0,20192114.898256656,48.0,960.0,7040.0,1.0,48.0,48.0,48.0,1.0
runtime/stress_2_1/write_scalar/1024,104,0,runtime/stress_2_1/write_scalar/1024,iteration,5,4,1,2247,12507.016466406963,12506.991989318063,ns,575232.0,256.0,20468550.728955753,48.0,960.0,7040.0,1.0,48.0,48.0,48.0,1.0
runtime/stress_2_1/write_scalar/65536,104,1,runtime/stress_2_1/write_scalar/65536,iteration,5,0,1,2074,13454.236258440984,13409.103664416343,ns,530944.0,256.0,19091507.263035458,48.0,960.0,7040.0,1.0,48.0,48.0,48.0,1.0
runtime/stress_2_1/write_scalar/65536,104,1,runtime/stress_2_1/write_scalar/65536,iteration,5,1,1,2074,13315.214561234017,13296.369816778446,ns,530944.0,256.0,19253375.43462113,48.0,960.0,7040.0,1.0,48.0,48.0,48.0,1.0
runtime/stress_2_1/write_scalar/65536,104,1,runtime/stress_2_1/write_scalar/65536,iteration,5,2,1,2074,13361.65139826562,13333.886692381393,ns,530944.0,256.0,19199203.196039695,48.0,960.0,7040.0,1.0,48.0,48.0,48.0,1.0
runtime/stress_2_1/write_scalar/65536,104,1,runtime/stress_2_1/write_scalar/65536,iteration,5,3,1,2074,13253.903085835362,13253.901157182905,ns,530944.0,256.0,19315067.840328787,48.0,960.0,7040.0,1.0,48.0,48.0,48.0,1.0
runtime/stress_2_1/write_scalar/65536,104,1,runtime/stress_2_1/write_scalar/65536,iteration,5,4,1,2074,13349.2936354834,13336.066538090668,ns,530944.0,256.0,19196064.991788175,48.0,960.0,7040.0,1.0,48.0,48.0,48.0,1.0
runtime/stress_2_1/write_native/1024,105,0,runtime/stress_2_1/write_native/1024,iteration,5,0,1,30142,930.9616481986865,929.7900272045521,ns,7716352.0,256.0,275330980.66202474,48.0,960.0,7040.0,1.0,48.0,48.0,48.0,1.0
runtime/stress_2_1/write_native/1024,105,0,runtime/stress_2_1/write_native/1024,iteration,5,1,1,30142,929.9059783690869,929.343805984963,ns,7716352.0,256.0,275463179.88172203,48.0,960.0,7040.0,1.0,48.0,48.0,48.0,1.0
runtime/stress_2_1/write_native/1024,105,0,runtime/stress_2_1/write_native/1024,iteration,5,2,1,30142,927.7143520670946,925.9764448277917,ns,7716352.0,256.0,276464915.95972455,48.0,960.0,7040.0,1.0,48.0,48.0,48.0,1.0
runtime/stress_2_1/write_native/1024,105,0,runtime/stress_2_1/write_native/1024,iteration,5,3,1,30142,926.0014597573102,925.9999668236204,ns,7716352.0,256.0,276457893.27415985,48.0,960.0,7040.0,1.0,48.0,48.0,48.0,1.0
runtime/stress_2_1/write_native/1024,105,0,runtime/stress_2_1/write_native/1024,iteration,5,4,1,30142,928.8277486562871,927.7267931790149,ns,7716352.0,256.0,275943307.7520291,48.0,960.0,7040.0,1.0,48.0,48.0,48.0,1.0
runtime/stress_2_1/write_native/65536,105,1,runtime/stress_2_1/write_native/65536,iteration,5,0,1,26404,1058.8390395389038,1058.0298818359859,ns,6759424.0,256.0,241959139.71330035,48.0,960.0,7040.0,1.0,48.0,48.0,48.0,1.0
runtime/stress_2_1/write_native/65536,105,1,runtime/stress_2_1/write_native/65536,iteration,5,1,1,26404,1057.1271398275862,1057.1322905620768,ns,6759424.0,256.0,242164582.6974833,48.0,960.0,7040.0,1.0,48.0,48.0,48.0,1.0
runtime/stress_2_1/write_native/65536,105,1,runtime/stress_2_1/write_native/65536,iteration,5,2,1,26404,1059.7695424942387,1059.0388577487872,ns,6759424.0,256.0,241728618.47976243,48.0,960.0,7040.0,1.0,48.0,48.0,48.0,1.0
runtime/stress_2_1/write_native/65536,105,1,runtime/stress_2_1/write_native/65536,iteration,5,3,1,26404,1058.6455082561672,1058.6559612180317,ns,6759424.0,256.0,241816047.3072483,48.0,960.0,7040.0,1.0,48.0,48.0,48.0,1.0
runtime/stress_2_1/write_native/65536,105,1,runtime/stress_2_1/write_native/65536,iteration,5,4,1,26404,1058.9412967730439,1058.1954249356238,ns,6759424.0,256.0,241921287.85245314,48.0,960.0,7040.0,1.0,48.0,48.0,48.0,1.0
runtime/stress_2_1/prepare_read,106,0,runtime/stress_2_1/prepare_read,iteration,5,0,1,106511,263.42439748030614,263.4239843771998,ns,0.0,1.0,3796161.546809225,,960.0,7040.0,106511.0,,,,0.0
runtime/stress_2_1/prepare_read,106,0,runtime/stress_2_1/prepare_read,iteration,5,1,1,106511,263.9626611337655,263.51382486315424,ns,0.0,1.0,3794867.3111147457,,960.0,7040.0,106511.0,,,,0.0
runtime/stress_2_1/prepare_read,106,0,runtime/stress_2_1/prepare_read,iteration,5,2,1,106511,263.1693064567513,263.1467360178843,ns,0.0,1.0,3800161.1387345376,,960.0,7040.0,106511.0,,,,0.0
runtime/stress_2_1/prepare_read,106,0,runtime/stress_2_1/prepare_read,iteration,5,3,1,106511,263.29943386112535,263.29891748269273,ns,0.0,1.0,3797964.7222276647,,960.0,7040.0,106511.0,,,,0.0
runtime/stress_2_1/prepare_read,106,0,runtime/stress_2_1/prepare_read,iteration,5,4,1,106511,263.21540498153115,263.1996882950923,ns,0.0,1.0,3799396.596848654,,960.0,7040.0,106511.0,,,,0.0
runtime/stress_2_1/prepare_write,107,0,runtime/stress_2_1/prepare_write,iteration,5,0,1,58648,480.69202700850127,480.6911062610963,ns,0.0,1.0,2080338.052805228,,960.0,7040.0,0.0,,,,58648.0
runtime/stress_2_1/prepare_write,107,0,runtime/stress_2_1/prepare_write,iteration,5,1,1,58648,481.2068101214389,481.10271450003324,ns,0.0,1.0,2078558.2160749394,,960.0,7040.0,0.0,,,,58648.0
runtime/stress_2_1/prepare_write,107,0,runtime/stress_2_1/prepare_write,iteration,5,2,1,58648,481.81484449567927,481.75284749695646,ns,0.0,1.0,2075753.1692769448,,960.0,7040.0,0.0,,,,58648.0
runtime/stress_2_1/prepare_write,107,0,runtime/stress_2_1/prepare_write,iteration,5,3,1,58648,486.14389237472744,485.8501909698465,ns,0.0,1.0,2058247.6215637906,,960.0,7040.0,0.0,,,,58648.0
runtime/stress_2_1/prepare_write,107,0,runtime/stress_2_1/prepare_write,iteration,5,4,1,58648,481.95943595693143,481.37962078841105,ns,0.0,1.0,2077362.557148108,,960.0,7040.0,0.0,,,,58648.0
runtime/stress_3_0/read_inline/1024,108,0,runtime/stress_3_0/read_inline/1024,iteration,5,0,1,53780,501.6196169581112,501.61844551875146,ns,13767680.0,256.0,510348058.9420036,60.0,960.0,7040.0,1.0,60.0,60.0,24.0,1.0
runtime/stress_3_0/read_inline/1024,108,0,runtime/stress_3_0/read_inline/1024,iteration,5,1,1,53780,498.5227407956494,498.4421904053091,ns,13767680.0,256.0,513600182.5845304,60.0,960.0,7040.0,1.0,60.0,60.0,24.0,1.0
runtime/stress_3_0/read_inline/1024,108,0,runtime/stress_3_0/read_inline/1024,iteration,5,2,1,53780,495.9353291187277,495.93436221645356,ns,13767680.0,256.0,516197342.84164655,60.0,960.0,7040.0,1.0,60.0,60.0,24.0,1.0
runtime/stress_3_0/read_inline/1024,108,0,runtime/stress_3_0/read_inline/1024,iteration,5,3,1,53780,496.8834696913353,496.7958534770804,ns,13767680.0,256.0,515302207.55316854,60.0,960.0,7040.0,1.0,60.0,60.0,24.0,1.0
runtime/stress_3_0/read_inline/1024,108,0,runtime/stress_3_0/read_inline/1024,iteration,5,4,1,53780,498.07554853072764,498.07458162884984,ns,13767680.0,256.0,513979250.1813784,60.0,960.0,7040.0,1.0,60.0,60.0,24.0,1.0
runtime/stress_3_0/read_inline/65536,108,1,runtime/stress_3_0/read_inline/65536,iteration,5,0,1,39855,699.1081671059337,698.2461673566556,ns,10202880.0,256.0,366632875.29258764,60.0,960.0,7040.0,1.0,60.0,60.0,24.0,1.0
runtime/stress_3_0/read_inline/65536,108,1,runtime/stress_3_0/read_inline/65536,iteration,5,1,1,39855,698.761661021054,698.2504328189527,ns,10202880.0,256.0,366630635.6109019,60.0,960.0,7040.0,1.0,60.0,60.0,24.0,1.0
runtime/stress_3_0/read_inline/65536,108,1,runtime/stress_3_0/read_inline/65536,iteration,5,2,1,39855,697.3656003009597,697.3750344999984,ns,10202880.0,256.0,367090858.3407291,60.0,960.0,7040.0,1.0,60.0,60.0,24.0,1.0
runtime/stress_3_0/read_inline/65536,108,1,runtime/stress_3_0/read_inline/65536,iteration,5,3,1,39855,698.3697403084905,697.8560281018457,ns,10202880.0,256.0,366837842.8947799,60.0,960.0,7040.0,1.0,60.0,60.0,24.0,1.0
runtime/stress_3_0/read_inline/65536,108,1,runtime/stress_3_0/read_inline/65536,iteration,5,4,1,39855,701.0080541962336,699.0480742692428,ns,10202880.0,256.0,366212295.5815482,60.0,960.0,7040.0,1.0,60.0,60.0,24.0,1.0
runtime/stress_3_0/read_bound/1024,109,0,runtime/stress_3_0/read_bound/1024,iteration,5,0,1,50375,556.0547096776858,556.0024218362588,ns,12896000.0,256.0,460429649.12730414,60.0,960.0,7040.0,1.0,60.0,60.0,24.0,1.0
runtime/stress_3_0/read_bound/1024,109,0,runtime/stress_3_0/read_bound/1024,iteration,5,1,1,50375,556.0801191068117,556.0377369726951,ns,12896000.0,256.0,460400406.2633813,60.0,960.0,7040.0,1.0,60.0,60.0,24.0,1.0
runtime/stress_3_0/read_bound/1024,109,0,runtime/stress_3_0/read_bound/1024,iteration,5,2,1,50375,556.4684069479703,556.2868883374808,ns,12896000.0,256.0,460194200.8108112,60.0,960.0,7040.0,1.0,60.0,60.0,24.0,1.0
runtime/stress_3_0/read_bound/1024,109,0,runtime/stress_3_0/read_bound/1024,iteration,5,3,1,50375,557.044287841103,556.4050024813713,ns,12896000.0,256.0,460096510.38062155,60.0,960.0,7040.0,1.0,60.0,60.0,24.0,1.0
runtime/stress_3_0/read_bound/1024,109,0,runtime/stress_3_0/read_bound/1024,iteration,5,4,1,50375,556.5692506203077,556.0143126551138,ns,12896000.0,256.0,460419802.46431607,60.0,960.0,7040.0,1.0,60.0,60.0,24.0,1.0
runtime/stress_3_0/read_bound/65536,109,1,runtime/stress_3_0/read_bound/65536,iteration,5,0,1,36252,769.4465408805426,769.464884696006,ns,9280512.0,256.0,332698743.1026673,60.0,960.0,7040.0,1.0,60.0,60.0,24.0,1.0
runtime/stress_3_0/read_bound/65536,109,1,runtime/stress_3_0/read_bound/65536,iteration,5,1,1,36252,772.107359594237,770.5536522123035,ns,9280512.0,256.0,332228650.4839856,60.0,960.0,7040.0,1.0,60.0,60.0,24.0,1.0
runtime/stress_3_0/read_bound/65536,109,1,runtime/stress_3_0/read_bound/65536,iteration,5,2,1,36252,769.1891757693298,769.2006234138588,ns,9280512.0,256.0,332813042.7973696,60.0,960.0,7040.0,1.0,60.0,60.0,24.0,1.0
runtime/stress_3_0/read_bound/65536,109,1,runtime/stress_3_0/read_bound/65536,iteration,5,3,1,36252,770.1187796529449,769.5465353635492,ns,9280512.0,256.0,332663442.9964141,60.0,960.0,7040.0,1.0,60.0,60.0,24.0,1.0
runtime/stress_3_0/read_bound/65536,109,1,runtime/stress_3_0/read_bound/65536,iteration,5,4,1,36252,769.4559196730368,769.4607745778975,ns,9280512.0,256.0,332700520.2317607,60.0,960.0,7040.0,1.0,60.0,60.0,24.0,1.0
runtime/stress_3_0/weighted_bound/1024,110,0,runtime/stress_3_0/weighted_bound/1024,iteration,5,0,1,34955,799.6640251749922,799.6621656415587,ns,8948480.0,256.0,320135190.8335122,60.0,960.0,7040.0,1.0,60.0,60.0,24.0,1.0
runtime/stress_3_0/weighted_bound/1024,110,0,runtime/stress_3_0/weighted_bound/1024,iteration,5,1,1,34955,800.431869546437,800.3482191389633,ns,8948480.0,256.0,319860772.9463206,60.0,960.0,7040.0,1.0,60.0,60.0,24.0,1.0
runtime/stress_3_0/weighted_bound/1024,110,0,runtime/stress_3_0/weighted_bound/1024,iteration,5,2,1,34955,799.3124302672305,799.3111428980557,ns,8948480.0,256.0,320275780.3073068,60.0,960.0,7040.0,1.0,60.0,60.0,24.0,1.0
runtime/stress_3_0/weighted_bound/1024,110,0,runtime/stress_3_0/weighted_bound/1024,iteration,5,3,1,34955,800.057388070776,799.9428407952761,ns,8948480.0,256.0,320022865.31559366,60.0,960.0,7040.0,1.0,60.0,60.0,24.0,1.0
runtime/stress_3_0/weighted_bound/1024,110,0,runtime/stress_3_0/weighted_bound/1024,iteration,5,4,1,34955,799.0108997278165,799.0096123587431,ns,8948480.0,256.0,320396646.09824485,60.0,960.0,7040.0,1.0,60.0,60.0,24.0,1.0
runtime/stress_3_0/weighted_bound/65536,110,1,runtime/stress_3_0/weighted_bound/65536,iteration,5,0,1,25924,1076.7626909425715,1076.774841845393,ns,6636544.0,256.0,237747010.84329137,60.0,960.0,7040.0,1.0,60.0,60.0,24.0,1.0
runtime/stress_3_0/weighted_bound/65536,110,1,runtime/stress_3_0/weighted_bound/65536,iteration,5,1,1,25924,1081.4560638794821,1079.073869773188,ns,6636544.0,256.0,237240477.3862321,60.0,960.0,7040.0,1.0,60.0,60.0,24.0,1.0
runtime/stress_3_0/weighted_bound/65536,110,1,runtime/stress_3_0/weighted_bound/65536,iteration,5,2,1,25924,1077.3193180071273,1077.3333976237168,ns,6636544.0,256.0,237623748.1959265,60.0,960.0,7040.0,1.0,60.0,60.0,24.0,1.0
runtime/stress_3_0/weighted_bound/65536,110,1,runtime/stress_3_0/weighted_bound/65536,iteration,5,3,1,25924,1077.8967751883783,1077.137440209832,ns,6636544.0,256.0,237666977.716539,60.0,960.0,7040.0,1.0,60.0,60.0,24.0,1.0
runtime/stress_3_0/weighted_bound/65536,110,1,runtime/stress_3_0/weighted_bound/65536,iteration,5,4,1,25924,1078.8399166793586,1077.7708686931503,ns,6636544.0,256.0,237527295.8624429,60.0,960.0,7040.0,1.0,60.0,60.0,24.0,1.0
runtime/stress_3_0/scalar64/1024,111,0,runtime/stress_3_0/scalar64/1024,iteration,5,0,1,5863,5868.6276650144255,5867.579225652452,ns,1500928.0,256.0,43629577.06319403,60.0,960.0,7040.0,1.0,60.0,60.0,24.0,1.0
runtime/stress_3_0/scalar64/1024,111,0,runtime/stress_3_0/scalar64/1024,iteration,5,1,1,5863,5088.596452326681,5085.620501449895,ns,1500928.0,256.0,50338006.92108567,60.0,960.0,7040.0,1.0,60.0,60.0,24.0,1.0
runtime/stress_3_0/scalar64/1024,111,0,runtime/stress_3_0/scalar64/1024,iteration,5,2,1,5863,5114.078287569115,5107.031042129039,ns,1500928.0,256.0,50126971.59821409,60.0,960.0,7040.0,1.0,60.0,60.0,24.0,1.0
runtime/stress_3_0/scalar64/1024,111,0,runtime/stress_3_0/scalar64/1024,iteration,5,3,1,5863,5081.826880436155,5076.529592358791,ns,1500928.0,256.0,50428150.83464342,60.0,960.0,7040.0,1.0,60.0,60.0,24.0,1.0
runtime/stress_3_0/scalar64/1024,111,0,runtime/stress_3_0/scalar64/1024,iteration,5,4,1,5863,4818.37062936909,4817.666894081751,ns,1500928.0,256.0,53137754.35875038,60.0,960.0,7040.0,1.0,60.0,60.0,24.0,1.0
runtime/stress_3_0/scalar64/65536,111,1,runtime/stress_3_0/scalar64/65536,iteration,5,0,1,4148,6723.974204433424,6724.14681774419,ns,1061888.0,256.0,38071744.55567325,60.0,960.0,7040.0,1.0,60.0,60.0,24.0,1.0
runtime/stress_3_0/scalar64/65536,111,1,runtime/stress_3_0/scalar64/65536,iteration,5,1,1,4148,6723.605593053925,6718.544117647549,ns,1061888.0,256.0,38103493.18501411,60.0,960.0,7040.0,1.0,60.0,60.0,24.0,1.0
runtime/stress_3_0/scalar64/65536,111,1,runtime/stress_3_0/scalar64/65536,iteration,5,2,1,4148,6718.3187078142455,6713.517598842807,ns,1061888.0,256.0,38132021.88434363,60.0,960.0,7040.0,1.0,60.0,60.0,24.0,1.0
runtime/stress_3_0/scalar64/65536,111,1,runtime/stress_3_0/scalar64/65536,iteration,5,3,1,4148,6700.698167794772,6700.788813885641,ns,1061888.0,256.0,38204457.28262718,60.0,960.0,7040.0,1.0,60.0,60.0,24.0,1.0
runtime/stress_3_0/scalar64/65536,111,1,runtime/stress_3_0/scalar64/65536,iteration,5,4,1,4148,6726.864995177889,6720.333172613652,ns,1061888.0,256.0,38093349.45523798,60.0,960.0,7040.0,1.0,60.0,60.0,24.0,1.0
runtime/stress_3_0/scalar8_projection/1024,112,0,runtime/stress_3_0/scalar8_projection/1024,iteration,5,0,1,32583,869.6592394807483,860.398428628415,ns,8341248.0,256.0,297536573.1526227,60.0,960.0,7040.0,1.0,60.0,60.0,24.0,1.0
runtime/stress_3_0/scalar8_projection/1024,112,0,runtime/stress_3_0/scalar8_projection/1024,iteration,5,1,1,32583,860.6367430866396,859.4540404504614,ns,8341248.0,256.0,297863513.2901626,60.0,960.0,7040.0,1.0,60.0,60.0,24.0,1.0
runtime/stress_3_0/scalar8_projection/1024,112,0,runtime/stress_3_0/scalar8_projection/1024,iteration,5,2,1,32583,860.9077126104742,859.9574010987578,ns,8341248.0,256.0,297689164.2224507,60.0,960.0,7040.0,1.0,60.0,60.0,24.0,1.0
runtime/stress_3_0/scalar8_projection/1024,112,0,runtime/stress_3_0/scalar8_projection/1024,iteration,5,3,1,32583,859.6981861711965,859.6529478562661,ns,8341248.0,256.0,297794593.3162823,60.0,960.0,7040.0,1.0,60.0,60.0,24.0,1.0
runtime/stress_3_0/scalar8_projection/1024,112,0,runtime/stress_3_0/scalar8_projection/1024,iteration,5,4,1,32583,860.1717460027222,859.9174723014996,ns,8341248.0,256.0,297702986.90970504,60.0,960.0,7040.0,1.0,60.0,60.0,24.0,1.0
runtime/stress_3_0/scalar8_projection/65536,112,1,runtime/stress_3_0/scalar8_projection/65536,iteration,5,0,1,26026,1076.1302543609117,1075.3285560593592,ns,6662656.0,256.0,238066773.69206637,60.0,960.0,7040.0,1.0,60.0,60.0,24.0,1.0
runtime/stress_3_0/scalar8_projection/65536,112,1,runtime/stress_3_0/scalar8_projection/65536,iteration,5,1,1,26026,1078.0321985701146,1076.3640590178911,ns,6662656.0,256.0,237837744.4464121,60.0,960.0,7040.0,1.0,60.0,60.0,24.0,1.0
runtime/stress_3_0/scalar8_projection/65536,112,1,runtime/stress_3_0/scalar8_projection/65536,iteration,5,2,1,26026,1077.419734111601,1075.1245677398986,ns,6662656.0,256.0,238111943.1938544,60.0,960.0,7040.0,1.0,60.0,60.0,24.0,1.0
runtime/stress_3_0/scalar8_projection/65536,112,1,runtime/stress_3_0/scalar8_projection/65536,iteration,5,3,1,26026,1075.740221317113,1073.871974179581,ns,6662656.0,256.0,238389683.4588494,60.0,960.0,7040.0,1.0,60.0,60.0,24.0,1.0
runtime/stress_3_0/scalar8_projection/65536,112,1,runtime/stress_3_0/scalar8_projection/65536,iteration,5,4,1,26026,1073.0314301082024,1072.276646430547,ns,6662656.0,256.0,238744358.41924444,60.0,960.0,7040.0,1.0,60.0,60.0,24.0,1.0
runtime/stress_3_0/write_scalar/1024,113,0,runtime/stress_3_0/write_scalar/1024,iteration,5,0,1,3707,7389.372808200838,7384.998920960853,ns,948992.0,256.0,34664866.27010802,60.0,960.0,7040.0,1.0,60.0,60.0,24.0,1.0
runtime/stress_3_0/write_scalar/1024,113,0,runtime/stress_3_0/write_scalar/1024,iteration,5,1,1,3707,7363.810089024817,7363.795791745335,ns,948992.0,256.0,34764679.41804834,60.0,960.0,7040.0,1.0,60.0,60.0,24.0,1.0
runtime/stress_3_0/write_scalar/1024,113,0,runtime/stress_3_0/write_scalar/1024,iteration,5,2,1,3707,7367.303479902713,7366.749662800113,ns,948992.0,256.0,34750739.70447558,60.0,960.0,7040.0,1.0,60.0,60.0,24.0,1.0
runtime/stress_3_0/write_scalar/1024,113,0,runtime/stress_3_0/write_scalar/1024,iteration,5,3,1,3707,7493.432964656689,7493.4208254653195,ns,948992.0,256.0,34163302.17702716,60.0,960.0,7040.0,1.0,60.0,60.0,24.0,1.0
runtime/stress_3_0/write_scalar/1024,113,0,runtime/stress_3_0/write_scalar/1024,iteration,5,4,1,3707,7468.819800378706,7459.808740221328,ns,948992.0,256.0,34317233.71401136,60.0,960.0,7040.0,1.0,60.0,60.0,24.0,1.0
runtime/stress_3_0/write_scalar/65536,113,1,runtime/stress_3_0/write_scalar/65536,iteration,5,0,1,3179,8941.103177097355,8934.463982384781,ns,813824.0,256.0,28653089.934072204,60.0,960.0,7040.0,1.0,60.0,60.0,24.0,1.0
runtime/stress_3_0/write_scalar/65536,113,1,runtime/stress_3_0/write_scalar/65536,iteration,5,1,1,3179,8951.84869455072,8951.9289084611,ns,813824.0,256.0,28597188.67494986,60.0,960.0,7040.0,1.0,60.0,60.0,24.0,1.0
runtime/stress_3_0/write_scalar/65536,113,1,runtime/stress_3_0/write_scalar/65536,iteration,5,2,1,3179,9050.798364261436,9043.699905630505,ns,813824.0,256.0,28306998.537248824,60.0,960.0,7040.0,1.0,60.0,60.0,24.0,1.0
runtime/stress_3_0/write_scalar/65536,113,1,runtime/stress_3_0/write_scalar/65536,iteration,5,3,1,3179,8967.177414283837,8967.301667190428,ns,813824.0,256.0,28548164.152506776,60.0,960.0,7040.0,1.0,60.0,60.0,24.0,1.0
runtime/stress_3_0/write_scalar/65536,113,1,runtime/stress_3_0/write_scalar/65536,iteration,5,4,1,3179,9006.891475304066,9000.680088077757,ns,813824.0,256.0,28442295.19268171,60.0,960.0,7040.0,1.0,60.0,60.0,24.0,1.0
runtime/stress_3_0/prepare_read,114,0,runtime/stress_3_0/prepare_read,iteration,5,0,1,104477,273.70145582286705,268.5884165892818,ns,0.0,1.0,3723168.752765586,,960.0,7040.0,104477.0,,,,0.0
runtime/stress_3_0/prepare_read,114,0,runtime/stress_3_0/prepare_read,iteration,5,1,1,104477,282.87059352789646,269.85548972503136,ns,0.0,1.0,3705687.0735479486,,960.0,7040.0,104477.0,,,,0.0
runtime/stress_3_0/prepare_read,114,0,runtime/stress_3_0/prepare_read,iteration,5,2,1,104477,268.41846530815474,268.1773117528344,ns,0.0,1.0,3728876.2179913637,,960.0,7040.0,104477.0,,,,0.0
runtime/stress_3_0/prepare_read,114,0,runtime/stress_3_0/prepare_read,iteration,5,3,1,104477,268.1318950580636,268.0944322673749,ns,0.0,1.0,3730028.973532296,,960.0,7040.0,104477.0,,,,0.0
runtime/stress_3_0/prepare_read,114,0,runtime/stress_3_0/prepare_read,iteration,5,4,1,104477,267.92850100985424,267.89026292871006,ns,0.0,1.0,3732871.770207326,,960.0,7040.0,104477.0,,,,0.0
runtime/stress_3_0/prepare_write,115,0,runtime/stress_3_0/prepare_write,iteration,5,0,1,49464,574.6324195375432,573.6715995471144,ns,0.0,1.0,1743157.5849134785,,960.0,7040.0,0.0,,,,49464.0
runtime/stress_3_0/prepare_write,115,0,runtime/stress_3_0/prepare_write,iteration,5,1,1,49464,574.023673783036,574.0227640304134,ns,0.0,1.0,1742091.1898661514,,960.0,7040.0,0.0,,,,49464.0
runtime/stress_3_0/prepare_write,115,0,runtime/stress_3_0/prepare_write,iteration,5,2,1,49464,573.1341379589499,572.3209202652151,ns,0.0,1.0,1747271.442631517,,960.0,7040.0,0.0,,,,49464.0
runtime/stress_3_0/prepare_write,115,0,runtime/stress_3_0/prepare_write,iteration,5,3,1,49464,565.3844412099047,565.3833292899608,ns,0.0,1.0,1768711.5063259017,,960.0,7040.0,0.0,,,,49464.0
runtime/stress_3_0/prepare_write,115,0,runtime/stress_3_0/prepare_write,iteration,5,4,1,49464,570.1046417596269,570.0515930778212,ns,0.0,1.0,1754227.1824920313,,960.0,7040.0,0.0,,,,49464.0
runtime/stress_3_1/read_inline/1024,116,0,runtime/stress_3_1/read_inline/1024,iteration,5,0,1,55985,497.1430740377488,496.6018040546709,ns,14332160.0,256.0,515503564.2436308,60.0,960.0,7040.0,1.0,60.0,60.0,24.0,1.0
runtime/stress_3_1/read_inline/1024,116,0,runtime/stress_3_1/read_inline/1024,iteration,5,1,1,55985,498.38824685154793,498.2507993212633,ns,14332160.0,256.0,513797469.76569474,60.0,960.0,7040.0,1.0,60.0,60.0,24.0,1.0
runtime/stress_3_1/read_inline/1024,116,0,runtime/stress_3_1/read_inline/1024,iteration,5,2,1,55985,500.1412163970644,500.103099044348,ns,14332160.0,256.0,511894448.3431375,60.0,960.0,7040.0,1.0,60.0,60.0,24.0,1.0
runtime/stress_3_1/read_inline/1024,116,0,runtime/stress_3_1/read_inline/1024,iteration,5,3,1,55985,497.3674377061786,497.36645530047645,ns,14332160.0,256.0,514711029.0044419,60.0,960.0,7040.0,1.0,60.0,60.0,24.0,1.0
runtime/stress_3_1/read_inline/1024,116,0,runtime/stress_3_1/read_inline/1024,iteration,5,4,1,55985,498.675109404146,498.644494060946,ns,14332160.0,256.0,513391811.29855376,60.0,960.0,7040.0,1.0,60.0,60.0,24.0,1.0
runtime/stress_3_1/read_inline/65536,116,1,runtime/stress_3_1/read_inline/65536,iteration,5,0,1,40075,700.7682345605837,698.701709295125,ns,10259200.0,256.0,366393836.73221844,60.0,960.0,7040.0,1.0,60.0,60.0,24.0,1.0
runtime/stress_3_1/read_inline/65536,116,1,runtime/stress_3_1/read_inline/65536,iteration,5,1,1,40075,699.2308421711468,698.4451902682636,ns,10259200.0,256.0,366528402.75365597,60.0,960.0,7040.0,1.0,60.0,60.0,24.0,1.0
runtime/stress_3_1/read_inline/65536,116,1,runtime/stress_3_1/read_inline/65536,iteration,5,2,1,40075,699.6787523395849,698.9532376793829,ns,10259200.0,256.0,366261984.63570154,60.0,960.0,7040.0,1.0,60.0,60.0,24.0,1.0
runtime/stress_3_1/read_inline/65536,116,1,runtime/stress_3_1/read_inline/65536,iteration,5,3,1,40075,698.7068247038026,698.4641547099088,ns,10259200.0,256.0,366518450.9093724,60.0,960.0,7040.0,1.0,60.0,60.0,24.0,1.0
runtime/stress_3_1/read_inline/65536,116,1,runtime/stress_3_1/read_inline/65536,iteration,5,4,1,40075,699.4324641303444,698.9387648159568,ns,10259200.0,256.0,366269568.79034954,60.0,960.0,7040.0,1.0,60.0,60.0,24.0,1.0
runtime/stress_3_1/read_bound/1024,117,0,runtime/stress_3_1/read_bound/1024,iteration,5,0,1,50322,563.0095584435714,558.7613966058982,ns,12882432.0,256.0,458156203.2649872,60.0,960.0,7040.0,1.0,60.0,60.0,24.0,1.0
runtime/stress_3_1/read_bound/1024,117,0,runtime/stress_3_1/read_bound/1024,iteration,5,1,1,50322,558.6609037792206,557.2741941894634,ns,12882432.0,256.0,459378888.6498564,60.0,960.0,7040.0,1.0,60.0,60.0,24.0,1.0
runtime/stress_3_1/read_bound/1024,117,0,runtime/stress_3_1/read_bound/1024,iteration,5,2,1,50322,558.0160565958108,556.9206510074604,ns,12882432.0,256.0,459670510.57794356,60.0,960.0,7040.0,1.0,60.0,60.0,24.0,1.0
runtime/stress_3_1/read_bound/1024,117,0,runtime/stress_3_1/read_bound/1024,iteration,5,3,1,50322,556.4767696034736,556.4757362584845,ns,12882432.0,256.0,460038027.3922442,60.0,960.0,7040.0,1.0,60.0,60.0,24.0,1.0
runtime/stress_3_1/read_bound/1024,117,0,runtime/stress_3_1/read_bound/1024,iteration,5,4,1,50322,556.7460355310118,556.6984817773466,ns,12882432.0,256.0,459853957.53672636,60.0,960.0,7040.0,1.0,60.0,60.0,24.0,1.0
runtime/stress_3_1/read_bound/65536,117,1,runtime/stress_3_1/read_bound/65536,iteration,5,0,1,36373,769.3419294533703,769.345723476235,ns,9311488.0,256.0,332750273.6263768,60.0,960.0,7040.0,1.0,60.0,60.0,24.0,1.0
runtime/stress_3_1/read_bound/65536,117,1,runtime/stress_3_1/read_bound/65536,iteration,5,1,1,36373,769.2069392133229,768.6262062518709,ns,9311488.0,256.0,333061763.8557479,60.0,960.0,7040.0,1.0,60.0,60.0,24.0,1.0
runtime/stress_3_1/read_bound/65536,117,1,runtime/stress_3_1/read_bound/65536,iteration,5,2,1,36373,768.5226129270784,767.9531795562331,ns,9311488.0,256.0,333353655.94544625,60.0,960.0,7040.0,1.0,60.0,60.0,24.0,1.0
runtime/stress_3_1/read_bound/65536,117,1,runtime/stress_3_1/read_bound/65536,iteration,5,3,1,36373,769.314161603443,768.3600747807793,ns,9311488.0,256.0,333177124.11467934,60.0,960.0,7040.0,1.0,60.0,60.0,24.0,1.0
runtime/stress_3_1/read_bound/65536,117,1,runtime/stress_3_1/read_bound/65536,iteration,5,4,1,36373,768.9828719102813,768.4475022682072,ns,9311488.0,256.0,333139218.026438,60.0,960.0,7040.0,1.0,60.0,60.0,24.0,1.0
runtime/stress_3_1/weighted_bound/1024,118,0,runtime/stress_3_1/weighted_bound/1024,iteration,5,0,1,35075,799.5388168213269,799.3600000000196,ns,8979200.0,256.0,320256204.9639633,60.0,960.0,7040.0,1.0,60.0,60.0,24.0,1.0
runtime/stress_3_1/weighted_bound/1024,118,0,runtime/stress_3_1/weighted_bound/1024,iteration,5,1,1,35075,800.2273414115352,799.7508481824121,ns,8979200.0,256.0,320099691.7750188,60.0,960.0,7040.0,1.0,60.0,60.0,24.0,1.0
runtime/stress_3_1/weighted_bound/1024,118,0,runtime/stress_3_1/weighted_bound/1024,iteration,5,2,1,35075,801.3497933002336,801.2704775480922,ns,8979200.0,256.0,319492614.75771135,60.0,960.0,7040.0,1.0,60.0,60.0,24.0,1.0
runtime/stress_3_1/weighted_bound/1024,118,0,runtime/stress_3_1/weighted_bound/1024,iteration,5,3,1,35075,799.3318317887382,799.3303207412636,ns,8979200.0,256.0,320268096.12651366,60.0,960.0,7040.0,1.0,60.0,60.0,24.0,1.0
runtime/stress_3_1/weighted_bound/1024,118,0,runtime/stress_3_1/weighted_bound/1024,iteration,5,4,1,35075,800.5295509623827,800.4756094083605,ns,8979200.0,256.0,319809869.27160984,60.0,960.0,7040.0,1.0,60.0,60.0,24.0,1.0
runtime/stress_3_1/weighted_bound/65536,118,1,runtime/stress_3_1/weighted_bound/65536,iteration,5,0,1,26042,1077.265724599386,1075.243529682872,ns,6666752.0,256.0,238085599.15306222,60.0,960.0,7040.0,1.0,60.0,60.0,24.0,1.0
runtime/stress_3_1/weighted_bound/65536,118,1,runtime/stress_3_1/weighted_bound/65536,iteration,5,1,1,26042,1076.303432916224,1075.767682973696,ns,6666752.0,256.0,237969595.15678215,60.0,960.0,7040.0,1.0,60.0,60.0,24.0,1.0
runtime/stress_3_1/weighted_bound/65536,118,1,runtime/stress_3_1/weighted_bound/65536,iteration,5,2,1,26042,1075.6433453644793,1074.8883342293154,ns,6666752.0,256.0,238164274.2299827,60.0,960.0,7040.0,1.0,60.0,60.0,24.0,1.0
runtime/stress_3_1/weighted_bound/65536,118,1,runtime/stress_3_1/weighted_bound/65536,iteration,5,3,1,26042,1078.1400814071137,1076.7303202519172,ns,6666752.0,256.0,237756841.41606134,60.0,960.0,7040.0,1.0,60.0,60.0,24.0,1.0
runtime/stress_3_1/weighted_bound/65536,118,1,runtime/stress_3_1/weighted_bound/65536,iteration,5,4,1,26042,1076.4489670531507,1075.6751401582267,ns,6666752.0,256.0,237990068.23039865,60.0,960.0,7040.0,1.0,60.0,60.0,24.0,1.0
runtime/stress_3_1/scalar64/1024,119,0,runtime/stress_3_1/scalar64/1024,iteration,5,0,1,5421,4904.257517061984,4900.60154952991,ns,1387776.0,256.0,52238484.89060629,60.0,960.0,7040.0,1.0,60.0,60.0,24.0,1.0
runtime/stress_3_1/scalar64/1024,119,0,runtime/stress_3_1/scalar64/1024,iteration,5,1,1,5421,5031.531451758105,5031.520199225329,ns,1387776.0,256.0,50879255.14825811,60.0,960.0,7040.0,1.0,60.0,60.0,24.0,1.0
runtime/stress_3_1/scalar64/1024,119,0,runtime/stress_3_1/scalar64/1024,iteration,5,2,1,5421,5164.649142227222,5158.303080612221,ns,1387776.0,256.0,49628724.020151265,60.0,960.0,7040.0,1.0,60.0,60.0,24.0,1.0
runtime/stress_3_1/scalar64/1024,119,0,runtime/stress_3_1/scalar64/1024,iteration,5,3,1,5421,4847.789891165244,4847.780852241132,ns,1387776.0,256.0,52807667.63242836,60.0,960.0,7040.0,1.0,60.0,60.0,24.0,1.0
runtime/stress_3_1/scalar64/1024,119,0,runtime/stress_3_1/scalar64/1024,iteration,5,4,1,5421,5164.614277807523,5152.496033941768,ns,1387776.0,256.0,49684657.360940196,60.0,960.0,7040.0,1.0,60.0,60.0,24.0,1.0
runtime/stress_3_1/scalar64/65536,119,1,runtime/stress_3_1/scalar64/65536,iteration,5,0,1,4725,5894.6249735421225,5894.764232803881,ns,1209600.0,256.0,43428369.632729486,60.0,960.0,7040.0,1.0,60.0,60.0,24.0,1.0
runtime/stress_3_1/scalar64/65536,119,1,runtime/stress_3_1/scalar64/65536,iteration,5,1,1,4725,5898.271746032126,5893.968465608439,ns,1209600.0,256.0,43434233.062794805,60.0,960.0,7040.0,1.0,60.0,60.0,24.0,1.0
runtime/stress_3_1/scalar64/65536,119,1,runtime/stress_3_1/scalar64/65536,iteration,5,2,1,4725,5899.435767199225,5893.092275131934,ns,1209600.0,256.0,43440690.90522916,60.0,960.0,7040.0,1.0,60.0,60.0,24.0,1.0
runtime/stress_3_1/scalar64/65536,119,1,runtime/stress_3_1/scalar64/65536,iteration,5,3,1,4725,5910.189206347649,5890.493544973227,ns,1209600.0,256.0,43459855.790600576,60.0,960.0,7040.0,1.0,60.0,60.0,24.0,1.0
runtime/stress_3_1/scalar64/65536,119,1,runtime/stress_3_1/scalar64/65536,iteration,5,4,1,4725,5959.152380950082,5931.162328042221,ns,1209600.0,256.0,43161860.33041881,60.0,960.0,7040.0,1.0,60.0,60.0,24.0,1.0
runtime/stress_3_1/scalar8_projection/1024,120,0,runtime/stress_3_1/scalar8_projection/1024,iteration,5,0,1,32683,857.970320962568,856.4076737141727,ns,8366848.0,256.0,298923057.15775305,60.0,960.0,7040.0,1.0,60.0,60.0,24.0,1.0
runtime/stress_3_1/scalar8_projection/1024,120,0,runtime/stress_3_1/scalar8_projection/1024,iteration,5,1,1,32683,857.5465532532202,857.214821160898,ns,8366848.0,256.0,298641593.30948985,60.0,960.0,7040.0,1.0,60.0,60.0,24.0,1.0
runtime/stress_3_1/scalar8_projection/1024,120,0,runtime/stress_3_1/scalar8_projection/1024,iteration,5,2,1,32683,857.1806137741389,856.9694030536465,ns,8366848.0,256.0,298727118.0135405,60.0,960.0,7040.0,1.0,60.0,60.0,24.0,1.0
runtime/stress_3_1/scalar8_projection/1024,120,0,runtime/stress_3_1/scalar8_projection/1024,iteration,5,3,1,32683,855.836459321827,855.7088394578393,ns,8366848.0,256.0,299167179.5305944,60.0,960.0,7040.0,1.0,60.0,60.0,24.0,1.0
runtime/stress_3_1/scalar8_projection/1024,120,0,runtime/stress_3_1/scalar8_projection/1024,iteration,5,4,1,32683,858.1676712661615,857.1052534957076,ns,8366848.0,256.0,298679770.0234631,60.0,960.0,7040.0,1.0,60.0,60.0,24.0,1.0
runtime/stress_3_1/scalar8_projection/65536,120,1,runtime/stress_3_1/scalar8_projection/65536,iteration,5,0,1,25638,1094.4638427334182,1091.654224198348,ns,6563328.0,256.0,234506489.62403148,60.0,960.0,7040.0,1.0,60.0,60.0,24.0,1.0
runtime/stress_3_1/scalar8_projection/65536,120,1,runtime/stress_3_1/scalar8_projection/65536,iteration,5,1,1,25638,1092.606053513837,1091.0906076918036,ns,6563328.0,256.0,234627626.88569617,60.0,960.0,7040.0,1.0,60.0,60.0,24.0,1.0
runtime/stress_3_1/scalar8_projection/65536,120,1,runtime/stress_3_1/scalar8_projection/65536,iteration,5,2,1,25638,1091.4480068646844,1090.6564864653312,ns,6563328.0,256.0,234721017.27434003,60.0,960.0,7040.0,1.0,60.0,60.0,24.0,1.0
runtime/stress_3_1/scalar8_projection/65536,120,1,runtime/stress_3_1/scalar8_projection/65536,iteration,5,3,1,25638,1088.47156564473,1088.4749590452934,ns,6563328.0,256.0,235191446.4109848,60.0,960.0,7040.0,1.0,60.0,60.0,24.0,1.0
runtime/stress_3_1/scalar8_projection/65536,120,1,runtime/stress_3_1/scalar8_projection/65536,iteration,5,4,1,25638,1091.4304547940278,1090.6709571731021,ns,6563328.0,256.0,234717903.06356335,60.0,960.0,7040.0,1.0,60.0,60.0,24.0,1.0
runtime/stress_3_1/write_scalar/1024,121,0,runtime/stress_3_1/write_scalar/1024,iteration,5,0,1,3787,7555.414840242,7550.800633747071,ns,969472.0,256.0,33903689.478417665,60.0,960.0,7040.0,1.0,60.0,60.0,24.0,1.0
runtime/stress_3_1/write_scalar/1024,121,0,runtime/stress_3_1/write_scalar/1024,iteration,5,1,1,3787,7425.171375759131,7425.157380512014,ns,969472.0,256.0,34477383.69450522,60.0,960.0,7040.0,1.0,60.0,60.0,24.0,1.0
runtime/stress_3_1/write_scalar/1024,121,0,runtime/stress_3_1/write_scalar/1024,iteration,5,2,1,3787,7553.566411411177,7552.770530762932,ns,969472.0,256.0,33894846.79261671,60.0,960.0,7040.0,1.0,60.0,60.0,24.0,1.0
runtime/stress_3_1/write_scalar/1024,121,0,runtime/stress_3_1/write_scalar/1024,iteration,5,3,1,3787,7382.908370740598,7375.31080010601,ns,969472.0,256.0,34710401.627592474,60.0,960.0,7040.0,1.0,60.0,60.0,24.0,1.0
runtime/stress_3_1/write_scalar/1024,121,0,runtime/stress_3_1/write_scalar/1024,iteration,5,4,1,3787,7457.820174277121,7456.995510959234,ns,969472.0,256.0,34330180.24803254,60.0,960.0,7040.0,1.0,60.0,60.0,24.0,1.0
runtime/stress_3_1/write_scalar/65536,121,1,runtime/stress_3_1/write_scalar/65536,iteration,5,0,1,3131,8896.759501756896,8890.383902907935,ns,801536.0,256.0,28795156.969123185,60.0,960.0,7040.0,1.0,60.0,60.0,24.0,1.0
runtime/stress_3_1/write_scalar/65536,121,1,runtime/stress_3_1/write_scalar/65536,iteration,5,1,1,3131,8828.93101245524,8829.010220375778,ns,801536.0,256.0,28995322.647741165,60.0,960.0,7040.0,1.0,60.0,60.0,24.0,1.0
runtime/stress_3_1/write_scalar/65536,121,1,runtime/stress_3_1/write_scalar/65536,iteration,5,2,1,3131,8969.71382944291,8963.695624401318,ns,801536.0,256.0,28559648.91345785,60.0,960.0,7040.0,1.0,60.0,60.0,24.0,1.0
runtime/stress_3_1/write_scalar/65536,121,1,runtime/stress_3_1/write_scalar/65536,iteration,5,3,1,3131,8979.336953054339,8976.761737462837,ns,801536.0,256.0,28518078.95620442,60.0,960.0,7040.0,1.0,60.0,60.0,24.0,1.0
runtime/stress_3_1/write_scalar/65536,121,1,runtime/stress_3_1/write_scalar/65536,iteration,5,4,1,3131,8963.428297670354,8956.956563399119,ns,801536.0,256.0,28581136.70508293,60.0,960.0,7040.0,1.0,60.0,60.0,24.0,1.0
runtime/stress_3_1/prepare_read,122,0,runtime/stress_3_1/prepare_read,iteration,5,0,1,102868,270.95048022714644,270.74455613016477,ns,0.0,1.0,3693518.40086208,,960.0,7040.0,102868.0,,,,0.0
runtime/stress_3_1/prepare_read,122,0,runtime/stress_3_1/prepare_read,iteration,5,1,1,102868,270.74953338249423,270.7490376015559,ns,0.0,1.0,3693457.2652909523,,960.0,7040.0,102868.0,,,,0.0
runtime/stress_3_1/prepare_read,122,0,runtime/stress_3_1/prepare_read,iteration,5,2,1,102868,270.9319127425174,270.5775459812323,ns,0.0,1.0,3695798.17265902,,960.0,7040.0,102868.0,,,,0.0
runtime/stress_3_1/prepare_read,122,0,runtime/stress_3_1/prepare_read,iteration,5,3,1,102868,270.6415308941186,270.64112260371064,ns,0.0,1.0,3694929.9883900546,,960.0,7040.0,102868.0,,,,0.0
runtime/stress_3_1/prepare_read,122,0,runtime/stress_3_1/prepare_read,iteration,5,4,1,102868,278.75477310751387,272.14394175059044,ns,0.0,1.0,3674526.037829135,,960.0,7040.0,102868.0,,,,0.0
runtime/stress_3_1/prepare_write,123,0,runtime/stress_3_1/prepare_write,iteration,5,0,1,47224,589.6834872099175,587.7244833135527,ns,0.0,1.0,1701477.526275687,,960.0,7040.0,0.0,,,,47224.0
runtime/stress_3_1/prepare_write,123,0,runtime/stress_3_1/prepare_write,iteration,5,1,1,47224,585.4612696932755,584.1189014060875,ns,0.0,1.0,1711980.210865983,,960.0,7040.0,0.0,,,,47224.0
runtime/stress_3_1/prepare_write,123,0,runtime/stress_3_1/prepare_write,iteration,5,2,1,47224,591.1291716077557,589.8975520922133,ns,0.0,1.0,1695209.6113185415,,960.0,7040.0,0.0,,,,47224.0
runtime/stress_3_1/prepare_write,123,0,runtime/stress_3_1/prepare_write,iteration,5,3,1,47224,581.6875317636036,581.6866635608477,ns,0.0,1.0,1719138.6061327404,,960.0,7040.0,0.0,,,,47224.0
runtime/stress_3_1/prepare_write,123,0,runtime/stress_3_1/prepare_write,iteration,5,4,1,47224,578.3168092494641,578.2555692020793,ns,0.0,1.0,1729339.1594652093,,960.0,7040.0,0.0,,,,47224.0
runtime/tiny_dense/read_inline/1024,124,0,runtime/tiny_dense/read_inline/1024,iteration,5,0,1,78354,356.21938892717054,356.2188528984244,ns,20058624.0,256.0,718659323.9437505,2.0,960.0,7040.0,1.0,16.0,2.0,2.0,1.0
runtime/tiny_dense/read_inline/1024,124,0,runtime/tiny_dense/read_inline/1024,iteration,5,1,1,78354,358.220180207636,358.1447150113689,ns,20058624.0,256.0,714794856.0175558,2.0,960.0,7040.0,1.0,16.0,2.0,2.0,1.0
runtime/tiny_dense/read_inline/1024,124,0,runtime/tiny_dense/read_inline/1024,iteration,5,2,1,78354,359.1038619598909,358.7803047706135,ns,20058624.0,256.0,713528576.1119853,2.0,960.0,7040.0,1.0,16.0,2.0,2.0,1.0
runtime/tiny_dense/read_inline/1024,124,0,runtime/tiny_dense/read_inline/1024,iteration,5,3,1,78354,357.5253847921456,357.4833703448631,ns,20058624.0,256.0,716117227.3637166,2.0,960.0,7040.0,1.0,16.0,2.0,2.0,1.0
runtime/tiny_dense/read_inline/1024,124,0,runtime/tiny_dense/read_inline/1024,iteration,5,4,1,78354,361.15278096830673,360.8262628582893,ns,20058624.0,256.0,709482724.3784672,2.0,960.0,7040.0,1.0,16.0,2.0,2.0,1.0
runtime/tiny_dense/read_inline/65536,124,1,runtime/tiny_dense/read_inline/65536,iteration,5,0,1,66180,421.9749622240371,421.9791628891307,ns,16942080.0,256.0,606665026.4133078,2.0,960.0,7040.0,1.0,16.0,2.0,2.0,1.0
runtime/tiny_dense/read_inline/65536,124,1,runtime/tiny_dense/read_inline/65536,iteration,5,1,1,66180,423.209338168728,422.73665760044435,ns,16942080.0,256.0,605577953.5494225,2.0,960.0,7040.0,1.0,16.0,2.0,2.0,1.0
runtime/tiny_dense/read_inline/65536,124,1,runtime/tiny_dense/read_inline/65536,iteration,5,2,1,66180,422.69286793559826,422.07450891506437,ns,16942080.0,256.0,606527981.6543382,2.0,960.0,7040.0,1.0,16.0,2.0,2.0,1.0
runtime/tiny_dense/read_inline/65536,124,1,runtime/tiny_dense/read_inline/65536,iteration,5,3,1,66180,423.7291326682094,423.19433363552224,ns,16942080.0,256.0,604923033.3515782,2.0,960.0,7040.0,1.0,16.0,2.0,2.0,1.0
runtime/tiny_dense/read_inline/65536,124,1,runtime/tiny_dense/read_inline/65536,iteration,5,4,1,66180,455.5008915079771,423.2865216076704,ns,16942080.0,256.0,604791286.591633,2.0,960.0,7040.0,1.0,16.0,2.0,2.0,1.0
runtime/tiny_dense/read_bound/1024,125,0,runtime/tiny_dense/read_bound/1024,iteration,5,0,1,60628,468.83807811572007,468.62688856644263,ns,15520768.0,256.0,546276806.2308997,2.0,960.0,7040.0,1.0,16.0,2.0,2.0,1.0
runtime/tiny_dense/read_bound/1024,125,0,runtime/tiny_dense/read_bound/1024,iteration,5,1,1,60628,466.28529722249186,465.24266015703984,ns,15520768.0,256.0,550250486.3023282,2.0,960.0,7040.0,1.0,16.0,2.0,2.0,1.0
runtime/tiny_dense/read_bound/1024,125,0,runtime/tiny_dense/read_bound/1024,iteration,5,2,1,60628,468.98751401986425,467.95972158071385,ns,15520768.0,256.0,547055629.3504527,2.0,960.0,7040.0,1.0,16.0,2.0,2.0,1.0
runtime/tiny_dense/read_bound/1024,125,0,runtime/tiny_dense/read_bound/1024,iteration,5,3,1,60628,464.9326218909643,464.75542653561274,ns,15520768.0,256.0,550827350.0070333,2.0,960.0,7040.0,1.0,16.0,2.0,2.0,1.0
runtime/tiny_dense/read_bound/1024,125,0,runtime/tiny_dense/read_bound/1024,iteration,5,4,1,60628,466.57953420837816,466.57866002505324,ns,15520768.0,256.0,548674900.7900488,2.0,960.0,7040.0,1.0,16.0,2.0,2.0,1.0
runtime/tiny_dense/read_bound/65536,125,1,runtime/tiny_dense/read_bound/65536,iteration,5,0,1,56548,495.7810002121233,495.7889226850939,ns,14476288.0,256.0,516348769.1769213,2.0,960.0,7040.0,1.0,16.0,2.0,2.0,1.0
runtime/tiny_dense/read_bound/65536,125,1,runtime/tiny_dense/read_bound/65536,iteration,5,1,1,56548,497.08237249760657,495.2916460352374,ns,14476288.0,256.0,516867187.3415505,2.0,960.0,7040.0,1.0,16.0,2.0,2.0,1.0
runtime/tiny_dense/read_bound/65536,125,1,runtime/tiny_dense/read_bound/65536,iteration,5,2,1,56548,495.84908396421025,495.8555740255968,ns,14476288.0,256.0,516279363.2058372,2.0,960.0,7040.0,1.0,16.0,2.0,2.0,1.0
runtime/tiny_dense/read_bound/65536,125,1,runtime/tiny_dense/read_bound/65536,iteration,5,3,1,56548,495.99144089975255,494.9832354813613,ns,14476288.0,256.0,517189233.1889688,2.0,960.0,7040.0,1.0,16.0,2.0,2.0,1.0
runtime/tiny_dense/read_bound/65536,125,1,runtime/tiny_dense/read_bound/65536,iteration,5,4,1,56548,497.62774987600653,496.68654948010095,ns,14476288.0,256.0,515415608.23010826,2.0,960.0,7040.0,1.0,16.0,2.0,2.0,1.0
runtime/tiny_dense/weighted_bound/1024,126,0,runtime/tiny_dense/weighted_bound/1024,iteration,5,0,1,43755,636.6996457549343,636.6982516283523,ns,11201280.0,256.0,402074293.9772198,2.0,960.0,7040.0,1.0,16.0,2.0,2.0,1.0
runtime/tiny_dense/weighted_bound/1024,126,0,runtime/tiny_dense/weighted_bound/1024,iteration,5,1,1,43755,637.9820363386881,637.9177465431944,ns,11201280.0,256.0,401305656.3910247,2.0,960.0,7040.0,1.0,16.0,2.0,2.0,1.0
runtime/tiny_dense/weighted_bound/1024,126,0,runtime/tiny_dense/weighted_bound/1024,iteration,5,2,1,43755,636.2848588734612,636.2836704375932,ns,11201280.0,256.0,402336272.1597749,2.0,960.0,7040.0,1.0,16.0,2.0,2.0,1.0
runtime/tiny_dense/weighted_bound/1024,126,0,runtime/tiny_dense/weighted_bound/1024,iteration,5,3,1,43755,639.2835790194681,637.7049708605109,ns,11201280.0,256.0,401439555.43353677,2.0,960.0,7040.0,1.0,16.0,2.0,2.0,1.0
runtime/tiny_dense/weighted_bound/1024,126,0,runtime/tiny_dense/weighted_bound/1024,iteration,5,4,1,43755,638.1413095645486,637.4051422694494,ns,11201280.0,256.0,401628388.325398,2.0,960.0,7040.0,1.0,16.0,2.0,2.0,1.0
runtime/tiny_dense/weighted_bound/65536,126,1,runtime/tiny_dense/weighted_bound/65536,iteration,5,0,1,37558,743.2087171843292,742.1290004792695,ns,9614848.0,256.0,344953505.1651051,2.0,960.0,7040.0,1.0,16.0,2.0,2.0,1.0
runtime/tiny_dense/weighted_bound/65536,126,1,runtime/tiny_dense/weighted_bound/65536,iteration,5,1,1,37558,744.8709462696273,743.1048511635992,ns,9614848.0,256.0,344500509.71829814,2.0,960.0,7040.0,1.0,16.0,2.0,2.0,1.0
runtime/tiny_dense/weighted_bound/65536,126,1,runtime/tiny_dense/weighted_bound/65536,iteration,5,2,1,37558,742.5305660573921,742.5379679428996,ns,9614848.0,256.0,344763515.20342207,2.0,960.0,7040.0,1.0,16.0,2.0,2.0,1.0
runtime/tiny_dense/weighted_bound/65536,126,1,runtime/tiny_dense/weighted_bound/65536,iteration,5,3,1,37558,742.6759412107874,742.1811864316297,ns,9614848.0,256.0,344929250.00003743,2.0,960.0,7040.0,1.0,16.0,2.0,2.0,1.0
runtime/tiny_dense/weighted_bound/65536,126,1,runtime/tiny_dense/weighted_bound/65536,iteration,5,4,1,37558,742.0012513974948,742.0081473986336,ns,9614848.0,256.0,345009688.771608,2.0,960.0,7040.0,1.0,16.0,2.0,2.0,1.0
runtime/tiny_dense/scalar64/1024,127,0,runtime/tiny_dense/scalar64/1024,iteration,5,0,1,9844,2905.028037383035,2892.588581877189,ns,2520064.0,256.0,88502043.32683389,2.0,960.0,7040.0,1.0,16.0,2.0,2.0,1.0
runtime/tiny_dense/scalar64/1024,127,0,runtime/tiny_dense/scalar64/1024,iteration,5,1,1,9844,3053.30546525829,3051.7130231611904,ns,2520064.0,256.0,83887311.17804001,2.0,960.0,7040.0,1.0,16.0,2.0,2.0,1.0
runtime/tiny_dense/scalar64/1024,127,0,runtime/tiny_dense/scalar64/1024,iteration,5,2,1,9844,2988.568468100994,2984.951544087731,ns,2520064.0,256.0,85763536.26478699,2.0,960.0,7040.0,1.0,16.0,2.0,2.0,1.0
runtime/tiny_dense/scalar64/1024,127,0,runtime/tiny_dense/scalar64/1024,iteration,5,3,1,9844,2896.9712515228707,2896.0658268999687,ns,2520064.0,256.0,88395780.79412292,2.0,960.0,7040.0,1.0,16.0,2.0,2.0,1.0
runtime/tiny_dense/scalar64/1024,127,0,runtime/tiny_dense/scalar64/1024,iteration,5,4,1,9844,2896.3120682654308,2896.306582690008,ns,2520064.0,256.0,88388432.88552499,2.0,960.0,7040.0,1.0,16.0,2.0,2.0,1.0
runtime/tiny_dense/scalar64/65536,127,1,runtime/tiny_dense/scalar64/65536,iteration,5,0,1,9700,3065.455567009488,3063.480618556922,ns,2483200.0,256.0,83565079.03111558,2.0,960.0,7040.0,1.0,16.0,2.0,2.0,1.0
runtime/tiny_dense/scalar64/65536,127,1,runtime/tiny_dense/scalar64/65536,iteration,5,1,1,9700,2927.877835050827,2922.0239175259912,ns,2483200.0,256.0,87610508.06755516,2.0,960.0,7040.0,1.0,16.0,2.0,2.0,1.0
runtime/tiny_dense/scalar64/65536,127,1,runtime/tiny_dense/scalar64/65536,iteration,5,2,1,9700,3075.5009278361763,3066.0580412370623,ns,2483200.0,256.0,83494831.65579987,2.0,960.0,7040.0,1.0,16.0,2.0,2.0,1.0
runtime/tiny_dense/scalar64/65536,127,1,runtime/tiny_dense/scalar64/65536,iteration,5,3,1,9700,2890.3818556717306,2888.4959793812277,ns,2483200.0,256.0,88627438.57958916,2.0,960.0,7040.0,1.0,16.0,2.0,2.0,1.0
runtime/tiny_dense/scalar64/65536,127,1,runtime/tiny_dense/scalar64/65536,iteration,5,4,1,9700,2987.833608249416,2984.157938144727,ns,2483200.0,256.0,85786344.19033368,2.0,960.0,7040.0,1.0,16.0,2.0,2.0,1.0
runtime/tiny_dense/scalar8_projection/1024,128,0,runtime/tiny_dense/scalar8_projection/1024,iteration,5,0,1,57180,484.85717033964426,484.5157572577337,ns,14638080.0,256.0,528362589.17338604,2.0,960.0,7040.0,1.0,16.0,2.0,2.0,1.0
runtime/tiny_dense/scalar8_projection/1024,128,0,runtime/tiny_dense/scalar8_projection/1024,iteration,5,1,1,57180,486.55358516951304,485.7768800280833,ns,14638080.0,256.0,526990909.8703922,2.0,960.0,7040.0,1.0,16.0,2.0,2.0,1.0
runtime/tiny_dense/scalar8_projection/1024,128,0,runtime/tiny_dense/scalar8_projection/1024,iteration,5,2,1,57180,488.1050017487364,488.1042497377921,ns,14638080.0,256.0,524478121.502778,2.0,960.0,7040.0,1.0,16.0,2.0,2.0,1.0
runtime/tiny_dense/scalar8_projection/1024,128,0,runtime/tiny_dense/scalar8_projection/1024,iteration,5,3,1,57180,489.8262329489621,488.1639034627738,ns,14638080.0,256.0,524414030.17321193,2.0,960.0,7040.0,1.0,16.0,2.0,2.0,1.0
runtime/tiny_dense/scalar8_projection/1024,128,0,runtime/tiny_dense/scalar8_projection/1024,iteration,5,4,1,57180,485.5318817766197,484.641325638362,ns,14638080.0,256.0,528225692.81065905,2.0,960.0,7040.0,1.0,16.0,2.0,2.0,1.0
runtime/tiny_dense/scalar8_projection/65536,128,1,runtime/tiny_dense/scalar8_projection/65536,iteration,5,0,1,42495,659.2014119310576,658.7191669607042,ns,10878720.0,256.0,388632990.871012,2.0,960.0,7040.0,1.0,16.0,2.0,2.0,1.0
runtime/tiny_dense/scalar8_projection/65536,128,1,runtime/tiny_dense/scalar8_projection/65536,iteration,5,1,1,42495,662.8044240504507,660.2810212965701,ns,10878720.0,256.0,387713703.3218099,2.0,960.0,7040.0,1.0,16.0,2.0,2.0,1.0
runtime/tiny_dense/scalar8_projection/65536,128,1,runtime/tiny_dense/scalar8_projection/65536,iteration,5,2,1,42495,659.2658901052791,659.2754912342806,ns,10878720.0,256.0,388305046.07523423,2.0,960.0,7040.0,1.0,16.0,2.0,2.0,1.0
runtime/tiny_dense/scalar8_projection/65536,128,1,runtime/tiny_dense/scalar8_projection/65536,iteration,5,3,1,42495,659.2463583948862,658.790234145274,ns,10878720.0,256.0,388591066.9761808,2.0,960.0,7040.0,1.0,16.0,2.0,2.0,1.0
runtime/tiny_dense/scalar8_projection/65536,128,1,runtime/tiny_dense/scalar8_projection/65536,iteration,5,4,1,42495,660.1822332037054,660.1861866103156,ns,10878720.0,256.0,387769397.7730977,2.0,960.0,7040.0,1.0,16.0,2.0,2.0,1.0
runtime/tiny_dense/write_scalar/1024,129,0,runtime/tiny_dense/write_scalar/1024,iteration,5,0,1,29341,956.5070720160564,955.8342251457885,ns,7511296.0,256.0,267828869.55209583,2.0,960.0,7040.0,1.0,16.0,2.0,2.0,1.0
runtime/tiny_dense/write_scalar/1024,129,0,runtime/tiny_dense/write_scalar/1024,iteration,5,1,1,29341,959.4105517877883,959.3095668179502,ns,7511296.0,256.0,266858591.69439676,2.0,960.0,7040.0,1.0,16.0,2.0,2.0,1.0
runtime/tiny_dense/write_scalar/1024,129,0,runtime/tiny_dense/write_scalar/1024,iteration,5,2,1,29341,957.871715346521,957.8699090009084,ns,7511296.0,256.0,267259674.4029854,2.0,960.0,7040.0,1.0,16.0,2.0,2.0,1.0
runtime/tiny_dense/write_scalar/1024,129,0,runtime/tiny_dense/write_scalar/1024,iteration,5,3,1,29341,959.2455608188232,958.2489349375536,ns,7511296.0,256.0,267153962.468722,2.0,960.0,7040.0,1.0,16.0,2.0,2.0,1.0
runtime/tiny_dense/write_scalar/1024,129,0,runtime/tiny_dense/write_scalar/1024,iteration,5,4,1,29341,961.0178589691475,961.0157118025251,ns,7511296.0,256.0,266384822.69955263,2.0,960.0,7040.0,1.0,16.0,2.0,2.0,1.0
runtime/tiny_dense/write_scalar/65536,129,1,runtime/tiny_dense/write_scalar/65536,iteration,5,0,1,28695,982.2256490680722,981.2061683218884,ns,7345920.0,256.0,260903374.097031,2.0,960.0,7040.0,1.0,16.0,2.0,2.0,1.0
runtime/tiny_dense/write_scalar/65536,129,1,runtime/tiny_dense/write_scalar/65536,iteration,5,1,1,28695,980.8891793004209,980.164209792611,ns,7345920.0,256.0,261180726.0889132,2.0,960.0,7040.0,1.0,16.0,2.0,2.0,1.0
runtime/tiny_dense/write_scalar/65536,129,1,runtime/tiny_dense/write_scalar/65536,iteration,5,2,1,28695,976.6887611083446,976.6967067433873,ns,7345920.0,256.0,262107979.10190994,2.0,960.0,7040.0,1.0,16.0,2.0,2.0,1.0
runtime/tiny_dense/write_scalar/65536,129,1,runtime/tiny_dense/write_scalar/65536,iteration,5,3,1,28695,980.0541906256915,979.1887785330736,ns,7345920.0,256.0,261440904.56542465,2.0,960.0,7040.0,1.0,16.0,2.0,2.0,1.0
runtime/tiny_dense/write_scalar/65536,129,1,runtime/tiny_dense/write_scalar/65536,iteration,5,4,1,28695,978.4496950693128,976.9343439623915,ns,7345920.0,256.0,262044221.8887282,2.0,960.0,7040.0,1.0,16.0,2.0,2.0,1.0
runtime/tiny_dense/write_native/1024,130,0,runtime/tiny_dense/write_native/1024,iteration,5,0,1,33287,837.9503409738736,836.9057289631983,ns,8521472.0,256.0,305888693.48181653,2.0,960.0,7040.0,1.0,16.0,2.0,2.0,1.0
runtime/tiny_dense/write_native/1024,130,0,runtime/tiny_dense/write_native/1024,iteration,5,1,1,33287,836.552528013792,836.4181812718047,ns,8521472.0,256.0,306066995.83065325,2.0,960.0,7040.0,1.0,16.0,2.0,2.0,1.0
runtime/tiny_dense/write_native/1024,130,0,runtime/tiny_dense/write_native/1024,iteration,5,2,1,33287,830.4095592873445,830.4082975336156,ns,8521472.0,256.0,308282083.35627437,2.0,960.0,7040.0,1.0,16.0,2.0,2.0,1.0
runtime/tiny_dense/write_native/1024,130,0,runtime/tiny_dense/write_native/1024,iteration,5,3,1,33287,834.1545648454165,834.0992279267906,ns,8521472.0,256.0,306917919.8694442,2.0,960.0,7040.0,1.0,16.0,2.0,2.0,1.0
runtime/tiny_dense/write_native/1024,130,0,runtime/tiny_dense/write_native/1024,iteration,5,4,1,33287,834.8458557396434,834.7770000300601,ns,8521472.0,256.0,306668727.0861338,2.0,960.0,7040.0,1.0,16.0,2.0,2.0,1.0
runtime/tiny_dense/write_native/65536,130,1,runtime/tiny_dense/write_native/65536,iteration,5,0,1,33106,839.8496647130647,839.1802392314787,ns,8475136.0,256.0,305059614.1711402,2.0,960.0,7040.0,1.0,16.0,2.0,2.0,1.0
runtime/tiny_dense/write_native/65536,130,1,runtime/tiny_dense/write_native/65536,iteration,5,1,1,33106,836.6445055277155,836.1173503292143,ns,8475136.0,256.0,306177117.24221736,2.0,960.0,7040.0,1.0,16.0,2.0,2.0,1.0
runtime/tiny_dense/write_native/65536,130,1,runtime/tiny_dense/write_native/65536,iteration,5,2,1,33106,832.7808554339762,831.8244729051951,ns,8475136.0,256.0,307757235.2565021,2.0,960.0,7040.0,1.0,16.0,2.0,2.0,1.0
runtime/tiny_dense/write_native/65536,130,1,runtime/tiny_dense/write_native/65536,iteration,5,3,1,33106,835.9872228596233,835.388177369608,ns,8475136.0,256.0,306444365.54760545,2.0,960.0,7040.0,1.0,16.0,2.0,2.0,1.0
runtime/tiny_dense/write_native/65536,130,1,runtime/tiny_dense/write_native/65536,iteration,5,4,1,33106,838.3786322724388,836.8081918686894,ns,8475136.0,256.0,305924347.4042987,2.0,960.0,7040.0,1.0,16.0,2.0,2.0,1.0
runtime/tiny_dense/prepare_read,131,0,runtime/tiny_dense/prepare_read,iteration,5,0,1,194224,142.36712764637917,142.3590853859627,ns,0.0,1.0,7024490.198773117,,960.0,7040.0,194224.0,,,,0.0
runtime/tiny_dense/prepare_read,131,0,runtime/tiny_dense/prepare_read,iteration,5,1,1,194224,142.5129386687689,142.47112612242822,ns,0.0,1.0,7018966.068539954,,960.0,7040.0,194224.0,,,,0.0
runtime/tiny_dense/prepare_read,131,0,runtime/tiny_dense/prepare_read,iteration,5,2,1,194224,142.3052403410741,142.30492112200164,ns,0.0,1.0,7027163.868371597,,960.0,7040.0,194224.0,,,,0.0
runtime/tiny_dense/prepare_read,131,0,runtime/tiny_dense/prepare_read,iteration,5,3,1,194224,142.3188843809404,142.3086281819053,ns,0.0,1.0,7026980.814696316,,960.0,7040.0,194224.0,,,,0.0
runtime/tiny_dense/prepare_read,131,0,runtime/tiny_dense/prepare_read,iteration,5,4,1,194224,142.79210602177764,142.4915612900594,ns,0.0,1.0,7017959.4563103635,,960.0,7040.0,194224.0,,,,0.0
runtime/tiny_dense/prepare_write,132,0,runtime/tiny_dense/prepare_write,iteration,5,0,1,89651,305.98645860061686,305.90557829803635,ns,0.0,1.0,3268982.5584864765,,960.0,7040.0,0.0,,,,89651.0
runtime/tiny_dense/prepare_write,132,0,runtime/tiny_dense/prepare_write,iteration,5,1,1,89651,306.3576870307082,305.90178581393013,ns,0.0,1.0,3269023.086410704,,960.0,7040.0,0.0,,,,89651.0
runtime/tiny_dense/prepare_write,132,0,runtime/tiny_dense/prepare_write,iteration,5,2,1,89651,309.2062888310082,309.06383643232425,ns,0.0,1.0,3235577.515452767,,960.0,7040.0,0.0,,,,89651.0
runtime/tiny_dense/prepare_write,132,0,runtime/tiny_dense/prepare_write,iteration,5,3,1,89651,311.3087862935816,311.28655564356063,ns,0.0,1.0,3212474.1074428293,,960.0,7040.0,0.0,,,,89651.0
runtime/tiny_dense/prepare_write,132,0,runtime/tiny_dense/prepare_write,iteration,5,4,1,89651,311.97659814176154,311.97612965830257,ns,0.0,1.0,3205373.4402541243,,960.0,7040.0,0.0,,,,89651.0
runtime/tiny_cluster/read_inline/1024,133,0,runtime/tiny_cluster/read_inline/1024,iteration,5,0,1,73427,386.34119601762967,386.30792487778444,ns,18797312.0,256.0,662683790.6082053,3.0,960.0,7040.0,1.0,16.0,3.0,3.0,1.0
runtime/tiny_cluster/read_inline/1024,133,0,runtime/tiny_cluster/read_inline/1024,iteration,5,1,1,73427,390.6212428673732,390.339275743264,ns,18797312.0,256.0,655839716.6478775,3.0,960.0,7040.0,1.0,16.0,3.0,3.0,1.0
runtime/tiny_cluster/read_inline/1024,133,0,runtime/tiny_cluster/read_inline/1024,iteration,5,2,1,73427,384.14852847053066,384.1115938279043,ns,18797312.0,256.0,666472983.6681188,3.0,960.0,7040.0,1.0,16.0,3.0,3.0,1.0
runtime/tiny_cluster/read_inline/1024,133,0,runtime/tiny_cluster/read_inline/1024,iteration,5,3,1,73427,382.7075190323328,382.68485706890704,ns,18797312.0,256.0,668957747.5335119,3.0,960.0,7040.0,1.0,16.0,3.0,3.0,1.0
runtime/tiny_cluster/read_inline/1024,133,0,runtime/tiny_cluster/read_inline/1024,iteration,5,4,1,73427,385.47365410542085,385.47294591909707,ns,18797312.0,256.0,664119240.3000163,3.0,960.0,7040.0,1.0,16.0,3.0,3.0,1.0
runtime/tiny_cluster/read_inline/65536,133,1,runtime/tiny_cluster/read_inline/65536,iteration,5,0,1,61182,457.28554149919034,456.98001046051326,ns,15662592.0,256.0,560199558.27394,3.0,960.0,7040.0,1.0,16.0,3.0,3.0,1.0
runtime/tiny_cluster/read_inline/65536,133,1,runtime/tiny_cluster/read_inline/65536,iteration,5,1,1,61182,457.060638749989,457.0630577620846,ns,15662592.0,256.0,560097771.3085179,3.0,960.0,7040.0,1.0,16.0,3.0,3.0,1.0
runtime/tiny_cluster/read_inline/65536,133,1,runtime/tiny_cluster/read_inline/65536,iteration,5,2,1,61182,456.91419044816183,456.6196103428589,ns,15662592.0,256.0,560641711.8348881,3.0,960.0,7040.0,1.0,16.0,3.0,3.0,1.0
runtime/tiny_cluster/read_inline/65536,133,1,runtime/tiny_cluster/read_inline/65536,iteration,5,3,1,61182,457.5454218560595,456.7871432774237,ns,15662592.0,256.0,560436088.8163652,3.0,960.0,7040.0,1.0,16.0,3.0,3.0,1.0
runtime/tiny_cluster/read_inline/65536,133,1,runtime/tiny_cluster/read_inline/65536,iteration,5,4,1,61182,456.8999705794417,456.90402405932645,ns,15662592.0,256.0,560292723.459927,3.0,960.0,7040.0,1.0,16.0,3.0,3.0,1.0
runtime/tiny_cluster/read_bound/1024,134,0,runtime/tiny_cluster/read_bound/1024,iteration,5,0,1,59410,473.1838747685957,472.75308870558086,ns,15208960.0,256.0,541508889.346317,3.0,960.0,7040.0,1.0,16.0,3.0,3.0,1.0
runtime/tiny_cluster/read_bound/1024,134,0,runtime/tiny_cluster/read_bound/1024,iteration,5,1,1,59410,470.44645682539596,470.4455815519202,ns,15208960.0,256.0,544164957.7311352,3.0,960.0,7040.0,1.0,16.0,3.0,3.0,1.0
runtime/tiny_cluster/read_bound/1024,134,0,runtime/tiny_cluster/read_bound/1024,iteration,5,2,1,59410,471.3091062112353,471.1966335633165,ns,15208960.0,256.0,543297599.6964552,3.0,960.0,7040.0,1.0,16.0,3.0,3.0,1.0
runtime/tiny_cluster/read_bound/1024,134,0,runtime/tiny_cluster/read_bound/1024,iteration,5,3,1,59410,470.0766537623174,469.61927284966373,ns,15208960.0,256.0,545122431.7234349,3.0,960.0,7040.0,1.0,16.0,3.0,3.0,1.0
runtime/tiny_cluster/read_bound/1024,134,0,runtime/tiny_cluster/read_bound/1024,iteration,5,4,1,59410,470.25019357031766,470.1917522303048,ns,15208960.0,256.0,544458720.9062922,3.0,960.0,7040.0,1.0,16.0,3.0,3.0,1.0
runtime/tiny_cluster/read_bound/65536,134,1,runtime/tiny_cluster/read_bound/65536,iteration,5,0,1,53696,517.2546185936947,516.3109170143581,ns,13746176.0,256.0,495825270.3242393,3.0,960.0,7040.0,1.0,16.0,3.0,3.0,1.0
runtime/tiny_cluster/read_bound/65536,134,1,runtime/tiny_cluster/read_bound/65536,iteration,5,1,1,53696,517.4514488973067,517.4558812574934,ns,13746176.0,256.0,494728167.69979036,3.0,960.0,7040.0,1.0,16.0,3.0,3.0,1.0
runtime/tiny_cluster/read_bound/65536,134,1,runtime/tiny_cluster/read_bound/65536,iteration,5,2,1,53696,518.9526780390994,518.5935823898432,ns,13746176.0,256.0,493642822.9988329,3.0,960.0,7040.0,1.0,16.0,3.0,3.0,1.0
runtime/tiny_cluster/read_bound/65536,134,1,runtime/tiny_cluster/read_bound/65536,iteration,5,3,1,53696,519.03834550057,519.0437276519228,ns,13746176.0,256.0,493214706.89590293,3.0,960.0,7040.0,1.0,16.0,3.0,3.0,1.0
runtime/tiny_cluster/read_bound/65536,134,1,runtime/tiny_cluster/read_bound/65536,iteration,5,4,1,53696,520.8057210967281,518.8306577771081,ns,13746176.0,256.0,493417256.98479974,3.0,960.0,7040.0,1.0,16.0,3.0,3.0,1.0
runtime/tiny_cluster/weighted_bound/1024,135,0,runtime/tiny_cluster/weighted_bound/1024,iteration,5,0,1,40937,684.0692771824304,683.68937635885,ns,10479872.0,256.0,374439049.15327007,3.0,960.0,7040.0,1.0,16.0,3.0,3.0,1.0
runtime/tiny_cluster/weighted_bound/1024,135,0,runtime/tiny_cluster/weighted_bound/1024,iteration,5,1,1,40937,683.5692405405242,683.568190145842,ns,10479872.0,256.0,374505431.48501605,3.0,960.0,7040.0,1.0,16.0,3.0,3.0,1.0
runtime/tiny_cluster/weighted_bound/1024,135,0,runtime/tiny_cluster/weighted_bound/1024,iteration,5,2,1,40937,685.843955345568,685.0739428879103,ns,10479872.0,256.0,373682290.29532063,3.0,960.0,7040.0,1.0,16.0,3.0,3.0,1.0
runtime/tiny_cluster/weighted_bound/1024,135,0,runtime/tiny_cluster/weighted_bound/1024,iteration,5,3,1,40937,684.2305005250703,683.6766494857517,ns,10479872.0,256.0,374446019.46337974,3.0,960.0,7040.0,1.0,16.0,3.0,3.0,1.0
runtime/tiny_cluster/weighted_bound/1024,135,0,runtime/tiny_cluster/weighted_bound/1024,iteration,5,4,1,40937,683.7942203876493,683.6835136918608,ns,10479872.0,256.0,374442260.0124015,3.0,960.0,7040.0,1.0,16.0,3.0,3.0,1.0
runtime/tiny_cluster/weighted_bound/65536,135,1,runtime/tiny_cluster/weighted_bound/65536,iteration,5,0,1,34957,800.9641559627784,800.4357353319002,ns,8948992.0,256.0,319825800.7482009,3.0,960.0,7040.0,1.0,16.0,3.0,3.0,1.0
runtime/tiny_cluster/weighted_bound/65536,135,1,runtime/tiny_cluster/weighted_bound/65536,iteration,5,1,1,34957,800.205795691649,800.2103155304786,ns,8948992.0,256.0,319915895.898307,3.0,960.0,7040.0,1.0,16.0,3.0,3.0,1.0
runtime/tiny_cluster/weighted_bound/65536,135,1,runtime/tiny_cluster/weighted_bound/65536,iteration,5,2,1,34957,801.3712275079624,800.8587979516319,ns,8948992.0,256.0,319656849.19086224,3.0,960.0,7040.0,1.0,16.0,3.0,3.0,1.0
runtime/tiny_cluster/weighted_bound/65536,135,1,runtime/tiny_cluster/weighted_bound/65536,iteration,5,3,1,34957,802.1433189348344,801.2764825356558,ns,8948992.0,256.0,319490220.39169645,3.0,960.0,7040.0,1.0,16.0,3.0,3.0,1.0
runtime/tiny_cluster/weighted_bound/65536,135,1,runtime/tiny_cluster/weighted_bound/65536,iteration,5,4,1,34957,802.5689847530981,801.1254398259427,ns,8948992.0,256.0,319550456.4873387,3.0,960.0,7040.0,1.0,16.0,3.0,3.0,1.0
runtime/tiny_cluster/scalar64/1024,136,0,runtime/tiny_cluster/scalar64/1024,iteration,5,0,1,9760,3032.983401639072,3025.9634221313595,ns,2498560.0,256.0,84601154.8347417,3.0,960.0,7040.0,1.0,16.0,3.0,3.0,1.0
runtime/tiny_cluster/scalar64/1024,136,0,runtime/tiny_cluster/scalar64/1024,iteration,5,1,1,9760,3051.888217211437,3051.880430327731,ns,2498560.0,256.0,83882709.6422349,3.0,960.0,7040.0,1.0,16.0,3.0,3.0,1.0
runtime/tiny_cluster/scalar64/1024,136,0,runtime/tiny_cluster/scalar64/1024,iteration,5,2,1,9760,3009.8685450805665,3009.6497950817597,ns,2498560.0,256.0,85059730.34415638,3.0,960.0,7040.0,1.0,16.0,3.0,3.0,1.0
runtime/tiny_cluster/scalar64/1024,136,0,runtime/tiny_cluster/scalar64/1024,iteration,5,3,1,9760,3037.0808401630666,3037.074077868881,ns,2498560.0,256.0,84291654.87449537,3.0,960.0,7040.0,1.0,16.0,3.0,3.0,1.0
runtime/tiny_cluster/scalar64/1024,136,0,runtime/tiny_cluster/scalar64/1024,iteration,5,4,1,9760,3019.1830942649835,3019.011577868998,ns,2498560.0,256.0,84795964.96966745,3.0,960.0,7040.0,1.0,16.0,3.0,3.0,1.0
runtime/tiny_cluster/scalar64/65536,136,1,runtime/tiny_cluster/scalar64/65536,iteration,5,0,1,9646,2885.394256685962,2883.2802197806077,ns,2469376.0,256.0,88787762.71682651,3.0,960.0,7040.0,1.0,16.0,3.0,3.0,1.0
runtime/tiny_cluster/scalar64/65536,136,1,runtime/tiny_cluster/scalar64/65536,iteration,5,1,1,9646,2922.076923075337,2918.8059299194574,ns,2469376.0,256.0,87707098.77482815,3.0,960.0,7040.0,1.0,16.0,3.0,3.0,1.0
runtime/tiny_cluster/scalar64/65536,136,1,runtime/tiny_cluster/scalar64/65536,iteration,5,2,1,9646,2908.3374455726075,2906.3976777944076,ns,2469376.0,256.0,88081545.74162471,3.0,960.0,7040.0,1.0,16.0,3.0,3.0,1.0
runtime/tiny_cluster/scalar64/65536,136,1,runtime/tiny_cluster/scalar64/65536,iteration,5,3,1,9646,2893.942981546546,2893.9737715120045,ns,2469376.0,256.0,88459682.15746772,3.0,960.0,7040.0,1.0,16.0,3.0,3.0,1.0
runtime/tiny_cluster/scalar64/65536,136,1,runtime/tiny_cluster/scalar64/65536,iteration,5,4,1,9646,2923.300228073264,2921.348849264361,ns,2469376.0,256.0,87630753.19281523,3.0,960.0,7040.0,1.0,16.0,3.0,3.0,1.0
runtime/tiny_cluster/scalar8_projection/1024,137,0,runtime/tiny_cluster/scalar8_projection/1024,iteration,5,0,1,57895,488.2311944037216,488.23026168061136,ns,14821120.0,256.0,524342754.00869995,3.0,960.0,7040.0,1.0,16.0,3.0,3.0,1.0
runtime/tiny_cluster/scalar8_projection/1024,137,0,runtime/tiny_cluster/scalar8_projection/1024,iteration,5,1,1,57895,489.4706796787421,489.2322653078699,ns,14821120.0,256.0,523268840.08539635,3.0,960.0,7040.0,1.0,16.0,3.0,3.0,1.0
runtime/tiny_cluster/scalar8_projection/1024,137,0,runtime/tiny_cluster/scalar8_projection/1024,iteration,5,2,1,57895,485.17132740307227,485.1367475602149,ns,14821120.0,256.0,527686268.43346965,3.0,960.0,7040.0,1.0,16.0,3.0,3.0,1.0
runtime/tiny_cluster/scalar8_projection/1024,137,0,runtime/tiny_cluster/scalar8_projection/1024,iteration,5,3,1,57895,486.1178685549281,485.6576733741507,ns,14821120.0,256.0,527120261.93556625,3.0,960.0,7040.0,1.0,16.0,3.0,3.0,1.0
runtime/tiny_cluster/scalar8_projection/1024,137,0,runtime/tiny_cluster/scalar8_projection/1024,iteration,5,4,1,57895,486.53517574915026,486.49524138522503,ns,14821120.0,256.0,526212752.40242213,3.0,960.0,7040.0,1.0,16.0,3.0,3.0,1.0
runtime/tiny_cluster/scalar8_projection/65536,137,1,runtime/tiny_cluster/scalar8_projection/65536,iteration,5,0,1,42426,660.2765756847153,660.0874935182176,ns,10861056.0,256.0,387827375.1795219,3.0,960.0,7040.0,1.0,16.0,3.0,3.0,1.0
runtime/tiny_cluster/scalar8_projection/65536,137,1,runtime/tiny_cluster/scalar8_projection/65536,iteration,5,1,1,42426,659.7163060384431,659.1519587045445,ns,10861056.0,256.0,388377818.83122396,3.0,960.0,7040.0,1.0,16.0,3.0,3.0,1.0
runtime/tiny_cluster/scalar8_projection/65536,137,1,runtime/tiny_cluster/scalar8_projection/65536,iteration,5,2,1,42426,660.5462216567286,659.371635317863,ns,10861056.0,256.0,388248426.6654725,3.0,960.0,7040.0,1.0,16.0,3.0,3.0,1.0
runtime/tiny_cluster/scalar8_projection/65536,137,1,runtime/tiny_cluster/scalar8_projection/65536,iteration,5,3,1,42426,659.193277707196,659.1977089520514,ns,10861056.0,256.0,388350864.2755627,3.0,960.0,7040.0,1.0,16.0,3.0,3.0,1.0
runtime/tiny_cluster/scalar8_projection/65536,137,1,runtime/tiny_cluster/scalar8_projection/65536,iteration,5,4,1,42426,659.4801301088099,659.039527648193,ns,10861056.0,256.0,388444075.44649935,3.0,960.0,7040.0,1.0,16.0,3.0,3.0,1.0
runtime/tiny_cluster/write_scalar/1024,138,0,runtime/tiny_cluster/write_scalar/1024,iteration,5,0,1,23206,1201.0602430405977,1198.9722916484961,ns,5940736.0,256.0,213516193.64615956,3.0,960.0,7040.0,1.0,16.0,3.0,3.0,1.0
runtime/tiny_cluster/write_scalar/1024,138,0,runtime/tiny_cluster/write_scalar/1024,iteration,5,1,1,23206,1194.5911833150903,1194.5885546841932,ns,5940736.0,256.0,214299726.04055068,3.0,960.0,7040.0,1.0,16.0,3.0,3.0,1.0
runtime/tiny_cluster/write_scalar/1024,138,0,runtime/tiny_cluster/write_scalar/1024,iteration,5,2,1,23206,1197.3206929240878,1197.2352408859472,ns,5940736.0,256.0,213825981.108409,3.0,960.0,7040.0,1.0,16.0,3.0,3.0,1.0
runtime/tiny_cluster/write_scalar/1024,138,0,runtime/tiny_cluster/write_scalar/1024,iteration,5,3,1,23206,1198.0825217624883,1197.9695337410672,ns,5940736.0,256.0,213694916.93211344,3.0,960.0,7040.0,1.0,16.0,3.0,3.0,1.0
runtime/tiny_cluster/write_scalar/1024,138,0,runtime/tiny_cluster/write_scalar/1024,iteration,5,4,1,23206,1198.6638800308597,1198.588382314629,ns,5940736.0,256.0,213584583.14574262,3.0,960.0,7040.0,1.0,16.0,3.0,3.0,1.0
runtime/tiny_cluster/write_scalar/65536,138,1,runtime/tiny_cluster/write_scalar/65536,iteration,5,0,1,21747,1291.0780337509052,1289.9080792751529,ns,5567232.0,256.0,198463754.21096355,3.0,960.0,7040.0,1.0,16.0,3.0,3.0,1.0
runtime/tiny_cluster/write_scalar/65536,138,1,runtime/tiny_cluster/write_scalar/65536,iteration,5,1,1,21747,1288.5237044196433,1288.5428794777347,ns,5567232.0,256.0,198674024.80525953,3.0,960.0,7040.0,1.0,16.0,3.0,3.0,1.0
runtime/tiny_cluster/write_scalar/65536,138,1,runtime/tiny_cluster/write_scalar/65536,iteration,5,2,1,21747,1295.28091231028,1291.4853543015681,ns,5567232.0,256.0,198221372.89233458,3.0,960.0,7040.0,1.0,16.0,3.0,3.0,1.0
runtime/tiny_cluster/write_scalar/65536,138,1,runtime/tiny_cluster/write_scalar/65536,iteration,5,3,1,21747,1287.8596588032867,1287.2198923992112,ns,5567232.0,256.0,198878219.26279366,3.0,960.0,7040.0,1.0,16.0,3.0,3.0,1.0
runtime/tiny_cluster/write_scalar/65536,138,1,runtime/tiny_cluster/write_scalar/65536,iteration,5,4,1,21747,1288.6257414813572,1287.9290017013407,ns,5567232.0,256.0,198768720.68400252,3.0,960.0,7040.0,1.0,16.0,3.0,3.0,1.0
runtime/tiny_cluster/write_native/1024,139,0,runtime/tiny_cluster/write_native/1024,iteration,5,0,1,27050,1037.385730130033,1036.5527541589834,ns,6924800.0,256.0,246972475.80776337,3.0,960.0,7040.0,1.0,16.0,3.0,3.0,1.0
runtime/tiny_cluster/write_native/1024,139,0,runtime/tiny_cluster/write_native/1024,iteration,5,1,1,27050,1038.020850276346,1038.0185212570025,ns,6924800.0,256.0,246623730.4609877,3.0,960.0,7040.0,1.0,16.0,3.0,3.0,1.0
runtime/tiny_cluster/write_native/1024,139,0,runtime/tiny_cluster/write_native/1024,iteration,5,2,1,27050,1040.793493530986,1039.701367837298,ns,6924800.0,256.0,246224548.62448657,3.0,960.0,7040.0,1.0,16.0,3.0,3.0,1.0
runtime/tiny_cluster/write_native/1024,139,0,runtime/tiny_cluster/write_native/1024,iteration,5,3,1,27050,1040.7495009234256,1039.5339001848681,ns,6924800.0,256.0,246264215.10108864,3.0,960.0,7040.0,1.0,16.0,3.0,3.0,1.0
runtime/tiny_cluster/write_native/1024,139,0,runtime/tiny_cluster/write_native/1024,iteration,5,4,1,27050,1038.4375231046383,1037.0854343808705,ns,6924800.0,256.0,246845622.8515343,3.0,960.0,7040.0,1.0,16.0,3.0,3.0,1.0
runtime/tiny_cluster/write_native/65536,139,1,runtime/tiny_cluster/write_native/65536,iteration,5,0,1,25172,1116.3373589698479,1115.5558159859788,ns,6444032.0,256.0,229482018.13975176,3.0,960.0,7040.0,1.0,16.0,3.0,3.0,1.0
runtime/tiny_cluster/write_native/65536,139,1,runtime/tiny_cluster/write_native/65536,iteration,5,1,1,25172,1120.5079056098089,1120.0823136816355,ns,6444032.0,256.0,228554631.09541047,3.0,960.0,7040.0,1.0,16.0,3.0,3.0,1.0
runtime/tiny_cluster/write_native/65536,139,1,runtime/tiny_cluster/write_native/65536,iteration,5,2,1,25172,1113.145320196989,1112.3852693468984,ns,6444032.0,256.0,230136093.18136892,3.0,960.0,7040.0,1.0,16.0,3.0,3.0,1.0
runtime/tiny_cluster/write_native/65536,139,1,runtime/tiny_cluster/write_native/65536,iteration,5,3,1,25172,1109.3279437474032,1109.3393850309049,ns,6444032.0,256.0,230767971.87081584,3.0,960.0,7040.0,1.0,16.0,3.0,3.0,1.0
runtime/tiny_cluster/write_native/65536,139,1,runtime/tiny_cluster/write_native/65536,iteration,5,4,1,25172,1113.9716351507352,1113.2584617829243,ns,6444032.0,256.0,229955584.24950713,3.0,960.0,7040.0,1.0,16.0,3.0,3.0,1.0
runtime/tiny_cluster/prepare_read,140,0,runtime/tiny_cluster/prepare_read,iteration,5,0,1,195713,143.1935742644333,142.91647463379684,ns,0.0,1.0,6997093.9498917665,,960.0,7040.0,195713.0,,,,0.0
runtime/tiny_cluster/prepare_read,140,0,runtime/tiny_cluster/prepare_read,iteration,5,1,1,195713,142.98244878969916,142.9821779851051,ns,0.0,1.0,6993878.636428193,,960.0,7040.0,195713.0,,,,0.0
runtime/tiny_cluster/prepare_read,140,0,runtime/tiny_cluster/prepare_read,iteration,5,2,1,195713,142.96844869780375,142.94861353103227,ns,0.0,1.0,6995520.804984326,,960.0,7040.0,195713.0,,,,0.0
runtime/tiny_cluster/prepare_read,140,0,runtime/tiny_cluster/prepare_read,iteration,5,3,1,195713,142.7103105056986,142.7015630029801,ns,0.0,1.0,7007631.724251797,,960.0,7040.0,195713.0,,,,0.0
runtime/tiny_cluster/prepare_read,140,0,runtime/tiny_cluster/prepare_read,iteration,5,4,1,195713,142.79257892935942,142.79236432939175,ns,0.0,1.0,7003175.587829134,,960.0,7040.0,195713.0,,,,0.0
runtime/tiny_cluster/prepare_write,141,0,runtime/tiny_cluster/prepare_write,iteration,5,0,1,94735,300.7548952338992,300.72836860716035,ns,0.0,1.0,3325259.950138904,,960.0,7040.0,0.0,,,,94735.0
runtime/tiny_cluster/prepare_write,141,0,runtime/tiny_cluster/prepare_write,iteration,5,1,1,94735,301.9069615243329,301.8539293820035,ns,0.0,1.0,3312860.6344377766,,960.0,7040.0,0.0,,,,94735.0
runtime/tiny_cluster/prepare_write,141,0,runtime/tiny_cluster/prepare_write,iteration,5,2,1,94735,300.86868633565757,300.7006069562674,ns,0.0,1.0,3325566.9488736205,,960.0,7040.0,0.0,,,,94735.0
runtime/tiny_cluster/prepare_write,141,0,runtime/tiny_cluster/prepare_write,iteration,5,3,1,94735,298.2103235341141,298.20976407878254,ns,0.0,1.0,3353344.25782187,,960.0,7040.0,0.0,,,,94735.0
runtime/tiny_cluster/prepare_write,141,0,runtime/tiny_cluster/prepare_write,iteration,5,4,1,94735,301.45854224942536,301.4025650499249,ns,0.0,1.0,3317821.797018742,,960.0,7040.0,0.0,,,,94735.0
