input,case,threads,repetitions,cpu_ns,median_cpu_ns,real_ns,median_real_ns,ns_per_item,median_ns_per_item,counter:metadata_bytes,counter:selected_blocks,counter:original_blocks,counter:body_bytes,counter:issued_bytes,counter:blocks_per_call,counter:output_body_bytes
neoverse-v2,codec/random/decode_exact,1,5,"[87.23530292631166,87.16323703749921,87.68837586572587,87.34168590503484,87.40668871279682]",87.34168590503484,"[87.23133462274,87.16024209166687,87.68530604588541,87.42952517635314,87.4046296876031]",87.4046296876031,,,,,,,,1.0,
neoverse-v2,codec/random/decode_padded,1,5,"[85.05145152455694,85.04969874018619,85.04412391211753,85.03940113200655,84.98641592112519]",85.04412391211753,"[85.04877365975725,85.21082100906547,85.04077658087853,85.11264074015465,84.98348244189731]",85.04877365975725,,,,,,,,1.0,
neoverse-v2,codec/random/encode_bound_exact,1,5,"[36.57887007062073,36.547653271670335,36.65198529258585,36.54163281461584,36.58832260483714]",36.57887007062073,"[36.57781284504698,36.54658042198707,36.69112347153474,36.54055475699949,36.58717163517535]",36.57781284504698,,,,,,,,1.0,
neoverse-v2,codec/random/encode_checked_exact,1,5,"[37.46480436741175,37.42492170406283,37.49165022094458,37.326118666609396,37.509438414346285]",37.46480436741175,"[37.507872495632746,37.423999313519175,37.49037388981072,37.32488523740297,37.50832832820056]",37.49037388981072,,,,,,,,1.0,
neoverse-v2,codec/random/encode_staged_exact,1,5,"[46.17627449815492,46.352839442606836,46.151546956584625,46.174842069826056,46.23994824775044]",46.17627449815492,"[46.17474965503253,46.636249018059786,46.15037857023509,46.17370008776192,46.2585368109071]",46.17474965503253,,,,,,,,1.0,
neoverse-v2,codec/random/native_encode_admitted_exact,1,5,"[32.916121328368725,32.894180864266964,32.88711497235697,32.87696039715683,32.901359584790754]",32.894180864266964,"[32.9292141487714,32.89318891268025,32.88617003262931,32.875968445698255,32.90928109370277]",32.89318891268025,,,,,,,,1.0,
neoverse-v2,codec/random/native_encode_checked_exact,1,5,"[38.081552761071585,38.294002186987406,38.228786221979234,38.07585565882989,38.31435210497529]",38.228786221979234,"[38.08024603593799,38.303843630415784,38.22803171123855,38.07476216515751,38.34927282674668]",38.22803171123855,,,,,,,,1.0,
neoverse-v2,codec/random/native_encode_wide,1,5,"[24.888166311300616,24.86904051172711,24.86816631130064,24.887842928216063,24.86199360341151]",24.86904051172711,"[24.887331201151643,24.87808813076928,24.867558635338458,24.886943852137534,24.86125799575167]",24.87808813076928,,,,,,,,1.0,
neoverse-v2,codec/random/native_pair_exact_materialized,1,5,"[169.6747081901685,169.71389234105774,170.01678972634573,169.80568755025755,170.26183687891353]",169.80568755025755,"[169.66929843800867,169.7077515411975,170.0125009141701,169.8007164268781,171.139093988428]",169.8007164268781,,,,,,,,2.0,
neoverse-v2,codec/random/native_pair_materialized,1,5,"[165.81932843102197,165.98588800837635,165.92363342138518,166.13935889198262,166.20342209847524]",165.98588800837635,"[165.8133552270498,165.98029556694289,165.91796958673797,166.1338854383617,166.3623426382974]",165.98029556694289,,,,,,,,2.0,
neoverse-v2,codec/random/prepare_checked,1,5,"[33.819198698393336,33.76431622069205,33.77079035803876,33.767754244264246,33.75877180239592]",33.767754244264246,"[33.8184771976292,33.76327512911617,33.769628209269904,33.766659887384456,33.75753217710541]",33.766659887384456,,,,,,,,1.0,
neoverse-v2,codec/random/spike_decode_padded,1,5,"[84.0578098338437,83.97309791487696,84.21300206939085,84.08495395302143,84.01294882189909]",84.0578098338437,"[84.05480861164989,83.97036292994848,84.78969661023089,84.08302978246796,84.0104195660499]",84.05480861164989,,,,,,,,1.0,
neoverse-v2,codec/random/spike_encode_wide,1,5,"[25.92430362889799,25.921551437132383,25.91418266563086,25.903425442977138,25.946672585358648]",25.921551437132383,"[25.923508304657314,25.92091147857758,25.913376243858664,25.902607923673262,26.103255280557928]",25.92091147857758,,,,,,,,1.0,
neoverse-v2,codec/random/spike_pair_materialized,1,5,"[167.06375366708886,166.8126744102871,167.0393541154862,166.91864431034935,166.7523552841823]",166.91864431034935,"[167.20349655313044,166.80850048865258,167.16242516764962,166.91404107143714,166.74753738615726]",166.91404107143714,,,,,,,,2.0,
neoverse-v2,codec/runs/decode_exact,1,5,"[83.00504115349207,83.02810861177261,83.00441996870055,83.01689144795662,83.09968821301656]",83.01689144795662,"[83.00204274206476,83.02564776436036,83.00230555129099,83.01417973752797,83.17354947387022]",83.01417973752797,,,,,,,,1.0,
neoverse-v2,codec/runs/decode_padded,1,5,"[80.19777520118559,80.18670860645634,80.23868945803633,80.17778874743288,80.19219598434206]",80.19219598434206,"[80.19574326439115,80.18402231671425,80.31752172582036,80.175423894275,80.18967041275572]",80.18967041275572,,,,,,,,1.0,
neoverse-v2,codec/runs/encode_bound_exact,1,5,"[29.791608373712055,29.806421893127535,29.835242783048027,29.78940319388526,29.78106445779027]",29.791608373712055,"[29.790695591382427,29.81944397056863,29.861286937855873,29.78863969831205,29.780262574268505]",29.790695591382427,,,,,,,,1.0,
neoverse-v2,codec/runs/encode_checked_exact,1,5,"[32.100613508201675,32.100852298818914,32.08071582079635,32.081808747083706,32.098758288789796]",32.098758288789796,"[32.099676714210126,32.0999430576457,32.07972851345177,32.08076633419984,32.09772046793466]",32.09772046793466,,,,,,,,1.0,
neoverse-v2,codec/runs/encode_staged_exact,1,5,"[42.89863562076434,42.853597027623834,42.84379112571965,42.831610261307375,42.84791058388579]",42.84791058388579,"[42.93694107289523,42.85245851471649,42.84253019198226,42.83033096455688,42.84641092970634]",42.84641092970634,,,,,,,,1.0,
neoverse-v2,codec/runs/native_encode_admitted_exact,1,5,"[28.82937266083747,28.867888636260645,28.824222892535744,28.815301579179653,28.81048192423088]",28.824222892535744,"[28.828497860423116,28.974321307637553,28.823434746941356,28.81472800715994,28.809792812539627]",28.823434746941356,,,,,,,,1.0,
neoverse-v2,codec/runs/native_encode_checked_exact,1,5,"[33.89948595823755,33.8827239373081,33.904495687276736,33.884389006670055,33.90269024869554]",33.89948595823755,"[33.898513054350765,33.881668747998724,33.903261406219876,33.915483208875756,33.90191095749665]",33.90191095749665,,,,,,,,1.0,
neoverse-v2,codec/runs/native_encode_wide,1,5,"[24.867218235902662,24.856513812331716,24.85920058000032,24.879283812935437,24.8537026572698]",24.85920058000032,"[24.866411494802524,24.85576748800578,24.85846847129742,24.903944501821844,24.853077166377858]",24.85846847129742,,,,,,,,1.0,
neoverse-v2,codec/runs/native_pair_exact_materialized,1,5,"[170.32015398769886,169.53324294223518,169.64374606556353,169.6353929591788,169.70926347392327]",169.64374606556353,"[170.55520313815938,169.52866689281896,169.63827417545224,169.6299210693202,169.70359788866142]",169.63827417545224,,,,,,,,2.0,
neoverse-v2,codec/runs/native_pair_materialized,1,5,"[165.91054055336565,165.3579089744174,165.67165772862887,165.81512505339285,165.73446917564848]",165.73446917564848,"[165.9051065443838,165.35242750638614,165.66717289145194,165.8100707132921,165.72922500097806]",165.72922500097806,,,,,,,,2.0,
neoverse-v2,codec/runs/prepare_checked,1,5,"[30.835015719937974,30.81161685742555,30.81514501201056,30.8018581319769,30.808963013989114]",30.81161685742555,"[30.83383230883675,30.810645400647505,30.814058746745197,30.801094213682315,30.807832591550188]",30.810645400647505,,,,,,,,1.0,
neoverse-v2,codec/runs/spike_decode_padded,1,5,"[84.10548609523421,83.98618548513258,84.03434375037544,83.97806283919564,83.9857643108987]",83.98618548513258,"[84.19488333469724,83.98375470784633,84.06032418402297,83.99512641228658,83.98339370141589]",83.99512641228658,,,,,,,,1.0,
neoverse-v2,codec/runs/spike_encode_wide,1,5,"[25.905782266334562,25.91638129861279,25.937975484878887,25.90136199230725,25.909958203606507]",25.909958203606507,"[25.904945598041692,25.939019469218348,26.06123227168219,25.9006178758126,25.909195576738156]",25.909195576738156,,,,,,,,1.0,
neoverse-v2,codec/runs/spike_pair_materialized,1,5,"[166.94936253834172,166.79236963189948,167.0927195168697,166.83495494632282,166.9686541411076]",166.94936253834172,"[166.94291602761487,166.7869775691499,167.27164014507107,166.83136023778766,167.0244200540467]",166.94291602761487,,,,,,,,2.0,
neoverse-v2,codec/terminal/decode_exact,1,5,"[2.6378038404506494,2.6325146804979243,2.6338574032232684,2.642892627755427,2.637004609700854]",2.637004609700854,"[2.640179687555155,2.632441988923115,2.633737254972789,2.642820312821968,2.636914969312612]",2.636914969312612,,,,,,,,1.0,
neoverse-v2,codec/terminal/decode_padded,1,5,"[2.758335300603417,2.769898920940826,2.767662321389188,2.7543118567664724,2.765967392153966]",2.765967392153966,"[2.758250848732269,2.7698073986898706,2.7675652999458764,2.754232511292214,2.765881369094321]",2.765881369094321,,,,,,,,1.0,
neoverse-v2,codec/terminal/encode_bound_exact,1,5,"[1.7697634763194723,1.7789993701577642,1.7766922529405538,1.7721356260273617,1.77677546380457]",1.7766922529405538,"[1.7697015162316017,1.7966126777491171,1.7766720263005344,1.772083139175054,1.776715551981391]",1.7766720263005344,,,,,,,,1.0,
neoverse-v2,codec/terminal/encode_checked_exact,1,5,"[1.7338798427737643,1.7402468119518406,1.7391528095107633,1.736319655760597,1.7437216137623617]",1.7391528095107633,"[1.7338218293835967,1.7401882984507275,1.7410027363830385,1.7362698942763497,1.7436711021044502]",1.7401882984507275,,,,,,,,1.0,
neoverse-v2,codec/terminal/encode_staged_exact,1,5,"[12.331111252870523,12.320713192140907,12.326259533327848,12.328703113038776,12.338869042556247]",12.328703113038776,"[12.330691290291766,12.320295001558252,12.325924626456208,12.328313274324918,12.349949320975504]",12.328313274324918,,,,,,,,1.0,
neoverse-v2,codec/terminal/native_encode_admitted_exact,1,5,"[0.7165495885613958,0.716755959484239,0.7173937774924833,0.7162517357287055,0.7161703730468713]",0.7165495885613958,"[0.7165290434612318,0.7167330634532314,0.718064099689649,0.7162300662709148,0.7161497257346802]",0.7165290434612318,,,,,,,,1.0,
neoverse-v2,codec/terminal/native_encode_checked_exact,1,5,"[1.33771365604898,1.3349862996276929,1.3305349836421045,1.3324257963727106,1.3339105807496232]",1.3339105807496232,"[1.3393096758707421,1.3349462472711664,1.3304896162809343,1.337297567153096,1.3338805889416097]",1.3349462472711664,,,,,,,,1.0,
neoverse-v2,codec/terminal/native_encode_wide,1,5,"[24.85861166966185,24.862085164688025,24.848568428919805,24.85872199583628,24.86027012118112]",24.85872199583628,"[24.857828709686565,24.86126305670912,24.847838852622612,24.857921241349313,24.85945157215007]",24.857921241349313,,,,,,,,1.0,
neoverse-v2,codec/terminal/native_pair_exact_materialized,1,5,"[167.4670206151073,167.1080977662984,167.3110919787625,167.36167312383412,167.30650021523542]",167.3110919787625,"[167.46140048790602,167.10209499231755,167.30592624479522,167.3561486587579,167.30119098911874]",167.30592624479522,,,,,,,,2.0,
neoverse-v2,codec/terminal/native_pair_materialized,1,5,"[166.3118543907352,165.9175983926205,165.92873182838727,165.27916321947654,165.88464720482057]",165.9175983926205,"[167.08015600981668,166.01524642464378,166.02295236936536,165.27509750597244,165.9741874483773]",166.01524642464378,,,,,,,,2.0,
neoverse-v2,codec/terminal/prepare_checked,1,5,"[7.977258863596136,7.985415105084422,7.977755193456118,7.983552461278515,7.978868277881597]",7.978868277881597,"[8.012389113579152,7.985227152511436,7.97753910426117,7.983310486396858,7.978638683127349]",7.983310486396858,,,,,,,,1.0,
neoverse-v2,codec/terminal/spike_decode_padded,1,5,"[84.06633411037193,83.98443105093507,83.9952169869435,83.97781213387633,84.0257388909709]",83.9952169869435,"[84.09942869583729,83.98171342984034,83.9922819559667,83.97481671167759,84.10406676880154]",83.9922819559667,,,,,,,,1.0,
neoverse-v2,codec/terminal/spike_encode_wide,1,5,"[25.924222793132817,25.906320566829464,25.909578209332743,25.910437042356726,25.910918284998807]",25.910437042356726,"[25.923334345177004,25.905383994637475,25.908737885657498,25.933344192128356,25.910211228507354]",25.910211228507354,,,,,,,,1.0,
neoverse-v2,codec/terminal/spike_pair_materialized,1,5,"[166.91566265060038,166.89287844447497,166.90258857211245,166.67593940117138,166.85088870333308]",166.89287844447497,"[166.91089108875977,166.8864129781375,166.9773350830535,166.67102469314688,166.8458308475832]",166.8864129781375,,,,,,,,2.0,
neoverse-v2,count/census-income/direct4/cp16/point/cps/crossing15,1,5,"[119.72710638378327,119.72079621045594,119.74542127681465,119.75704978031895,119.7453870752094]",119.7453870752094,"[119.72296800509959,119.71629871588907,119.74114609146692,119.75364673274618,119.74071857261623]",119.74071857261623,,,1024.0,2.0,256.0,377.0,,,
neoverse-v2,count/census-income/direct4/cp16/point/cps/last,1,5,"[61.028409535254454,60.99052725808002,60.94375450818754,60.91896894851891,60.96060556018821]",60.96060556018821,"[61.09444932089347,61.08640183565229,60.941581860829224,60.916909278857304,60.95861541536756]",60.95861541536756,,,1024.0,1.0,256.0,377.0,,,
neoverse-v2,count/census-income/direct4/cp16/point/cps/masked25,1,5,"[3371.0593342925204,3369.8914616486686,3375.158707188759,3369.902556679229,3377.0434153377523]",3371.0593342925204,"[3370.932947420282,3369.79305353633,3378.7549445064515,3369.8239266696123,3390.231548484482]",3370.932947420282,,,1024.0,62.0,256.0,377.0,,,
neoverse-v2,count/census-income/direct4/cp16/point/cps/range37,1,5,"[2073.059590871936,2072.4177290242765,2070.519715383302,2070.0948710370194,2071.2187963211186]",2071.2187963211186,"[2072.9911058307316,2074.748295298486,2070.477912845983,2070.0249036431483,2071.973317523364]",2071.973317523364,,,1024.0,37.0,256.0,377.0,,,
neoverse-v2,count/census-income/direct4/cp16/point/cps/scan,1,5,"[13320.783681224057,13322.032258056113,13308.438330170164,13322.235294119302,13300.140417437517]",13320.783681224057,"[13320.318785570142,13326.831119481576,13307.97153705704,13336.624288450992,13299.888045547315]",13320.318785570142,,,1024.0,256.0,256.0,377.0,,,
neoverse-v2,count/census-income/direct4/cp16/point/cps/sparse17,1,5,"[847.4573953045904,845.8830791575513,847.5783103365246,844.9128540310278,847.3893730326256]",847.3893730326256,"[847.433067050609,845.8579036600487,847.5479302829051,844.8818687965845,848.313725489168]",847.433067050609,,,1024.0,16.0,256.0,377.0,,,
neoverse-v2,count/census-income/direct4/cp16/point/inline/crossing15,1,5,"[123.35012243894619,123.29966703649046,123.5603121752722,123.37420502788382,123.54891390539328]",123.37420502788382,"[123.34665186847897,123.29520990729563,123.55562602432032,123.37011785783632,123.68933988614533]",123.37011785783632,,,1024.0,2.0,256.0,377.0,,,
neoverse-v2,count/census-income/direct4/cp16/point/inline/last,1,5,"[61.14373946724043,61.19991706159765,61.167094594006606,61.14141013089465,61.122793086178916]",61.14373946724043,"[61.14151600945469,61.19760537142777,61.16517112660282,61.139442547486865,61.120587274945244]",61.14151600945469,,,1024.0,1.0,256.0,377.0,,,
neoverse-v2,count/census-income/direct4/cp16/point/inline/masked25,1,5,"[3400.009741835575,3406.1953239222703,3402.4515343443068,3403.4057476847865,3399.2557233259868]",3402.4515343443068,"[3399.9001461250305,3410.3287871323414,3402.389673649248,3403.316122724413,3399.148075990767]",3402.389673649248,,,1024.0,62.0,256.0,377.0,,,
neoverse-v2,count/census-income/direct4/cp16/point/inline/range37,1,5,"[2124.8911729142114,2111.0341596146695,2109.852478840747,2109.86426843732,2110.696493347829]",2110.696493347829,"[2129.548669897486,2110.9749093160613,2109.7886940637436,2109.804111243033,2110.6175937158714]",2110.6175937158714,,,1024.0,37.0,256.0,377.0,,,
neoverse-v2,count/census-income/direct4/cp16/point/inline/scan,1,5,"[13615.846899216114,13607.056201557942,13631.046511630633,13610.335271293749,13605.744186048783]",13610.335271293749,"[13615.362403093304,13606.670542563106,13648.753876011615,13610.048449619671,13605.38372091645]",13610.048449619671,,,1024.0,256.0,256.0,377.0,,,
neoverse-v2,count/census-income/direct4/cp16/point/inline/sparse17,1,5,"[863.6416092514086,863.5751722450311,863.4215059055356,864.6263533469493,862.8156988194997]",863.5751722450311,"[863.6189714577567,863.5503198816442,863.3968996060354,865.6066683100136,862.7990895665941]",863.5503198816442,,,1024.0,16.0,256.0,377.0,,,
neoverse-v2,count/census-income/direct4/cp16/point/materialized/crossing15,1,5,"[122.13316402475202,122.01501007087097,121.98621595590615,122.03262982750601,122.05047727466416]",122.03262982750601,"[122.12945091496428,122.01145459342423,121.98248533138621,122.02826867561335,122.04616866572363]",122.02826867561335,,,1024.0,2.0,256.0,377.0,,,
neoverse-v2,count/census-income/direct4/cp16/point/materialized/last,1,5,"[59.788133426406375,59.711056946656264,59.67647309486226,59.7722988291225,59.8376570249703]",59.7722988291225,"[59.88785389235757,59.70920758845103,59.67452146810991,59.77033867958751,59.83579062192647]",59.77033867958751,,,1024.0,1.0,256.0,377.0,,,
neoverse-v2,count/census-income/direct4/cp16/point/materialized/masked25,1,5,"[3444.376847294268,3446.988177337328,3448.2561576363014,3446.479802953031,3444.2403940862578]",3446.479802953031,"[3444.2660098659253,3446.8975369637415,3451.9443349645953,3446.419704436392,3444.1403940867344]",3446.419704436392,,,1024.0,62.0,256.0,377.0,,,
neoverse-v2,count/census-income/direct4/cp16/point/materialized/range37,1,5,"[2134.0406106868377,2131.5917557219896,2128.7914503821808,2130.9752671745173,2128.2561832089664]",2130.9752671745173,"[2135.5306870375252,2133.2204580058014,2128.734045801618,2132.76916029542,2128.1932824338946]",2132.76916029542,,,1024.0,37.0,256.0,377.0,,,
neoverse-v2,count/census-income/direct4/cp16/point/materialized/scan,1,5,"[13762.483365965221,13761.358121316294,13760.0039139069,13763.927592937634,13756.36594911599]",13761.358121316294,"[13762.015655589465,13760.960861099835,13759.553816064014,13782.483365868005,13755.945205392589]",13760.960861099835,,,1024.0,256.0,256.0,377.0,,,
neoverse-v2,count/census-income/direct4/cp16/point/materialized/sparse17,1,5,"[872.026825633174,872.8496025844526,872.5776204660004,871.8005464476872,873.7722305003421]",872.5776204660004,"[871.9975161441879,872.823894684108,872.9921758558509,871.7704918030391,874.6716343763301]",872.823894684108,,,1024.0,16.0,256.0,377.0,,,
neoverse-v2,count/census-income/direct4/cp16/point/shared/crossing15,1,5,"[116.25375014512676,116.23414165206594,116.42520428957995,116.43277916838095,116.20536705831249]",116.25375014512676,"[116.24993784303143,116.2308597572678,116.42119308474814,116.42936467175852,116.2015547564527]",116.24993784303143,,,1024.0,2.0,256.0,377.0,,,
neoverse-v2,count/census-income/direct4/cp16/point/shared/last,1,5,"[61.804156937337744,61.83256829815805,61.62144525043032,61.5886123713789,61.58799087286884]",61.62144525043032,"[61.802105992077905,61.83081922394918,61.61934103430582,61.586774511470324,61.58601983459995]",61.61934103430582,,,1024.0,1.0,256.0,377.0,,,
neoverse-v2,count/census-income/direct4/cp16/point/shared/masked25,1,5,"[3186.052823317662,3183.137978147734,3188.8743169364498,3191.657103823833,3185.8734061969544]",3186.052823317662,"[3185.9549180288473,3183.048269590616,3188.7395264164775,3205.873861563714,3185.7987249456887]",3185.9549180288473,,,1024.0,62.0,256.0,377.0,,,
neoverse-v2,count/census-income/direct4/cp16/point/shared/range37,1,5,"[1983.9912106616719,1987.7397221414046,1985.7417068318289,1984.474907852469,1984.280975331984]",1984.474907852469,"[1983.9302523441743,1989.804649854708,1985.6872696245432,1984.4128154185119,1984.218315853899]",1984.4128154185119,,,1024.0,37.0,256.0,377.0,,,
neoverse-v2,count/census-income/direct4/cp16/point/shared/scan,1,5,"[12756.025454543553,12730.549090892138,12742.090909072926,12731.736363620754,12735.825454538744]",12735.825454538744,"[12762.290909077738,12730.176363633786,12757.300000058338,12731.316363669976,12735.412727186651]",12735.412727186651,,,1024.0,256.0,256.0,377.0,,,
neoverse-v2,count/census-income/direct4/cp16/point/shared/sparse17,1,5,"[813.7034154283043,812.8127323421588,813.1340613377886,813.4574814124837,814.0599442389092]",813.4574814124837,"[813.6756505548803,812.7875232335045,813.1097815972408,817.9316914475808,814.0475139408958]",813.6756505548803,,,1024.0,16.0,256.0,377.0,,,
neoverse-v2,count/census-income/direct8/cp16/point/shared/crossing15,1,5,"[115.81421926896601,115.89996677740265,115.74509966776063,115.82393687709431,116.54252491687136]",115.82393687709431,"[115.81064784086628,115.97681063061755,115.74104651151517,115.81990033291308,116.74692691043784]",115.81990033291308,,,2048.0,2.0,256.0,377.0,,,
neoverse-v2,count/census-income/direct8/cp16/point/shared/last,1,5,"[61.498558086636784,61.52198146244788,61.435122716970334,61.57338765860512,61.54870315982953]",61.52198146244788,"[61.49660907839612,61.52020883506332,61.43329717514096,61.57123581228595,61.5464543044468]",61.52020883506332,,,2048.0,1.0,256.0,377.0,,,
neoverse-v2,count/census-income/direct8/cp16/point/shared/masked25,1,5,"[3185.9160200782403,3189.024646285442,3192.2889091702855,3185.131903246326,3185.5189411216797]",3185.9160200782403,"[3185.803286178536,3188.962117772318,3214.4244637318757,3185.065723412666,3185.414422633186]",3185.803286178536,,,2048.0,62.0,256.0,377.0,,,
neoverse-v2,count/census-income/direct8/cp16/point/shared/range37,1,5,"[1987.0883852684042,1983.9175637369706,1984.5764872539164,1984.4135977351089,1983.310764874256]",1984.4135977351089,"[1989.887535405138,1983.867138801607,1984.5161473126261,1984.362322950376,1983.2439093446449]",1984.362322950376,,,2048.0,37.0,256.0,377.0,,,
neoverse-v2,count/census-income/direct8/cp16/point/shared/scan,1,5,"[12775.043478263155,12780.974637672178,12769.072463765498,12775.07065217201,12760.657608685446]",12775.043478263155,"[12774.60326084186,12847.326086889585,12768.764492789884,12774.742753561974,12760.30072459151]",12774.60326084186,,,2048.0,256.0,256.0,377.0,,,
neoverse-v2,count/census-income/direct8/cp16/point/shared/sparse17,1,5,"[819.4409075119335,818.6079407335397,813.7117721958875,813.7492765364809,812.9538140986806]",813.7492765364809,"[853.1312651878559,833.6434772527774,813.6960296334333,816.0252344052296,812.9358722061846]",816.0252344052296,,,2048.0,16.0,256.0,377.0,,,
neoverse-v2,count/census-income/series_folded_local/cp16/buffered16/shared/crossing15,1,5,"[184.56563415992176,184.32527925202788,184.24394623560164,184.62594734496065,184.73556206937485]",184.56563415992176,"[184.5596398109551,184.32028836300103,184.23884971889672,184.83535345612674,185.53854075946066]",184.5596398109551,,,512.0,2.0,256.0,377.0,,,
neoverse-v2,count/census-income/series_folded_local/cp16/buffered16/shared/last,1,5,"[101.39661523279295,101.28890886952243,101.24112477512482,101.17486513132442,101.40892743191624]",101.28890886952243,"[101.46503567439555,101.28535587865818,101.23819537052161,101.17166018913787,101.5538894371263]",101.28535587865818,,,512.0,1.0,256.0,377.0,,,
neoverse-v2,count/census-income/series_folded_local/cp16/buffered16/shared/masked25,1,5,"[3936.4876126096287,3935.8231981962517,3933.4025900899023,3935.6672297288815,3934.871058559848]",3935.6672297288815,"[3936.384009013456,3935.690878383487,3933.3051801939373,3935.5737612566795,3934.760698214361]",3935.5737612566795,,,512.0,62.0,256.0,377.0,,,
neoverse-v2,count/census-income/series_folded_local/cp16/buffered16/shared/range37,1,5,"[2253.0434782577386,2253.1993558782297,2253.4222222229687,2252.0930756861385,2252.697906601424]",2253.0434782577386,"[2252.9710144916367,2253.1330112787073,2253.3594203002795,2252.023510453838,2252.6341384779175]",2252.9710144916367,,,512.0,37.0,256.0,377.0,,,
neoverse-v2,count/census-income/series_folded_local/cp16/buffered16/shared/scan,1,5,"[14403.971134017936,14420.690721631077,14394.597938142575,14392.408247430203,14391.286597940765]",14394.597938142575,"[14403.48453601023,14436.890721660264,14394.360824816122,14391.975257718308,14390.822680398582]",14394.360824816122,,,512.0,256.0,256.0,377.0,,,
neoverse-v2,count/census-income/series_folded_local/cp16/buffered16/shared/sparse17,1,5,"[1384.9717223650064,1382.4550128538572,1385.8801661070513,1385.084041922919,1383.4461142979112]",1384.9717223650064,"[1384.9319754811302,1382.4065651585038,1387.3966778754539,1385.7455012938374,1383.4006327847758]",1384.9319754811302,,,512.0,16.0,256.0,377.0,,,
neoverse-v2,count/census-income/series_folded_local/cp16/native16/shared/crossing15,1,5,"[143.94529562996888,143.94268380463302,143.78171722356225,144.1057892030693,143.94675578425827]",143.94529562996888,"[143.9416555279359,143.93871465226835,143.7769048845631,144.25515681321153,143.94235475634716]",143.9416555279359,,,512.0,2.0,256.0,377.0,,,
neoverse-v2,count/census-income/series_folded_local/cp16/native16/shared/last,1,5,"[82.07562697307324,82.07472834121582,81.96725905429913,82.02142527771683,82.09763163178481]",82.07472834121582,"[82.07309661439126,82.10698449876674,81.964645927088,82.01863478913177,82.17752710696739]",82.07309661439126,,,512.0,1.0,256.0,377.0,,,
neoverse-v2,count/census-income/series_folded_local/cp16/native16/shared/masked25,1,5,"[3644.7953950793094,3643.2265829468374,3643.3233908957845,3642.118785977615,3642.5641025635937]",3643.2265829468374,"[3644.7237048718443,3643.11878596926,3643.2155939405166,3641.998953424873,3642.441653599897]",3643.11878596926,,,512.0,62.0,256.0,377.0,,,
neoverse-v2,count/census-income/series_folded_local/cp16/native16/shared/range37,1,5,"[2213.2913760275233,2211.9708306950297,2211.515535825233,2212.250792643109,2211.6661382371944]",2211.9708306950297,"[2213.226696254959,2211.901712116488,2211.457197211789,2212.181357010216,2211.614774882563]",2211.901712116488,,,512.0,37.0,256.0,377.0,,,
neoverse-v2,count/census-income/series_folded_local/cp16/native16/shared/scan,1,5,"[14266.878048773162,14271.869918700515,14259.1666666423,14256.959349603125,14258.796747984718]",14259.1666666423,"[14266.414634158442,14288.506097559584,14258.776422794224,14256.59146344437,14258.270325270805]",14258.776422794224,,,512.0,256.0,256.0,377.0,,,
neoverse-v2,count/census-income/series_folded_local/cp16/native16/shared/sparse17,1,5,"[1038.7057256977266,1036.4059772152693,1035.3090693872657,1033.7082408644433,1035.7332445620386]",1035.7332445620386,"[1043.8180204152177,1037.0581446970637,1035.9877200783008,1033.6878236444254,1036.6446219781442]",1036.6446219781442,,,512.0,16.0,256.0,377.0,,,
neoverse-v2,count/census-income/series_folded_local/cp16/point/shared/crossing15,1,5,"[144.56306846357634,144.4576856293532,144.48147841900519,144.78722920447996,144.7077889861531]",144.56306846357634,"[144.55837605468355,144.45272449177594,144.47765420855686,144.9489622954315,144.70454357515732]",144.55837605468355,,,512.0,2.0,256.0,377.0,,,
neoverse-v2,count/census-income/series_folded_local/cp16/point/shared/last,1,5,"[88.21927738145146,88.20149507306398,88.19841179938742,88.17602345809642,88.2965605768034]",88.20149507306398,"[88.21630737093919,88.1979587472668,88.19579416266726,88.17336806722662,88.38942374233015]",88.1979587472668,,,512.0,1.0,256.0,377.0,,,
neoverse-v2,count/census-income/series_folded_local/cp16/point/shared/masked25,1,5,"[4162.430870076651,4153.936233608967,4154.240762816539,4154.079856967174,4154.883790221931]",4154.240762816539,"[4168.174016682798,4153.840286042296,4154.107866511004,4153.973182364769,4154.765792634068]",4154.107866511004,,,512.0,62.0,256.0,377.0,,,
neoverse-v2,count/census-income/series_folded_local/cp16/point/shared/range37,1,5,"[2507.672753310497,2505.9853204390984,2504.4217687068062,2505.429287508297,2506.6677407786933]",2505.9853204390984,"[2507.610454694058,2505.906552088224,2504.3523093510867,2505.365556765372,2517.7683494458356]",2505.906552088224,,,512.0,37.0,256.0,377.0,,,
neoverse-v2,count/census-income/series_folded_local/cp16/point/shared/scan,1,5,"[16422.247058806213,16443.359999999197,16413.087058842448,16399.458823524154,16399.195294124023]",16413.087058842448,"[16421.757647067887,16462.92470588699,16412.66352929533,16398.877646946963,16398.708235235117]",16412.66352929533,,,512.0,256.0,256.0,377.0,,,
neoverse-v2,count/census-income/series_folded_local/cp16/point/shared/sparse17,1,5,"[1043.5721318825467,1044.766970014474,1051.2364612864783,1043.172310905584,1042.7535431915583]",1043.5721318825467,"[1043.542294491713,1051.9210801201627,1053.4773981797857,1043.1518723001452,1042.7250484837464]",1043.542294491713,,,512.0,16.0,256.0,377.0,,,
neoverse-v2,count/census-income/series_folded_local/cp64/buffered16/shared/crossing15,1,5,"[183.7446456692946,183.7790551182564,184.0367191600303,183.82419947521714,183.80973753260258]",183.80973753260258,"[183.73895013067238,183.77349081333406,184.24986876652838,183.81989501291875,183.80412073442406]",183.80412073442406,,,464.0,2.0,256.0,377.0,,,
neoverse-v2,count/census-income/series_folded_local/cp64/buffered16/shared/last,1,5,"[183.9924657537076,183.8833772393472,183.91053740785318,184.1045837725925,183.8726817704835]",183.91053740785318,"[183.98580084300485,183.87705479451984,183.9056375133834,184.2892518439903,183.867439409764]",183.9056375133834,,,464.0,1.0,256.0,377.0,,,
neoverse-v2,count/census-income/series_folded_local/cp64/buffered16/shared/masked25,1,5,"[3935.069295779049,3931.8816901417013,3935.9808450741875,3935.596619718305,3940.7814084533657]",3935.596619718305,"[3934.9504225317783,3931.752112678201,3935.863661981912,3935.4591549262054,3944.995492948807]",3935.4591549262054,,,464.0,62.0,256.0,377.0,,,
neoverse-v2,count/census-income/series_folded_local/cp64/buffered16/shared/range37,1,5,"[2253.18433773939,2252.290686432391,2253.3283918775787,2257.15211086073,2258.327102802766]",2253.3283918775787,"[2253.1269738817505,2252.238156610169,2253.2649049230663,2266.4543989750196,2261.741540445763]",2253.2649049230663,,,464.0,37.0,256.0,377.0,,,
neoverse-v2,count/census-income/series_folded_local/cp64/buffered16/shared/scan,1,5,"[14469.506147539742,14448.413934419765,14439.34016393433,14440.247950829167,14436.100409822719]",14440.247950829167,"[14487.514344295028,14447.979508270795,14438.907786914897,14439.764344202657,14435.690573694113]",14439.764344202657,,,464.0,256.0,256.0,377.0,,,
neoverse-v2,count/census-income/series_folded_local/cp64/buffered16/shared/sparse17,1,5,"[1378.8803875033027,1379.2769869502288,1378.8985765123205,1379.1211941479066,1385.282918149373]",1379.1211941479066,"[1378.8386714156647,1380.7166864387154,1378.870897588364,1379.0844207208459,1386.2526690357054]",1379.0844207208459,,,464.0,16.0,256.0,377.0,,,
neoverse-v2,count/census-income/series_folded_local/cp64/native16/shared/crossing15,1,5,"[143.99363896485553,144.04425962897548,144.08221998050507,144.12810589365822,143.9163801798042]",144.04425962897548,"[143.98923358819212,144.2512094196725,144.71887930511582,144.12615023671225,143.9118307014991]",144.12615023671225,,,464.0,2.0,256.0,377.0,,,
neoverse-v2,count/census-income/series_folded_local/cp64/native16/shared/last,1,5,"[165.22267865993473,165.0839294569119,165.3984229290013,165.12911679300606,165.11787898115082]",165.12911679300606,"[165.218192978498,165.07845220391982,165.59536794468738,165.12576433673124,165.11469178573947]",165.12576433673124,,,464.0,1.0,256.0,377.0,,,
neoverse-v2,count/census-income/series_folded_local/cp64/native16/shared/masked25,1,5,"[3642.6396255870623,3640.917316692611,3643.7587103469773,3642.2917316702333,3650.5548621955795]",3642.6396255870623,"[3642.5325013043125,3640.7977119022185,3643.644305783498,3642.194487752109,3654.4024960848956]",3642.5325013043125,,,464.0,62.0,256.0,377.0,,,
neoverse-v2,count/census-income/series_folded_local/cp64/native16/shared/range37,1,5,"[2213.158077775959,2212.2854884617036,2212.636737277103,2216.5387290586727,2213.4641163453007]",2213.158077775959,"[2213.09958901149,2212.230161246242,2212.5709769175674,2218.77489725087,2213.408156798472]",2213.09958901149,,,464.0,37.0,256.0,377.0,,,
neoverse-v2,count/census-income/series_folded_local/cp64/native16/shared/scan,1,5,"[14276.048780488289,14268.050813018408,14261.262195119329,14265.96138209564,14262.975609772488]",14265.96138209564,"[14275.536585381726,14267.658536613733,14260.882113765407,14265.465447153023,14262.45325199847]",14265.465447153023,,,464.0,256.0,256.0,377.0,,,
neoverse-v2,count/census-income/series_folded_local/cp64/native16/shared/sparse17,1,5,"[1034.4804693317149,1036.2692707556796,1036.1936729533572,1035.1309965844878,1034.3952175848017]",1035.1309965844878,"[1035.7366701310864,1045.861280256402,1036.1715431468135,1035.1041140670204,1034.3531858002104]",1035.7366701310864,,,464.0,16.0,256.0,377.0,,,
neoverse-v2,count/census-income/series_folded_local/cp64/point/shared/crossing15,1,5,"[165.6045557979064,166.1409405518661,165.95790272104836,165.899141936266,165.90492557122778]",165.90492557122778,"[165.5998862231493,166.13582061279692,166.12721626970216,165.89568123642306,166.5408647009922]",166.12721626970216,,,464.0,2.0,256.0,377.0,,,
neoverse-v2,count/census-income/series_folded_local/cp64/point/shared/last,1,5,"[163.37468854288653,163.61567392227192,163.19315029842312,163.5632551363036,164.14322316752998]",163.5632551363036,"[163.37033989874993,163.6115368348776,163.18767335845322,163.7419021198758,164.1373936338804]",163.6115368348776,,,464.0,1.0,256.0,377.0,,,
neoverse-v2,count/census-income/series_folded_local/cp64/point/shared/masked25,1,5,"[6388.722735674259,6374.289279110006,6369.2236598842155,6366.148798527925,6367.972273570686]",6369.2236598842155,"[6388.506469515448,6374.12476896287,6369.048059110614,6365.982439945234,6367.792051760732]",6369.048059110614,,,464.0,62.0,256.0,377.0,,,
neoverse-v2,count/census-income/series_folded_local/cp64/point/shared/range37,1,5,"[3328.5002377515134,3329.4954826427156,3323.419400855484,3322.4850213996556,3321.075606276661]",3323.419400855484,"[3328.395149805349,3329.3880171252777,3323.32239658813,3326.1179267626785,3324.6628625766684]",3326.1179267626785,,,464.0,37.0,256.0,377.0,,,
neoverse-v2,count/census-income/series_folded_local/cp64/point/shared/scan,1,5,"[26440.173584935004,26381.309433960905,26310.422641528312,26304.762264130484,26312.181132105783]",26312.181132105783,"[26467.135849131562,26380.87169818288,26309.837735725694,26304.10188662351,26311.449056600326]",26311.449056600326,,,464.0,256.0,256.0,377.0,,,
neoverse-v2,count/census-income/series_folded_local/cp64/point/shared/sparse17,1,5,"[1648.860470644584,1641.0967435208595,1639.3254100311271,1637.5469455669268,1639.7834561446448]",1639.7834561446448,"[1648.805324465225,1642.8157832102108,1639.2873781796825,1637.5008319513993,1640.3021155191855]",1640.3021155191855,,,464.0,16.0,256.0,377.0,,,
neoverse-v2,count/census-income/series_folded_scan/cp16/buffered16/shared/crossing15,1,5,"[169.8025138575784,169.5682680153234,169.82762812393446,169.60646212172048,169.62022269770276]",169.62022269770276,"[170.0041573467601,169.56333268519035,169.8219877464915,169.6029368862073,169.6153116799748]",169.6153116799748,,,512.0,2.0,256.0,377.0,,,
neoverse-v2,count/census-income/series_folded_scan/cp16/buffered16/shared/last,1,5,"[94.2210173687982,94.2210039150502,94.2201294244889,94.22610286699876,94.15621090001187]",94.2210039150502,"[94.21815173060617,94.338320171111,94.21704852747591,94.22308923872579,94.1531165486773]",94.21815173060617,,,512.0,1.0,256.0,377.0,,,
neoverse-v2,count/census-income/series_folded_scan/cp16/buffered16/shared/masked25,1,5,"[3823.584978070147,3819.4742324548974,3824.805372802786,3826.256030704581,3822.524122806863]",3823.584978070147,"[3823.4819078783894,3819.34868421253,3824.6880482511524,3830.5975877443843,3822.4259868357785]",3823.4819078783894,,,512.0,62.0,256.0,377.0,,,
neoverse-v2,count/census-income/series_folded_scan/cp16/buffered16/shared/range37,1,5,"[2234.5105566240754,2234.247600768649,2237.126359561948,2234.7428022996705,2234.3902751087526]",2234.5105566240754,"[2234.443698012161,2234.1919385827623,2239.5607805463596,2234.7066538857716,2234.3275751811825]",2234.443698012161,,,512.0,37.0,256.0,377.0,,,
neoverse-v2,count/census-income/series_folded_scan/cp16/buffered16/shared/scan,1,5,"[14324.393075337657,14318.828920583152,14319.050916506494,14318.851323836427,14328.301425669872]",14319.050916506494,"[14323.930753601207,14318.574338041184,14318.690427700003,14318.407332076571,14345.806517313575]",14318.690427700003,,,512.0,256.0,256.0,377.0,,,
neoverse-v2,count/census-income/series_folded_scan/cp16/buffered16/shared/sparse17,1,5,"[1270.2395700507045,1272.4463472408697,1270.3095281467404,1270.6862816538594,1269.5015485497045]",1270.3095281467404,"[1270.2047731794237,1272.4108216419297,1270.275277835443,1270.651120421338,1269.4581891064242]",1270.275277835443,,,512.0,16.0,256.0,377.0,,,
neoverse-v2,count/census-income/series_folded_scan/cp16/native16/shared/crossing15,1,5,"[131.41568119537018,131.27916056601126,131.25922588903396,131.26448173606525,131.25626008947006]",131.26448173606525,"[131.62079063051493,131.2751999100537,131.2547771902216,131.26035214208358,131.25276870568317]",131.26035214208358,,,512.0,2.0,256.0,377.0,,,
neoverse-v2,count/census-income/series_folded_scan/cp16/native16/shared/last,1,5,"[71.70238697227545,71.76402720303037,71.74434732358729,71.75361451377253,71.77675152983694]",71.75361451377253,"[71.70008565428185,71.83946502101853,71.74256199625675,71.75116871848714,71.77470820761484]",71.75116871848714,,,512.0,1.0,256.0,377.0,,,
neoverse-v2,count/census-income/series_folded_scan/cp16/native16/shared/masked25,1,5,"[3566.903718797893,3565.1039225689333,3565.6444218006527,3565.9546612358586,3563.579724916481]",3565.6444218006527,"[3567.92664288419,3564.999490595591,3565.5292919060153,3570.2669383593466,3563.4691798142308]",3565.5292919060153,,,512.0,62.0,256.0,377.0,,,
neoverse-v2,count/census-income/series_folded_scan/cp16/native16/shared/range37,1,5,"[2186.496863236675,2185.2045169381086,2187.796424089304,2186.6173149315778,2185.521329984281]",2186.496863236675,"[2186.426286083185,2185.1402133064016,2190.6075909592028,2186.583751571763,2186.4880802999382]",2186.4880802999382,,,512.0,37.0,256.0,377.0,,,
neoverse-v2,count/census-income/series_folded_scan/cp16/native16/shared/scan,1,5,"[14069.386317903074,14069.851106638185,14118.583501004867,14063.82696177091,14077.370221326544]",14069.851106638185,"[14068.909456775249,14069.430583514595,14127.800804825576,14063.370221383391,14094.800804861545]",14069.430583514595,,,512.0,256.0,256.0,377.0,,,
neoverse-v2,count/census-income/series_folded_scan/cp16/native16/shared/sparse17,1,5,"[953.1149034533388,951.8617079141562,952.8249932015492,951.5014957834017,952.1839815054041]",952.1839815054041,"[953.0798205072116,951.8362795800132,952.7956214305863,951.4745716572814,952.1532499311068]",952.1532499311068,,,512.0,16.0,256.0,377.0,,,
neoverse-v2,count/census-income/series_folded_scan/cp16/point/shared/crossing15,1,5,"[140.49653857735638,140.17876994079816,140.25341627359953,140.1526838568436,140.12089896664267]",140.17876994079816,"[140.63003912945854,140.17507775714026,140.24882110939183,140.14838968586736,140.11678539171936]",140.17507775714026,,,512.0,2.0,256.0,377.0,,,
neoverse-v2,count/census-income/series_folded_scan/cp16/point/shared/last,1,5,"[83.10280618005336,83.08514731551958,83.18303703960851,83.06318952103433,83.131069863571]",83.10280618005336,"[83.09984918094219,83.08286721985193,83.26470483449638,83.06045815651683,83.12862351101195]",83.09984918094219,,,512.0,1.0,256.0,377.0,,,
neoverse-v2,count/census-income/series_folded_scan/cp16/point/shared/masked25,1,5,"[4078.1172695428986,4073.470245041924,4073.389148187812,4077.5898483121327,4077.3028004636576]",4077.3028004636576,"[4077.9766627531058,4073.34422405287,4073.280046672229,4085.4095682636907,4077.224620773009]",4077.224620773009,,,512.0,62.0,256.0,377.0,,,
neoverse-v2,count/census-income/series_folded_scan/cp16/point/shared/range37,1,5,"[2411.9272162817406,2462.04139358487,2413.275957228195,2417.404967232592,2413.1645394948514]",2413.275957228195,"[2411.853052767271,2682.5222490522033,2413.2411176242244,2418.55743360865,2413.1058985817917]",2413.2411176242244,,,512.0,37.0,256.0,377.0,,,
neoverse-v2,count/census-income/series_folded_scan/cp16/point/shared/scan,1,5,"[16079.493119271345,16066.47477064594,16054.094036703302,16110.061926597758,16049.419724797363]",16066.47477064594,"[16079.011467904236,16066.045871536031,16053.5389908673,16191.417431096068,16069.355504503312]",16069.355504503312,,,512.0,256.0,256.0,377.0,,,
neoverse-v2,count/census-income/series_folded_scan/cp16/point/shared/sparse17,1,5,"[1025.309488837587,1024.953584020023,1024.8403349008402,1023.8819036429933,1024.679494712564]",1024.8403349008402,"[1025.281286726357,1024.9175969466678,1025.7297297262865,1023.8525264414471,1024.6520270236497]",1024.9175969466678,,,512.0,16.0,256.0,377.0,,,
neoverse-v2,count/census-income/series_folded_scan/cp64/buffered16/shared/crossing15,1,5,"[169.5061776820792,169.5566777797872,169.49575897227592,169.54606295377877,169.48271719969367]",169.5061776820792,"[169.5008580113767,169.55179937298487,169.49149343018237,169.54111100148347,169.47729947158535]",169.5008580113767,,,464.0,2.0,256.0,377.0,,,
neoverse-v2,count/census-income/series_folded_scan/cp64/buffered16/shared/last,1,5,"[171.09099586396795,170.88629188208614,170.8803201254113,170.91123130745837,170.81629506353298]",170.88629188208614,"[171.24687339343032,170.8817151674456,170.87513155068092,170.97670035898173,170.81277074756525]",170.8817151674456,,,464.0,1.0,256.0,377.0,,,
neoverse-v2,count/census-income/series_folded_scan/cp64/buffered16/shared/masked25,1,5,"[3820.0470202325973,3818.178786223817,3827.4313832658004,3819.9496992880254,3822.943685071699]",3820.0470202325973,"[3819.9158009917905,3818.05576815351,3831.6161837036966,3819.889010399447,3822.8272280108276]",3819.9158009917905,,,464.0,62.0,256.0,377.0,,,
neoverse-v2,count/census-income/series_folded_scan/cp64/buffered16/shared/range37,1,5,"[2235.3190537072014,2238.5530690565533,2235.4581202046497,2237.0255754489654,2236.9456521755096]",2236.9456521755096,"[2235.256393869099,2240.908248087608,2235.408887479904,2237.8545396494596,2236.8711636771623]",2236.8711636771623,,,464.0,37.0,256.0,377.0,,,
neoverse-v2,count/census-income/series_folded_scan/cp64/buffered16/shared/scan,1,5,"[14325.33604887398,14329.88594702672,14373.02036660937,14350.75560080645,14349.150712834668]",14349.150712834668,"[14324.859470524441,14329.529531554794,14446.832993944405,14359.82281066696,14358.5845213588]",14358.5845213588,,,464.0,256.0,256.0,377.0,,,
neoverse-v2,count/census-income/series_folded_scan/cp64/buffered16/shared/sparse17,1,5,"[1273.934222547661,1272.9815457711256,1271.4337657599783,1272.0752786392989,1269.6826237908251]",1272.0752786392989,"[1275.1850904403505,1272.956148366825,1271.3970400221126,1272.0502466614278,1269.6400511573825]",1272.0502466614278,,,464.0,16.0,256.0,377.0,,,
neoverse-v2,count/census-income/series_folded_scan/cp64/native16/shared/crossing15,1,5,"[131.93651956657172,131.61222266074833,131.52144507679768,131.54862950665165,131.50466850778128]",131.54862950665165,"[132.4802645179702,131.6091604200537,131.5170301896102,131.54406432543908,131.50196321613043]",131.54406432543908,,,464.0,2.0,256.0,377.0,,,
neoverse-v2,count/census-income/series_folded_scan/cp64/native16/shared/last,1,5,"[149.91651903395567,150.14468737851558,150.09523397990253,149.98831180069695,149.71894309291434]",149.98831180069695,"[149.91176597678952,150.14002074119026,150.09080499537413,149.9838180018252,149.71436287420178]",149.9838180018252,,,464.0,1.0,256.0,377.0,,,
neoverse-v2,count/census-income/series_folded_scan/cp64/native16/shared/masked25,1,5,"[3564.7277353701047,3567.6977099246615,3562.3989821920254,3562.4290076379943,3560.650381683079]",3562.4290076379943,"[3571.3837150203817,3571.4035623412287,3562.3430025255475,3562.3256997649096,3560.544020356547]",3562.3430025255475,,,464.0,62.0,256.0,377.0,,,
neoverse-v2,count/census-income/series_folded_scan/cp64/native16/shared/range37,1,5,"[2189.2940992831172,2186.436465816527,2185.4027474273935,2185.3453012784003,2185.264751793533]",2185.4027474273935,"[2191.4789259914014,2186.3915079741037,2185.3487355623747,2185.275054636581,2185.20886667787]",2185.3487355623747,,,464.0,37.0,256.0,377.0,,,
neoverse-v2,count/census-income/series_folded_scan/cp64/native16/shared/scan,1,5,"[14072.026000008009,14064.51799999786,14069.591999998465,14095.981999986407,14073.228000000881]",14072.026000008009,"[14071.552000018528,14064.105999977983,14069.132000031459,14110.562000041682,14072.879999957877]",14071.552000018528,,,464.0,256.0,256.0,377.0,,,
neoverse-v2,count/census-income/series_folded_scan/cp64/native16/shared/sparse17,1,5,"[950.3296958126732,949.1511389985506,949.584231346573,950.1428181708015,951.0585186196563]",950.1428181708015,"[950.3003682935548,949.1193561593185,949.5579047873981,950.118264899883,952.0611103520215]",950.118264899883,,,464.0,16.0,256.0,377.0,,,
neoverse-v2,count/census-income/series_folded_scan/cp64/point/shared/crossing15,1,5,"[157.17803675472163,157.20488570153364,156.85452711817115,156.6042805914681,156.68216046595833]",156.85452711817115,"[157.35428059245365,157.89119229115926,156.85177050663768,156.600493052492,156.6774316454457]",156.85177050663768,,,464.0,2.0,256.0,377.0,,,
neoverse-v2,count/census-income/series_folded_scan/cp64/point/shared/last,1,5,"[150.99520114115583,151.21750502559956,150.94885540732702,150.91980285771686,150.9759840902524]",150.9759840902524,"[150.99061844754524,151.38901018165063,150.9444024121488,150.91511208131132,150.97148786318496]",150.97148786318496,,,464.0,1.0,256.0,377.0,,,
neoverse-v2,count/census-income/series_folded_scan/cp64/point/shared/masked25,1,5,"[6089.8993055551955,6085.9713541589545,6082.971354169785,6093.471354175052,6090.277777771726]",6089.8993055551955,"[6089.693576417766,6085.799479175573,6082.835937516586,6100.0043402654255,6090.122395817509]",6089.693576417766,,,464.0,62.0,256.0,377.0,,,
neoverse-v2,count/census-income/series_folded_scan/cp64/point/shared/range37,1,5,"[3033.904989149234,3035.3700650767655,3029.7366594377586,3027.2989154001802,3026.3470715807025]",3029.7366594377586,"[3033.8095444743662,3038.5748373033916,3029.6789587991793,3027.2190889478625,3026.281127999039]",3029.6789587991793,,,464.0,37.0,256.0,377.0,,,
neoverse-v2,count/census-income/series_folded_scan/cp64/point/shared/scan,1,5,"[25058.412186376372,24988.609319036666,24966.351254487086,24948.681003631566,24971.465949830566]",24971.465949830566,"[25057.57706084651,24987.870967695628,24965.577060925578,24947.87096774772,25003.161290344426]",24987.870967695628,,,464.0,256.0,256.0,377.0,,,
neoverse-v2,count/census-income/series_folded_scan/cp64/point/shared/sparse17,1,5,"[1527.5042529992293,1527.80261722721,1527.6641221362297,1526.7866957483886,1525.8820065439945]",1527.5042529992293,"[1527.464558341006,1527.759214825266,1527.6239912745039,1526.746128676961,1525.8410032690645]",1527.464558341006,,,464.0,16.0,256.0,377.0,,,
neoverse-v2,count/census-income/series_local/cp16/buffered16/shared/crossing15,1,5,"[181.74963659022694,181.7412522066024,181.66971238688305,181.6270117328089,181.71295815619706]",181.71295815619706,"[181.74382203332445,181.7354895648398,181.6633786726795,181.6218461210572,181.70781850312193]",181.70781850312193,,,544.0,2.0,256.0,377.0,,,
neoverse-v2,count/census-income/series_local/cp16/buffered16/shared/last,1,5,"[100.48264292177599,100.69931604062961,100.60687400524351,100.36680001715449,100.33736252697099]",100.48264292177599,"[100.58332974862465,100.77297429087962,100.60376249254227,100.36358813332558,100.33430836954916]",100.58332974862465,,,544.0,1.0,256.0,377.0,,,
neoverse-v2,count/census-income/series_local/cp16/buffered16/shared/masked25,1,5,"[3938.400900900192,3934.9284909850303,3946.164977481043,3935.181306307261,3936.404279277402]",3936.404279277402,"[3938.2832207402807,3934.799549538921,3947.2804053992413,3935.043355859399,3936.2950450301287]",3936.2950450301287,,,544.0,62.0,256.0,377.0,,,
neoverse-v2,count/census-income/series_local/cp16/buffered16/shared/range37,1,5,"[2254.378787878004,2256.4784010315916,2253.4390715672207,2252.7437137344405,2251.848807221767]",2253.4390715672207,"[2254.307543521648,2258.8430045244713,2253.365570594021,2252.683430051817,2251.803997419076]",2253.365570594021,,,544.0,37.0,256.0,377.0,,,
neoverse-v2,count/census-income/series_local/cp16/buffered16/shared/scan,1,5,"[14430.66666669042,14431.047325106958,14425.088477374384,14433.60493827531,14419.940329224262]",14430.66666669042,"[14430.156378611597,14430.676954735185,14424.697530942321,14448.783950597634,14419.54320984253]",14430.156378611597,,,544.0,256.0,256.0,377.0,,,
neoverse-v2,count/census-income/series_local/cp16/buffered16/shared/sparse17,1,5,"[1366.1375733862478,1364.93561643836,1364.9514677123825,1365.9778864984862,1367.4221135014893]",1365.9778864984862,"[1366.0925635963974,1364.894716235805,1364.9166340569616,1365.931506846204,1368.7919765200722]",1365.931506846204,,,544.0,16.0,256.0,377.0,,,
neoverse-v2,count/census-income/series_local/cp16/native16/cps/crossing15,1,5,"[151.10778533320456,150.55330091216314,150.6166724047961,150.54979342418085,150.57210793592728]",150.57210793592728,"[151.20362799128145,150.54789981005402,150.61152952362917,150.54486572529765,150.56720175667908]",150.56720175667908,,,544.0,2.0,256.0,377.0,,,
neoverse-v2,count/census-income/series_local/cp16/native16/cps/last,1,5,"[81.5164671535846,81.40255126552962,81.44318861307703,81.45647254704465,81.45197031330883]",81.45197031330883,"[81.51361808390148,81.40005393295344,81.4404919629791,81.45323656659389,81.4495667774389]",81.4495667774389,,,544.0,1.0,256.0,377.0,,,
neoverse-v2,count/census-income/series_local/cp16/native16/cps/masked25,1,5,"[3849.6637265676727,3853.226019843175,3853.6339581035854,3850.668687981771,3848.8737596469327]",3850.668687981771,"[3849.561190722857,3857.277287775351,3853.537486235727,3851.938809263961,3848.7331863264617]",3851.938809263961,,,544.0,62.0,256.0,377.0,,,
neoverse-v2,count/census-income/series_local/cp16/native16/cps/range37,1,5,"[2298.8205718078816,2296.582320080715,2295.578705225638,2296.062767005964,2295.88793953262]",2296.062767005964,"[2301.360499516648,2296.5451856836494,2295.5077226414573,2295.9819257218824,2295.8268156483405]",2295.9819257218824,,,544.0,37.0,256.0,377.0,,,
neoverse-v2,count/census-income/series_local/cp16/native16/cps/scan,1,5,"[14686.899371069301,14702.444444442259,14718.86373167189,14675.727463304229,14703.421383651965]",14702.444444442259,"[14686.348008347693,14701.94339619022,14736.12578619237,14675.50104825074,14702.899371052501]",14701.94339619022,,,544.0,256.0,256.0,377.0,,,
neoverse-v2,count/census-income/series_local/cp16/native16/cps/sparse17,1,5,"[1098.2097254911566,1096.3548235301512,1095.5772549024523,1096.7134117650216,1096.9305098021377]",1096.7134117650216,"[1098.173019602423,1096.312941172073,1095.5403921548614,1096.6828235277537,1096.9107450935053]",1096.6828235277537,,,544.0,16.0,256.0,377.0,,,
neoverse-v2,count/census-income/series_local/cp16/native16/inline/crossing15,1,5,"[150.93353330866202,150.8826474457117,150.90023522289803,150.88851723160036,150.8154686116601]",150.88851723160036,"[150.92809512500617,150.87755454329007,150.8949049385737,150.8831006278108,150.81048360979665]",150.8831006278108,,,544.0,2.0,256.0,377.0,,,
neoverse-v2,count/census-income/series_local/cp16/native16/inline/last,1,5,"[81.5328830139314,81.46526524196243,81.35676934720411,81.37258487164107,81.37671926862934]",81.37671926862934,"[81.53051883778487,81.51771967661685,81.35360158408906,81.37001106399632,81.3740988760601]",81.3740988760601,,,544.0,1.0,256.0,377.0,,,
neoverse-v2,count/census-income/series_local/cp16/native16/inline/masked25,1,5,"[3896.7119777190424,3898.799442896667,3896.128690812184,3894.6662952647835,3893.402228408767]",3896.128690812184,"[3896.598885789658,3903.57660169223,3896.048467988071,3894.559331475549,3893.2802228454543]",3896.048467988071,,,544.0,62.0,256.0,377.0,,,
neoverse-v2,count/census-income/series_local/cp16/native16/inline/range37,1,5,"[2383.292192291041,2387.3136720067014,2387.29628366689,2382.4783498106467,2383.553017388213]",2383.553017388213,"[2383.20456869868,2389.80975110115,2397.0661438811317,2382.4418683953418,2384.311285372964]",2384.311285372964,,,544.0,37.0,256.0,377.0,,,
neoverse-v2,count/census-income/series_local/cp16/native16/inline/scan,1,5,"[15429.436403529824,15431.048245604841,15437.710526312463,15441.453947355392,15424.114035081322]",15431.048245604841,"[15428.914473646497,15430.679824552888,15505.212719278317,15459.366228105664,15423.80482458396]",15430.679824552888,,,544.0,256.0,256.0,377.0,,,
neoverse-v2,count/census-income/series_local/cp16/native16/inline/sparse17,1,5,"[1094.960735039682,1094.2825506522315,1095.1314590857196,1095.7202764252997,1096.0727187059545]",1095.1314590857196,"[1094.9268101159423,1094.2495680887248,1095.1024030168585,1095.6814826466814,1097.3194597136485]",1095.1024030168585,,,544.0,16.0,256.0,377.0,,,
neoverse-v2,count/census-income/series_local/cp16/native16/materialized/crossing15,1,5,"[151.66565005211356,151.6644736840985,151.73845416503195,151.71917479958424,151.73002352717805]",151.71917479958424,"[151.65978999733062,151.6592453808119,151.73353084685962,151.71368508114878,151.7247080867468]",151.71368508114878,,,544.0,2.0,256.0,377.0,,,
neoverse-v2,count/census-income/series_local/cp16/native16/materialized/last,1,5,"[81.68690207803192,81.77391395756105,81.58303449405405,81.69955261711999,81.70997208239527]",81.69955261711999,"[81.6841920823633,81.77123900473237,81.58066324838347,81.73255148367944,81.70734385396182]",81.70734385396182,,,544.0,1.0,256.0,377.0,,,
neoverse-v2,count/census-income/series_local/cp16/native16/materialized/masked25,1,5,"[3904.2063580611875,3907.90909090644,3904.886781924688,3903.9269380933274,3901.6759620715256]",3904.2063580611875,"[3904.0786391734814,3912.737311778444,3904.794757414844,3903.8315672085614,3901.5376463800976]",3904.0786391734814,,,544.0,62.0,256.0,377.0,,,
neoverse-v2,count/census-income/series_local/cp16/native16/materialized/range37,1,5,"[2388.3800750589467,2385.308085979513,2389.8594336408264,2384.641078131719,2384.358239509716]",2385.308085979513,"[2390.8014329600437,2385.2698737717874,2398.8792221146236,2384.6032070960205,2384.281815084567]",2385.2698737717874,,,544.0,37.0,256.0,377.0,,,
neoverse-v2,count/census-income/series_local/cp16/native16/materialized/scan,1,5,"[15423.490109900651,15419.734065938348,15441.604395598935,15423.61318683391,15419.771428555377]",15423.490109900651,"[15422.997802198843,15419.318681374485,15457.624175809002,15423.182417629963,15419.33406582717]",15422.997802198843,,,544.0,256.0,256.0,377.0,,,
neoverse-v2,count/census-income/series_local/cp16/native16/materialized/sparse17,1,5,"[1100.5126592223414,1100.1350841336402,1100.1500235879723,1101.1063060237825,1101.3047648983895]",1100.5126592223414,"[1100.4824657976733,1100.1044189372005,1100.117156788442,1101.0720238999984,1101.2858940051785]",1100.4824657976733,,,544.0,16.0,256.0,377.0,,,
neoverse-v2,count/census-income/series_local/cp16/native16/shared/crossing15,1,5,"[141.7143175240601,141.79127952877323,141.69101840043066,142.0924272787811,141.8859942106602]",141.79127952877323,"[141.7106536299539,141.78775733271868,141.68678771785764,142.7640736014956,141.98194368553916]",141.78775733271868,,,544.0,2.0,256.0,377.0,,,
neoverse-v2,count/census-income/series_local/cp16/native16/shared/last,1,5,"[81.14695552391598,81.0465741675879,81.2333460838369,81.06901508040515,80.9266497432682]",81.06901508040515,"[81.14535591383054,81.04491659989436,81.30685862031457,81.0683080057564,80.92405327444682]",81.0683080057564,,,544.0,1.0,256.0,377.0,,,
neoverse-v2,count/census-income/series_local/cp16/native16/shared/masked25,1,5,"[3603.342606903148,3607.0700669816792,3602.9793920701595,3604.945904173469,3603.1916537865204]",3603.342606903148,"[3603.217928902784,3610.8619268612897,3604.138073179545,3604.8304997625,3603.080370933418]",3604.138073179545,,,544.0,62.0,256.0,377.0,,,
neoverse-v2,count/census-income/series_local/cp16/native16/shared/range37,1,5,"[2196.0204081613033,2194.547566721216,2194.1340659366524,2194.4257456794912,2194.18492935646]",2194.4257456794912,"[2198.2521193179423,2194.50392465543,2194.070957614526,2194.360125583217,2194.118053377573]",2194.360125583217,,,544.0,37.0,256.0,377.0,,,
neoverse-v2,count/census-income/series_local/cp16/native16/shared/scan,1,5,"[14151.533199175317,14138.543259577835,14150.052313883885,14147.51307847576,14136.786720332904]",14147.51307847576,"[14151.090543203078,14138.14688132546,14149.688128678752,14147.241448738949,14136.340040286947]",14147.241448738949,,,544.0,256.0,256.0,377.0,,,
neoverse-v2,count/census-income/series_local/cp16/native16/shared/sparse17,1,5,"[1027.247977642627,1028.3094572725481,1027.7636417106908,1028.1392851905366,1029.0726577420814]",1028.1392851905366,"[1027.2079717623692,1028.2735696453153,1027.737167229049,1028.108104129829,1030.1973819668033]",1028.108104129829,,,544.0,16.0,256.0,377.0,,,
neoverse-v2,count/census-income/series_local/cp16/point/shared/crossing15,1,5,"[143.9109752092075,144.08613117715825,143.94715563935463,143.7901411920142,143.8290715811989]",143.9109752092075,"[143.90666557182712,144.07888688162467,143.94251764863895,143.78576998816473,143.82560334872994]",143.90666557182712,,,544.0,2.0,256.0,377.0,,,
neoverse-v2,count/census-income/series_local/cp16/point/shared/last,1,5,"[88.22588299943078,88.041227456583,88.01391317381511,87.96365589242806,88.01213968122576]",88.01391317381511,"[88.43319428490828,88.03855472826956,88.01109057288099,87.96057101489583,88.00931708064661]",88.01109057288099,,,544.0,1.0,256.0,377.0,,,
neoverse-v2,count/census-income/series_local/cp16/point/shared/masked25,1,5,"[4158.210244194452,4159.621203098926,4164.737939249449,4157.975580706023,4156.334723045967]",4158.210244194452,"[4158.088147738549,4159.488385962377,4173.740917229538,4157.844550328421,4156.225134004267]",4158.088147738549,,,544.0,62.0,256.0,377.0,,,
neoverse-v2,count/census-income/series_local/cp16/point/shared/range37,1,5,"[2519.0536357094275,2521.4276457893798,2519.264578833527,2523.703023754298,2515.7314614783304]",2519.264578833527,"[2518.981641452779,2524.133189339556,2519.196184312219,2536.2347012300397,2515.6767458459376]",2519.196184312219,,,544.0,37.0,256.0,377.0,,,
neoverse-v2,count/census-income/series_local/cp16/point/shared/scan,1,5,"[16484.896955519154,16487.110070231724,16480.8688524409,16498.0023419221,16469.009367680545]",16484.896955519154,"[16484.306791669023,16486.646370009086,16480.311475428804,16515.969554959276,16468.487119501937]",16484.306791669023,,,544.0,256.0,256.0,377.0,,,
neoverse-v2,count/census-income/series_local/cp16/point/shared/sparse17,1,5,"[1048.1278929969844,1046.6212804317913,1047.0010519987554,1047.07694619814,1047.7533814260457]",1047.07694619814,"[1048.0918244637928,1046.5883678979235,1046.9696423193693,1047.0479410876333,1048.813495644277]",1047.0479410876333,,,544.0,16.0,256.0,377.0,,,
neoverse-v2,count/census-income/series_local/cp64/buffered16/shared/crossing15,1,5,"[181.74037034149583,181.8290491445551,182.29049144460902,181.73523973218673,181.83342448637057]",181.8290491445551,"[181.73526577672294,181.89900252601097,182.6959137433691,181.72674948614574,181.82730421651408]",181.82730421651408,,,496.0,2.0,256.0,377.0,,,
neoverse-v2,count/census-income/series_local/cp64/buffered16/shared/last,1,5,"[185.1047008548076,184.83491611269002,184.9855967079115,185.11364355809118,185.12881186033323]",185.1047008548076,"[185.27474411670525,184.82979845881337,184.98058457341733,185.10725968099618,185.29656009243678]",185.10725968099618,,,496.0,1.0,256.0,377.0,,,
neoverse-v2,count/census-income/series_local/cp64/buffered16/shared/masked25,1,5,"[3939.2015810277803,3938.4703557290113,3938.1033314546844,3940.3404856014167,4012.315640882216]",3939.2015810277803,"[3939.1061547130857,3938.356860557284,3937.999999980935,3940.219649917402,4408.320158106884]",3939.1061547130857,,,496.0,62.0,256.0,377.0,,,
neoverse-v2,count/census-income/series_local/cp64/buffered16/shared/range37,1,5,"[2254.025475652209,2253.796839726581,2253.4495324085583,2251.9738793904553,2252.5898097383492]",2253.4495324085583,"[2253.952918414625,2253.720412773814,2253.38052241753,2251.9151886429695,2252.536601099593]",2253.38052241753,,,496.0,37.0,256.0,377.0,,,
neoverse-v2,count/census-income/series_local/cp64/buffered16/shared/scan,1,5,"[14449.480492796472,14453.926078007857,14460.494866519844,14445.447638603511,14442.242299784595]",14449.480492796472,"[14449.104722752141,14453.486652934753,14460.028747421244,14445.002053431283,14441.751540026871]",14449.104722752141,,,496.0,256.0,256.0,377.0,,,
neoverse-v2,count/census-income/series_local/cp64/buffered16/shared/sparse17,1,5,"[1367.3461764119645,1365.8484255832861,1364.1433600633013,1367.8480344221846,1366.5149618629189]",1366.5149618629189,"[1367.3094073887776,1365.8061803309415,1364.1022882890304,1369.2798748314235,1366.478975156595]",1366.478975156595,,,496.0,16.0,256.0,377.0,,,
neoverse-v2,count/census-income/series_local/cp64/native16/shared/crossing15,1,5,"[141.80909738455804,141.94604660621448,141.77810114980556,141.75520504728883,141.70509819885797]",141.77810114980556,"[141.80386689777725,141.9419965398074,141.93892337530374,141.7504426577039,141.70114989240906]",141.80386689777725,,,496.0,2.0,256.0,377.0,,,
neoverse-v2,count/census-income/series_local/cp64/native16/shared/last,1,5,"[163.74715703443192,163.8697022765495,163.81328663146022,164.19990659664978,163.44870986583314]",163.81328663146022,"[163.74129597256194,163.86451838837056,163.80789258589456,164.65868067758896,163.44630472819904]",163.80789258589456,,,496.0,1.0,256.0,377.0,,,
neoverse-v2,count/census-income/series_local/cp64/native16/shared/masked25,1,5,"[3602.2040185439414,3598.5790829439843,3599.430705825192,3607.4095826848834,3604.9659969090044]",3602.2040185439414,"[3602.096342092409,3598.4590417163536,3599.3271509534907,3607.3106646078795,3604.867594002939]",3602.096342092409,,,496.0,62.0,256.0,377.0,,,
neoverse-v2,count/census-income/series_local/cp64/native16/shared/range37,1,5,"[2198.501105143036,2194.5004736338437,2193.5487843422493,2193.980107353939,2195.9930533590273]",2194.5004736338437,"[2198.463845915301,2194.448373858415,2193.4963688049493,2193.9134827971743,2199.054310078708]",2194.448373858415,,,496.0,37.0,256.0,377.0,,,
neoverse-v2,count/census-income/series_local/cp64/native16/shared/scan,1,5,"[14159.265182203773,14146.022267207052,14139.433198360955,14128.629554655712,14127.813765179255]",14139.433198360955,"[14202.70445344996,14145.526315799356,14139.165991861115,14128.26518212716,14127.443319840431]",14139.165991861115,,,496.0,256.0,256.0,377.0,,,
neoverse-v2,count/census-income/series_local/cp64/native16/shared/sparse17,1,5,"[1028.1640957839788,1029.6979579847402,1028.2344645231676,1028.6640223313575,1028.3489055382768]",1028.3489055382768,"[1028.1316292105992,1031.1638019659415,1028.1986190669918,1028.6325841065316,1028.3098281178723]",1028.3098281178723,,,496.0,16.0,256.0,377.0,,,
neoverse-v2,count/census-income/series_local/cp64/point/shared/crossing15,1,5,"[166.95771873330156,166.18356315750228,166.08602796327594,166.47237303611303,166.28455772836617]",166.28455772836617,"[166.95526834168732,166.17762936639906,166.08134339083128,166.46723201754233,166.4556767402566]",166.4556767402566,,,496.0,2.0,256.0,377.0,,,
neoverse-v2,count/census-income/series_local/cp64/point/shared/last,1,5,"[160.5021313270645,160.34203722248287,161.5958631289733,160.54888076201772,160.64522140167563]",160.54888076201772,"[160.49726305090036,160.33667978884512,161.59071533415823,160.63814027090407,160.63991055326593]",160.63814027090407,,,496.0,1.0,256.0,377.0,,,
neoverse-v2,count/census-income/series_local/cp64/point/shared/masked25,1,5,"[6431.458910429285,6423.580794090045,6422.422899355811,6428.633425667153,6424.954755317589]",6424.954755317589,"[6440.0184672090745,6423.437673160553,6422.227146839737,6428.469990747302,6424.775623268701]",6424.775623268701,,,496.0,62.0,256.0,377.0,,,
neoverse-v2,count/census-income/series_local/cp64/point/shared/range37,1,5,"[3325.973282442081,3341.5229007610756,3326.7366412160677,3327.065362598667,3325.9747137382146]",3326.7366412160677,"[3325.8907442723976,3354.2342557356164,3326.681297700038,3326.9646946327616,3325.8730915974866]",3326.681297700038,,,496.0,37.0,256.0,377.0,,,
neoverse-v2,count/census-income/series_local/cp64/point/shared/scan,1,5,"[26341.10902257324,26334.84586466782,26287.443609046684,26291.447368415837,26281.973684169396]",26291.447368415837,"[26340.28947360654,26441.537594003836,26317.315789592063,26299.81954874496,26281.078947333393]",26317.315789592063,,,496.0,256.0,256.0,377.0,,,
neoverse-v2,count/census-income/series_local/cp64/point/shared/sparse17,1,5,"[1631.6161781961803,1628.6602579109815,1638.0318874545005,1640.543024616979,1639.8733880414288]",1638.0318874545005,"[1631.5549824240106,1628.6119577947497,1637.9713950813214,1642.4649472429237,1639.8246189903152]",1637.9713950813214,,,496.0,16.0,256.0,377.0,,,
neoverse-v2,count/census-income/series_scan/cp16/buffered16/shared/crossing15,1,5,"[170.96980127909976,171.08908256417521,171.0345930372982,171.46220887670998,170.99445827840177]",171.0345930372982,"[170.96372247445808,171.08581124047643,171.23663395368047,173.07482544768084,170.9908451725801]",171.08581124047643,,,544.0,2.0,256.0,377.0,,,
neoverse-v2,count/census-income/series_scan/cp16/buffered16/shared/last,1,5,"[93.63093761787579,93.58985280636452,93.71146277024567,93.71960424875085,93.78171671973773]",93.71146277024567,"[93.62786434431585,93.5871434730467,93.70851080997205,93.85362861881723,94.26858791190226]",93.70851080997205,,,544.0,1.0,256.0,377.0,,,
neoverse-v2,count/census-income/series_scan/cp16/buffered16/shared/masked25,1,5,"[3840.895661722344,3838.234486546094,3837.057111473681,3836.2921471733443,3834.7830862178275]",3837.057111473681,"[3840.800658982396,3838.1098297557432,3836.9456342716917,3836.1762767648293,3834.694673248649]",3836.9456342716917,,,544.0,62.0,256.0,377.0,,,
neoverse-v2,count/census-income/series_scan/cp16/buffered16/shared/range37,1,5,"[2236.502084001638,2234.370952231135,2235.0949022134955,2234.867585764194,2237.9560756663363]",2235.0949022134955,"[2236.4331516378493,2234.3068291140025,2235.0256492466274,2234.8005771008893,2240.7486373675792]",2235.0256492466274,,,544.0,37.0,256.0,377.0,,,
neoverse-v2,count/census-income/series_scan/cp16/buffered16/shared/scan,1,5,"[14358.663934434133,14362.381147550685,14358.043032779815,14358.543032792064,14357.633196738574]",14358.543032792064,"[14358.323770544363,14361.97131139296,14357.64959012431,14358.219262288032,14357.19057380937]",14358.219262288032,,,544.0,256.0,256.0,377.0,,,
neoverse-v2,count/census-income/series_scan/cp16/buffered16/shared/sparse17,1,5,"[1288.6320441975045,1288.9259668502036,1289.1189686920904,1287.5779005528568,1287.8889502768334]",1288.6320441975045,"[1288.5893185980597,1290.3296500989875,1289.0950276232782,1287.536464092537,1287.8480662942416]",1288.5893185980597,,,544.0,16.0,256.0,377.0,,,
neoverse-v2,count/census-income/series_scan/cp16/native16/shared/crossing15,1,5,"[131.6859198975207,131.33399269055332,131.2223352548184,131.10436682862075,131.28314682930844]",131.28314682930844,"[132.34595531442054,131.41773105737522,131.30744885366693,131.10159752813075,131.39290154853495]",131.39290154853495,,,544.0,2.0,256.0,377.0,,,
neoverse-v2,count/census-income/series_scan/cp16/native16/shared/last,1,5,"[72.26234577414586,72.29396657105336,72.19735774233274,72.287330107595,72.17567109435727]",72.26234577414586,"[72.2599624003283,72.29163456338561,72.1954777534547,72.35254414924091,72.17396574901623]",72.2599624003283,,,544.0,1.0,256.0,377.0,,,
neoverse-v2,count/census-income/series_scan/cp16/native16/shared/masked25,1,5,"[3561.7794192540805,3563.2338257774104,3561.2990320970725,3561.8553234831534,3561.6963830871305]",3561.7794192540805,"[3561.6535914309097,3564.6393275662876,3561.1716759952947,3561.728476829296,3561.602648984407]",3561.6535914309097,,,544.0,62.0,256.0,377.0,,,
neoverse-v2,count/census-income/series_scan/cp16/native16/shared/range37,1,5,"[2185.100593560604,2186.0109340857016,2185.907216497745,2186.3833177111123,2188.3327085279534]",2186.0109340857016,"[2185.0390502911127,2185.942830355819,2185.8412995924327,2186.315838806008,2190.4451733865517]",2185.942830355819,,,544.0,37.0,256.0,377.0,,,
neoverse-v2,count/census-income/series_scan/cp16/native16/shared/scan,1,5,"[14072.84909457076,14055.674044277543,14053.961770644133,14055.15694164051,14053.195171033156]",14055.15694164051,"[14072.611670018128,14055.331991921063,14053.537223418232,14054.776659968942,14052.740442696793]",14054.776659968942,,,544.0,256.0,256.0,377.0,,,
neoverse-v2,count/census-income/series_scan/cp16/native16/shared/sparse17,1,5,"[948.2551255947138,949.9318397837337,948.354786150964,948.9976917844085,948.5737949757983]",948.5737949757983,"[948.2270196807685,949.9037338813656,948.3246435793842,948.9638832271573,948.5511201630279]",948.5511201630279,,,544.0,16.0,256.0,377.0,,,
neoverse-v2,count/census-income/series_scan/cp16/point/shared/crossing15,1,5,"[138.55687948305223,139.0833679135431,138.49423992727168,138.33736439622612,138.32325567618486]",138.49423992727168,"[138.55255201846518,139.19262157366632,138.6618056783076,138.33333333327695,138.31908629250879]",138.55255201846518,,,544.0,2.0,256.0,377.0,,,
neoverse-v2,count/census-income/series_scan/cp16/point/shared/last,1,5,"[82.30993819718368,82.29127891825692,82.33277686994087,82.35252539602494,82.31063673601912]",82.31063673601912,"[82.30740451360788,82.28905306519466,82.3303971017901,82.4450285334868,82.30847008105488]",82.30847008105488,,,544.0,1.0,256.0,377.0,,,
neoverse-v2,count/census-income/series_scan/cp16/point/shared/masked25,1,5,"[4070.7373325564645,4074.9464181777616,4072.6808386691264,4072.6825859090254,4077.249271980318]",4072.6825859090254,"[4070.61211414398,4076.7792661524936,4072.5165987310984,4072.5492137434517,4098.924868943006]",4072.5492137434517,,,544.0,62.0,256.0,377.0,,,
neoverse-v2,count/census-income/series_scan/cp16/point/shared/range37,1,5,"[2400.5746217318133,2399.0333562592364,2397.400618979608,2399.2713204959673,2398.670563957763]",2399.0333562592364,"[2400.4900275044242,2398.9673314896017,2397.3167125272885,2399.2111416898133,2401.149931217941]",2399.2111416898133,,,544.0,37.0,256.0,377.0,,,
neoverse-v2,count/census-income/series_scan/cp16/point/shared/scan,1,5,"[16065.903448288058,16021.53563218398,16018.947126435027,16027.659770131699,16027.239080482554]",16027.239080482554,"[16087.714942548848,16021.206896630769,16018.45977010553,16027.124137895305,16026.742528815335]",16026.742528815335,,,544.0,256.0,256.0,377.0,,,
neoverse-v2,count/census-income/series_scan/cp16/point/shared/sparse17,1,5,"[1018.2892021492462,1020.8485685230715,1019.4497892732049,1018.707309984477,1017.7966865286195]",1018.707309984477,"[1018.2591193187374,1021.9947682047358,1019.4274088064958,1018.6808603373089,1017.771690157679]",1018.6808603373089,,,544.0,16.0,256.0,377.0,,,
neoverse-v2,count/census-income/series_scan/cp64/buffered16/shared/crossing15,1,5,"[170.93266443687293,171.00579710137598,170.73338288147983,171.30969899664296,170.80292332461408]",170.93266443687293,"[170.92644617946252,171.18117180682154,170.72909698944272,171.41602873775162,170.7975473795749]",170.92644617946252,,,496.0,2.0,256.0,377.0,,,
neoverse-v2,count/census-income/series_scan/cp64/buffered16/shared/last,1,5,"[173.9648908903536,174.34710990574987,175.11791783822073,173.80424991908882,174.1056756823686]",174.1056756823686,"[173.96001393498335,174.34161088912327,175.3111547938598,173.79909925563427,174.09965413350875]",174.09965413350875,,,496.0,1.0,256.0,377.0,,,
neoverse-v2,count/census-income/series_scan/cp64/buffered16/shared/masked25,1,5,"[3840.7705817785145,3841.9313940653983,3839.1470911032857,3846.5790340316576,3839.93249177034]",3840.7705817785145,"[3840.6684961693695,3841.8111964879313,3839.051042829914,3851.192645443336,3839.8825466762983]",3840.6684961693695,,,496.0,62.0,256.0,377.0,,,
neoverse-v2,count/census-income/series_scan/cp64/buffered16/shared/range37,1,5,"[2235.9344000005876,2236.3455999993676,2235.0323199998456,2236.199359999773,2234.101119997831]",2235.9344000005876,"[2235.870079985034,2236.270399989735,2234.967679996771,2238.506879984925,2234.043839998776]",2235.870079985034,,,496.0,37.0,256.0,377.0,,,
neoverse-v2,count/census-income/series_scan/cp64/buffered16/shared/scan,1,5,"[14341.527494896343,14336.454175162351,14347.902240334812,14342.018329945799,14341.682281059864]",14341.682281059864,"[14341.18533606645,14336.087576354015,14347.494908325549,14341.645621193502,14341.270875802866]",14341.270875802866,,,496.0,256.0,256.0,377.0,,,
neoverse-v2,count/census-income/series_scan/cp64/buffered16/shared/sparse17,1,5,"[1293.175133937742,1289.931830778111,1287.3728062059233,1287.486975797905,1286.0519120644801]",1287.486975797905,"[1294.6151856627944,1289.912433029683,1287.3338259810828,1287.4503971943845,1286.004249036287]",1287.4503971943845,,,496.0,16.0,256.0,377.0,,,
neoverse-v2,count/census-income/series_scan/cp64/native16/shared/crossing15,1,5,"[130.7274580201075,130.7567036912528,130.82192677372373,130.71663113799295,130.67912038586027]",130.7274580201075,"[130.87914656525672,131.2882867717519,130.8192153778271,130.71246119867402,130.6745016646244]",130.8192153778271,,,496.0,2.0,256.0,377.0,,,
neoverse-v2,count/census-income/series_scan/cp64/native16/shared/last,1,5,"[155.1566300071819,154.79289610168476,152.83456276800732,152.9554944564505,152.58974874805298]",152.9554944564505,"[155.1512428461102,154.9869679894772,152.83076269600332,152.95455561532995,152.586306330505]",152.95455561532995,,,496.0,1.0,256.0,377.0,,,
neoverse-v2,count/census-income/series_scan/cp64/native16/shared/masked25,1,5,"[3561.3452138545285,3560.089613033657,3559.775458248647,3565.4928716879176,3562.645112015127]",3561.3452138545285,"[3561.2347250524426,3559.9801425796836,3559.67413439868,3569.4969450133667,3562.557535662078]",3561.2347250524426,,,496.0,62.0,256.0,377.0,,,
neoverse-v2,count/census-income/series_scan/cp64/native16/shared/range37,1,5,"[2186.734604565524,2184.91809940507,2186.4926539559297,2185.67458580747,2185.8524538937468]",2185.8524538937468,"[2187.571428563415,2184.8502657092004,2189.536417631821,2185.6145670555275,2185.787746172783]",2185.787746172783,,,496.0,37.0,256.0,377.0,,,
neoverse-v2,count/census-income/series_scan/cp64/native16/shared/scan,1,5,"[14023.620758490584,14022.504990027379,14027.644710578958,14026.425149691993,14051.209580845203]",14026.425149691993,"[14023.26746515455,14022.07784426927,14027.209580873347,14026.011976040569,14066.78842318024]",14026.011976040569,,,496.0,256.0,256.0,377.0,,,
neoverse-v2,count/census-income/series_scan/cp64/native16/shared/sparse17,1,5,"[945.5525070948721,945.5352074602755,945.2138126784538,944.7402351672083,944.9303959996419]",945.2138126784538,"[945.5239897353841,945.508852545749,945.1829977047488,944.7125287195393,944.9039059293043]",945.1829977047488,,,496.0,16.0,256.0,377.0,,,
neoverse-v2,count/census-income/series_scan/cp64/point/shared/crossing15,1,5,"[156.07711554917793,157.08703394792025,157.05313105813747,156.03633740579144,155.73743293825865]",156.07711554917793,"[156.07154772015545,157.25016906336313,157.04952436742832,156.03246021488084,155.7333979534282]",156.07154772015545,,,496.0,2.0,256.0,377.0,,,
neoverse-v2,count/census-income/series_scan/cp64/point/shared/last,1,5,"[157.24973902229158,162.21517890837802,155.78271105878565,155.5457210760066,150.3520645001755]",155.78271105878565,"[157.24456388939018,162.20931523852855,155.94256268990682,155.54150101083093,150.99833418476814]",155.94256268990682,,,496.0,1.0,256.0,377.0,,,
neoverse-v2,count/census-income/series_scan/cp64/point/shared/masked25,1,5,"[6053.751080383335,6042.765773561449,6036.791702673223,6040.364736388084,6044.334485739757]",6042.765773561449,"[6053.596369915524,6042.591184085374,6036.604148635619,6040.166810698801,6051.167675053476]",6042.591184085374,,,496.0,62.0,256.0,377.0,,,
neoverse-v2,count/census-income/series_scan/cp64/point/shared/range37,1,5,"[2994.7232947231782,2996.6490776513174,3002.6791076803643,3012.6370656331287,3003.7108537075546]",3002.6791076803643,"[2997.8412698308916,2996.585156592776,3002.580866584664,3016.4688974771843,3003.6722436687983]",3002.580866584664,,,496.0,37.0,256.0,377.0,,,
neoverse-v2,count/census-income/series_scan/cp64/point/shared/scan,1,5,"[24753.10676155189,24692.69395017208,24684.725978652645,24677.74733093205,24670.832740232112]",24684.725978652645,"[24752.423487524575,24691.868327327968,24684.06761554563,24677.060498172934,24670.035587191822]",24684.06761554563,,,496.0,256.0,256.0,377.0,,,
neoverse-v2,count/census-income/series_scan/cp64/point/shared/sparse17,1,5,"[1529.9130530009402,1525.4467805524546,1524.41261498086,1523.9912395969632,1526.3742882159636]",1525.4467805524546,"[1531.5389837820078,1525.4156811302007,1524.3716600912123,1523.9601401684845,1526.3379325483754]",1525.4156811302007,,,496.0,16.0,256.0,377.0,,,
neoverse-v2,count/census-income/tuple_absolute6/cp16/point/shared/crossing15,1,5,"[125.33465293314921,125.27294223023537,125.32279444697231,124.95622033139493,124.9578145991371]",125.27294223023537,"[125.33078369937869,125.26900134346435,125.31910434353927,124.95285266404579,124.9541782352635]",125.26900134346435,,,1536.0,2.0,256.0,377.0,,,
neoverse-v2,count/census-income/tuple_absolute6/cp16/point/shared/last,1,5,"[66.98401700726242,67.22793641579923,66.93704401606912,67.09043822778017,67.11695414782129]",67.09043822778017,"[67.05117649883411,67.22628400271557,66.93491810406263,67.0880900613566,67.11470261424853]",67.0880900613566,,,1536.0,1.0,256.0,377.0,,,
neoverse-v2,count/census-income/tuple_absolute6/cp16/point/shared/masked25,1,5,"[3519.659240504253,3511.8637974688636,3512.8359493616895,3513.3270886032583,3516.0394936769126]",3513.3270886032583,"[3519.5164556931054,3511.784303796797,3517.196962029975,3513.248607593101,3515.924050629386]",3515.924050629386,,,1536.0,62.0,256.0,377.0,,,
neoverse-v2,count/census-income/tuple_absolute6/cp16/point/shared/range37,1,5,"[2171.9427860689034,2172.5889303501563,2173.141169153212,2169.9434079597263,2170.9897388048]",2171.9427860689034,"[2171.87997512948,2172.5174129335132,2173.097636828977,2169.88401742191,2170.941853226489]",2171.87997512948,,,1536.0,37.0,256.0,377.0,,,
neoverse-v2,count/census-income/tuple_absolute6/cp16/point/shared/scan,1,5,"[14013.763527049185,14037.883767532356,13994.420841672827,14020.02204408135,14027.725450905828]",14020.02204408135,"[14013.32464926448,14042.541082091304,13993.931863733415,14039.91983964576,14027.288577193383]",14027.288577193383,,,1536.0,256.0,256.0,377.0,,,
neoverse-v2,count/census-income/tuple_absolute6/cp16/point/shared/sparse17,1,5,"[892.4427753021359,892.8468491404196,893.3131763206993,890.2193507319124,891.9915977089083]",892.4427753021359,"[892.4152768948221,892.8216422682547,893.2823679185723,890.1963080833679,891.9669000593389]",892.4152768948221,,,1536.0,16.0,256.0,377.0,,,
neoverse-v2,count/census-income/tuple_checkpoint2/cp16/buffered16/shared/crossing15,1,5,"[182.19090506801598,182.4392066012984,182.44100268103006,182.30960251986838,184.05349194375378]",182.4392066012984,"[182.18408517130516,182.43332378906987,182.43436499413244,182.30304292257364,184.04706249875647]",182.43332378906987,,,576.0,2.0,256.0,377.0,,,
neoverse-v2,count/census-income/tuple_checkpoint2/cp16/buffered16/shared/last,1,5,"[98.66750740996791,98.93892498855601,99.87851972183002,98.71587152290536,98.84498973996088]",98.84498973996088,"[98.66450068382356,98.93597526175787,99.87465800285987,98.71242305071407,99.28858869192852]",98.93597526175787,,,576.0,1.0,256.0,377.0,,,
neoverse-v2,count/census-income/tuple_checkpoint2/cp16/buffered16/shared/masked25,1,5,"[3922.54073661169,3911.2762276828835,3904.4073660684676,3908.022879465075,3920.748883929586]",3911.2762276828835,"[3922.409040172223,3915.3978794725926,3904.3219866030654,3907.899553575892,3920.6484374927036]",3915.3978794725926,,,576.0,62.0,256.0,377.0,,,
neoverse-v2,count/census-income/tuple_checkpoint2/cp16/buffered16/shared/range37,1,5,"[2253.965217388922,2253.0624798684726,2250.5072463755073,2253.6141706907524,2249.6444444415474]",2253.0624798684726,"[2253.925281797856,2254.841545882608,2250.438647339448,2255.540096615843,2249.593880852018]",2253.925281797856,,,576.0,37.0,256.0,377.0,,,
neoverse-v2,count/census-income/tuple_checkpoint2/cp16/buffered16/shared/scan,1,5,"[14426.145491796195,14419.36270494671,14423.756147525488,14448.850409843877,14427.909836066148]",14426.145491796195,"[14425.686475364771,14419.010245872034,14423.297131094067,14470.86475420225,14427.58196715744]",14425.686475364771,,,576.0,256.0,256.0,377.0,,,
neoverse-v2,count/census-income/tuple_checkpoint2/cp16/buffered16/shared/sparse17,1,5,"[1378.959405939224,1378.5378217818054,1380.3607920819315,1380.2160396038528,1383.0342574252506]",1380.2160396038528,"[1378.9154455381404,1378.4899009815401,1380.318019809607,1380.1760396047644,1384.626732668057]",1380.1760396047644,,,576.0,16.0,256.0,377.0,,,
neoverse-v2,count/census-income/tuple_checkpoint2/cp16/native16/shared/crossing15,1,5,"[135.8858267715734,135.7783639114621,135.78338699026926,135.9226174314429,135.8188588493625]",135.8188588493625,"[135.88099763364343,135.77485357430842,135.78001241277695,135.9178270824601,135.81381637663296]",135.81381637663296,,,576.0,2.0,256.0,377.0,,,
neoverse-v2,count/census-income/tuple_checkpoint2/cp16/native16/shared/last,1,5,"[76.58383854063828,76.66230729155481,76.65663271536897,76.80093541852052,76.76620080459544]",76.66230729155481,"[76.58131158049248,76.65992441281536,76.65438283436613,76.84280758530927,76.76345218176527]",76.65992441281536,,,576.0,1.0,256.0,377.0,,,
neoverse-v2,count/census-income/tuple_checkpoint2/cp16/native16/shared/masked25,1,5,"[3612.452713176,3622.2837209316713,3618.682170545353,3618.210335915875,3613.147286825472]",3618.210335915875,"[3612.316795853929,3626.305426349284,3632.674418602887,3618.1643410708475,3613.0351421188584]",3618.1643410708475,,,576.0,62.0,256.0,377.0,,,
neoverse-v2,count/census-income/tuple_checkpoint2/cp16/native16/shared/range37,1,5,"[2198.0006269571054,2194.024137928419,2193.245454545233,2193.036677114083,2192.610031349737]",2193.245454545233,"[2200.1764890201143,2193.9771160010014,2193.177429455666,2192.9667711666643,2192.54827585762]",2193.177429455666,,,576.0,37.0,256.0,377.0,,,
neoverse-v2,count/census-income/tuple_checkpoint2/cp16/native16/shared/scan,1,5,"[14108.567404411562,14109.740442645067,14121.975855138662,14116.38430581629,14105.289738423176]",14109.740442645067,"[14108.227364163422,14115.06438639013,14136.657947686435,14116.0462776479,14104.87927558396]",14115.06438639013,,,576.0,256.0,256.0,377.0,,,
neoverse-v2,count/census-income/tuple_checkpoint2/cp16/native16/shared/sparse17,1,5,"[990.2404526170407,988.3345120225672,990.541725601284,988.7282885434972,989.1038189540999]",989.1038189540999,"[990.2066478117239,988.3048090528276,990.5093352222364,989.7888260261303,989.0831683189141]",989.7888260261303,,,576.0,16.0,256.0,377.0,,,
neoverse-v2,count/census-income/tuple_checkpoint2/cp16/point/shared/crossing15,1,5,"[164.58335882529838,164.41621761529515,164.50328258476856,164.5777113676979,164.50850648285672]",164.50850648285672,"[164.5777819608385,164.41122902879027,164.4981292804898,164.57293455894282,164.50302374269575]",164.50302374269575,,,576.0,2.0,256.0,377.0,,,
neoverse-v2,count/census-income/tuple_checkpoint2/cp16/point/shared/last,1,5,"[107.97035261358165,107.37797711100461,107.24870089708963,107.30910918643745,107.62881224868778]",107.37797711100461,"[108.09138571023111,107.37562635300003,107.32129601017031,107.30550572246901,107.62573461183808]",107.37562635300003,,,576.0,1.0,256.0,377.0,,,
neoverse-v2,count/census-income/tuple_checkpoint2/cp16/point/shared/masked25,1,5,"[4853.619542625153,4845.05405405017,4855.272349279302,4857.559944561673,4850.359667361454]",4853.619542625153,"[4853.476784455811,4844.906444917429,4864.382536370191,4881.6680526357795,4850.203742209862]",4853.476784455811,,,576.0,62.0,256.0,377.0,,,
neoverse-v2,count/census-income/tuple_checkpoint2/cp16/point/shared/range37,1,5,"[2861.0940310716096,2863.8810302536044,2859.0290269823804,2870.73916598204,2862.05600981212]",2862.05600981212,"[2861.009811928457,2866.845053152262,2858.973426008206,2883.100981209716,2862.0016353288265]",2862.0016353288265,,,576.0,37.0,256.0,377.0,,,
neoverse-v2,count/census-income/tuple_checkpoint2/cp16/point/shared/scan,1,5,"[18974.084010838902,18973.455284576645,18976.10840108663,18991.593495928675,18975.40108398382]",18975.40108398382,"[18973.528455266263,18972.943089441196,18981.924119166582,19012.363143610608,18974.848238525155]",18974.848238525155,,,576.0,256.0,256.0,377.0,,,
neoverse-v2,count/census-income/tuple_checkpoint2/cp16/point/shared/sparse17,1,5,"[1203.1449525450196,1201.3729076786585,1203.9516824845477,1202.3247627263977,1205.8816220879407]",1203.1449525450196,"[1203.1057808524595,1201.3335634106559,1203.9187230395385,1202.2904227857473,1210.8207074969562]",1203.1057808524595,,,576.0,16.0,256.0,377.0,,,
neoverse-v2,count/census-income/tuple_checkpoint2/cp64/buffered16/shared/crossing15,1,5,"[183.01688535737833,182.35077630815076,182.6445187933571,183.28469862487796,182.2812222280537]",182.6445187933571,"[183.01037691369686,182.34421558874553,182.8652569401545,183.28001986532868,182.27589000877146]",182.8652569401545,,,528.0,2.0,256.0,377.0,,,
neoverse-v2,count/census-income/tuple_checkpoint2/cp64/buffered16/shared/last,1,5,"[237.59915840888291,239.76415094361715,237.25108592348963,237.06949911750843,237.6645853132339]",237.59915840888291,"[237.59196416464783,255.49565630444692,237.85974616531473,237.0622709380339,237.6560336632797]",237.6560336632797,,,528.0,1.0,256.0,377.0,,,
neoverse-v2,count/census-income/tuple_checkpoint2/cp64/buffered16/shared/masked25,1,5,"[3899.9687674251086,3927.000000003678,3899.846068044305,3901.423870615555,3905.1282766324166]",3901.423870615555,"[3899.885666460194,3926.866146132269,3899.7267150146454,3901.307306194677,3910.455660917386]",3901.307306194677,,,528.0,62.0,256.0,377.0,,,
neoverse-v2,count/census-income/tuple_checkpoint2/cp64/buffered16/shared/range37,1,5,"[2250.780424986229,2251.9385061158264,2250.55988409196,2255.3393432064804,2250.68802318134]",2250.780424986229,"[2250.7263361214827,2251.8676754733374,2250.4867997479178,2258.5705086946173,2250.627495170605]",2250.7263361214827,,,528.0,37.0,256.0,377.0,,,
neoverse-v2,count/census-income/tuple_checkpoint2/cp64/buffered16/shared/scan,1,5,"[14440.429158133173,14418.075975355896,14411.544147847184,14419.441478439536,14417.981519510517]",14418.075975355896,"[14456.236139574487,14417.696098607998,14411.08829569718,14418.995893296487,14417.552361444372]",14417.696098607998,,,528.0,256.0,256.0,377.0,,,
neoverse-v2,count/census-income/tuple_checkpoint2/cp64/buffered16/shared/sparse17,1,5,"[1380.554131336308,1381.1366594364313,1378.3383947940156,1379.9641096431558,1380.8024058358012]",1380.554131336308,"[1387.943798061507,1382.7657266881315,1378.3001380353571,1379.9167817044406,1380.7560638994873]",1380.7560638994873,,,528.0,16.0,256.0,377.0,,,
neoverse-v2,count/census-income/tuple_checkpoint2/cp64/native16/shared/crossing15,1,5,"[135.95481869303967,135.7162885398855,135.7508241224838,135.77835951134952,135.76973046322172]",135.76973046322172,"[136.16464999037538,135.71130502295756,135.74632538253428,135.77364746886815,135.76521233208285]",135.76521233208285,,,528.0,2.0,256.0,377.0,,,
neoverse-v2,count/census-income/tuple_checkpoint2/cp64/native16/shared/last,1,5,"[219.06046423985444,218.99767566035493,219.05961617004004,218.85918899393306,218.62113264445733]",218.99767566035493,"[219.2174199833256,219.14633916544238,219.05437070060935,219.00596789829225,218.61620127566877]",219.05437070060935,,,528.0,1.0,256.0,377.0,,,
neoverse-v2,count/census-income/tuple_checkpoint2/cp64/native16/shared/masked25,1,5,"[3612.858251422188,3613.4055871672313,3614.6352819428516,3609.3838592848565,3610.8297982400213]",3612.858251422188,"[3612.7537506632766,3613.3067770212147,3620.0910501780368,3609.276254501809,3610.7346094064856]",3612.7537506632766,,,528.0,62.0,256.0,377.0,,,
neoverse-v2,count/census-income/tuple_checkpoint2/cp64/native16/shared/range37,1,5,"[2193.6809777524227,2192.9630209986576,2194.612660608501,2192.8301472892686,2194.2156063929556]",2193.6809777524227,"[2193.608900016742,2192.8950172357945,2194.555938576436,2192.7677843851247,2194.15167658955]",2193.608900016742,,,528.0,37.0,256.0,377.0,,,
neoverse-v2,count/census-income/tuple_checkpoint2/cp64/native16/shared/scan,1,5,"[14120.014056226617,14121.598393600094,14115.126506006649,14126.933734929027,14126.965863445743]",14121.598393600094,"[14119.186747063895,14121.128514028875,14114.744979942005,14126.445783145631,14126.467871493738]",14121.128514028875,,,528.0,256.0,256.0,377.0,,,
neoverse-v2,count/census-income/tuple_checkpoint2/cp64/native16/shared/sparse17,1,5,"[984.7286645885818,985.391409130624,984.4815707413243,984.3898497309261,984.1750779710876]",984.4815707413243,"[984.6964842591727,985.3617805521687,984.4503827562626,984.7407144908481,984.1441735201772]",984.6964842591727,,,528.0,16.0,256.0,377.0,,,
neoverse-v2,count/census-income/tuple_checkpoint2/cp64/point/shared/crossing15,1,5,"[206.20050783915661,206.10729575704704,206.13640792461686,206.33750627431036,206.41421358762608]",206.20050783915661,"[206.1944255815902,206.10050488682637,206.1300008863555,206.53972659299072,206.40854468555318]",206.1944255815902,,,528.0,2.0,256.0,377.0,,,
neoverse-v2,count/census-income/tuple_checkpoint2/cp64/point/shared/last,1,5,"[239.57987154981615,238.96857064808336,240.34708936853218,238.8352008745667,239.9195135282006]",239.57987154981615,"[239.57225334858367,238.96112325674167,240.5240502868934,238.82696775093075,240.21457365272252]",239.57225334858367,,,528.0,1.0,256.0,377.0,,,
neoverse-v2,count/census-income/tuple_checkpoint2/cp64/point/shared/masked25,1,5,"[9065.816166879382,9040.318122548655,9057.53194263841,9046.139504561048,9049.481095186287]",9049.481095186287,"[9065.556714450551,9040.057366389703,9057.310299828265,9045.852672780644,9049.194263405883]",9049.194263405883,,,528.0,62.0,256.0,377.0,,,
neoverse-v2,count/census-income/tuple_checkpoint2/cp64/point/shared/range37,1,5,"[4282.499693060907,4283.998158381085,4276.72928176799,4285.325352971041,4284.111724989219]",4283.998158381085,"[4282.381829313634,4283.8520564616265,4276.625537128618,4285.205647648789,4288.874769810061]",4283.8520564616265,,,528.0,37.0,256.0,377.0,,,
neoverse-v2,count/census-income/tuple_checkpoint2/cp64/point/shared/scan,1,5,"[36353.01041667501,36338.13020835023,36402.1510416516,36345.9583333133,36377.46354160735]",36353.01041667501,"[36351.93750017862,36337.062499984066,36401.47916665152,36344.786458345865,36375.66145838396]",36351.93750017862,,,528.0,256.0,256.0,377.0,,,
neoverse-v2,count/census-income/tuple_checkpoint2/cp64/point/shared/sparse17,1,5,"[2281.135887361173,2284.2282252785935,2281.6165684377206,2283.555009823589,2278.1313032119133]",2281.6165684377206,"[2281.0582842194767,2284.1758349664656,2284.213817947412,2283.4770792552386,2278.0746561950677]",2283.4770792552386,,,528.0,16.0,256.0,377.0,,,
neoverse-v2,count/census-income/tuple_folded2/cp16/buffered16/shared/crossing15,1,5,"[249.09047788839504,248.9761768898669,249.01465763218752,248.99475748915464,249.02400142627275]",249.01465763218752,"[249.08327389426535,248.96736804678412,249.0062767466632,248.98537803058798,249.10934379441107]",249.0062767466632,,,576.0,2.0,256.0,377.0,,,
neoverse-v2,count/census-income/tuple_folded2/cp16/buffered16/shared/last,1,5,"[134.51345843277616,134.35684072891556,134.74355917867092,134.39421671915872,134.10764823495404]",134.39421671915872,"[134.64892717062972,134.35468738005673,135.28745289576725,134.3914096745349,134.1030723678777]",134.3914096745349,,,576.0,1.0,256.0,377.0,,,
neoverse-v2,count/census-income/tuple_folded2/cp16/buffered16/shared/masked25,1,5,"[4290.463190184004,4289.5773006099,4298.1981595127145,4291.190184050338,4290.284049073605]",4290.463190184004,"[4290.315337443728,4289.474233116709,4303.362576686378,4291.081595064681,4290.153987713151]",4290.315337443728,,,576.0,62.0,256.0,377.0,,,
neoverse-v2,count/census-income/tuple_folded2/cp16/buffered16/shared/range37,1,5,"[2320.804571047661,2324.038092082705,2320.330573034689,2320.2119907246215,2319.9205034766064]",2320.330573034689,"[2320.7340178820546,2329.795627675007,2320.2520702115153,2320.1311692491663,2319.8449817838464]",2320.2520702115153,,,576.0,37.0,256.0,377.0,,,
neoverse-v2,count/census-income/tuple_folded2/cp16/buffered16/shared/scan,1,5,"[14906.362288122318,14898.675847470744,14893.538135595223,14892.06355932246,14910.743644055745]",14898.675847470744,"[14905.838983062018,14898.186440567793,14892.976694983707,14891.542372823604,14910.413135644145]",14898.186440567793,,,576.0,256.0,256.0,377.0,,,
neoverse-v2,count/census-income/tuple_folded2/cp16/buffered16/shared/sparse17,1,5,"[1854.271394293009,1846.7395361237768,1850.2511330338891,1856.2975206602575,1857.3484404129122]",1854.271394293009,"[1854.2260730548514,1846.6846174403543,1850.1858171155704,1856.2434017551004,1857.2823247087508]",1854.2260730548514,,,576.0,16.0,256.0,377.0,,,
neoverse-v2,count/census-income/tuple_folded2/cp16/native16/shared/crossing15,1,5,"[136.425270307346,136.28748194683794,136.39507787211144,136.51200281025413,136.33637144314665]",136.39507787211144,"[136.42002029763862,136.28326632665727,136.390569500225,136.50737733652053,136.33151176849222]",136.390569500225,,,576.0,2.0,256.0,377.0,,,
neoverse-v2,count/census-income/tuple_folded2/cp16/native16/shared/last,1,5,"[76.65027112460817,76.69090689551079,76.65672542864121,76.66322363935161,76.47632324201244]",76.65672542864121,"[76.7288643492677,76.68879936782244,76.65428859962482,76.66068801976522,76.47428157449612]",76.66068801976522,,,576.0,1.0,256.0,377.0,,,
neoverse-v2,count/census-income/tuple_folded2/cp16/native16/shared/masked25,1,5,"[3590.7651592980187,3596.3607399810758,3596.6916752310453,3587.7106885917347,3594.6772867431255]",3594.6772867431255,"[3591.88180882021,3611.3576567400996,3600.7898252910727,3587.6392600016165,3595.8494347355877]",3595.8494347355877,,,576.0,62.0,256.0,377.0,,,
neoverse-v2,count/census-income/tuple_folded2/cp16/native16/shared/range37,1,5,"[2188.34763545013,2190.43689320409,2187.6962104619183,2187.314751016755,2187.36392107699]",2187.6962104619183,"[2188.2853116082497,2192.5906670812947,2187.6357657418744,2187.2561854185474,2187.3025368027043]",2187.6357657418744,,,576.0,37.0,256.0,377.0,,,
neoverse-v2,count/census-income/tuple_folded2/cp16/native16/shared/scan,1,5,"[14111.905241927461,14107.741935468022,14104.52419355281,14129.68548386573,14111.23588709067]",14111.23588709067,"[14111.419354840624,14107.38104834855,14104.080645186315,14144.181451589402,14110.887096789369]",14110.887096789369,,,576.0,256.0,256.0,377.0,,,
neoverse-v2,count/census-income/tuple_folded2/cp16/native16/shared/sparse17,1,5,"[985.9420718806019,990.3578576470551,985.0920366447915,985.9946441154142,986.2993657505444]",985.9946441154142,"[985.89076815335,991.1933756124791,985.061451730815,985.9646229687775,987.5058491892639]",985.9646229687775,,,576.0,16.0,256.0,377.0,,,
neoverse-v2,count/census-income/tuple_folded2/cp16/point/shared/crossing15,1,5,"[140.20849636672847,139.98616545557843,140.12598818169977,140.1979158350245,140.01411403024406]",140.12598818169977,"[140.34093268337304,139.98279166357347,140.25409246969954,140.2684260963042,140.0091032500196]",140.25409246969954,,,576.0,2.0,256.0,377.0,,,
neoverse-v2,count/census-income/tuple_folded2/cp16/point/shared/last,1,5,"[85.39856064117595,85.48703599619928,85.35541653435823,85.39075291418399,85.40403460313235]",85.39856064117595,"[85.39567703646328,85.56904767690978,85.35237408642007,85.38832139999214,85.40168861938713]",85.39567703646328,,,576.0,1.0,256.0,377.0,,,
neoverse-v2,count/census-income/tuple_folded2/cp16/point/shared/masked25,1,5,"[3987.9748715023743,3982.7989720202795,3989.1701884676504,3986.161621936902,3987.1364934282587]",3987.1364934282587,"[3989.428326663284,3982.6521987174588,3993.1856082495933,3986.102798404652,3987.0485436901517]",3987.0485436901517,,,576.0,62.0,256.0,377.0,,,
neoverse-v2,count/census-income/tuple_folded2/cp16/point/shared/range37,1,5,"[2407.6150137770805,2406.870867767499,2411.804752067087,2410.6322314055624,2407.498966939193]",2407.6150137770805,"[2407.550619843369,2406.7995867808763,2414.224173551792,2410.5895316726183,2407.4376721658346]",2407.550619843369,,,576.0,37.0,256.0,377.0,,,
neoverse-v2,count/census-income/tuple_folded2/cp16/point/shared/scan,1,5,"[15692.934831442952,15691.361797764606,15670.61123595844,15678.752808987176,15693.856179753955]",15691.361797764606,"[15692.433707877837,15690.941572986783,15670.193258475601,15678.274157349999,15709.853932569305]",15690.941572986783,,,576.0,256.0,256.0,377.0,,,
neoverse-v2,count/census-income/tuple_folded2/cp16/point/shared/sparse17,1,5,"[1001.3478758415143,1002.4542983843488,1003.6659991426106,1005.1225861811375,1004.3242740660799]",1003.6659991426106,"[1001.3201258800605,1002.421255894865,1003.638535260237,1009.5744528647593,1005.7881562024595]",1003.638535260237,,,576.0,16.0,256.0,377.0,,,
neoverse-v2,count/census-income/tuple_folded2/cp64/buffered16/shared/crossing15,1,5,"[244.9378013842019,244.53672513782257,244.59148088589038,244.45943112761677,244.938849674829]",244.59148088589038,"[245.1623453769537,244.53036550374776,244.58257041183586,244.45097491179123,245.17233908679148]",244.58257041183586,,,528.0,2.0,256.0,377.0,,,
neoverse-v2,count/census-income/tuple_folded2/cp64/buffered16/shared/last,1,5,"[196.9269370407735,196.44822830784176,196.81891869066197,196.63952604737324,196.83639638654168]",196.81891869066197,"[196.9203512421116,196.44093889809034,196.81185443682716,196.63268694985499,196.83012017701512]",196.81185443682716,,,528.0,1.0,256.0,377.0,,,
neoverse-v2,count/census-income/tuple_folded2/cp64/buffered16/shared/masked25,1,5,"[4293.352760735482,4291.981595093377,4289.711042947894,4286.328834355899,4288.102453984159]",4289.711042947894,"[4297.67300614734,4291.851533767795,4289.578527608225,4286.204294453037,4287.973006131586]",4289.578527608225,,,528.0,62.0,256.0,377.0,,,
neoverse-v2,count/census-income/tuple_folded2/cp64/buffered16/shared/range37,1,5,"[2323.5940199336624,2319.36345514658,2319.0551495015575,2319.943521594906,2319.963787373773]",2319.943521594906,"[2326.031229239353,2319.3156146157817,2318.971760786798,2319.8710963421045,2319.8916943575355]",2319.8710963421045,,,528.0,37.0,256.0,377.0,,,
neoverse-v2,count/census-income/tuple_folded2/cp64/buffered16/shared/scan,1,5,"[14884.505307873138,14883.912951173943,14882.479830164488,14884.163481965148,14878.796178334118]",14883.912951173943,"[14883.989384271114,14883.505307888456,14881.944798303255,14883.828025476894,14878.246284392932]",14883.505307888456,,,528.0,256.0,256.0,377.0,,,
neoverse-v2,count/census-income/tuple_folded2/cp64/buffered16/shared/sparse17,1,5,"[1856.2379053698419,1859.4643806495965,1866.4330143537063,1857.06459330031,1860.4112174356644]",1859.4643806495965,"[1856.1842105165645,1859.4056353106823,1875.2876129703213,1857.0077086654376,1861.612174380283]",1859.4056353106823,,,528.0,16.0,256.0,377.0,,,
neoverse-v2,count/census-income/tuple_folded2/cp64/native16/shared/crossing15,1,5,"[136.29188178221932,136.05747238400832,136.19217206665826,136.25449550937344,136.39443589410968]",136.25449550937344,"[136.28736192060964,136.05303045078455,136.1874768652113,136.24974186094488,136.54238344804503]",136.24974186094488,,,528.0,2.0,256.0,377.0,,,
neoverse-v2,count/census-income/tuple_folded2/cp64/native16/shared/last,1,5,"[146.76155980614863,146.62574400040995,146.3602762068206,146.36120819308738,146.43790641999462]",146.43790641999462,"[146.75942047366,146.62106288779577,146.35512910092254,146.35661180619647,146.43311939977488]",146.43311939977488,,,528.0,1.0,256.0,377.0,,,
neoverse-v2,count/census-income/tuple_folded2/cp64/native16/shared/masked25,1,5,"[3593.21402969984,3587.0194572476494,3585.7286226274814,3585.4132104441096,3585.642601122264]",3585.7286226274814,"[3597.4290834627677,3586.9242191481694,3585.605222710582,3585.31182795088,3585.530977987338]",3585.605222710582,,,528.0,62.0,256.0,377.0,,,
neoverse-v2,count/census-income/tuple_folded2/cp64/native16/shared/range37,1,5,"[2188.1098247787722,2189.2553191492466,2189.1298498144224,2187.091051316574,2187.072590735992]",2188.1098247787722,"[2188.0438047671755,2189.183354193767,2190.292240295329,2187.017521899837,2187.001564443927]",2188.0438047671755,,,528.0,37.0,256.0,377.0,,,
neoverse-v2,count/census-income/tuple_folded2/cp64/native16/shared/scan,1,5,"[14099.843687386701,14100.24248497929,14165.911823657845,14115.374749500217,14093.1963927815]",14100.24248497929,"[14099.41883768063,14114.937875673859,14165.252505044335,14114.46693387216,14092.793587186787]",14114.46693387216,,,528.0,256.0,256.0,377.0,,,
neoverse-v2,count/census-income/tuple_folded2/cp64/native16/shared/sparse17,1,5,"[986.158095506829,984.6089290754492,984.2900536861363,985.741452388468,986.1778751072222]",985.741452388468,"[986.1203729837238,984.5781294109756,984.2528962964785,985.7209663712653,986.1462277445852]",985.7209663712653,,,528.0,16.0,256.0,377.0,,,
neoverse-v2,count/census-income/tuple_folded2/cp64/point/shared/crossing15,1,5,"[159.13129278164124,158.36922231628202,158.2549850050104,158.07813465810366,158.29681097065924]",158.29681097065924,"[159.12545500345107,158.36500995848314,158.25072686152353,158.07307525059915,158.37558663948172]",158.36500995848314,,,528.0,2.0,256.0,377.0,,,
neoverse-v2,count/census-income/tuple_folded2/cp64/point/shared/last,1,5,"[146.32726813763088,146.61839752600773,146.52203454015014,146.15690275344838,146.8551294727159]",146.52203454015014,"[146.32272449910076,147.25509581620074,146.51801678634718,146.15240118609103,146.85020719841384]",146.51801678634718,,,528.0,1.0,256.0,377.0,,,
neoverse-v2,count/census-income/tuple_folded2/cp64/point/shared/masked25,1,5,"[5972.286802030873,5963.650592211776,5954.049915391961,5932.110829097727,5935.030456857438]",5954.049915391961,"[5972.077834189535,5970.725042334687,5953.958544826026,5931.985617581446,5934.863790173976]",5953.958544826026,,,528.0,62.0,256.0,377.0,,,
neoverse-v2,count/census-income/tuple_folded2/cp64/point/shared/range37,1,5,"[3102.0585082647567,3096.323358644298,3080.6690486872053,3080.0982581497456,3077.5810629745038]",3080.6690486872053,"[3105.548459135654,3096.25011166567,3080.5480125082595,3079.9999999843085,3077.4694059723643]",3080.5480125082595,,,528.0,37.0,256.0,377.0,,,
neoverse-v2,count/census-income/tuple_folded2/cp64/point/shared/scan,1,5,"[24085.508591105427,24088.773195917944,24071.951890063796,24143.15463918705,24091.807560124962]",24088.773195917944,"[24084.945017175633,24088.123711315915,24071.28178707428,24171.577319546024,24091.412371101036]",24088.123711315915,,,528.0,256.0,256.0,377.0,,,
neoverse-v2,count/census-income/tuple_folded2/cp64/point/shared/sparse17,1,5,"[1523.7902523958548,1524.3694516995943,1522.5950826792514,1521.6771105316757,1525.376196691192]",1523.7902523958548,"[1523.7473890259084,1524.3244125321498,1522.5524369029688,1521.6466492553934,1527.0546127002117]",1523.7473890259084,,,528.0,16.0,256.0,377.0,,,
neoverse-v2,count/random129/direct4/cp16/point/cps/crossing15,1,5,"[169.19087317931283,169.25923951223527,169.31626396528995,169.17793180339626,169.0295906745783]",169.19087317931283,"[169.18413590807705,169.25335045954822,169.31032644233684,169.17221239379904,169.02382279557602]",169.18413590807705,,,516.0,2.0,129.0,5066.0,,,
neoverse-v2,count/random129/direct4/cp16/point/cps/last,1,5,"[93.53692715232881,93.17892715230586,92.8883443708515,93.32035761591419,93.1179205297295]",93.17892715230586,"[93.63092715224809,93.17617218547284,92.88524503312905,93.31748344344389,93.11466225169067]",93.17617218547284,,,516.0,1.0,129.0,5066.0,,,
neoverse-v2,count/random129/direct4/cp16/point/cps/masked25,1,5,"[3069.2788250771564,3070.008768084261,3074.970626920581,3070.245067955159,3075.2021043432264]",3070.245067955159,"[3069.1832529579865,3069.8978518118456,3079.269618579025,3070.1692240254542,3088.6812801309384]",3070.1692240254542,,,516.0,37.0,129.0,5066.0,,,
neoverse-v2,count/random129/direct4/cp16/point/cps/range37,1,5,"[2994.086546698731,2996.058697516134,2993.370179947988,2997.7994858587053,2999.861610967479]",2996.058697516134,"[2993.9802913434596,2999.108397604524,2993.303770355891,3010.403598970959,3001.4704370178665]",2999.108397604524,,,516.0,37.0,129.0,5066.0,,,
neoverse-v2,count/random129/direct4/cp16/point/cps/scan,1,5,"[10452.20902254937,10440.263157893001,10456.27518796811,10454.329323305727,10449.878195481175]",10452.20902254937,"[10451.81654136197,10439.965413560889,10458.986466168892,10465.366917306415,10449.584962422286]",10451.81654136197,,,516.0,129.0,129.0,5066.0,,,
neoverse-v2,count/random129/direct4/cp16/point/cps/sparse17,1,5,"[657.9285782122087,658.251685820184,657.7688289485502,657.6446956020678,659.9069237344776]",657.9285782122087,"[657.9013201624431,658.2334504713887,657.7474593963549,657.6212365845383,663.823914903248]",657.9013201624431,,,516.0,8.0,129.0,5066.0,,,
neoverse-v2,count/random129/direct4/cp16/point/inline/crossing15,1,5,"[174.5941522801132,174.5955742940906,174.49870272426,174.61820177621144,174.584198183867]",174.5941522801132,"[174.58796527284838,174.58943718187265,174.4923410837992,174.61298772555196,174.5782856004237]",174.58796527284838,,,516.0,2.0,129.0,5066.0,,,
neoverse-v2,count/random129/direct4/cp16/point/inline/last,1,5,"[93.50522256146935,93.44703787026089,93.40798917992282,93.5458915849714,93.21253146928277]",93.44703787026089,"[93.50286571340384,93.44493545455535,93.40477529596356,93.5431597835537,93.5843242809244]",93.50286571340384,,,516.0,1.0,129.0,5066.0,,,
neoverse-v2,count/random129/direct4/cp16/point/inline/masked25,1,5,"[3106.9808973810577,3109.9684584612655,3106.6952465560835,3106.3394047085612,3104.1235006656493]",3106.6952465560835,"[3106.882274551228,3113.074189253605,3106.6192803299314,3106.2305641984335,3104.0342070188844]",3106.6192803299314,,,516.0,37.0,129.0,5066.0,,,
neoverse-v2,count/random129/direct4/cp16/point/inline/range37,1,5,"[3066.8097539542982,3066.989894551133,3065.628734621197,3069.1832161684115,3066.469683655488]",3066.8097539542982,"[3066.7548330467966,3069.244727590807,3065.5426186304676,3071.603690687138,3066.3308435799454]",3066.7548330467966,,,516.0,37.0,129.0,5066.0,,,
neoverse-v2,count/random129/direct4/cp16/point/inline/scan,1,5,"[10673.535060971479,10669.865853659509,10667.05030487894,10680.567073168948,10667.775914630085]",10669.865853659509,"[10673.120426834155,10669.597560976046,10666.748475628998,10680.202743919253,10667.445121968529]",10669.597560976046,,,516.0,129.0,129.0,5066.0,,,
neoverse-v2,count/random129/direct4/cp16/point/inline/sparse17,1,5,"[675.1424175401365,674.6820848163534,674.4551399174765,675.0874122513982,675.2309837485793]",675.0874122513982,"[675.1203961911328,674.6601596321583,674.4358111373383,675.4896624672251,675.9088373880677]",675.1203961911328,,,516.0,8.0,129.0,5066.0,,,
neoverse-v2,count/random129/direct4/cp16/point/materialized/crossing15,1,5,"[173.9701172896475,174.00600144438985,173.3222352266631,173.92491969011286,174.11589511172565]",173.9701172896475,"[173.9649127170737,174.000049804703,173.31675672984096,173.9205866969288,174.1103419082099]",173.9649127170737,,,516.0,2.0,129.0,5066.0,,,
neoverse-v2,count/random129/direct4/cp16/point/materialized/last,1,5,"[92.65639547187052,92.56447048240875,92.50405998725732,92.60008463812974,92.5037690436116]",92.56447048240875,"[92.74539779926695,92.56109818030033,92.50100507860138,92.5969768301422,92.50068768505494]",92.56109818030033,,,516.0,1.0,129.0,5066.0,,,
neoverse-v2,count/random129/direct4/cp16/point/materialized/masked25,1,5,"[3136.7941309244475,3138.821218961478,3142.35349887153,3139.721896164726,3138.467268622462]",3138.821218961478,"[3136.7110609433553,3138.7327313823375,3145.998645598454,3139.6492099332754,3138.378781040114]",3138.7327313823375,,,516.0,37.0,129.0,5066.0,,,
neoverse-v2,count/random129/direct4/cp16/point/materialized/range37,1,5,"[3090.3996463303456,3095.7259062782223,3089.3846153819677,3089.982316533729,3090.13306807937]",3090.13306807937,"[3090.2961980553478,3098.8496905376796,3089.3028293561333,3089.885057472329,3090.0424403135416]",3090.0424403135416,,,516.0,37.0,129.0,5066.0,,,
neoverse-v2,count/random129/direct4/cp16/point/materialized/scan,1,5,"[10806.074074073042,10789.293209879634,10786.63271604068,10808.288580248185,10787.38271604791]",10789.293209879634,"[10805.720679020453,10788.953703700632,10786.287037032629,10821.581790117132,10787.09259262194]",10788.953703700632,,,516.0,129.0,129.0,5066.0,,,
neoverse-v2,count/random129/direct4/cp16/point/materialized/sparse17,1,5,"[680.0748497182292,679.7887337601213,679.5675780487056,679.7791351565211,680.3630017450199]",679.7887337601213,"[680.0545859997471,679.7664339729564,679.5478960652155,679.7580957918423,681.0155128958562]",679.7664339729564,,,516.0,8.0,129.0,5066.0,,,
neoverse-v2,count/random129/direct4/cp16/point/shared/crossing15,1,5,"[163.90463766084326,164.33131184920688,163.97992619241285,163.9339021695257,164.40730554972274]",163.97992619241285,"[163.89826763461156,164.3267517566875,163.9747314480923,163.9294831106286,164.40218132204632]",163.9747314480923,,,516.0,2.0,129.0,5066.0,,,
neoverse-v2,count/random129/direct4/cp16/point/shared/last,1,5,"[94.65510361950534,94.53061086004735,94.5381295549444,94.62084877109156,94.5514026301824]",94.5514026301824,"[94.6522942876464,94.52757080985214,94.53502164682342,94.61768657616707,94.5485797264297]",94.5485797264297,,,516.0,1.0,129.0,5066.0,,,
neoverse-v2,count/random129/direct4/cp16/point/shared/masked25,1,5,"[2920.5640598991654,2919.727953411737,2917.859816970116,2918.116056571293,2921.700083194566]",2919.727953411737,"[2920.470465897694,2922.811980035019,2917.8315307840026,2918.0108153054152,2939.2628951720862]",2920.470465897694,,,516.0,37.0,129.0,5066.0,,,
neoverse-v2,count/random129/direct4/cp16/point/shared/range37,1,5,"[2883.825979379769,2882.2053608237607,2881.956288658714,2881.109690722309,2884.707628864001]",2882.2053608237607,"[2886.7558762847448,2882.12783504708,2881.864329889684,2881.0173195835755,2886.8140206091975]",2882.12783504708,,,516.0,37.0,129.0,5066.0,,,
neoverse-v2,count/random129/direct4/cp16/point/shared/scan,1,5,"[10054.886819478434,10053.04297994211,10047.898280798494,10065.637535814698,10059.60028653031]",10054.886819478434,"[10054.548710629017,10052.742120338724,10047.591690566145,10075.906876773324,10059.366762150597]",10054.548710629017,,,516.0,129.0,129.0,5066.0,,,
neoverse-v2,count/random129/direct4/cp16/point/shared/sparse17,1,5,"[645.8881549176516,635.0665098179267,634.5263777031813,634.8757578500703,635.9346665456438]",635.0665098179267,"[707.0580942897635,635.0333906436658,634.506379513568,634.857388471178,637.8787440028804]",635.0333906436658,,,516.0,8.0,129.0,5066.0,,,
neoverse-v2,count/random129/direct8/cp16/point/shared/crossing15,1,5,"[163.9875037884381,163.71715664554242,164.2291982374523,164.38355908897256,163.87464154986563]",163.9875037884381,"[163.981908469723,163.71137481668939,164.22367286047373,164.37752080741677,163.86890634850565]",163.981908469723,,,1032.0,2.0,129.0,5066.0,,,
neoverse-v2,count/random129/direct8/cp16/point/shared/last,1,5,"[94.39153832632144,94.38531849584517,94.31526427516559,94.34490311940928,94.28366483227357]",94.34490311940928,"[94.38892870193024,94.38187054660413,94.31164054794907,94.341847289994,94.28008166931609]",94.341847289994,,,1032.0,1.0,129.0,5066.0,,,
neoverse-v2,count/random129/direct8/cp16/point/shared/masked25,1,5,"[2914.1122236128876,2914.4997914069045,2912.896537338577,2913.5469336692604,2918.4159365878136]",2914.1122236128876,"[2914.0267000361628,2917.3174801775717,2912.795160616699,2913.4609929087956,2930.2924488844906]",2914.0267000361628,,,1032.0,37.0,129.0,5066.0,,,
neoverse-v2,count/random129/direct8/cp16/point/shared/range37,1,5,"[2883.2291838421547,2881.308738665633,2881.6112943114626,2878.686727122326,2879.4727947253846]",2881.308738665633,"[2885.890354491025,2881.2456718940794,2882.7584501349424,2878.609645507442,2879.4101401418384]",2881.2456718940794,,,1032.0,37.0,129.0,5066.0,,,
neoverse-v2,count/random129/direct8/cp16/point/shared/scan,1,5,"[10054.975433522197,10028.121387280522,10044.362716753867,10035.865606942982,10034.583815026956]",10035.865606942982,"[10054.615606959303,10027.816473986164,10055.387283231319,10035.588150323965,10034.257225455898]",10035.588150323965,,,1032.0,129.0,129.0,5066.0,,,
neoverse-v2,count/random129/direct8/cp16/point/shared/sparse17,1,5,"[632.5367733743732,631.9655391312488,631.6104108094688,632.7367370998883,632.9723406186872]",632.5367733743732,"[632.5117439024126,631.9486714420964,631.5937244920362,635.5614401001345,633.7079894808691]",632.5117439024126,,,1032.0,8.0,129.0,5066.0,,,
neoverse-v2,count/random129/series_folded_local/cp16/buffered16/shared/crossing15,1,5,"[230.77551154898572,231.24359945949047,230.85959998675932,230.94823552672122,231.10395729680366]",230.94823552672122,"[230.76813074599016,231.5126033800897,230.8537019342025,230.94039342324578,231.0965764938081]",230.94039342324578,,,288.0,2.0,129.0,5066.0,,,
neoverse-v2,count/random129/series_folded_local/cp16/buffered16/shared/last,1,5,"[137.37259227164557,137.35496513965978,137.58134084373847,137.34214361682186,137.51358963248055]",137.37259227164557,"[137.3688698940926,137.35043526234838,137.71254973025714,137.33853940999595,137.5090794496606]",137.3688698940926,,,288.0,1.0,129.0,5066.0,,,
neoverse-v2,count/random129/series_folded_local/cp16/buffered16/shared/masked25,1,5,"[3383.4136429615,3380.49298500036,3382.160619255097,3383.685534590316,3385.0628930831244]",3383.4136429615,"[3383.3072085100744,3380.386550555809,3382.071117566448,3383.589743580939,3388.5418480843205]",3383.3072085100744,,,288.0,37.0,129.0,5066.0,,,
neoverse-v2,count/random129/series_folded_local/cp16/buffered16/shared/range37,1,5,"[3204.4333639706415,3205.2789522040616,3203.3239889702813,3207.5340073532116,3207.971047792997]",3205.2789522040616,"[3204.3584558843713,3205.189338240753,3203.2068014654833,3210.699448530363,3207.895220595535]",3205.189338240753,,,288.0,37.0,129.0,5066.0,,,
neoverse-v2,count/random129/series_folded_local/cp16/buffered16/shared/scan,1,5,"[11146.62600321774,11143.868378808198,11146.910112350606,11150.754414120693,11147.60353130297]",11146.910112350606,"[11146.235955059887,11143.539325851389,11146.50722312301,11150.481540926705,11147.256821803978]",11146.50722312301,,,288.0,129.0,129.0,5066.0,,,
neoverse-v2,count/random129/series_folded_local/cp16/buffered16/shared/sparse17,1,5,"[911.3193683109232,909.4886452622595,911.338945444596,911.3576089790744,909.8582615504143]",911.3193683109232,"[912.3132341443152,909.4590185318858,911.612503263703,911.3231532242556,909.8350300171824]",911.3231532242556,,,288.0,8.0,129.0,5066.0,,,
neoverse-v2,count/random129/series_folded_local/cp16/native16/shared/crossing15,1,5,"[193.32459125242127,193.4620023790792,193.46487951968558,193.3013251445262,193.1709132154798]",193.32459125242127,"[193.31853265833723,193.6528342606634,193.45931889267212,193.2955708633134,193.16399701182308]",193.31853265833723,,,288.0,2.0,129.0,5066.0,,,
neoverse-v2,count/random129/series_folded_local/cp16/native16/shared/last,1,5,"[123.16650843878192,122.60777074544488,122.69725738401605,122.8255098453941,122.73862517572111]",122.73862517572111,"[123.24024261585193,122.60321729952952,122.69349507696944,122.94214135009823,122.73451125133009]",122.73451125133009,,,288.0,1.0,129.0,5066.0,,,
neoverse-v2,count/random129/series_folded_local/cp16/native16/shared/masked25,1,5,"[3236.7484946721374,3235.857804538169,3234.358036127837,3233.872626215171,3243.692913388087]",3235.857804538169,"[3236.635479387806,3235.758684567022,3234.2542844020836,3233.7517369095026,3259.658175079631]",3235.758684567022,,,288.0,37.0,129.0,5066.0,,,
neoverse-v2,count/random129/series_folded_local/cp16/native16/shared/range37,1,5,"[3165.3948322744072,3166.611967363003,3168.7003626490614,3163.033544875896,3164.2724388058205]",3165.3948322744072,"[3165.2946509472868,3166.5095194850796,3168.5965548548284,3162.943789668298,3164.1618313623985]",3165.2946509472868,,,288.0,37.0,129.0,5066.0,,,
neoverse-v2,count/random129/series_folded_local/cp16/native16/shared/scan,1,5,"[11073.813291139058,11070.335443031101,11067.995253172046,11076.268987342404,11075.344936711735]",11073.813291139058,"[11073.405063268421,11069.99367087341,11067.674050641934,11075.90664553465,11074.988924052159]",11073.405063268421,,,288.0,129.0,129.0,5066.0,,,
neoverse-v2,count/random129/series_folded_local/cp16/native16/shared/sparse17,1,5,"[753.6104417667667,753.2999023125626,753.5241506565663,753.341365462034,753.3673070657359]",753.3673070657359,"[754.5001628115343,753.2797134488723,753.4978834263914,753.3174861629267,753.3439704761315]",753.3439704761315,,,288.0,8.0,129.0,5066.0,,,
neoverse-v2,count/random129/series_folded_local/cp16/point/shared/crossing15,1,5,"[192.25304794717294,191.84732928756168,191.9078508556977,191.75050571327273,191.8684052266409]",191.8684052266409,"[193.1574544852793,191.96293258968268,192.06544202106843,191.74367175142638,192.00899349475304]",192.00899349475304,,,288.0,2.0,129.0,5066.0,,,
neoverse-v2,count/random129/series_folded_local/cp16/point/shared/last,1,5,"[99.12106729259685,98.69856195472559,98.73825313558172,98.97224303954009,98.83160588793439]",98.83160588793439,"[99.11756055506497,98.69590362135588,98.73575034276074,99.05965696195373,98.82836781133204]",98.82836781133204,,,288.0,1.0,129.0,5066.0,,,
neoverse-v2,count/random129/series_folded_local/cp16/point/shared/masked25,1,5,"[3485.8050847463296,3484.8325024923142,3488.185443666384,3484.5767696925836,3492.104187435215]",3485.8050847463296,"[3485.6774675943007,3484.730807582814,3488.078763715148,3484.490029911833,3495.535393829002]",3485.6774675943007,,,288.0,37.0,129.0,5066.0,,,
neoverse-v2,count/random129/series_folded_local/cp16/point/shared/range37,1,5,"[3426.851199215142,3429.903083702586,3428.727361721727,3428.185511503582,3430.402349484292]",3428.727361721727,"[3426.729809106431,3431.335780711856,3428.604013711289,3428.0876162503573,3433.5952031359616]",3428.604013711289,,,288.0,37.0,129.0,5066.0,,,
neoverse-v2,count/random129/series_folded_local/cp16/point/shared/scan,1,5,"[11959.715265861803,11937.104631219527,11938.994854202047,11937.070325899364,11943.090909100396]",11938.994854202047,"[11959.3018867965,11936.720411645892,11938.64493997295,11936.69468268624,11942.727272755423]",11938.64493997295,,,288.0,129.0,129.0,5066.0,,,
neoverse-v2,count/random129/series_folded_local/cp16/point/shared/sparse17,1,5,"[700.1613290634391,700.8567854281179,699.7004603676841,699.517413931389,699.8491793430803]",699.8491793430803,"[700.1366092873509,701.5826661319411,699.6845476372499,699.500800640093,699.8262610111385]",699.8262610111385,,,288.0,8.0,129.0,5066.0,,,
neoverse-v2,count/random129/series_folded_local/cp64/buffered16/shared/crossing15,1,5,"[230.5329244565752,230.1810927556268,230.405249447721,230.29600685859052,230.05242852892755]",230.29600685859052,"[230.7048504637402,230.175816928135,230.39848979510165,230.29092887462087,230.04794407646153]",230.29092887462087,,,264.0,2.0,129.0,5066.0,,,
neoverse-v2,count/random129/series_folded_local/cp64/buffered16/shared/last,1,5,"[137.35762173611792,137.42984003767998,137.38087116759786,137.33278444289667,137.41037402967305]",137.38087116759786,"[137.35303457991438,137.54826315378796,137.375676311404,137.327393554659,137.40582608049112]",137.375676311404,,,264.0,1.0,129.0,5066.0,,,
neoverse-v2,count/random129/series_folded_local/cp64/buffered16/shared/masked25,1,5,"[3380.6395742602544,3380.410256409946,3381.9046927893546,3384.5437832587086,3380.72762457513]",3380.72762457513,"[3380.5403967189472,3380.311562646147,3381.7939042166076,3388.2012578562576,3380.626995646299]",3380.626995646299,,,264.0,37.0,129.0,5066.0,,,
neoverse-v2,count/random129/series_folded_local/cp64/buffered16/shared/range37,1,5,"[3206.1596330294674,3204.1458715579265,3208.4963302749507,3207.8931192663867,3203.3155963315776]",3206.1596330294674,"[3206.0733945065185,3204.0550458721164,3211.2715596244384,3211.468807343921,3203.2123853154935]",3206.0733945065185,,,264.0,37.0,129.0,5066.0,,,
neoverse-v2,count/random129/series_folded_local/cp64/buffered16/shared/scan,1,5,"[11148.0350318466,11147.25318471038,11148.684713372444,11146.535031846946,11143.949044586807]",11147.25318471038,"[11147.643312068965,11146.95700635324,11148.321656040192,11146.213375814634,11143.53821658391]",11146.95700635324,,,264.0,129.0,129.0,5066.0,,,
neoverse-v2,count/random129/series_folded_local/cp64/buffered16/shared/sparse17,1,5,"[908.2769049484453,908.3654097925261,906.9070437279161,907.728724797265,909.4291699392664]",908.2769049484453,"[908.2588373927891,908.3387012315865,906.8785022225431,907.7025399327413,913.4990835273381]",908.2588373927891,,,264.0,8.0,129.0,5066.0,,,
neoverse-v2,count/random129/series_folded_local/cp64/native16/shared/crossing15,1,5,"[193.8830063554073,193.33755180997912,193.31989499852054,193.4191489360385,193.3206686929753]",193.33755180997912,"[194.07629179336467,193.3328543797538,193.3130146451459,193.4132633326771,193.31434097849686]",193.3328543797538,,,264.0,2.0,129.0,5066.0,,,
neoverse-v2,count/random129/series_folded_local/cp64/native16/shared/last,1,5,"[122.82684927640899,122.69323662993473,122.71207266843889,122.79635953951336,122.99677850922475]",122.79635953951336,"[122.82331091767976,122.80928070988072,122.70890398893692,123.25087138699776,122.99452522655983]",122.82331091767976,,,264.0,1.0,129.0,5066.0,,,
neoverse-v2,count/random129/series_folded_local/cp64/native16/shared/masked25,1,5,"[3238.6243068386,3236.2310536044806,3237.8844732000084,3241.0859519420073,3236.892329020914]",3237.8844732000084,"[3238.504621076375,3236.132162670017,3237.788354899177,3244.0628465783298,3236.8133086898674]",3237.788354899177,,,264.0,37.0,129.0,5066.0,,,
neoverse-v2,count/random129/series_folded_local/cp64/native16/shared/range37,1,5,"[3164.2824220514476,3164.6023497521874,3167.503840938277,3167.743334838512,3165.532760957013]",3165.532760957013,"[3164.192046997118,3164.486217803023,3170.818346134565,3167.752824221833,3165.464979665463]",3165.464979665463,,,264.0,37.0,129.0,5066.0,,,
neoverse-v2,count/random129/series_folded_local/cp64/native16/shared/scan,1,5,"[11072.161392414357,11073.430379748697,11076.129746835797,11074.876582276333,11085.852848091012]",11074.876582276333,"[11071.889240504348,11073.031645583464,11075.841772128426,11074.498417738674,11096.1756329008]",11074.498417738674,,,264.0,129.0,129.0,5066.0,,,
neoverse-v2,count/random129/series_folded_local/cp64/native16/shared/sparse17,1,5,"[753.0605437023216,753.250731073282,753.0387739634645,753.4878154445514,753.1297519769431]",753.1297519769431,"[753.0363912034585,753.4963717104438,753.0129968582348,753.4633380253384,753.1039748732524]",753.1039748732524,,,264.0,8.0,129.0,5066.0,,,
neoverse-v2,count/random129/series_folded_local/cp64/point/shared/crossing15,1,5,"[213.88499234308918,214.18297090353374,213.8740581928696,214.8026646246257,214.2642572741103]",214.18297090353374,"[213.87996937242292,214.38842266487845,213.86735068881256,216.8203062787711,214.2619601834592]",214.2619601834592,,,264.0,2.0,129.0,5066.0,,,
neoverse-v2,count/random129/series_folded_local/cp64/point/shared/last,1,5,"[99.09170726182307,98.88897700242147,99.08268664327467,98.98265265661679,98.88026792792418]",98.98265265661679,"[99.13955760733849,98.88546505056782,99.21927042010229,98.98027359248707,99.31559419983908]",99.13955760733849,,,264.0,1.0,129.0,5066.0,,,
neoverse-v2,count/random129/series_folded_local/cp64/point/shared/masked25,1,5,"[4800.500686809637,4793.139423079193,4779.140796703899,4781.06799450451,4793.434065933873]",4793.139423079193,"[4800.340659340949,4793.0226648472935,4778.983516473545,4780.9567307590405,4798.303571421356]",4793.0226648472935,,,264.0,37.0,129.0,5066.0,,,
neoverse-v2,count/random129/series_folded_local/cp64/point/shared/range37,1,5,"[4283.525766872524,4278.837423314292,4275.331288340392,4277.106748466143,4272.529447855344]",4277.106748466143,"[4283.394478539899,4278.693865024564,4275.227607361117,4283.356441713858,4272.404294483833]",4278.693865024564,,,264.0,37.0,129.0,5066.0,,,
neoverse-v2,count/random129/series_folded_local/cp64/point/shared/scan,1,5,"[16994.184019375134,16970.573849882796,16961.44794188579,16945.317191287748,16958.23486682608]",16961.44794188579,"[17000.208232466917,16970.09443099134,16961.00000003753,16944.847457678727,16957.619854720266]",16961.00000003753,,,264.0,129.0,129.0,5066.0,,,
neoverse-v2,count/random129/series_folded_local/cp64/point/shared/sparse17,1,5,"[978.7908854914144,976.8715027402899,978.0321603690733,977.6124891837272,977.2884338047794]",977.6124891837272,"[979.8374675498127,976.8474185181881,978.3472742983189,977.5823478512309,977.2637727139962]",977.5823478512309,,,264.0,8.0,129.0,5066.0,,,
neoverse-v2,count/random129/series_folded_scan/cp16/buffered16/shared/crossing15,1,5,"[215.70658313023404,215.44933798335688,215.41088238002305,215.51029289226526,215.53569334288693]",215.51029289226526,"[215.70189191705032,215.4423937529949,215.40369124346168,215.50285484994302,215.5278232159767]",215.50285484994302,,,372.0,2.0,129.0,5066.0,,,
neoverse-v2,count/random129/series_folded_scan/cp16/buffered16/shared/last,1,5,"[130.58747276081473,130.51705127496703,130.5339442365516,130.8606097856776,130.48533273736572]",130.5339442365516,"[130.58309586348417,130.5129351287297,130.52941833857744,131.31889888461157,130.48198021977433]",130.52941833857744,,,372.0,1.0,129.0,5066.0,,,
neoverse-v2,count/random129/series_folded_scan/cp16/buffered16/shared/masked25,1,5,"[3320.839124227719,3321.9071870553857,3326.9238457884253,3325.5059495478986,3318.3388862435418]",3321.9071870553857,"[3320.7215611646216,3321.815801996471,3330.5088053305117,3325.4583531680496,3318.2341742132844]",3321.815801996471,,,372.0,37.0,129.0,5066.0,,,
neoverse-v2,count/random129/series_folded_scan/cp16/buffered16/shared/range37,1,5,"[3188.8285453712074,3188.9398084805885,3189.833561333234,3187.823985410431,3189.9306885561523]",3188.9398084805885,"[3188.7400820715943,3192.357957139574,3189.7925216549156,3187.740538075965,3189.8422252630194]",3189.7925216549156,,,372.0,37.0,129.0,5066.0,,,
neoverse-v2,count/random129/series_folded_scan/cp16/buffered16/shared/scan,1,5,"[11076.77215190727,11076.762658224356,11071.78322784297,11070.443037976713,11078.14715190299]",11076.762658224356,"[11076.41297469047,11076.457278469117,11071.417721511722,11070.074367076997,11089.257911371575]",11076.41297469047,,,372.0,129.0,129.0,5066.0,,,
neoverse-v2,count/random129/series_folded_scan/cp16/buffered16/shared/sparse17,1,5,"[850.7120195243781,851.3065283710042,852.8237949976806,851.5825503359118,850.4190359974397]",851.3065283710042,"[850.6859060392529,851.5314215968143,852.7925564367323,851.5575350819395,850.3903599752699]",851.5314215968143,,,372.0,8.0,129.0,5066.0,,,
neoverse-v2,count/random129/series_folded_scan/cp16/native16/shared/crossing15,1,5,"[181.04030790034707,180.79097103020064,180.9923284963868,180.72320174754202,180.82069485622011]",180.82069485622011,"[181.03638113102207,180.78527591431813,180.9868934314958,180.7181307536696,180.81434961276648]",180.81434961276648,,,372.0,2.0,129.0,5066.0,,,
neoverse-v2,count/random129/series_folded_scan/cp16/native16/shared/last,1,5,"[109.17666552579948,109.16454553942772,109.04639512085951,109.0689703457221,109.04701745653661]",109.0689703457221,"[109.27308087277974,109.16205619727208,109.0424121729683,109.0658275508844,109.04301894997711]",109.0658275508844,,,372.0,1.0,129.0,5066.0,,,
neoverse-v2,count/random129/series_folded_scan/cp16/native16/shared/masked25,1,5,"[3189.297038724723,3183.7694760830504,3186.8164009085804,3184.23143508015,3184.164920274742]",3184.23143508015,"[3192.3252847413105,3183.6615034202982,3197.6309794976432,3184.1617312035637,3184.0587699291295]",3184.1617312035637,,,372.0,37.0,129.0,5066.0,,,
neoverse-v2,count/random129/series_folded_scan/cp16/native16/shared/range37,1,5,"[3135.2421524656424,3140.0443946187547,3136.1381165920507,3134.6403587448567,3208.5887892373808]",3136.1381165920507,"[3135.1295964104834,3142.8717488754023,3136.068609861435,3134.5484304940956,3502.6484304946707]",3136.068609861435,,,372.0,37.0,129.0,5066.0,,,
neoverse-v2,count/random129/series_folded_scan/cp16/native16/shared/scan,1,5,"[10934.464062495319,10937.618750006539,10936.551562501507,10933.2078125024,10947.429687502286]",10936.551562501507,"[10934.12187502807,10937.276562517083,10936.257812499407,10932.918750006236,10961.073437520952]",10936.257812499407,,,372.0,129.0,129.0,5066.0,,,
neoverse-v2,count/random129/series_folded_scan/cp16/native16/shared/sparse17,1,5,"[711.3797069000287,711.3464278449624,711.3872379400264,713.4950132305597,712.2327498470263]",711.3872379400264,"[711.354264196337,711.3262772239394,711.3645430495743,716.645939343526,712.6702625695061]",711.3645430495743,,,372.0,8.0,129.0,5066.0,,,
neoverse-v2,count/random129/series_folded_scan/cp16/point/shared/crossing15,1,5,"[187.2698468152187,187.2432948133542,187.27468422472654,187.2723461434676,187.0424617038756]",187.2698468152187,"[187.2625907012433,187.2378661650741,187.26933619946405,187.26694437016323,187.03614619724618]",187.2625907012433,,,372.0,2.0,129.0,5066.0,,,
neoverse-v2,count/random129/series_folded_scan/cp16/point/shared/last,1,5,"[97.50389852693993,97.80060427171246,97.51849015616693,97.55356297516276,97.49287126507615]",97.51849015616693,"[97.50075185872564,97.89217788436211,97.51613711705771,97.55023530414552,97.48941828400756]",97.51613711705771,,,372.0,1.0,129.0,5066.0,,,
neoverse-v2,count/random129/series_folded_scan/cp16/point/shared/masked25,1,5,"[3447.7676021658517,3447.056129983518,3442.5755785346473,3425.727720335115,3420.068931563448]",3442.5755785346473,"[3447.6671590365745,3446.9497784377527,3455.7853274265212,3425.627277202339,3419.998030527107]",3446.9497784377527,,,372.0,37.0,129.0,5066.0,,,
neoverse-v2,count/random129/series_folded_scan/cp16/point/shared/range37,1,5,"[3328.931018078289,3326.2901998095012,3330.804471931277,3325.4362511911604,3325.949096099259]",3326.2901998095012,"[3328.8349191237203,3326.2059942789097,3333.8273073159658,3325.3801141775266,3325.852997148071]",3326.2059942789097,,,372.0,37.0,129.0,5066.0,,,
neoverse-v2,count/random129/series_folded_scan/cp16/point/shared/scan,1,5,"[11709.04362416574,11703.40604027162,11709.515100673092,11705.511744970969,11726.458053688313]",11709.04362416574,"[11708.645973144012,11703.05704698992,11709.208053697626,11705.087248321353,11738.12583893486]",11708.645973144012,,,372.0,129.0,129.0,5066.0,,,
neoverse-v2,count/random129/series_folded_scan/cp16/point/shared/sparse17,1,5,"[693.85016801808,694.0526783944732,693.2772287013045,693.7163471043175,696.7200039530711]",693.85016801808,"[693.8287210917912,694.0325163075428,693.2606246293842,693.694999013554,697.12077485481]",693.8287210917912,,,372.0,8.0,129.0,5066.0,,,
neoverse-v2,count/random129/series_folded_scan/cp64/buffered16/shared/crossing15,1,5,"[216.8985055271251,216.08099178655317,215.53986290379626,215.73046995609087,215.6530290865344]",215.73046995609087,"[217.0637621193311,216.07460013564014,215.53279194695412,215.72238004090354,215.6460816398612]",215.72238004090354,,,348.0,2.0,129.0,5066.0,,,
neoverse-v2,count/random129/series_folded_scan/cp64/buffered16/shared/last,1,5,"[130.58541907572828,130.46312805407578,130.6741019807057,130.55052407774178,130.56619045840588]",130.56619045840588,"[130.58172628621804,130.45941661364697,130.67040919106293,130.546514230302,130.56197545576507]",130.56197545576507,,,348.0,1.0,129.0,5066.0,,,
neoverse-v2,count/random129/series_folded_scan/cp64/buffered16/shared/masked25,1,5,"[3323.749406740345,3328.303749406775,3321.6250593265504,3321.399620313631,3324.862363550324]",3323.749406740345,"[3324.892738496884,3347.846701481414,3321.5709539589984,3321.286188893597,3324.756051252541]",3324.756051252541,,,348.0,37.0,129.0,5066.0,,,
neoverse-v2,count/random129/series_folded_scan/cp64/buffered16/shared/range37,1,5,"[3190.8698224872173,3188.504779244799,3188.012289487332,3188.2781065066665,3188.516158397514]",3188.504779244799,"[3194.000000007122,3188.402822031682,3187.903504783233,3188.201638592786,3188.4260355049037]",3188.402822031682,,,348.0,37.0,129.0,5066.0,,,
neoverse-v2,count/random129/series_folded_scan/cp64/buffered16/shared/scan,1,5,"[11080.180379745058,11072.319620253063,11071.19936708576,11078.514240507227,11072.199367089801]",11072.319620253063,"[11079.792721490756,11071.995253120755,11070.843354426182,11078.19145569288,11071.797468378585]",11071.995253120755,,,348.0,129.0,129.0,5066.0,,,
neoverse-v2,count/random129/series_folded_scan/cp64/buffered16/shared/sparse17,1,5,"[850.8861283643616,851.2531969310027,852.628059919639,852.7057605646207,852.7203751072987]",852.628059919639,"[850.8615272183857,851.2259164547985,852.6017537445493,852.6795761786848,853.6313481922732]",852.6017537445493,,,348.0,8.0,129.0,5066.0,,,
neoverse-v2,count/random129/series_folded_scan/cp64/native16/shared/crossing15,1,5,"[181.50069977200093,181.2348382749243,181.31632282803528,181.33311735436428,181.3687798051253]",181.33311735436428,"[181.58327285912523,181.22815156559076,181.31023222048606,181.32736367397456,181.54393012626167]",181.32736367397456,,,348.0,2.0,129.0,5066.0,,,
neoverse-v2,count/random129/series_folded_scan/cp64/native16/shared/last,1,5,"[108.9838931632213,109.18826233814086,109.0816288234207,109.04739788578496,109.02178332394524]",109.04739788578496,"[108.98034340402604,109.61299806066906,109.07882967393584,109.07349721670616,109.01796772367663]",109.07349721670616,,,348.0,1.0,129.0,5066.0,,,
neoverse-v2,count/random129/series_folded_scan/cp64/native16/shared/masked25,1,5,"[3180.919582010516,3189.527487503562,3181.6987732822713,3183.3103134938615,3183.80690595257]",3183.3103134938615,"[3180.828714215628,3193.004089042197,3181.6333484731804,3183.2144479750973,3183.711949118211]",3183.2144479750973,,,348.0,37.0,129.0,5066.0,,,
neoverse-v2,count/random129/series_folded_scan/cp64/native16/shared/range37,1,5,"[3139.532105970551,3136.013920074269,3136.9146834310036,3136.299057029478,3135.4571171958555]",3136.299057029478,"[3143.8253255479312,3135.918724749115,3136.824876511631,3136.214189502013,3135.3529411816353]",3136.214189502013,,,348.0,37.0,129.0,5066.0,,,
neoverse-v2,count/random129/series_folded_scan/cp64/native16/shared/scan,1,5,"[10927.120312498319,10923.75625000308,10941.74999999309,10935.639062492619,10930.66562499745]",10930.66562499745,"[10926.778125019966,10923.484374991687,10953.942187486022,10935.385937482777,10930.3078124956]",10930.3078124956,,,348.0,129.0,129.0,5066.0,,,
neoverse-v2,count/random129/series_folded_scan/cp64/native16/shared/sparse17,1,5,"[711.8345841783774,711.6593306293144,710.8741379307147,711.4270791075361,711.6283975656762]",711.6283975656762,"[711.8121703837797,711.9076064888656,710.8485801235933,712.1558823541818,711.6135902636611]",711.8121703837797,,,348.0,8.0,129.0,5066.0,,,
neoverse-v2,count/random129/series_folded_scan/cp64/point/shared/crossing15,1,5,"[203.13823503720587,203.19174255870777,202.92650353513753,203.08254531696554,202.88012453089286]",203.08254531696554,"[203.20858913499467,203.18432308154982,202.92100439353098,203.07527131944786,202.87287962946863]",203.07527131944786,,,348.0,2.0,129.0,5066.0,,,
neoverse-v2,count/random129/series_folded_scan/cp64/point/shared/last,1,5,"[97.587953523359,97.48729156776265,97.7124402982897,97.694732285018,97.49863139956629]",97.587953523359,"[97.69246990478182,97.48403765027354,98.29793592721737,97.69016562836357,97.49575454583025]",97.69016562836357,,,348.0,1.0,129.0,5066.0,,,
neoverse-v2,count/random129/series_folded_scan/cp64/point/shared/masked25,1,5,"[4582.446335077312,4586.174083769937,4579.124345548012,4579.600785340808,4577.177356018552]",4579.600785340808,"[4582.267015709348,4590.682591612738,4579.037303672269,4579.445026170267,4577.0458115306255]",4579.445026170267,,,348.0,37.0,129.0,5066.0,,,
neoverse-v2,count/random129/series_folded_scan/cp64/point/shared/range37,1,5,"[3910.336129755234,3915.6638702471146,3913.0302013419814,3908.741051454621,3907.1280760608042]",3910.336129755234,"[3910.2203579514576,3920.59228188266,3912.866890378422,3908.6543624233254,3906.988814326172]",3910.2203579514576,,,348.0,37.0,129.0,5066.0,,,
neoverse-v2,count/random129/series_folded_scan/cp64/point/shared/scan,1,5,"[16108.430875577495,16061.730414747766,16057.960829493482,16071.947004603504,16038.08525346567]",16061.730414747766,"[16107.847926277807,16061.216589828646,16057.527649783255,16094.91244240073,16037.79032254932]",16061.216589828646,,,348.0,129.0,129.0,5066.0,,,
neoverse-v2,count/random129/series_folded_scan/cp64/point/shared/sparse17,1,5,"[948.4957777180358,949.5483519475133,941.8109506939547,942.2525197494359,942.3007354945829]",942.3007354945829,"[948.459820213197,949.9689457930483,941.7755380037103,942.2207845252838,944.2474802497516]",944.2474802497516,,,348.0,8.0,129.0,5066.0,,,
neoverse-v2,count/random129/series_local/cp16/buffered16/shared/crossing15,1,5,"[228.4283240769297,228.43459653696485,228.5336491344586,228.38765109424486,228.6027442012279]",228.43459653696485,"[228.42113688400025,228.42714799105033,228.77014047757393,228.38190133901924,228.81891538724315]",228.42714799105033,,,306.0,2.0,129.0,5066.0,,,
neoverse-v2,count/random129/series_local/cp16/buffered16/shared/last,1,5,"[136.08649805456972,136.60951361857076,136.3239883268944,136.24025291831768,136.03828793771996]",136.24025291831768,"[136.08192607023946,137.0518871598106,136.46533073963587,136.31741245169334,136.03464980519232]",136.31741245169334,,,306.0,1.0,129.0,5066.0,,,
neoverse-v2,count/random129/series_local/cp16/buffered16/shared/masked25,1,5,"[3386.992248062064,3385.022771315001,3384.1157945749505,3387.6681201576494,3385.9355620159067]",3385.9355620159067,"[3386.9011627935374,3384.9152131837795,3384.033914731821,3387.561046517428,3385.849321705579]",3385.849321705579,,,306.0,37.0,129.0,5066.0,,,
neoverse-v2,count/random129/series_local/cp16/buffered16/shared/range37,1,5,"[3208.7379752622364,3205.6271186442755,3203.024736602344,3203.2881355919385,3209.3128721934368]",3205.6271186442755,"[3211.9207512517596,3205.5758130906897,3202.9349519047255,3203.215758133507,3211.993586797061]",3205.5758130906897,,,306.0,37.0,129.0,5066.0,,,
neoverse-v2,count/random129/series_local/cp16/buffered16/shared/scan,1,5,"[11176.342902714941,11167.43859648904,11156.473684213359,11149.135566190156,11149.615629986067]",11156.473684213359,"[11190.293460921359,11167.220095690514,11156.154704920618,11148.781499186547,11149.274322199495]",11156.154704920618,,,306.0,129.0,129.0,5066.0,,,
neoverse-v2,count/random129/series_local/cp16/buffered16/shared/sparse17,1,5,"[902.2963392630434,902.674658417169,901.6394689353269,901.8334622325915,901.7214488265075]",901.8334622325915,"[902.2655323519552,903.5953854074507,901.6148491873062,901.8048466076407,901.6875483370912]",901.8048466076407,,,306.0,8.0,129.0,5066.0,,,
neoverse-v2,count/random129/series_local/cp16/native16/cps/crossing15,1,5,"[204.3749268577625,204.783235810473,204.90544177890465,204.4070509070774,204.4514335868336]",204.4514335868336,"[204.36746635486242,204.77665301369865,205.12700409556794,204.40175541271776,204.4446459916029]",204.4446459916029,,,306.0,2.0,129.0,5066.0,,,
neoverse-v2,count/random129/series_local/cp16/native16/cps/last,1,5,"[121.92568715724329,122.72166844771954,121.91680535362813,122.25674894459748,121.85415973238447]",121.92568715724329,"[121.92297181275768,123.32303838281837,121.99786276118544,122.3385246046458,121.85139183290534]",121.99786276118544,,,306.0,1.0,129.0,5066.0,,,
neoverse-v2,count/random129/series_local/cp16/native16/cps/masked25,1,5,"[3426.228921568685,3425.6632352926495,3424.6098039217572,3424.7946078429427,3428.6274509821124]",3425.6632352926495,"[3426.1279411786218,3425.5700980474567,3424.5102941183095,3424.6637254843968,3432.1029411731774]",3425.5700980474567,,,306.0,37.0,129.0,5066.0,,,
neoverse-v2,count/random129/series_local/cp16/native16/cps/range37,1,5,"[3291.7147571914147,3290.2055634156495,3290.3470061296525,3287.3168316824963,3289.5700141441016]",3290.2055634156495,"[3291.6463932148786,3290.113154177129,3290.2597831160956,3287.2140499806505,3289.5219236201347]",3290.113154177129,,,306.0,37.0,129.0,5066.0,,,
neoverse-v2,count/random129/series_local/cp16/native16/cps/scan,1,5,"[11431.073649753152,11437.803600651954,11431.834697215336,11425.862520467655,11429.623567916404]",11431.073649753152,"[11434.440261846457,11437.404255353173,11431.464811785903,11425.515548262187,11429.294598991562]",11431.464811785903,,,306.0,129.0,129.0,5066.0,,,
neoverse-v2,count/random129/series_local/cp16/native16/cps/sparse17,1,5,"[801.0627792420977,801.2710505218787,802.0087066103545,801.3510138617577,800.7402909843377]",801.2710505218787,"[801.0353992449725,801.2535227398754,801.9817848534647,801.3291327767612,800.7095887290224]",801.2535227398754,,,306.0,8.0,129.0,5066.0,,,
neoverse-v2,count/random129/series_local/cp16/native16/inline/crossing15,1,5,"[205.94889091828867,205.69673314279095,206.3934368281373,205.99481544762975,206.3518425781847]",205.99481544762975,"[205.94149703887896,205.688867940607,206.60653371430053,205.99054408319563,206.34371225713642]",205.99054408319563,,,306.0,2.0,129.0,5066.0,,,
neoverse-v2,count/random129/series_local/cp16/native16/inline/last,1,5,"[121.66820196412071,121.69802728771101,121.71160163383466,121.88177631005851,121.77867385067655]",121.71160163383466,"[121.66458677306814,121.69387329433104,121.70803858539297,122.12851307889629,121.77563222352731]",121.70803858539297,,,306.0,1.0,129.0,5066.0,,,
neoverse-v2,count/random129/series_local/cp16/native16/inline/masked25,1,5,"[3462.810208126497,3470.42269573759,3464.25520317094,3465.1734390483193,3465.100099108758]",3465.100099108758,"[3462.682854312624,3483.7517343904897,3464.1318136785053,3465.0619425272403,3464.968780980489]",3464.968780980489,,,306.0,37.0,129.0,5066.0,,,
neoverse-v2,count/random129/series_local/cp16/native16/inline/range37,1,5,"[3416.9189453148174,3417.2065429688423,3415.626464844945,3416.6943359351108,3420.177734376334]",3416.9189453148174,"[3416.808105477509,3417.0903320251964,3415.5273437447286,3416.5761718801814,3423.5903320356533]",3416.808105477509,,,306.0,37.0,129.0,5066.0,,,
neoverse-v2,count/random129/series_local/cp16/native16/inline/scan,1,5,"[11986.408547002604,11973.340170940015,11972.596581189557,11968.671794867976,11967.200000001938]",11972.596581189557,"[11985.957264962566,11972.984615379333,11972.232478662132,11968.295726521521,11966.847863232812]",11972.232478662132,,,306.0,129.0,129.0,5066.0,,,
neoverse-v2,count/random129/series_local/cp16/native16/inline/sparse17,1,5,"[806.8920946329979,808.5422965957397,807.1276399312093,807.401846508305,807.0935949226069]",807.1276399312093,"[806.8655510663714,809.7212925572902,807.1042123458135,807.3751875344499,807.6652048485569]",807.3751875344499,,,306.0,8.0,129.0,5066.0,,,
neoverse-v2,count/random129/series_local/cp16/native16/materialized/crossing15,1,5,"[207.5819028135015,206.7653947641129,207.13116309407047,206.73334519271978,206.75282397955218]",206.7653947641129,"[207.57460938608745,206.75878324306032,207.35248599137066,206.72815677865376,206.74662753098445]",206.75878324306032,,,306.0,2.0,129.0,5066.0,,,
neoverse-v2,count/random129/series_local/cp16/native16/materialized/last,1,5,"[122.85499982351578,122.02615509514138,122.50797712747021,122.35515866015089,122.18546821512268]",122.35515866015089,"[122.85053475024174,122.02172531839312,122.50432388544974,122.47102114293696,122.18230913136014]",122.47102114293696,,,306.0,1.0,129.0,5066.0,,,
neoverse-v2,count/random129/series_local/cp16/native16/materialized/masked25,1,5,"[3475.5965260544,3473.5955334987398,3471.394044666207,3468.32853597983,3467.924565758343]",3471.394044666207,"[3489.4034739503895,3473.5101736901884,3471.2650124045185,3468.228784108771,3467.848635225679]",3471.2650124045185,,,306.0,37.0,129.0,5066.0,,,
neoverse-v2,count/random129/series_local/cp16/native16/materialized/range37,1,5,"[3418.2032321252727,3417.6758080311038,3417.42703232131,3418.5053868744208,3421.5572967686653]",3418.2032321252727,"[3418.101371206618,3417.577864837011,3417.3163565076006,3419.9921645515615,3424.7389813886452]",3418.101371206618,,,306.0,37.0,129.0,5066.0,,,
neoverse-v2,count/random129/series_local/cp16/native16/materialized/scan,1,5,"[11990.719449223823,11984.771084332715,11982.654044741848,11979.487091220464,11978.815834771685]",11982.654044741848,"[11990.290877778136,11984.383820979947,11982.232357990544,11979.099827879925,11978.473321828453]",11982.232357990544,,,306.0,129.0,129.0,5066.0,,,
neoverse-v2,count/random129/series_local/cp16/native16/materialized/sparse17,1,5,"[811.9108155003646,811.6205899366878,809.8817813767915,809.5762868710887,810.3744360897548]",810.3744360897548,"[814.9803354549196,812.4164256783431,809.8592249835369,809.5530364382648,810.7024869862468]",810.7024869862468,,,306.0,8.0,129.0,5066.0,,,
neoverse-v2,count/random129/series_local/cp16/native16/shared/crossing15,1,5,"[191.56554739700076,192.15029013001828,192.09044908292915,192.0704012320939,192.17564557368704]",192.09044908292915,"[191.5585897747644,192.1436900151426,192.27753485746143,192.06740367948643,192.16882545494306]",192.1436900151426,,,306.0,2.0,129.0,5066.0,,,
neoverse-v2,count/random129/series_local/cp16/native16/shared/last,1,5,"[121.78100923165576,120.90244325671217,121.22709446797336,121.31361490943289,121.44327410275832]",121.31361490943289,"[121.86468383417476,120.89829596716524,121.22324217400079,122.30703824508265,121.4384500592314]",121.4384500592314,,,306.0,1.0,129.0,5066.0,,,
neoverse-v2,count/random129/series_local/cp16/native16/shared/masked25,1,5,"[3203.605226958666,3205.450710682934,3203.2315451613567,3202.30123796241,3201.4181568088416]",3203.2315451613567,"[3203.516735438579,3205.3429619397953,3203.141678130224,3202.2017423311545,3201.3163686428875]",3203.141678130224,,,306.0,37.0,129.0,5066.0,,,
neoverse-v2,count/random129/series_local/cp16/native16/shared/range37,1,5,"[3140.006735519605,3140.07139649747,3138.118994163667,3137.072294568935,3142.5235743154535]",3140.006735519605,"[3139.924562180674,3139.985630888017,3138.0296362868835,3136.9856308870662,3146.823978446639]",3139.924562180674,,,306.0,37.0,129.0,5066.0,,,
neoverse-v2,count/random129/series_local/cp16/native16/shared/scan,1,5,"[10995.68839427556,10985.364069955522,10986.65659777709,10984.459459461254,10990.23529411724]",10986.65659777709,"[10995.416534185915,10985.1319554915,10986.391096954561,10984.189189179919,10989.903020645475]",10986.391096954561,,,306.0,129.0,129.0,5066.0,,,
neoverse-v2,count/random129/series_local/cp16/native16/shared/sparse17,1,5,"[753.0425371525615,753.5021537802774,751.3793883272589,752.2476846861397,752.2700839972531]",752.2700839972531,"[753.0177686849104,754.3424510021794,751.3618350201369,752.2210855050533,752.2459616628554]",752.2459616628554,,,306.0,8.0,129.0,5066.0,,,
neoverse-v2,count/random129/series_local/cp16/point/shared/crossing15,1,5,"[189.66932508684357,189.48651801219592,189.66276041654703,189.6361219617948,189.65272352431919]",189.65272352431919,"[189.6621636286887,189.48196072053767,189.85221354122444,189.67184787283605,189.64648437526841]",189.6621636286887,,,306.0,2.0,129.0,5066.0,,,
neoverse-v2,count/random129/series_local/cp16/point/shared/last,1,5,"[97.11125589132085,97.46102023840582,97.38193789851779,97.52801497094717,97.06989187692929]",97.38193789851779,"[97.10780426943509,97.45765178823619,97.37783476597193,97.52517327406044,97.06644025514203]",97.37783476597193,,,306.0,1.0,129.0,5066.0,,,
neoverse-v2,count/random129/series_local/cp16/point/shared/masked25,1,5,"[3534.8744939271587,3499.1761133588643,3489.344635627074,3488.4149797570194,3493.402327936086]",3493.402327936086,"[3534.764170045774,3510.9949392660183,3489.3001012104332,3488.3117408964636,3493.3066801602863]",3493.3066801602863,,,306.0,37.0,129.0,5066.0,,,
neoverse-v2,count/random129/series_local/cp16/point/shared/range37,1,5,"[3442.3508858243777,3444.543307085539,3441.090059056803,3441.2549212594326,3445.956200786088]",3442.3508858243777,"[3442.2667322898437,3445.946358258595,3440.9990157474285,3441.1589566933053,3449.31594489106]",3442.2667322898437,,,306.0,37.0,129.0,5066.0,,,
neoverse-v2,count/random129/series_local/cp16/point/shared/scan,1,5,"[12001.015437393027,11986.010291597042,11984.185248710643,11981.38078902501,11981.058319039856]",11984.185248710643,"[12013.759862760922,11985.737564295656,11983.830188640866,11981.060034311959,11980.596912550702]",11983.830188640866,,,306.0,129.0,129.0,5066.0,,,
neoverse-v2,count/random129/series_local/cp16/point/shared/sparse17,1,5,"[700.7066029280129,702.139229160466,701.0325664771864,700.9382531621138,700.9703216810085]",700.9703216810085,"[700.8746140809675,705.2984762483948,701.0202171085717,700.9160442180055,701.1542675024356]",701.0202171085717,,,306.0,8.0,129.0,5066.0,,,
neoverse-v2,count/random129/series_local/cp64/buffered16/shared/crossing15,1,5,"[228.80272419187605,228.4596259123936,228.22406152224673,228.2018704379157,228.1848931176593]",228.22406152224673,"[229.02085505758077,228.4518704372993,228.21640380605228,228.19365875886723,228.1782781537241]",228.21640380605228,,,282.0,2.0,129.0,5066.0,,,
neoverse-v2,count/random129/series_local/cp64/buffered16/shared/last,1,5,"[136.27275732644225,136.6703420648684,136.50041810077963,136.41331699820765,135.95414503236213]",136.41331699820765,"[136.26914026831918,136.88792952556534,136.49783170946938,136.40837757394397,135.9494195199716]",136.40837757394397,,,282.0,1.0,129.0,5066.0,,,
neoverse-v2,count/random129/series_local/cp64/buffered16/shared/masked25,1,5,"[3384.884857281467,3386.6686018402875,3385.8137397210126,3388.40880503121,3385.6831156276294]",3385.8137397210126,"[3384.7885824773944,3386.575713592208,3385.7121432027907,3391.607643924706,3385.6095791123657]",3385.7121432027907,,,282.0,37.0,129.0,5066.0,,,
neoverse-v2,count/random129/series_local/cp64/buffered16/shared/range37,1,5,"[3203.227813357648,3202.9602012797804,3206.849954254921,3204.0791399821733,3204.1898444646563]",3204.0791399821733,"[3203.145471176592,3202.851326623616,3209.841262585975,3204.021957911364,3204.088289110513]",3204.021957911364,,,282.0,37.0,129.0,5066.0,,,
neoverse-v2,count/random129/series_local/cp64/buffered16/shared/scan,1,5,"[11155.515974433574,11161.130990412908,11155.479233233504,11156.685303513004,11149.492012778906]",11155.515974433574,"[11155.143769969662,11160.736421741243,11155.194888184755,11156.39456872142,11149.039936092562]",11155.194888184755,,,282.0,129.0,129.0,5066.0,,,
neoverse-v2,count/random129/series_local/cp64/buffered16/shared/sparse17,1,5,"[901.7933091289856,902.1605290450563,901.595435684293,901.2423495854372,900.5742997919909]",901.595435684293,"[901.7645228232353,902.1369294635695,901.5713174268786,901.2171939835388,900.545383816798]",901.5713174268786,,,282.0,8.0,129.0,5066.0,,,
neoverse-v2,count/random129/series_local/cp64/native16/shared/crossing15,1,5,"[192.28382216400308,192.07990605708292,192.14552952085265,191.97241793651878,191.92203287999223]",192.07990605708292,"[192.47533999660072,192.07436233563644,192.13941231081338,191.96714730463816,191.91594297941407]",192.07436233563644,,,282.0,2.0,129.0,5066.0,,,
neoverse-v2,count/random129/series_local/cp64/native16/shared/last,1,5,"[121.23683527437692,121.33573295020788,120.85932822267584,121.84022357970835,121.08749372703234]",121.23683527437692,"[121.23292436020274,121.44670946768537,120.85583262636838,125.5897520203731,121.0851229515867]",121.23292436020274,,,282.0,1.0,129.0,5066.0,,,
neoverse-v2,count/random129/series_local/cp64/native16/shared/masked25,1,5,"[3201.881115683516,3196.358024690782,3199.3443072714485,3204.4252400541213,3199.220393231824]",3199.3443072714485,"[3201.7700045745823,3196.28440786611,3199.260631003786,3209.860539544392,3199.136259721626]",3199.260631003786,,,282.0,37.0,129.0,5066.0,,,
neoverse-v2,count/random129/series_local/cp64/native16/shared/range37,1,5,"[3139.257181326702,3138.717235188233,3142.172800718342,3138.0996409332224,3145.289946138243]",3139.257181326702,"[3139.1543985549806,3138.617594246416,3153.2742369809234,3138.008078989877,3160.3110412947126]",3139.1543985549806,,,282.0,37.0,129.0,5066.0,,,
neoverse-v2,count/random129/series_local/cp64/native16/shared/scan,1,5,"[10990.801261829998,10984.82334384743,10983.003154579283,10987.604100945555,11011.064668771172]",10987.604100945555,"[10990.446372205126,10984.492113558528,10982.749211357417,10987.2949526662,11060.563091500168]",10987.2949526662,,,282.0,129.0,129.0,5066.0,,,
neoverse-v2,count/random129/series_local/cp64/native16/shared/sparse17,1,5,"[753.007432941335,752.3147689319508,752.2353764948638,752.8178390604334,752.6965420658416]",752.6965420658416,"[752.9862113567056,752.2891306678678,752.2145858023931,753.0157276739449,752.8681460724397]",752.8681460724397,,,282.0,8.0,129.0,5066.0,,,
neoverse-v2,count/random129/series_local/cp64/point/shared/crossing15,1,5,"[214.1151681959228,214.19764525990522,214.0585932722575,214.0828746176594,213.91651376131486]",214.0828746176594,"[214.10905198768296,214.51623853171017,214.05431192655482,214.07480122379974,213.9106116202624]",214.07480122379974,,,282.0,2.0,129.0,5066.0,,,
neoverse-v2,count/random129/series_local/cp64/point/shared/last,1,5,"[97.19466022122505,97.1831060690816,97.30814798259398,97.41268022795255,97.38736447964709]",97.30814798259398,"[97.19130714239807,97.2185229686029,97.39587291818931,97.41052866898977,97.3841790544984]",97.3841790544984,,,282.0,1.0,129.0,5066.0,,,
neoverse-v2,count/random129/series_local/cp64/point/shared/masked25,1,5,"[4823.922651931247,4827.43646408716,4827.084254142709,4832.601519338677,4828.732734807144]",4827.43646408716,"[4823.7658839796495,4827.308011042765,4826.9226519193935,4837.705110494257,4828.6284530232]",4827.308011042765,,,282.0,37.0,129.0,5066.0,,,
neoverse-v2,count/random129/series_local/cp64/point/shared/range37,1,5,"[4323.744588745319,4319.194186767744,4318.451453308593,4326.502164500361,4319.7359307389415]",4319.7359307389415,"[4323.598639466407,4319.047619044213,4318.331478040228,4330.781076069687,4319.611626459299]",4319.611626459299,,,282.0,37.0,129.0,5066.0,,,
neoverse-v2,count/random129/series_local/cp64/point/shared/scan,1,5,"[17024.873786401167,17017.167475730665,17045.199029128453,17011.876213588093,17003.509708739948]",17017.167475730665,"[17024.383495132955,17016.63834952503,17044.682038837527,17011.400485445134,17002.963592267515]",17016.63834952503,,,282.0,129.0,129.0,5066.0,,,
neoverse-v2,count/random129/series_local/cp64/point/shared/sparse17,1,5,"[991.9537637436337,983.0506061466994,983.5397519030832,982.8426839582581,983.4000563857047]",983.4000563857047,"[993.0477868616358,983.0150831696012,983.5040879592743,982.816887511927,983.6676064270941]",983.5040879592743,,,282.0,8.0,129.0,5066.0,,,
neoverse-v2,count/random129/series_scan/cp16/buffered16/shared/crossing15,1,5,"[217.9862092688165,217.97814122225557,217.680936894131,217.89133154030492,217.86503220967202]",217.89133154030492,"[217.98070548450974,217.9703858904899,217.67383826356863,217.8835762078726,217.8585277379761]",217.8835762078726,,,390.0,2.0,129.0,5066.0,,,
neoverse-v2,count/random129/series_scan/cp16/buffered16/shared/last,1,5,"[129.28186661759153,129.06329230208252,129.04912731947374,129.02404923761262,129.09048318936084]",129.06329230208252,"[129.40611794987166,129.05976483558106,129.04460775307584,129.0198787432506,129.0860738564298]",129.05976483558106,,,390.0,1.0,129.0,5066.0,,,
neoverse-v2,count/random129/series_scan/cp16/buffered16/shared/masked25,1,5,"[3334.137881681351,3334.397900761409,3339.8287213756603,3335.420324427072,3331.743320609446]",3334.397900761409,"[3334.0166984787766,3334.283396938531,3343.8883587720516,3335.3602099182813,3331.632633597727]",3334.283396938531,,,390.0,37.0,129.0,5066.0,,,
neoverse-v2,count/random129/series_scan/cp16/buffered16/shared/range37,1,5,"[3187.729014599088,3190.50364963501,3186.837591242222,3186.116788321222,3194.145072992505]",3187.729014599088,"[3187.6322992626183,3193.7728102203964,3186.784215330259,3186.063868608814,3213.555200732797]",3187.6322992626183,,,390.0,37.0,129.0,5066.0,,,
neoverse-v2,count/random129/series_scan/cp16/buffered16/shared/scan,1,5,"[11309.462519939076,11098.419457739597,11091.288676234011,11095.556618819568,11101.23923444944]",11098.419457739597,"[12339.312599685605,11098.210526308518,11090.866028722126,11095.21212118341,11129.88516742583]",11098.210526308518,,,390.0,129.0,129.0,5066.0,,,
neoverse-v2,count/random129/series_scan/cp16/buffered16/shared/sparse17,1,5,"[862.2311012451706,861.4514736712056,860.937476877927,862.7688987543588,861.5084474035515]",861.5084474035515,"[862.1894191644654,861.4301393517395,860.9105931671202,863.1648785298214,861.4797139000125]",861.4797139000125,,,390.0,8.0,129.0,5066.0,,,
neoverse-v2,count/random129/series_scan/cp16/native16/shared/crossing15,1,5,"[181.11976699024083,181.02827184458172,181.14640776684462,181.01465372176534,180.94485436894203]",181.02827184458172,"[181.11370873804822,181.02185113226034,181.13949514537333,181.00856957951098,180.93763106856923]",181.02185113226034,,,390.0,2.0,129.0,5066.0,,,
neoverse-v2,count/random129/series_scan/cp16/native16/shared/last,1,5,"[109.39589359827997,109.55213180727952,109.39999685568039,109.90447742429258,109.30629794994915]",109.39999685568039,"[109.49764180598156,109.5490661550742,109.39575210679955,110.06841906667796,109.3019431516178]",109.49764180598156,,,390.0,1.0,129.0,5066.0,,,
neoverse-v2,count/random129/series_scan/cp16/native16/shared/masked25,1,5,"[3180.115157030639,3179.6636322255354,3181.500227581179,3179.1438324976707,3176.5639508440936]",3179.6636322255354,"[3179.9986344935082,3179.571688671465,3184.747837960858,3179.0755575781436,3176.470641789886]",3179.571688671465,,,390.0,37.0,129.0,5066.0,,,
neoverse-v2,count/random129/series_scan/cp16/native16/shared/range37,1,5,"[3137.7553763444394,3141.7786738341074,3137.266577060635,3136.172939068043,3136.5654121869616]",3137.266577060635,"[3137.6568100344075,3145.7558243681437,3137.1155914025685,3136.0739247372585,3136.4578852995282]",3137.1155914025685,,,390.0,37.0,129.0,5066.0,,,
neoverse-v2,count/random129/series_scan/cp16/native16/shared/scan,1,5,"[10930.218897632725,10925.795275583132,10917.32755905762,10918.897637799006,10927.521259832443]",10925.795275583132,"[10929.834645665997,10925.516535441751,10917.039370085371,10918.489763755106,10927.196850401542]",10925.516535441751,,,390.0,129.0,129.0,5066.0,,,
neoverse-v2,count/random129/series_scan/cp16/native16/shared/sparse17,1,5,"[710.2984756097827,710.1588414627194,710.4541666672995,710.2301829269821,710.831300812712]",710.2984756097827,"[710.2763211378492,710.1362804895755,710.4306910559621,710.2126016265197,710.8049796755722]",710.2763211378492,,,390.0,8.0,129.0,5066.0,,,
neoverse-v2,count/random129/series_scan/cp16/point/shared/crossing15,1,5,"[183.69306644216152,183.85954021777872,184.03135356936082,183.7060339838973,183.97409121997532]",183.85954021777872,"[183.68722710297868,183.85477931493486,184.02535640999804,183.70140459818157,184.64203798216712]",183.85477931493486,,,390.0,2.0,129.0,5066.0,,,
neoverse-v2,count/random129/series_scan/cp16/point/shared/last,1,5,"[96.53548253766964,96.46783770745341,96.40236963560277,96.40253495903038,96.50272094783973]",96.46783770745341,"[96.60440862420512,96.54536061183289,96.60296204475195,96.48600950621639,96.50004821938708]",96.54536061183289,,,390.0,1.0,129.0,5066.0,,,
neoverse-v2,count/random129/series_scan/cp16/point/shared/masked25,1,5,"[3412.7690429694435,3410.7177734402085,3417.2416992217513,3415.1938476528753,3414.423828125568]",3414.423828125568,"[3412.6621093755193,3410.62939453185,3420.7363281274493,3415.129882805568,3414.294921871841]",3414.294921871841,,,390.0,37.0,129.0,5066.0,,,
neoverse-v2,count/random129/series_scan/cp16/point/shared/range37,1,5,"[3307.834120982817,3304.6999054811076,3306.792060490731,3306.167296787661,3304.404536861816]",3306.167296787661,"[3307.7282608740684,3304.597353489424,3309.802930054901,3306.0831758111453,3304.3090737293523]",3306.0831758111453,,,390.0,37.0,129.0,5066.0,,,
neoverse-v2,count/random129/series_scan/cp16/point/shared/scan,1,5,"[11677.801666666692,11677.83833333639,11684.569999997526,11672.490000004624,11689.0983333325]",11677.83833333639,"[11677.463333323127,11677.406666687299,11684.34833331844,11672.173333323599,11703.133333374657]",11677.463333323127,,,390.0,129.0,129.0,5066.0,,,
neoverse-v2,count/random129/series_scan/cp16/point/shared/sparse17,1,5,"[687.3256248769305,687.8436331432279,687.620448731123,687.7924621138644,687.2935445779193]",687.620448731123,"[687.3072229898618,687.8255264712132,687.595256838378,687.7729777594776,687.2720921068573]",687.595256838378,,,390.0,8.0,129.0,5066.0,,,
neoverse-v2,count/random129/series_scan/cp64/buffered16/shared/crossing15,1,5,"[217.9525232714104,217.7581644406951,217.7411039508099,218.04143706618103,217.98770274882455]",217.9525232714104,"[217.9457364340197,217.75122194177564,217.73409918776554,219.2088976057217,218.13922356035067]",217.9457364340197,,,366.0,2.0,129.0,5066.0,,,
neoverse-v2,count/random129/series_scan/cp64/buffered16/shared/last,1,5,"[129.23996874831894,128.96069349110064,129.09464813878196,129.17396804139258,129.34345294576272]",129.17396804139258,"[129.2365645405436,128.95624755804397,129.0904254326185,129.17026619753935,129.39308369113851]",129.17026619753935,,,366.0,1.0,129.0,5066.0,,,
neoverse-v2,count/random129/series_scan/cp64/buffered16/shared/masked25,1,5,"[3334.7370176264176,3339.264888043172,3336.749880897006,3335.1238685093317,3336.3558837550695]",3336.3558837550695,"[3334.620295383303,3342.3930443028435,3336.659838023843,3335.0300142835804,3336.25345402323]",3336.25345402323,,,366.0,37.0,129.0,5066.0,,,
neoverse-v2,count/random129/series_scan/cp64/buffered16/shared/range37,1,5,"[3188.1946216949004,3184.6700091166003,3187.07110300691,3185.5519598915457,3185.1955332731527]",3185.5519598915457,"[3191.134001817976,3184.587967190223,3186.9785779389827,3185.4717411128986,3185.10665451364]",3185.4717411128986,,,366.0,37.0,129.0,5066.0,,,
neoverse-v2,count/random129/series_scan/cp64/buffered16/shared/scan,1,5,"[11094.882725824653,11096.987321709435,11098.098256729412,11117.698890644075,11098.318541992237]",11098.098256729412,"[11094.529318544808,11096.62123612885,11097.732171160087,11128.790808235211,11097.949286850542]",11097.732171160087,,,366.0,129.0,129.0,5066.0,,,
neoverse-v2,count/random129/series_scan/cp64/buffered16/shared/sparse17,1,5,"[864.2590982489952,861.7410259593335,860.6518444906526,861.6560675691022,862.4329896908756]",861.7410259593335,"[864.2333871572844,861.7112160006668,860.6253881524904,861.6322196014629,863.3534964600434]",861.7112160006668,,,366.0,8.0,129.0,5066.0,,,
neoverse-v2,count/random129/series_scan/cp64/native16/shared/crossing15,1,5,"[179.96889220259584,180.11260508535457,180.45900712130043,180.2401984728902,180.1657968481411]",180.1657968481411,"[179.96295344121708,180.10666632397582,180.45335115783033,180.2343625472142,180.32712034381316]",180.2343625472142,,,366.0,2.0,129.0,5066.0,,,
neoverse-v2,count/random129/series_scan/cp64/native16/shared/last,1,5,"[109.29859440892017,109.2077619865376,109.16175230354264,109.14163673271663,109.24894580664493]",109.2077619865376,"[109.29495548975088,109.20413868499334,109.1577854132492,109.1377479305483,109.28788068087047]",109.20413868499334,,,366.0,1.0,129.0,5066.0,,,
neoverse-v2,count/random129/series_scan/cp64/native16/shared/masked25,1,5,"[3177.009095043228,3185.0345611658245,3178.9499772614477,3180.5038653933525,3179.2860391080817]",3179.2860391080817,"[3176.895407003497,3189.924965892749,3178.8844929579036,3180.4124602129245,3179.1732605630523]",3179.1732605630523,,,366.0,37.0,129.0,5066.0,,,
neoverse-v2,count/random129/series_scan/cp64/native16/shared/range37,1,5,"[3140.3300448427076,3135.1291479815463,3138.9587443955215,3136.9246636786056,3135.2215246644314]",3136.9246636786056,"[3143.484753364226,3135.0412555944063,3149.8726457357407,3136.8345291372207,3135.118834090499]",3136.8345291372207,,,366.0,37.0,129.0,5066.0,,,
neoverse-v2,count/random129/series_scan/cp64/native16/shared/scan,1,5,"[10926.180250787918,10918.200626954747,10929.9498432589,10918.90438870721,10921.173981193293]",10921.173981193293,"[10925.816614427607,10917.82445138617,10941.62225705443,10918.601880873033,10920.796238243172]",10920.796238243172,,,366.0,129.0,129.0,5066.0,,,
neoverse-v2,count/random129/series_scan/cp64/native16/shared/sparse17,1,5,"[708.3838353107321,708.1524186190205,708.619612614958,708.6248859142484,707.9893519923957]",708.3838353107321,"[708.3588885515867,708.1336578459416,708.599736333738,709.6193083881907,707.9659263769161]",708.3588885515867,,,366.0,8.0,129.0,5066.0,,,
neoverse-v2,count/random129/series_scan/cp64/point/shared/crossing15,1,5,"[199.51663912491617,199.87432332328146,199.7791327142504,199.9400535643946,199.94999715083543]",199.87432332328146,"[199.51108325283312,199.86871046768735,199.7731209756985,199.93441221704492,199.9431876461655]",199.86871046768735,,,366.0,2.0,129.0,5066.0,,,
neoverse-v2,count/random129/series_scan/cp64/point/shared/last,1,5,"[96.56240866850634,96.42528054252628,96.37621660372879,96.29492128263918,96.33448675181377]",96.37621660372879,"[96.65313352997134,96.42228900734645,96.37310099539408,96.29191596143353,96.33087485174114]",96.37310099539408,,,366.0,1.0,129.0,5066.0,,,
neoverse-v2,count/random129/series_scan/cp64/point/shared/masked25,1,5,"[4572.862091499567,4573.62810457447,4574.207189543264,4575.31111111267,4573.009150328298]",4573.62810457447,"[4572.741176473137,4573.532026142114,4574.0790849575005,4575.152941178875,4572.872549007484]",4573.532026142114,,,366.0,37.0,129.0,5066.0,,,
neoverse-v2,count/random129/series_scan/cp64/point/shared/range37,1,5,"[3963.43003412847,3916.0881683733387,3907.498862340387,3914.8959044394437,3907.9442548343513]",3914.8959044394437,"[3963.329920370711,3919.76052331478,3907.4283276360297,3932.2377701899673,3907.842434577663]",3919.76052331478,,,366.0,37.0,129.0,5066.0,,,
neoverse-v2,count/random129/series_scan/cp64/point/shared/scan,1,5,"[16055.399082560616,16022.4357798025,16020.688073398844,16039.174311928607,15969.073394498919]",16022.4357798025,"[16054.981651349714,16021.967889937012,16020.13302753025,16152.704128440735,15968.76605500765]",16021.967889937012,,,366.0,129.0,129.0,5066.0,,,
neoverse-v2,count/random129/series_scan/cp64/point/shared/sparse17,1,5,"[941.5807666440667,940.698184263996,940.6145258912018,941.0601210493134,941.2110289175668]",941.0601210493134,"[941.5466039031945,940.6738399469534,940.5819771364469,941.419905851548,941.1790181559545]",941.1790181559545,,,366.0,8.0,129.0,5066.0,,,
neoverse-v2,count/random129/tuple_absolute6/cp16/point/shared/crossing15,1,5,"[171.56203288491173,172.0180842461692,171.5161361463931,171.77335881799044,171.82170599621753]",171.77335881799044,"[171.55676443905097,172.2327917858297,171.5110882398763,171.76760028377012,171.81621701101287]",171.76760028377012,,,774.0,2.0,129.0,5066.0,,,
neoverse-v2,count/random129/tuple_absolute6/cp16/point/shared/last,1,5,"[100.57993064592789,100.66384915467346,100.63502384044013,100.6200693541402,100.4314549920528]",100.6200693541402,"[100.68968357185216,100.66116168215855,100.63135385035328,100.61648605704299,100.42853633884819]",100.63135385035328,,,774.0,1.0,129.0,5066.0,,,
neoverse-v2,count/random129/tuple_absolute6/cp16/point/shared/masked25,1,5,"[3127.158623770209,3124.5536193022876,3133.745308310466,3124.7479892740985,3123.7323503108387]",3124.7479892740985,"[3127.0612153744914,3124.438784630083,3136.9606791861856,3124.666219835098,3123.6353887410955]",3124.666219835098,,,774.0,37.0,129.0,5066.0,,,
neoverse-v2,count/random129/tuple_absolute6/cp16/point/shared/range37,1,5,"[3076.581385087437,3069.2814292010808,3067.379355975891,3065.8808998663167,3064.7878253220433]",3067.379355975891,"[3080.309660339261,3071.1199823598395,3067.296868098068,3067.628584024568,3064.702690774394]",3067.628584024568,,,774.0,37.0,129.0,5066.0,,,
neoverse-v2,count/random129/tuple_absolute6/cp16/point/shared/scan,1,5,"[10654.343032151794,10667.212863707879,10664.50535988388,10665.781010728324,10659.300153144877]",10664.50535988388,"[10653.960183749845,10666.940275684603,10664.205206708808,10680.747320062246,10659.007656976362]",10664.205206708808,,,774.0,129.0,129.0,5066.0,,,
neoverse-v2,count/random129/tuple_absolute6/cp16/point/shared/sparse17,1,5,"[668.9965785972016,668.1869416462536,667.3932712408847,668.8965025661896,668.2786542482429]",668.2786542482429,"[668.9758601002293,668.1672685796817,667.3696065380868,668.8742634476617,668.2600266100457]",668.2600266100457,,,774.0,8.0,129.0,5066.0,,,
neoverse-v2,count/random129/tuple_checkpoint2/cp16/buffered16/shared/crossing15,1,5,"[228.41860313539675,228.05159208678742,229.50148290593197,227.33741811430582,227.8823452725974]",228.05159208678742,"[228.41156340597422,228.043509434719,229.87113385342215,227.32865104444647,227.87419743877547]",228.043509434719,,,324.0,2.0,129.0,5066.0,,,
neoverse-v2,count/random129/tuple_checkpoint2/cp16/buffered16/shared/last,1,5,"[134.70095440088457,134.80570712426902,134.66730936090153,134.69702111248841,134.57510845460894]",134.69702111248841,"[134.69626916044814,134.80082907515342,134.6621420995892,134.6916224813913,134.5701918443877]",134.6916224813913,,,324.0,1.0,129.0,5066.0,,,
neoverse-v2,count/random129/tuple_checkpoint2/cp16/buffered16/shared/masked25,1,5,"[3359.2699711256264,3363.667468720865,3362.0779595741674,3359.1573628493775,3360.576515880592]",3360.576515880592,"[3359.152550519183,3367.356111649342,3361.983156890231,3359.048604422239,3360.459576524949]",3360.459576524949,,,324.0,37.0,129.0,5066.0,,,
neoverse-v2,count/random129/tuple_checkpoint2/cp16/buffered16/shared/range37,1,5,"[3205.8077803213987,3204.084210527824,3200.698855834681,3200.0951945079073,3199.906636152911]",3200.698855834681,"[3209.609153311698,3203.9899313503256,3200.6100686484842,3200.00366132606,3199.7986269971598]",3200.6100686484842,,,324.0,37.0,129.0,5066.0,,,
neoverse-v2,count/random129/tuple_checkpoint2/cp16/buffered16/shared/scan,1,5,"[11127.594896330604,11117.984051033613,11122.381180227065,11123.673046249338,11138.744816596076]",11123.673046249338,"[11127.248803837643,11117.657097286885,11122.153110049752,11123.419457717275,11143.140350864733]",11123.419457717275,,,324.0,129.0,129.0,5066.0,,,
neoverse-v2,count/random129/tuple_checkpoint2/cp16/buffered16/shared/sparse17,1,5,"[901.7956919903302,904.2663485108943,903.2855668774777,903.3443828199777,902.802270089016]",903.2855668774777,"[901.7706694172687,904.2355217339033,903.2561589076023,903.312395202384,903.7021798039011]",903.312395202384,,,324.0,8.0,129.0,5066.0,,,
neoverse-v2,count/random129/tuple_checkpoint2/cp16/native16/shared/crossing15,1,5,"[185.61809085340022,186.10873672724247,185.50666631174388,186.03345131320873,185.83878436274082]",185.83878436274082,"[185.61167735572405,186.10200388469286,185.50062538299218,186.02778295224695,186.0247757936475]",186.0247757936475,,,324.0,2.0,129.0,5066.0,,,
neoverse-v2,count/random129/tuple_checkpoint2/cp16/native16/shared/last,1,5,"[114.43533867872988,114.66463344644853,114.81112368207641,115.60529293126045,114.64756423502126]",114.66463344644853,"[114.4318789251334,114.66097692970763,114.80717202021115,115.6017347960335,114.64382573318053]",114.66097692970763,,,324.0,1.0,129.0,5066.0,,,
neoverse-v2,count/random129/tuple_checkpoint2/cp16/native16/shared/masked25,1,5,"[3215.937442502688,3217.563017476918,3215.7221711120737,3218.114535420979,3218.1821527137113]",3217.563017476918,"[3215.8394664283323,3221.4553817808337,3215.637074520336,3230.097976074747,3218.104415828194]",3218.104415828194,,,324.0,37.0,129.0,5066.0,,,
neoverse-v2,count/random129/tuple_checkpoint2/cp16/native16/shared/range37,1,5,"[3149.045004499947,3145.685868586625,3149.341584158469,3145.56480648159,3144.0378037812866]",3145.685868586625,"[3152.32628261945,3145.615211519869,3161.6561656234358,3145.4293429416143,3143.969396934943]",3145.615211519869,,,324.0,37.0,129.0,5066.0,,,
neoverse-v2,count/random129/tuple_checkpoint2/cp16/native16/shared/scan,1,5,"[10967.433489828678,10964.760563371216,10974.488262917115,10966.84037558864,10959.652582161587]",10966.84037558864,"[10967.129890451775,10964.44131456299,10985.798122079339,10966.560250364284,10959.248826281875]",10966.560250364284,,,324.0,129.0,129.0,5066.0,,,
neoverse-v2,count/random129/tuple_checkpoint2/cp16/native16/shared/sparse17,1,5,"[728.3115093753953,726.5424220447695,727.7731275251805,728.0453744947416,726.9757588314152]",727.7731275251805,"[728.2887185327565,726.5221174767698,727.7496115204242,731.5337200857631,726.9612555706614]",727.7496115204242,,,324.0,8.0,129.0,5066.0,,,
neoverse-v2,count/random129/tuple_checkpoint2/cp16/point/shared/crossing15,1,5,"[210.4744934878414,210.64586348284362,211.04609864928685,210.44178123503883,210.47892547030642]",210.47892547030642,"[210.46716714870269,210.6383863969478,211.03813917025505,210.4335202603506,210.47256391701123]",210.47256391701123,,,324.0,2.0,129.0,5066.0,,,
neoverse-v2,count/random129/tuple_checkpoint2/cp16/point/shared/last,1,5,"[98.11266025198078,98.13595814509621,98.07804303306683,98.18653743648025,98.07887059220687]",98.11266025198078,"[98.20572558694876,98.13319493923686,98.0752096951226,98.18318512068913,98.07561646115522]",98.13319493923686,,,324.0,1.0,129.0,5066.0,,,
neoverse-v2,count/random129/tuple_checkpoint2/cp16/point/shared/masked25,1,5,"[3830.3388067880637,3837.617405583324,3830.893267650132,3829.1100164188447,3837.1423097974653]",3830.893267650132,"[3830.2348111543333,3841.3689107862656,3830.775041051032,3828.9906951133476,3851.474548445555]",3830.775041051032,,,324.0,37.0,129.0,5066.0,,,
neoverse-v2,count/random129/tuple_checkpoint2/cp16/point/shared/range37,1,5,"[3764.753498387104,3767.41657696476,3763.8067814834526,3764.1603875120154,3764.455328310029]",3764.455328310029,"[3764.6227126061426,3771.056512376327,3763.6862217471166,3764.0645855703456,3764.34930031991]",3764.34930031991,,,324.0,37.0,129.0,5066.0,,,
neoverse-v2,count/random129/tuple_checkpoint2/cp16/point/shared/scan,1,5,"[13378.938931293891,13367.862595421646,13356.698473282595,13372.8759542015,13358.395038166087]",13367.862595421646,"[13378.572519076952,13367.52290077773,13356.25190844151,13387.13740463092,13358.047709906634]",13367.52290077773,,,324.0,129.0,129.0,5066.0,,,
neoverse-v2,count/random129/tuple_checkpoint2/cp16/point/shared/sparse17,1,5,"[737.4240453209245,738.3834452369897,736.8315148972612,737.2429710454738,737.7363617289377]",737.4240453209245,"[737.4005455310361,738.3590012579066,736.8066512782875,737.2189467062813,738.4313890052159]",737.4005455310361,,,324.0,8.0,129.0,5066.0,,,
neoverse-v2,count/random129/tuple_checkpoint2/cp64/buffered16/shared/crossing15,1,5,"[227.66252851077493,227.34942978168758,227.7191267514124,227.95467579011301,228.01665037470255]",227.7191267514124,"[227.65493646119805,227.3428152492981,227.71153470137247,227.94705115674563,228.23929618745518]",227.71153470137247,,,300.0,2.0,129.0,5066.0,,,
neoverse-v2,count/random129/tuple_checkpoint2/cp64/buffered16/shared/last,1,5,"[134.89606535903346,134.8519018073571,134.88128636941795,134.7153454853373,135.31889475509237]",134.88128636941795,"[134.89149870861993,134.84689198024813,134.87695094235434,134.71041273222193,135.31392346525402]",134.87695094235434,,,300.0,1.0,129.0,5066.0,,,
neoverse-v2,count/random129/tuple_checkpoint2/cp64/buffered16/shared/masked25,1,5,"[3370.7841346153346,3364.748076924055,3368.1620192323926,3361.6206730770523,3362.4754807683494]",3364.748076924055,"[3374.1259615365057,3364.6701923090586,3380.3961538471694,3361.5269230744198,3362.3850961489024]",3364.6701923090586,,,300.0,37.0,129.0,5066.0,,,
neoverse-v2,count/random129/tuple_checkpoint2/cp64/buffered16/shared/range37,1,5,"[3203.8172240054737,3200.7017865318408,3200.3957856131356,3199.772789739689,3202.8053137894476]",3200.7017865318408,"[3204.9056344422247,3200.608337152288,3200.3073751793795,3199.680256527365,3202.7017865410867]",3200.608337152288,,,300.0,37.0,129.0,5066.0,,,
neoverse-v2,count/random129/tuple_checkpoint2/cp64/buffered16/shared/scan,1,5,"[11140.50796178806,11135.305732482551,11147.993630569288,11138.707006377781,11136.149681529081]",11138.707006377781,"[11140.140127368379,11134.899681533141,11159.601910822817,11138.39012741027,11135.792993601479]",11138.39012741027,,,300.0,129.0,129.0,5066.0,,,
neoverse-v2,count/random129/tuple_checkpoint2/cp64/buffered16/shared/sparse17,1,5,"[902.9078233926739,903.6538858763481,901.771882261803,902.2263103537115,901.9743093202503]",902.2263103537115,"[902.8750322728816,903.6226439479475,901.7418022230476,903.120449264714,901.9583010575142]",902.8750322728816,,,300.0,8.0,129.0,5066.0,,,
neoverse-v2,count/random129/tuple_checkpoint2/cp64/native16/shared/crossing15,1,5,"[185.18215485549854,185.1938470492674,185.1800386211621,185.65851916515248,185.3118535565835]",185.1938470492674,"[185.17681136436298,185.18802740559408,185.17421897711293,185.94997751488754,185.30645715921358]",185.18802740559408,,,300.0,2.0,129.0,5066.0,,,
neoverse-v2,count/random129/tuple_checkpoint2/cp64/native16/shared/last,1,5,"[114.58160478570733,114.81952662722931,114.5350152806103,114.54376097281853,114.89615709733853]",114.58160478570733,"[114.57775212957331,114.81599908955948,114.53173158178863,114.53998959641606,115.00848559717916]",114.57775212957331,,,300.0,1.0,129.0,5066.0,,,
neoverse-v2,count/random129/tuple_checkpoint2/cp64/native16/shared/masked25,1,5,"[3217.2161913539508,3214.0372585113414,3215.602575895792,3212.6389144437976,3213.946182153397]",3214.0372585113414,"[3217.110855566837,3213.940662380268,3215.497700091952,3212.546458145839,3213.852345905619]",3213.940662380268,,,300.0,37.0,129.0,5066.0,,,
neoverse-v2,count/random129/tuple_checkpoint2/cp64/native16/shared/range37,1,5,"[3154.3511690618716,3144.1146582733722,3143.4784172662503,3142.579136692981,3144.139388489648]",3144.1146582733722,"[3156.1155575501016,3144.0013489146736,3143.396133085183,3142.4901079150263,3144.046762589093]",3144.0013489146736,,,300.0,37.0,129.0,5066.0,,,
neoverse-v2,count/random129/tuple_checkpoint2/cp64/native16/shared/scan,1,5,"[10967.399686516039,10981.561128530211,10968.713166148309,10962.816614426316,10960.816614427891]",10967.399686516039,"[10967.004702213024,10994.717868317013,10968.413793099491,10962.452978054867,10960.457680234482]",10967.004702213024,,,300.0,129.0,129.0,5066.0,,,
neoverse-v2,count/random129/tuple_checkpoint2/cp64/native16/shared/sparse17,1,5,"[725.6191313340969,726.4166494311605,726.4737331956941,725.766184074207,725.9670113755888]",725.9670113755888,"[725.5938986536223,726.3948293676749,727.2158221316921,725.7494312326479,725.9452947258303]",725.9452947258303,,,300.0,8.0,129.0,5066.0,,,
neoverse-v2,count/random129/tuple_checkpoint2/cp64/point/shared/crossing15,1,5,"[252.97168718326017,253.0185372916374,253.41813902977148,252.97429398988044,252.93414192630925]",252.97429398988044,"[252.9636857345008,253.0101013763514,253.52910934067464,252.9655684288713,252.92512671957704]",252.9655684288713,,,300.0,2.0,129.0,5066.0,,,
neoverse-v2,count/random129/tuple_checkpoint2/cp64/point/shared/last,1,5,"[98.1458973387451,98.04853892231091,98.05927079380615,98.35242624469849,98.24774490413711]",98.1458973387451,"[98.14251644826086,98.04534040366475,98.05601616079427,98.79553329685173,98.30778727036402]",98.14251644826086,,,300.0,1.0,129.0,5066.0,,,
neoverse-v2,count/random129/tuple_checkpoint2/cp64/point/shared/masked25,1,5,"[6372.642201834783,6366.680733940526,6362.2633027506745,6366.9238532104,6361.115596328216]",6366.680733940526,"[6378.995412851384,6366.499082555868,6362.062385319155,6366.7000000004255,6360.927522914901]",6366.499082555868,,,300.0,37.0,129.0,5066.0,,,
neoverse-v2,count/random129/tuple_checkpoint2/cp64/point/shared/range37,1,5,"[5176.0547636910405,5162.609152287084,5170.492123031701,5155.363840962108,5163.165791444957]",5163.165791444957,"[5175.904726185241,5162.477869463512,5170.3960990337455,5155.219804946519,5163.013503378995]",5163.013503378995,,,300.0,37.0,129.0,5066.0,,,
neoverse-v2,count/random129/tuple_checkpoint2/cp64/point/shared/scan,1,5,"[21749.757763987338,21741.354037267996,21771.785714300007,21744.99068323373,21731.8881987478]",21744.99068323373,"[21749.065217379284,21740.677018622577,21799.90062113052,21744.080745347474,21731.33540373721]",21744.080745347474,,,300.0,129.0,129.0,5066.0,,,
neoverse-v2,count/random129/tuple_checkpoint2/cp64/point/shared/sparse17,1,5,"[1272.595709870412,1274.642246865101,1274.2388656599535,1273.411379749584,1270.4426467910757]",1273.411379749584,"[1272.557353205459,1274.6020723512815,1274.1917833119148,1274.6786038876464,1270.4093801127667]",1274.1917833119148,,,300.0,8.0,129.0,5066.0,,,
neoverse-v2,count/random129/tuple_folded2/cp16/buffered16/shared/crossing15,1,5,"[279.3681709266294,279.4549920129809,279.9621805110677,280.24696485626833,279.76633386595415]",279.76633386595415,"[279.3579872209934,279.4454472838985,280.0426517576314,280.2363019159471,280.01513578247454]",280.01513578247454,,,324.0,2.0,129.0,5066.0,,,
neoverse-v2,count/random129/tuple_folded2/cp16/buffered16/shared/last,1,5,"[165.8149099045499,165.77649275706682,165.54137321869243,165.44878106224547,165.76575197265504]",165.76575197265504,"[165.80932752316144,166.4918384172861,165.53595571803032,165.44286891990643,165.75948651526278]",165.75948651526278,,,324.0,1.0,129.0,5066.0,,,
neoverse-v2,count/random129/tuple_folded2/cp16/buffered16/shared/masked25,1,5,"[3520.0160804019065,3513.3055276398622,3513.152261304449,3512.835678392247,3512.3045226104655]",3513.152261304449,"[3524.5376884448883,3513.211055277378,3513.0346733764445,3512.717085424751,3512.1829145637735]",3513.0346733764445,,,324.0,37.0,129.0,5066.0,,,
neoverse-v2,count/random129/tuple_folded2/cp16/buffered16/shared/range37,1,5,"[3257.229546516804,3259.828892004501,3259.104254323178,3254.8719027606157,3255.4114072000766]",3257.229546516804,"[3257.154277704999,3272.59046282988,3259.028517994848,3254.7751285640434,3255.3108929344216]",3257.154277704999,,,324.0,37.0,129.0,5066.0,,,
neoverse-v2,count/random129/tuple_folded2/cp16/buffered16/shared/scan,1,5,"[11412.029459894668,11410.546644842616,11421.888707032225,11411.206219312944,11407.15384615614]",11411.206219312944,"[11411.695580991602,11453.407528615839,11433.963993446943,11410.936170219837,11406.772504126355]",11411.695580991602,,,324.0,129.0,129.0,5066.0,,,
neoverse-v2,count/random129/tuple_folded2/cp16/buffered16/shared/sparse17,1,5,"[1106.9431764521905,1104.723280339307,1105.2889973243605,1108.075712262361,1105.9515189671333]",1105.9515189671333,"[1106.9030379377848,1104.6850306975753,1105.2373681729805,1109.4435699675973,1105.9192507486391]",1105.9192507486391,,,324.0,8.0,129.0,5066.0,,,
neoverse-v2,count/random129/tuple_folded2/cp16/native16/shared/crossing15,1,5,"[185.50302547778105,185.08813694264717,185.4829883225481,185.99259554134508,185.64264861998683]",185.50302547778105,"[185.49604564790351,185.0828290877131,186.30992568972655,186.11056263250074,185.75467091329202]",185.75467091329202,,,324.0,2.0,129.0,5066.0,,,
neoverse-v2,count/random129/tuple_folded2/cp16/native16/shared/last,1,5,"[114.77022494890046,114.64009815946214,114.38849897750647,114.71895296531916,114.6540858895765]",114.6540858895765,"[114.87373415125863,114.63754601212796,114.38473619659027,114.715468302861,114.65047034799441]",114.65047034799441,,,324.0,1.0,129.0,5066.0,,,
neoverse-v2,count/random129/tuple_folded2/cp16/native16/shared/masked25,1,5,"[3194.4791952461696,3192.098308185836,3191.6643804323794,3195.250571557977,3195.7892089631423]",3194.4791952461696,"[3197.605395520891,3191.9954275302584,3191.554641060799,3195.157750342141,3195.6968449963397]",3195.157750342141,,,324.0,37.0,129.0,5066.0,,,
neoverse-v2,count/random129/tuple_folded2/cp16/native16/shared/range37,1,5,"[3141.715761115596,3138.6991468323754,3137.4611585085368,3136.8599012114305,3138.2411315655904]",3138.2411315655904,"[3144.830264931648,3138.609788949211,3137.3753929118466,3136.793893134514,3138.144140092413]",3138.144140092413,,,324.0,37.0,129.0,5066.0,,,
neoverse-v2,count/random129/tuple_folded2/cp16/native16/shared/scan,1,5,"[10954.712050077294,10973.660406884735,10954.04381847127,10953.857589979418,10950.857589981388]",10954.04381847127,"[10954.364632241533,10985.511737106915,10953.805946788216,10953.530516449968,10950.546165883263]",10953.805946788216,,,324.0,129.0,129.0,5066.0,,,
neoverse-v2,count/random129/tuple_folded2/cp16/native16/shared/sparse17,1,5,"[723.7091699441938,722.7647484988013,723.4754709168614,723.665804181133,724.1266818464729]",723.665804181133,"[723.6852618504918,722.7452908279718,724.2697164142181,723.6496584557452,724.1003932919385]",723.6852618504918,,,324.0,8.0,129.0,5066.0,,,
neoverse-v2,count/random129/tuple_folded2/cp16/point/shared/crossing15,1,5,"[188.14502407701985,188.31431246666367,188.9314071695438,187.92049224176944,188.54365971105202]",188.31431246666367,"[188.13983413601568,188.30930979130744,189.01845906874456,187.91621187758435,188.73437667266185]",188.30930979130744,,,324.0,2.0,129.0,5066.0,,,
neoverse-v2,count/random129/tuple_folded2/cp16/point/shared/last,1,5,"[97.02059604763203,96.94364943614222,97.19021792038107,97.11489841045187,96.99129431076155]",97.02059604763203,"[97.0170358937436,96.93997802723173,97.18675511401939,97.11146341799392,96.9880262007379]",97.0170358937436,,,324.0,1.0,129.0,5066.0,,,
neoverse-v2,count/random129/tuple_folded2/cp16/point/shared/masked25,1,5,"[3384.533365570816,3384.8989361697536,3383.649419728439,3386.3060928424757,3384.1982591858796]",3384.533365570816,"[3387.8002901413556,3384.8210831704,3383.5227272717843,3386.205996120677,3384.081721467225]",3384.8210831704,,,324.0,37.0,129.0,5066.0,,,
neoverse-v2,count/random129/tuple_folded2/cp16/point/shared/range37,1,5,"[3318.5302237041983,3317.0804378863318,3318.3098524493985,3319.696335078142,3317.240361731824]",3318.3098524493985,"[3318.43979056287,3316.9776297013937,3318.223702998084,3319.6039980948767,3317.1266063728917]",3318.223702998084,,,324.0,37.0,129.0,5066.0,,,
neoverse-v2,count/random129/tuple_folded2/cp16/point/shared/scan,1,5,"[11567.350498347103,11540.529900328478,11559.57142856748,11542.028239204854,11552.370431901782]",11552.370431901782,"[11566.90697674523,11540.192691027762,11571.4750830932,11541.734219300086,11552.05481726953]",11552.05481726953,,,324.0,129.0,129.0,5066.0,,,
neoverse-v2,count/random129/tuple_folded2/cp16/point/shared/sparse17,1,5,"[684.3467185221843,683.4787554688824,684.0631016040198,683.8339329124774,683.8391832761388]",683.8391832761388,"[684.3288283908267,683.4531842489608,684.0444336394223,684.4522119586306,683.8190568785341]",684.0444336394223,,,324.0,8.0,129.0,5066.0,,,
neoverse-v2,count/random129/tuple_folded2/cp64/buffered16/shared/crossing15,1,5,"[280.3067553489619,280.2540267648484,280.1960894304568,281.2745412293163,279.52512220523374]",280.2540267648484,"[280.2958971072136,280.2440900715197,280.46654379395846,281.48505489317574,279.5146245697601]",280.2958971072136,,,300.0,2.0,129.0,5066.0,,,
neoverse-v2,count/random129/tuple_folded2/cp64/buffered16/shared/last,1,5,"[165.57448674789381,165.24361101890574,165.54959461376998,166.01149779520236,165.9566402732141]",165.57448674789381,"[165.56839410132156,165.23770802687255,165.54454506640462,166.1758570005898,165.95308425359636]",165.56839410132156,,,300.0,1.0,129.0,5066.0,,,
neoverse-v2,count/random129/tuple_folded2/cp64/buffered16/shared/masked25,1,5,"[3510.9513540620105,3510.0957873623884,3511.0285857599224,3513.012036109389,3513.687562686225]",3511.0285857599224,"[3510.838515538909,3509.974423263633,3510.9067201583944,3512.908726185305,3513.5777332011444]",3510.9067201583944,,,300.0,37.0,129.0,5066.0,,,
neoverse-v2,count/random129/tuple_folded2/cp64/buffered16/shared/range37,1,5,"[3254.554160855621,3256.803812180086,3255.9767549966673,3256.1231985118666,3258.9623430945057]",3256.1231985118666,"[3254.45374243727,3256.6889818607533,3255.8786610869997,3256.0269642058424,3262.199442120138]",3256.0269642058424,,,300.0,37.0,129.0,5066.0,,,
neoverse-v2,count/random129/tuple_folded2/cp64/buffered16/shared/scan,1,5,"[11437.947797718181,11422.215334419421,11421.027732467894,11424.714518756877,11417.595432298962]",11422.215334419421,"[11449.306688437984,11421.877650885213,11420.613376840325,11424.435562820041,11417.197389898036]",11421.877650885213,,,300.0,129.0,129.0,5066.0,,,
neoverse-v2,count/random129/tuple_folded2/cp64/buffered16/shared/sparse17,1,5,"[1105.8688342585367,1106.3143536877978,1108.6106264867033,1107.8060269629966,1104.937827122072]",1106.3143536877978,"[1105.8328310862896,1108.203965108134,1108.5881046790048,1107.771451228845,1104.9038858062288]",1107.771451228845,,,300.0,8.0,129.0,5066.0,,,
neoverse-v2,count/random129/tuple_folded2/cp64/native16/shared/crossing15,1,5,"[185.22960212212166,185.4625198939582,185.53668435010843,185.167214854144,185.1838196285459]",185.22960212212166,"[185.2239522545629,185.45687002621094,185.70676392583067,185.1626790454098,185.25259946952562]",185.25259946952562,,,300.0,2.0,129.0,5066.0,,,
neoverse-v2,count/random129/tuple_folded2/cp64/native16/shared/last,1,5,"[114.48331909010184,114.47884893505841,114.3645970286741,114.42400736269053,114.55967328428775]",114.47884893505841,"[114.47955561364584,114.4750525896951,114.36086642147572,114.53579411036978,114.55576189844957]",114.47955561364584,,,300.0,1.0,129.0,5066.0,,,
neoverse-v2,count/random129/tuple_folded2/cp64/native16/shared/masked25,1,5,"[3191.209397808618,3189.502737224473,3192.595346714948,3191.86906934094,3192.2354014604857]",3191.86906934094,"[3191.1190693372323,3189.3955292009923,3192.486770073353,3191.7864963527527,3192.133211683975]",3191.7864963527527,,,300.0,37.0,129.0,5066.0,,,
neoverse-v2,count/random129/tuple_folded2/cp64/native16/shared/range37,1,5,"[3139.165993721103,3137.07806190931,3138.185284881608,3137.9187976678754,3141.4392104086187]",3138.185284881608,"[3139.1067743353146,3137.010767162296,3138.096455818864,3137.820098697937,3144.5096455899366]",3138.096455818864,,,300.0,37.0,129.0,5066.0,,,
neoverse-v2,count/random129/tuple_folded2/cp64/native16/shared/scan,1,5,"[10957.300314469778,10944.45597484015,10941.902515721646,10941.616352198302,10945.86477987644]",10944.45597484015,"[10957.023584898303,10944.100628932314,10941.570754704666,10941.209119510479,10945.605345909467]",10944.100628932314,,,300.0,129.0,129.0,5066.0,,,
neoverse-v2,count/random129/tuple_folded2/cp64/native16/shared/sparse17,1,5,"[723.3796353844059,724.1313445205192,723.3669981352875,722.0942614461429,722.1175678477229]",723.3669981352875,"[723.3553967270572,724.848560183619,723.641392171312,722.0710586274741,722.0992334766645]",723.3553967270572,,,300.0,8.0,129.0,5066.0,,,
neoverse-v2,count/random129/tuple_folded2/cp64/point/shared/crossing15,1,5,"[204.39691905236984,204.3937509082524,203.87929080068702,203.76695247787075,205.0548176136414]",204.3937509082524,"[204.3911640744195,204.38869350379997,203.87173375955356,204.03746548405616,205.0470571135883]",204.38869350379997,,,300.0,2.0,129.0,5066.0,,,
neoverse-v2,count/random129/tuple_folded2/cp64/point/shared/last,1,5,"[97.35307295216738,97.16859842208159,97.17235525744904,97.17391364844045,97.40893848521632]",97.17391364844045,"[97.34990051335991,97.16506421391387,97.16882104947906,97.17050466827651,97.49967301604303]",97.17050466827651,,,300.0,1.0,129.0,5066.0,,,
neoverse-v2,count/random129/tuple_folded2/cp64/point/shared/masked25,1,5,"[4555.332462444864,4545.64859568812,4542.998040498897,4551.5251469630375,4539.459830176157]",4545.64859568812,"[4555.216851744231,4545.491835397038,4542.888308293283,4551.400391897625,4539.340953619689]",4545.491835397038,,,300.0,37.0,129.0,5066.0,,,
neoverse-v2,count/random129/tuple_folded2/cp64/point/shared/range37,1,5,"[4034.1960670930343,4039.102949683279,4029.4008097145315,4036.769230768614,4028.833429726413]",4034.1960670930343,"[4034.0740312384423,4055.793522256432,4029.2886061316885,4036.6252168902256,4028.7270098217145]",4034.0740312384423,,,300.0,37.0,129.0,5066.0,,,
neoverse-v2,count/random129/tuple_folded2/cp64/point/shared/scan,1,5,"[15866.433408568573,15890.218961635224,15870.261851018515,15866.663656878583,15852.40180586966]",15866.663656878583,"[15865.88036117489,15906.10383752092,15869.925507915661,15866.198645569466,15851.927765230463]",15866.198645569466,,,300.0,129.0,129.0,5066.0,,,
neoverse-v2,count/random129/tuple_folded2/cp64/point/shared/sparse17,1,5,"[922.3330670925368,928.7380191694712,929.734291799124,921.5564430244407,923.0171725241702]",923.0171725241702,"[922.303514379166,928.706336527634,931.0517838126103,921.5400692206961,922.9922790179102]",922.9922790179102,,,300.0,8.0,129.0,5066.0,,,
neoverse-v2,count/random256/direct4/cp16/point/cps/crossing15,1,5,"[169.50001214093913,169.34125731491733,169.35939586722372,169.11973387076966,169.7396498555273]",169.35939586722372,"[170.33980040317988,169.33627953270206,169.35388388417465,169.11380909592506,169.92307505519625]",169.35388388417465,,,1024.0,2.0,256.0,10031.0,,,
neoverse-v2,count/random256/direct4/cp16/point/cps/last,1,5,"[93.21414709228496,93.63941644917426,93.39647995716656,93.43830556112967,93.781877802317]",93.43830556112967,"[93.21114903281624,94.07978317605867,93.39366927672224,93.43521381225874,93.88739878180162]",93.43521381225874,,,1024.0,1.0,256.0,10031.0,,,
neoverse-v2,count/random256/direct4/cp16/point/cps/masked25,1,5,"[5182.931263858197,5172.206208425623,5176.80266075401,5172.92165558021,5174.612712490874]",5174.612712490874,"[5182.7856614958055,5172.036215812388,5176.635624544066,5172.757575749926,5174.447154472401]",5174.447154472401,,,1024.0,62.0,256.0,10031.0,,,
neoverse-v2,count/random256/direct4/cp16/point/cps/range37,1,5,"[2999.559176672284,3000.0197255573808,2997.1350771870093,2999.838336192065,2997.9455403088186]",2999.559176672284,"[2999.4562607245552,3000.8906517974074,2997.037307036162,3000.772298461128,2997.8387650068585]",2999.4562607245552,,,1024.0,37.0,256.0,10031.0,,,
neoverse-v2,count/random256/direct4/cp16/point/cps/scan,1,5,"[20775.379821958497,20729.735905044694,20756.59940652799,20751.290801186322,20745.63501483734]",20751.290801186322,"[20783.35014836067,20729.020771554515,20755.99406521448,20781.557863472415,20745.189910977206]",20755.99406521448,,,1024.0,256.0,256.0,10031.0,,,
neoverse-v2,count/random256/direct4/cp16/point/cps/sparse17,1,5,"[1309.4760389367166,1308.7416697865929,1309.7596405840618,1311.538375140355,1311.9576937476468]",1309.7596405840618,"[1309.4410333206895,1308.7046050209262,1309.714900784111,1313.0000000043428,1311.9266192457167]",1309.714900784111,,,1024.0,16.0,256.0,10031.0,,,
neoverse-v2,count/random256/direct4/cp16/point/inline/crossing15,1,5,"[175.0780783792555,174.8002156307189,174.79327031567672,175.20908657824302,174.9535641752171]",174.9535641752171,"[175.0728380518536,174.99503547903797,174.78800491416496,175.20379610314467,174.94877516727354]",174.99503547903797,,,1024.0,2.0,256.0,10031.0,,,
neoverse-v2,count/random256/direct4/cp16/point/inline/last,1,5,"[93.83032907991941,93.90643384821826,93.7459905977114,93.95282740094137,93.75999999999677]",93.83032907991941,"[93.99074546679294,93.9659100067497,93.74369375416924,94.01233042315981,93.75767629303601]",93.9659100067497,,,1024.0,1.0,256.0,10031.0,,,
neoverse-v2,count/random256/direct4/cp16/point/inline/masked25,1,5,"[5243.872563717951,5235.068215892108,5239.655922039116,5240.473013493417,5235.552473763292]",5239.655922039116,"[5243.734632679047,5234.924287854869,5245.913793106033,5248.796851575655,5235.398800608465]",5243.734632679047,,,1024.0,62.0,256.0,10031.0,,,
neoverse-v2,count/random256/direct4/cp16/point/inline/range37,1,5,"[3071.2791922738634,3071.608428445893,3071.1035996488463,3070.189640035168,3072.6856892011783]",3071.2791922738634,"[3071.1690078987285,3071.5087796283565,3071.0469710297757,3070.096136964113,3072.597453906778]",3071.1690078987285,,,1024.0,37.0,256.0,10031.0,,,
neoverse-v2,count/random256/direct4/cp16/point/inline/scan,1,5,"[21191.83685800531,21165.193353474784,21160.323262839887,21182.800604229862,21172.65256797631]",21172.65256797631,"[21228.76737153408,21164.676737221147,21159.743202445406,21191.23867072111,21172.04531723652]",21172.04531723652,,,1024.0,256.0,256.0,10031.0,,,
neoverse-v2,count/random256/direct4/cp16/point/inline/sparse17,1,5,"[1340.2520558424126,1338.7607573148946,1337.1644673933743,1337.5999235035492,1339.7014725568556]",1338.7607573148946,"[1342.0776439050205,1338.7198317045727,1337.1258366788015,1337.5593803799852,1339.6563396458691]",1338.7198317045727,,,1024.0,16.0,256.0,10031.0,,,
neoverse-v2,count/random256/direct4/cp16/point/materialized/crossing15,1,5,"[174.2069678769928,174.20507389039844,173.7217085752766,173.82361003813028,173.8974256734865]",173.8974256734865,"[174.56944202163845,174.2014105216565,173.71702345081295,173.81802776136237,173.8908964041408]",173.8908964041408,,,1024.0,2.0,256.0,10031.0,,,
neoverse-v2,count/random256/direct4/cp16/point/materialized/last,1,5,"[92.92415678157379,93.04011092535335,92.91240081733955,92.87173261152286,92.90377623862233]",92.91240081733955,"[92.92095905306732,93.15033304160201,92.91011862104098,92.86898601500525,92.90097656735725]",92.91011862104098,,,1024.0,1.0,256.0,10031.0,,,
neoverse-v2,count/random256/direct4/cp16/point/materialized/masked25,1,5,"[5300.263993948551,5299.748108925836,5309.006807866999,5300.671709531144,5295.422087745626]",5300.263993948551,"[5300.145990913741,5299.567322243859,5336.853252652272,5300.540847208653,5295.280635397724]",5300.145990913741,,,1024.0,62.0,256.0,10031.0,,,
neoverse-v2,count/random256/direct4/cp16/point/materialized/range37,1,5,"[3093.8903140203406,3096.866430782778,3093.6921716053876,3097.942945599131,3094.0274214950578]",3094.0274214950578,"[3093.801857580369,3100.4502432474183,3093.603715174255,3099.652808495053,3093.9358690955078]",3093.9358690955078,,,1024.0,37.0,256.0,10031.0,,,
neoverse-v2,count/random256/direct4/cp16/point/materialized/scan,1,5,"[21389.697247705983,21395.30581039671,21412.651376147,21413.51376146748,21406.3455657492]",21406.3455657492,"[21389.146789018178,21394.678899100476,21412.033639109126,21412.822629934908,21405.737003121794]",21405.737003121794,,,1024.0,256.0,256.0,10031.0,,,
neoverse-v2,count/random256/direct4/cp16/point/materialized/sparse17,1,5,"[1351.25178330437,1351.467129361917,1350.2897628686903,1349.8193560825275,1348.83959899752]",1350.2897628686903,"[1352.8401773661956,1351.4407171772225,1350.2440717204622,1349.7763639878842,1348.7944862113188]",1350.2440717204622,,,1024.0,16.0,256.0,10031.0,,,
neoverse-v2,count/random256/direct4/cp16/point/shared/crossing15,1,5,"[164.04969105230816,164.4764162067839,164.1654874770031,164.42896561482164,164.33106928918298]",164.33106928918298,"[164.04464412035156,164.47080326402602,164.23505966729397,164.42288099626512,164.50929201438976]",164.42288099626512,,,1024.0,2.0,256.0,10031.0,,,
neoverse-v2,count/random256/direct4/cp16/point/shared/last,1,5,"[95.11844873692279,94.7564240046744,94.74753288357847,94.78049111566087,94.67444922559407]",94.7564240046744,"[95.11584248479627,94.75327478312502,94.74468229530963,94.77777626926397,94.6717343794805]",94.75327478312502,,,1024.0,1.0,256.0,10031.0,,,
neoverse-v2,count/random256/direct4/cp16/point/shared/masked25,1,5,"[4897.018194541525,4895.447165850357,4896.251224632746,4900.190342897194,4896.034989503108]",4896.251224632746,"[4896.880335890508,4895.310007008418,4896.102169335755,4901.519244226426,4895.902029386044]",4896.102169335755,,,1024.0,62.0,256.0,10031.0,,,
neoverse-v2,count/random256/direct4/cp16/point/shared/range37,1,5,"[2885.7431874484096,2888.5057803469563,2887.8769611890966,2885.120148637482,2885.650289017375]",2885.7431874484096,"[2885.6672171659543,2899.590421134554,2887.806771263292,2885.054913294343,2885.565648232674]",2885.6672171659543,,,1024.0,37.0,256.0,10031.0,,,
neoverse-v2,count/random256/direct4/cp16/point/shared/scan,1,5,"[19931.789173788937,19924.470085470297,19933.45584045686,19944.16809116727,19934.347578347733]",19933.45584045686,"[19931.17948722622,19923.940170944617,19932.925925884363,19968.068376049832,19933.851851897027]",19932.925925884363,,,1024.0,256.0,256.0,10031.0,,,
neoverse-v2,count/random256/direct4/cp16/point/shared/sparse17,1,5,"[1261.127927927959,1260.7290090090003,1259.1142342342453,1259.4574774774828,1260.5048648648742]",1260.5048648648742,"[1261.0873873835042,1260.6895495485965,1259.0763963970373,1259.4180180161989,1260.4668468453908]",1260.4668468453908,,,1024.0,16.0,256.0,10031.0,,,
neoverse-v2,count/random256/direct8/cp16/point/shared/crossing15,1,5,"[164.70264120847378,164.3443188215433,163.82036967536504,164.4512338149778,164.5006567836353]",164.4512338149778,"[164.69787952676577,164.34007318400774,163.81450553530806,164.44626102516375,164.79590448523783]",164.44626102516375,,,2048.0,2.0,256.0,10031.0,,,
neoverse-v2,count/random256/direct8/cp16/point/shared/last,1,5,"[94.43586594139666,94.50423151160277,94.43574446259065,94.49822505972917,94.47641286595646]",94.47641286595646,"[94.43265350204321,94.50119454145262,94.43249153048569,94.4958359764145,94.47341638903136]",94.47341638903136,,,2048.0,1.0,256.0,10031.0,,,
neoverse-v2,count/random256/direct8/cp16/point/shared/masked25,1,5,"[4896.917192982542,4895.95368421036,4906.358596491214,4899.171228070088,4897.596491228265]",4897.596491228265,"[4896.772631578291,4895.798596499732,4937.380350870706,4899.0512280660805,4897.4329824527795]",4897.4329824527795,,,2048.0,62.0,256.0,10031.0,,,
neoverse-v2,count/random256/direct8/cp16/point/shared/range37,1,5,"[2883.0309533634795,2881.440363186187,2883.16838629805,2884.274453157191,2882.916632273993]",2883.0309533634795,"[2882.968221210628,2881.364424275687,2883.0949236429133,2885.5926537309715,2882.8299628608415]",2882.968221210628,,,2048.0,37.0,256.0,10031.0,,,
neoverse-v2,count/random256/direct8/cp16/point/shared/scan,1,5,"[20141.56695156637,19921.324786324127,19961.592592592402,19891.3418803415,19900.35612535638]",19921.324786324127,"[21328.678062663417,19921.62678064225,20488.316239295644,19984.18233620149,19899.908831959376]",19984.18233620149,,,2048.0,256.0,256.0,10031.0,,,
neoverse-v2,count/random256/direct8/cp16/point/shared/sparse17,1,5,"[1255.6053722733006,1256.6416080764322,1255.3809266270082,1255.2026320533437,1256.8467640165823]",1255.6053722733006,"[1255.5608436972936,1256.603930050759,1255.3445105417097,1255.1640526388976,1266.6316928050467]",1255.5608436972936,,,2048.0,16.0,256.0,10031.0,,,
neoverse-v2,count/random256/series_folded_local/cp16/buffered16/shared/crossing15,1,5,"[230.6230027730214,230.75178264887882,231.0047537303485,230.73511158063798,231.62670011886573]",230.75178264887882,"[230.6168295260351,230.7448501255704,231.32460715654435,230.72821206981777,231.62032879999938]",230.7448501255704,,,512.0,2.0,256.0,10031.0,,,
neoverse-v2,count/random256/series_folded_local/cp16/buffered16/shared/last,1,5,"[137.3938983450084,137.3007440563768,137.2414943950104,137.80022380587317,137.59296778373758]",137.3938983450084,"[137.38934369883586,137.29628757106872,137.2370771734762,138.00168835998664,137.59086714965633]",137.38934369883586,,,512.0,1.0,256.0,10031.0,,,
neoverse-v2,count/random256/series_folded_local/cp16/buffered16/shared/masked25,1,5,"[5778.620689654552,5788.775041051865,5747.053366173575,5750.794745484298,5757.811986863766]",5757.811986863766,"[5821.192118233562,5829.350574709179,5746.948275860185,5750.484400664577,5776.064860430684]",5776.064860430684,,,512.0,62.0,256.0,10031.0,,,
neoverse-v2,count/random256/series_folded_local/cp16/buffered16/shared/range37,1,5,"[3210.5759522719136,3212.0458926116753,3212.3579623681785,3225.223955943077,3213.2395594306254]",3212.3579623681785,"[3210.4887563089555,3211.949518134667,3212.2707664076656,3277.1509866832453,3213.1812758257693]",3212.2707664076656,,,512.0,37.0,256.0,10031.0,,,
neoverse-v2,count/random256/series_folded_local/cp16/buffered16/shared/scan,1,5,"[22028.940063091948,22047.205047317344,22084.05993690825,22394.687697163736,22057.98107255457]",22057.98107255457,"[22028.32807572125,22403.580441667356,22127.933753981146,24416.56782335207,22057.589905329773]",22127.933753981146,,,512.0,256.0,256.0,10031.0,,,
neoverse-v2,count/random256/series_folded_local/cp16/buffered16/shared/sparse17,1,5,"[1817.952751817281,1816.3068535824555,1820.733125648991,1818.0687954309055,1816.7855659400832]",1817.952751817281,"[1817.894859816177,1816.2640186980907,1827.1155244070987,1818.0254413310868,1816.7284527533984]",1817.894859816177,,,512.0,16.0,256.0,10031.0,,,
neoverse-v2,count/random256/series_folded_local/cp16/native16/shared/crossing15,1,5,"[193.37923106754963,193.34917733088807,193.16256717079594,193.3236662788738,193.2024541576701]",193.3236662788738,"[193.37288792848497,193.34336047820406,193.1563348289262,193.31710154576368,193.1958894247568]",193.31710154576368,,,512.0,2.0,256.0,10031.0,,,
neoverse-v2,count/random256/series_folded_local/cp16/native16/shared/last,1,5,"[122.95358234651263,123.55007203344293,122.89973294914132,123.0572929477582,122.96475631610238]",122.96475631610238,"[122.94962929119394,123.65611932927689,122.89549878786514,123.05311149385878,122.96017077229347]",122.96017077229347,,,512.0,1.0,256.0,10031.0,,,
neoverse-v2,count/random256/series_folded_local/cp16/native16/shared/masked25,1,5,"[5473.7718750003105,5478.278124999847,5471.5421875004,5471.099218751218,5472.431250000409]",5472.431250000409,"[5473.610156259134,5485.157031248633,5471.381249999574,5470.95078125004,5472.278124996066]",5472.278124996066,,,512.0,62.0,256.0,10031.0,,,
neoverse-v2,count/random256/series_folded_local/cp16/native16/shared/range37,1,5,"[3169.4397098822405,3165.5847688123463,3165.106980960956,3164.2987307342614,3165.010879419806]",3165.106980960956,"[3173.4378966382246,3165.5131459693016,3165.023118760806,3164.1967361719744,3164.9206708925453]",3165.023118760806,,,512.0,37.0,256.0,10031.0,,,
neoverse-v2,count/random256/series_folded_local/cp16/native16/shared/scan,1,5,"[22028.495297809168,21906.542319752458,21896.33542319706,21967.463949842106,21940.112852661197]",21940.112852661197,"[22143.43260184992,21905.91222574553,21895.783699030184,22686.329153589,22020.636363646718]",22020.636363646718,,,512.0,256.0,256.0,10031.0,,,
neoverse-v2,count/random256/series_folded_local/cp16/native16/shared/sparse17,1,5,"[1496.7663531423905,1496.0823001282624,1496.8204360837365,1497.2462590853172,1496.1673792217166]",1496.7663531423905,"[1496.7201795616368,1496.0382642129746,1496.774048737917,1497.1970927716195,1496.1231295417433]",1496.7201795616368,,,512.0,16.0,256.0,10031.0,,,
neoverse-v2,count/random256/series_folded_local/cp16/point/shared/crossing15,1,5,"[192.2401633055646,191.97925800089692,191.81710324422815,191.72964160456337,191.72331214376356]",191.81710324422815,"[192.4543237612158,191.97424375273462,191.8112943890533,191.72476435763028,191.718215694708]",191.8112943890533,,,512.0,2.0,256.0,10031.0,,,
neoverse-v2,count/random256/series_folded_local/cp16/point/shared/last,1,5,"[123.06466346994686,122.89265338980118,122.92793391900611,122.88892583389031,122.93626404396332]",122.92793391900611,"[123.24255363837624,122.88894333443405,122.92401386065805,122.88525077880236,122.93232648448087]",122.92401386065805,,,512.0,1.0,256.0,10031.0,,,
neoverse-v2,count/random256/series_folded_local/cp16/point/shared/masked25,1,5,"[5925.52995780597,5929.742616034599,5925.964556962071,5924.276793248754,5915.938396623917]",5925.52995780597,"[5925.354430368285,5937.621940915481,5925.7746835496255,5924.102109697493,5915.779746841247]",5925.354430368285,,,512.0,62.0,256.0,10031.0,,,
neoverse-v2,count/random256/series_folded_local/cp16/point/shared/range37,1,5,"[3433.6540354331787,3431.0447834647093,3429.3858267717815,3431.2509842516884,3427.028051181092]",3431.0447834647093,"[3435.9763779456994,3433.2002952818652,3429.289862205654,3433.415354328552,3426.9458661462863]",3433.2002952818652,,,512.0,37.0,256.0,10031.0,,,
neoverse-v2,count/random256/series_folded_local/cp16/point/shared/scan,1,5,"[23726.95254237435,23689.40000000148,23709.09491525344,23696.576271185553,23720.006779665862]",23709.09491525344,"[23755.030508517062,23688.56949158464,23708.579660937394,23696.108474488505,23719.332203381015]",23708.579660937394,,,512.0,256.0,256.0,10031.0,,,
neoverse-v2,count/random256/series_folded_local/cp16/point/shared/sparse17,1,5,"[1492.7518652740107,1490.3832871454767,1491.4937113622998,1492.2551694737203,1491.7964186738486]",1491.7964186738486,"[1492.7151993198136,1490.3357493107032,1491.4529950937422,1492.2129609889257,1491.7522916225614]",1491.7522916225614,,,512.0,16.0,256.0,10031.0,,,
neoverse-v2,count/random256/series_folded_local/cp64/buffered16/shared/crossing15,1,5,"[229.6255142678525,229.4165487279283,229.72030411738956,229.53210677022759,230.0064509758275]",229.6255142678525,"[229.7127670078412,229.40917618416313,229.7817529540247,229.73373268035004,229.99934173733877]",229.73373268035004,,,464.0,2.0,256.0,10031.0,,,
neoverse-v2,count/random256/series_folded_local/cp64/buffered16/shared/last,1,5,"[214.22656512827174,214.17711104995303,214.07000642261073,213.9477933755352,214.45658623114252]",214.17711104995303,"[214.22035660829388,214.17007676498872,214.06392023731917,213.94186010948437,214.65333211005847]",214.17007676498872,,,464.0,1.0,256.0,10031.0,,,
neoverse-v2,count/random256/series_folded_local/cp64/buffered16/shared/masked25,1,5,"[5771.500819672571,5748.693442623315,5748.037704918013,5742.740983606551,5746.683606557433]",5748.037704918013,"[5853.523770501031,5748.586885253465,5747.906557380739,5742.528688511386,5746.554098363101]",5747.906557380739,,,464.0,62.0,256.0,10031.0,,,
neoverse-v2,count/random256/series_folded_local/cp64/buffered16/shared/range37,1,5,"[3207.63915635032,3207.997707473189,3206.0655662541494,3207.0142136630825,3210.0958276025026]",3207.63915635032,"[3207.5410362203356,3207.909215957174,3205.9697386523476,3206.9316827063335,3213.556625402146]",3207.5410362203356,,,464.0,37.0,256.0,10031.0,,,
neoverse-v2,count/random256/series_folded_local/cp64/buffered16/shared/scan,1,5,"[22013.00314465467,22016.14150943167,22010.03773584448,22042.53144654355,22033.522012578782]",22016.14150943167,"[22012.427672959217,22015.45283019644,22009.402515721995,22072.18867923278,22041.965408805554]",22015.45283019644,,,464.0,256.0,256.0,10031.0,,,
neoverse-v2,count/random256/series_folded_local/cp64/buffered16/shared/sparse17,1,5,"[1814.7514256090687,1817.0430274752298,1817.986780715063,1816.0212545360612,1815.1661482630757]",1816.0212545360612,"[1814.7047693130544,1824.9950751715523,1822.1749611178607,1817.3481078262814,1815.1207879740816]",1817.3481078262814,,,464.0,16.0,256.0,10031.0,,,
neoverse-v2,count/random256/series_folded_local/cp64/native16/shared/crossing15,1,5,"[193.33384036724482,193.1902760108195,193.61953094748378,193.3913380164922,193.24340394933512]",193.33384036724482,"[193.3278389295982,193.18366613140762,194.81063665028447,193.38746612119195,193.2369876651599]",193.3278389295982,,,464.0,2.0,256.0,10031.0,,,
neoverse-v2,count/random256/series_folded_local/cp64/native16/shared/last,1,5,"[196.6479829434018,196.27327049318944,196.38708410481337,196.7179206643302,196.4145205632998]",196.4145205632998,"[196.93603770416752,196.26774392638495,196.3800145878104,196.71202940039365,196.4094709077424]",196.4094709077424,,,464.0,1.0,256.0,10031.0,,,
neoverse-v2,count/random256/series_folded_local/cp64/native16/shared/masked25,1,5,"[5471.150393701541,5477.748031495814,5473.675590551065,5470.690551181574,5469.83622047216]",5471.150393701541,"[5471.017322842573,5484.446456701399,5475.77086614294,5470.503149591265,5469.681889773109]",5471.017322842573,,,464.0,62.0,256.0,10031.0,,,
neoverse-v2,count/random256/series_folded_local/cp64/native16/shared/range37,1,5,"[3170.23497514726,3167.6583822864145,3167.6995029373065,3167.145503840972,3167.2589245366125]",3167.6583822864145,"[3173.7980117397447,3167.6005422567164,3167.6068685079827,3167.0569362871192,3167.1626750894793]",3167.6005422567164,,,464.0,37.0,256.0,10031.0,,,
neoverse-v2,count/random256/series_folded_local/cp64/native16/shared/scan,1,5,"[21912.940438875088,21903.109717871557,21910.163009400938,21907.37617554843,21998.52351097342]",21910.163009400938,"[21912.216300956527,21902.369905948235,21909.432601844837,21906.749216310163,22141.084639529352]",21909.432601844837,,,464.0,256.0,256.0,10031.0,,,
neoverse-v2,count/random256/series_folded_local/cp64/native16/shared/sparse17,1,5,"[1496.449592449514,1496.8200343201243,1495.0304590303183,1498.3790218789343,1494.9665379664427]",1496.449592449514,"[1496.4152724161647,1496.7636207628532,1494.9858429903932,1499.114328615259,1494.9126984104344]",1496.4152724161647,,,464.0,16.0,256.0,10031.0,,,
neoverse-v2,count/random256/series_folded_local/cp64/point/shared/crossing15,1,5,"[214.0992392068575,213.73338629349925,214.14140364813952,214.08903418981555,214.02539032662798]",214.08903418981555,"[214.09218124598644,213.7268477497562,214.134956766233,214.08344281865482,214.01824070435458]",214.08344281865482,,,464.0,2.0,256.0,10031.0,,,
neoverse-v2,count/random256/series_folded_local/cp64/point/shared/last,1,5,"[194.83432906325362,194.65720954792775,194.97879789923022,194.6600994803463,195.0565204101014]",194.83432906325362,"[194.82774335194222,194.6524300439707,195.18237141160301,194.65537555172222,196.20035012605803]",194.82774335194222,,,464.0,1.0,256.0,10031.0,,,
neoverse-v2,count/random256/series_folded_local/cp64/point/shared/masked25,1,5,"[8264.353919239496,8265.561757717978,8268.88004750661,8277.464370546293,8265.59501187539]",8265.59501187539,"[8264.071258921542,8265.326603329539,8268.6235154463,8277.248218530503,8265.374109237955]",8265.374109237955,,,464.0,62.0,256.0,10031.0,,,
neoverse-v2,count/random256/series_folded_local/cp64/point/shared/range37,1,5,"[4231.098420413183,4235.732685296998,4242.494532199033,4238.33049817797,4237.128797084267]",4237.128797084267,"[4230.919805578906,4235.6069258763,4254.277035238153,4238.271567431903,4237.013365723833]",4237.013365723833,,,464.0,37.0,256.0,10031.0,,,
neoverse-v2,count/random256/series_folded_local/cp64/point/shared/scan,1,5,"[33704.67788460934,33783.85576923416,33687.34134615666,33685.07692307173,33681.54807691627]",33687.34134615666,"[33703.427884727964,33998.84134621581,33686.8317306701,33684.09134620374,33680.610576889936]",33686.8317306701,,,464.0,256.0,256.0,10031.0,,,
neoverse-v2,count/random256/series_folded_local/cp64/point/shared/sparse17,1,5,"[2105.5200240892946,2096.9310448663773,2073.548931044743,2058.8864799762678,2060.7795844627826]",2073.548931044743,"[2105.45769346725,2100.683830165328,2073.486600422163,2058.820837102883,2060.723577239433]",2073.486600422163,,,464.0,16.0,256.0,10031.0,,,
neoverse-v2,count/random256/series_folded_scan/cp16/buffered16/shared/crossing15,1,5,"[215.70430306387595,215.7543924542103,215.56846063743163,215.70199124589,215.45832562723632]",215.70199124589,"[215.69897047015695,215.74745700058097,215.5620800198977,215.695795573703,215.4526231423855]",215.695795573703,,,512.0,2.0,256.0,10031.0,,,
neoverse-v2,count/random256/series_folded_scan/cp16/buffered16/shared/last,1,5,"[130.56874254622872,130.52355396543123,130.48326624924815,130.515708855095,130.46321556349588]",130.515708855095,"[130.56550014931923,130.52008795480822,130.47942754926814,130.51127385171344,130.45911598129695]",130.51127385171344,,,512.0,1.0,256.0,10031.0,,,
neoverse-v2,count/random256/series_folded_scan/cp16/buffered16/shared/masked25,1,5,"[5654.718572587324,5629.291159774008,5632.154095701805,5626.452554745585,5627.904298459203]",5629.291159774008,"[5659.536901850703,5629.1670721724995,5637.546634229623,5626.288726663188,5627.690997562388]",5629.1670721724995,,,512.0,62.0,256.0,10031.0,,,
neoverse-v2,count/random256/series_folded_scan/cp16/buffered16/shared/range37,1,5,"[3190.9420620435762,3191.014142335838,3191.252281022224,3190.350821168178,3199.0789233572646]",3191.014142335838,"[3190.802007301239,3192.257755472072,3191.133667878586,3190.2645985462723,3214.805200738977]",3191.133667878586,,,512.0,37.0,256.0,10031.0,,,
neoverse-v2,count/random256/series_folded_scan/cp16/buffered16/shared/scan,1,5,"[21945.517241377613,21899.21943573542,21877.93416928181,21874.54545454074,21896.18495297631]",21896.18495297631,"[22227.96238238074,21898.884012510174,21876.520376189455,21873.981191182305,21933.88714732923]",21898.884012510174,,,512.0,256.0,256.0,10031.0,,,
neoverse-v2,count/random256/series_folded_scan/cp16/buffered16/shared/sparse17,1,5,"[1696.582364341287,1702.8078972866042,1699.0581395346699,1700.1070736430618,1699.3500484494534]",1699.3500484494534,"[1696.5283430220002,1711.1773255830053,1699.033914730767,1700.0554748076077,1699.2950581408504]",1699.2950581408504,,,512.0,16.0,256.0,10031.0,,,
neoverse-v2,count/random256/series_folded_scan/cp16/native16/shared/crossing15,1,5,"[181.0683144435432,181.1810825531194,181.28817076020437,181.07977799099936,181.04427211659043]",181.07977799099936,"[181.06234924889245,181.1772959518425,181.28422854505578,181.07728817025082,181.03913686205098]",181.07728817025082,,,512.0,2.0,256.0,10031.0,,,
neoverse-v2,count/random256/series_folded_scan/cp16/native16/shared/last,1,5,"[109.04885638711671,108.91369223589001,109.30183600436541,108.98851719310169,108.91619729269547]",108.98851719310169,"[109.045199937681,108.91040921079608,109.40357865233553,108.9850941342078,108.91244748693248]",108.9850941342078,,,512.0,1.0,256.0,10031.0,,,
neoverse-v2,count/random256/series_folded_scan/cp16/native16/shared/masked25,1,5,"[5367.919999999825,5362.654615384671,5365.4900000009975,5371.26999999962,5365.495384614095]",5365.495384614095,"[5367.766153855113,5362.474615384809,5365.346153846181,5377.66769230512,5365.3784615466275]",5365.3784615466275,,,512.0,62.0,256.0,10031.0,,,
neoverse-v2,count/random256/series_folded_scan/cp16/native16/shared/range37,1,5,"[3137.5388066393516,3139.328398385168,3138.2808434279787,3137.572454015249,3137.5105428439797]",3137.572454015249,"[3137.4288918846196,3139.2449528957786,3141.602960962237,3137.4764468363715,3137.4131897763455]",3137.4764468363715,,,512.0,37.0,256.0,10031.0,,,
neoverse-v2,count/random256/series_folded_scan/cp16/native16/shared/scan,1,5,"[21651.59133126593,21675.572755418925,21650.452012385205,21657.93808049461,21656.854489167174]",21656.854489167174,"[21650.869969026637,21702.684210576175,21649.820433435074,21657.31269345696,21656.303405557745]",21656.303405557745,,,512.0,256.0,256.0,10031.0,,,
neoverse-v2,count/random256/series_folded_scan/cp16/native16/shared/sparse17,1,5,"[1413.3872855701704,1416.7323915237675,1414.146922300861,1413.5955600400687,1414.4125126134245]",1414.146922300861,"[1413.340060543187,1418.4181634723966,1414.1216952550246,1413.5521695236393,1414.3687184613998]",1414.1216952550246,,,512.0,16.0,256.0,10031.0,,,
neoverse-v2,count/random256/series_folded_scan/cp16/point/shared/crossing15,1,5,"[187.0925364321903,187.24862456723298,187.50017444510146,187.34787042752768,187.4875338826336]",187.34787042752768,"[187.0869005126065,187.24309599807842,187.69276186905668,187.3419929679883,187.48230052872074]",187.3419929679883,,,512.0,2.0,256.0,10031.0,,,
neoverse-v2,count/random256/series_folded_scan/cp16/point/shared/last,1,5,"[117.09542902969167,116.921678695544,116.86208567228384,117.12934375836063,117.0461607858662]",117.0461607858662,"[117.09192060951933,116.91815356866674,116.85901162762666,117.2604584338052,117.09484429297156]",117.09192060951933,,,512.0,1.0,256.0,10031.0,,,
neoverse-v2,count/random256/series_folded_scan/cp16/point/shared/masked25,1,5,"[5840.3655462177585,5835.2403361350935,5813.038655463408,5815.039495797906,5823.6285714282785]",5823.6285714282785,"[5840.152100842845,5835.072268916688,5812.876470596937,5814.869747893657,5830.101680655252]",5830.101680655252,,,512.0,62.0,256.0,10031.0,,,
neoverse-v2,count/random256/series_folded_scan/cp16/point/shared/range37,1,5,"[3330.6316039986727,3331.099952404053,3331.2660637789595,3334.1770585440977,3329.372203712886]",3331.099952404053,"[3330.5373631692432,3330.9999999997754,3331.1813422209343,3338.1270823461414,3329.29985719847]",3330.9999999997754,,,512.0,37.0,256.0,10031.0,,,
neoverse-v2,count/random256/series_folded_scan/cp16/point/shared/scan,1,5,"[23207.64238410845,23228.00331125731,23217.14569536485,23199.635761594087,23196.208609274978]",23207.64238410845,"[23206.900662286884,23258.539735160415,23216.754966890992,23199.013245098045,23195.56291394554]",23206.900662286884,,,512.0,256.0,256.0,10031.0,,,
neoverse-v2,count/random256/series_folded_scan/cp16/point/shared/sparse17,1,5,"[1463.818353633002,1464.4548509031238,1463.9246115076835,1461.6885762287734,1462.7564048717727]",1463.818353633002,"[1463.7700545979706,1464.412431749116,1466.1604367933876,1461.6480470438376,1462.7127257473367]",1463.7700545979706,,,512.0,16.0,256.0,10031.0,,,
neoverse-v2,count/random256/series_folded_scan/cp64/buffered16/shared/crossing15,1,5,"[215.98819722647497,215.65525423730261,215.53762711866997,215.52976887517048,215.66727272729625]",215.65525423730261,"[216.2346070880433,215.64865947536694,215.5300770415511,215.52314329708398,215.6596302000278]",215.64865947536694,,,464.0,2.0,256.0,10031.0,,,
neoverse-v2,count/random256/series_folded_scan/cp64/buffered16/shared/last,1,5,"[200.99343933533794,200.79716373011817,200.85239936970135,200.79229336771004,200.73659934108926]",200.79716373011817,"[201.19558802451834,200.7922647186188,200.84609654774349,200.78659217860226,200.72963758733545]",200.7922647186188,,,464.0,1.0,256.0,10031.0,,,
neoverse-v2,count/random256/series_folded_scan/cp64/buffered16/shared/masked25,1,5,"[5631.780130293307,5637.407166123721,5635.376221498072,5628.158794788224,5631.316775243718]",5631.780130293307,"[5631.619706856195,5645.465798046908,5635.225570034275,5627.938925093569,5631.117263849704]",5631.619706856195,,,464.0,62.0,256.0,10031.0,,,
neoverse-v2,count/random256/series_folded_scan/cp64/buffered16/shared/range37,1,5,"[3190.170009115843,3189.19781221492,3189.6741112127315,3194.1112123973307,3188.782133090455]",3189.6741112127315,"[3190.079762993104,3189.1267091975938,3189.6002734689523,3206.158158607098,3188.697812220509]",3189.6002734689523,,,464.0,37.0,256.0,10031.0,,,
neoverse-v2,count/random256/series_folded_scan/cp64/buffered16/shared/scan,1,5,"[21893.410658304223,21887.332288402078,21893.38557993781,21885.13166143894,21887.332288402078]",21887.332288402078,"[21893.031347994835,21886.60501568702,21892.66771155656,21884.426332265957,21886.670846424604]",21886.670846424604,,,464.0,256.0,256.0,10031.0,,,
neoverse-v2,count/random256/series_folded_scan/cp64/buffered16/shared/sparse17,1,5,"[1700.914015059447,1696.0983726015752,1693.794996356864,1696.1768277869783,1694.5103230511338]",1696.0983726015752,"[1709.738401751029,1696.070196748647,1693.7493320365643,1696.1238766110266,1694.463930046995]",1696.070196748647,,,464.0,16.0,256.0,10031.0,,,
neoverse-v2,count/random256/series_folded_scan/cp64/native16/shared/crossing15,1,5,"[181.55933963241858,181.89757034573648,181.83251998753084,181.48473678744497,181.52183054720504]",181.55933963241858,"[181.5534731595462,182.7117640948103,181.82776970206265,181.48024608007395,181.5160679058113]",181.5534731595462,,,464.0,2.0,256.0,10031.0,,,
neoverse-v2,count/random256/series_folded_scan/cp64/native16/shared/last,1,5,"[182.85302586119113,183.06758454613654,182.89718354099563,183.07038529998357,181.16752172548266]",182.89718354099563,"[182.84765993089653,183.06179981149361,182.89244581745604,183.23102292982333,181.16123966072257]",182.89244581745604,,,464.0,1.0,256.0,10031.0,,,
neoverse-v2,count/random256/series_folded_scan/cp64/native16/shared/masked25,1,5,"[5364.350689127009,5366.855283306841,5367.026033690216,5362.585758039224,5364.347626340979]",5364.350689127009,"[5364.173047467926,5366.677641646399,5366.871362929756,5362.424196009858,5364.1738131566135]",5364.1738131566135,,,464.0,62.0,256.0,10031.0,,,
neoverse-v2,count/random256/series_folded_scan/cp64/native16/shared/range37,1,5,"[3138.8540637634273,3138.5410866638194,3137.554557700824,3141.2626852263616,3138.2447238432906]",3138.5410866638194,"[3138.7521329103065,3138.4301751168473,3137.4508307140372,3144.730130220966,3138.1665918262443]",3138.4301751168473,,,464.0,37.0,256.0,10031.0,,,
neoverse-v2,count/random256/series_folded_scan/cp64/native16/shared/scan,1,5,"[21652.588235290685,21649.3343653274,21685.761609904188,21666.876160987063,21635.907120745287]",21652.588235290685,"[21651.96284834103,21648.820433451325,21711.993808110736,21666.433436563722,21635.123839034728]",21651.96284834103,,,464.0,256.0,256.0,10031.0,,,
neoverse-v2,count/random256/series_folded_scan/cp64/native16/shared/sparse17,1,5,"[1415.1555150041063,1416.381589618745,1416.662611516396,1417.2621654501559,1415.9574209247041]",1416.381589618745,"[1415.1094890567024,1416.3357664209361,1418.6293592834752,1417.2268856462058,1415.9201135462865]",1416.3357664209361,,,464.0,16.0,256.0,10031.0,,,
neoverse-v2,count/random256/series_folded_scan/cp64/point/shared/crossing15,1,5,"[203.55704952458606,203.6129032258155,203.26235198041806,203.75771451906834,203.76483112644888]",203.6129032258155,"[203.55153707048157,203.6076241026529,203.25549787056093,203.75086040957387,203.99372921951135]",203.6076241026529,,,464.0,2.0,256.0,10031.0,,,
neoverse-v2,count/random256/series_folded_scan/cp64/point/shared/last,1,5,"[182.77329289968463,182.86915716825695,182.86395482588327,182.9435062218766,182.98512496077316]",182.86915716825695,"[182.76806441507063,182.8644515321647,182.85851720227848,182.93942800387114,183.1936630761281]",182.8644515321647,,,464.0,1.0,256.0,10031.0,,,
neoverse-v2,count/random256/series_folded_scan/cp64/point/shared/masked25,1,5,"[7868.588301460466,7862.34420697316,7834.16872891051,7812.780652418778,7825.802024747626]",7834.16872891051,"[7868.328458925276,7862.10911138462,7833.902137240386,7812.555680519651,7825.632170973286]",7833.902137240386,,,464.0,62.0,256.0,10031.0,,,
neoverse-v2,count/random256/series_folded_scan/cp64/point/shared/range37,1,5,"[4006.645605973475,3981.6479035034763,3978.9419873639063,3971.510626076641,3920.3796668584255]",3978.9419873639063,"[4006.5146467570635,3981.5353245247243,3978.876507742946,3971.3882825837195,3920.24124066023]",3978.876507742946,,,464.0,37.0,256.0,10031.0,,,
neoverse-v2,count/random256/series_folded_scan/cp64/point/shared/scan,1,5,"[32297.833333336555,32164.550925929525,32158.837962962632,32150.958333330724,32095.28703704176]",32158.837962962632,"[32426.527777836873,32163.833333269336,32157.935185258186,32194.740740668185,32094.62499998284]",32163.833333269336,,,464.0,256.0,256.0,10031.0,,,
neoverse-v2,count/random256/series_folded_scan/cp64/point/shared/sparse17,1,5,"[1962.7872819358952,1961.5075970738478,1961.4639842431247,1962.0098480587253,1963.6814856500337]",1962.0098480587253,"[1962.7225661258692,1961.4541361907818,1961.4046145209556,1961.9527293225478,1966.1133933544481]",1961.9527293225478,,,464.0,16.0,256.0,10031.0,,,
neoverse-v2,count/random256/series_local/cp16/buffered16/shared/crossing15,1,5,"[228.40614289912094,228.2775075888713,228.5829226099148,228.30874432873634,228.02493716746068]",228.30874432873634,"[228.63377615287536,228.27143649872718,229.6600515712855,228.3049580575011,228.0191924795954]",228.3049580575011,,,544.0,2.0,256.0,10031.0,,,
neoverse-v2,count/random256/series_local/cp16/buffered16/shared/last,1,5,"[136.20793372319844,136.33424951268356,136.11984405458284,135.87448343080857,136.45906432747216]",136.20793372319844,"[136.3769980509254,136.33037037063374,136.16744639342633,135.86978557460014,136.45545808954748]",136.33037037063374,,,544.0,1.0,256.0,10031.0,,,
neoverse-v2,count/random256/series_local/cp16/buffered16/shared/masked25,1,5,"[5760.218181818359,5767.6223140494685,5761.581818181782,5760.095867768929,5765.111570247806]",5761.581818181782,"[5760.0289256351825,5773.930578529947,5761.488429741366,5759.952066121755,5764.964462822575]",5761.488429741366,,,544.0,62.0,256.0,10031.0,,,
neoverse-v2,count/random256/series_local/cp16/buffered16/shared/range37,1,5,"[3212.540788267734,3210.5866177818507,3208.77910174176,3204.614573785544,3207.0146654449245]",3208.77910174176,"[3215.762603120525,3211.705316216075,3208.675985333589,3204.538038490485,3206.9110907403524]",3208.675985333589,,,544.0,37.0,256.0,10031.0,,,
neoverse-v2,count/random256/series_local/cp16/buffered16/shared/scan,1,5,"[22042.940251572512,22042.628930817173,22033.588050314513,22034.100628928587,22043.339622641222]",22042.628930817173,"[22042.540880495424,22042.11006288323,22032.990566033037,22033.465408873137,22042.572326971873]",22042.11006288323,,,544.0,256.0,256.0,10031.0,,,
neoverse-v2,count/random256/series_local/cp16/buffered16/shared/sparse17,1,5,"[1796.4912416281604,1796.4276146317643,1796.057702215307,1795.9034003091188,1795.3925811438014]",1796.057702215307,"[1796.4417825843962,1796.3784131910868,1796.0069551764732,1795.8541988627212,1795.349562076988]",1796.0069551764732,,,544.0,16.0,256.0,10031.0,,,
neoverse-v2,count/random256/series_local/cp16/native16/cps/crossing15,1,5,"[204.34727299314335,204.23713993273282,204.1744699517509,204.45497879808815,204.81239947358836]",204.34727299314335,"[204.4268167865212,204.2305600230787,204.1680362627321,204.44834040120324,204.80543939180447]",204.4268167865212,,,544.0,2.0,256.0,10031.0,,,
neoverse-v2,count/random256/series_local/cp16/native16/cps/last,1,5,"[121.8609518498504,121.95770524371594,121.89373159298346,121.98389767004454,122.11864140946862]",121.95770524371594,"[121.85680427976234,121.95348796689106,121.88953174270735,121.9797849535648,122.11451126642463]",121.95348796689106,,,544.0,1.0,256.0,10031.0,,,
neoverse-v2,count/random256/series_local/cp16/native16/cps/masked25,1,5,"[5804.1066666662355,5803.420833333887,5796.913333333542,5795.925833333253,5800.5983333335]",5800.5983333335,"[5813.666666654171,5803.246666668353,5796.704999999254,5795.744999990878,5800.4333333390905]",5800.4333333390905,,,544.0,62.0,256.0,10031.0,,,
neoverse-v2,count/random256/series_local/cp16/native16/cps/range37,1,5,"[3297.4240566034678,3294.1037735851296,3295.5051886789543,3291.210849056688,3292.661792452727]",3294.1037735851296,"[3297.3372641505784,3294.003773591938,3295.3476415153796,3291.1212264199125,3292.559433960395]",3294.003773591938,,,544.0,37.0,256.0,10031.0,,,
neoverse-v2,count/random256/series_local/cp16/native16/cps/scan,1,5,"[22646.29677419232,22636.632258065867,22590.82580645057,22635.561290324138,22641.506451613568]",22636.632258065867,"[22780.71935484883,22636.12903228081,22590.135483915954,22634.9322579997,22671.270967807246]",22636.12903228081,,,544.0,256.0,256.0,10031.0,,,
neoverse-v2,count/random256/series_local/cp16/native16/cps/sparse17,1,5,"[1593.8977168949734,1594.3162100458119,1595.150456621032,1598.9394977169304,1598.1463470318713]",1595.150456621032,"[1593.8454337890716,1594.2659817382507,1595.1020547937876,1598.894977171385,1600.1630136972929]",1595.1020547937876,,,544.0,16.0,256.0,10031.0,,,
neoverse-v2,count/random256/series_local/cp16/native16/inline/crossing15,1,5,"[206.18258228148008,206.46381384923464,206.2688746018654,206.3442550430359,206.32691400257934]",206.32691400257934,"[206.1769199013168,206.45723722997027,206.26223899967485,206.3383862209547,206.31933467000798]",206.31933467000798,,,544.0,2.0,256.0,10031.0,,,
neoverse-v2,count/random256/series_local/cp16/native16/inline/last,1,5,"[121.97721422110956,121.79593682599548,121.71002922145757,122.12419119182131,121.9749530369431]",121.9749530369431,"[121.97328323966957,121.79205802562468,121.70599387761654,122.8009288245971,121.97110902388485]",121.97110902388485,,,544.0,1.0,256.0,10031.0,,,
neoverse-v2,count/random256/series_local/cp16/native16/inline/masked25,1,5,"[5861.2008403359605,5860.715966386566,5859.914285714393,5862.129411764487,5868.457983192736]",5861.2008403359605,"[5861.005882361267,5860.544537830063,5859.7016806682195,5861.987394951984,5876.378991605129]",5861.005882361267,,,544.0,62.0,256.0,10031.0,,,
neoverse-v2,count/random256/series_local/cp16/native16/inline/range37,1,5,"[3420.658190708943,3419.7564792175954,3419.361858190623,3422.1638141807525,3419.054767725857]",3419.7564792175954,"[3420.574083130774,3419.6635696948683,3419.246943764373,3426.8704156488916,3418.952078243837]",3419.6635696948683,,,544.0,37.0,256.0,10031.0,,,
neoverse-v2,count/random256/series_local/cp16/native16/inline/scan,1,5,"[23711.796610172445,23804.149152542257,23739.525423728843,23708.423728814432,23711.14915254294]",23711.796610172445,"[23711.027118694754,24337.233898226474,23784.74237288929,23707.70847465345,23710.505084729168]",23711.027118694754,,,544.0,256.0,256.0,10031.0,,,
neoverse-v2,count/random256/series_local/cp16/native16/inline/sparse17,1,5,"[1607.0170389131824,1606.2132166706542,1608.9866451761075,1609.5353442320584,1605.5056412618947]",1607.0170389131824,"[1606.969376005663,1606.1644024904383,1611.0059866428862,1609.4800828886257,1605.4605111676415]",1606.969376005663,,,544.0,16.0,256.0,10031.0,,,
neoverse-v2,count/random256/series_local/cp16/native16/materialized/crossing15,1,5,"[207.15395760030546,207.16584370658262,207.6396617485972,207.18982289110113,207.1992549007918]",207.18982289110113,"[207.14712752456617,207.15889536104063,208.24251204916317,207.18600869282147,207.19266136363362]",207.18600869282147,,,544.0,2.0,256.0,10031.0,,,
neoverse-v2,count/random256/series_local/cp16/native16/materialized/last,1,5,"[122.64512613167047,122.67045794145028,122.94696317131985,122.58669244967025,122.61627845653844]",122.64512613167047,"[122.64087193450403,122.66636195847155,123.28951393184845,122.58222730073759,122.61197152124699]",122.64087193450403,,,544.0,1.0,256.0,10031.0,,,
neoverse-v2,count/random256/series_local/cp16/native16/materialized/masked25,1,5,"[5871.174428450408,5870.161727350085,5868.012701100818,5870.390347163917,5871.317527518801]",5870.390347163917,"[5871.00677391851,5869.9771380278025,5867.839119388073,5870.207451316612,5871.202370871389]",5870.207451316612,,,544.0,62.0,256.0,10031.0,,,
neoverse-v2,count/random256/series_local/cp16/native16/materialized/range37,1,5,"[3420.8988269795964,3419.6197458453325,3420.5552297164318,3423.755620723706,3423.4159335288573]",3420.8988269795964,"[3420.8049853309058,3419.5107526997713,3420.4496578697394,3427.655913978142,3424.8944281424424]",3420.8049853309058,,,544.0,37.0,256.0,10031.0,,,
neoverse-v2,count/random256/series_local/cp16/native16/materialized/scan,1,5,"[23729.5254237294,23754.050847458195,23732.437288133235,23731.271186441194,23720.75932203176]",23731.271186441194,"[23728.79999996766,23781.047457594283,23731.823728790543,23730.528813549594,23719.979661001486]",23730.528813549594,,,544.0,256.0,256.0,10031.0,,,
neoverse-v2,count/random256/series_local/cp16/native16/materialized/sparse17,1,5,"[1615.0234752589413,1614.6011507480205,1615.7376294589806,1646.7254315305101,1613.6533947064665]",1615.0234752589413,"[1614.9689298029487,1614.5461449962706,1615.6851553499437,1802.666283087902,1613.6662830827297]",1614.9689298029487,,,544.0,16.0,256.0,10031.0,,,
neoverse-v2,count/random256/series_local/cp16/native16/shared/crossing15,1,5,"[191.7753685080762,191.891004270553,191.93018322083313,192.256509161054,192.121476787435]",191.93018322083313,"[191.77175919490642,191.88546631740448,191.9246452683698,192.32786885247833,192.11439592227902]",191.9246452683698,,,544.0,2.0,256.0,10031.0,,,
neoverse-v2,count/random256/series_local/cp16/native16/shared/last,1,5,"[121.20571714972861,121.06940771849425,120.92599505711583,120.83348023712122,120.9552202692703]",120.9552202692703,"[121.33893295987998,121.11735020147032,120.92191631660965,120.82986813204244,120.95114152914789]",120.95114152914789,,,544.0,1.0,256.0,10031.0,,,
neoverse-v2,count/random256/series_local/cp16/native16/shared/masked25,1,5,"[5422.112741312868,5420.080308880305,5413.762934362848,5421.818532818322,5412.189189189203]",5420.080308880305,"[5426.833204635026,5424.8548262630475,5413.630115809438,5426.840926626926,5412.068725877976]",5424.8548262630475,,,544.0,62.0,256.0,10031.0,,,
neoverse-v2,count/random256/series_local/cp16/native16/shared/range37,1,5,"[3144.567579703491,3140.3870678043554,3140.092052088064,3140.05612932183,3140.7669510552905]",3140.3870678043554,"[3147.740008980209,3140.317467439768,3140.0026942128757,3139.968567588683,3140.6596317923995]",3140.317467439768,,,544.0,37.0,256.0,10031.0,,,
neoverse-v2,count/random256/series_local/cp16/native16/shared/scan,1,5,"[21734.900621117325,21734.785714283797,21741.015527950804,21730.67391304338,21734.546583851297]",21734.785714283797,"[21734.263975176393,21734.012422305383,21740.288819821657,21730.236024830458,21733.916149060657]",21734.012422305383,,,544.0,256.0,256.0,10031.0,,,
neoverse-v2,count/random256/series_local/cp16/native16/shared/sparse17,1,5,"[1498.3861788619174,1500.8555840821375,1498.8684210525657,1500.3166452717608,1499.1268720580401]",1499.1268720580401,"[1498.3453145053745,1507.5718870383266,1498.844672654082,1500.2755669658823,1499.0868635018799]",1499.0868635018799,,,544.0,16.0,256.0,10031.0,,,
neoverse-v2,count/random256/series_local/cp16/point/shared/crossing15,1,5,"[189.55416067894706,189.5563027032802,189.51633632494477,189.67145684770603,189.54391149914747]",189.55416067894706,"[189.54914454561202,189.55153059824835,189.50931373888255,189.84059542850173,189.53960033583724]",189.54914454561202,,,544.0,2.0,256.0,10031.0,,,
neoverse-v2,count/random256/series_local/cp16/point/shared/last,1,5,"[123.0618197114998,123.05081240249856,123.14530348975211,123.00944735598077,123.16866773000713]",123.0618197114998,"[123.05782342735479,123.04693881132948,123.14207841801374,123.00546859960168,123.28194836386724]",123.05782342735479,,,544.0,1.0,256.0,10031.0,,,
neoverse-v2,count/random256/series_local/cp16/point/shared/masked25,1,5,"[5987.468723222403,5969.690659811389,5968.670094258728,5968.12939160251,5970.852613539139]",5969.690659811389,"[5987.334190227548,5969.524421602054,5968.449014574795,5967.914310209083,5970.686375316105]",5969.524421602054,,,544.0,62.0,256.0,10031.0,,,
neoverse-v2,count/random256/series_local/cp16/point/shared/range37,1,5,"[3444.7491392028887,3447.6728971963203,3445.6974913920376,3444.0732907031356,3449.1239547466575]",3445.6974913920376,"[3444.655681252105,3447.573536648985,3445.5986227277845,3443.9699950697345,3452.631578948353]",3445.5986227277845,,,544.0,37.0,256.0,10031.0,,,
neoverse-v2,count/random256/series_local/cp16/point/shared/scan,1,5,"[23752.908163265387,23755.795918367705,23760.071428572086,23767.911564625683,23766.75850339944]",23760.071428572086,"[23751.84013609604,23755.129251664002,23759.319727911185,23767.272108869005,23766.163265360687]",23759.319727911185,,,544.0,256.0,256.0,10031.0,,,
neoverse-v2,count/random256/series_local/cp16/point/shared/sparse17,1,5,"[1496.1040153780375,1497.3671507902416,1498.0907731739555,1497.780649295221,1496.6050832976441]",1497.3671507902416,"[1496.0610850075918,1504.2302434829062,1499.040367363937,1498.7631354116058,1496.5732592904526]",1498.7631354116058,,,544.0,16.0,256.0,10031.0,,,
neoverse-v2,count/random256/series_local/cp64/buffered16/shared/crossing15,1,5,"[228.24857759467065,228.67346805309538,228.3223137793565,228.25946635276426,227.97406971421645]",228.25946635276426,"[228.24262638133678,229.86161794512967,228.46628735830066,228.40137989694915,227.96857628695258]",228.40137989694915,,,496.0,2.0,256.0,10031.0,,,
neoverse-v2,count/random256/series_local/cp64/buffered16/shared/last,1,5,"[214.89976682826506,214.77093943671602,215.083727066334,215.10063201814737,214.9128367184203]",214.9128367184203,"[214.8935080075141,214.76480333786682,215.07798981365877,215.27879364317607,214.9082653248338]",214.9082653248338,,,496.0,1.0,256.0,10031.0,,,
neoverse-v2,count/random256/series_local/cp64/buffered16/shared/masked25,1,5,"[5777.245033112677,5765.174668874027,5756.276490065823,5761.085264901107,5768.048841059783]",5765.174668874027,"[5777.087748332187,5764.984271541836,5756.078642401155,5760.922185421826,5774.793874161371]",5764.984271541836,,,496.0,62.0,256.0,10031.0,,,
neoverse-v2,count/random256/series_local/cp64/buffered16/shared/range37,1,5,"[3209.4667278569787,3209.7526388253277,3209.384580082495,3214.046810463153,3211.742083524258]",3209.7526388253277,"[3209.377237266119,3209.6659017905586,3209.3047269375434,3217.049105092673,3211.665442861954]",3209.6659017905586,,,496.0,37.0,256.0,10031.0,,,
neoverse-v2,count/random256/series_local/cp64/buffered16/shared/scan,1,5,"[22038.766561512377,22036.987381702937,22064.13564668636,22048.555205045686,22051.971608830867]",22048.555205045686,"[22038.170347022053,22036.31861195393,22090.343848601384,22048.104100991473,22068.19242902579]",22048.104100991473,,,496.0,256.0,256.0,10031.0,,,
neoverse-v2,count/random256/series_local/cp64/buffered16/shared/sparse17,1,5,"[1795.5571832432038,1796.9249550244158,1798.0848111024122,1802.257260344346,1798.7681829864077]",1798.0848111024122,"[1795.5109226457494,1796.8812644530515,1798.0367514823347,1804.559753274151,1798.7293754807536]",1798.0367514823347,,,496.0,16.0,256.0,10031.0,,,
neoverse-v2,count/random256/series_local/cp64/native16/shared/crossing15,1,5,"[192.5034024850578,191.71730446042622,192.02788109210775,192.18456070749772,191.91070887401324]",192.02788109210775,"[192.49786483730057,191.71105050040725,192.02132407637222,192.17808634308102,191.90423451003699]",192.02132407637222,,,496.0,2.0,256.0,10031.0,,,
neoverse-v2,count/random256/series_local/cp64/native16/shared/last,1,5,"[194.00412148705513,193.8690805487995,194.20651692851547,193.84401969461837,193.90260566497335]",193.90260566497335,"[193.99798074764203,193.86246957249574,194.98365235639446,193.84056207059578,193.89624363730243]",193.89624363730243,,,496.0,1.0,256.0,10031.0,,,
neoverse-v2,count/random256/series_local/cp64/native16/shared/masked25,1,5,"[5433.591900311559,5413.847352025144,5406.070093457979,5413.409657320849,5413.917445483354]",5413.847352025144,"[5440.107476636483,5413.679127714926,5405.895638632869,5415.141744564299,5413.799844255186]",5413.799844255186,,,496.0,62.0,256.0,10031.0,,,
neoverse-v2,count/random256/series_local/cp64/native16/shared/range37,1,5,"[3143.775877587781,3141.976147614969,3141.8586858686685,3141.51440144012,3143.7727272728885]",3141.976147614969,"[3143.743024299734,3141.890639067831,3141.7785778572356,3141.4239423963236,3143.7007200690086]",3141.890639067831,,,496.0,37.0,256.0,10031.0,,,
neoverse-v2,count/random256/series_local/cp64/native16/shared/scan,1,5,"[21738.363354036224,21738.13975155256,21737.4161490689,21741.260869563943,21760.956521737317]",21738.363354036224,"[21737.84161495916,21737.416149030283,21736.745341697897,21740.559006212516,21785.9192546836]",21737.84161495916,,,496.0,256.0,256.0,10031.0,,,
neoverse-v2,count/random256/series_local/cp64/native16/shared/sparse17,1,5,"[1499.2244548953174,1499.9828986746197,1498.2460453185029,1499.0275758870428,1497.4159897390568]",1499.0275758870428,"[1499.1761436492873,1500.6306113724045,1498.1900384788446,1498.9743480116554,1497.3730226608693]",1498.9743480116554,,,496.0,16.0,256.0,10031.0,,,
neoverse-v2,count/random256/series_local/cp64/point/shared/crossing15,1,5,"[214.2559277956225,214.2467186782893,214.91953495485856,214.04938044974776,214.00162153894823]",214.2467186782893,"[214.2505736574403,214.48211717896092,225.52443016608552,214.0429860795819,213.9969710876665]",214.2505736574403,,,496.0,2.0,256.0,10031.0,,,
neoverse-v2,count/random256/series_local/cp64/point/shared/last,1,5,"[192.15247671637883,192.28967828785613,192.20989587626292,192.16552652547,192.2578642270333]",192.20989587626292,"[192.14714689972146,192.7698013682342,192.20514299814096,192.159564823147,192.36929586008395]",192.20514299814096,,,496.0,1.0,256.0,10031.0,,,
neoverse-v2,count/random256/series_local/cp64/point/shared/masked25,1,5,"[8236.701545779142,8230.475624257386,8231.49227110495,8191.458977407581,8179.015457788194]",8230.475624257386,"[8236.519619501692,8230.24375746263,8245.181926290586,8191.254459001406,8178.813317474986]",8230.24375746263,,,496.0,62.0,256.0,10031.0,,,
neoverse-v2,count/random256/series_local/cp64/point/shared/range37,1,5,"[4237.818511796754,4238.803387779632,4235.923169994046,4234.38112522671,4245.199032063216]",4237.818511796754,"[4237.691470045031,4243.78826377216,4235.790683597922,4234.2413793185115,4267.989715670672]",4237.691470045031,,,496.0,37.0,256.0,10031.0,,,
neoverse-v2,count/random256/series_local/cp64/point/shared/scan,1,5,"[33981.86407767088,33967.73300970893,33973.291262138984,33924.50970873601,33980.47572815786]",33973.291262138984,"[34025.22815535015,33966.742718446774,33972.330097049715,33923.4320388043,33979.68446602113]",33972.330097049715,,,496.0,256.0,256.0,10031.0,,,
neoverse-v2,count/random256/series_local/cp64/point/shared/sparse17,1,5,"[2116.365617433506,2119.5774818401746,2114.2257869248647,2117.815375302816,2115.1513317192885]",2116.365617433506,"[2116.306900730229,2122.363196125464,2114.1909806271224,2117.762409201577,2115.078389836999]",2116.306900730229,,,496.0,16.0,256.0,10031.0,,,
neoverse-v2,count/random256/series_scan/cp16/buffered16/shared/crossing15,1,5,"[217.56733248421392,218.0351651082655,217.60380230500897,217.45748811779254,217.8064055170751]",217.60380230500897,"[217.56071572798206,219.01323351234154,217.59948432757736,217.4507781676376,218.06411729923235]",217.59948432757736,,,544.0,2.0,256.0,10031.0,,,
neoverse-v2,count/random256/series_scan/cp16/buffered16/shared/last,1,5,"[129.37048475153637,129.31811246532345,129.03303369548195,128.79764333905985,129.11592124853007]",129.11592124853007,"[129.4260004782767,129.31410503897254,129.02987187252333,128.7942793063218,129.11189543951943]",129.11189543951943,,,544.0,1.0,256.0,10031.0,,,
neoverse-v2,count/random256/series_scan/cp16/buffered16/shared/masked25,1,5,"[5687.161264181854,5660.833063208982,5661.822528362769,5655.666126418078,5670.026742300552]",5661.822528362769,"[5693.926256086532,5660.611831441338,5661.656401952465,5655.493517019308,5694.349270667935]",5661.656401952465,,,544.0,62.0,256.0,10031.0,,,
neoverse-v2,count/random256/series_scan/cp16/buffered16/shared/range37,1,5,"[3192.547325102965,3191.5194330135814,3193.3667123910573,3190.3653406491535,3191.0388660268786]",3191.5194330135814,"[3192.4586191178682,3191.4160951040976,3195.7759487996627,3190.261545499571,3190.9487882946823]",3191.4160951040976,,,544.0,37.0,256.0,10031.0,,,
neoverse-v2,count/random256/series_scan/cp16/buffered16/shared/scan,1,5,"[21937.119122256554,21937.228840122836,21940.39498432371,21932.583072097594,21936.047021943465]",21937.119122256554,"[21936.332288463727,21936.56739810082,21939.72100308786,21931.849529761694,21935.482758668557]",21936.332288463727,,,544.0,256.0,256.0,10031.0,,,
neoverse-v2,count/random256/series_scan/cp16/buffered16/shared/sparse17,1,5,"[1725.3268280633667,1723.5187747037228,1724.751482213353,1722.2159090912255,1724.671442687621]",1724.671442687621,"[1733.9513339953603,1723.4871541486243,1724.7030632365759,1722.177124505669,1727.3236165954288]",1724.7030632365759,,,544.0,16.0,256.0,10031.0,,,
neoverse-v2,count/random256/series_scan/cp16/native16/shared/crossing15,1,5,"[181.02444570778565,181.06744534598724,180.98700191221806,180.96865471085496,180.9232776887962]",180.98700191221806,"[181.02000103368766,181.2550260994739,180.9810067707723,180.96250452216486,180.91756679933104]",180.9810067707723,,,544.0,2.0,256.0,10031.0,,,
neoverse-v2,count/random256/series_scan/cp16/native16/shared/last,1,5,"[109.50286186621572,109.55878912646708,109.43810726928346,109.39071102169373,109.43177529280469]",109.43810726928346,"[109.499555513774,109.67006659515518,109.43540916107679,109.38745145750876,109.42825059643911]",109.43540916107679,,,544.0,1.0,256.0,10031.0,,,
neoverse-v2,count/random256/series_scan/cp16/native16/shared/masked25,1,5,"[5358.268817203801,5355.6267281097835,5363.99231950809,5359.994623656317,5356.3026113676615]",5358.268817203801,"[5358.090629805528,5355.427803363506,5371.338709679142,5359.903225808843,5356.16052225811]",5358.090629805528,,,544.0,62.0,256.0,10031.0,,,
neoverse-v2,count/random256/series_scan/cp16/native16/shared/range37,1,5,"[3138.1009421264057,3137.368775236207,3141.8990578736452,3138.702108568291,3137.952445042976]",3138.1009421264057,"[3138.020637051817,3137.286675630792,3145.254374159263,3138.626289819574,3137.8730372365903]",3138.020637051817,,,544.0,37.0,256.0,10031.0,,,
neoverse-v2,count/random256/series_scan/cp16/native16/shared/scan,1,5,"[21638.897515530647,21618.537267081403,21632.46583850945,21622.01863354221,21617.90062111564]",21622.01863354221,"[21658.891304333276,21617.965838528893,21654.6614906497,21621.37888201372,21617.32919250245]",21621.37888201372,,,544.0,256.0,256.0,10031.0,,,
neoverse-v2,count/random256/series_scan/cp16/native16/shared/sparse17,1,5,"[1411.2820097241997,1414.2538492708452,1413.2127228525605,1413.6495137765378,1413.3780388979444]",1413.3780388979444,"[1411.2443273886477,1414.2319692027656,1413.17463532879,1413.6067666111053,1413.3306320901295]",1413.3306320901295,,,544.0,16.0,256.0,10031.0,,,
neoverse-v2,count/random256/series_scan/cp16/point/shared/crossing15,1,5,"[183.73090995861205,184.06408420828186,184.1093965425981,183.79414572062709,183.95643758615347]",183.95643758615347,"[183.72518294657743,184.27062785013615,184.1056315617185,183.78876338968786,183.9511878246272]",183.9511878246272,,,544.0,2.0,256.0,10031.0,,,
neoverse-v2,count/random256/series_scan/cp16/point/shared/last,1,5,"[115.9264344941952,116.08315091211063,116.29985074629211,116.00655058043134,116.06014925371801]",116.06014925371801,"[115.92399668340173,116.0802819235997,116.41388059692865,116.00378109462243,116.0566334988666]",116.0566334988666,,,544.0,1.0,256.0,10031.0,,,
neoverse-v2,count/random256/series_scan/cp16/point/shared/masked25,1,5,"[5808.875000001082,5806.371666667864,5807.977499999358,5816.203333333843,5808.048333332631]",5808.048333332631,"[5808.704999997379,5806.209166673663,5807.822499998376,5823.580000002456,5807.952499997289]",5807.952499997289,,,544.0,62.0,256.0,10031.0,,,
neoverse-v2,count/random256/series_scan/cp16/point/shared/range37,1,5,"[3309.2475200757826,3306.946622579422,3314.311289561175,3309.801606046191,3306.782711384198]",3309.2475200757826,"[3309.166273038972,3306.8677373697155,3332.366556443561,3309.733112899908,3306.6849315123486]",3309.166273038972,,,544.0,37.0,256.0,10031.0,,,
neoverse-v2,count/random256/series_scan/cp16/point/shared/scan,1,5,"[23151.80794701995,23155.804635762965,23149.105960264933,23150.059602651476,23247.3973509913]",23151.80794701995,"[23151.102648954227,23155.298013245665,23148.466887382016,23149.42384106829,23620.857615958885]",23151.102648954227,,,544.0,256.0,256.0,10031.0,,,
neoverse-v2,count/random256/series_scan/cp16/point/shared/sparse17,1,5,"[1457.55979962424,1456.9204758923647,1457.5491546651729,1456.7451471509278,1455.794823627628]",1456.9204758923647,"[1457.53621373319,1459.356919224246,1457.5274472998444,1456.701106244289,1455.7601753284628]",1457.5274472998444,,,544.0,16.0,256.0,10031.0,,,
neoverse-v2,count/random256/series_scan/cp64/buffered16/shared/crossing15,1,5,"[217.6529077749077,217.49132659431336,217.51650443025162,217.36053912393842,217.56876325971032]",217.51650443025162,"[217.64816548052104,217.48586671655082,217.51169973781174,217.35536004029726,217.56158742124094]",217.51169973781174,,,496.0,2.0,256.0,10031.0,,,
neoverse-v2,count/random256/series_scan/cp64/buffered16/shared/last,1,5,"[212.64951896558415,204.9139959556603,205.4526931796976,205.83831729883556,205.6562595747772]",205.6562595747772,"[212.90541699904304,204.90697959470836,205.44579937484957,205.83172988544473,205.650621974784]",205.650621974784,,,496.0,1.0,256.0,10031.0,,,
neoverse-v2,count/random256/series_scan/cp64/buffered16/shared/masked25,1,5,"[5677.072475569687,5663.688925081781,5660.379478827282,5665.60097719813,5664.285016287132]",5664.285016287132,"[5676.924267098495,5673.555374574879,5660.268729646916,5695.522801297283,5664.143322471566]",5673.555374574879,,,496.0,62.0,256.0,10031.0,,,
neoverse-v2,count/random256/series_scan/cp64/buffered16/shared/range37,1,5,"[3195.56061987236,3191.8181403832823,3192.401549681061,3198.0323609849665,3191.2114858701693]",3192.401549681061,"[3198.793983582226,3191.76572470225,3192.315405653669,3199.6107566153087,3191.13764812639]",3192.315405653669,,,496.0,37.0,256.0,10031.0,,,
neoverse-v2,count/random256/series_scan/cp64/buffered16/shared/scan,1,5,"[21956.549206347998,21955.949206349105,21957.892063489177,21956.149206348735,21956.904761904774]",21956.549206347998,"[21955.78730153997,21955.396825328462,21957.631745967847,21955.482539700217,21956.212698468236]",21955.78730153997,,,496.0,256.0,256.0,10031.0,,,
neoverse-v2,count/random256/series_scan/cp64/buffered16/shared/sparse17,1,5,"[1719.385956297264,1718.9445126444832,1720.6260741466326,1720.4424257303015,1721.9157868893785]",1720.4424257303015,"[1719.333906210515,1718.899337101007,1720.5784434128373,1720.3923397970284,1721.8730665336045]",1720.3923397970284,,,496.0,16.0,256.0,10031.0,,,
neoverse-v2,count/random256/series_scan/cp64/native16/shared/crossing15,1,5,"[180.117107838053,180.04624575136665,180.48998352047846,179.98552889072954,180.1890513955834]",180.117107838053,"[180.19064785288558,180.04083839687203,180.70483571963615,179.98212998226458,180.18364404140897]",180.18364404140897,,,496.0,2.0,256.0,10031.0,,,
neoverse-v2,count/random256/series_scan/cp64/native16/shared/last,1,5,"[180.50748514650155,182.9825130373997,182.41221492875474,181.9549853410743,181.81171678386886]",181.9549853410743,"[181.25293827637063,183.20535505804915,182.56243675853548,181.95039306749842,181.95719066981664]",181.95719066981664,,,496.0,1.0,256.0,10031.0,,,
neoverse-v2,count/random256/series_scan/cp64/native16/shared/masked25,1,5,"[5364.277692308132,5355.3830769240785,5353.428461538976,5359.359230768545,5354.08923076976]",5355.3830769240785,"[5364.11692306816,5355.232307697232,5353.273076921666,5365.329230773324,5353.99000000325]",5355.232307697232,,,496.0,62.0,256.0,10031.0,,,
neoverse-v2,count/random256/series_scan/cp64/native16/shared/range37,1,5,"[3139.940754039997,3139.4905745062106,3143.5938061039146,3139.897666067549,3139.0951526031295]",3139.897666067549,"[3139.8469479376736,3139.3931777297494,3146.8550269349025,3139.8155296258756,3139.0053860072176]",3139.8155296258756,,,496.0,37.0,256.0,10031.0,,,
neoverse-v2,count/random256/series_scan/cp64/native16/shared/scan,1,5,"[21620.14860681293,21651.749226010335,21624.139318881953,21618.44272446183,21620.950464398422]",21620.950464398422,"[21619.492260058894,21689.148606840972,21623.66563470923,21617.79876156575,21620.34365330719]",21620.34365330719,,,496.0,256.0,256.0,10031.0,,,
neoverse-v2,count/random256/series_scan/cp64/native16/shared/sparse17,1,5,"[1409.749446569014,1408.249949687976,1411.684644797641,1405.1634131617343,1408.547393841673]",1408.547393841673,"[1409.7087945269184,1408.2044676969576,1411.6582813484833,1405.1380559470497,1408.5091567729662]",1408.5091567729662,,,496.0,16.0,256.0,10031.0,,,
neoverse-v2,count/random256/series_scan/cp64/point/shared/crossing15,1,5,"[202.40727493003882,201.8505206680598,202.4022845934045,199.88764531111565,199.79568465686592]",201.8505206680598,"[202.4013326795043,201.84454957087777,202.39602503861232,200.08751838955345,199.79092508741624]",201.84454957087777,,,496.0,2.0,256.0,10031.0,,,
neoverse-v2,count/random256/series_scan/cp64/point/shared/last,1,5,"[181.8480145341487,181.88341552037164,181.94339475735953,181.81710355566844,182.09470542430557]",181.88341552037164,"[181.84256423569005,181.93366208150098,181.93895665722556,181.81279522437197,182.26228912581377]",181.93366208150098,,,496.0,1.0,256.0,10031.0,,,
neoverse-v2,count/random256/series_scan/cp64/point/shared/masked25,1,5,"[7789.609810480039,7788.103678930573,7780.921962096563,7768.9364548486665,7757.547380155545]",7780.921962096563,"[7789.392419165625,7787.891861778374,7780.7168338685215,7768.713489395802,7757.308807136408]",7780.7168338685215,,,496.0,62.0,256.0,10031.0,,,
neoverse-v2,count/random256/series_scan/cp64/point/shared/range37,1,5,"[3902.9751972944036,3873.156708003742,3871.434611048414,3868.5558060879953,3892.519165726334]",3873.156708003742,"[3902.8816234512537,3873.042841025013,3871.329763247172,3868.4464487075224,3912.1595264918565]",3873.042841025013,,,496.0,37.0,256.0,10031.0,,,
neoverse-v2,count/random256/series_scan/cp64/point/shared/scan,1,5,"[31986.08256881229,31920.408256878618,31871.311926599057,31918.986238534566,31868.555045873312]",31918.986238534566,"[31985.22935785475,31919.559633061122,31870.458715478548,31954.903669765612,31867.889908187306]",31919.559633061122,,,496.0,256.0,256.0,10031.0,,,
neoverse-v2,count/random256/series_scan/cp64/point/shared/sparse17,1,5,"[1960.4642556768638,1959.5724698628687,1958.15194841577,1961.6411550323319,1960.2783851975285]",1960.2783851975285,"[1960.43622091343,1959.5377067602149,1958.0978413274622,1963.9543033408704,1960.248668347671]",1960.248668347671,,,496.0,16.0,256.0,10031.0,,,
neoverse-v2,count/random256/tuple_absolute6/cp16/point/shared/crossing15,1,5,"[171.51481281320903,171.91252333693288,171.74108283384538,171.90635747273183,171.53173823326702]",171.74108283384538,"[171.50992433955818,172.07536602196382,171.73715240226443,171.9014198680085,171.52601454245658]",171.73715240226443,,,1536.0,2.0,256.0,10031.0,,,
neoverse-v2,count/random256/tuple_absolute6/cp16/point/shared/last,1,5,"[100.73684970263679,100.88926901091284,100.870171487958,100.86100525434618,100.78454298747222]",100.86100525434618,"[100.7332986894217,101.01079739025583,100.86761649056287,100.85798833617731,100.78187250963845]",100.85798833617731,,,1536.0,1.0,256.0,10031.0,,,
neoverse-v2,count/random256/tuple_absolute6/cp16/point/shared/masked25,1,5,"[5234.979591836481,5237.264550264373,5234.068027210732,5225.76870748293,5255.888888888979]",5234.979591836481,"[5234.79743007923,5237.1443688475265,5240.0068027292855,5225.587301581291,5255.633408915193]",5237.1443688475265,,,1536.0,62.0,256.0,10031.0,,,
neoverse-v2,count/random256/tuple_absolute6/cp16/point/shared/range37,1,5,"[3073.932456140397,3072.2043859649425,3068.219736842005,3074.707894736967,3072.9254385963854]",3072.9254385963854,"[3073.833333332774,3072.1162280786884,3068.1464912337915,3074.6127192951703,3072.8355263214894]",3072.8355263214894,,,1536.0,37.0,256.0,10031.0,,,
neoverse-v2,count/random256/tuple_absolute6/cp16/point/shared/scan,1,5,"[21121.48795180759,21127.572289157462,21093.21385542213,21093.71686747048,21125.304216866574]",21121.48795180759,"[21148.319277131122,21126.843373516098,21092.641566293063,21093.069277150422,21222.984939806545]",21126.843373516098,,,1536.0,256.0,256.0,10031.0,,,
neoverse-v2,count/random256/tuple_absolute6/cp16/point/shared/sparse17,1,5,"[1330.8392276811744,1330.5029631046348,1330.1150831581592,1332.1485375644831,1330.9717071305356]",1330.8392276811744,"[1330.8046262680825,1330.472949722087,1330.0686293242827,1332.1208182017065,1330.9281208177867]",1330.8046262680825,,,1536.0,16.0,256.0,10031.0,,,
neoverse-v2,count/random256/tuple_checkpoint2/cp16/buffered16/shared/crossing15,1,5,"[228.13777327536494,227.88771608772498,227.68553315248718,227.44858011175185,227.60380379726675]",227.68553315248718,"[228.42224110326987,227.88189928390028,227.6779517006797,227.4409659816193,227.59573216553338]",227.6779517006797,,,576.0,2.0,256.0,10031.0,,,
neoverse-v2,count/random256/tuple_checkpoint2/cp16/buffered16/shared/last,1,5,"[135.2804974758786,135.1367091545604,135.18278176439,135.05040521460364,135.10299607358627]",135.1367091545604,"[136.03754279423995,135.13423338065644,135.178255740061,135.04578248004634,135.09833465507165]",135.13423338065644,,,576.0,1.0,256.0,10031.0,,,
neoverse-v2,count/random256/tuple_checkpoint2/cp16/buffered16/shared/masked25,1,5,"[5723.009909166161,5715.633360858849,5705.486374897041,5705.389760528824,5712.814203137928]",5712.814203137928,"[5722.839801812323,5722.527663099245,5705.396366634889,5707.4954582982,5712.621800166128]",5712.621800166128,,,576.0,62.0,256.0,10031.0,,,
neoverse-v2,count/random256/tuple_checkpoint2/cp16/buffered16/shared/range37,1,5,"[3210.374140302507,3206.1769830352946,3207.486932599776,3206.8230169647904,3207.5263640532426]",3207.486932599776,"[3214.1591013316,3206.1169188391796,3207.3874369624114,3206.723062824151,3207.425492888543]",3207.3874369624114,,,576.0,37.0,256.0,10031.0,,,
neoverse-v2,count/random256/tuple_checkpoint2/cp16/buffered16/shared/scan,1,5,"[22070.968553457384,21970.528301886603,21968.704402515446,21963.349056604482,21958.160377360007]",21968.704402515446,"[22608.515723303117,21970.163522004546,21968.132075496684,21962.698113229806,21957.603773587853]",21968.132075496684,,,576.0,256.0,256.0,10031.0,,,
neoverse-v2,count/random256/tuple_checkpoint2/cp16/buffered16/shared/sparse17,1,5,"[1802.3317805381942,1802.2569875775494,1802.3638716356293,1803.9800724637334,1802.075569358248]",1802.3317805381942,"[1802.3038302308391,1802.2049689482099,1803.6785714277257,1803.9166666634544,1802.0209627337579]",1802.3038302308391,,,576.0,16.0,256.0,10031.0,,,
neoverse-v2,count/random256/tuple_checkpoint2/cp16/native16/shared/crossing15,1,5,"[185.46001274494594,185.5101162975935,185.52989750943453,185.61454516487234,185.42793797460783]",185.5101162975935,"[185.45398544971405,185.50493866437296,185.80340927161453,185.60947373958012,185.42276034185895]",185.50493866437296,,,576.0,2.0,256.0,10031.0,,,
neoverse-v2,count/random256/tuple_checkpoint2/cp16/native16/shared/last,1,5,"[114.99176271353171,115.03919698788883,115.02216339750963,115.24993012282575,114.85381693822983]",115.02216339750963,"[114.98789891656253,115.03541539919895,115.01793788345726,115.36286808846103,114.85084099236524]",115.01793788345726,,,576.0,1.0,256.0,10031.0,,,
neoverse-v2,count/random256/tuple_checkpoint2/cp16/native16/shared/masked25,1,5,"[5448.031981279413,5436.505460218164,5439.851014040701,5438.5842433703665,5432.578783151806]",5438.5842433703665,"[5454.631045229579,5436.3346333668005,5439.70514821409,5438.418096708676,5437.6645865779765]",5438.418096708676,,,576.0,62.0,256.0,10031.0,,,
neoverse-v2,count/random256/tuple_checkpoint2/cp16/native16/shared/range37,1,5,"[3148.5094594595685,3152.6207207209286,3158.048648648675,3151.839189189146,3149.0360360361055]",3151.839189189146,"[3148.411261250445,3165.3130630584283,3163.0018017995712,3154.4180180097037,3148.9684684669483]",3154.4180180097037,,,576.0,37.0,256.0,10031.0,,,
neoverse-v2,count/random256/tuple_checkpoint2/cp16/native16/shared/scan,1,5,"[21690.43478260849,21707.19875776339,21746.897515526896,21703.512422360825,21747.757763973565]",21707.19875776339,"[21689.779503109086,21706.453416175078,21775.288819870988,21702.844720467052,21847.223602506725]",21706.453416175078,,,576.0,256.0,256.0,10031.0,,,
neoverse-v2,count/random256/tuple_checkpoint2/cp16/native16/shared/sparse17,1,5,"[1456.4294350636299,1456.1630185531158,1456.242860121073,1452.2728788825975,1453.4500729622416]",1456.1630185531158,"[1456.8772149206934,1456.1088180090328,1458.579945798768,1452.2359808171454,1453.4067125265308]",1456.1088180090328,,,576.0,16.0,256.0,10031.0,,,
neoverse-v2,count/random256/tuple_checkpoint2/cp16/point/shared/crossing15,1,5,"[210.43355947535127,210.6900346751073,209.93761495551942,210.8827378260159,210.1352027740017]",210.43355947535127,"[211.4731494039546,210.6856625962956,209.93122267472123,211.14584652443375,210.13191617637312]",210.6856625962956,,,576.0,2.0,256.0,10031.0,,,
neoverse-v2,count/random256/tuple_checkpoint2/cp16/point/shared/last,1,5,"[140.4751811594265,140.32485909823131,140.4271336553942,140.66831723026826,140.68005233495265]",140.4751811594265,"[140.47069243146498,140.32095410673745,140.42312801936734,140.72151771292587,140.8384863124127]",140.47069243146498,,,576.0,1.0,256.0,10031.0,,,
neoverse-v2,count/random256/tuple_checkpoint2/cp16/point/shared/masked25,1,5,"[6617.927550047406,6607.090562440149,6602.1963775027325,6601.49094375636,6604.724499523749]",6604.724499523749,"[6617.7197330735235,6606.91325070934,6601.997140124097,6601.279313627622,6604.555767396655]",6604.555767396655,,,576.0,62.0,256.0,10031.0,,,
neoverse-v2,count/random256/tuple_checkpoint2/cp16/point/shared/range37,1,5,"[3765.084499461758,3763.513455328316,3767.133476856639,3768.3439181916515,3772.4870828849303]",3767.133476856639,"[3764.9660925786075,3763.419806234096,3767.034983854821,3768.253498380317,3776.3503767486714]",3767.034983854821,,,576.0,37.0,256.0,10031.0,,,
neoverse-v2,count/random256/tuple_checkpoint2/cp16/point/shared/scan,1,5,"[26072.742537312435,26051.432835819825,26065.011194030438,26096.421641790632,26059.731343284773]",26065.011194030438,"[26071.895522346807,26050.69029852781,26064.317164107353,26139.261194021285,26059.126865660928]",26064.317164107353,,,576.0,256.0,256.0,10031.0,,,
neoverse-v2,count/random256/tuple_checkpoint2/cp16/point/shared/sparse17,1,5,"[1640.762628624868,1639.9080916744683,1640.8173526659862,1640.7801683816472,1640.9871375116638]",1640.7801683816472,"[1640.7111786746536,1639.8608512652954,1640.767539755304,1642.8175865297787,1640.940832554186]",1640.767539755304,,,576.0,16.0,256.0,10031.0,,,
neoverse-v2,count/random256/tuple_checkpoint2/cp64/buffered16/shared/crossing15,1,5,"[227.39251514560382,227.58119992183012,226.97534362582851,226.61947104424243,227.45430265129568]",227.39251514560382,"[227.38427464037215,227.5733176988975,226.96785225760965,226.6120122463264,227.44661585576335]",227.38427464037215,,,528.0,2.0,256.0,10031.0,,,
neoverse-v2,count/random256/tuple_checkpoint2/cp64/buffered16/shared/last,1,5,"[266.52109312814486,264.754880036383,265.5530455217236,265.71515748777693,266.5246939316876]",265.71515748777693,"[266.78645339856087,264.74616230220425,265.544441496534,265.70678088211423,272.7907743624561]",265.70678088211423,,,528.0,1.0,256.0,10031.0,,,
neoverse-v2,count/random256/tuple_checkpoint2/cp64/buffered16/shared/masked25,1,5,"[5723.318032786546,5722.9073770490795,5736.2049180328995,5718.713114754226,5710.602459016673]",5722.9073770490795,"[5730.513934438141,5722.828688529627,5736.057377050917,5718.579508199627,5710.417213123731]",5722.828688529627,,,528.0,62.0,256.0,10031.0,,,
neoverse-v2,count/random256/tuple_checkpoint2/cp64/buffered16/shared/range37,1,5,"[3209.353803849844,3205.7406049499746,3205.739688359208,3206.6746104494573,3206.0105407881947]",3206.0105407881947,"[3214.943171397316,3205.6361136570777,3205.634280469845,3206.5659944877293,3205.934005501277]",3205.934005501277,,,528.0,37.0,256.0,10031.0,,,
neoverse-v2,count/random256/tuple_checkpoint2/cp64/buffered16/shared/scan,1,5,"[21988.558359620492,21994.085173501215,21995.059936907553,21999.476340694222,21993.895899054416]",21994.085173501215,"[21988.170346986906,21993.451104095748,21994.378548855366,21998.76971614215,21993.211356486674]",21993.451104095748,,,528.0,256.0,256.0,10031.0,,,
neoverse-v2,count/random256/tuple_checkpoint2/cp64/buffered16/shared/sparse17,1,5,"[1798.8282541322296,1800.7283057852046,1802.7303719009428,1800.908316115538,1801.3540805782995]",1800.908316115538,"[1798.7698863631638,1800.671487605108,1802.6722624016368,1800.8558884266258,1801.2941632241634]",1800.8558884266258,,,528.0,16.0,256.0,10031.0,,,
neoverse-v2,count/random256/tuple_checkpoint2/cp64/native16/shared/crossing15,1,5,"[185.11961735165414,185.4119299361349,185.18687230038842,185.15931314094553,185.93846887669807]",185.18687230038842,"[185.11389352643977,185.6251689324782,185.1823939372905,185.15282083945914,187.6861170736828]",185.1823939372905,,,528.0,2.0,256.0,10031.0,,,
neoverse-v2,count/random256/tuple_checkpoint2/cp64/native16/shared/last,1,5,"[246.87226636662012,246.02278320794943,246.11170100556,246.2846846213499,246.07091625061818]",246.11170100556,"[246.99838267383862,246.40566767456713,246.10551297429453,246.27726601491804,247.22058926911694]",246.40566767456713,,,528.0,1.0,256.0,10031.0,,,
neoverse-v2,count/random256/tuple_checkpoint2/cp64/native16/shared/masked25,1,5,"[5436.445050662425,5426.939984411413,5430.65237724121,5424.804364769775,5422.279033515021]",5426.939984411413,"[5436.291504285807,5426.7809820772945,5439.824629780065,5424.698363220156,5422.089633666311]",5426.7809820772945,,,528.0,62.0,256.0,10031.0,,,
neoverse-v2,count/random256/tuple_checkpoint2/cp64/native16/shared/range37,1,5,"[3151.222672064805,3152.6729644626016,3150.5924426448964,3149.3594242016143,3149.7890238417262]",3150.5924426448964,"[3151.1250562298615,3157.0922177264283,3150.5128205176416,3149.243364827577,3149.6855600494864]",3150.5128205176416,,,528.0,37.0,256.0,10031.0,,,
neoverse-v2,count/random256/tuple_checkpoint2/cp64/native16/shared/scan,1,5,"[21693.760869567137,21743.885093168406,21706.850931677996,21696.832298138932,21699.726708073573]",21699.726708073573,"[21692.695652142862,21859.75776401943,21706.375776361936,21696.263975165708,21699.108695589042]",21699.108695589042,,,528.0,256.0,256.0,10031.0,,,
neoverse-v2,count/random256/tuple_checkpoint2/cp64/native16/shared/sparse17,1,5,"[1443.5860004129584,1446.1286392731945,1448.7305389221497,1445.8275862069459,1446.1104687177176]",1446.1104687177176,"[1443.5463555625438,1448.2238282038895,1448.6954367118885,1445.7776171784667,1446.0607061721066]",1446.0607061721066,,,528.0,16.0,256.0,10031.0,,,
neoverse-v2,count/random256/tuple_checkpoint2/cp64/point/shared/crossing15,1,5,"[252.42209015800603,253.36813306277674,251.99184664445147,253.419336135674,252.2086171909161]",252.42209015800603,"[252.41393680186917,253.35947238785516,251.98354834008123,253.41328453397463,252.49938396875808]",252.49938396875808,,,528.0,2.0,256.0,10031.0,,,
neoverse-v2,count/random256/tuple_checkpoint2/cp64/point/shared/last,1,5,"[270.5344561782286,271.7839358668149,271.99078856087095,272.15081322747903,270.10837894086023]",271.7839358668149,"[270.5244353651482,271.77615046647674,271.9837354505975,272.14391428421425,270.40588144606613]",271.77615046647674,,,528.0,1.0,256.0,10031.0,,,
neoverse-v2,count/random256/tuple_checkpoint2/cp64/point/shared/masked25,1,5,"[10774.744221879455,10778.536209553156,10784.066255778585,10773.685670262952,10771.685670263063]",10774.744221879455,"[10774.443759648773,10778.157164855455,10783.781201829983,10773.511556263924,10771.386748828976]",10774.443759648773,,,528.0,62.0,256.0,10031.0,,,
neoverse-v2,count/random256/tuple_checkpoint2/cp64/point/shared/range37,1,5,"[5172.572062084234,5175.617886178774,5158.539541759237,5155.115299334601,5151.235033259163]",5158.539541759237,"[5172.4205469182125,5175.4900221734415,5160.609017013125,5154.94308941184,5151.097560977104]",5160.609017013125,,,528.0,37.0,256.0,10031.0,,,
neoverse-v2,count/random256/tuple_checkpoint2/cp64/point/shared/scan,1,5,"[43237.395061728,43257.27777777771,43244.53086419543,43266.34567901144,43248.96296296024]",43248.96296296024,"[43236.10493830153,43255.87037032512,43243.5123457955,43265.240740725174,43247.839506142955]",43247.839506142955,,,528.0,256.0,256.0,10031.0,,,
neoverse-v2,count/random256/tuple_checkpoint2/cp64/point/shared/sparse17,1,5,"[2724.9719844360347,2723.5042801557447,2726.3357976654397,2719.5151750970163,2721.2233463035736]",2723.5042801557447,"[2724.8968871539023,2723.4303501933764,2726.261089493582,2719.443190658027,2726.792217899343]",2724.8968871539023,,,528.0,16.0,256.0,10031.0,,,
neoverse-v2,count/random256/tuple_folded2/cp16/buffered16/shared/crossing15,1,5,"[279.40402791624393,279.7462013957801,278.73048853441304,278.9611964107455,280.31126620143226]",279.40402791624393,"[279.39457627117633,280.03788634191346,278.7220338981885,278.9525423731349,280.50372881407674]",279.39457627117633,,,576.0,2.0,256.0,10031.0,,,
neoverse-v2,count/random256/tuple_folded2/cp16/buffered16/shared/last,1,5,"[165.30170575690602,165.44795072257628,165.42433072733812,165.6035536602658,165.83378346361525]",165.44795072257628,"[165.2961383561131,165.65868277614237,165.41975835099814,165.59829424292548,165.82814498986355]",165.59829424292548,,,576.0,1.0,256.0,10031.0,,,
neoverse-v2,count/random256/tuple_folded2/cp16/buffered16/shared/masked25,1,5,"[6032.826574633809,6033.131147540633,6043.826574633551,6041.792062123022,6033.521138912588]",6033.521138912588,"[6032.610871435816,6032.943054370412,6076.233822269239,6041.665228647654,6033.32786884233]",6033.32786884233,,,576.0,62.0,256.0,10031.0,,,
neoverse-v2,count/random256/tuple_folded2/cp16/buffered16/shared/range37,1,5,"[3258.659048507489,3255.932369402763,3259.2164179101933,3257.4384328351043,3259.653451491988]",3258.659048507489,"[3258.568563437803,3255.8684701545158,3262.5699626895444,3257.3330223885637,3259.549906723043]",3258.568563437803,,,576.0,37.0,256.0,10031.0,,,
neoverse-v2,count/random256/tuple_folded2/cp16/buffered16/shared/scan,1,5,"[22515.259615385476,22485.451923076747,22491.73397436047,22475.16987179228,22473.1923076912]",22485.451923076747,"[22541.964743556975,22484.887820494438,22491.118589785267,22474.30448712807,22472.38461541347]",22484.887820494438,,,576.0,256.0,256.0,10031.0,,,
neoverse-v2,count/random256/tuple_folded2/cp16/buffered16/shared/sparse17,1,5,"[2218.7054361565642,2218.023704172032,2215.1814159293676,2213.4781921614162,2218.877686472836]",2218.023704172032,"[2218.6406447501618,2217.9826169434555,2215.1077749669566,2213.4121365368974,2218.8053097414545]",2217.9826169434555,,,576.0,16.0,256.0,10031.0,,,
neoverse-v2,count/random256/tuple_folded2/cp16/native16/shared/crossing15,1,5,"[185.02988469268095,185.27242674283187,184.9958214323406,185.19329842376266,185.58195810849628]",185.19329842376266,"[185.0238548609933,185.33550195738266,184.98928911415837,185.18853802960803,185.7640696073382]",185.18853802960803,,,576.0,2.0,256.0,10031.0,,,
neoverse-v2,count/random256/tuple_folded2/cp16/native16/shared/last,1,5,"[114.96721445640314,114.8215045667353,115.17378138607647,114.80466166887871,114.79024126755799]",114.8215045667353,"[115.41193897937256,114.81859102340037,116.79433332245338,114.80302484708753,115.02686024812614]",115.02686024812614,,,576.0,1.0,256.0,10031.0,,,
neoverse-v2,count/random256/tuple_folded2/cp16/native16/shared/masked25,1,5,"[5412.279411764928,5388.463622290932,5387.051857585106,5384.938854488911,5387.363003095563]",5387.363003095563,"[5415.289473670882,5388.346749221746,5386.890866866585,5384.795665633574,5389.512383910621]",5388.346749221746,,,576.0,62.0,256.0,10031.0,,,
neoverse-v2,count/random256/tuple_folded2/cp16/native16/shared/range37,1,5,"[3143.798292902133,3143.093441150046,3141.9995507633685,3140.9654088053176,3140.967654986995]",3141.9995507633685,"[3143.7120395384923,3142.998203050918,3141.913297398132,3140.8867924593796,3140.8724168838767]",3141.913297398132,,,576.0,37.0,256.0,10031.0,,,
neoverse-v2,count/random256/tuple_folded2/cp16/native16/shared/scan,1,5,"[21668.077399383055,21663.65325077316,21663.13931888609,21717.984520125254,21674.619195045507]",21668.077399383055,"[21667.489164040267,21662.990712084647,21662.529411725878,21748.969040321466,21674.284829786255]",21667.489164040267,,,576.0,256.0,256.0,10031.0,,,
neoverse-v2,count/random256/tuple_folded2/cp16/native16/shared/sparse17,1,5,"[1439.411764706044,1437.6877192983811,1439.4625386996536,1442.4344685240999,1439.6410732714835]",1439.4625386996536,"[1439.3558307529206,1437.642930855916,1439.413415893338,1444.1603715196225,1439.6148606808486]",1439.413415893338,,,576.0,16.0,256.0,10031.0,,,
neoverse-v2,count/random256/tuple_folded2/cp16/point/shared/crossing15,1,5,"[189.19236258850083,188.26262354241325,188.1966175638957,188.54908033289104,188.5878059946525]",188.54908033289104,"[189.18641100907698,188.25702205521006,188.19063905448502,188.54342498585774,188.80257452968831]",188.54342498585774,,,576.0,2.0,256.0,10031.0,,,
neoverse-v2,count/random256/tuple_folded2/cp16/point/shared/last,1,5,"[119.66184569457333,119.87201262715298,119.79983529773266,120.01472026354807,119.73282207008519]",119.79983529773266,"[119.65884330981741,119.92816580022806,119.79573489804348,120.01079142859413,119.72947655570644]",119.79573489804348,,,576.0,1.0,256.0,10031.0,,,
neoverse-v2,count/random256/tuple_folded2/cp16/point/shared/masked25,1,5,"[5769.843724023801,5767.540315877397,5760.847880299668,5757.261014130297,5756.895261845091]",5760.847880299668,"[5777.783042398783,5767.35827100261,5760.679966748127,5757.102244398475,5756.729842063773]",5760.679966748127,,,576.0,62.0,256.0,10031.0,,,
neoverse-v2,count/random256/tuple_folded2/cp16/point/shared/range37,1,5,"[3329.4415399235013,3321.4239543723934,3324.57129277581,3324.389258554569,3321.781844106296]",3324.389258554569,"[3329.3493346002765,3321.3293726180514,3324.520437254073,3324.2961026617677,3321.697243354037]",3324.2961026617677,,,576.0,37.0,256.0,10031.0,,,
neoverse-v2,count/random256/tuple_folded2/cp16/point/shared/scan,1,5,"[22919.465573772726,22908.822950820777,22912.10491803171,22923.904918035416,22926.25245901524]",22919.465573772726,"[22918.777049236254,22908.108196663277,22911.44918034825,22950.51147542403,22925.649180300097]",22918.777049236254,,,576.0,256.0,256.0,10031.0,,,
neoverse-v2,count/random256/tuple_folded2/cp16/point/shared/sparse17,1,5,"[1445.5711042313285,1444.845614035351,1444.0369453045193,1444.369040247373,1448.1378740968953]",1444.845614035351,"[1445.5333333351366,1444.7979360168633,1443.995872033007,1444.3389060863196,1449.7027863761891]",1444.7979360168633,,,576.0,16.0,256.0,10031.0,,,
neoverse-v2,count/random256/tuple_folded2/cp64/buffered16/shared/crossing15,1,5,"[278.9776837398761,279.2899516946378,280.2781747773962,279.1680705816757,279.62812886741955]",279.2899516946378,"[278.96926024999954,279.2808894572928,281.06555151867576,279.26240568466534,279.61886702114936]",279.2808894572928,,,528.0,2.0,256.0,10031.0,,,
neoverse-v2,count/random256/tuple_folded2/cp64/buffered16/shared/last,1,5,"[226.6816854807625,227.598481899571,227.6603736863087,227.29586739330497,228.5773322953473]",227.598481899571,"[226.67364084627116,227.59069676915976,227.94754768451256,227.29032048743534,228.57009861119982]",227.59069676915976,,,528.0,1.0,256.0,10031.0,,,
neoverse-v2,count/random256/tuple_folded2/cp64/buffered16/shared/masked25,1,5,"[6057.227115715906,6061.593264248627,6038.0725388605415,6049.589810018047,6035.996545769042]",6049.589810018047,"[6056.9991364439065,6066.45250431326,6038.002590680498,6063.939550939948,6035.8195164057]",6056.9991364439065,,,528.0,62.0,256.0,10031.0,,,
neoverse-v2,count/random256/tuple_folded2/cp64/buffered16/shared/range37,1,5,"[3261.9780885784407,3270.707226106865,3267.353379953775,3262.013519814319,3260.553379953447]",3262.013519814319,"[3261.881585090515,3303.686247087523,3274.327738927983,3261.923076930471,3260.460606071216]",3261.923076930471,,,528.0,37.0,256.0,10031.0,,,
neoverse-v2,count/random256/tuple_folded2/cp64/buffered16/shared/scan,1,5,"[22550.861736335268,22527.5369774935,22493.247588427603,22501.556270095967,22498.051446946152]",22501.556270095967,"[22746.39228295592,22572.627009648826,22492.819935716216,22500.884244379722,22497.29903536545]",22500.884244379722,,,528.0,256.0,256.0,10031.0,,,
neoverse-v2,count/random256/tuple_folded2/cp64/buffered16/shared/sparse17,1,5,"[2212.788224121137,2234.6470402023724,2214.157328268273,2210.940487496252,2225.561253561086]",2214.157328268273,"[2212.718581831945,2318.575182013983,2214.1152263337985,2210.8774928803623,2255.357708135494]",2214.1152263337985,,,528.0,16.0,256.0,10031.0,,,
neoverse-v2,count/random256/tuple_folded2/cp64/native16/shared/crossing15,1,5,"[184.8750989393794,184.96066170651827,184.96570101842306,185.52487995358044,185.8719856472015]",184.96570101842306,"[184.870244314595,184.955253020607,184.96026594891197,187.16977995904227,196.8783441508936]",184.96026594891197,,,528.0,2.0,256.0,10031.0,,,
neoverse-v2,count/random256/tuple_folded2/cp64/native16/shared/last,1,5,"[179.90780813847132,179.5828062178471,178.82550129324582,177.6821429485747,177.95574790647754]",178.82550129324582,"[188.52984711551494,217.9256831167394,186.99948782309355,177.67789187950834,178.93387794822328]",186.99948782309355,,,528.0,1.0,256.0,10031.0,,,
neoverse-v2,count/random256/tuple_folded2/cp64/native16/shared/masked25,1,5,"[5395.868421052018,5386.541795666019,5384.7770897833925,5384.972136222661,5384.470588236168]",5384.972136222661,"[5395.705108345007,5386.396284840065,5384.615325069626,5384.818885444236,5384.30727555803]",5384.818885444236,,,528.0,62.0,256.0,10031.0,,,
neoverse-v2,count/random256/tuple_folded2/cp64/native16/shared/range37,1,5,"[3142.499325842719,3144.652134831572,3143.69033707902,3144.237303370904,3147.9330337079964]",3144.237303370904,"[3142.421123594646,3144.5730336998354,3143.6040449386455,3144.1532584384927,3154.684494383515]",3144.1532584384927,,,528.0,37.0,256.0,10031.0,,,
neoverse-v2,count/random256/tuple_folded2/cp64/native16/shared/scan,1,5,"[21665.677018634295,21656.5124223585,21679.776397513346,21689.717391302707,21667.832298133682]",21667.832298133682,"[21665.186335457664,21655.922360297176,21679.17080746181,21734.329192584126,21667.254658367434]",21667.254658367434,,,528.0,256.0,256.0,10031.0,,,
neoverse-v2,count/random256/tuple_folded2/cp64/native16/shared/sparse17,1,5,"[1438.9522731948664,1438.338202016083,1439.4898169100454,1439.4606048139099,1440.6500720018475]",1439.4606048139099,"[1438.9107179588032,1438.3026126300651,1439.450318864031,1439.4235753919345,1442.7897551933142]",1439.4235753919345,,,528.0,16.0,256.0,10031.0,,,
neoverse-v2,count/random256/tuple_folded2/cp64/point/shared/crossing15,1,5,"[205.98549582678297,204.3095196404257,204.37313955523808,204.76338061055563,205.95018385571427]",204.76338061055563,"[207.48532072609066,204.30207786172014,204.36642736230507,204.75739800386168,205.94373431408653]",204.75739800386168,,,528.0,2.0,256.0,10031.0,,,
neoverse-v2,count/random256/tuple_folded2/cp64/point/shared/last,1,5,"[179.56800387648371,180.47165336257115,180.48292570964324,180.5564254928782,179.99798525922802]",180.47165336257115,"[179.88174236809806,180.46555813418536,180.4769579969591,180.54971819138964,179.99247660112178]",180.46555813418536,,,528.0,1.0,256.0,10031.0,,,
neoverse-v2,count/random256/tuple_folded2/cp64/point/shared/masked25,1,5,"[7791.923076925029,7739.06131549682,7746.813823857842,7696.541806019776,7680.21070234217]",7739.06131549682,"[7791.675585305362,7748.819397977602,7746.6767001006765,7696.3266443599505,7679.99331104162]",7746.6767001006765,,,528.0,62.0,256.0,10031.0,,,
neoverse-v2,count/random256/tuple_folded2/cp64/point/shared/range37,1,5,"[4077.867483945424,4070.0391126673585,4065.830706362852,4036.3584354924405,4023.265615878075]",4065.830706362852,"[4082.4354933018126,4069.9100992486133,4065.727962640261,4036.2288383035216,4023.154115589408]",4065.727962640261,,,528.0,37.0,256.0,10031.0,,,
neoverse-v2,count/random256/tuple_folded2/cp64/point/shared/scan,1,5,"[31432.90045248725,31459.642533937465,31456.837104074184,31412.398190043423,31502.5565610848]",31456.837104074184,"[31431.832579200218,31458.791855101896,31469.800904966687,31411.3212669417,31561.809954733457]",31458.791855101896,,,528.0,256.0,256.0,10031.0,,,
neoverse-v2,count/random256/tuple_folded2/cp64/point/shared/sparse17,1,5,"[1968.0669280316038,1960.1901428172955,1947.618874265064,1939.0565667880724,1937.9966395971576]",1947.618874265064,"[1970.41388966271,1960.1548585827554,1949.1458975068551,1939.0089610764223,1956.0926911268034]",1956.0926911268034,,,528.0,16.0,256.0,10031.0,,,
neoverse-v2,count/random4096/direct8/cp16/point/shared/crossing15,1,5,"[165.11627410511548,164.9494532603204,165.44495837196507,165.3639317820192,165.3782584975541]",165.3639317820192,"[165.1285846442192,164.9527265821708,165.4483502932222,165.36979055465534,165.3750563337972]",165.36979055465534,,,32768.0,2.0,4096.0,160473.0,,,
neoverse-v2,count/random4096/direct8/cp16/point/shared/last,1,5,"[94.55323466541878,94.62542276585538,94.54536107578681,94.51998160115267,94.62392110177313]",94.55323466541878,"[94.55207121402657,94.98484807482556,94.54895965820116,94.52478422013982,94.62938661777885]",94.55207121402657,,,32768.0,1.0,4096.0,160473.0,,,
neoverse-v2,count/random4096/direct8/cp16/point/shared/masked25,1,5,"[78034.78651688306,78001.44943822741,78023.69662924315,78024.47191008642,78054.0224719341]",78024.47191008642,"[78033.28089894063,78003.98876412054,78016.25842725871,78023.14606735992,78052.25842688425]",78023.14606735992,,,32768.0,984.0,4096.0,160473.0,,,
neoverse-v2,count/random4096/direct8/cp16/point/shared/range37,1,5,"[2888.68340880771,2883.7361053923214,2888.078221490406,2887.3664059265925,2885.7941539740655]",2887.3664059265925,"[2901.1457389817997,2883.9201317426755,2890.9662412492476,2889.470564013463,2886.0292301346067]",2889.470564013463,,,32768.0,37.0,4096.0,160473.0,,,
neoverse-v2,count/random4096/direct8/cp16/point/shared/scan,1,5,"[319504.8181816999,318842.0909090439,317826.13636366365,317881.09090898203,317856.49999995576]",317881.09090898203,"[320850.90909106383,320244.90909066115,317925.863636891,317943.0909082984,317920.63636389276]",317943.0909082984,,,32768.0,4096.0,4096.0,160473.0,,,
neoverse-v2,count/random4096/direct8/cp16/point/shared/sparse17,1,5,"[19284.834254158093,19305.624309399605,19278.878453031415,19288.50000001352,19204.712707182203]",19284.834254158093,"[19315.25690608675,19305.817679522468,19380.320442013402,19290.284530449768,19205.151933688812]",19305.817679522468,,,32768.0,241.0,4096.0,160473.0,,,
neoverse-v2,count/random4096/series_folded_local/cp16/buffered16/shared/crossing15,1,5,"[238.5228566560079,238.31470939162313,238.63879325054467,238.67312084538023,238.41646497351294]",238.5228566560079,"[238.54944605508427,238.33594682052853,238.65181523731366,238.6815408206402,239.26643940565705]",238.65181523731366,,,8192.0,2.0,4096.0,160473.0,,,
neoverse-v2,count/random4096/series_folded_local/cp16/buffered16/shared/last,1,5,"[142.02025890902814,141.87226757961596,142.20619517419496,142.1721804663637,138.90239257721856]",142.02025890902814,"[142.74874901229649,141.89046007968972,142.76825834249047,142.35313304025954,138.9075788586025]",142.35313304025954,,,8192.0,1.0,4096.0,160473.0,,,
neoverse-v2,count/random4096/series_folded_local/cp16/buffered16/shared/masked25,1,5,"[91882.12000007449,92081.89333340518,91719.0400000815,92017.49333328735,91735.70666670609]",91882.12000007449,"[91887.89333317497,92595.3999997849,91735.2399998587,92514.55999977527,91741.24000007093]",91887.89333317497,,,8192.0,984.0,4096.0,160473.0,,,
neoverse-v2,count/random4096/series_folded_local/cp16/buffered16/shared/range37,1,5,"[3212.6127698673845,3214.626550296072,3213.255856685092,3216.9779513102562,3213.3964170911568]",3213.3964170911568,"[3212.9090491704205,3214.666054180949,3213.522737718162,3228.7992650681736,3213.6789159384184]",3213.6789159384184,,,8192.0,37.0,4096.0,160473.0,,,
neoverse-v2,count/random4096/series_folded_local/cp16/buffered16/shared/scan,1,5,"[352491.7500001834,352907.54999977024,352377.4500003185,352585.6999999633,352679.70000063546]",352585.6999999633,"[352577.3500001606,352958.59999848745,352429.0500024563,352665.09999871685,352745.4999982638]",352665.09999871685,,,8192.0,4096.0,4096.0,160473.0,,,
neoverse-v2,count/random4096/series_folded_local/cp16/buffered16/shared/sparse17,1,5,"[27786.332015820633,27679.41501977353,27657.395256917218,27662.06324111403,27654.78656127388]",27662.06324111403,"[27828.612648317725,27682.110671973885,27662.490118507365,27666.31620566812,27658.2450594012]",27666.31620566812,,,8192.0,241.0,4096.0,160473.0,,,
neoverse-v2,count/random4096/series_folded_local/cp16/native16/shared/crossing15,1,5,"[201.32028747062577,201.10520391385884,201.42272058168214,201.19005974517066,200.99024446573483]",201.19005974517066,"[201.31503449116053,201.11513262300625,202.37573238686522,201.19638063917498,201.0081392319782]",201.19638063917498,,,8192.0,2.0,4096.0,160473.0,,,
neoverse-v2,count/random4096/series_folded_local/cp16/native16/shared/last,1,5,"[123.18439330675352,123.04274388755667,123.56728172027563,123.141509103002,123.577174027499]",123.18439330675352,"[123.18386712128097,123.04997018295195,123.68739257021025,123.14415757546386,124.58087487351187]",123.18386712128097,,,8192.0,1.0,4096.0,160473.0,,,
neoverse-v2,count/random4096/series_folded_local/cp16/native16/shared/masked25,1,5,"[87344.40506335041,87351.29113932987,87412.35443048475,87455.98734166482,87460.64556953858]",87412.35443048475,"[87344.8860757786,87346.45569598176,87422.84810120474,87455.13924073357,87459.21519016806]",87422.84810120474,,,8192.0,984.0,4096.0,160473.0,,,
neoverse-v2,count/random4096/series_folded_local/cp16/native16/shared/range37,1,5,"[3176.0240471892002,3178.415154261977,3172.2499999962697,3172.6247731444573,3177.690562613347]",3176.0240471892002,"[3176.291742269257,3189.3411978092013,3172.509981851229,3173.3702359414137,3177.8402903644155]",3176.291742269257,,,8192.0,37.0,4096.0,160473.0,,,
neoverse-v2,count/random4096/series_folded_local/cp16/native16/shared/scan,1,5,"[350524.7500001474,350528.85000013135,350612.60000048834,350810.1999997848,350834.09999998595]",350612.60000048834,"[350632.5999978799,350600.9999995285,350682.85000079416,350890.55000128155,350872.7000024692]",350682.85000079416,,,8192.0,4096.0,4096.0,160473.0,,,
neoverse-v2,count/random4096/series_folded_local/cp16/native16/shared/sparse17,1,5,"[22785.47508305989,22778.32225910254,22782.16943519371,22787.853820609387,22819.953488371924]",22785.47508305989,"[22789.764119522904,22781.43853817048,22784.106312182517,22791.956810592594,22941.70431894243]",22789.764119522904,,,8192.0,241.0,4096.0,160473.0,,,
neoverse-v2,count/random4096/series_folded_local/cp16/point/shared/crossing15,1,5,"[196.36570642418937,196.70895103352458,196.2261904762285,196.35189240807088,196.5991969899951]",196.36570642418937,"[196.3839285715503,196.72742587602497,196.24561994534324,196.36093328912258,196.59262690958647]",196.3839285715503,,,8192.0,2.0,4096.0,160473.0,,,
neoverse-v2,count/random4096/series_folded_local/cp16/point/shared/last,1,5,"[123.97743196122353,125.39332112787244,125.08962081466362,123.92016688379351,125.54034785055889]",125.08962081466362,"[123.97318945171624,125.40573178905703,125.64648100534542,123.92814139350024,125.65716649638577]",125.40573178905703,,,8192.0,1.0,4096.0,160473.0,,,
neoverse-v2,count/random4096/series_folded_local/cp16/point/shared/masked25,1,5,"[94612.01369848299,94503.34246591025,94435.87671230551,94508.05479448325,94200.76712332695]",94503.34246591025,"[94608.67123342636,94503.49315080555,94438.7671234549,95037.19178071637,94217.56164341513]",94503.49315080555,,,8192.0,984.0,4096.0,160473.0,,,
neoverse-v2,count/random4096/series_folded_local/cp16/point/shared/range37,1,5,"[3444.9906725536957,3433.0692194406247,3433.97741776642,3435.432007856863,3432.994108983088]",3433.97741776642,"[3471.7245949908606,3433.0490917985308,3434.140893446366,3435.413843907928,3433.2272950515903]",3434.140893446366,,,8192.0,37.0,4096.0,160473.0,,,
neoverse-v2,count/random4096/series_folded_local/cp16/point/shared/scan,1,5,"[379996.77777773084,379446.6666664991,379784.05555586884,379245.99999980856,380191.99999992125]",379784.05555586884,"[382213.6666668838,379558.72222204966,382027.66666965245,379323.11111098394,382489.0000001031]",382027.66666965245,,,8192.0,4096.0,4096.0,160473.0,,,
neoverse-v2,count/random4096/series_folded_local/cp16/point/shared/sparse17,1,5,"[22474.032258038103,22471.648387067944,22451.293548393154,22479.577419317357,22629.712903210475]",22474.032258038103,"[22474.912903237877,22472.945161208343,22454.906451597006,22480.43548378988,22655.53225807678]",22474.912903237877,,,8192.0,241.0,4096.0,160473.0,,,
neoverse-v2,count/random4096/series_folded_local/cp64/buffered16/shared/crossing15,1,5,"[232.32169136031237,232.21015481913446,233.4500083236482,232.53534210093116,232.1744631264685]",232.32169136031237,"[232.3399034457082,232.21278508439812,233.46385883206204,232.53544198476357,232.18521724695995]",232.3399034457082,,,7424.0,2.0,4096.0,160473.0,,,
neoverse-v2,count/random4096/series_folded_local/cp64/buffered16/shared/last,1,5,"[216.98095267584773,217.2582383549038,216.97001982140216,214.30116451924488,214.15609514394592]",216.97001982140216,"[216.9952304247461,217.91792616374306,216.9854125374655,214.30862859199203,214.16938181380522]",216.9854125374655,,,7424.0,1.0,4096.0,160473.0,,,
neoverse-v2,count/random4096/series_folded_local/cp64/buffered16/shared/masked25,1,5,"[91904.23684227324,91751.57894733993,91810.77631593763,91760.81578936802,92024.31578938635]",91810.77631593763,"[91901.72368421732,91747.763157831,91817.96052659089,91778.76315833912,92131.59210512339]",91817.96052659089,,,7424.0,984.0,4096.0,160473.0,,,
neoverse-v2,count/random4096/series_folded_local/cp64/buffered16/shared/range37,1,5,"[3213.3429619436274,3211.1618523612133,3220.3365428701863,3212.8092618075275,3213.4617148044504]",3213.3429619436274,"[3213.3970655605217,3211.3681797347604,3242.563044483057,3213.1155433290437,3213.509399363284]",3213.3970655605217,,,7424.0,37.0,4096.0,160473.0,,,
neoverse-v2,count/random4096/series_folded_local/cp64/buffered16/shared/scan,1,5,"[354588.6999994252,352833.3500000258,352705.9999996141,352626.4000001334,352298.1999999786]",352705.9999996141,"[355324.7500008183,353216.8499987165,352790.24999965716,352718.45000011125,352351.099999737]",352790.24999965716,,,7424.0,4096.0,4096.0,160473.0,,,
neoverse-v2,count/random4096/series_folded_local/cp64/buffered16/shared/sparse17,1,5,"[28224.90650407271,28237.284552851983,28166.731707320498,28220.146341438274,28263.337398355332]",28224.90650407271,"[28227.963414605907,28236.40650394108,28171.154471740778,28225.752032540186,28418.94308927494]",28227.963414605907,,,7424.0,241.0,4096.0,160473.0,,,
neoverse-v2,count/random4096/series_folded_local/cp64/native16/shared/crossing15,1,5,"[195.18378197794794,195.50444005248565,195.40394733173932,195.44631573095813,195.22022102808776]",195.40394733173932,"[195.18319739489897,195.6586309604217,195.5118447804684,195.9427107985112,195.22935166858875]",195.5118447804684,,,7424.0,2.0,4096.0,160473.0,,,
neoverse-v2,count/random4096/series_folded_local/cp64/native16/shared/last,1,5,"[196.32763979513686,197.05603001706803,196.70022120805655,196.95892252112185,196.53551927848986]",196.70022120805655,"[196.35029260982657,197.79027244986455,196.72228600222522,197.74199871159706,196.5400274408583]",196.72228600222522,,,7424.0,1.0,4096.0,160473.0,,,
neoverse-v2,count/random4096/series_folded_local/cp64/native16/shared/masked25,1,5,"[87924.32051289249,87334.71794878748,87343.03846143103,87377.29487178897,87448.28205136511]",87377.29487178897,"[88121.20512839801,87325.21794813809,87350.4230765157,87385.69230815348,87455.43589710882]",87385.69230815348,,,7424.0,984.0,4096.0,160473.0,,,
neoverse-v2,count/random4096/series_folded_local/cp64/native16/shared/range37,1,5,"[3169.936112367144,3173.2523787944965,3171.917988222939,3172.564114184514,3172.4154961451263]",3172.4154961451263,"[3170.022202079153,3173.3321250501112,3172.0498414201816,3172.710466696861,3172.619845950089]",3172.619845950089,,,7424.0,37.0,4096.0,160473.0,,,
neoverse-v2,count/random4096/series_folded_local/cp64/native16/shared/scan,1,5,"[350339.9000003071,350564.00000001985,350317.0000001887,350605.6999995621,351351.0000004772]",350564.00000001985,"[350392.30000109004,350606.30000032234,350341.0000007534,350693.44999953953,351837.49999987416]",350606.30000032234,,,7424.0,4096.0,4096.0,160473.0,,,
neoverse-v2,count/random4096/series_folded_local/cp64/native16/shared/sparse17,1,5,"[23397.107382540536,23406.58724829795,23398.305369133388,23409.365771779343,23392.45973156654]",23398.305369133388,"[23401.395973094062,23408.986577152864,23402.828859106736,23415.674496656673,23394.832214686274]",23402.828859106736,,,7424.0,241.0,4096.0,160473.0,,,
neoverse-v2,count/random4096/series_folded_local/cp64/point/shared/crossing15,1,5,"[214.1958135983845,214.42936592851603,214.81851795248338,214.17161191744677,214.4206264322117]",214.4206264322117,"[214.21191749397525,214.4495645530291,216.35449961827183,214.20088617263715,214.4183040493892]",214.4183040493892,,,7424.0,2.0,4096.0,160473.0,,,
neoverse-v2,count/random4096/series_folded_local/cp64/point/shared/last,1,5,"[195.5850861492342,196.1896397403809,196.30957708652988,195.00495077218795,195.0392985010459]",195.5850861492342,"[196.0598567923615,196.58861042695779,196.31343701057088,195.0192996195015,195.05834638656432]",196.0598567923615,,,7424.0,1.0,4096.0,160473.0,,,
neoverse-v2,count/random4096/series_folded_local/cp64/point/shared/masked25,1,5,"[134015.28846165215,132600.19230789164,132411.8461539023,132431.78846167325,132490.50000014176]",132490.50000014176,"[135116.80769248906,132627.74999899507,132434.59615353003,132435.98076848264,132495.53846059408]",132495.53846059408,,,7424.0,984.0,4096.0,160473.0,,,
neoverse-v2,count/random4096/series_folded_local/cp64/point/shared/range37,1,5,"[4212.705205803835,4181.248789347001,4232.216707022415,4188.096852302012,4196.578692492125]",4196.578692492125,"[4212.538740909774,4181.552663442647,4247.846246976851,4188.464891030372,4211.660411610248]",4211.660411610248,,,7424.0,37.0,4096.0,160473.0,,,
neoverse-v2,count/random4096/series_folded_local/cp64/point/shared/scan,1,5,"[538099.8461532727,537562.1538464569,537070.307691815,538484.3846157467,537668.6923072455]",537668.6923072455,"[538237.6153875156,537664.307693411,537244.7692305007,541852.9230758816,537783.3076898662]",537783.3076898662,,,7424.0,4096.0,4096.0,160473.0,,,
neoverse-v2,count/random4096/series_folded_local/cp64/point/shared/sparse17,1,5,"[31708.095022637644,31695.846153826504,31778.904977412167,31635.597285094882,31744.407239830558]",31708.095022637644,"[31711.74208140927,31703.266968405722,31947.10859742994,31642.873303282027,31904.895927645943]",31711.74208140927,,,7424.0,241.0,4096.0,160473.0,,,
neoverse-v2,count/random4096/series_folded_scan/cp16/buffered16/shared/crossing15,1,5,"[222.9826435248298,222.9228177251444,222.7852056712232,222.54393159118544,222.4052387307947]",222.7852056712232,"[222.99380125840653,222.91992497958634,223.7981117689294,222.5631953714767,222.4084493603162]",222.91992497958634,,,8192.0,2.0,4096.0,160473.0,,,
neoverse-v2,count/random4096/series_folded_scan/cp16/buffered16/shared/last,1,5,"[133.2891175800241,133.48476233804354,133.02689333660996,131.67743158202867,133.41401334225105]",133.2891175800241,"[133.7873929194928,133.50041695004322,133.0367485403847,131.68954211152348,133.4112463048327]",133.4112463048327,,,8192.0,1.0,4096.0,160473.0,,,
neoverse-v2,count/random4096/series_folded_scan/cp16/buffered16/shared/masked25,1,5,"[90032.54545452318,90207.97402607136,89842.71428562647,89900.84415595212,89962.51948060903]",89962.51948060903,"[90032.44155804157,90713.67532430498,89855.98701242865,89902.1428571737,89968.28571392958]",89968.28571392958,,,8192.0,984.0,4096.0,160473.0,,,
neoverse-v2,count/random4096/series_folded_scan/cp16/buffered16/shared/range37,1,5,"[3194.830214513029,3196.7462346012944,3193.7927886769357,3197.539479685903,3192.2797809240765]",3194.830214513029,"[3194.8598813488816,3209.164764937619,3194.140118667659,3200.947056147788,3192.5171154617174]",3194.8598813488816,,,8192.0,37.0,4096.0,160473.0,,,
neoverse-v2,count/random4096/series_folded_scan/cp16/buffered16/shared/scan,1,5,"[350048.7499998428,350273.54999996873,350307.29999974143,351112.9999999696,350061.4499998278]",350273.54999996873,"[350148.5499981527,350341.99999870453,350337.45000134787,353849.4999986597,350169.0500002041]",350337.45000134787,,,8192.0,4096.0,4096.0,160473.0,,,
neoverse-v2,count/random4096/series_folded_scan/cp16/buffered16/shared/sparse17,1,5,"[25794.107407427367,25806.025925905687,25829.581481515463,25829.133333317073,25889.177777782133]",25829.133333317073,"[25796.137036961765,25811.337037061498,25830.755555489304,25832.37777781943,25953.79999998268]",25830.755555489304,,,8192.0,241.0,4096.0,160473.0,,,
neoverse-v2,count/random4096/series_folded_scan/cp16/native16/shared/crossing15,1,5,"[188.20039108554172,186.53099217830098,187.9185685202572,187.47157934210753,187.85915568392687]",187.85915568392687,"[189.02951891057197,186.54374263396804,188.69096217703535,187.48344583670354,187.8572806158534]",187.8572806158534,,,8192.0,2.0,4096.0,160473.0,,,
neoverse-v2,count/random4096/series_folded_scan/cp16/native16/shared/last,1,5,"[109.19796313051269,109.2564178545757,109.33166973399912,109.44772138866625,109.36716678614307]",109.33166973399912,"[109.28670576142663,109.25875729087883,109.32783305744248,109.45073146436624,109.36955301157121]",109.32783305744248,,,8192.0,1.0,4096.0,160473.0,,,
neoverse-v2,count/random4096/series_folded_scan/cp16/native16/shared/masked25,1,5,"[85883.46250011369,85788.52500011891,85748.27499998605,85749.27499989115,85817.47500002735]",85788.52500011891,"[85883.37500015086,85782.91249961013,85752.22500013524,85748.67500001915,86342.86250028822]",85782.91249961013,,,8192.0,984.0,4096.0,160473.0,,,
neoverse-v2,count/random4096/series_folded_scan/cp16/native16/shared/range37,1,5,"[3142.5490107896107,3147.733812947164,3142.023381299238,3142.9887589922905,3144.254946038789]",3142.9887589922905,"[3142.8911870401744,3150.930755373379,3142.3327338044805,3143.092176270229,3144.2526978227875]",3143.092176270229,,,8192.0,37.0,4096.0,160473.0,,,
neoverse-v2,count/random4096/series_folded_scan/cp16/native16/shared/scan,1,5,"[346700.80000012147,347479.75000044564,346372.7999999833,346681.0500000861,346683.4999997559]",346683.4999997559,"[346723.04999787686,350304.0999987661,346482.5999998311,346749.5500018458,346767.4500001294]",346749.5500018458,,,8192.0,4096.0,4096.0,160473.0,,,
neoverse-v2,count/random4096/series_folded_scan/cp16/native16/shared/sparse17,1,5,"[21592.82352942398,21558.69969038505,21572.00619195611,21585.198142423098,21658.39009288291]",21585.198142423098,"[21594.442724329412,21561.142414748385,21573.433436491254,21587.50154805445,21784.89473676465]",21587.50154805445,,,8192.0,241.0,4096.0,160473.0,,,
neoverse-v2,count/random4096/series_folded_scan/cp16/point/shared/crossing15,1,5,"[193.07377730942642,193.26960186299738,193.48860485763322,193.04976710665682,193.42034490388306]",193.26960186299738,"[193.06781634640555,193.27988798877402,194.18174004654648,193.06110679781105,194.06856493355522]",193.27988798877402,,,8192.0,2.0,4096.0,160473.0,,,
neoverse-v2,count/random4096/series_folded_scan/cp16/point/shared/last,1,5,"[120.35356168848537,120.46371417297881,119.02934769552508,120.96759918359888,120.38983893932006]",120.38983893932006,"[120.84156360940426,120.4719130035003,119.02370456709204,120.97403132025266,120.40074784328381]",120.4719130035003,,,8192.0,1.0,4096.0,160473.0,,,
neoverse-v2,count/random4096/series_folded_scan/cp16/point/shared/masked25,1,5,"[93307.93333333531,93115.45333332561,92858.21333340512,93068.61333338171,92597.65333316258]",93068.61333338171,"[93311.90666671318,93636.93333322468,92858.49333385461,93676.12000005465,92611.54666698228]",93311.90666671318,,,8192.0,984.0,4096.0,160473.0,,,
neoverse-v2,count/random4096/series_folded_scan/cp16/point/shared/range37,1,5,"[3333.142107776695,3339.126847878695,3333.754411063558,3333.7076776343715,3333.895088224571]",3333.754411063558,"[3333.2436814634743,3352.4778254539183,3334.0290891775426,3333.725321877668,3334.122556049468]",3334.0290891775426,,,8192.0,37.0,4096.0,160473.0,,,
neoverse-v2,count/random4096/series_folded_scan/cp16/point/shared/scan,1,5,"[371693.26315814775,371550.47368442913,371295.26315775246,373070.2631582074,371533.4210521872]",371550.47368442913,"[371767.05263307574,371627.1578947559,371376.84210476535,377152.1578947183,371678.7368411563]",371678.7368411563,,,8192.0,4096.0,4096.0,160473.0,,,
neoverse-v2,count/random4096/series_folded_scan/cp16/point/shared/sparse17,1,5,"[22105.92698411852,22171.25396825958,22216.536507944365,22104.749206344797,22152.06984127841]",22152.06984127841,"[22108.898412574894,22172.32063483405,22217.666666677807,22106.434920578256,22270.650793647263]",22172.32063483405,,,8192.0,241.0,4096.0,160473.0,,,
neoverse-v2,count/random4096/series_folded_scan/cp64/buffered16/shared/crossing15,1,5,"[217.78057014279725,217.2765378846727,217.30404476144682,217.55579519878663,217.2932920728293]",217.30404476144682,"[217.80232558168024,217.28654038523706,217.32536259066913,217.57054888842944,217.30638909716956]",217.32536259066913,,,7424.0,2.0,4096.0,160473.0,,,
neoverse-v2,count/random4096/series_folded_scan/cp64/buffered16/shared/last,1,5,"[201.07633500029485,201.37368511843266,201.27559349298173,201.22791285863082,203.9221130077949]",201.27559349298173,"[201.0795252056645,202.13177559454763,201.28435937257527,201.98876242932792,203.9239811466448]",201.98876242932792,,,7424.0,1.0,4096.0,160473.0,,,
neoverse-v2,count/random4096/series_folded_scan/cp64/buffered16/shared/masked25,1,5,"[89904.51948051629,90003.87012987447,89907.10389608385,89843.31168818103,89790.38961054021]",89904.51948051629,"[89913.88311677802,90020.44155870969,89916.84415616862,89847.2987018209,89809.51948045347]",89913.88311677802,,,7424.0,984.0,4096.0,160473.0,,,
neoverse-v2,count/random4096/series_folded_scan/cp64/buffered16/shared/range37,1,5,"[3193.003649634403,3192.1354927011994,3195.283302921306,3192.1952554717627,3201.4803832138646]",3193.003649634403,"[3193.160583947474,3192.270985401795,3195.1683394016613,3192.078923366419,3224.824817524873]",3193.160583947474,,,7424.0,37.0,4096.0,160473.0,,,
neoverse-v2,count/random4096/series_folded_scan/cp64/buffered16/shared/scan,1,5,"[350209.5000001759,350204.84999961354,351014.35000015615,350208.4000004402,350362.79999971495]",350209.5000001759,"[350264.29999902577,350246.9999972391,354314.0499999708,350271.0999981673,350454.89999845356]",350271.0999981673,,,7424.0,4096.0,4096.0,160473.0,,,
neoverse-v2,count/random4096/series_folded_scan/cp64/buffered16/shared/sparse17,1,5,"[26425.674242387468,26382.68560606002,26380.200757584887,26393.549242407422,26432.89393938932]",26393.549242407422,"[26428.814393852917,26384.079545407807,26384.140151473424,26394.829545409088,26434.920454479736]",26394.829545409088,,,7424.0,241.0,4096.0,160473.0,,,
neoverse-v2,count/random4096/series_folded_scan/cp64/native16/shared/crossing15,1,5,"[183.56295076798955,183.2235287966756,184.12425525217753,183.46561095444008,183.08427406714364]",183.46561095444008,"[183.57055503244297,183.97595902638525,184.39173722204012,184.22457405718094,183.09093759848957]",183.97595902638525,,,7424.0,2.0,4096.0,160473.0,,,
neoverse-v2,count/random4096/series_folded_scan/cp64/native16/shared/last,1,5,"[182.90810415882189,182.8593904920003,183.1567865155366,181.17520743095963,181.43156082047219]",182.8593904920003,"[182.91235714660914,183.09823618377388,183.1818608782727,181.1787037513573,181.44353702477224]",182.91235714660914,,,7424.0,1.0,4096.0,160473.0,,,
neoverse-v2,count/random4096/series_folded_scan/cp64/native16/shared/masked25,1,5,"[85832.86250001265,85822.00000013529,85707.05000003897,85871.51250001312,85857.90000008587]",85832.86250001265,"[85832.72500004568,85816.12500009328,85716.0125001144,85868.47499998384,85942.15000030657]",85832.72500004568,,,7424.0,984.0,4096.0,160473.0,,,
neoverse-v2,count/random4096/series_folded_scan/cp64/native16/shared/range37,1,5,"[3143.530180181585,3146.2085585543277,3143.033783785725,3147.5063063086313,3141.4873873878046]",3143.530180181585,"[3146.0189189358043,3160.204954969362,3143.4968468550956,3147.7135135073777,3141.604954947496]",3146.0189189358043,,,7424.0,37.0,4096.0,160473.0,,,
neoverse-v2,count/random4096/series_folded_scan/cp64/native16/shared/scan,1,5,"[346539.0999998874,346837.2500002204,346293.70000018866,346390.1499998201,347325.1499997332]",346539.0999998874,"[346655.5000017024,347254.39999760967,346345.25000001304,346454.49999857193,349122.00000007945]",346655.5000017024,,,7424.0,4096.0,4096.0,160473.0,,,
neoverse-v2,count/random4096/series_folded_scan/cp64/native16/shared/sparse17,1,5,"[22139.696202527197,22211.00316452754,22128.170886084772,22108.95886076393,22070.661392411217]",22128.170886084772,"[22142.781645584364,22333.76898750895,22131.167721674585,22214.96518994696,22074.493670838303]",22142.781645584364,,,7424.0,241.0,4096.0,160473.0,,,
neoverse-v2,count/random4096/series_folded_scan/cp64/point/shared/crossing15,1,5,"[203.9968546062717,204.7121523897667,203.95323064222032,203.99620788998283,204.5398318537343]",203.9968546062717,"[203.99914751042712,204.7275559983883,203.95637603599127,204.00361573433793,204.68513727965905]",204.00361573433793,,,7424.0,2.0,4096.0,160473.0,,,
neoverse-v2,count/random4096/series_folded_scan/cp64/point/shared/last,1,5,"[182.8809075207263,182.77929554629605,182.60726435325088,183.1223111951299,183.2606112945777]",182.8809075207263,"[182.88658606730283,182.78999843029072,182.61992986918315,183.12181399371514,183.27243941914287]",182.88658606730283,,,7424.0,1.0,4096.0,160473.0,,,
neoverse-v2,count/random4096/series_folded_scan/cp64/point/shared/masked25,1,5,"[130901.90566050031,129508.58490566099,129290.15094322118,129690.86792466287,129051.07547165046]",129508.58490566099,"[132361.8679246568,129537.69811260056,130358.09433966209,129723.96226394027,129068.62264224331]",129723.96226394027,,,7424.0,984.0,4096.0,160473.0,,,
neoverse-v2,count/random4096/series_folded_scan/cp64/point/shared/range37,1,5,"[3901.968715085748,3896.068715079876,3903.7106145243424,3896.7759776566236,3902.0877094951084]",3901.968715085748,"[3919.9603352193785,3896.3502793410435,3917.6748603307074,3896.994413403085,3917.746927369822]",3917.6748603307074,,,7424.0,37.0,4096.0,160473.0,,,
neoverse-v2,count/random4096/series_folded_scan/cp64/point/shared/scan,1,5,"[517473.46153901546,514604.6923075486,512895.2307700274,512846.615384669,511749.8461533369]",512895.2307700274,"[521672.3076929296,514758.99999786634,513001.0000016227,512913.84615454334,511914.4615395481]",513001.0000016227,,,7424.0,4096.0,4096.0,160473.0,,,
neoverse-v2,count/random4096/series_folded_scan/cp64/point/shared/sparse17,1,5,"[30283.513043464747,30205.791304329367,30229.30434783773,30078.09130434433,30064.97826089324]",30205.791304329367,"[30367.860869487035,30209.999999897263,30403.83478269573,30085.456521696276,30216.72173912046]",30216.72173912046,,,7424.0,241.0,4096.0,160473.0,,,
neoverse-v2,count/random4096/series_local/cp16/buffered16/shared/crossing15,1,5,"[235.52078914571706,235.71622395054473,235.47921085422965,235.4643302024085,235.26111840555154]",235.47921085422965,"[235.52392014200785,235.72251961107781,235.48688684694955,235.45995354023478,235.2737770594109]",235.48688684694955,,,8704.0,2.0,4096.0,160473.0,,,
neoverse-v2,count/random4096/series_local/cp16/buffered16/shared/last,1,5,"[142.17727521433832,138.76213346293113,141.84608993461228,141.66328246903416,141.36679028107744]",141.66328246903416,"[142.18507710719882,138.76306563749122,141.85909984380982,142.19040671134042,141.38079315873733]",141.85909984380982,,,8704.0,1.0,4096.0,160473.0,,,
neoverse-v2,count/random4096/series_local/cp16/buffered16/shared/masked25,1,5,"[92197.50000003116,92106.65789482457,92303.2499999459,92044.06578947786,92306.18421048127]",92197.50000003116,"[92200.63157905063,92110.93421045366,92886.23684218584,92056.47368416617,92805.64473693917]",92200.63157905063,,,8704.0,984.0,4096.0,160473.0,,,
neoverse-v2,count/random4096/series_local/cp16/buffered16/shared/range37,1,5,"[3212.316949930064,3213.844740469884,3212.622875514934,3212.509416628591,3221.9209921915785]",3212.622875514934,"[3212.4611851215063,3213.9471750066214,3212.728066148048,3212.7165824588383,3253.1538814847545]",3212.728066148048,,,8704.0,37.0,4096.0,160473.0,,,
neoverse-v2,count/random4096/series_local/cp16/buffered16/shared/scan,1,5,"[353276.0000002355,352696.8999999269,352767.8000001089,352798.0000001207,352864.79999996343]",352798.0000001207,"[353305.0499996193,352755.10000047914,352861.099999302,352897.59999983513,352971.1500007693]",352897.59999983513,,,8704.0,4096.0,4096.0,160473.0,,,
neoverse-v2,count/random4096/series_local/cp16/buffered16/shared/sparse17,1,5,"[27439.06692914251,27480.326771663207,27491.090551186197,27405.01968505633,27438.44094488071]",27439.06692914251,"[27505.507874010847,27601.10629920087,27496.862204619596,27409.338582673823,27442.685039300446]",27496.862204619596,,,8704.0,241.0,4096.0,160473.0,,,
neoverse-v2,count/random4096/series_local/cp16/native16/cps/crossing15,1,5,"[210.68160718587148,210.91632505446213,210.5739088497021,210.89130696874258,210.66303954679128]",210.68160718587148,"[210.69628647278162,211.77601278044727,210.57999758798235,210.90544369407797,210.6853146854683]",210.69628647278162,,,8704.0,2.0,4096.0,160473.0,,,
neoverse-v2,count/random4096/series_local/cp16/native16/cps/last,1,5,"[123.34403135257263,124.09465805173822,123.97392578465882,123.91639303749058,123.92363097129696]",123.92363097129696,"[126.02732761343235,124.11111111132169,123.97613247154709,123.92559050933002,123.9254139742184]",123.97613247154709,,,8704.0,1.0,4096.0,160473.0,,,
neoverse-v2,count/random4096/series_local/cp16/native16/cps/masked25,1,5,"[92596.52000006706,92508.5733333238,92329.98666666012,92154.61333335876,92762.51999997006]",92508.5733333238,"[92592.49333354092,92513.9733336285,92333.94666656145,92157.99999992669,93889.27999983328]",92513.9733336285,,,8704.0,984.0,4096.0,160473.0,,,
neoverse-v2,count/random4096/series_local/cp16/native16/cps/range37,1,5,"[3300.836475024063,3303.114514606984,3300.13195098709,3307.4099905752005,3300.865221490366]",3300.865221490366,"[3301.004712541393,3303.344957582608,3300.3482563588605,3330.0348727620203,3301.4839773803296]",3301.4839773803296,,,8704.0,37.0,4096.0,160473.0,,,
neoverse-v2,count/random4096/series_local/cp16/native16/cps/scan,1,5,"[361529.36842139944,361251.2105262729,361526.52631590114,361561.89473688835,361852.4736841784]",361529.36842139944,"[361600.36842147744,361338.3684218637,361550.68420983205,361632.68421025923,361927.0000001507]",361600.36842147744,,,8704.0,4096.0,4096.0,160473.0,,,
neoverse-v2,count/random4096/series_local/cp16/native16/cps/sparse17,1,5,"[24215.564013837997,24193.01384081807,24193.920415213786,24251.238754323815,24183.543252598225]",24193.920415213786,"[24219.117647091865,24194.87889271569,24196.01038053877,24379.214532924085,24186.37370246272]",24196.01038053877,,,8704.0,241.0,4096.0,160473.0,,,
neoverse-v2,count/random4096/series_local/cp16/native16/inline/crossing15,1,5,"[213.45307482969253,213.28338582933085,213.5492492584184,213.49010733603984,213.13320693556977]",213.45307482969253,"[213.4544815141852,213.28066419968906,213.56414176895333,213.50610073064823,213.1498119323204]",213.4544815141852,,,8704.0,2.0,4096.0,160473.0,,,
neoverse-v2,count/random4096/series_local/cp16/native16/inline/last,1,5,"[122.68724669712235,124.67761461128916,124.31947295468547,124.02156253838186,123.66557889021063]",124.02156253838186,"[122.69056266120782,125.208256574863,124.33029808566876,124.03098408710296,123.68077267210067]",124.03098408710296,,,8704.0,1.0,4096.0,160473.0,,,
neoverse-v2,count/random4096/series_local/cp16/native16/inline/masked25,1,5,"[94066.39189189658,93694.32432431816,94061.24324325401,93929.70270267993,93799.9324324746]",93929.70270267993,"[94566.09459456055,93704.36486496932,94649.86486460856,94026.48648679009,94317.45945944938]",94317.45945944938,,,8704.0,984.0,4096.0,160473.0,,,
neoverse-v2,count/random4096/series_local/cp16/native16/inline/range37,1,5,"[3427.045053867773,3424.6851126350257,3429.2477962784897,3422.680705190781,3423.0910871718715]",3424.6851126350257,"[3427.09500489335,3425.071498533599,3441.1018609240277,3422.9319294788615,3423.2943192879575]",3425.071498533599,,,8704.0,37.0,4096.0,160473.0,,,
neoverse-v2,count/random4096/series_local/cp16/native16/inline/scan,1,5,"[379214.8888888865,379390.8888888432,379056.33333323867,379246.55555541004,379433.2777774893]",379246.55555541004,"[379323.55555546517,379439.38888910605,379161.7777769337,379260.88888992934,379523.3888897403]",379323.55555546517,,,8704.0,4096.0,4096.0,160473.0,,,
neoverse-v2,count/random4096/series_local/cp16/native16/inline/sparse17,1,5,"[24440.50526316974,24459.98596491543,24444.12631580175,24461.45614033855,24462.964912293486]",24459.98596491543,"[24442.989473627356,24466.035087674467,24447.09473685068,24467.112280733585,24466.66315788941]",24466.035087674467,,,8704.0,241.0,4096.0,160473.0,,,
neoverse-v2,count/random4096/series_local/cp16/native16/materialized/crossing15,1,5,"[214.84673799415245,214.14898850170633,214.8772059277252,214.5722806368625,214.44641210121185]",214.5722806368625,"[214.86026563316943,215.04756195016736,214.90625960753127,214.58362540693727,214.46704175075106]",214.86026563316943,,,8704.0,2.0,4096.0,160473.0,,,
neoverse-v2,count/random4096/series_local/cp16/native16/materialized/last,1,5,"[123.72798958003462,124.82507832574284,124.82722568371594,124.88450029923916,124.36337874465976]",124.82507832574284,"[123.73279473352872,124.82620480874519,124.83576231215531,124.8892702502645,124.36056253727895]",124.82620480874519,,,8704.0,1.0,4096.0,160473.0,,,
neoverse-v2,count/random4096/series_local/cp16/native16/materialized/masked25,1,5,"[94066.28378377952,93890.55405400875,93800.2027026712,93954.32432432236,93872.32432435501]",93890.55405400875,"[94067.91891890593,93897.06756767712,93810.7837838116,93965.09459428352,93871.75675645242]",93897.06756767712,,,8704.0,984.0,4096.0,160473.0,,,
neoverse-v2,count/random4096/series_local/cp16/native16/materialized/range37,1,5,"[3431.2212432713573,3427.3534018616087,3422.8678414088154,3438.545766029398,3422.2804698964255]",3427.3534018616087,"[3444.5496818528136,3427.596182092944,3423.1145374505577,3474.35927556551,3422.7283406752317]",3427.596182092944,,,8704.0,37.0,4096.0,160473.0,,,
neoverse-v2,count/random4096/series_local/cp16/native16/materialized/scan,1,5,"[379359.4444445603,381075.2777779511,379558.27777796314,379896.1666663874,379782.3888890643]",379782.3888890643,"[379414.0555552556,384914.9444445427,379643.77777812944,380010.11111216736,379840.2222230379]",379840.2222230379,,,8704.0,4096.0,4096.0,160473.0,,,
neoverse-v2,count/random4096/series_local/cp16/native16/materialized/sparse17,1,5,"[24600.03873239348,24571.133802813732,24568.71126760218,24631.485915504545,24570.880281691017]",24571.133802813732,"[24604.591549333833,24591.92605631639,24571.697183142038,24760.919014059727,24577.07746477696]",24591.92605631639,,,8704.0,241.0,4096.0,160473.0,,,
neoverse-v2,count/random4096/series_local/cp16/native16/shared/crossing15,1,5,"[199.50685595385613,200.57538698360992,199.90495738188235,200.19969212344424,199.26314889243866]",199.90495738188235,"[199.5109609732805,201.39932723237007,200.0550471789558,201.06704866200997,199.28367399300396]",200.0550471789558,,,8704.0,2.0,4096.0,160473.0,,,
neoverse-v2,count/random4096/series_local/cp16/native16/shared/last,1,5,"[122.78808798418825,122.99772819335801,122.96525368508335,123.17584488318413,123.04561224305678]",122.99772819335801,"[122.79037740148452,122.9985735171025,122.97078350910743,123.17543983228059,123.05855625824846]",122.9985735171025,,,8704.0,1.0,4096.0,160473.0,,,
neoverse-v2,count/random4096/series_local/cp16/native16/shared/masked25,1,5,"[86688.82500000307,86667.9750000543,86585.21250000106,86582.06250000688,86442.49999996134]",86585.21250000106,"[87190.82499979436,86772.78750006678,86579.15000007677,86590.33750006984,86446.46249997834]",86590.33750006984,,,8704.0,984.0,4096.0,160473.0,,,
neoverse-v2,count/random4096/series_local/cp16/native16/shared/range37,1,5,"[3151.9212775511555,3146.3954116072955,3150.3247863236384,3144.981556453085,3146.259559154002]",3146.3954116072955,"[3163.005398111916,3146.5357624833155,3153.1322537201995,3145.2316689120435,3146.399460185832]",3146.5357624833155,,,8704.0,37.0,4096.0,160473.0,,,
neoverse-v2,count/random4096/series_local/cp16/native16/shared/scan,1,5,"[347989.0499999527,347805.19999983994,347873.7000001786,348984.79999974085,348740.74999997613]",347989.0499999527,"[348031.3499991894,347833.00000071904,347947.00000020384,350323.749999859,350382.30000026256]",348031.3499991894,,,8704.0,4096.0,4096.0,160473.0,,,
neoverse-v2,count/random4096/series_local/cp16/native16/shared/sparse17,1,5,"[22776.931147543713,22753.878688518613,22797.170491814923,22761.73770492166,22764.68196722739]",22764.68196722739,"[22777.55737706878,22756.75409827809,22800.85901646566,22764.84918027444,22767.649180296445]",22767.649180296445,,,8704.0,241.0,4096.0,160473.0,,,
neoverse-v2,count/random4096/series_local/cp16/point/shared/crossing15,1,5,"[194.7583882783891,195.2049230768076,195.02904029294746,195.27900366297933,195.22303296695839]",195.2049230768076,"[194.82168498130113,195.22836630010835,195.04829304043977,195.27296703244323,195.21623443201378]",195.21623443201378,,,8704.0,2.0,4096.0,160473.0,,,
neoverse-v2,count/random4096/series_local/cp16/point/shared/last,1,5,"[125.11710331810595,125.38960229402917,125.29426327313892,125.66425632707475,124.9528024649981]",125.29426327313892,"[125.13161878604932,125.39368087362007,125.30461110972095,126.13366698123862,124.9622597821039]",125.30461110972095,,,8704.0,1.0,4096.0,160473.0,,,
neoverse-v2,count/random4096/series_local/cp16/point/shared/masked25,1,5,"[95243.83333333238,94931.86111105463,94719.54166665833,94213.55555547547,94662.69444451884]",94719.54166665833,"[95249.44444471039,94933.55555534322,94723.77777797192,94219.4861113737,95209.38888919595]",94933.55555534322,,,8704.0,984.0,4096.0,160473.0,,,
neoverse-v2,count/random4096/series_local/cp16/point/shared/range37,1,5,"[3450.083743843905,3449.474384234827,3448.834482761803,3451.0921182258194,3453.161576355365]",3450.083743843905,"[3450.2359606000173,3449.583251226658,3448.7433497405855,3451.187684725689,3466.315270939923]",3450.2359606000173,,,8704.0,37.0,4096.0,160473.0,,,
neoverse-v2,count/random4096/series_local/cp16/point/shared/scan,1,5,"[380297.1111114396,381142.3888890885,380756.05555576435,380743.4999999594,380323.0000001021]",380743.4999999594,"[380333.77777916635,383471.9999989349,380852.4444445362,383041.11111150024,380417.0555557423]",380852.4444445362,,,8704.0,4096.0,4096.0,160473.0,,,
neoverse-v2,count/random4096/series_local/cp16/point/shared/sparse17,1,5,"[22579.503225819786,22535.393548372256,23003.07741936906,22571.887096764767,22534.470967742443]",22571.887096764767,"[22703.87741932169,22541.31290323086,23060.603225732644,22675.548387034665,22538.158064512278]",22675.548387034665,,,8704.0,241.0,4096.0,160473.0,,,
neoverse-v2,count/random4096/series_local/cp64/buffered16/shared/crossing15,1,5,"[232.35618773822,232.4940830382065,233.25051815208013,232.09370194574896,233.12703082172948]",232.4940830382065,"[232.36431102552874,232.5091595911697,233.26495955052604,232.0998194830756,233.1379287287779]",232.5091595911697,,,7936.0,2.0,4096.0,160473.0,,,
neoverse-v2,count/random4096/series_local/cp64/buffered16/shared/last,1,5,"[215.10207840863467,215.22475670015126,215.4941822980813,216.33748810358315,215.57725723755965]",215.4941822980813,"[215.11534092689587,215.23758941520606,215.4948270039816,217.96804101517074,215.6140361650994]",215.4948270039816,,,7936.0,1.0,4096.0,160473.0,,,
neoverse-v2,count/random4096/series_local/cp64/buffered16/shared/masked25,1,5,"[92192.53947372564,92292.03947363747,92045.35526326876,92131.35526309202,92046.5789472533]",92131.35526309202,"[92182.69736858306,92304.46052636186,92049.90789456994,92140.02631583334,92040.64473703069]",92140.02631583334,,,7936.0,984.0,4096.0,160473.0,,,
neoverse-v2,count/random4096/series_local/cp64/buffered16/shared/range37,1,5,"[3211.9834634858676,3211.3353238378577,3209.2021130035246,3213.7253100642383,3211.7423059275957]",3211.7423059275957,"[3211.9898943513035,3211.270555807996,3209.5443270568735,3213.8915939320445,3211.9563619694095]",3211.9563619694095,,,7936.0,37.0,4096.0,160473.0,,,
neoverse-v2,count/random4096/series_local/cp64/buffered16/shared/scan,1,5,"[353734.5999998109,353108.00000019075,352582.80000007857,353424.3000000714,352879.14999990736]",353108.00000019075,"[355669.6999993392,353241.49999951257,352662.8999992454,353758.8000000369,352965.3000001076]",353241.49999951257,,,7936.0,4096.0,4096.0,160473.0,,,
neoverse-v2,count/random4096/series_local/cp64/buffered16/shared/sparse17,1,5,"[28081.72469634508,28094.44939273298,28065.975708511032,28093.5182186244,28108.708502016314]",28093.5182186244,"[28108.78137651627,28122.279352277223,28070.348178163236,28096.15384609955,28113.380566835007]",28108.78137651627,,,7936.0,241.0,4096.0,160473.0,,,
neoverse-v2,count/random4096/series_local/cp64/native16/shared/crossing15,1,5,"[194.70024720147217,193.69185901174518,193.01494319931365,193.9104796824728,195.06824431297798]",193.9104796824728,"[196.02533122245194,193.72096769717268,193.0286365023023,193.9284226313799,195.0724384073734]",193.9284226313799,,,7936.0,2.0,4096.0,160473.0,,,
neoverse-v2,count/random4096/series_local/cp64/native16/shared/last,1,5,"[194.41136053861547,194.08898717646096,194.83393140297335,195.60638682551087,195.67809952982105]",194.83393140297335,"[195.26084174783097,194.29091212609558,194.8437508691651,195.627027177049,195.69401095963786]",195.26084174783097,,,7936.0,1.0,4096.0,160473.0,,,
neoverse-v2,count/random4096/series_local/cp64/native16/shared/masked25,1,5,"[86522.02469128509,86548.99999992212,86444.40740744761,86586.74074084687,86399.82716057361]",86522.02469128509,"[86519.65432106948,86558.32098760201,86447.6543210772,86668.06172851904,86411.85185161074]",86519.65432106948,,,7936.0,984.0,4096.0,160473.0,,,
neoverse-v2,count/random4096/series_local/cp64/native16/shared/range37,1,5,"[3143.458239281041,3146.7309255078003,3143.4221218965627,3143.0911963917565,3143.4708803656085]",3143.458239281041,"[3143.813995479657,3146.5981941294663,3143.6465011235746,3143.2419864559133,3143.743115123846]",3143.743115123846,,,7936.0,37.0,4096.0,160473.0,,,
neoverse-v2,count/random4096/series_local/cp64/native16/shared/scan,1,5,"[347703.05000009213,347902.69999973587,348615.0999997051,347623.95000029757,348398.4999995471]",347902.69999973587,"[347776.8999999853,347943.20000059996,351358.49999932136,347757.549999983,348868.95000028063]",347943.20000059996,,,7936.0,4096.0,4096.0,160473.0,,,
neoverse-v2,count/random4096/series_local/cp64/native16/shared/sparse17,1,5,"[23377.585284282588,23378.769230797552,23373.12374580836,23366.511705685953,23373.71237457208]",23373.71237457208,"[23381.4849497531,23383.344481632008,23376.702341160777,23369.37458189184,23380.538461582466]",23380.538461582466,,,7936.0,241.0,4096.0,160473.0,,,
neoverse-v2,count/random4096/series_local/cp64/point/shared/crossing15,1,5,"[215.02865382263508,215.16686096460683,214.28153761182108,215.66802675186952,214.25254632465465]",215.02865382263508,"[215.04957663523743,215.1752669044634,214.2806786106456,216.50144189468782,214.28975947934325]",215.04957663523743,,,7936.0,2.0,4096.0,160473.0,,,
neoverse-v2,count/random4096/series_local/cp64/point/shared/last,1,5,"[191.03958007826324,191.1580188031131,191.49845133345477,192.7128525615052,192.3785598772377]",191.49845133345477,"[191.04171806090352,191.17210755736065,191.5064824716173,192.8636625276095,192.39116848934273]",191.5064824716173,,,7936.0,1.0,4096.0,160473.0,,,
neoverse-v2,count/random4096/series_local/cp64/point/shared/masked25,1,5,"[134305.30769230024,134364.3269231019,132684.7307691828,131798.01923079992,133363.59615387584]",133363.59615387584,"[134294.82692281716,134386.19230754513,137461.74999996496,131827.0769231206,133375.1730766809]",134294.82692281716,,,7936.0,984.0,4096.0,160473.0,,,
neoverse-v2,count/random4096/series_local/cp64/point/shared/range37,1,5,"[4236.116180048807,4241.723844286067,4223.260340634434,4221.40510948865,4222.295012167367]",4223.260340634434,"[4236.528588807478,4258.153284668976,4223.654501220734,4221.707420929737,4222.693430659401]",4223.654501220734,,,7936.0,37.0,4096.0,160473.0,,,
neoverse-v2,count/random4096/series_local/cp64/point/shared/scan,1,5,"[539430.0000001696,539572.846153537,539862.6923073161,538256.3846154653,538593.2307690338]",539430.0000001696,"[539534.1538456494,539675.3846145412,539995.6923060227,538411.9230773019,541355.230769096]",539675.3846145412,,,7936.0,4096.0,4096.0,160473.0,,,
neoverse-v2,count/random4096/series_local/cp64/point/shared/sparse17,1,5,"[32319.643518533518,32314.61111112092,32206.356481498286,32229.66203700842,32162.837962964637]",32229.66203700842,"[32324.078703756717,32474.361111114704,32208.36574079221,32391.865740645768,32196.5648147945]",32324.078703756717,,,7936.0,241.0,4096.0,160473.0,,,
neoverse-v2,count/random4096/series_scan/cp16/buffered16/shared/crossing15,1,5,"[224.10924531314234,224.63614805319298,224.0626822624813,224.34955936556503,223.89514500909146]",224.10924531314234,"[224.11978849540006,225.67207178368906,224.0860439039246,224.35468674942143,223.92014100311434]",224.11978849540006,,,8704.0,2.0,4096.0,160473.0,,,
neoverse-v2,count/random4096/series_scan/cp16/buffered16/shared/last,1,5,"[131.14157341472415,134.72851437401732,134.83932406461685,134.2269884328859,131.24712708650165]",134.2269884328859,"[131.14202554542732,134.84727402881165,135.08400211007137,134.23655853223428,131.24989638645624]",134.23655853223428,,,8704.0,1.0,4096.0,160473.0,,,
neoverse-v2,count/random4096/series_scan/cp16/buffered16/shared/masked25,1,5,"[90919.68421066398,90439.99999990224,90414.88157896837,90544.81578935361,90615.30263172819]",90544.81578935361,"[91446.43421053975,90441.11842109414,90420.75000003909,90553.48684228193,90717.07894747761]",90553.48684228193,,,8704.0,984.0,4096.0,160473.0,,,
neoverse-v2,count/random4096/series_scan/cp16/buffered16/shared/range37,1,5,"[3200.314155250729,3192.605022830323,3194.0063926941075,3190.828310505419,3193.9972602732605]",3193.9972602732605,"[3216.2995433709802,3192.9552511292477,3194.1009132482513,3191.2269406315877,3194.0187214541397]",3194.0187214541397,,,8704.0,37.0,4096.0,160473.0,,,
neoverse-v2,count/random4096/series_scan/cp16/buffered16/shared/scan,1,5,"[350951.4999997521,350880.45000009064,350945.6999999827,350877.5500002059,351025.04999997566]",350945.6999999827,"[351006.80000113015,350921.99999979814,351001.6999996424,350931.25000003056,351097.60000011645]",351001.6999996424,,,8704.0,4096.0,4096.0,160473.0,,,
neoverse-v2,count/random4096/series_scan/cp16/buffered16/shared/sparse17,1,5,"[26246.251879720952,26329.131578908127,26327.109022536788,26326.69172933596,26220.563909794324]",26326.69172933596,"[26247.7218045344,28372.338345860084,26326.09398488553,26460.214285675753,26227.43984969198]",26326.09398488553,,,8704.0,241.0,4096.0,160473.0,,,
neoverse-v2,count/random4096/series_scan/cp16/native16/shared/crossing15,1,5,"[188.56183363069343,188.9952643826336,188.35016507014814,188.49948584757195,188.450857823268]",188.49948584757195,"[188.57079071311577,189.85495480865305,188.37257130485764,188.7092601616358,188.45940899493343]",188.57079071311577,,,8704.0,2.0,4096.0,160473.0,,,
neoverse-v2,count/random4096/series_scan/cp16/native16/shared/last,1,5,"[110.91745696121154,111.58709545063944,111.5654142931608,111.3581967085063,111.37313998071271]",111.37313998071271,"[111.13226452921748,111.60118662521513,111.56904359898054,111.36081612043911,111.37533334371805]",111.37533334371805,,,8704.0,1.0,4096.0,160473.0,,,
neoverse-v2,count/random4096/series_scan/cp16/native16/shared/masked25,1,5,"[85805.51851841735,85846.33333336351,85754.09876559408,86002.81481494114,85546.86419765184]",85805.51851841735,"[85805.56790131293,85857.37037034881,85749.07407403961,86009.37037029349,85551.96296319879]",85805.56790131293,,,8704.0,984.0,4096.0,160473.0,,,
neoverse-v2,count/random4096/series_scan/cp16/native16/shared/range37,1,5,"[3148.1778975742673,3143.4451931775716,3140.088499547122,3143.7178796060653,3142.8827493238764]",3143.4451931775716,"[3161.090745734679,3143.6073674771174,3140.0700808621564,3143.9618149090898,3143.1015273921143]",3143.6073674771174,,,8704.0,37.0,4096.0,160473.0,,,
neoverse-v2,count/random4096/series_scan/cp16/native16/shared/scan,1,5,"[346169.7500000582,346016.79999966,346219.40000008064,346255.3999995066,346112.50000011746]",346169.7500000582,"[346247.0000002327,346117.8999998538,346304.54999984294,346295.5000003376,346182.9499997293]",346247.0000002327,,,8704.0,4096.0,4096.0,160473.0,,,
neoverse-v2,count/random4096/series_scan/cp16/native16/shared/sparse17,1,5,"[21500.33538459166,21466.53846156054,21476.015384634524,21535.42461537829,21488.83384616231]",21488.83384616231,"[21539.36615382708,21469.415384602213,21479.676923071074,21661.45230760846,21493.243076957486]",21493.243076957486,,,8704.0,241.0,4096.0,160473.0,,,
neoverse-v2,count/random4096/series_scan/cp16/point/shared/crossing15,1,5,"[189.054327584864,189.9827814211838,189.19264297058342,189.5560683345982,189.16514182369934]",189.19264297058342,"[189.07224786155706,190.70957817228117,189.20295252782577,189.55282973016864,189.1870563784218]",189.20295252782577,,,8704.0,2.0,4096.0,160473.0,,,
neoverse-v2,count/random4096/series_scan/cp16/point/shared/last,1,5,"[119.4837341849385,119.46914216065771,119.43056771562459,119.82187430268827,119.46038694628439]",119.46914216065771,"[119.48881564270008,119.47291892016746,119.4394946010067,120.82649224884977,119.45463597188132]",119.47291892016746,,,8704.0,1.0,4096.0,160473.0,,,
neoverse-v2,count/random4096/series_scan/cp16/point/shared/masked25,1,5,"[93639.29729725109,92567.37837845905,93601.24324312105,93424.9459459278,92734.94594587242]",93424.9459459278,"[94187.41891875937,92591.17567585297,93600.06756758815,93423.62162178196,92738.40540523404]",93423.62162178196,,,8704.0,984.0,4096.0,160473.0,,,
neoverse-v2,count/random4096/series_scan/cp16/point/shared/range37,1,5,"[3319.9919507571685,3312.3011363610613,3312.0847537859036,3315.4446022728735,3316.7154356036986]",3315.4446022728735,"[3333.1070075822327,3312.5752840958776,3313.111742421451,3315.792613636708,3316.7054924328327]",3315.792613636708,,,8704.0,37.0,4096.0,160473.0,,,
neoverse-v2,count/random4096/series_scan/cp16/point/shared/scan,1,5,"[370957.15789504134,370463.6842103894,370370.89473669406,370549.89473748073,370794.00000026764]",370549.89473748073,"[371022.15789499687,370474.4736844053,370422.9473690271,370593.00000027847,370847.7894735408]",370593.00000027847,,,8704.0,4096.0,4096.0,160473.0,,,
neoverse-v2,count/random4096/series_scan/cp16/point/shared/sparse17,1,5,"[22075.42539681959,22059.180952373215,22115.79365078951,22129.29206352205,22065.85396827955]",22075.42539681959,"[22078.482539647724,22063.08888887742,22176.01269843986,22253.358730134256,22071.33968261313]",22078.482539647724,,,8704.0,241.0,4096.0,160473.0,,,
neoverse-v2,count/random4096/series_scan/cp64/buffered16/shared/crossing15,1,5,"[220.01249685246228,220.94167086376166,220.8078884410885,220.27011458039024,220.2007680683661]",220.27011458039024,"[220.01573910853,220.94610929195343,220.80899017821807,220.28308360600303,220.20615084381927]",220.28308360600303,,,7936.0,2.0,4096.0,160473.0,,,
neoverse-v2,count/random4096/series_scan/cp64/buffered16/shared/last,1,5,"[204.05125962212747,203.8529566130933,203.91812456261022,203.71256123138267,203.7811698158677]",203.8529566130933,"[204.80327151852288,203.86782715212615,204.7038138559833,203.7225040819584,204.55572078377162]",204.55572078377162,,,7936.0,1.0,4096.0,160473.0,,,
neoverse-v2,count/random4096/series_scan/cp64/buffered16/shared/masked25,1,5,"[90545.78947355121,90527.63157899484,90477.802631477,90408.78947362186,90641.06578960425]",90527.63157899484,"[90545.0263160608,90535.60526321067,90473.11842112405,90417.10526322265,91299.69736826046]",90535.60526321067,,,7936.0,984.0,4096.0,160473.0,,,
neoverse-v2,count/random4096/series_scan/cp64/buffered16/shared/range37,1,5,"[3192.914116029778,3195.247601644453,3193.319323893184,3194.183188670064,3191.164915484545]",3193.319323893184,"[3193.0794883498497,3198.0493375966726,3193.6171767927285,3194.4335312935036,3191.1014161596668]",3193.6171767927285,,,7936.0,37.0,4096.0,160473.0,,,
neoverse-v2,count/random4096/series_scan/cp64/buffered16/shared/scan,1,5,"[351175.3999994482,351149.04999957734,351248.05000066315,351042.3000001594,350657.25000009703]",351149.04999957734,"[351201.1499992696,351206.5999998981,351298.95000096667,351139.04999946046,350709.1499997728]",351201.1499992696,,,7936.0,4096.0,4096.0,160473.0,,,
neoverse-v2,count/random4096/series_scan/cp64/buffered16/shared/sparse17,1,5,"[26866.733590713393,26963.934362932127,26863.77992277596,26882.027027023963,26843.47104248763]",26866.733590713393,"[26869.042470966404,27174.47104245433,26871.158301092695,26885.416988447505,26844.227799307002]",26871.158301092695,,,7936.0,241.0,4096.0,160473.0,,,
neoverse-v2,count/random4096/series_scan/cp64/native16/shared/crossing15,1,5,"[181.76615791931107,185.4532004359775,181.92830815556025,181.47378393825744,182.03257540351902]",181.92830815556025,"[181.76299122624144,203.41652390588877,182.78637803044063,181.4782484557267,182.64548616498408]",182.64548616498408,,,7936.0,2.0,4096.0,160473.0,,,
neoverse-v2,count/random4096/series_scan/cp64/native16/shared/last,1,5,"[182.1350310237879,181.7941571871734,181.5556101342593,182.12210444677814,184.09097724940912]",182.12210444677814,"[182.13565149916988,181.81491726969236,181.5622285415178,182.12456049652755,184.43952947277918]",182.12456049652755,,,7936.0,1.0,4096.0,160473.0,,,
neoverse-v2,count/random4096/series_scan/cp64/native16/shared/masked25,1,5,"[85673.49382727615,85594.92592585679,85935.80246915623,85742.25925918727,85773.74074072963]",85742.25925918727,"[85671.6543210827,85593.54321004388,86408.66666677606,85964.59259271437,86230.49382726499]",85964.59259271437,,,7936.0,984.0,4096.0,160473.0,,,
neoverse-v2,count/random4096/series_scan/cp64/native16/shared/range37,1,5,"[3144.039964076904,3140.829366860091,3143.198922322079,3140.6205657826795,3140.789402784336]",3140.829366860091,"[3157.4867534851483,3141.1338123052456,3143.249214179571,3140.72070048698,3140.830264926126]",3141.1338123052456,,,7936.0,37.0,4096.0,160473.0,,,
neoverse-v2,count/random4096/series_scan/cp64/native16/shared/scan,1,5,"[345979.94999998604,345707.00000031706,346627.00000041013,345872.7500003533,345882.1000002388]",345882.1000002388,"[346056.5000011684,345764.59999868803,347109.8999995092,345902.04999886965,345981.3500001019]",345981.3500001019,,,7936.0,4096.0,4096.0,160473.0,,,
neoverse-v2,count/random4096/series_scan/cp64/native16/shared/sparse17,1,5,"[22076.851735029897,22050.186119867038,22017.634069401443,22003.889589923303,22047.11987382553]",22047.11987382553,"[22198.479495304047,22076.034700318014,22019.25552052763,22007.971608852276,22102.82965304221]",22076.034700318014,,,7936.0,241.0,4096.0,160473.0,,,
neoverse-v2,count/random4096/series_scan/cp64/point/shared/crossing15,1,5,"[202.608759124308,200.71006154310552,202.47405181035958,202.12752254172383,202.78786317455726]",202.47405181035958,"[202.62189781061124,200.7262344354329,202.4814655788916,202.12420208958738,202.79979962783972]",202.4814655788916,,,7936.0,2.0,4096.0,160473.0,,,
neoverse-v2,count/random4096/series_scan/cp64/point/shared/last,1,5,"[182.396824570759,182.48867777177165,182.3200937009895,182.47709526272064,182.47264445631316]",182.47264445631316,"[182.39763144178457,182.48550234296977,182.34042165510502,182.4863612704053,182.49580947367545]",182.48550234296977,,,7936.0,1.0,4096.0,160473.0,,,
neoverse-v2,count/random4096/series_scan/cp64/point/shared/masked25,1,5,"[130950.98113230403,130297.1509433536,130502.88679227258,129694.8867924507,129496.7735851356]",130297.1509433536,"[130948.18867924278,130304.13207560449,130748.7924529536,129703.62264189495,129512.43396231512]",130304.13207560449,,,7936.0,984.0,4096.0,160473.0,,,
neoverse-v2,count/random4096/series_scan/cp64/point/shared/range37,1,5,"[3931.829954950672,3932.439752248414,3929.4847972970147,3939.4611486536483,3925.0106981918]",3931.829954950672,"[3931.959459461891,3947.29729728853,3929.4695945870526,3955.606981984625,3925.489301798996]",3931.959459461891,,,7936.0,37.0,4096.0,160473.0,,,
neoverse-v2,count/random4096/series_scan/cp64/point/shared/scan,1,5,"[508936.8571426738,506858.1428570188,507033.8571430609,507048.8571427794,507561.92857193126]",507048.8571427794,"[509032.42857153993,506980.71428558126,507157.5714278457,507175.14285736345,510271.71428635094]",507175.14285736345,,,7936.0,4096.0,4096.0,160473.0,,,
neoverse-v2,count/random4096/series_scan/cp64/point/shared/sparse17,1,5,"[30286.681222718886,30346.90829697341,30205.15283842681,30195.960698657418,29969.18777294847]",30205.15283842681,"[30290.087336227545,30517.519650621824,30209.292576450316,30359.877729274933,29974.965065615055]",30290.087336227545,,,7936.0,241.0,4096.0,160473.0,,,
neoverse-v2,count/random4096/tuple_absolute6/cp16/point/shared/crossing15,1,5,"[172.44635415386162,172.21773974794215,172.5210465316975,172.53951618872844,173.0808324907857]",172.5210465316975,"[172.46482381036694,172.23073508783648,172.5266441450733,172.55251152827236,173.8266466108762]",172.5266441450733,,,24576.0,2.0,4096.0,160473.0,,,
neoverse-v2,count/random4096/tuple_absolute6/cp16/point/shared/last,1,5,"[101.68473802792678,101.05623591936121,100.85307030214237,101.11976488935204,101.19181445327425]",101.11976488935204,"[102.09856449645915,101.06458321306451,100.85704176513806,101.13217029626769,101.2007105308279]",101.13217029626769,,,24576.0,1.0,4096.0,160473.0,,,
neoverse-v2,count/random4096/tuple_absolute6/cp16/point/shared/masked25,1,5,"[83423.5421687177,83415.9277108556,83503.15662654457,83307.28915659593,83336.27710840461]",83415.9277108556,"[83425.61445804578,83423.25301223848,83514.22891563282,83302.43373489268,83357.44578309996]",83423.25301223848,,,24576.0,984.0,4096.0,160473.0,,,
neoverse-v2,count/random4096/tuple_absolute6/cp16/point/shared/range37,1,5,"[3070.4925241851847,3076.683377307229,3081.138522427438,3071.748021109238,3079.378188214242]",3076.683377307229,"[3070.7691292889044,3091.732189981487,3083.226033433084,3071.190413364056,3102.1785400258345]",3083.226033433084,,,24576.0,37.0,4096.0,160473.0,,,
neoverse-v2,count/random4096/tuple_absolute6/cp16/point/shared/scan,1,5,"[338661.3333335374,337845.6666665454,337902.2857142813,338234.14285735897,338619.76190474065]",338234.14285735897,"[339522.99999993684,337869.38095253,339630.19047670666,338329.23809503275,340369.90476238314]",339522.99999993684,,,24576.0,4096.0,4096.0,160473.0,,,
neoverse-v2,count/random4096/tuple_absolute6/cp16/point/shared/sparse17,1,5,"[20406.041297929693,20418.781710925676,20388.29793510742,20436.457227124185,20416.2418879058]",20416.2418879058,"[20412.115044273323,20420.743362827227,20389.861356960886,20438.480825923038,20419.421828878418]",20419.421828878418,,,24576.0,241.0,4096.0,160473.0,,,
neoverse-v2,count/random4096/tuple_checkpoint2/cp16/buffered16/shared/crossing15,1,5,"[229.6698366892001,229.92821538670668,230.01049386765325,229.5098380008603,230.03400668981266]",229.92821538670668,"[229.67695284297085,229.92824817946325,230.01518331386404,229.5097396209595,230.0463041909294]",229.92824817946325,,,9216.0,2.0,4096.0,160473.0,,,
neoverse-v2,count/random4096/tuple_checkpoint2/cp16/buffered16/shared/last,1,5,"[136.12036553009847,136.73288029276353,136.4597200440627,136.24322859192446,136.6135796014824]",136.4597200440627,"[136.12778068178412,136.73297709666232,136.46221757584766,136.2475266690738,136.62101411422293]",136.46221757584766,,,9216.0,1.0,4096.0,160473.0,,,
neoverse-v2,count/random4096/tuple_checkpoint2/cp16/buffered16/shared/masked25,1,5,"[91217.70129869359,90948.49350649664,90904.03896110118,90974.90909088319,90988.94805193025]",90974.90909088319,"[91684.87013003608,90959.57142852222,90927.06493514063,90983.01298710392,91000.83116873537]",90983.01298710392,,,9216.0,984.0,4096.0,160473.0,,,
neoverse-v2,count/random4096/tuple_checkpoint2/cp16/buffered16/shared/range37,1,5,"[3210.3963302757074,3207.5756880735366,3209.2142201855672,3209.2169724761134,3210.102752292581]",3209.2169724761134,"[3210.8188073471792,3207.7481651292123,3209.403211007336,3209.539449532792,3210.1665137575983]",3209.539449532792,,,9216.0,37.0,4096.0,160473.0,,,
neoverse-v2,count/random4096/tuple_checkpoint2/cp16/buffered16/shared/scan,1,5,"[351508.700000025,351344.5999999476,351509.30000007467,351461.8499998789,351581.0500001493]",351508.700000025,"[351538.350000169,351358.55000021367,351582.84999994293,351487.85000131966,351656.5500007118]",351538.350000169,,,9216.0,4096.0,4096.0,160473.0,,,
neoverse-v2,count/random4096/tuple_checkpoint2/cp16/buffered16/shared/sparse17,1,5,"[27308.746093746005,27297.890624999876,27249.582031263486,27279.445312500262,27310.99609376564]",27297.890624999876,"[27331.167968824844,27300.972656241207,27257.89062496542,27280.964843723334,27315.964843732665]",27300.972656241207,,,9216.0,241.0,4096.0,160473.0,,,
neoverse-v2,count/random4096/tuple_checkpoint2/cp16/native16/shared/crossing15,1,5,"[187.71662952114056,187.24505249591368,187.46813995323708,187.18605837651324,187.60387744692912]",187.46813995323708,"[187.72597406058006,187.2520609011134,187.46612604338333,187.19330845019326,188.23017641841645]",187.46612604338333,,,9216.0,2.0,4096.0,160473.0,,,
neoverse-v2,count/random4096/tuple_checkpoint2/cp16/native16/shared/last,1,5,"[117.05329111808321,116.49245125818857,116.67055490751619,116.74534244295789,116.4914347609132]",116.67055490751619,"[117.05749041842888,116.50421596421552,117.08808531920529,116.74782536285436,116.93292784522318]",116.93292784522318,,,9216.0,1.0,4096.0,160473.0,,,
neoverse-v2,count/random4096/tuple_checkpoint2/cp16/native16/shared/masked25,1,5,"[86495.462499947,86601.62499998236,86666.35000000866,86613.44999998377,86878.90000000919]",86613.44999998377,"[86491.04999989277,86615.93750005636,86672.11249999696,86622.47499984232,86886.83750008863]",86622.47499984232,,,9216.0,984.0,4096.0,160473.0,,,
neoverse-v2,count/random4096/tuple_checkpoint2/cp16/native16/shared/range37,1,5,"[3151.400180261989,3151.676881479233,3160.242000903417,3149.4704822002395,3151.0955385318903]",3151.400180261989,"[3151.354664268031,3151.8125281701487,3185.9927895433902,3149.6169445715877,3151.4411897243012]",3151.4411897243012,,,9216.0,37.0,4096.0,160473.0,,,
neoverse-v2,count/random4096/tuple_checkpoint2/cp16/native16/shared/scan,1,5,"[347148.3499996708,349139.0000000649,346998.5999998926,347614.15000019723,346990.1500000816]",347148.3499996708,"[347234.4000002181,349109.35000027623,347080.6500004642,347955.8500004032,347009.6000000922]",347234.4000002181,,,9216.0,4096.0,4096.0,160473.0,,,
neoverse-v2,count/random4096/tuple_checkpoint2/cp16/native16/shared/sparse17,1,5,"[21938.702194370915,21924.61442006887,21954.82758621822,21930.031347948996,21924.329153598723]",21930.031347948996,"[21940.2382445211,21927.673981227803,21957.567398134397,21932.92789966778,21925.021943591284]",21932.92789966778,,,9216.0,241.0,4096.0,160473.0,,,
neoverse-v2,count/random4096/tuple_checkpoint2/cp16/point/shared/crossing15,1,5,"[211.90615337967998,211.94095180352403,211.79763564710095,211.934343740574,212.67432555330262]",211.934343740574,"[211.9015459229244,211.93613216156322,211.81421642998956,211.96123067618748,212.691573204133]",211.93613216156322,,,9216.0,2.0,4096.0,160473.0,,,
neoverse-v2,count/random4096/tuple_checkpoint2/cp16/point/shared/last,1,5,"[141.51913880439034,141.6040073447712,142.91020803483,142.4933110031397,142.84462963335093]",142.4933110031397,"[141.5288444073969,141.61328921102432,142.91505074781352,142.51211687115895,143.35852216527883]",142.51211687115895,,,9216.0,1.0,4096.0,160473.0,,,
neoverse-v2,count/random4096/tuple_checkpoint2/cp16/point/shared/masked25,1,5,"[105014.66666665042,104765.18181819344,104460.30303028082,104499.1212120811,104218.04545455698]",104499.1212120811,"[105012.06060615169,104776.74242429547,104913.40909085823,105012.18181828293,104216.4393939257]",104913.40909085823,,,9216.0,984.0,4096.0,160473.0,,,
neoverse-v2,count/random4096/tuple_checkpoint2/cp16/point/shared/range37,1,5,"[3797.547231268181,3793.3707926180828,3778.8127035834073,3772.9082518979562,3773.7356134643537]",3778.8127035834073,"[3797.723669911343,3820.1286644962547,3782.4326818588024,3773.0200868576353,3773.7611292044357]",3782.4326818588024,,,9216.0,37.0,4096.0,160473.0,,,
neoverse-v2,count/random4096/tuple_checkpoint2/cp16/point/shared/scan,1,5,"[417547.5294119605,417387.3529408672,417445.470588137,417624.7058826648,417435.35294107697]",417445.470588137,"[417658.0000001409,417443.6470587834,417506.9411758159,417708.05882425944,417483.1176475677]",417506.9411758159,,,9216.0,4096.0,4096.0,160473.0,,,
neoverse-v2,count/random4096/tuple_checkpoint2/cp16/point/shared/sparse17,1,5,"[24880.637010669758,24819.441281126274,24829.825622762757,24822.01779359268,24824.060498236315]",24824.060498236315,"[24883.626334583507,24821.790035592006,24833.644128176562,24826.690391527987,24827.395017794377]",24827.395017794377,,,9216.0,241.0,4096.0,160473.0,,,
neoverse-v2,count/random4096/tuple_checkpoint2/cp64/buffered16/shared/crossing15,1,5,"[230.6532420725715,230.8619184604935,230.2117184142063,230.68948186354172,231.3227523724242]",230.68948186354172,"[230.70389842276361,230.86982111548494,230.21234665822337,230.6784049200226,231.31111331542908]",230.70389842276361,,,8448.0,2.0,4096.0,160473.0,,,
neoverse-v2,count/random4096/tuple_checkpoint2/cp64/buffered16/shared/last,1,5,"[265.562969710827,267.4031352008567,267.4256813178919,267.662529416184,267.5414863734257]",267.4256813178919,"[265.57295225129246,267.3997570790657,267.4306156539528,267.6692097479865,267.5537083428072]",267.4306156539528,,,8448.0,1.0,4096.0,160473.0,,,
neoverse-v2,count/random4096/tuple_checkpoint2/cp64/buffered16/shared/masked25,1,5,"[90989.46753249271,91242.79220773812,90971.51948053608,91239.49350644331,91007.93506491953]",91007.93506491953,"[90992.38961024131,91709.70129870712,90982.58441577831,91722.85714289028,91029.05194812262]",91029.05194812262,,,8448.0,984.0,4096.0,160473.0,,,
neoverse-v2,count/random4096/tuple_checkpoint2/cp64/buffered16/shared/range37,1,5,"[3211.4247706397705,3205.398623852487,3208.409174310955,3209.091284405357,3205.161467890748]",3208.409174310955,"[3214.668348624158,3205.7316513638657,3208.4954128469412,3209.56055044871,3205.3036697275984]",3208.4954128469412,,,8448.0,37.0,4096.0,160473.0,,,
neoverse-v2,count/random4096/tuple_checkpoint2/cp64/buffered16/shared/scan,1,5,"[352039.2999998734,352827.1000000416,352044.1999999235,352422.04999974545,351911.6000003208]",352044.1999999235,"[352118.6499995111,354704.54999995127,352143.70000034024,352445.24999882287,352000.5500007528]",352143.70000034024,,,8448.0,4096.0,4096.0,160473.0,,,
neoverse-v2,count/random4096/tuple_checkpoint2/cp64/buffered16/shared/sparse17,1,5,"[28342.215447163355,28352.081300815003,28391.715447171937,28422.479674788992,28367.028455295716]",28367.028455295716,"[28348.337398427255,28353.487804880886,28396.447154447254,28422.581300770333,28372.74390248983]",28372.74390248983,,,8448.0,241.0,4096.0,160473.0,,,
neoverse-v2,count/random4096/tuple_checkpoint2/cp64/native16/shared/crossing15,1,5,"[187.37560373512162,187.0263765160491,186.880353117889,187.2320489427495,186.9932113340487]",187.0263765160491,"[187.67808844102706,187.04411291115966,186.88936889548316,187.23548352498062,186.9977728880025]",187.04411291115966,,,8448.0,2.0,4096.0,160473.0,,,
neoverse-v2,count/random4096/tuple_checkpoint2/cp64/native16/shared/last,1,5,"[245.68503439571444,245.66569563397766,246.69777481395454,246.3470447845062,246.7009686928283]",246.3470447845062,"[245.69907342387896,245.67155692873635,246.7116032574223,246.3602765688393,246.73887406917177]",246.3602765688393,,,8448.0,1.0,4096.0,160473.0,,,
neoverse-v2,count/random4096/tuple_checkpoint2/cp64/native16/shared/masked25,1,5,"[86807.69999998006,87020.97499995175,86658.06249998909,86561.27500001887,86522.39999999978]",86658.06249998909,"[87249.07499981782,87032.1124999407,86655.59999982975,86571.07499985272,86520.1374999458]",86655.59999982975,,,8448.0,984.0,4096.0,160473.0,,,
neoverse-v2,count/random4096/tuple_checkpoint2/cp64/native16/shared/range37,1,5,"[3150.372354795144,3151.1742458359813,3149.1850517778225,3150.24043223802,3152.4340387207308]",3150.372354795144,"[3150.4448446657716,3151.2859072494,3149.257991894524,3150.303917161576,3152.6285457060653]",3150.4448446657716,,,8448.0,37.0,4096.0,160473.0,,,
neoverse-v2,count/random4096/tuple_checkpoint2/cp64/native16/shared/scan,1,5,"[347726.5000000784,347222.4499997623,347289.549999985,346981.65000008885,346817.4500000032]",347222.4499997623,"[349537.6499998315,347306.4499999623,347321.99999893963,347048.1000007908,346869.749999712]",347306.4499999623,,,8448.0,4096.0,4096.0,160473.0,,,
neoverse-v2,count/random4096/tuple_checkpoint2/cp64/native16/shared/sparse17,1,5,"[23136.594059398176,23098.973597346398,23129.33663367655,23093.029702969343,23171.937293726365]",23129.33663367655,"[23241.910891106978,23102.290429081222,23268.016501647147,23098.066006664652,23290.1155115944]",23241.910891106978,,,8448.0,241.0,4096.0,160473.0,,,
neoverse-v2,count/random4096/tuple_checkpoint2/cp64/point/shared/crossing15,1,5,"[255.56230924780624,256.0757859902741,255.51064533929716,255.65188453773854,255.81588527288966]",255.65188453773854,"[255.58488692756592,257.0931788926457,255.53697370804832,256.5831218971296,255.82768891437198]",255.82768891437198,,,8448.0,2.0,4096.0,160473.0,,,
neoverse-v2,count/random4096/tuple_checkpoint2/cp64/point/shared/last,1,5,"[269.8342819783664,270.06264902709484,270.0858010920501,270.119798476947,270.7190216136112]",270.0858010920501,"[269.8477040227054,270.08607030308957,270.0906853308984,270.12987462494954,271.1302207517304]",270.0906853308984,,,8448.0,1.0,4096.0,160473.0,,,
neoverse-v2,count/random4096/tuple_checkpoint2/cp64/point/shared/masked25,1,5,"[171829.32500006133,171755.6499999162,171616.0999999161,171885.07500005554,171239.42500010258]",171755.6499999162,"[171835.52499986376,171791.92500051955,171611.1000000353,171875.774999819,171247.29999977717]",171791.92500051955,,,8448.0,984.0,4096.0,160473.0,,,
neoverse-v2,count/random4096/tuple_checkpoint2/cp64/point/shared/range37,1,5,"[5174.7995562154165,5186.237426038287,5176.315088756432,5179.273668635874,5175.343934911384]",5176.315088756432,"[5175.158284037355,5203.42011834607,5176.8838757515805,5196.851331374772,5175.845414200773]",5176.8838757515805,,,8448.0,37.0,4096.0,160473.0,,,
neoverse-v2,count/random4096/tuple_checkpoint2/cp64/point/shared/scan,1,5,"[694823.5999999497,696750.8999998984,694199.6000001894,695082.5000004101,694186.6999994772]",694823.5999999497,"[694924.2999979787,698425.9000006432,694262.9999997506,696081.0000009587,694325.3999992294]",694924.2999979787,,,8448.0,4096.0,4096.0,160473.0,,,
neoverse-v2,count/random4096/tuple_checkpoint2/cp64/point/shared/sparse17,1,5,"[41390.609467461174,41308.89349113768,41428.36094672138,41540.62130178977,41520.26035502027]",41428.36094672138,"[41596.869822402885,41316.64497039627,41629.71005907363,41615.940828279294,41719.656804783364]",41615.940828279294,,,8448.0,241.0,4096.0,160473.0,,,
neoverse-v2,count/random4096/tuple_folded2/cp16/buffered16/shared/crossing15,1,5,"[281.512331522873,282.6715349023336,283.05282639322417,281.89128947878453,281.9487829411906]",281.9487829411906,"[281.52013679380224,283.13956950243505,283.077288273574,281.8976865829412,281.975819754659]",281.975819754659,,,9216.0,2.0,4096.0,160473.0,,,
neoverse-v2,count/random4096/tuple_folded2/cp16/buffered16/shared/last,1,5,"[166.36199805042838,167.62844440220437,166.92118589663193,167.53717220226977,168.01726064552264]",167.53717220226977,"[166.37619172109467,167.78020018544245,166.94232186528774,168.19588217139943,168.23708423450805]",167.78020018544245,,,9216.0,1.0,4096.0,160473.0,,,
neoverse-v2,count/random4096/tuple_folded2/cp16/buffered16/shared/masked25,1,5,"[96699.45833342316,96746.83333334618,96933.47222218386,96555.138888732,96885.54166665932]",96746.83333334618,"[96699.47222255991,96744.47222273052,97476.91666619731,96573.0138883853,97429.81944466717]",96744.47222273052,,,9216.0,984.0,4096.0,160473.0,,,
neoverse-v2,count/random4096/tuple_folded2/cp16/buffered16/shared/range37,1,5,"[3262.710354473978,3261.03078358365,3264.1800373170645,3264.7299440309275,3267.0662313404764]",3264.1800373170645,"[3262.9799440319525,3261.1655783526953,3264.43889925724,3264.762126871068,3280.536847014802]",3264.43889925724,,,9216.0,37.0,4096.0,160473.0,,,
neoverse-v2,count/random4096/tuple_folded2/cp16/buffered16/shared/scan,1,5,"[359744.6842103648,359347.2631579468,359785.8421051414,359493.5263157894,359806.52631532226]",359744.6842103648,"[359835.21052840893,359403.89473784016,359875.1052621944,359583.5263138868,359866.63157784374]",359835.21052840893,,,9216.0,4096.0,4096.0,160473.0,,,
neoverse-v2,count/random4096/tuple_folded2/cp16/buffered16/shared/sparse17,1,5,"[33550.913461551834,33642.4615384318,33534.17307695194,33526.447115406205,33600.903846170004]",33550.913461551834,"[33555.76442296218,33646.3798076964,33540.557692318245,33533.8894230994,33604.95673076204]",33555.76442296218,,,9216.0,241.0,4096.0,160473.0,,,
neoverse-v2,count/random4096/tuple_folded2/cp16/native16/shared/crossing15,1,5,"[187.5084636984563,187.202433480273,186.92766412586295,187.45265409789988,187.07883406881083]",187.202433480273,"[187.71699425101215,187.213825377578,186.96101082997177,187.46198689726958,187.10204572738397]",187.213825377578,,,9216.0,2.0,4096.0,160473.0,,,
neoverse-v2,count/random4096/tuple_folded2/cp16/native16/shared/last,1,5,"[116.98721180973115,117.61632111454128,117.4641731630544,117.41157737597491,116.29800962009419]",117.41157737597491,"[117.13267540179206,118.11142809776283,117.47432410056003,117.40986896700912,116.30892353648025]",117.40986896700912,,,9216.0,1.0,4096.0,160473.0,,,
neoverse-v2,count/random4096/tuple_folded2/cp16/native16/shared/masked25,1,5,"[86031.29629627914,85851.19753085823,86640.24691363971,85885.43209865337,86142.90123448652]",86031.29629627914,"[86027.13580223931,85862.14814812716,88078.37037064604,85901.33333365973,86668.66666670912]",86027.13580223931,,,9216.0,984.0,4096.0,160473.0,,,
neoverse-v2,count/random4096/tuple_folded2/cp16/native16/shared/range37,1,5,"[3144.710431651246,3142.160971222705,3151.6119604321666,3144.6452338153067,3147.928507190306]",3144.710431651246,"[3145.1007194341532,3142.2535971328443,3164.4118705072688,3144.825089913347,3160.265287791388]",3145.1007194341532,,,9216.0,37.0,4096.0,160473.0,,,
neoverse-v2,count/random4096/tuple_folded2/cp16/native16/shared/scan,1,5,"[346927.24999985105,347633.40000054654,347043.1000003771,347855.9000001269,347669.7000003526]",347633.40000054654,"[347014.2999987047,348060.6500005479,347137.89999898383,348857.6999984616,349299.4499993074]",348060.6500005479,,,9216.0,4096.0,4096.0,160473.0,,,
neoverse-v2,count/random4096/tuple_folded2/cp16/native16/shared/sparse17,1,5,"[21904.087774295287,21896.090909064675,21913.924764880674,22074.793103484768,21891.50156739309]",21904.087774295287,"[21907.82758612715,21900.77742946109,21916.83699057081,22299.642633237207,21898.683385623423]",21907.82758612715,,,9216.0,241.0,4096.0,160473.0,,,
neoverse-v2,count/random4096/tuple_folded2/cp16/point/shared/crossing15,1,5,"[189.40886405539763,190.74481935549213,190.22740588075146,189.7215742649381,190.51700661790773]",190.22740588075146,"[189.4090810457595,190.74747748684703,190.22409677715456,189.73426819918103,190.5157860474112]",190.22409677715456,,,9216.0,2.0,4096.0,160473.0,,,
neoverse-v2,count/random4096/tuple_folded2/cp16/point/shared/last,1,5,"[121.00349016027192,121.23895502525659,121.26229763103336,121.04974342121261,121.23050607339023]",121.23050607339023,"[121.00974480388919,121.75060905008971,121.26545950876336,121.49351210345077,121.24816421033911]",121.26545950876336,,,9216.0,1.0,4096.0,160473.0,,,
neoverse-v2,count/random4096/tuple_folded2/cp16/point/shared/masked25,1,5,"[93798.74324328302,92873.81081070469,93785.97297306037,92378.20270273404,94151.32432429893]",93785.97297306037,"[93798.08108101807,92870.66216213159,94321.78378374742,92396.81081127757,94669.02702729999]",93798.08108101807,,,9216.0,984.0,4096.0,160473.0,,,
neoverse-v2,count/random4096/tuple_folded2/cp16/point/shared/range37,1,5,"[3330.569186879136,3326.661911557543,3327.3804089391742,3328.6552543970943,3336.7056585820806]",3328.6552543970943,"[3330.7246790376203,3326.999999988361,3327.422729438897,3329.081787923826,3347.925344759085]",3329.081787923826,,,9216.0,37.0,4096.0,160473.0,,,
neoverse-v2,count/random4096/tuple_folded2/cp16/point/shared/scan,1,5,"[366340.36842099845,366253.73684273654,366671.26315810607,366480.31578959274,366314.5263160279]",366340.36842099845,"[366401.526315186,366354.6842116566,366785.3684209819,366590.31579084083,366421.63158112933]",366421.63158112933,,,9216.0,4096.0,4096.0,160473.0,,,
neoverse-v2,count/random4096/tuple_folded2/cp16/point/shared/sparse17,1,5,"[22028.927444788773,22052.268138832264,21978.091482617794,21987.141955846695,21984.044164038834]",21987.141955846695,"[22081.36908524759,22148.63406947022,21982.52681383401,21991.59936902763,21987.74132477973]",21991.59936902763,,,9216.0,241.0,4096.0,160473.0,,,
neoverse-v2,count/random4096/tuple_folded2/cp64/buffered16/shared/crossing15,1,5,"[283.1575610739711,283.09711286078647,284.98514031917097,283.2051685849234,284.6996163937492]",283.2051685849234,"[283.16745406850424,283.12776095294896,287.5457298599802,283.2314556839615,284.7158489805429]",283.2314556839615,,,8448.0,2.0,4096.0,160473.0,,,
neoverse-v2,count/random4096/tuple_folded2/cp64/buffered16/shared/last,1,5,"[227.8462940069396,227.71738140174426,228.33656536752318,228.90544673659736,228.5310405411583]",228.33656536752318,"[229.35244354817166,227.7354070414368,228.34004685538463,228.91406910865587,228.53881694613105]",228.53881694613105,,,8448.0,1.0,4096.0,160473.0,,,
neoverse-v2,count/random4096/tuple_folded2/cp64/buffered16/shared/masked25,1,5,"[96938.8472221845,96542.77777788107,96539.41666659055,96554.26388890634,96543.20833322553]",96543.20833322553,"[98098.26388915452,96554.05555580248,96551.26388865811,96550.70833345134,96536.81944459752]",96551.26388865811,,,8448.0,984.0,4096.0,160473.0,,,
neoverse-v2,count/random4096/tuple_folded2/cp64/buffered16/shared/range37,1,5,"[3261.036985016518,3262.186329586098,3260.4489700331637,3268.2331460668383,3257.249063669145]",3261.036985016518,"[3261.29073033258,3262.063670403246,3260.4386703968635,3281.231273425302,3257.4878277172115]",3261.29073033258,,,8448.0,37.0,4096.0,160473.0,,,
neoverse-v2,count/random4096/tuple_folded2/cp64/buffered16/shared/scan,1,5,"[360437.05263167387,360028.68421067693,360391.15789477417,361785.42105266097,360463.78947374754]",360437.05263167387,"[360492.5263163607,360080.4210523883,360463.1578947479,361976.7894723449,360540.15789420047]",360492.5263163607,,,8448.0,4096.0,4096.0,160473.0,,,
neoverse-v2,count/random4096/tuple_folded2/cp64/buffered16/shared/sparse17,1,5,"[34154.817733972464,34147.52709360519,34169.26600985743,34227.41871921581,34149.26600981271]",34154.817733972464,"[34163.21182277691,34154.369458230816,34172.256157590564,34488.7586205457,34157.19211816036]",34163.21182277691,,,8448.0,241.0,4096.0,160473.0,,,
neoverse-v2,count/random4096/tuple_folded2/cp64/native16/shared/crossing15,1,5,"[187.58394570185283,187.87240467078493,187.12000641333677,187.0319322339039,186.8198968546106]",187.12000641333677,"[187.5873126157168,187.8800470302045,187.11118830704447,187.03698260413023,186.84298426038308]",187.11118830704447,,,8448.0,2.0,4096.0,160473.0,,,
neoverse-v2,count/random4096/tuple_folded2/cp64/native16/shared/last,1,5,"[178.17647508042586,179.25334724856305,178.7393982589895,179.20180216851463,178.93613500972393]",178.93613500972393,"[178.18014050789347,180.20890393490643,178.75739449133408,180.4922618740542,178.9619202767937]",178.9619202767937,,,8448.0,1.0,4096.0,160473.0,,,
neoverse-v2,count/random4096/tuple_folded2/cp64/native16/shared/masked25,1,5,"[85897.38271604892,85936.4320987941,85927.74074075204,85786.53086419201,85813.01234562769]",85897.38271604892,"[85893.88888864321,85938.99999989023,85921.67901225018,85788.22222222507,85816.3456791491]",85893.88888864321,,,8448.0,984.0,4096.0,160473.0,,,
neoverse-v2,count/random4096/tuple_folded2/cp64/native16/shared/range37,1,5,"[3141.568028742337,3144.6748989651855,3145.0008980717553,3147.3358778605807,3143.5832959123622]",3144.6748989651855,"[3141.592276621001,3157.850022469368,3147.747193521251,3151.017512362308,3143.6196677048333]",3147.747193521251,,,8448.0,37.0,4096.0,160473.0,,,
neoverse-v2,count/random4096/tuple_folded2/cp64/native16/shared/scan,1,5,"[347028.1500000283,346838.79999946046,346701.89999985724,346623.00000007916,346848.1500000564]",346838.79999946046,"[347038.2500012192,346866.59999749734,346758.399999203,346648.40000004915,346920.6999994867]",346866.59999749734,,,8448.0,4096.0,4096.0,160473.0,,,
neoverse-v2,count/random4096/tuple_folded2/cp64/native16/shared/sparse17,1,5,"[22471.33548389647,22521.209677411356,22459.383870955575,22458.583870935225,22451.19677421452]",22459.383870955575,"[22475.996774295298,22561.09354851604,22462.16451618649,22461.006451631845,22453.738709725345]",22462.16451618649,,,8448.0,241.0,4096.0,160473.0,,,
neoverse-v2,count/random4096/tuple_folded2/cp64/point/shared/crossing15,1,5,"[207.63722369578988,206.62104332422837,206.83631005006038,206.4632478631217,206.27515472992533]",206.62104332422837,"[207.64361921493705,206.6277040971669,210.27403477728484,206.4787798414842,206.28844680199552]",206.6277040971669,,,8448.0,2.0,4096.0,160473.0,,,
neoverse-v2,count/random4096/tuple_folded2/cp64/point/shared/last,1,5,"[179.7171661982339,179.36941929417088,180.907768758682,180.27008533644423,180.23111145807653]",180.23111145807653,"[179.72216151553764,179.3841971067519,184.01888854221053,180.30942345836246,180.24375585296806]",180.24375585296806,,,8448.0,1.0,4096.0,160473.0,,,
neoverse-v2,count/random4096/tuple_folded2/cp64/point/shared/masked25,1,5,"[127261.8909090604,126861.74545473767,126933.60000019477,126683.81818188705,127172.12727295647]",126933.60000019477,"[127255.74545439403,126864.47272678628,126936.69090863709,126829.16363721895,128485.03636384768]",126936.69090863709,,,8448.0,984.0,4096.0,160473.0,,,
neoverse-v2,count/random4096/tuple_folded2/cp64/point/shared/range37,1,5,"[4043.691729322178,4056.485251587659,4035.7952573751923,4048.6257952514798,4039.8131868158]",4043.691729322178,"[4043.93233079653,4072.81376520708,4036.142857166441,4064.4603817168554,4046.63273566662]",4046.63273566662,,,8448.0,37.0,4096.0,160473.0,,,
neoverse-v2,count/random4096/tuple_folded2/cp64/point/shared/scan,1,5,"[502807.71428593394,501102.71428544755,501271.57142806513,501023.9285720023,500900.0714285402]",501102.71428544755,"[506047.85714166873,501175.1428583011,503026.50000081223,501108.0000006781,500940.6428574234]",501175.1428583011,,,8448.0,4096.0,4096.0,160473.0,,,
neoverse-v2,count/random4096/tuple_folded2/cp64/point/shared/sparse17,1,5,"[30319.532467566103,30284.61904763994,30207.23376624973,30359.614718627377,30178.84848483818]",30284.61904763994,"[30321.627705588628,30287.740259788705,30211.40692633755,30361.450216307152,30181.255411136663]",30287.740259788705,,,8448.0,241.0,4096.0,160473.0,,,
neoverse-v2,count/runs256/direct4/cp16/point/cps/crossing15,1,5,"[169.49591047115373,169.33678616908176,169.61186208245752,169.33179057693533,169.26185228718975]",169.33678616908176,"[169.4902781857102,169.3312273480169,169.76319913785997,169.32728474898073,169.25614653754155]",169.3312273480169,,,1024.0,2.0,256.0,754.0,,,
neoverse-v2,count/runs256/direct4/cp16/point/cps/last,1,5,"[93.34536792946544,93.16723092776463,93.02776699808825,93.21132358254485,93.09153073104207]",93.16723092776463,"[93.34170134748376,93.16415314029324,93.02460892018624,93.29711357023955,93.08910864606395]",93.16415314029324,,,1024.0,1.0,256.0,754.0,,,
neoverse-v2,count/runs256/direct4/cp16/point/cps/masked25,1,5,"[4938.59688825922,4933.73055162743,4949.444837340433,4932.989391796139,4936.588401697178]",4936.588401697178,"[4938.42857142366,4933.589108910078,4965.079207919991,4932.883309765662,4936.411598301743]",4936.411598301743,,,1024.0,62.0,256.0,754.0,,,
neoverse-v2,count/runs256/direct4/cp16/point/cps/range37,1,5,"[2840.1144480516705,2838.551948052155,2837.183441558603,2837.644886363769,2838.20738636345]",2838.20738636345,"[2840.0121753188196,2838.459821425481,2837.0722402586307,2837.5612824621894,2838.107954549297]",2838.107954549297,,,1024.0,37.0,256.0,754.0,,,
neoverse-v2,count/runs256/direct4/cp16/point/cps/scan,1,5,"[19633.01960784545,19634.69187675206,19633.87955181956,19636.63305321906,19627.238095234745]",19633.87955181956,"[19632.358543389862,19634.100840353272,19633.218487349044,19635.963585416357,19626.63305323754]",19633.218487349044,,,1024.0,256.0,256.0,754.0,,,
neoverse-v2,count/runs256/direct4/cp16/point/cps/sparse17,1,5,"[1298.8059977786208,1296.5929285450536,1296.276749351979,1295.3583857829053,1297.554424287348]",1296.5929285450536,"[1300.099592742295,1296.55794150098,1296.2330618268688,1295.3146982627277,1297.5077749002921]",1296.55794150098,,,1024.0,16.0,256.0,754.0,,,
neoverse-v2,count/runs256/direct4/cp16/point/inline/crossing15,1,5,"[175.55143107112048,174.79465066866322,174.87224096990136,175.64126984129214,175.24926884139728]",175.24926884139728,"[175.61712285997586,174.7892013494216,174.86629171346578,175.8102487187047,175.24416947883972]",175.24416947883972,,,1024.0,2.0,256.0,754.0,,,
neoverse-v2,count/runs256/direct4/cp16/point/inline/last,1,5,"[94.33123670087726,93.98533249467759,93.89193421034575,93.81653573864689,93.90820764691998]",93.90820764691998,"[94.39885978899039,93.98177268042105,93.88874911352825,93.81305622093517,93.90531697056879]",93.90531697056879,,,1024.0,1.0,256.0,754.0,,,
neoverse-v2,count/runs256/direct4/cp16/point/inline/masked25,1,5,"[4992.823697358278,4984.990720913954,4985.832262669735,4986.836545324394,4986.044254104215]",4986.044254104215,"[4997.235546035134,4984.891506061742,4985.675231980864,4986.673090649585,4985.9029264909495]",4985.9029264909495,,,1024.0,62.0,256.0,754.0,,,
neoverse-v2,count/runs256/direct4/cp16/point/inline/range37,1,5,"[2904.1923556288543,2904.779393435854,2902.76443705869,2903.04445367644,2904.747818861297]",2904.1923556288543,"[2904.0884918939037,2904.6780224417184,2902.6672206008457,2902.954299951397,2904.656003327494]",2904.0884918939037,,,1024.0,37.0,256.0,754.0,,,
neoverse-v2,count/runs256/direct4/cp16/point/inline/scan,1,5,"[20020.122857142196,20001.740000000926,19990.622857142578,19990.908571431628,19998.65142857057]",19998.65142857057,"[20044.320000027124,20001.137142864016,19989.771428592056,19990.3714285808,19997.988571438847]",19997.988571438847,,,1024.0,256.0,256.0,754.0,,,
neoverse-v2,count/runs256/direct4/cp16/point/inline/sparse17,1,5,"[1326.9838249286952,1327.072502378643,1326.6437678404664,1326.0825880112718,1325.7632730730638]",1326.6437678404664,"[1326.9404376826421,1328.4116079878738,1326.6121788807066,1326.0357754502975,1325.7187440510886]",1326.6121788807066,,,1024.0,16.0,256.0,754.0,,,
neoverse-v2,count/runs256/direct4/cp16/point/materialized/crossing15,1,5,"[174.55929828075392,174.25220851376199,174.42175730120562,174.53364698819044,174.27080257261045]",174.42175730120562,"[174.55534422796705,174.24647763923068,174.41607647829224,174.52779098637035,175.022247804089]",174.52779098637035,,,1024.0,2.0,256.0,754.0,,,
neoverse-v2,count/runs256/direct4/cp16/point/materialized/last,1,5,"[92.99528093791935,92.93472186945648,92.7894469472999,92.87496490780865,92.85179738779603]",92.87496490780865,"[93.06868708460728,93.00413085054207,92.78667967856848,92.94315736021095,92.84888306600801]",92.94315736021095,,,1024.0,1.0,256.0,754.0,,,
neoverse-v2,count/runs256/direct4/cp16/point/materialized/masked25,1,5,"[5045.179710144973,5041.615942028936,5044.410869564722,5038.887681160183,5046.421739130269]",5044.410869564722,"[5044.998550726427,5041.457246366205,5044.237681154893,5038.719565222265,5051.376086963382]",5044.237681154893,,,1024.0,62.0,256.0,754.0,,,
neoverse-v2,count/runs256/direct4/cp16/point/materialized/range37,1,5,"[2928.038558256264,2928.023889354611,2928.7414082144364,2927.370075440361,2928.650880134666]",2928.038558256264,"[2927.9438390717332,2927.9354568234985,2931.4551550655888,2927.2937971499805,2928.557418275012]",2927.9438390717332,,,1024.0,37.0,256.0,754.0,,,
neoverse-v2,count/runs256/direct4/cp16/point/materialized/scan,1,5,"[20233.626086957738,20255.469565218697,20214.634782608966,20238.440579713253,20241.79999999788]",20238.440579713253,"[20232.921739109413,20254.811594180654,20213.927536235424,20257.805797048906,20241.211594249922]",20241.211594249922,,,1024.0,256.0,256.0,754.0,,,
neoverse-v2,count/runs256/direct4/cp16/point/materialized/sparse17,1,5,"[1337.4535508638917,1337.5362763917485,1337.0938579655208,1337.5725527832362,1337.088291746932]",1337.4535508638917,"[1337.4147792689573,1337.490595013512,1337.04664107136,1337.531285993038,1337.049136273784]",1337.4147792689573,,,1024.0,16.0,256.0,754.0,,,
neoverse-v2,count/runs256/direct4/cp16/point/shared/crossing15,1,5,"[164.62904366692462,164.3522823729202,164.58561256248677,164.4858059039869,164.54399698198185]",164.54399698198185,"[164.623502781769,164.34622276719136,164.5807082898728,164.48007639329012,164.5392577570933]",164.5392577570933,,,1024.0,2.0,256.0,754.0,,,
neoverse-v2,count/runs256/direct4/cp16/point/shared/last,1,5,"[95.15843921879298,95.03665843240644,95.06389976936033,95.14416344803094,95.05505588842074]",95.06389976936033,"[95.15495898779966,95.03347845660642,95.06117017639873,95.18716818374779,95.05235359153566]",95.06117017639873,,,1024.0,1.0,256.0,754.0,,,
neoverse-v2,count/runs256/direct4/cp16/point/shared/masked25,1,5,"[4665.371581054064,4663.745830554309,4666.849899933576,4661.187458305398,4665.897264842906]",4665.371581054064,"[4665.202134746068,4663.591727812326,4672.126084047308,4661.072715137351,4665.737825229367]",4665.202134746068,,,1024.0,62.0,256.0,754.0,,,
neoverse-v2,count/runs256/direct4/cp16/point/shared/range37,1,5,"[2730.2380766224874,2733.910476934926,2730.946442532939,2733.264659890396,2732.5809225953108]",2732.5809225953108,"[2730.1376075080934,2736.429241592807,2730.879984369494,2743.2842064026513,2732.512118844325]",2732.512118844325,,,1024.0,37.0,256.0,754.0,,,
neoverse-v2,count/runs256/direct4/cp16/point/shared/scan,1,5,"[18824.19137466344,18845.172506736846,18860.692722376014,18847.13746630537,18827.746630725436]",18845.172506736846,"[18823.617250717693,18946.851751996346,18860.458221013694,18846.53908358314,18827.25876009864]",18846.53908358314,,,1024.0,256.0,256.0,754.0,,,
neoverse-v2,count/runs256/direct4/cp16/point/shared/sparse17,1,5,"[1246.1304038428507,1246.2944315955863,1244.3965486569548,1247.4360434087139,1245.537093043953]",1246.1304038428507,"[1246.0896637627002,1246.2602739752497,1244.35260629494,1248.7130403819208,1246.0475004475]",1246.0896637627002,,,1024.0,16.0,256.0,754.0,,,
neoverse-v2,count/runs256/direct8/cp16/point/shared/crossing15,1,5,"[163.98765605603694,163.98374440776658,163.74752301316911,164.46513479960436,164.00808095003174]",163.98765605603694,"[163.9813318342852,164.1752746352823,163.74323659637835,164.5324994732596,164.00271707327147]",164.00271707327147,,,2048.0,2.0,256.0,754.0,,,
neoverse-v2,count/runs256/direct8/cp16/point/shared/last,1,5,"[94.57681060861277,94.67670860249532,94.59396123769247,94.74444066644239,94.63413804829126]",94.63413804829126,"[94.57360081580796,94.67321319248153,94.59071064236363,94.8356749403406,94.63196191761587]",94.63196191761587,,,2048.0,1.0,256.0,754.0,,,
neoverse-v2,count/runs256/direct8/cp16/point/shared/masked25,1,5,"[4664.930666666104,4665.357333333731,4661.23866666616,4662.619999998915,4667.504000000377]",4664.930666666104,"[4664.770666655234,4665.208000005805,4661.12266667551,4662.472666666417,4672.957999995712]",4664.770666655234,,,2048.0,62.0,256.0,754.0,,,
neoverse-v2,count/runs256/direct8/cp16/point/shared/range37,1,5,"[2731.4475633527436,2727.709551656424,2726.4495126703864,2726.4943469786253,2729.119298245415]",2727.709551656424,"[2743.3228070083105,2727.6424951331273,2726.3625731010457,2726.4042885027225,2732.0202729088496]",2727.6424951331273,,,2048.0,37.0,256.0,754.0,,,
neoverse-v2,count/runs256/direct8/cp16/point/shared/scan,1,5,"[18808.4582210252,18786.177897570185,18818.749326145717,18823.026954177683,18786.280323449882]",18808.4582210252,"[18807.846361160242,18785.673854406585,18818.234501319643,18822.450134823495,18785.797843692628]",18807.846361160242,,,2048.0,256.0,256.0,754.0,,,
neoverse-v2,count/runs256/direct8/cp16/point/shared/sparse17,1,5,"[1245.1106178975149,1243.8197798294505,1246.9412286933562,1243.804865056751,1243.2436079544038]",1243.8197798294505,"[1246.944424720448,1243.7835582377522,1246.8961292568601,1243.7743252849662,1243.2082741497086]",1243.7835582377522,,,2048.0,16.0,256.0,754.0,,,
neoverse-v2,count/runs256/series_folded_local/cp16/buffered16/shared/crossing15,1,5,"[230.58316480447363,230.79554420984553,230.2796472499463,230.41971952385342,230.21042336642415]",230.41971952385342,"[230.5760700195918,230.7887146498865,230.27149156289994,230.4114975301641,230.20372641975098]",230.4114975301641,,,512.0,2.0,256.0,754.0,,,
neoverse-v2,count/runs256/series_folded_local/cp16/buffered16/shared/last,1,5,"[137.54138909688967,137.43586660890531,137.33680870351412,137.44777090155063,137.36449998024975]",137.43586660890531,"[137.53624502305857,137.55979739031895,137.3324135753085,137.4432575189126,137.35988805220467]",137.4432575189126,,,512.0,1.0,256.0,754.0,,,
neoverse-v2,count/runs256/series_folded_local/cp16/buffered16/shared/masked25,1,5,"[5529.924483305985,5524.5015898246065,5521.449125597279,5525.134340220759,5526.10413354466]",5525.134340220759,"[5529.7130365674,5524.333068348024,5521.294912570545,5527.0206677339565,5532.259141500364]",5527.0206677339565,,,512.0,62.0,256.0,754.0,,,
neoverse-v2,count/runs256/series_folded_local/cp16/buffered16/shared/range37,1,5,"[3048.0832244010817,3047.0819172122838,3049.4030501084358,3046.209586056632,3046.291067537115]",3047.0819172122838,"[3047.98126361762,3046.990849671267,3052.159477125743,3046.1172113275125,3046.1982570765636]",3046.990849671267,,,512.0,37.0,256.0,754.0,,,
neoverse-v2,count/runs256/series_folded_local/cp16/buffered16/shared/scan,1,5,"[20918.95495495335,20895.79279278446,20884.92192192098,20890.711711709722,20874.43543544168]",20890.711711709722,"[20918.489489524054,20895.240240164854,20884.222222248736,20916.88288292321,20873.975975965543]",20895.240240164854,,,512.0,256.0,256.0,754.0,,,
neoverse-v2,count/runs256/series_folded_local/cp16/buffered16/shared/sparse17,1,5,"[1814.6267496109563,1813.0147744944663,1812.3527734581376,1811.360031104404,1812.3587350958646]",1812.3587350958646,"[1814.5598755783503,1812.9577501312383,1812.316744430096,1811.3076723686595,1812.3079315711227]",1812.316744430096,,,512.0,16.0,256.0,754.0,,,
neoverse-v2,count/runs256/series_folded_local/cp16/native16/shared/crossing15,1,5,"[193.33088296252913,193.7637971534753,193.16410114680554,193.22354566812353,193.2863893877948]",193.2863893877948,"[193.32419510877622,194.8643084152862,193.15967942473182,193.21619455615777,193.2789000961306]",193.2789000961306,,,512.0,2.0,256.0,754.0,,,
neoverse-v2,count/runs256/series_folded_local/cp16/native16/shared/last,1,5,"[123.01461732373215,122.89888663260619,122.85023807853854,123.03672711992849,123.00544429662054]",123.00544429662054,"[123.01010083297881,122.8951053851035,122.84607170360105,123.16439675083514,123.00152300245566]",123.00152300245566,,,512.0,1.0,256.0,754.0,,,
neoverse-v2,count/runs256/series_folded_local/cp16/native16/shared/masked25,1,5,"[5242.5638297876885,5244.110942250821,5254.077507598914,5243.905775076791,5244.297112462792]",5244.110942250821,"[5242.3837386170735,5243.955167178141,5278.586626124222,5243.755319150788,5244.18237082006]",5243.955167178141,,,512.0,62.0,256.0,754.0,,,
neoverse-v2,count/runs256/series_folded_local/cp16/native16/shared/range37,1,5,"[3005.9080756015273,3005.666237113384,3003.4712199312407,3002.1477663233677,3007.201030928142]",3005.666237113384,"[3005.813573892282,3005.582044665029,3003.3977663275978,3002.0665807496403,3010.411512026371]",3005.582044665029,,,512.0,37.0,256.0,754.0,,,
neoverse-v2,count/runs256/series_folded_local/cp16/native16/shared/scan,1,5,"[20724.739644970097,20712.902366861686,20720.136094671736,20730.991124262247,20713.269230776346]",20720.136094671736,"[20724.094674555083,20712.25147924438,20719.47928997826,20771.881656805388,20712.568047391487]",20719.47928997826,,,512.0,256.0,256.0,754.0,,,
neoverse-v2,count/runs256/series_folded_local/cp16/native16/shared/sparse17,1,5,"[1490.5796545104538,1489.301556834609,1488.7434420980305,1487.8065685647507,1488.3857965453226]",1488.7434420980305,"[1492.2755384898485,1489.2471742370865,1488.6995094929825,1487.763702276899,1488.348688422914]",1488.6995094929825,,,512.0,16.0,256.0,754.0,,,
neoverse-v2,count/runs256/series_folded_local/cp16/point/shared/crossing15,1,5,"[191.63528798115422,191.98512051823354,191.759979135705,191.64536320210604,191.9808927688641]",191.759979135705,"[191.62864437516944,191.9785867232481,191.75476308129447,191.63918629586757,191.97490803287423]",191.75476308129447,,,512.0,2.0,256.0,754.0,,,
neoverse-v2,count/runs256/series_folded_local/cp16/point/shared/last,1,5,"[122.91795768488443,122.88090575270671,122.95361077111855,122.9268403566697,122.80342717258536]",122.91795768488443,"[122.91444308451173,122.87677915699298,122.94992131449041,122.92339569835191,122.79947543256797]",122.91444308451173,,,512.0,1.0,256.0,754.0,,,
neoverse-v2,count/runs256/series_folded_local/cp16/point/shared/masked25,1,5,"[5718.461033635444,5714.987694831379,5719.842493846459,5714.287940935133,5713.706316651442]",5714.987694831379,"[5718.264971278866,5714.812141093029,5725.82854798903,5714.1640689248625,5713.5758818813565]",5714.812141093029,,,512.0,62.0,256.0,754.0,,,
neoverse-v2,count/runs256/series_folded_local/cp16/point/shared/range37,1,5,"[3275.8284244980327,3276.425432445241,3276.1023842917434,3274.3048153350383,3276.086956522142]",3276.086956522142,"[3279.1458625569544,3276.373539034473,3277.736792891269,3274.21178121087,3276.9060308556154]",3276.9060308556154,,,512.0,37.0,256.0,754.0,,,
neoverse-v2,count/runs256/series_folded_local/cp16/point/shared/scan,1,5,"[22646.6168831152,22631.08766234298,22667.113636373782,22635.1720779193,22634.73701298284]",22635.1720779193,"[22646.045454554165,22630.418831164952,22749.60389609919,22634.727272745367,22634.146103877647]",22634.727272745367,,,512.0,256.0,256.0,754.0,,,
neoverse-v2,count/runs256/series_folded_local/cp16/point/shared/sparse17,1,5,"[1483.071110167525,1481.8038632984667,1483.0263213754013,1484.4706007219597,1482.5514752704662]",1483.0263213754013,"[1483.0201655663138,1481.7550413927752,1482.9823816577148,1486.3716832973612,1482.5079600949]",1482.9823816577148,,,512.0,16.0,256.0,754.0,,,
neoverse-v2,count/runs256/series_folded_local/cp64/buffered16/shared/crossing15,1,5,"[230.53008823239207,230.76762169122958,230.65833911629608,230.72608307725704,230.82198208913795]",230.72608307725704,"[230.52195895747124,230.7597237370525,230.649648061554,230.96583060660708,230.8128283932606]",230.7597237370525,,,464.0,2.0,256.0,754.0,,,
neoverse-v2,count/runs256/series_folded_local/cp64/buffered16/shared/last,1,5,"[216.94010973683314,216.90349979846573,216.89646300250126,216.94916147431078,216.95824421089202]",216.94010973683314,"[216.9322049664086,216.8975169718031,216.8891782145891,216.94224867465053,217.16410924065906]",216.9322049664086,,,464.0,1.0,256.0,754.0,,,
neoverse-v2,count/runs256/series_folded_local/cp64/buffered16/shared/masked25,1,5,"[5520.746805112853,5512.1198083061845,5514.046325878564,5519.098242812337,5515.587060702632]",5515.587060702632,"[5526.428913743819,5511.988817897038,5513.9193290941585,5518.948881786127,5515.437699670747]",5515.437699670747,,,464.0,62.0,256.0,754.0,,,
neoverse-v2,count/runs256/series_folded_local/cp64/buffered16/shared/range37,1,5,"[3047.421282162812,3046.111208024189,3046.0981247261157,3045.1818578269645,3046.2180549491586]",3046.111208024189,"[3047.309638033197,3046.00610554516,3046.0004361144456,3045.0832969892253,3046.106846920183]",3046.00610554516,,,464.0,37.0,256.0,754.0,,,
neoverse-v2,count/runs256/series_folded_local/cp64/buffered16/shared/scan,1,5,"[20881.11641791059,20899.87462686953,20838.408955232502,20834.579104476896,20827.152238805855]",20838.408955232502,"[20887.594029803568,20921.25970149475,20837.95223882983,20833.98507469366,20826.462686520597]",20837.95223882983,,,464.0,256.0,256.0,754.0,,,
neoverse-v2,count/runs256/series_folded_local/cp64/buffered16/shared/sparse17,1,5,"[1802.0645908390495,1802.671899125171,1803.6551724138894,1800.7792074119727,1803.1878538341048]",1802.671899125171,"[1802.0110653640384,1803.528564075848,1805.4948533183294,1800.724652600798,1803.1302110135257]",1803.1302110135257,,,464.0,16.0,256.0,754.0,,,
neoverse-v2,count/runs256/series_folded_local/cp64/native16/shared/crossing15,1,5,"[193.38054565060781,193.10758216552233,193.2091936866164,193.251071122486,193.44694142692398]",193.251071122486,"[193.37283356839492,193.10194322328482,193.20228321855876,193.24382895262542,193.6379191197277]",193.24382895262542,,,464.0,2.0,256.0,754.0,,,
neoverse-v2,count/runs256/series_folded_local/cp64/native16/shared/last,1,5,"[201.51140393878737,201.6293359476943,201.60079005790584,201.60546120356904,201.59427352154924]",201.60079005790584,"[201.5045413917206,201.62137770002815,201.5934373288545,201.59833914808547,201.5870937976993]",201.5934373288545,,,464.0,1.0,256.0,754.0,,,
neoverse-v2,count/runs256/series_folded_local/cp64/native16/shared/masked25,1,5,"[5243.092814370047,5242.922155686588,5246.963323353224,5239.925898203613,5244.800149699716]",5243.092814370047,"[5242.90494011896,5242.750748494755,5252.084580852469,5239.776197611039,5244.607784419656]",5242.90494011896,,,464.0,62.0,256.0,754.0,,,
neoverse-v2,count/runs256/series_folded_local/cp64/native16/shared/range37,1,5,"[3007.023595024625,3004.9081939079438,3004.73788073878,3004.4757614747864,3014.5053625066457]",3004.9081939079438,"[3011.6520806458993,3004.8339768352066,3004.615186613555,3004.3839553769085,3016.7910767818216]",3004.8339768352066,,,464.0,37.0,256.0,754.0,,,
neoverse-v2,count/runs256/series_folded_local/cp64/native16/shared/scan,1,5,"[20690.822485206896,20689.612426029777,20709.730769239417,20705.55325443722,20723.80177514359]",20705.55325443722,"[20690.278106505673,20688.958579874386,20729.66272186956,20705.065088695334,20805.71301776594]",20705.065088695334,,,464.0,256.0,256.0,754.0,,,
neoverse-v2,count/runs256/series_folded_local/cp64/native16/shared/sparse17,1,5,"[1488.8155028828971,1488.0226350627645,1487.9141575911865,1489.8445440952116,1488.6679478967067]",1488.6679478967067,"[1488.7661755275901,1487.9711723262556,1487.872517617159,1491.6957078805488,1488.616912235376]",1488.616912235376,,,464.0,16.0,256.0,754.0,,,
neoverse-v2,count/runs256/series_folded_local/cp64/point/shared/crossing15,1,5,"[213.74266682958023,214.0114886336378,214.1602603275346,214.07641774626882,213.8433145930409]",214.0114886336378,"[213.73655585463138,214.00513321900493,214.38829137105125,214.0707345399528,213.83598142227726]",214.00513321900493,,,464.0,2.0,256.0,754.0,,,
neoverse-v2,count/runs256/series_folded_local/cp64/point/shared/last,1,5,"[194.63756200884913,194.99785407730408,194.96873083999293,195.0299035728514,195.4434814112837]",194.99785407730408,"[194.63098489492674,194.99094253393406,194.96357505114875,195.02349367409838,195.6141798116599]",194.99094253393406,,,464.0,1.0,256.0,754.0,,,
neoverse-v2,count/runs256/series_folded_local/cp64/point/shared/masked25,1,5,"[8113.686046510331,8098.61860465076,8109.854651162575,8086.919767444291,8098.981395349535]",8098.981395349535,"[8121.137209314405,8098.448837227902,8116.702325565278,8086.76162792111,8098.730232542187]",8098.730232542187,,,464.0,62.0,256.0,754.0,,,
neoverse-v2,count/runs256/series_folded_local/cp64/point/shared/range37,1,5,"[4111.3105882343225,4110.915882352749,4100.056470588159,4114.194117646431,4104.288235293087]",4110.915882352749,"[4111.191764713888,4110.77941176994,4099.942352929568,4134.9423529415135,4106.592352938525]",4110.77941176994,,,464.0,37.0,256.0,754.0,,,
neoverse-v2,count/runs256/series_folded_local/cp64/point/shared/scan,1,5,"[32584.306976751355,32548.213953500082,32546.711627910052,32554.962790705962,32531.5953488454]",32548.213953500082,"[32624.5534883879,32547.376744211106,32545.744186019114,32554.065116163507,32531.069767406567]",32547.376744211106,,,464.0,256.0,256.0,754.0,,,
neoverse-v2,count/runs256/series_folded_local/cp64/point/shared/sparse17,1,5,"[2066.313203079545,2071.4911190054495,2066.0518058024563,2071.736234457627,2071.5370041441747]",2071.4911190054495,"[2066.235346355254,2074.200710477767,2065.9952634639853,2071.661042036164,2071.472468916148]",2071.472468916148,,,464.0,16.0,256.0,754.0,,,
neoverse-v2,count/runs256/series_folded_scan/cp16/buffered16/shared/crossing15,1,5,"[216.06351163857306,215.94388777564154,215.8841683366421,215.9771234777172,215.67769384920908]",215.94388777564154,"[216.05617388674287,216.22525050104193,215.87707723142503,215.96947741627878,215.67152767139288]",215.96947741627878,,,512.0,2.0,256.0,754.0,,,
neoverse-v2,count/runs256/series_folded_scan/cp16/buffered16/shared/last,1,5,"[130.59304672899268,130.5047663551612,130.54557009346834,130.59106542055034,130.53254205606973]",130.54557009346834,"[130.5882616821334,130.50001869181463,130.67945794412302,130.58785046727894,130.5278878502764]",130.58785046727894,,,512.0,1.0,256.0,754.0,,,
neoverse-v2,count/runs256/series_folded_scan/cp16/buffered16/shared/masked25,1,5,"[5398.5489591366795,5396.216653815477,5399.411719352728,5407.828835775927,5409.060909790743]",5399.411719352728,"[5398.374710862513,5396.026214340442,5399.208172714433,5429.296838850293,5414.990747873483]",5399.208172714433,,,512.0,62.0,256.0,754.0,,,
neoverse-v2,count/runs256/series_folded_scan/cp16/buffered16/shared/range37,1,5,"[3026.1974025966824,3025.361904761264,3025.165367965383,3026.5554112550917,3027.2727272733155]",3026.1974025966824,"[3026.113419916517,3025.288311681582,3025.076623369296,3029.7069264012953,3027.212121210771]",3026.113419916517,,,512.0,37.0,256.0,754.0,,,
neoverse-v2,count/runs256/series_folded_scan/cp16/buffered16/shared/scan,1,5,"[20744.195266273455,20712.068047339606,20710.195266277227,20715.417159758952,20705.159763311938]",20712.068047339606,"[20752.91420122289,20711.390532522182,20709.733727735456,20714.822485216602,20704.43786983466]",20711.390532522182,,,512.0,256.0,256.0,754.0,,,
neoverse-v2,count/runs256/series_folded_scan/cp16/buffered16/shared/sparse17,1,5,"[1688.539594398897,1687.092708836733,1691.6661033322916,1688.7402221152793,1687.2414292610877]",1688.539594398897,"[1688.4915499719375,1687.0398358267228,1698.2617093173715,1688.7090777414348,1687.2011105694114]",1688.4915499719375,,,512.0,16.0,256.0,754.0,,,
neoverse-v2,count/runs256/series_folded_scan/cp16/native16/shared/crossing15,1,5,"[180.76196020601336,180.90305053167341,181.31473000596714,180.8842919609577,180.88077311190492]",180.8842919609577,"[180.7560609582716,180.89686667203011,181.48661026175847,180.87883256976124,180.87466687329658]",180.87883256976124,,,512.0,2.0,256.0,754.0,,,
neoverse-v2,count/runs256/series_folded_scan/cp16/native16/shared/last,1,5,"[109.03620523055503,109.0617811164948,109.00000000003915,108.94442193202106,109.11661107820595]",109.03620523055503,"[109.03218415911367,109.0578847292903,108.99602568491667,108.94054113003467,109.2157507559601]",109.03218415911367,,,512.0,1.0,256.0,754.0,,,
neoverse-v2,count/runs256/series_folded_scan/cp16/native16/shared/masked25,1,5,"[5150.287500001755,5138.737499999588,5142.973529411797,5139.7220588236,5139.63308823584]",5139.7220588236,"[5155.483823524859,5138.6235294071475,5142.8080882399245,5139.543382359127,5139.484558824847]",5139.543382359127,,,512.0,62.0,256.0,754.0,,,
neoverse-v2,count/runs256/series_folded_scan/cp16/native16/shared/range37,1,5,"[2974.9579439244244,2976.2548853009594,2975.440951571708,2976.247238742788,2974.389549703091]",2975.440951571708,"[2974.858113853282,2976.1503823216694,2975.3513168998907,2976.1627017804426,2974.2977909959727]",2975.3513168998907,,,512.0,37.0,256.0,754.0,,,
neoverse-v2,count/runs256/series_folded_scan/cp16/native16/shared/scan,1,5,"[20526.51319648842,20484.4750733228,20476.941348973975,20459.193548377596,20455.34897360241]",20476.941348973975,"[20545.60997066801,20484.096774181686,20495.384164280196,20458.712609942217,20454.592375403525]",20484.096774181686,,,512.0,256.0,256.0,754.0,,,
neoverse-v2,count/runs256/series_folded_scan/cp16/native16/shared/sparse17,1,5,"[1404.4508775470626,1406.7875731288962,1404.3669558197184,1404.2021383898018,1404.4960661693685]",1404.4508775470626,"[1404.4006455470314,1408.7772846463138,1404.3264070959467,1404.158563651292,1404.4532983663069]",1404.4006455470314,,,512.0,16.0,256.0,754.0,,,
neoverse-v2,count/runs256/series_folded_scan/cp16/point/shared/crossing15,1,5,"[187.57955827822724,187.4440593260645,187.37049277236423,187.61929711431677,187.79098823150085]",187.57955827822724,"[187.57284109828953,187.43798699582845,187.36538771543977,187.61368155215803,187.78513085065626]",187.57284109828953,,,512.0,2.0,256.0,754.0,,,
neoverse-v2,count/runs256/series_folded_scan/cp16/point/shared/last,1,5,"[117.51443600427702,116.9541879537618,117.10864815806124,117.11041274534247,117.06757528907495]",117.10864815806124,"[118.11429483689602,116.95183517068037,117.10478287197118,117.14496504428088,117.06317222360933]",117.10478287197118,,,512.0,1.0,256.0,754.0,,,
neoverse-v2,count/runs256/series_folded_scan/cp16/point/shared/masked25,1,5,"[5609.123387095849,5606.275806450016,5601.634677420537,5611.645161288899,5604.674193548931]",5606.275806450016,"[5608.936290323366,5606.110483890073,5601.450000003091,5617.310483854094,5604.5572580525195]",5606.110483890073,,,512.0,62.0,256.0,754.0,,,
neoverse-v2,count/runs256/series_folded_scan/cp16/point/shared/range37,1,5,"[3175.9836586478905,3174.5755787564403,3179.0004539250895,3175.1039491606102,3169.5320018162793]",3175.1039491606102,"[3175.8860644581378,3174.480254204033,3182.0562868846405,3175.0263277449853,3169.418520207038]",3175.0263277449853,,,512.0,37.0,256.0,754.0,,,
neoverse-v2,count/runs256/series_folded_scan/cp16/point/shared/scan,1,5,"[22176.756329117812,22172.531645572482,22182.816455695585,22206.71202532548,22172.462025313554]",22176.756329117812,"[22175.92405065788,22171.88607595503,22182.164557008655,22235.177215215623,22171.617088579755]",22175.92405065788,,,512.0,256.0,256.0,754.0,,,
neoverse-v2,count/runs256/series_folded_scan/cp16/point/shared/sparse17,1,5,"[1456.8559516367843,1457.3074838440027,1455.667917448953,1455.5503439654258,1458.1446737547558]",1456.8559516367843,"[1456.8007087802391,1457.259954137707,1455.6312278512146,1455.5088597069218,1459.5203252055676]",1456.8007087802391,,,512.0,16.0,256.0,754.0,,,
neoverse-v2,count/runs256/series_folded_scan/cp64/buffered16/shared/crossing15,1,5,"[216.39072519441586,216.6284501719263,216.4197205786755,216.26585297857463,216.15848331832365]",216.39072519441586,"[216.38273287739287,216.62110839220486,216.41275053435058,216.25776772761995,216.15011926480358]",216.38273287739287,,,464.0,2.0,256.0,754.0,,,
neoverse-v2,count/runs256/series_folded_scan/cp64/buffered16/shared/last,1,5,"[210.3241354379336,210.04440294012096,209.50650680807243,209.72680443421913,209.66758043135005]",209.72680443421913,"[210.31735751317774,210.03816724887898,209.49397517736077,209.91667670753677,209.6602000244246]",209.91667670753677,,,464.0,1.0,256.0,754.0,,,
neoverse-v2,count/runs256/series_folded_scan/cp64/buffered16/shared/masked25,1,5,"[5395.827721223207,5393.361785432483,5402.054815977082,5398.9318715737,5398.664056381942]",5398.664056381942,"[5395.678935004326,5393.32811276494,5411.105716520174,5398.779169927714,5398.498042297708]",5398.498042297708,,,464.0,62.0,256.0,754.0,,,
neoverse-v2,count/runs256/series_folded_scan/cp64/buffered16/shared/range37,1,5,"[3051.734402078546,3029.651646447521,3027.7266031207737,3025.5636915070486,3027.7053726164177]",3027.7266031207737,"[3139.6759098898433,3029.5862218351344,3027.6685441904933,3025.4181109226806,3027.611785100864]",3027.6685441904933,,,464.0,37.0,256.0,754.0,,,
neoverse-v2,count/runs256/series_folded_scan/cp64/buffered16/shared/scan,1,5,"[20753.237388723708,20755.216617205442,20851.459940661985,20749.522255190885,20748.121661729692]",20753.237388723708,"[20752.557863508184,20754.442136481906,20886.362017791493,20748.928783394942,20747.468842747832]",20752.557863508184,,,464.0,256.0,256.0,754.0,,,
neoverse-v2,count/runs256/series_folded_scan/cp64/buffered16/shared/sparse17,1,5,"[1693.1263922512535,1691.8682808719589,1691.6401937049413,1689.271670702678,1687.047215496902]",1691.6401937049413,"[1693.0682808749023,1691.8246973401256,1691.5869249388415,1691.1077481858974,1687.5687651312674]",1691.5869249388415,,,464.0,16.0,256.0,754.0,,,
neoverse-v2,count/runs256/series_folded_scan/cp64/native16/shared/crossing15,1,5,"[181.35139628520895,181.223197817974,181.87073645922064,181.4735420183755,181.4467593193226]",181.4467593193226,"[181.34331731407613,181.21732692544145,182.91835303291356,181.46816469666194,181.43919989594917]",181.43919989594917,,,464.0,2.0,256.0,754.0,,,
neoverse-v2,count/runs256/series_folded_scan/cp64/native16/shared/last,1,5,"[180.6761963952367,181.11036875906692,181.0959446861463,180.78581417030594,181.17319245904162]",181.0959446861463,"[180.90516884206798,181.1063289826581,181.09151646958853,180.77877045736437,181.16736585855463]",181.09151646958853,,,464.0,1.0,256.0,754.0,,,
neoverse-v2,count/runs256/series_folded_scan/cp64/native16/shared/masked25,1,5,"[5149.008136096812,5146.207100590709,5143.755917158281,5152.626479291898,5147.107988165636]",5147.107988165636,"[5148.807692301129,5146.03920117116,5143.539201185041,5157.579881671819,5147.008136094251]",5147.008136094251,,,464.0,62.0,256.0,754.0,,,
neoverse-v2,count/runs256/series_folded_scan/cp64/native16/shared/range37,1,5,"[2977.1316013622836,2975.540885861263,2982.7453151612267,2973.5988074948827,2973.31942078388]",2975.540885861263,"[2977.056218063211,2975.458262357162,2985.57155025424,2973.546422497161,2973.200170349632]",2975.458262357162,,,464.0,37.0,256.0,754.0,,,
neoverse-v2,count/runs256/series_folded_scan/cp64/native16/shared/scan,1,5,"[20512.202346041748,20483.706744865573,20456.598240463758,20486.69794721948,20452.67155424483]",20483.706744865573,"[20511.51026397723,20483.085043923948,20455.920821104963,20510.196480960672,20452.196480975086]",20483.085043923948,,,464.0,256.0,256.0,754.0,,,
neoverse-v2,count/runs256/series_folded_scan/cp64/native16/shared/sparse17,1,5,"[1410.4782520737592,1405.6301840987692,1405.1446489987036,1405.2977948612738,1404.200283229133]",1405.2977948612738,"[1422.4794659162321,1405.6188549490887,1405.0956908742112,1405.2662350800283,1404.1553712272164]",1405.2662350800283,,,464.0,16.0,256.0,754.0,,,
neoverse-v2,count/runs256/series_folded_scan/cp64/point/shared/crossing15,1,5,"[204.32425258857901,203.94490301880657,204.22327548492794,204.38602887561888,204.01913373197453]",204.22327548492794,"[204.32127752666327,203.94210295982583,204.21735452806232,204.3803704237257,204.2284380919768]",204.2284380919768,,,464.0,2.0,256.0,754.0,,,
neoverse-v2,count/runs256/series_folded_scan/cp64/point/shared/last,1,5,"[182.86590659484915,182.75037916428542,182.7383766539853,182.87602635846105,182.74912399979564]",182.75037916428542,"[182.86002301114644,182.744861669974,182.73312065303847,182.87082265575978,182.74250823693885]",182.744861669974,,,464.0,1.0,256.0,754.0,,,
neoverse-v2,count/runs256/series_folded_scan/cp64/point/shared/masked25,1,5,"[7627.507057546549,7622.809989139748,7600.932681867913,7601.655808905713,7604.517915309443]",7604.517915309443,"[7627.345276871553,7630.539630844348,7600.714440830655,7601.441910962563,7604.309446259965]",7604.309446259965,,,464.0,62.0,256.0,754.0,,,
neoverse-v2,count/runs256/series_folded_scan/cp64/point/shared/range37,1,5,"[3792.8209036461963,3787.8840500821266,3784.0664126291235,3787.1388132832235,3785.3707131186684]",3787.1388132832235,"[3792.7114861124323,3787.7490473684666,3783.957539468954,3787.035928159105,3785.2504082812643]",3787.035928159105,,,464.0,37.0,256.0,754.0,,,
neoverse-v2,count/runs256/series_folded_scan/cp64/point/shared/scan,1,5,"[31509.684684675958,31492.486486495065,31385.135135127202,31338.504504511115,31281.806306294624]",31385.135135127202,"[31525.351351438647,31527.72522517287,31384.50450452441,31337.463963948492,31280.94144155024]",31384.50450452441,,,464.0,256.0,256.0,754.0,,,
neoverse-v2,count/runs256/series_folded_scan/cp64/point/shared/sparse17,1,5,"[1962.9088359050993,1963.2920056103833,1964.3761570830472,1963.716970547552,1962.2535764376564]",1963.2920056103833,"[1962.839551198843,1963.2305750362448,1966.406451615761,1963.665638148974,1962.6075736369833]",1963.2305750362448,,,464.0,16.0,256.0,754.0,,,
neoverse-v2,count/runs256/series_local/cp16/buffered16/shared/crossing15,1,5,"[228.29141003796752,228.28210588378778,228.40325645396186,228.22077709349105,228.52637269042668]",228.29141003796752,"[228.28318700025935,228.27371904111797,228.39441095495513,228.21242301099878,228.74397195689076]",228.28318700025935,,,544.0,2.0,256.0,754.0,,,
neoverse-v2,count/runs256/series_local/cp16/buffered16/shared/last,1,5,"[136.31824094749035,135.74839335990904,136.4586544996022,135.96400349482175,136.08218619551403]",136.08218619551403,"[136.3138918552922,135.74398602031314,136.45339287435783,135.95911076617645,136.0772740510005]",136.0772740510005,,,544.0,1.0,256.0,754.0,,,
neoverse-v2,count/runs256/series_local/cp16/buffered16/shared/masked25,1,5,"[5529.11593059854,5526.032334386659,5535.980283910033,5523.600157728199,5524.8217665612165]",5526.032334386659,"[5528.906940061782,5525.884858039367,5542.992113552005,5523.514195589984,5524.629337520411]",5525.884858039367,,,544.0,62.0,256.0,754.0,,,
neoverse-v2,count/runs256/series_local/cp16/buffered16/shared/range37,1,5,"[3043.0639686691406,3041.7175805038855,3044.3163620547343,3041.3659704084316,3040.620539599195]",3041.7175805038855,"[3046.0378590134505,3041.6479547443228,3045.8054830305714,3041.2898172362775,3040.532201903851]",3041.6479547443228,,,544.0,37.0,256.0,754.0,,,
neoverse-v2,count/runs256/series_local/cp16/buffered16/shared/scan,1,5,"[20858.528358206655,20843.146268654313,20856.077611936722,20855.07462686395,20880.29850745879]",20856.077611936722,"[20858.02388062721,20842.531343240902,20876.170149290032,20854.510447702185,21007.28059697609]",20858.02388062721,,,544.0,256.0,256.0,754.0,,,
neoverse-v2,count/runs256/series_local/cp16/buffered16/shared/sparse17,1,5,"[1796.3931052222695,1794.76845896545,1795.8888603036314,1797.8700797533993,1795.8739387699945]",1795.8888603036314,"[1796.3336763564735,1794.7128891181244,1795.8371494729477,1800.1973244138815,1795.8232570042612]",1795.8371494729477,,,544.0,16.0,256.0,754.0,,,
neoverse-v2,count/runs256/series_local/cp16/native16/cps/crossing15,1,5,"[205.22709105236066,204.66954517610856,204.7349242933207,204.5633806926616,204.94655308219478]",204.7349242933207,"[205.96149021196706,204.66009277356636,204.7293228695766,204.5575167023674,205.1554978553262]",204.7293228695766,,,544.0,2.0,256.0,754.0,,,
neoverse-v2,count/runs256/series_local/cp16/native16/cps/last,1,5,"[121.69290843336408,122.0286353232836,121.78229117530596,121.7005608260596,122.08083931717808]",121.78229117530596,"[121.68791166568427,122.02426751918972,121.77811555423344,121.69614060837493,122.07586002065382]",121.77811555423344,,,544.0,1.0,256.0,754.0,,,
neoverse-v2,count/runs256/series_local/cp16/native16/cps/masked25,1,5,"[5551.010425021191,5556.973536489224,5558.997594224328,5553.440256615786,5555.055332798353]",5555.055332798353,"[5550.816359267258,5556.810745786627,5564.706495572776,5553.284683238207,5554.889334388467]",5554.889334388467,,,544.0,62.0,256.0,754.0,,,
neoverse-v2,count/runs256/series_local/cp16/native16/cps/range37,1,5,"[3123.0798750557365,3121.391789379534,3120.904060686265,3119.136099955602,3120.1262829091315]",3120.904060686265,"[3126.4569388732784,3121.3136992442537,3120.8157072795675,3119.025881302022,3120.0200803201406]",3120.8157072795675,,,544.0,37.0,256.0,754.0,,,
neoverse-v2,count/runs256/series_local/cp16/native16/cps/scan,1,5,"[21445.746177365214,21442.681957188943,21459.406727824295,21428.11314983917,21440.140672781432]",21442.681957188943,"[21445.119266052683,21441.908256851708,21479.519877705872,21427.516819547192,21439.56574929511]",21441.908256851708,,,544.0,256.0,256.0,754.0,,,
neoverse-v2,count/runs256/series_local/cp16/native16/cps/sparse17,1,5,"[1587.5140525840022,1586.806210335804,1586.2350407984297,1586.6715775155496,1586.3760199457945]",1586.6715775155496,"[1587.477107886273,1586.748640076979,1586.1885766035928,1588.1797370763204,1586.3261559400526]",1586.748640076979,,,544.0,16.0,256.0,754.0,,,
neoverse-v2,count/runs256/series_local/cp16/native16/inline/crossing15,1,5,"[206.38312570116088,206.40931097596706,206.36747948278634,206.02594910546026,206.2269587294211]",206.36747948278634,"[206.37660152330997,206.40175355730182,206.35989254263734,206.01812599658763,206.2214087501511]",206.35989254263734,,,544.0,2.0,256.0,754.0,,,
neoverse-v2,count/runs256/series_local/cp16/native16/inline/last,1,5,"[121.72374632042272,122.29144240647959,121.98913100279054,121.8911532632709,121.93894898191748]",121.93894898191748,"[121.71892146123294,123.03744926930436,121.98569960483756,121.88686837052,121.9343157235325]",121.9343157235325,,,544.0,1.0,256.0,754.0,,,
neoverse-v2,count/runs256/series_local/cp16/native16/inline/masked25,1,5,"[5620.048859936429,5621.778501628696,5620.02605863161,5620.737785014108,5626.879478827059]",5620.737785014108,"[5619.864820841933,5621.606677544963,5619.894951140478,5620.575732897902,5632.0985342226595]",5620.575732897902,,,544.0,62.0,256.0,754.0,,,
neoverse-v2,count/runs256/series_local/cp16/native16/inline/range37,1,5,"[3244.50279329594,3239.347765363173,3242.096834263689,3238.253724395277,3240.4278398511206]",3240.4278398511206,"[3244.393389198324,3239.2476722483293,3245.215549345859,3238.174581009453,3240.3123836214]",3240.3123836214,,,544.0,37.0,256.0,754.0,,,
neoverse-v2,count/runs256/series_local/cp16/native16/inline/scan,1,5,"[22546.339743588742,22439.419871794904,22436.891025636785,22460.43589743261,22426.51923076084]",22439.419871794904,"[22561.82692305923,22438.756410281258,22436.301282077955,22487.0416666443,22426.057692261118]",22438.756410281258,,,544.0,256.0,256.0,754.0,,,
neoverse-v2,count/runs256/series_local/cp16/native16/inline/sparse17,1,5,"[1596.3868613137643,1595.9169708028348,1595.9997718980933,1595.745209854305,1595.3768248173126]",1595.9169708028348,"[1596.3248175194935,1595.8697536529369,1595.9397810237003,1595.705063869634,1595.3312043796336]",1595.8697536529369,,,544.0,16.0,256.0,754.0,,,
neoverse-v2,count/runs256/series_local/cp16/native16/materialized/crossing15,1,5,"[206.96699259261734,206.57567407403755,207.02601481488088,207.15250370370896,207.0426370370047]",207.02601481488088,"[206.9613333333109,206.5695111106699,207.018933333024,207.3407407410573,207.03555555546365]",207.018933333024,,,544.0,2.0,256.0,754.0,,,
neoverse-v2,count/runs256/series_local/cp16/native16/materialized/last,1,5,"[122.60002431145328,122.54396902022569,122.524710867213,122.61362136630753,122.42647518494466]",122.54396902022569,"[122.59510992225609,122.53957559096543,122.52017851559492,122.6095926093548,122.53361928244958]",122.53957559096543,,,544.0,1.0,256.0,754.0,,,
neoverse-v2,count/runs256/series_local/cp16/native16/materialized/masked25,1,5,"[5625.8235765841155,5620.336006414661,5621.034482758696,5616.7321571746015,5617.924619084981]",5620.336006414661,"[5631.110665599306,5620.234162005251,5620.857257408912,5616.565356857124,5619.935846033664]",5620.234162005251,,,544.0,62.0,256.0,754.0,,,
neoverse-v2,count/runs256/series_local/cp16/native16/materialized/range37,1,5,"[3238.791936977885,3240.901297498552,3240.083873956455,3240.9958294721923,3239.3688600548003]",3240.083873956455,"[3238.7108433709245,3242.024096390412,3239.9647822180277,3240.8943466241176,3239.2743280729287]",3239.9647822180277,,,544.0,37.0,256.0,754.0,,,
neoverse-v2,count/runs256/series_local/cp16/native16/materialized/scan,1,5,"[22436.089743598914,22421.169871787966,22428.71153846374,22423.733974359257,22415.04166666512]",22423.733974359257,"[22456.458333353934,22427.67948719878,22446.73076927775,22423.080128219637,22414.48717946253]",22427.67948719878,,,544.0,256.0,256.0,754.0,,,
neoverse-v2,count/runs256/series_local/cp16/native16/materialized/sparse17,1,5,"[1602.9354319851973,1603.468520220517,1603.556985294019,1601.7984834555932,1602.1895680141217]",1602.9354319851973,"[1602.8699448506914,1605.1289062542462,1603.515625000561,1601.751148899384,1602.1502757355404]",1602.8699448506914,,,544.0,16.0,256.0,754.0,,,
neoverse-v2,count/runs256/series_local/cp16/native16/shared/crossing15,1,5,"[191.47936551727022,192.6620965517047,191.84110344824524,192.82435862066905,192.2750068965523]",192.2750068965523,"[191.56270344755566,192.88995862051047,191.83613793098505,192.81839999997638,192.26750344873363]",192.26750344873363,,,544.0,2.0,256.0,754.0,,,
neoverse-v2,count/runs256/series_local/cp16/native16/shared/last,1,5,"[120.91745982480681,120.86705979721411,120.63216428716237,120.81012483618835,120.84648941306293]",120.84648941306293,"[120.91289054440128,120.86273191248063,120.62802607112634,120.91642527030776,120.84181667711559]",120.86273191248063,,,544.0,1.0,256.0,754.0,,,
neoverse-v2,count/runs256/series_local/cp16/native16/shared/masked25,1,5,"[5197.558605342144,5194.76409495446,5197.4020771498235,5196.761127597241,5207.606083088086]",5197.4020771498235,"[5197.350890204604,5194.632047468425,5197.277448085749,5196.635756666987,5231.925074189887]",5197.277448085749,,,544.0,62.0,256.0,754.0,,,
neoverse-v2,count/runs256/series_local/cp16/native16/shared/range37,1,5,"[2977.8625693552654,2976.5813060177934,2977.140418266302,2975.6402048648893,2977.9257362360113]",2977.140418266302,"[2977.775501493927,2976.4839948777585,2977.046521560081,2975.538198896367,2980.7341015754087]",2977.046521560081,,,544.0,37.0,256.0,754.0,,,
neoverse-v2,count/runs256/series_local/cp16/native16/shared/scan,1,5,"[20531.598820056603,20568.466076704986,20544.595870210516,20532.899705015192,20528.731563423236]",20532.899705015192,"[20530.96460175696,20657.725663754063,20544.123893801727,20532.241887883058,20527.982300887248]",20532.241887883058,,,544.0,256.0,256.0,754.0,,,
neoverse-v2,count/runs256/series_local/cp16/native16/shared/sparse17,1,5,"[1493.0338586032742,1489.9793441228185,1491.998509369708,1490.7216780241522,1489.9065161841736]",1490.7216780241522,"[1494.7804514512893,1489.9265332193354,1498.298126064744,1490.6669505973216,1489.8660562217065]",1490.6669505973216,,,544.0,16.0,256.0,754.0,,,
neoverse-v2,count/runs256/series_local/cp16/point/shared/crossing15,1,5,"[189.65133112835264,189.61934067131858,189.64162554906383,189.7239603101938,189.8200130130695]",189.65133112835264,"[189.6469392178757,189.6126443632224,189.63506479472625,189.9186412185776,189.88261128891276]",189.6469392178757,,,544.0,2.0,256.0,754.0,,,
neoverse-v2,count/runs256/series_local/cp16/point/shared/last,1,5,"[123.11181168553678,122.86869482975985,123.06406753542778,122.8610410536524,123.14282962032074]",123.06406753542778,"[123.10752066710647,122.86513941414947,123.05974148771101,122.8565048340125,123.25979052792465]",123.05974148771101,,,544.0,1.0,256.0,754.0,,,
neoverse-v2,count/runs256/series_local/cp16/point/shared/masked25,1,5,"[5709.834146339438,5698.386991868141,5704.878048778543,5700.342276423907,5704.2146341472735]",5704.2146341472735,"[5715.551219509507,5698.282113830902,5704.69918700401,5700.18536583893,5704.042276426766]",5704.042276426766,,,544.0,62.0,256.0,754.0,,,
neoverse-v2,count/runs256/series_local/cp16/point/shared/range37,1,5,"[3295.095664468468,3294.468426014183,3291.348727614477,3290.650329877306,3288.0697455237064]",3291.348727614477,"[3295.015080109092,3294.3661639971274,3291.173892548793,3290.5461828493058,3287.9740810566786]",3291.173892548793,,,544.0,37.0,256.0,754.0,,,
neoverse-v2,count/runs256/series_local/cp16/point/shared/scan,1,5,"[22739.59740259526,22698.99675324192,22701.06818182325,22696.81168831062,22689.92532466968]",22698.99675324192,"[22765.055194821645,22698.35389604587,22700.490259789793,22696.175324679276,22689.366883145776]",22698.35389604587,,,544.0,256.0,256.0,754.0,,,
neoverse-v2,count/runs256/series_local/cp16/point/shared/sparse17,1,5,"[1487.2951935342765,1487.6144193955797,1486.9861760950105,1486.5754997870777,1486.0450871966275]",1486.9861760950105,"[1487.2441514225795,1489.0287111831897,1486.9419396022863,1486.541471714124,1485.992981707556]",1486.9419396022863,,,544.0,16.0,256.0,754.0,,,
neoverse-v2,count/runs256/series_local/cp64/buffered16/shared/crossing15,1,5,"[228.35809772835256,228.17574767116164,228.956528844595,228.37695701913717,228.38722013406158]",228.37695701913717,"[228.46435692157846,228.1678378821388,229.78519365915997,228.37195620240928,228.3800294170742]",228.3800294170742,,,496.0,2.0,256.0,754.0,,,
neoverse-v2,count/runs256/series_local/cp64/buffered16/shared/last,1,5,"[217.69371165162974,217.84181019708956,217.44093188397602,217.5518111314822,217.568598747951]",217.568598747951,"[217.68626779208327,218.1071728902983,217.43448469179475,217.54452300067553,217.56087457567693]",217.56087457567693,,,496.0,1.0,256.0,754.0,,,
neoverse-v2,count/runs256/series_local/cp64/buffered16/shared/masked25,1,5,"[5528.865079365608,5523.550000000617,5524.289682542289,5523.8444444440465,5529.946825396631]",5524.289682542289,"[5528.6563492149835,5523.360317467796,5524.118253967955,5523.647619039394,5535.627777776751]",5524.118253967955,,,496.0,62.0,256.0,754.0,,,
neoverse-v2,count/runs256/series_local/cp64/buffered16/shared/range37,1,5,"[3045.3076252719948,3045.9342047919026,3049.896732026246,3043.812636165387,3043.1145969507697]",3045.3076252719948,"[3045.2056644916292,3045.833986924879,3052.6344226647525,3043.728976026198,3043.003485836657]",3045.2056644916292,,,496.0,37.0,256.0,754.0,,,
neoverse-v2,count/runs256/series_local/cp64/buffered16/shared/scan,1,5,"[20855.841791042898,20860.101492537913,20865.259701495725,20855.456716415985,20874.52238806572]",20860.101492537913,"[20855.137313446903,20859.44776118296,20864.650746295694,20854.761194034007,20894.898507457812]",20859.44776118296,,,496.0,256.0,256.0,754.0,,,
neoverse-v2,count/runs256/series_local/cp64/buffered16/shared/sparse17,1,5,"[1793.8016888437833,1793.8868986695588,1795.1514841344483,1793.3431422719793,1794.725179119277]",1793.8868986695588,"[1793.7551177083444,1793.8293244644033,1795.1023541460734,1793.2922210868219,1794.6650460593671]",1793.8293244644033,,,496.0,16.0,256.0,754.0,,,
neoverse-v2,count/runs256/series_local/cp64/native16/shared/crossing15,1,5,"[192.28315126160106,191.86849563848082,191.72364546929006,191.96931840068274,191.956550452654]",191.956550452654,"[192.2775377670296,191.8631848322602,191.7157480533749,191.96293442652174,191.94947855020078]",191.94947855020078,,,496.0,2.0,256.0,754.0,,,
neoverse-v2,count/runs256/series_local/cp64/native16/shared/last,1,5,"[200.56273622724802,200.37300996457574,200.52347955562536,200.44911808495436,200.366939640348]",200.44911808495436,"[200.55506242124477,200.36642423491753,200.70003436040543,200.44210285261883,200.3602680099712]",200.44210285261883,,,496.0,1.0,256.0,754.0,,,
neoverse-v2,count/runs256/series_local/cp64/native16/shared/masked25,1,5,"[5190.763177431632,5191.775798069473,5190.462509279045,5190.042316257036,5186.900519673192]",5190.462509279045,"[5190.579806987339,5191.609502605395,5190.288047505634,5189.890126208302,5186.720118780584]",5190.288047505634,,,496.0,62.0,256.0,754.0,,,
neoverse-v2,count/runs256/series_local/cp64/native16/shared/range37,1,5,"[2975.8930549646666,2975.2313591825628,2975.6893907122294,2979.2466979120677,2976.602045164549]",2975.8930549646666,"[2975.8018747406645,2975.1457179328486,2975.6011930223926,2982.1154665647036,2976.538985937817]",2975.8018747406645,,,496.0,37.0,256.0,754.0,,,
neoverse-v2,count/runs256/series_local/cp64/native16/shared/scan,1,5,"[20533.88529411811,20531.111764706744,20528.62352941573,20571.105882360996,20537.8647058777]",20533.88529411811,"[20533.19999997511,20530.373529435135,20527.994117672093,20665.96176470458,20555.488235295208]",20533.19999997511,,,496.0,256.0,256.0,754.0,,,
neoverse-v2,count/runs256/series_local/cp64/native16/shared/sparse17,1,5,"[1490.9533490263973,1490.167344318089,1491.532848277465,1489.5024609460097,1489.717740209432]",1490.167344318089,"[1490.9116199440255,1490.7429916551007,1492.7164562364276,1489.4656537565238,1489.6670233255686]",1490.7429916551007,,,496.0,16.0,256.0,754.0,,,
neoverse-v2,count/runs256/series_local/cp64/point/shared/crossing15,1,5,"[214.05167080147768,214.14236270627893,214.04122637745877,214.02585071514437,214.06413672697923]",214.05167080147768,"[214.0439523422702,214.13657386103003,214.03577444957702,214.01843854307745,214.05644889582203]",214.0439523422702,,,496.0,2.0,256.0,754.0,,,
neoverse-v2,count/runs256/series_local/cp64/point/shared/last,1,5,"[192.24047782503166,191.88455306886178,191.94051901690776,192.09608677743958,191.9545516957392]",191.9545516957392,"[192.42693944809992,191.8795276674111,191.93425786056542,192.09095153064786,191.94870245779165]",191.94870245779165,,,496.0,1.0,256.0,754.0,,,
neoverse-v2,count/runs256/series_local/cp64/point/shared/masked25,1,5,"[8092.008120651372,8070.798143849935,8067.882830626831,8089.01508120786,8060.7679814395815]",8070.798143849935,"[8091.7354988438,8070.537122946668,8067.6368909684,8097.574245952697,8060.596287693998]",8070.537122946668,,,496.0,62.0,256.0,754.0,,,
neoverse-v2,count/runs256/series_local/cp64/point/shared/range37,1,5,"[4139.072146658995,4139.854523950143,4127.18509757532,4121.341809581894,4122.796570077155]",4127.18509757532,"[4138.946777063745,4160.377291550076,4127.124778236861,4121.204021277442,4122.655824969491]",4127.124778236861,,,496.0,37.0,256.0,754.0,,,
neoverse-v2,count/runs256/series_local/cp64/point/shared/scan,1,5,"[32886.38497652911,33013.55399061092,32879.051643189465,32952.34272301118,32893.02816901661]",32893.02816901661,"[32885.488262939965,33071.40845072141,32878.07042255108,32989.00469483994,32900.55399063508]",32900.55399063508,,,496.0,256.0,256.0,754.0,,,
neoverse-v2,count/runs256/series_local/cp64/point/shared/sparse17,1,5,"[2094.0828597073764,2092.605444212284,2092.1453784033233,2079.4498953038606,2067.6622793902875]",2092.1453784033233,"[2094.0170505527276,2092.5306610899233,2092.090637145232,2079.3873766050315,2069.70954232606]",2092.090637145232,,,496.0,16.0,256.0,754.0,,,
neoverse-v2,count/runs256/series_scan/cp16/buffered16/shared/crossing15,1,5,"[217.89976566163057,217.87905014838057,217.77456647396806,217.95569442272702,218.12054366501897]",217.89976566163057,"[217.8922980787106,217.87270738913386,217.76756756818915,217.9479456331672,218.3374160283404]",217.8922980787106,,,544.0,2.0,256.0,754.0,,,
neoverse-v2,count/runs256/series_scan/cp16/buffered16/shared/last,1,5,"[129.26523184928448,129.43870312212553,129.2451320894248,129.10423055610357,128.94806946238342]",129.2451320894248,"[129.26153704025074,129.4352854240368,129.2418067614979,129.10011084422032,128.94454092015297]",129.2418067614979,,,544.0,1.0,256.0,754.0,,,
neoverse-v2,count/runs256/series_scan/cp16/buffered16/shared/masked25,1,5,"[5442.6755277570655,5449.574667708779,5442.888975764315,5444.469116496674,5443.324472245864]",5443.324472245864,"[5442.487881162078,5477.221266626705,5442.835809218004,5444.303361984483,5443.157935895]",5443.157935895,,,544.0,62.0,256.0,754.0,,,
neoverse-v2,count/runs256/series_scan/cp16/buffered16/shared/range37,1,5,"[3029.0151253245685,3024.693171997125,3023.342264476446,3022.4446845292687,3021.4827139158547]",3023.342264476446,"[3031.6905790876453,3024.6395851377924,3023.2454623987123,3022.3474503131993,3021.380726018423]",3023.2454623987123,,,544.0,37.0,256.0,754.0,,,
neoverse-v2,count/runs256/series_scan/cp16/buffered16/shared/scan,1,5,"[20745.106824927465,20767.18397626565,20753.872403560334,20754.29080118944,20745.026706226472]",20753.872403560334,"[20744.531157318925,20787.065281904037,20753.261127587535,20753.640949577417,20744.275964440556]",20753.261127587535,,,544.0,256.0,256.0,754.0,,,
neoverse-v2,count/runs256/series_scan/cp16/buffered16/shared/sparse17,1,5,"[1708.389987790786,1708.9877899877315,1710.7482295480781,1708.9521367525986,1717.8647130642996]",1708.9877899877315,"[1708.3460317510012,1708.9272283212913,1712.372649575032,1708.9147741086742,1719.458363857071]",1708.9272283212913,,,544.0,16.0,256.0,754.0,,,
neoverse-v2,count/runs256/series_scan/cp16/native16/shared/crossing15,1,5,"[180.847082651711,181.11648619871508,180.90363792160844,180.83783853961228,180.95533743606694]",180.90363792160844,"[180.84064293293292,181.1927501234373,180.897224170362,180.83158058774362,180.94840435236188]",180.897224170362,,,544.0,2.0,256.0,754.0,,,
neoverse-v2,count/runs256/series_scan/cp16/native16/shared/last,1,5,"[109.56454198770813,109.21105144370239,109.50447505638112,109.52872597092022,109.37904895325623]",109.50447505638112,"[109.67382675692402,109.20796949187633,109.49964977802661,109.91547980399571,109.42309907366194]",109.49964977802661,,,544.0,1.0,256.0,754.0,,,
neoverse-v2,count/runs256/series_scan/cp16/native16/shared/masked25,1,5,"[5148.266519824987,5141.631424375902,5131.122613802326,5135.8458149792095,5137.876651982097]",5137.876651982097,"[5148.103524237655,5141.4955947180515,5130.972834067293,5141.190161527158,5137.764317184083]",5141.190161527158,,,544.0,62.0,256.0,754.0,,,
neoverse-v2,count/runs256/series_scan/cp16/native16/shared/range37,1,5,"[2979.0744997875104,2978.852277565051,2984.2486164329803,2981.23116219551,2981.3192848021154]",2981.23116219551,"[2978.984248622944,2978.7467007135942,2987.8671775287944,2981.143891016626,2981.2426564568964]",2981.143891016626,,,544.0,37.0,256.0,754.0,,,
neoverse-v2,count/runs256/series_scan/cp16/native16/shared/scan,1,5,"[20531.670588240595,20523.326470582335,20505.670588231424,20535.991176467658,20506.470588234923]",20523.326470582335,"[20531.011764750714,20522.67647059125,20505.102941198777,20556.426470531118,20506.070588222723]",20522.67647059125,,,544.0,256.0,256.0,754.0,,,
neoverse-v2,count/runs256/series_scan/cp16/native16/shared/sparse17,1,5,"[1404.0267875124837,1401.9589123865226,1403.3756294062414,1402.3166163135584,1404.428801611522]",1403.3756294062414,"[1403.9770392707037,1401.9109768387234,1403.3347432073053,1402.269083588393,1405.7945619365862]",1403.3347432073053,,,544.0,16.0,256.0,754.0,,,
neoverse-v2,count/runs256/series_scan/cp16/point/shared/crossing15,1,5,"[184.58631964770422,184.48287319037507,184.70735437595985,184.67621232500818,184.5490335680229]",184.58631964770422,"[184.580597526559,184.47786303799748,184.8919389286847,184.67172955729848,184.54441895381834]",184.580597526559,,,544.0,2.0,256.0,754.0,,,
neoverse-v2,count/runs256/series_scan/cp16/point/shared/last,1,5,"[116.89167326718162,116.3275417516755,116.47757798413093,116.76775813546594,116.9383036451458]",116.76775813546594,"[116.88983636393225,116.32378368361422,116.4735839838262,116.76354505488301,116.93527022691772]",116.76354505488301,,,544.0,1.0,256.0,754.0,,,
neoverse-v2,count/runs256/series_scan/cp16/point/shared/masked25,1,5,"[5598.151785716628,5593.7784090918585,5597.719155842423,5595.807629871723,5591.781655844264]",5595.807629871723,"[5603.507305193292,5593.6266233852,5597.551948050799,5595.641233762711,5591.633116888237]",5595.641233762711,,,544.0,62.0,256.0,754.0,,,
neoverse-v2,count/runs256/series_scan/cp16/point/shared/range37,1,5,"[3155.228584311385,3154.1726780886925,3152.724977457842,3150.9576194772085,3154.3530207386334]",3154.1726780886925,"[3155.1262398596655,3154.0617673555353,3152.6266907145055,3150.848061317249,3154.251578000244]",3154.0617673555353,,,544.0,37.0,256.0,754.0,,,
neoverse-v2,count/runs256/series_scan/cp16/point/shared/scan,1,5,"[22110.18987342283,22230.917721518344,22142.844936706355,22105.212025325676,22100.427215185453]",22110.18987342283,"[22109.443037985457,22230.310126542605,22142.072784856162,22104.544303807656,22099.677215224583]",22109.443037985457,,,544.0,256.0,256.0,754.0,,,
neoverse-v2,count/runs256/series_scan/cp16/point/shared/sparse17,1,5,"[1448.8869331124242,1447.2872230275866,1445.680679229935,1445.68564920269,1445.5059018428299]",1445.68564920269,"[1451.0407951973136,1447.2480844900272,1445.63408572699,1445.642369016141,1445.4630358222098]",1445.642369016141,,,544.0,16.0,256.0,754.0,,,
neoverse-v2,count/runs256/series_scan/cp64/buffered16/shared/crossing15,1,5,"[217.89545369740716,217.87035885322314,217.41970893712733,217.6985198084294,217.59030412336918]",217.6985198084294,"[217.88752410057543,218.07833198651687,217.41448473087823,217.69183406970765,217.58277877924112]",217.69183406970765,,,496.0,2.0,256.0,754.0,,,
neoverse-v2,count/runs256/series_scan/cp64/buffered16/shared/last,1,5,"[203.76895233086572,203.77058703329388,204.41454301306902,203.96158449360286,204.01982076652934]",203.96158449360286,"[203.76156697918543,203.76457366368084,204.61242957690507,203.95735178179373,204.01237703261577]",203.95735178179373,,,496.0,1.0,256.0,754.0,,,
neoverse-v2,count/runs256/series_scan/cp64/buffered16/shared/masked25,1,5,"[5422.215503875959,5417.946511627196,5418.574418603567,5420.410852712569,5420.851162790717]",5420.410852712569,"[5422.059689915086,5417.800000006445,5418.420155052452,5420.266666673406,5420.69457364149]",5420.266666673406,,,496.0,62.0,256.0,754.0,,,
neoverse-v2,count/runs256/series_scan/cp64/buffered16/shared/range37,1,5,"[3024.9765726675037,3024.5913232102944,3026.261171367464,3024.3735357921155,3024.21475054185]",3024.5913232102944,"[3024.8997830810035,3024.4941431789066,3027.1514099773126,3027.688937092057,3024.1206073670323]",3024.8997830810035,,,496.0,37.0,256.0,754.0,,,
neoverse-v2,count/runs256/series_scan/cp64/buffered16/shared/scan,1,5,"[20770.44642856407,20762.39285714585,20759.648809521805,20764.499999997588,20759.812500000964]",20762.39285714585,"[20769.619047606673,20761.69642860139,20759.127976229967,20763.872023839744,20759.19047624571]",20761.69642860139,,,496.0,256.0,256.0,754.0,,,
neoverse-v2,count/runs256/series_scan/cp64/buffered16/shared/sparse17,1,5,"[1718.3751839135698,1716.4676311915011,1708.7994114757093,1709.1799901908923,1708.2660617947943]",1709.1799901908923,"[1720.0559097636021,1717.0662089264245,1708.7447278070758,1709.131436979743,1708.2118685592052]",1709.131436979743,,,496.0,16.0,256.0,754.0,,,
neoverse-v2,count/runs256/series_scan/cp64/native16/shared/crossing15,1,5,"[180.04637122670215,180.0759409119767,180.1606679511371,180.14181117536876,180.07974309570406]",180.07974309570406,"[180.04105330764335,180.06946692318428,180.32585741812917,180.13898522770904,180.07411689154725]",180.07411689154725,,,496.0,2.0,256.0,754.0,,,
neoverse-v2,count/runs256/series_scan/cp64/native16/shared/last,1,5,"[186.9494612758667,188.44204715173242,187.36209195650414,187.7694420738236,187.46476957541833]",187.46476957541833,"[187.00362705414662,188.7976050782422,187.35625133349484,187.96986345210578,187.45980904645327]",187.45980904645327,,,496.0,1.0,256.0,754.0,,,
neoverse-v2,count/runs256/series_scan/cp64/native16/shared/masked25,1,5,"[5131.566568046358,5126.3624260348815,5124.591715976355,5122.389053253526,5121.402366862815]",5124.591715976355,"[5131.42307692862,5126.190828411197,5124.454142013614,5122.23742604044,5121.2255917212815]",5124.454142013614,,,496.0,62.0,256.0,754.0,,,
neoverse-v2,count/runs256/series_scan/cp64/native16/shared/range37,1,5,"[2978.6394210308927,2979.258833546685,2979.1668795236496,2978.3209876543524,2979.487015752609]",2979.1668795236496,"[2978.562792676599,2979.1558109904922,2979.085568326718,2978.2239250755747,2979.385270328168]",2979.085568326718,,,496.0,37.0,256.0,754.0,,,
neoverse-v2,count/runs256/series_scan/cp64/native16/shared/scan,1,5,"[20476.8794117715,20466.399999996553,20459.41764705236,20455.408823525628,20462.667647060036]",20462.667647060036,"[20476.27352945202,20465.879411718186,20458.855882352243,20454.850000064922,20462.04411770117]",20462.04411770117,,,496.0,256.0,256.0,754.0,,,
neoverse-v2,count/runs256/series_scan/cp64/native16/shared/sparse17,1,5,"[1399.0319488820317,1400.0241613419003,1397.9229233226788,1398.8332667725733,1398.324281150021]",1398.8332667725733,"[1398.9836261964556,1401.3320686876923,1397.8765974416701,1398.7815495222828,1398.2819488831137]",1398.7815495222828,,,496.0,16.0,256.0,754.0,,,
neoverse-v2,count/runs256/series_scan/cp64/point/shared/crossing15,1,5,"[199.7591814570228,199.47789305217538,199.64934693755154,199.9635028151127,199.56929320645673]",199.64934693755154,"[199.92451913495722,199.4719197460896,199.81462745445617,200.0187201692393,199.5624910683838]",199.81462745445617,,,496.0,2.0,256.0,754.0,,,
neoverse-v2,count/runs256/series_scan/cp64/point/shared/last,1,5,"[189.83401106049692,190.02700065058798,189.45372478856717,189.78402190413698,189.54380828459264]",189.78402190413698,"[189.82761331573252,190.20939058814665,189.449089134794,189.7774343955555,189.5372749951527]",189.7774343955555,,,496.0,1.0,256.0,754.0,,,
neoverse-v2,count/runs256/series_scan/cp64/point/shared/masked25,1,5,"[7607.725190839997,7587.584514721714,7585.411123229976,7563.588876770101,7562.995637949135]",7585.411123229976,"[7607.468920394928,7587.37513628879,7585.179934544429,7563.375136317645,7571.001090515586]",7585.179934544429,,,496.0,62.0,256.0,754.0,,,
neoverse-v2,count/runs256/series_scan/cp64/point/shared/range37,1,5,"[3743.1174892698823,3746.634656653162,3748.995708154348,3742.998927037843,3737.9726394857234]",3743.1174892698823,"[3743.0096566581824,3746.5160944268405,3752.62178111079,3742.902360511965,3737.8610515069995]",3743.0096566581824,,,496.0,37.0,256.0,754.0,,,
neoverse-v2,count/runs256/series_scan/cp64/point/shared/scan,1,5,"[30782.088495578217,30799.243362839454,30793.026548668822,30776.500000012198,30811.884955752543]",30793.026548668822,"[30781.353982305987,30798.194690249198,30792.044247796908,30775.495575181772,30844.16371671853]",30792.044247796908,,,496.0,256.0,256.0,754.0,,,
neoverse-v2,count/runs256/series_scan/cp64/point/shared/sparse17,1,5,"[1975.3098072561818,1972.1717687065868,1973.6607142861665,1973.6468253971352,1960.1519274371403]",1973.6468253971352,"[1975.2389455763423,1972.1062925177423,1973.6011904737315,1973.58588435203,1969.5890022644494]",1973.58588435203,,,496.0,16.0,256.0,754.0,,,
neoverse-v2,count/runs256/tuple_absolute6/cp16/point/shared/crossing15,1,5,"[171.59403945848297,171.99289943736017,171.71239035896835,171.90784010224118,171.36967150686365]",171.71239035896835,"[171.5883884916451,171.9877889980014,171.70757475242291,172.06530552097865,171.3647576231502]",171.70757475242291,,,1536.0,2.0,256.0,754.0,,,
neoverse-v2,count/runs256/tuple_absolute6/cp16/point/shared/last,1,5,"[101.2258798301511,101.15134962838437,101.57503006420777,101.26050797605804,100.97109491587565]",101.2258798301511,"[101.22260536958473,101.14811863401053,101.62077109191327,101.29260058847333,100.9678349439715]",101.22260536958473,,,1536.0,1.0,256.0,754.0,,,
neoverse-v2,count/runs256/tuple_absolute6/cp16/point/shared/masked25,1,5,"[5017.346320346516,5024.6919191923935,5017.318903319394,5014.219336219696,5012.485569986021]",5017.318903319394,"[5017.169552685882,5029.612554107475,5017.180375184783,5014.054112543365,5012.340548344379]",5017.169552685882,,,1536.0,62.0,256.0,754.0,,,
neoverse-v2,count/runs256/tuple_absolute6/cp16/point/shared/range37,1,5,"[2919.2243107761187,2913.3174603176244,2914.525898079252,2914.8851294911574,2914.4690893891316]",2914.525898079252,"[2919.159565581858,2913.231829578886,2914.4561403487955,2914.8103592348943,2914.383876359888]",2914.4561403487955,,,1536.0,37.0,256.0,754.0,,,
neoverse-v2,count/runs256/tuple_absolute6/cp16/point/shared/scan,1,5,"[20036.7707736389,20009.295128936486,19997.994269339128,20029.74498567221,20003.687679078965]",20009.295128936486,"[20071.58739260595,20008.67621778684,19997.320916893692,20029.171919829103,20003.08309452208]",20008.67621778684,,,1536.0,256.0,256.0,754.0,,,
neoverse-v2,count/runs256/tuple_absolute6/cp16/point/shared/sparse17,1,5,"[1322.2527389497864,1323.7376275029176,1320.1229693996288,1319.8292406502926,1322.1888930862956]",1322.1888930862956,"[1322.2170381578437,1323.6996599964332,1321.6203248944814,1319.7939176448895,1322.9918775970643]",1322.2170381578437,,,1536.0,16.0,256.0,754.0,,,
neoverse-v2,count/runs256/tuple_checkpoint2/cp16/buffered16/shared/crossing15,1,5,"[227.91850349927557,228.58996664273258,228.25181503048415,228.45761658710776,227.86313689578537]",228.25181503048415,"[228.16292759527056,228.58545359399452,228.2453724902597,228.5406501412392,227.85473216024016]",228.2453724902597,,,576.0,2.0,256.0,754.0,,,
neoverse-v2,count/runs256/tuple_checkpoint2/cp16/buffered16/shared/last,1,5,"[134.88948828605135,134.65407290383646,134.96077373612468,134.67646038842764,134.6032290382069]",134.67646038842764,"[134.88499922916515,134.78294543807257,134.95651587517497,134.67181720089434,134.59841245402924]",134.78294543807257,,,576.0,1.0,256.0,754.0,,,
neoverse-v2,count/runs256/tuple_checkpoint2/cp16/buffered16/shared/masked25,1,5,"[5479.25352112483,5479.40532081606,5478.923317685208,5479.188575900878,5508.631455398237]",5479.25352112483,"[5479.097026616989,5479.232394348619,5478.7363067317965,5479.032081365239,5513.832550856572]",5479.097026616989,,,576.0,62.0,256.0,754.0,,,
neoverse-v2,count/runs256/tuple_checkpoint2/cp16/buffered16/shared/range37,1,5,"[3042.281684028894,3042.9752604165747,3039.497395832289,3037.421440972114,3039.243923612224]",3039.497395832289,"[3054.6523437492547,3048.085503467826,3041.546440978809,3037.337673607156,3041.7052951431997]",3041.7052951431997,,,576.0,37.0,256.0,754.0,,,
neoverse-v2,count/runs256/tuple_checkpoint2/cp16/buffered16/shared/scan,1,5,"[20802.27380952762,20790.45535714157,20801.794642853027,20796.49702381117,20820.803571432378]",20801.794642853027,"[20801.57738089857,20789.946428528034,20801.160714239722,20795.779761921076,20841.8452380954]",20801.160714239722,,,576.0,256.0,256.0,754.0,,,
neoverse-v2,count/runs256/tuple_checkpoint2/cp16/buffered16/shared/sparse17,1,5,"[1790.3669230771395,1788.6243589743253,1788.2758974352716,1793.536410256517,1789.8287179490396]",1789.8287179490396,"[1790.3097435852287,1788.5741025644656,1788.2158974348617,1793.4699999955228,1789.7584615411688]",1789.7584615411688,,,576.0,16.0,256.0,754.0,,,
neoverse-v2,count/runs256/tuple_checkpoint2/cp16/native16/shared/crossing15,1,5,"[185.46549293907603,185.64522220153796,185.41541448363515,185.56953272516765,185.47543948292906]",185.47543948292906,"[185.45940267529878,186.20313289564476,185.40892529454783,185.56362862657286,185.46905667381105]",185.46905667381105,,,576.0,2.0,256.0,754.0,,,
neoverse-v2,count/runs256/tuple_checkpoint2/cp16/native16/shared/last,1,5,"[114.95690672961602,114.84830447333047,114.83777712183857,114.7960940574165,116.06293454023975]",114.84830447333047,"[114.95267611145725,114.84479535630243,114.96838515014473,114.79312606574133,116.05945821846875]",114.95267611145725,,,576.0,1.0,256.0,754.0,,,
neoverse-v2,count/runs256/tuple_checkpoint2/cp16/native16/shared/masked25,1,5,"[5209.445271781948,5204.288905434559,5203.807148174513,5201.833953834233,5201.826507817237]",5203.807148174513,"[5209.289650042575,5204.129560681397,5203.643335811153,5201.706626967389,5201.704393164934]",5203.643335811153,,,576.0,62.0,256.0,754.0,,,
neoverse-v2,count/runs256/tuple_checkpoint2/cp16/native16/shared/range37,1,5,"[2988.6354300385856,2987.691484809088,2988.306375695548,2990.4608472391415,2991.385537012854]",2988.6354300385856,"[2988.5447154518847,2987.599058618581,2988.219940091759,2991.720581939568,2994.437312798482]",2988.5447154518847,,,576.0,37.0,256.0,754.0,,,
neoverse-v2,count/runs256/tuple_checkpoint2/cp16/native16/shared/scan,1,5,"[20563.778761060217,20557.83185840586,20561.02654867368,20554.162241897462,20559.026548675876]",20559.026548675876,"[20563.109144559,20557.150442462196,20560.368731552026,20553.53097348201,20558.410029492745]",20558.410029492745,,,576.0,256.0,256.0,754.0,,,
neoverse-v2,count/runs256/tuple_checkpoint2/cp16/native16/shared/sparse17,1,5,"[1434.3645747314845,1458.9636663913516,1438.827621800384,1434.9091659787086,1434.7731213872066]",1434.9091659787086,"[1434.3261767130743,1593.3893476450771,1439.511767131284,1434.8711808459157,1434.7332782834387]",1434.8711808459157,,,576.0,16.0,256.0,754.0,,,
neoverse-v2,count/runs256/tuple_checkpoint2/cp16/point/shared/crossing15,1,5,"[210.4438230961656,210.02624695589157,210.21929587209738,210.10943747937458,210.36424040164954]",210.21929587209738,"[210.43726887306693,210.01993325474538,210.21259132331247,210.10396560580986,210.35822735315762]",210.21259132331247,,,576.0,2.0,256.0,754.0,,,
neoverse-v2,count/runs256/tuple_checkpoint2/cp16/point/shared/last,1,5,"[140.76258471929748,140.3469018361699,140.56736319210293,140.38137280533323,140.55575890438894]",140.55575890438894,"[140.9154516016854,140.34285944096789,140.5624761178066,140.37688795920087,140.55063049313705]",140.55063049313705,,,576.0,1.0,256.0,754.0,,,
neoverse-v2,count/runs256/tuple_checkpoint2/cp16/point/shared/masked25,1,5,"[6355.2005519785325,6352.494020241379,6360.888684453227,6356.721251148922,6355.471021159266]",6355.471021159266,"[6354.991720317788,6352.345906179835,6367.229070836171,6356.540938359589,6355.296228159402]",6355.296228159402,,,576.0,62.0,256.0,754.0,,,
neoverse-v2,count/runs256/tuple_checkpoint2/cp16/point/shared/range37,1,5,"[3610.1281653746673,3616.0196382419635,3612.9498708013175,3613.781395349989,3611.764857880682]",3612.9498708013175,"[3610.013953491765,3619.528682166188,3612.854263569281,3615.165891471068,3611.6651162850503]",3612.854263569281,,,576.0,37.0,256.0,754.0,,,
neoverse-v2,count/runs256/tuple_checkpoint2/cp16/point/shared/scan,1,5,"[25020.217857133328,25012.449999994857,25045.703571421487,25022.485714286195,25022.11428570941]",25022.11428570941,"[25019.49642856565,25011.639285768946,25070.417857112458,25021.875000013388,25021.27142857294]",25021.27142857294,,,576.0,256.0,256.0,754.0,,,
neoverse-v2,count/runs256/tuple_checkpoint2/cp16/point/shared/sparse17,1,5,"[1629.8867087124577,1628.8659191774893,1631.351786965261,1629.2389628590327,1635.0240597988204]",1629.8867087124577,"[1629.8329829479833,1628.8131277775426,1631.3046017275824,1629.1934127526379,1636.7855641215892]",1629.8329829479833,,,576.0,16.0,256.0,754.0,,,
neoverse-v2,count/runs256/tuple_checkpoint2/cp64/buffered16/shared/crossing15,1,5,"[227.51607101986428,227.49507896546058,228.74668933717413,228.05843115461454,228.40555210407334]",228.05843115461454,"[227.50855050130724,227.48742765562494,230.1422031851972,228.0523493445362,228.39819507528247]",228.0523493445362,,,528.0,2.0,256.0,754.0,,,
neoverse-v2,count/runs256/tuple_checkpoint2/cp64/buffered16/shared/last,1,5,"[268.60287725499114,267.8570219640534,269.483171135051,268.63953533094957,268.25660653149384]",268.60287725499114,"[268.5945686038521,267.84748240237343,269.4747855524986,268.92449128788815,268.24810555086464]",268.5945686038521,,,528.0,1.0,256.0,754.0,,,
neoverse-v2,count/runs256/tuple_checkpoint2/cp64/buffered16/shared/masked25,1,5,"[5502.678403754529,5531.455399058338,5483.190923316286,5478.267605633693,5478.3043818467895]",5483.190923316286,"[5502.51251955787,5578.881846634314,5483.100938980532,5478.1158059285635,5478.175273863226]",5483.100938980532,,,528.0,62.0,256.0,754.0,,,
neoverse-v2,count/runs256/tuple_checkpoint2/cp64/buffered16/shared/range37,1,5,"[3039.9430682325037,3039.870056497066,3039.4732724897062,3038.7362016517145,3040.3972186008855]",3039.870056497066,"[3039.834419811325,3039.7753150817157,3039.3789656726785,3038.6405910551584,3043.2516297356915]",3039.7753150817157,,,528.0,37.0,256.0,754.0,,,
neoverse-v2,count/runs256/tuple_checkpoint2/cp64/buffered16/shared/scan,1,5,"[20824.36309524036,20805.351190470286,20796.538690470712,20800.93749999898,20787.404761904832]",20800.93749999898,"[20847.431547584467,20804.800595186633,20795.985119006913,20800.348214288806,20786.633928539442]",20800.348214288806,,,528.0,256.0,256.0,754.0,,,
neoverse-v2,count/runs256/tuple_checkpoint2/cp64/buffered16/shared/sparse17,1,5,"[1785.1290899799017,1790.3225971366116,1788.0104805725105,1788.4197341505944,1784.5848670754867]",1788.0104805725105,"[1785.0766871153046,1792.1492842526545,1787.9660020457638,1788.3655419188879,1784.5255623725525]",1787.9660020457638,,,528.0,16.0,256.0,754.0,,,
neoverse-v2,count/runs256/tuple_checkpoint2/cp64/native16/shared/crossing15,1,5,"[185.26126984130633,185.1270634920862,185.38396825391226,185.14338624334965,185.0706613757167]",185.14338624334965,"[185.25439153423486,185.1203703709671,185.5706878307612,185.13801587347484,185.06499999968085]",185.13801587347484,,,528.0,2.0,256.0,754.0,,,
neoverse-v2,count/runs256/tuple_checkpoint2/cp64/native16/shared/last,1,5,"[246.23592700676608,246.2317077458656,245.9457121761601,247.2637038079594,247.03709433570612]",246.23592700676608,"[246.22769944702955,246.22362082829648,245.93723849359867,260.5215006512449,253.47849934942062]",246.22769944702955,,,528.0,1.0,256.0,754.0,,,
neoverse-v2,count/runs256/tuple_checkpoint2/cp64/native16/shared/masked25,1,5,"[5206.713643178679,5212.990254870173,5206.505247375317,5201.540479761135,5202.530734633073]",5206.505247375317,"[5206.553973013867,5218.326836589431,5206.372563719484,5201.380059973736,5202.410044975904]",5206.372563719484,,,528.0,62.0,256.0,754.0,,,
neoverse-v2,count/runs256/tuple_checkpoint2/cp64/native16/shared/range37,1,5,"[2985.2697396500425,2988.081092616942,2988.9829278696925,2987.7797695262157,2986.755441741485]",2987.7797695262157,"[2985.1771233491095,2987.9880495172793,3006.5488689746653,2991.191634665754,2989.5949637187346]",2989.5949637187346,,,528.0,37.0,256.0,754.0,,,
neoverse-v2,count/runs256/tuple_checkpoint2/cp64/native16/shared/scan,1,5,"[20551.325513204498,20514.967741935776,20547.697947213663,20525.1994134927,20507.293255132798]",20525.1994134927,"[20583.571847443352,20514.442815289476,20645.686217010367,20524.762463351595,20506.765395862003]",20524.762463351595,,,528.0,256.0,256.0,754.0,,,
neoverse-v2,count/runs256/tuple_checkpoint2/cp64/native16/shared/sparse17,1,5,"[1438.0368085546909,1438.0349578443688,1438.282541640409,1438.8241826037597,1438.3806292407353]",1438.282541640409,"[1437.9921858944733,1439.911371584044,1438.2444992780397,1438.7805881118848,1438.3378572937622]",1438.3378572937622,,,528.0,16.0,256.0,754.0,,,
neoverse-v2,count/runs256/tuple_checkpoint2/cp64/point/shared/crossing15,1,5,"[252.7317522200272,252.27532308140476,253.39538661467515,252.86484730352595,253.23348494686746]",252.86484730352595,"[252.72395494945286,252.51779654933665,253.38896108555733,252.85632806284605,253.22601256260984]",252.85632806284605,,,528.0,2.0,256.0,754.0,,,
neoverse-v2,count/runs256/tuple_checkpoint2/cp64/point/shared/last,1,5,"[268.03135554200554,268.3907737181193,269.302847712657,267.873426466055,268.5425621737682]",268.3907737181193,"[268.02264353719033,268.38171630325274,269.56171323267733,267.86502149254795,268.53576911306146]",268.38171630325274,,,528.0,1.0,256.0,754.0,,,
neoverse-v2,count/runs256/tuple_checkpoint2/cp64/point/shared/masked25,1,5,"[10561.8562783657,10548.927382752827,10552.90620272392,10545.683812405234,10547.18305597601]",10548.927382752827,"[10561.508320702345,10548.627836628833,10552.567322217139,10545.446293490964,10546.838124079886]",10548.627836628833,,,528.0,62.0,256.0,754.0,,,
neoverse-v2,count/runs256/tuple_checkpoint2/cp64/point/shared/range37,1,5,"[5054.921568628578,5053.8961510518575,5047.718954249534,5042.653594771267,5059.765432098189]",5053.8961510518575,"[5054.747276682899,5053.741466958679,5047.567175009346,5044.904139434025,5067.920116182481]",5053.741466958679,,,528.0,37.0,256.0,754.0,,,
neoverse-v2,count/runs256/tuple_checkpoint2/cp64/point/shared/scan,1,5,"[42301.16969695831,42288.84242424459,42429.80606060149,42236.48484848278,42225.490909083535]",42288.84242424459,"[42300.284848572504,42287.50303017285,42679.13939391595,42235.781818121584,42224.33939396593]",42287.50303017285,,,528.0,256.0,256.0,754.0,,,
neoverse-v2,count/runs256/tuple_checkpoint2/cp64/point/shared/sparse17,1,5,"[2711.0166537565,2698.706429124085,2708.0677769177696,2696.571262587351,2699.4938032531454]",2699.4938032531454,"[2714.2610379535504,2698.6452362562886,2707.9771494965466,2696.484120833688,2699.4074360983886]",2699.4074360983886,,,528.0,16.0,256.0,754.0,,,
neoverse-v2,count/runs256/tuple_folded2/cp16/buffered16/shared/crossing15,1,5,"[279.8742191253732,279.2591302258449,279.7872817555814,280.3228015378012,280.1363927599114]",279.8742191253732,"[279.86292647766925,279.24991991024075,279.7778712161363,281.51725932962916,280.33249239136336]",279.86292647766925,,,576.0,2.0,256.0,754.0,,,
neoverse-v2,count/runs256/tuple_folded2/cp16/buffered16/shared/last,1,5,"[165.757011789362,165.24420041833946,165.63938011031368,165.27731032511872,165.53936109520725]",165.53936109520725,"[165.9040216770927,165.23894751878953,165.78339513168362,165.27179596891204,165.59856911937877]",165.59856911937877,,,576.0,1.0,256.0,754.0,,,
neoverse-v2,count/runs256/tuple_folded2/cp16/buffered16/shared/masked25,1,5,"[5847.697478991464,5842.803361345488,5848.546218488821,5844.443697481318,5916.710924371587]",5847.697478991464,"[5847.497479007756,5842.6352941076775,5854.294957979611,5844.352941177259,6373.144537831137]",5847.497479007756,,,576.0,62.0,256.0,754.0,,,
neoverse-v2,count/runs256/tuple_folded2/cp16/buffered16/shared/range37,1,5,"[3099.0951748566717,3097.1974324914704,3096.1460823376165,3095.725984949232,3095.0230190351367]",3096.1460823376165,"[3100.3758300034033,3100.184152271333,3096.050464806115,3095.632580789806,3094.94112438314]",3096.050464806115,,,576.0,37.0,256.0,754.0,,,
neoverse-v2,count/runs256/tuple_folded2/cp16/buffered16/shared/scan,1,5,"[21268.914893623023,21263.03039514183,21275.036474158307,21290.27355623327,21252.38905775002]",21268.914893623023,"[21268.361702141883,21262.437690001203,21297.592705235103,21289.90273557709,21251.738601833942]",21268.361702141883,,,576.0,256.0,256.0,754.0,,,
neoverse-v2,count/runs256/tuple_folded2/cp16/buffered16/shared/sparse17,1,5,"[2204.5553802459704,2204.670558536213,2201.9050173559085,2200.617860524104,2206.321552540462]",2204.5553802459704,"[2204.474913226225,2204.588198168957,2201.8305459098938,2200.545282424478,2208.6055538010846]",2204.474913226225,,,576.0,16.0,256.0,754.0,,,
neoverse-v2,count/runs256/tuple_folded2/cp16/native16/shared/crossing15,1,5,"[185.5698287045327,185.29363797620044,185.1994122474774,185.18156786954398,185.24357311161802]",185.24357311161802,"[185.8542003123942,185.28717799370403,185.1933758706157,185.17595509794077,185.23788091380547]",185.23788091380547,,,576.0,2.0,256.0,754.0,,,
neoverse-v2,count/runs256/tuple_folded2/cp16/native16/shared/last,1,5,"[115.72926529609686,115.78365140472393,114.72035383731554,114.69614219020366,115.66310099107216]",115.66310099107216,"[115.72535015178943,115.90197395350137,114.7177492015831,114.69252191024847,115.65985748180049]",115.65985748180049,,,576.0,1.0,256.0,754.0,,,
neoverse-v2,count/runs256/tuple_folded2/cp16/native16/shared/masked25,1,5,"[5170.023255816081,5164.414853715259,5163.165041260013,5160.513128280895,5165.559639910581]",5164.414853715259,"[5201.954238554537,5164.386346591448,5163.023255820577,5160.389347330747,5171.927981987315]",5164.386346591448,,,576.0,62.0,256.0,754.0,,,
neoverse-v2,count/runs256/tuple_folded2/cp16/native16/shared/range37,1,5,"[2981.3707337879277,2979.7837030717556,2979.8728668940803,2980.6450511946546,2979.1139078505726]",2979.8728668940803,"[2981.278156997553,2979.690699666248,2979.7982082015037,2983.552901025128,2979.022610925301]",2979.7982082015037,,,576.0,37.0,256.0,754.0,,,
neoverse-v2,count/runs256/tuple_folded2/cp16/native16/shared/scan,1,5,"[20511.935103250336,20488.86430678863,20486.141592929605,20488.59882005148,20535.69321532977]",20488.86430678863,"[20510.887905628373,20488.19469024549,20485.460177048823,20488.041297944335,20592.474926257815]",20488.19469024549,,,576.0,256.0,256.0,754.0,,,
neoverse-v2,count/runs256/tuple_folded2/cp16/native16/shared/sparse17,1,5,"[1429.3585755220388,1428.8473188702526,1429.5890298815957,1428.2977896032987,1428.10663119169]",1428.8473188702526,"[1429.3172329107106,1428.7977895995873,1429.5454359404769,1428.2488743311383,1428.0607859207803]",1428.7977895995873,,,576.0,16.0,256.0,754.0,,,
neoverse-v2,count/runs256/tuple_folded2/cp16/point/shared/crossing15,1,5,"[188.26772375475323,188.58358277378622,188.900277755363,187.85262788886737,188.7035568858761]",188.58358277378622,"[188.26179111781528,188.5766523738384,188.8938597203801,187.84666828443463,188.6960871560553]",188.5766523738384,,,576.0,2.0,256.0,754.0,,,
neoverse-v2,count/runs256/tuple_folded2/cp16/point/shared/last,1,5,"[119.79275767931394,119.96214007314491,119.67843958724451,119.73534108270458,119.76147387578138]",119.76147387578138,"[119.78930650220549,121.06979619195637,119.67577823186576,119.73175254548894,119.75761061780233]",119.75761061780233,,,576.0,1.0,256.0,754.0,,,
neoverse-v2,count/runs256/tuple_folded2/cp16/point/shared/masked25,1,5,"[5527.470449174937,5528.9558707636625,5529.2876280523205,5520.67612293156,5516.472813238259]",5527.470449174937,"[5527.275807720071,5535.419227732113,5529.159180447959,5520.494877850101,5516.301812441687]",5527.275807720071,,,576.0,62.0,256.0,754.0,,,
neoverse-v2,count/runs256/tuple_folded2/cp16/point/shared/range37,1,5,"[3169.117059892514,3168.2250453721895,3174.069872958418,3169.0862068970177,3166.632940109479]",3169.0862068970177,"[3169.034482748359,3168.1206896499007,3187.6343012677703,3169.01088928643,3166.5331215910355]",3169.01088928643,,,576.0,37.0,256.0,754.0,,,
neoverse-v2,count/runs256/tuple_folded2/cp16/point/shared/scan,1,5,"[21853.613707175966,21898.61993768853,21853.414330223495,21835.719626170518,21838.59190031905]",21853.414330223495,"[21852.86292833085,22005.40186911163,21860.271028034622,21835.065420608516,21837.87538940061]",21852.86292833085,,,576.0,256.0,256.0,754.0,,,
neoverse-v2,count/runs256/tuple_folded2/cp16/point/shared/sparse17,1,5,"[1432.5494079213395,1432.3221723150268,1433.608207431183,1431.0089832584163,1431.9199673334886]",1432.3221723150268,"[1432.4995916714893,1432.273172722929,1435.0986116814497,1430.9701919125264,1431.8740302183]",1432.273172722929,,,576.0,16.0,256.0,754.0,,,
neoverse-v2,count/runs256/tuple_folded2/cp64/buffered16/shared/crossing15,1,5,"[280.4969280809648,280.577440468987,280.4688190177566,279.8396980283355,280.0359394450059]",280.4688190177566,"[280.4863671036445,280.5678030768164,280.77821949165843,279.8328715424286,280.026382363167]",280.4863671036445,,,528.0,2.0,256.0,754.0,,,
neoverse-v2,count/runs256/tuple_folded2/cp64/buffered16/shared/last,1,5,"[226.72419825067817,226.77784256549717,227.08208616778438,227.32759961131572,226.97790735352825]",226.97790735352825,"[226.7164885008544,226.76977648171385,227.07398769066384,227.55902170400591,226.97107223888503]",226.97107223888503,,,528.0,1.0,256.0,754.0,,,
neoverse-v2,count/runs256/tuple_folded2/cp64/buffered16/shared/masked25,1,5,"[5849.005042017385,5848.147899157988,5865.60252100596,5849.578991596938,5843.416806723643]",5849.005042017385,"[5848.81596638343,5847.962184871835,5887.992436976888,5849.435294109042,5843.231092431519]",5848.81596638343,,,528.0,62.0,256.0,754.0,,,
neoverse-v2,count/runs256/tuple_folded2/cp64/buffered16/shared/range37,1,5,"[3101.8913525506587,3096.8199556543404,3094.2594235028196,3096.7348115294294,3094.7286031031394]",3096.7348115294294,"[3101.7964523242276,3096.7192904622675,3094.158758317049,3096.643902438875,3094.645676270161]",3096.643902438875,,,528.0,37.0,256.0,754.0,,,
neoverse-v2,count/runs256/tuple_folded2/cp64/buffered16/shared/scan,1,5,"[21293.65548780713,21243.957317068493,21258.326219515777,21254.719512192733,21250.201219515064]",21254.719512192733,"[21320.00914630378,21243.457317102944,21257.62804876963,21254.088414622867,21249.56402439455]",21254.088414622867,,,528.0,256.0,256.0,754.0,,,
neoverse-v2,count/runs256/tuple_folded2/cp64/buffered16/shared/sparse17,1,5,"[2202.223833543104,2210.0334174017826,2200.925598990877,2201.145018915449,2202.3461538457927]",2202.223833543104,"[2202.1434426270976,2222.7881462819714,2200.8874527189714,2201.069356874154,2202.2846784431904]",2202.1434426270976,,,528.0,16.0,256.0,754.0,,,
neoverse-v2,count/runs256/tuple_folded2/cp64/native16/shared/crossing15,1,5,"[185.3618436809983,185.01963967318244,185.01660590255747,185.22040077711486,185.03451579421568]",185.03451579421568,"[185.35596242402153,185.01317295164435,185.00995289608443,185.39611996683493,185.02879420977018]",185.02879420977018,,,528.0,2.0,256.0,754.0,,,
neoverse-v2,count/runs256/tuple_folded2/cp64/native16/shared/last,1,5,"[177.73997412681797,177.5474469218178,177.95870430969026,178.1394110037443,177.8047079116134]",177.8047079116134,"[177.73490094612808,177.54252593655943,177.95355503101428,178.9634730996195,177.9011744412654]",177.9011744412654,,,528.0,1.0,256.0,754.0,,,
neoverse-v2,count/runs256/tuple_folded2/cp64/native16/shared/masked25,1,5,"[5167.979381441513,5162.028718704281,5159.683357879077,5206.611192928487,5198.081737850728]",5167.979381441513,"[5172.969808537133,5161.899116342384,5159.555964669366,5527.792341681809,5302.914580267459]",5172.969808537133,,,528.0,62.0,256.0,754.0,,,
neoverse-v2,count/runs256/tuple_folded2/cp64/native16/shared/range37,1,5,"[2982.2830913742655,2981.865499572725,2981.0631938514825,2981.1968403079427,2983.0499573020797]",2981.865499572725,"[2982.1929974436575,2984.3881297981297,2981.008966698304,2981.119555933767,2984.1165670391338]",2982.1929974436575,,,528.0,37.0,256.0,754.0,,,
neoverse-v2,count/runs256/tuple_folded2/cp64/native16/shared/scan,1,5,"[20521.014662757127,20536.876832844813,20492.395894425754,20496.29325513948,20491.99706744454]",20496.29325513948,"[20520.419354852493,20561.343108476536,20491.991202362253,20495.63343109006,20491.29618771492]",20495.63343109006,,,528.0,256.0,256.0,754.0,,,
neoverse-v2,count/runs256/tuple_folded2/cp64/native16/shared/sparse17,1,5,"[1427.5557594296872,1427.7918450558518,1430.6081549435178,1427.7885830787322,1427.0079510704506]",1427.7885830787322,"[1427.5102956171106,1427.741896020843,1432.0470948010789,1427.7539245692121,1426.9657492349938]",1427.741896020843,,,528.0,16.0,256.0,754.0,,,
neoverse-v2,count/runs256/tuple_folded2/cp64/point/shared/crossing15,1,5,"[204.8802847980695,205.551384271348,204.704845685324,204.52193356671935,203.9020271264311]",204.704845685324,"[204.87445938358746,205.75830415696288,204.69787284111422,204.51619641609472,203.89705492934155]",204.69787284111422,,,528.0,2.0,256.0,754.0,,,
neoverse-v2,count/runs256/tuple_folded2/cp64/point/shared/last,1,5,"[179.59423125790204,178.49972045747967,180.69801778908254,179.40111817022952,180.33214739515486]",179.59423125790204,"[179.5887928847844,178.49382465040122,180.85283354573914,179.61357052081092,180.32533672196044]",179.61357052081092,,,528.0,1.0,256.0,754.0,,,
neoverse-v2,count/runs256/tuple_folded2/cp64/point/shared/masked25,1,5,"[7545.360350494001,7535.203723988125,7527.844468783624,7542.774370205389,7553.696604598441]",7542.774370205389,"[7545.078860918772,7534.96714131694,7527.644030654829,7542.567360346213,7553.445783109999]",7542.567360346213,,,528.0,62.0,256.0,754.0,,,
neoverse-v2,count/runs256/tuple_folded2/cp64/point/shared/range37,1,5,"[3849.553600879328,3843.325453545931,3843.1847168775057,3845.2253985696693,3849.584936778813]",3845.2253985696693,"[3849.4227597548193,3844.9598680501017,3843.0467289762705,3845.0956569621935,3854.7245739474256]",3845.0956569621935,,,528.0,37.0,256.0,754.0,,,
neoverse-v2,count/runs256/tuple_folded2/cp64/point/shared/scan,1,5,"[30255.822510829243,30238.83982684096,30207.909090904035,30183.7099567174,30228.740259736256]",30228.740259736256,"[30254.7142857216,30237.852813772282,30207.08225110106,30182.636363554975,30227.72727268559]",30227.72727268559,,,528.0,256.0,256.0,754.0,,,
neoverse-v2,count/runs256/tuple_folded2/cp64/point/shared/sparse17,1,5,"[1965.767134831341,1959.4797752804943,1960.5435393256348,1958.3693820220049,1958.5853932578698]",1959.4797752804943,"[1967.9410112360713,1959.4398876397386,1960.4845505626965,1958.3123595463749,1958.525561798233]",1959.4398876397386,,,528.0,16.0,256.0,754.0,,,
neoverse-v2,count/terminals256/direct4/cp16/point/cps/crossing15,1,5,"[6.8006161457979735,6.814920839834233,6.801336880079947,6.797344378802675,6.789771362242348]",6.8006161457979735,"[6.800357569131443,6.848057249637042,6.805221319458388,6.801494148751245,6.789600585828983]",6.801494148751245,,,1024.0,2.0,256.0,0.0,,,
neoverse-v2,count/terminals256/direct4/cp16/point/cps/last,1,5,"[7.064638424229284,7.058216370860238,7.020393259106607,7.03466482366421,7.064367197197168]",7.058216370860238,"[7.070431632712669,7.057983316528113,7.020137100229855,7.034454873855298,7.069624983425249]",7.057983316528113,,,1024.0,1.0,256.0,0.0,,,
neoverse-v2,count/terminals256/direct4/cp16/point/cps/masked25,1,5,"[175.06088969407813,175.58398752018167,178.85305958136357,177.99987419482594,178.03444545086452]",177.99987419482594,"[175.23354468600974,175.5802888481099,195.59541062778675,177.99285426697702,178.0285074471526]",177.99285426697702,,,1024.0,62.0,256.0,0.0,,,
neoverse-v2,count/terminals256/direct4/cp16/point/cps/range37,1,5,"[38.858461179693315,38.85457442849187,38.86306420357206,38.98375893258695,39.067057562772696]",38.86306420357206,"[38.85711192179188,38.8738971343971,38.8615983430468,38.98275948230056,39.06571385739313]",38.8738971343971,,,1024.0,37.0,256.0,0.0,,,
neoverse-v2,count/terminals256/direct4/cp16/point/cps/scan,1,5,"[269.5709741702467,269.4977389438251,269.50034490682503,271.5032957769226,269.972560741879]",269.5709741702467,"[269.5619299457254,269.48896297954815,269.4913773282824,271.49222043424083,269.96405303988865]",269.5619299457254,,,1024.0,256.0,256.0,0.0,,,
neoverse-v2,count/terminals256/direct4/cp16/point/cps/sparse17,1,5,"[19.336829577344815,19.331109700158358,19.336645419842217,19.362523672482688,19.35941223519851]",19.336829577344815,"[19.336222132422822,19.350036694049987,19.336167159989095,19.361877746884428,19.35876630961978]",19.350036694049987,,,1024.0,16.0,256.0,0.0,,,
neoverse-v2,count/terminals256/direct4/cp16/point/inline/crossing15,1,5,"[7.1038516767482305,7.098942596637714,7.096658588993181,7.108005907694833,7.101246064438677]",7.101246064438677,"[7.103598694725544,7.0987111232271705,7.096461938991352,7.11495215874703,7.101060680879591]",7.101060680879591,,,1024.0,2.0,256.0,0.0,,,
neoverse-v2,count/terminals256/direct4/cp16/point/inline/last,1,5,"[7.1347713826835575,7.147440380586818,7.122369731840386,7.13133449895144,7.123157541627703]",7.13133449895144,"[7.134519283552483,7.176191879947653,7.122244698774799,7.134803911599269,7.122871897059297]",7.134519283552483,,,1024.0,1.0,256.0,0.0,,,
neoverse-v2,count/terminals256/direct4/cp16/point/inline/masked25,1,5,"[179.95380587249142,188.23386945953348,189.22468206473866,189.0601037964714,199.98410323547233]",189.0601037964714,"[179.94805498466363,188.38989152835126,189.22014681119944,189.05430615328382,199.97858612269943]",189.05430615328382,,,1024.0,62.0,256.0,0.0,,,
neoverse-v2,count/terminals256/direct4/cp16/point/inline/range37,1,5,"[35.32529394031004,35.329903624538304,34.896384218150466,35.80867379190838,35.33188753927754]",35.329903624538304,"[35.364573506928544,35.329052680701466,34.895295010163,35.807438707739344,35.330739980851995]",35.330739980851995,,,1024.0,37.0,256.0,0.0,,,
neoverse-v2,count/terminals256/direct4/cp16/point/inline/scan,1,5,"[218.4615673274842,218.56423165926327,218.8776658952371,218.9974044656347,218.7123647506883]",218.7123647506883,"[218.67709050005504,218.5593220344895,218.87066107962434,218.99039964924424,218.70514103411895]",218.70514103411895,,,1024.0,256.0,256.0,0.0,,,
neoverse-v2,count/terminals256/direct4/cp16/point/inline/sparse17,1,5,"[17.103689649047148,17.09313440053188,17.13143973787055,17.12141743318809,17.095619004380936]",17.103689649047148,"[17.10312216253871,17.09256444670825,17.149774485817183,17.121012790621744,17.095202025186044]",17.10312216253871,,,1024.0,16.0,256.0,0.0,,,
neoverse-v2,count/terminals256/direct4/cp16/point/materialized/crossing15,1,5,"[6.55516468749184,6.5646746912133125,6.5666691256399945,6.556215231826965,6.563754798329398]",6.563754798329398,"[6.55495137900155,6.571553001384163,6.566471815262873,6.555998368188486,6.563560154333942]",6.563560154333942,,,1024.0,2.0,256.0,0.0,,,
neoverse-v2,count/terminals256/direct4/cp16/point/materialized/last,1,5,"[6.003505387771191,6.002228640933929,6.018466241756434,6.002298312194503,6.0078518671468615]",6.003505387771191,"[6.003303089295252,6.002010393613844,6.024196073392349,6.002127071996991,6.007643692780974]",6.003303089295252,,,1024.0,1.0,256.0,0.0,,,
neoverse-v2,count/terminals256/direct4/cp16/point/materialized/masked25,1,5,"[178.90686387205469,178.83669246684067,178.91337778116096,180.87712979284277,180.22578997116034]",178.91337778116096,"[178.90004342611445,178.8304084599742,178.90750249092017,180.8719952999886,180.22029785171247]",178.90750249092017,,,1024.0,62.0,256.0,0.0,,,
neoverse-v2,count/terminals256/direct4/cp16/point/materialized/range37,1,5,"[39.180845543863015,39.473407555302636,39.44988325268176,39.64022650107703,39.79693862588058]",39.473407555302636,"[39.179858549685655,39.47229084175188,39.44861426002775,39.68635015160391,39.79587267205763]",39.47229084175188,,,1024.0,37.0,256.0,0.0,,,
neoverse-v2,count/terminals256/direct4/cp16/point/materialized/scan,1,5,"[270.48969766997243,270.56541498170907,269.8342383978259,270.7181590603264,270.5382245331045]",270.5382245331045,"[270.480261890669,270.5565183900915,269.8266127476921,270.7102253032367,270.92401309507966]",270.5565183900915,,,1024.0,256.0,256.0,0.0,,,
neoverse-v2,count/terminals256/direct4/cp16/point/materialized/sparse17,1,5,"[20.112105605287738,19.97008183742586,19.941733197774933,20.042496569274615,20.088871110221838]",20.042496569274615,"[20.111422237768966,19.969426249135335,19.941110944457645,20.0418354250812,20.088287747691847]",20.0418354250812,,,1024.0,16.0,256.0,0.0,,,
neoverse-v2,count/terminals256/direct4/cp16/point/shared/crossing15,1,5,"[6.823041337229837,6.805169175954152,6.827589533789947,6.807342408935224,6.809236922351258]",6.809236922351258,"[6.822843504828717,6.8049479544619675,6.832798471128771,6.807110467496921,6.809004980902569]",6.809004980902569,,,1024.0,2.0,256.0,0.0,,,
neoverse-v2,count/terminals256/direct4/cp16/point/shared/last,1,5,"[6.8723050015313065,6.855023184834821,6.830045352913738,6.8576012326141695,6.84827157391867]",6.855023184834821,"[6.878937339833566,6.854835477130999,6.83232619687038,6.857326514603203,6.922333011040566]",6.857326514603203,,,1024.0,1.0,256.0,0.0,,,
neoverse-v2,count/terminals256/direct4/cp16/point/shared/masked25,1,5,"[152.5486923606394,151.78312112870486,152.14001204401143,152.20692102546383,151.52836803159838]",152.14001204401143,"[152.54312198899206,151.77761527858937,152.1351944255806,153.45702856210735,151.5248838610872]",152.1351944255806,,,1024.0,62.0,256.0,0.0,,,
neoverse-v2,count/terminals256/direct4/cp16/point/shared/range37,1,5,"[35.59106177518711,35.14625817597159,34.17382471107838,35.51147296798325,35.591380961303564]",35.51147296798325,"[35.623218510843046,35.30330788293028,34.17303941192241,35.51055087472594,35.5902106122759]",35.51055087472594,,,1024.0,37.0,256.0,0.0,,,
neoverse-v2,count/terminals256/direct4/cp16/point/shared/scan,1,5,"[201.5448989326884,198.0848786596119,198.27484944244736,198.6214894758156,198.70988611287325]",198.6214894758156,"[201.537177269762,198.07843897247645,198.4699779380043,198.61642120341833,198.7043110132786]",198.61642120341833,,,1024.0,256.0,256.0,0.0,,,
neoverse-v2,count/terminals256/direct4/cp16/point/shared/sparse17,1,5,"[15.863771015624092,15.995249286826578,15.92842182678738,15.981860498048642,15.953125535312022]",15.953125535312022,"[15.86316575645128,15.994698843620156,15.92793076745191,15.98140826671743,15.967818486227715]",15.967818486227715,,,1024.0,16.0,256.0,0.0,,,
neoverse-v2,count/terminals256/direct8/cp16/point/shared/crossing15,1,5,"[6.826757076887643,6.808132468326859,6.805062882001901,6.803371319304326,6.79490189323627]",6.805062882001901,"[6.826525793427011,6.814160353937385,6.8079098942824565,6.803147777546628,6.794652223209257]",6.8079098942824565,,,2048.0,2.0,256.0,0.0,,,
neoverse-v2,count/terminals256/direct8/cp16/point/shared/last,1,5,"[6.853872379964311,6.863335392786932,6.8933097854842105,6.879571031042662,6.8597177597982055]",6.863335392786932,"[6.853620923516785,6.863103581395852,6.899126680027087,6.879397172492373,6.859501664418084]",6.863103581395852,,,2048.0,1.0,256.0,0.0,,,
neoverse-v2,count/terminals256/direct8/cp16/point/shared/masked25,1,5,"[150.58977400154956,150.59770982493492,150.48367549386126,150.2887518329922,150.27686966272987]",150.48367549386126,"[150.5849219362422,150.59251272318866,150.4786293452889,150.28353316673667,150.2715647378243]",150.4786293452889,,,2048.0,62.0,256.0,0.0,,,
neoverse-v2,count/terminals256/direct8/cp16/point/shared/range37,1,5,"[30.688812920259476,30.943743158471676,30.976543360038264,30.936788699114803,30.66181606519072]",30.936788699114803,"[30.68777909068714,30.942839643530306,30.975657220356332,30.93584174587052,30.687813841144283]",30.93584174587052,,,2048.0,37.0,256.0,0.0,,,
neoverse-v2,count/terminals256/direct8/cp16/point/shared/scan,1,5,"[206.71546439672463,206.7096249382874,211.3513552773255,209.86546003883416,208.80401499086662]",208.80401499086662,"[206.7079399203842,206.70268150284528,211.345138142645,210.89773684623736,208.92986839450722]",208.92986839450722,,,2048.0,256.0,256.0,0.0,,,
neoverse-v2,count/terminals256/direct8/cp16/point/shared/sparse17,1,5,"[15.980389264030153,15.95837939057065,16.13109686205841,15.996012029736486,15.998209158485007]",15.996012029736486,"[15.979803665680437,15.970611133191886,16.13058389600564,15.99546501736105,15.997662146101508]",15.99546501736105,,,2048.0,16.0,256.0,0.0,,,
neoverse-v2,count/terminals256/series_folded_local/cp16/buffered16/shared/crossing15,1,5,"[77.73962845210896,77.78148020959425,77.73226174517394,77.85321974937794,77.83631509570999]",77.78148020959425,"[77.73745721207493,77.77898771468494,77.72944799538934,77.85052785494516,77.9087193005195]",77.77898771468494,,,512.0,2.0,256.0,0.0,,,
neoverse-v2,count/terminals256/series_folded_local/cp16/buffered16/shared/last,1,5,"[42.117013713182565,42.14325307882499,42.17242064929588,42.23344299036816,42.36086207315901]",42.17242064929588,"[42.11539898289631,42.14218663394407,42.187308702628584,42.2319126117947,42.35947027203858]",42.187308702628584,,,512.0,1.0,256.0,0.0,,,
neoverse-v2,count/terminals256/series_folded_local/cp16/buffered16/shared/masked25,1,5,"[763.5066333189521,760.1085254456669,762.1391909527588,763.4273597217444,763.2841452808099]",763.2841452808099,"[763.4834710729679,760.0818834271254,762.8158982159867,763.4084384523795,763.261852979124]",763.261852979124,,,512.0,62.0,256.0,0.0,,,
neoverse-v2,count/terminals256/series_folded_local/cp16/buffered16/shared/range37,1,5,"[188.0049287619562,187.78870963395826,187.635083088781,186.70723693056948,186.60386759668455]",187.635083088781,"[188.17813568923,187.78343074158573,187.62934633295762,186.70133857598245,186.59834630568807]",187.62934633295762,,,512.0,37.0,256.0,0.0,,,
neoverse-v2,count/terminals256/series_folded_local/cp16/buffered16/shared/scan,1,5,"[1142.9209095408153,1142.1418685125736,1139.3666172348533,1139.5213379460054,1139.8141374189609]",1139.8141374189609,"[1144.111056188423,1143.1036414529128,1139.333498105035,1140.3835887280115,1139.7848080400654]",1140.3835887280115,,,512.0,256.0,256.0,0.0,,,
neoverse-v2,count/terminals256/series_folded_local/cp16/buffered16/shared/sparse17,1,5,"[582.3701999497372,581.7329540699243,582.3662678824456,581.2039655319996,581.6395883876716]",581.7329540699243,"[582.3498703245847,581.7158872257464,582.9897933562039,581.1904961098744,581.6211829655099]",581.7158872257464,,,512.0,16.0,256.0,0.0,,,
neoverse-v2,count/terminals256/series_folded_local/cp16/native16/shared/crossing15,1,5,"[31.357293261436325,31.38334238750606,31.39865219792945,31.38388114920697,31.348210637844822]",31.38334238750606,"[31.356188800045164,31.382116704780046,31.520627836902886,31.383014640820626,31.347281274022404]",31.382116704780046,,,512.0,2.0,256.0,0.0,,,
neoverse-v2,count/terminals256/series_folded_local/cp16/native16/shared/last,1,5,"[16.807515809090017,16.82772406634863,16.782211640106954,16.80893334230879,16.78210112057695]",16.807515809090017,"[16.80691996467777,16.847941933968496,16.781618198250882,16.808325484842545,16.78149086050332]",16.80691996467777,,,512.0,1.0,256.0,0.0,,,
neoverse-v2,count/terminals256/series_folded_local/cp16/native16/shared/masked25,1,5,"[448.43264884392744,449.0113005292509,449.8283611004745,449.92683714301154,451.0453312672856]",449.8283611004745,"[448.41669895353135,448.99541521400283,449.8129923804451,449.91114554999547,451.52544233630056]",449.8129923804451,,,512.0,62.0,256.0,0.0,,,
neoverse-v2,count/terminals256/series_folded_local/cp16/native16/shared/range37,1,5,"[142.8748287915839,141.95905308986383,142.8369074146881,141.72710918486442,141.6967107550428]",141.95905308986383,"[142.86949322338427,141.95455567565003,142.97597972079848,141.72414498045433,141.6937465500517]",141.95455567565003,,,512.0,37.0,256.0,0.0,,,
neoverse-v2,count/terminals256/series_folded_local/cp16/native16/shared/scan,1,5,"[888.7101541599887,889.1577270986805,888.2791438402988,888.9278889027257,887.2846222452832]",888.7101541599887,"[888.664798063539,889.1323735524337,888.2539176965644,889.8001019250491,887.2583768615343]",888.664798063539,,,512.0,256.0,256.0,0.0,,,
neoverse-v2,count/terminals256/series_folded_local/cp16/native16/shared/sparse17,1,5,"[214.29365734390757,213.79911355645874,213.7944673697442,213.71829436041725,213.92003668042238]",213.79911355645874,"[214.2870548678672,213.79217484351625,213.78734525446023,213.71019410068757,213.91312853504363]",213.79217484351625,,,512.0,16.0,256.0,0.0,,,
neoverse-v2,count/terminals256/series_folded_local/cp16/point/shared/crossing15,1,5,"[33.5950581910759,33.594296364823116,33.57848966742863,33.57061267122328,33.572668164774214]",33.57848966742863,"[33.593975343712934,33.641587090150814,33.57775658944167,33.5695154497274,33.57162364826212]",33.57775658944167,,,512.0,2.0,256.0,0.0,,,
neoverse-v2,count/terminals256/series_folded_local/cp16/point/shared/last,1,5,"[30.145651865331338,30.141634298157012,30.142623634818452,30.229143277459592,30.15142012827475]",30.145651865331338,"[30.144795873981963,30.140610549721302,30.141733231878174,30.25902124489781,30.150615754433968]",30.144795873981963,,,512.0,1.0,256.0,0.0,,,
neoverse-v2,count/terminals256/series_folded_local/cp16/point/shared/masked25,1,5,"[1025.4438619485056,1026.4949759721499,1027.0071355754878,1026.3799330128638,1024.414009028381]",1026.3799330128638,"[1025.4073103243607,1026.4622105743572,1026.973496432595,1026.3502257156783,1029.6548711220198]",1026.4622105743572,,,512.0,62.0,256.0,0.0,,,
neoverse-v2,count/terminals256/series_folded_local/cp16/point/shared/range37,1,5,"[500.7998568869478,500.3640071555751,500.07706618971935,498.54776386420406,499.0694096597039]",500.07706618971935,"[500.78261180629113,500.3486225412055,500.0589624343095,498.5353846157926,499.55355992793244]",500.0589624343095,,,512.0,37.0,256.0,0.0,,,
neoverse-v2,count/terminals256/series_folded_local/cp16/point/shared/scan,1,5,"[3529.8951367771288,3548.0947315098856,3528.595744678538,3531.1073961502793,3531.262411349875]",3531.1073961502793,"[3529.7664640423855,3592.976697055524,3528.555724417201,3530.9999999950433,3531.132725433023]",3530.9999999950433,,,512.0,256.0,256.0,0.0,,,
neoverse-v2,count/terminals256/series_folded_local/cp16/point/shared/sparse17,1,5,"[224.39572876381757,223.8506026406204,224.09904408718327,224.71233095671363,224.08804629313482]",224.09904408718327,"[224.76367530931387,223.84526359538066,224.09271396147042,226.2836727520586,224.08162025653303]",224.09271396147042,,,512.0,16.0,256.0,0.0,,,
neoverse-v2,count/terminals256/series_folded_local/cp64/buffered16/shared/crossing15,1,5,"[77.42142610094825,77.30037153152932,77.35087973751651,77.53728146025628,77.40519251580118]",77.40519251580118,"[77.41869261080224,77.29777192623605,77.34870410233731,77.53467069797783,77.48106081721137]",77.41869261080224,,,464.0,2.0,256.0,0.0,,,
neoverse-v2,count/terminals256/series_folded_local/cp64/buffered16/shared/last,1,5,"[118.81762902392012,118.9508431272087,118.98090614884684,118.81008346114602,118.74668710613959]",118.81762902392012,"[118.81301311574211,119.40795435199429,118.97802759329889,118.80734116835487,118.74253108528009]",118.81301311574211,,,464.0,1.0,256.0,0.0,,,
neoverse-v2,count/terminals256/series_folded_local/cp64/buffered16/shared/masked25,1,5,"[760.5928789197467,761.5509581887832,763.3281794424147,761.0823170729351,761.2285496514397]",761.2285496514397,"[760.5678353659886,761.5331010467695,764.1240200336745,761.0601045290906,761.2085148073501]",761.2085148073501,,,464.0,62.0,256.0,0.0,,,
neoverse-v2,count/terminals256/series_folded_local/cp64/buffered16/shared/range37,1,5,"[187.8461642028611,187.7072461427868,187.31526509942879,186.51258852358063,186.5790451570768]",187.31526509942879,"[188.08476721270128,187.7027492797349,187.3085871231165,186.506072111412,186.57260952659732]",187.3085871231165,,,464.0,37.0,256.0,0.0,,,
neoverse-v2,count/terminals256/series_folded_local/cp64/buffered16/shared/scan,1,5,"[1139.6779522413046,1142.6205430165737,1139.0065423619883,1140.1476938173673,1138.536473666647]",1139.6779522413046,"[1139.6373895959966,1143.900228982171,1138.9841347715758,1140.1112201537476,1138.4928033998112]",1139.6373895959966,,,464.0,256.0,256.0,0.0,,,
neoverse-v2,count/terminals256/series_folded_local/cp64/buffered16/shared/sparse17,1,5,"[579.8703549404322,579.1633894350946,578.9231794700464,580.0520746543444,581.3606898850749]",579.8703549404322,"[579.8497750374521,579.146058991695,578.9036827196677,580.0372437921862,581.3393601061238]",579.8497750374521,,,464.0,16.0,256.0,0.0,,,
neoverse-v2,count/terminals256/series_folded_local/cp64/native16/shared/crossing15,1,5,"[31.427696166557524,31.436353747123544,31.420265750857844,31.399565772430417,31.60620145280358]",31.427696166557524,"[31.426689262050175,31.435194009014392,31.41928132191493,31.398415024476773,31.60525298486597]",31.426689262050175,,,464.0,2.0,256.0,0.0,,,
neoverse-v2,count/terminals256/series_folded_local/cp64/native16/shared/last,1,5,"[104.92037940207763,105.00020944906852,104.88623919087857,104.88513210253566,104.83636037219054]",104.88623919087857,"[104.91668412084034,105.09190329402928,104.88311241398911,104.88145178158103,104.83300918595866]",104.88311241398911,,,464.0,1.0,256.0,0.0,,,
neoverse-v2,count/terminals256/series_folded_local/cp64/native16/shared/masked25,1,5,"[449.8606652112887,449.36008732516757,449.3172595351395,449.0075767306192,449.8860922048188]",449.36008732516757,"[449.8449338649231,449.497238988594,449.30191344583005,449.443559777952,449.8726081932573]",449.497238988594,,,464.0,62.0,256.0,0.0,,,
neoverse-v2,count/terminals256/series_folded_local/cp64/native16/shared/range37,1,5,"[142.94853961001334,141.76521579496676,142.84600636369962,141.7741290690996,141.8303826385053]",141.8303826385053,"[142.94384841319285,141.76034102934068,142.97848168408888,141.7705188870814,141.82605857915118]",141.82605857915118,,,464.0,37.0,256.0,0.0,,,
neoverse-v2,count/terminals256/series_folded_local/cp64/native16/shared/scan,1,5,"[892.854448126289,890.8130257454465,889.4018608207076,888.250446086906,891.0253632426223]",890.8130257454465,"[892.8223298513306,890.7814172853538,889.3702523560868,888.2261024716696,890.985470303414]",890.7814172853538,,,464.0,256.0,256.0,0.0,,,
neoverse-v2,count/terminals256/series_folded_local/cp64/native16/shared/sparse17,1,5,"[214.7549028635546,214.71997667499656,214.67897369786246,216.43940091471381,215.24301015881284]",214.7549028635546,"[214.7471687695386,214.71356228714,214.67262069214928,217.3580394684624,215.36380934810194]",214.7471687695386,,,464.0,16.0,256.0,0.0,,,
neoverse-v2,count/terminals256/series_folded_local/cp64/point/shared/crossing15,1,5,"[56.34801546518974,56.37463090750057,56.413938237182734,56.3659684497484,56.35140051221545]",56.3659684497484,"[56.34588655609884,56.3722491395963,56.47968971747848,56.364932543838485,56.349442894647936]",56.364932543838485,,,464.0,2.0,256.0,0.0,,,
neoverse-v2,count/terminals256/series_folded_local/cp64/point/shared/last,1,5,"[107.35921770291576,106.93433068417121,106.92882967116923,107.06651083063166,107.00172978030692]",107.00172978030692,"[107.3563659032716,106.93116721249105,106.92535452689941,107.16894187340083,106.9987221442572]",106.9987221442572,,,464.0,1.0,256.0,0.0,,,
neoverse-v2,count/terminals256/series_folded_local/cp64/point/shared/masked25,1,5,"[3250.369310182184,3231.7358047843672,3232.3951196595485,3233.9934303140303,3238.123416236082]",3233.9934303140303,"[3250.298920691191,3231.62271233515,3232.295166579271,3233.878460814966,3238.0323791667556]",3233.878460814966,,,464.0,62.0,256.0,0.0,,,
neoverse-v2,count/terminals256/series_folded_local/cp64/point/shared/range37,1,5,"[1354.2534526346144,1349.1799260844268,1350.6784672238828,1350.3085002925568,1349.0385139078548]",1350.3085002925568,"[1354.2038513890718,1349.1375218835474,1351.0933670479048,1350.263567399861,1349.001750631259]",1350.263567399861,,,464.0,37.0,256.0,0.0,,,
neoverse-v2,count/terminals256/series_folded_local/cp64/point/shared/scan,1,5,"[13591.692759307749,13630.80234833798,13641.41878668959,13650.178082190301,13632.9471624247]",13632.9471624247,"[13591.193737760897,13630.450097889123,13641.001956972077,13649.684931534091,13632.581213337618]",13632.581213337618,,,464.0,256.0,256.0,0.0,,,
neoverse-v2,count/terminals256/series_folded_local/cp64/point/shared/sparse17,1,5,"[837.8179824563108,829.7074805072549,825.1260964917589,828.3345516567258,827.8820662763939]",828.3345516567258,"[838.7073586729083,829.6801900601165,825.0967348921874,828.9172758267046,827.8377193002268]",828.9172758267046,,,464.0,16.0,256.0,0.0,,,
neoverse-v2,count/terminals256/series_folded_scan/cp16/buffered16/shared/crossing15,1,5,"[63.386719381738025,63.113136849675705,63.08414951930537,63.19911043223439,63.0759726839721]",63.113136849675705,"[63.42537514602757,63.11127684422625,63.156330307982465,63.1973402821253,63.074346302471405]",63.156330307982465,,,512.0,2.0,256.0,0.0,,,
neoverse-v2,count/terminals256/series_folded_scan/cp16/buffered16/shared/last,1,5,"[33.7716225135441,33.70547229164675,33.68264176938347,33.716851420968446,33.82801713131768]",33.716851420968446,"[33.77047592897686,33.70443169393197,33.68158190130387,33.72591329315684,33.861822105960314]",33.72591329315684,,,512.0,1.0,256.0,0.0,,,
neoverse-v2,count/terminals256/series_folded_scan/cp16/buffered16/shared/masked25,1,5,"[671.6892525596518,673.4851181934151,672.7288735766944,674.037706958051,674.7367212178244]",673.4851181934151,"[672.4677959604102,673.4711455632994,672.7092544737847,674.0199062114552,674.7168150077769]",673.4711455632994,,,512.0,62.0,256.0,0.0,,,
neoverse-v2,count/terminals256/series_folded_scan/cp16/buffered16/shared/range37,1,5,"[175.22374852732798,175.5114932444764,175.58363622686787,174.9336224399064,174.83801669464214]",175.22374852732798,"[175.21798310470197,175.50562755380275,175.5778206706633,174.92906023652404,174.83383049594872]",175.21798310470197,,,512.0,37.0,256.0,0.0,,,
neoverse-v2,count/terminals256/series_folded_scan/cp16/buffered16/shared/scan,1,5,"[1115.1241861199835,1112.9086866758546,1115.9946006034368,1111.5262823564876,1112.7748134036387]",1112.9086866758546,"[1115.1044942026967,1112.875019848725,1115.9475940941522,1111.492139112541,1112.7376528524335]",1112.875019848725,,,512.0,256.0,256.0,0.0,,,
neoverse-v2,count/terminals256/series_folded_scan/cp16/buffered16/shared/sparse17,1,5,"[481.88041379330963,482.84282758641376,482.07496551761886,482.7848275862701,481.8813103448629]",482.07496551761886,"[481.86468965358756,483.391793103504,482.06365517185543,482.77055172571505,481.8670344818578]",482.06365517185543,,,512.0,16.0,256.0,0.0,,,
neoverse-v2,count/terminals256/series_folded_scan/cp16/native16/shared/crossing15,1,5,"[19.649554197260905,19.64180171591214,19.63744462514341,19.656572085458613,19.646851343017378]",19.646851343017378,"[19.64906073009231,19.64107833792491,19.636726854678326,19.655980485576634,19.646172825665538]",19.646172825665538,,,512.0,2.0,256.0,0.0,,,
neoverse-v2,count/terminals256/series_folded_scan/cp16/native16/shared/last,1,5,"[11.63862788068385,11.633257615933928,11.633182565649955,11.635760959852611,11.630882691406113]",11.633257615933928,"[11.638369374171228,11.63288736784894,11.632785633052997,11.635347349377904,11.63051411112312]",11.63288736784894,,,512.0,1.0,256.0,0.0,,,
neoverse-v2,count/terminals256/series_folded_scan/cp16/native16/shared/masked25,1,5,"[412.2829153143522,413.55396872235457,412.1537326646071,412.581233402017,412.43499557422894]",412.43499557422894,"[412.2706993223101,413.5405724402053,412.7790498679034,412.57952198362597,412.4240188844512]",412.57952198362597,,,512.0,62.0,256.0,0.0,,,
neoverse-v2,count/terminals256/series_folded_scan/cp16/native16/shared/range37,1,5,"[127.7389872074498,125.74947383831847,125.69848648444241,126.09075602570641,125.89066817960808]",125.89066817960808,"[127.73400926033509,125.87798539515383,125.77773100810057,126.08610750157975,126.37583499530606]",126.08610750157975,,,512.0,37.0,256.0,0.0,,,
neoverse-v2,count/terminals256/series_folded_scan/cp16/native16/shared/scan,1,5,"[839.4839639641054,838.7173573580824,839.0957357361882,837.2592192192147,837.9296096100226]",838.7173573580824,"[839.7249249245195,841.9448648625008,840.1461861860691,837.2430030029371,837.8982582556504]",839.7249249245195,,,512.0,256.0,256.0,0.0,,,
neoverse-v2,count/terminals256/series_folded_scan/cp16/native16/shared/sparse17,1,5,"[128.63618812969676,128.98036331546177,129.04359417515093,129.11732367439595,128.8379605796049]",128.98036331546177,"[128.63217989264592,128.97685151129272,129.039365301046,129.27344267154376,128.83382363722478]",128.97685151129272,,,512.0,16.0,256.0,0.0,,,
neoverse-v2,count/terminals256/series_folded_scan/cp16/point/shared/crossing15,1,5,"[29.261174826479174,29.197044314351622,29.168232237236804,29.183508579588374,29.174474993403408]",29.183508579588374,"[29.29328401605582,29.196320455937308,29.1672615136746,29.18252111944276,29.17339966605367]",29.18252111944276,,,512.0,2.0,256.0,0.0,,,
neoverse-v2,count/terminals256/series_folded_scan/cp16/point/shared/last,1,5,"[26.525610663278872,26.537793566208805,26.553430189304816,26.533850252746678,26.576892714543202]",26.537793566208805,"[26.52474154037248,26.548534256371326,26.57993654269451,26.53298112978635,26.680386664787097]",26.548534256371326,,,512.0,1.0,256.0,0.0,,,
neoverse-v2,count/terminals256/series_folded_scan/cp16/point/shared/masked25,1,5,"[1009.9864431483685,1002.3134110789771,997.6317784259362,993.6771137024812,990.2023323612966]",997.6317784259362,"[1009.953498542336,1002.2809037881756,997.6061224492087,993.6500000007213,990.1760932920703]",997.6061224492087,,,512.0,62.0,256.0,0.0,,,
neoverse-v2,count/terminals256/series_folded_scan/cp16/point/shared/range37,1,5,"[426.61342846690746,426.83583363825596,426.78149774368865,426.4043785828108,426.64233443084123]",426.64233443084123,"[426.60013416249063,426.81918526707574,426.7707647270124,426.8445542131409,426.63117453258604]",426.7707647270124,,,512.0,37.0,256.0,0.0,,,
neoverse-v2,count/terminals256/series_folded_scan/cp16/point/shared/scan,1,5,"[3355.650648724914,3355.4848630466,3353.513695339565,3355.693897166743,3358.79192695524]",3355.650648724914,"[3355.5410860158563,3355.3656895692775,3353.4089380231762,3355.5771263823403,3362.7160019263374]",3355.5410860158563,,,512.0,256.0,256.0,0.0,,,
neoverse-v2,count/terminals256/series_folded_scan/cp16/point/shared/sparse17,1,5,"[212.9142256226738,213.1271984638057,213.3945194623999,212.59624470386407,212.63681531379467]",212.9142256226738,"[212.9068491488301,213.11951717607323,213.38906331005614,212.59039229426625,212.62995702133108]",212.9068491488301,,,512.0,16.0,256.0,0.0,,,
neoverse-v2,count/terminals256/series_folded_scan/cp64/buffered16/shared/crossing15,1,5,"[63.23352516674127,63.28987850551246,63.28527450442478,63.50074906370853,63.07129807254089]",63.28527450442478,"[63.231579428054225,63.35021467050395,63.284233123203194,63.4988215947388,63.06940714358996]",63.284233123203194,,,464.0,2.0,256.0,0.0,,,
neoverse-v2,count/terminals256/series_folded_scan/cp64/buffered16/shared/last,1,5,"[105.94512925478827,105.87881131074263,105.8867712835174,105.9704495488686,105.88070654233515]",105.8867712835174,"[105.94200591339616,105.87577894015153,105.88329921888999,106.10942309151469,105.87737093466338]",105.88329921888999,,,464.0,1.0,256.0,0.0,,,
neoverse-v2,count/terminals256/series_folded_scan/cp64/buffered16/shared/masked25,1,5,"[671.8156494823704,671.2434471417941,672.3790501983339,669.1736144692541,669.7782183963327]",671.2434471417941,"[671.7925331280034,671.2223619300884,675.1076506432565,669.1544636787049,669.7573266269487]",671.2223619300884,,,464.0,62.0,256.0,0.0,,,
neoverse-v2,count/terminals256/series_folded_scan/cp64/buffered16/shared/range37,1,5,"[174.90840630480648,175.21538653978376,174.8171628722377,174.43420065043904,174.65111333494517]",174.8171628722377,"[174.90250187617445,175.20928196155592,174.81133349981525,174.4298473856634,174.81841381054488]",174.81841381054488,,,464.0,37.0,256.0,0.0,,,
neoverse-v2,count/terminals256/series_folded_scan/cp64/buffered16/shared/scan,1,5,"[1110.497854758912,1110.1241061500364,1113.2831717779434,1110.1142539336015,1112.5849356423666]",1110.497854758912,"[1110.4600349627797,1110.0958207512238,1113.2490068338914,1110.085015100025,1112.9180041282364]",1110.4600349627797,,,464.0,256.0,256.0,0.0,,,
neoverse-v2,count/terminals256/series_folded_scan/cp64/buffered16/shared/sparse17,1,5,"[482.59009164212455,481.83373527181527,481.76931027334797,481.4520774477955,481.8280162615342]",481.8280162615342,"[483.1580651828367,481.8213325973239,481.75415144896965,481.4440846131232,481.8065871959182]",481.8065871959182,,,464.0,16.0,256.0,0.0,,,
neoverse-v2,count/terminals256/series_folded_scan/cp64/native16/shared/crossing15,1,5,"[19.66221676427172,19.5763514698792,19.564460929686582,19.589818133210464,19.654308301937153]",19.589818133210464,"[19.661567936156228,19.57572213452342,19.563798178230655,19.589152597094365,19.67345847636863]",19.589152597094365,,,464.0,2.0,256.0,0.0,,,
neoverse-v2,count/terminals256/series_folded_scan/cp64/native16/shared/last,1,5,"[82.01431673869334,82.20855463498219,81.99630573846355,82.0555673582706,82.03387389940605]",82.03387389940605,"[82.01207421546758,82.2060170432155,81.99409862379144,82.0531950050512,82.03115926621287]",82.03115926621287,,,464.0,1.0,256.0,0.0,,,
neoverse-v2,count/terminals256/series_folded_scan/cp64/native16/shared/masked25,1,5,"[412.219376064658,412.9106985488666,412.4137242230329,412.0638622878416,412.2535103694513]",412.2535103694513,"[412.20551083945327,413.3799424238734,412.4023265368774,412.051994595262,412.241290169862]",412.241290169862,,,464.0,62.0,256.0,0.0,,,
neoverse-v2,count/terminals256/series_folded_scan/cp64/native16/shared/range37,1,5,"[127.43771784005972,125.88460507264084,125.72668775799117,125.78731656746342,125.2117182332631]",125.78731656746342,"[127.55497166949934,125.97878349135624,125.72420326397663,125.78352726656183,125.20755357778204]",125.78352726656183,,,464.0,37.0,256.0,0.0,,,
neoverse-v2,count/terminals256/series_folded_scan/cp64/native16/shared/scan,1,5,"[837.7320028515003,838.7239249226038,836.9781420770563,837.59313376136,836.552150154345]",837.59313376136,"[837.7034925175212,839.9170824421702,836.972677597418,837.563197908825,836.5264908532573]",837.563197908825,,,464.0,256.0,256.0,0.0,,,
neoverse-v2,count/terminals256/series_folded_scan/cp64/native16/shared/sparse17,1,5,"[129.3769169727083,129.9609500433735,129.60881761299504,129.82560392709365,129.488290549367]",129.60881761299504,"[129.37265395743793,129.95757284976114,129.76278443155897,129.821710004596,129.48487644639872]",129.76278443155897,,,464.0,16.0,256.0,0.0,,,
neoverse-v2,count/terminals256/series_folded_scan/cp64/point/shared/crossing15,1,5,"[48.47330213999877,48.62722080780824,48.660421110601,48.6445950595554,48.91162870711155]",48.6445950595554,"[48.52873460384124,48.62579646331534,48.65875593460754,48.64301933513783,48.91002545922243]",48.64301933513783,,,464.0,2.0,256.0,0.0,,,
neoverse-v2,count/terminals256/series_folded_scan/cp64/point/shared/last,1,5,"[92.85965122631617,92.71228168341656,92.55190972917455,92.53513715145795,92.62118487134605]",92.62118487134605,"[92.98490601224704,92.78945685617269,92.54968493120131,92.53219295800156,92.69862648697888]",92.69862648697888,,,464.0,1.0,256.0,0.0,,,
neoverse-v2,count/terminals256/series_folded_scan/cp64/point/shared/masked25,1,5,"[3024.9099999996756,3019.0460869575822,3011.861304346019,3009.1908695648885,2999.014782608232]",3011.861304346019,"[3024.819130443931,3019.024347837706,3011.779565218089,3009.086956514357,3001.9226086917274]",3011.779565218089,,,464.0,62.0,256.0,0.0,,,
neoverse-v2,count/terminals256/series_folded_scan/cp64/point/shared/range37,1,5,"[1029.0094744624535,1027.6276831981008,1025.1940784598942,1024.6108068093913,1022.6267949672989]",1025.1940784598942,"[1028.9724648442525,1027.593338268733,1025.167727612804,1025.5372316807752,1022.6053293871014]",1025.5372316807752,,,464.0,37.0,256.0,0.0,,,
neoverse-v2,count/terminals256/series_folded_scan/cp64/point/shared/scan,1,5,"[12622.057866181714,12582.614828207114,12553.122965646846,12557.688969249384,12560.332730551689]",12560.332730551689,"[12621.631103048947,12582.262206161427,12552.70705242456,12557.372513546272,12573.661844480015]",12573.661844480015,,,464.0,256.0,256.0,0.0,,,
neoverse-v2,count/terminals256/series_folded_scan/cp64/point/shared/sparse17,1,5,"[721.2095714733341,716.1068710250785,717.6278803045169,716.8786362217605,716.8765509332968]",716.8786362217605,"[721.184339483665,716.085079760263,717.606610365151,716.8532999680385,716.8590345124247]",716.8590345124247,,,464.0,16.0,256.0,0.0,,,
neoverse-v2,count/terminals256/series_local/cp16/buffered16/shared/crossing15,1,5,"[75.14607776224004,75.3122406751367,75.39291711352162,75.35949602953602,75.1900072583948]",75.3122406751367,"[75.14325024122304,75.30958648872893,75.39044709479211,75.35689600993621,75.18732057154813]",75.30958648872893,,,544.0,2.0,256.0,0.0,,,
neoverse-v2,count/terminals256/series_local/cp16/buffered16/shared/last,1,5,"[40.80184914388809,40.44281577889542,40.496868573294854,40.63997040435888,40.67161092240883]",40.63997040435888,"[40.800812131795084,40.44146999364226,40.495645132144325,40.6386537485554,40.67017192264761]",40.6386537485554,,,544.0,1.0,256.0,0.0,,,
neoverse-v2,count/terminals256/series_local/cp16/buffered16/shared/masked25,1,5,"[745.4064832584415,745.9238643631546,744.441245467938,742.9755811475236,745.4740882917876]",745.4064832584415,"[745.3790786938165,745.8957133714158,745.2199829382662,742.9584133091303,745.449349539853]",745.3790786938165,,,544.0,62.0,256.0,0.0,,,
neoverse-v2,count/terminals256/series_local/cp16/buffered16/shared/range37,1,5,"[186.71101898901756,186.87499331368306,186.34771329227277,185.75833110459547,185.55747526079617]",186.34771329227277,"[186.7052420431172,187.05472051399212,186.3427654450355,185.75244717792512,185.5513238830086]",186.3427654450355,,,544.0,37.0,256.0,0.0,,,
neoverse-v2,count/terminals256/series_local/cp16/buffered16/shared/scan,1,5,"[1136.884815900758,1134.59840338863,1129.623330074739,1128.3110133594305,1127.7111436946097]",1129.623330074739,"[1136.8734115353077,1135.784457478805,1129.6065493636004,1128.2724014328423,1127.667481266026]",1129.6065493636004,,,544.0,256.0,256.0,0.0,,,
neoverse-v2,count/terminals256/series_local/cp16/buffered16/shared/sparse17,1,5,"[563.6476020737315,562.5146629941025,562.8451069344777,563.7064160724088,562.3024141282516]",562.8451069344777,"[563.6288885291557,562.7415748533193,562.8250162030661,564.2483797814318,562.2858068697294]",562.8250162030661,,,544.0,16.0,256.0,0.0,,,
neoverse-v2,count/terminals256/series_local/cp16/native16/cps/crossing15,1,5,"[28.92814566529005,28.823932731758024,28.76866016660142,28.800440859597543,28.823817150581583]",28.823817150581583,"[28.92704764417255,28.822855350121653,28.767677726719025,28.799602896083034,28.83518951180998]",28.822855350121653,,,544.0,2.0,256.0,0.0,,,
neoverse-v2,count/terminals256/series_local/cp16/native16/cps/last,1,5,"[16.467126726403325,16.41877109520634,16.408111843402047,16.40576375243669,16.40511503060316]",16.408111843402047,"[16.482973402434272,16.418214040612195,16.407594746315226,16.40519964645927,16.40453447155954]",16.407594746315226,,,544.0,1.0,256.0,0.0,,,
neoverse-v2,count/terminals256/series_local/cp16/native16/cps/masked25,1,5,"[453.5180005179176,452.20687645688884,452.37160062167004,453.3864931363411,451.119269619238]",452.37160062167004,"[453.50375550479436,452.1967106958819,452.358909607929,453.78541828537794,451.10826210893]",452.358909607929,,,544.0,62.0,256.0,0.0,,,
neoverse-v2,count/terminals256/series_local/cp16/native16/cps/range37,1,5,"[141.9915026833979,141.29161245728503,141.70346804362003,141.03018783543135,140.9935761912656]",141.29161245728503,"[141.9866644985046,141.42484550321043,141.698629858799,141.02541063585255,140.98936818976082]",141.42484550321043,,,544.0,37.0,256.0,0.0,,,
neoverse-v2,count/terminals256/series_local/cp16/native16/cps/scan,1,5,"[883.4159292034248,888.2486725663831,886.4668773703208,886.6563843239537,884.3570164349418]",886.4668773703208,"[883.3850821744901,892.374715548194,887.0279393146895,887.1642225037218,884.3360303418987]",887.0279393146895,,,544.0,256.0,256.0,0.0,,,
neoverse-v2,count/terminals256/series_local/cp16/native16/cps/sparse17,1,5,"[206.66815414621587,205.8215911105601,205.4027129263644,205.47496896975474,206.74930551449506]",205.8215911105601,"[206.66150481734905,205.81553283269778,205.39499970411455,205.4679945627567,206.917311898313]",205.81553283269778,,,544.0,16.0,256.0,0.0,,,
neoverse-v2,count/terminals256/series_local/cp16/native16/inline/crossing15,1,5,"[29.47739244859618,29.452689153003924,29.433997721373387,29.457540685186565,29.440854609581923]",29.452689153003924,"[29.51686895398979,29.451881965651424,29.433001349504515,29.45654851740378,29.439774155647687]",29.451881965651424,,,544.0,2.0,256.0,0.0,,,
neoverse-v2,count/terminals256/series_local/cp16/native16/inline/last,1,5,"[16.844748748497132,16.860243534205637,16.86310411003467,16.848146284259165,16.851093544202673]",16.851093544202673,"[16.844158814950504,16.87533379403233,16.869104577191717,16.847452811351914,16.850390439657758]",16.850390439657758,,,544.0,1.0,256.0,0.0,,,
neoverse-v2,count/terminals256/series_local/cp16/native16/inline/masked25,1,5,"[463.3377509772742,463.29898615064474,463.99741567805285,463.0408190312319,462.15532436548636]",463.29898615064474,"[463.32284142871544,463.2865283942771,463.98290371678706,463.0242528653034,462.60950235345484]",463.2865283942771,,,544.0,62.0,256.0,0.0,,,
neoverse-v2,count/terminals256/series_local/cp16/native16/inline/range37,1,5,"[147.5785885117608,146.8691939747366,146.96049595101448,146.61943523690732,146.40836235467117]",146.8691939747366,"[147.57325976568694,146.86441069095667,146.95609029485038,146.7613812781536,146.40456509919665]",146.86441069095667,,,544.0,37.0,256.0,0.0,,,
neoverse-v2,count/terminals256/series_local/cp16/native16/inline/scan,1,5,"[907.9889106325899,908.7891715588119,905.9634703196789,906.6041748208307,908.2587084147916]",907.9889106325899,"[907.958251796737,909.1989562956213,905.936333983448,906.5878669283152,909.1975212013804]",907.958251796737,,,544.0,256.0,256.0,0.0,,,
neoverse-v2,count/terminals256/series_local/cp16/native16/inline/sparse17,1,5,"[205.72462787548324,205.92633994228666,205.74027769608054,206.1778549155302,206.34179561102974]",205.92633994228666,"[205.71847973139344,206.69479908165283,205.73530623032545,206.17150085262736,206.3341472025858]",206.17150085262736,,,544.0,16.0,256.0,0.0,,,
neoverse-v2,count/terminals256/series_local/cp16/native16/materialized/crossing15,1,5,"[29.623182187011338,29.587822193146685,29.568466175828323,29.577817052488395,29.61795232370462]",29.587822193146685,"[29.62234523905223,29.58672608849081,29.56735307739215,29.576703954067312,29.65065277708036]",29.58672608849081,,,544.0,2.0,256.0,0.0,,,
neoverse-v2,count/terminals256/series_local/cp16/native16/materialized/last,1,5,"[16.83951878739116,16.825964140078945,16.82829589192444,16.765664894635066,16.823651442403847]",16.825964140078945,"[16.838932872231,16.825302008279493,16.827693304371525,16.76508374293712,16.82306076367147]",16.825302008279493,,,544.0,1.0,256.0,0.0,,,
neoverse-v2,count/terminals256/series_local/cp16/native16/materialized/masked25,1,5,"[464.7489739175999,464.0751357076025,463.47795577931055,464.47398384748936,463.80842049537864]",464.0751357076025,"[464.7338805771325,464.57175956607585,463.467099166322,464.46200185376415,463.79445253588295]",464.46200185376415,,,544.0,62.0,256.0,0.0,,,
neoverse-v2,count/terminals256/series_local/cp16/native16/materialized/range37,1,5,"[146.15269091588345,146.72906774875392,146.49145558371256,145.9204124746134,146.2933338910999]",146.2933338910999,"[146.29071932055382,146.72463343715296,146.48716768821913,145.915476165662,146.28829299924638]",146.29071932055382,,,544.0,37.0,256.0,0.0,,,
neoverse-v2,count/terminals256/series_local/cp16/native16/materialized/scan,1,5,"[909.3471933470338,910.2510395013419,908.2515592516879,911.1880197503326,910.7739085236185]",910.2510395013419,"[909.3188669418253,911.3004158007574,908.2266112274455,919.2848232847418,910.7655925178458]",910.7655925178458,,,544.0,256.0,256.0,0.0,,,
neoverse-v2,count/terminals256/series_local/cp16/native16/materialized/sparse17,1,5,"[205.78919014396155,205.59560187228632,205.51797226888564,205.6830639701015,205.61305896549857]",205.61305896549857,"[205.78197768526056,205.58921369492936,205.84488798653672,205.67717624918896,205.60723012107033]",205.67717624918896,,,544.0,16.0,256.0,0.0,,,
neoverse-v2,count/terminals256/series_local/cp16/native16/shared/crossing15,1,5,"[29.055477627176142,28.894435637156608,29.064159494022405,28.917713166388126,28.93293548360624]",28.93293548360624,"[29.062752633176384,28.893323428559555,29.090657448052266,28.917069911514535,28.93198097622179]",28.93198097622179,,,544.0,2.0,256.0,0.0,,,
neoverse-v2,count/terminals256/series_local/cp16/native16/shared/last,1,5,"[16.439604741037616,16.39382284683162,16.41262604100139,16.459473285287608,16.39575878034054]",16.41262604100139,"[16.439104918171846,16.393189268598853,16.41199246280197,16.541596758003898,16.39527538362863]",16.41199246280197,,,544.0,1.0,256.0,0.0,,,
neoverse-v2,count/terminals256/series_local/cp16/native16/shared/masked25,1,5,"[451.89736279400347,451.4406790643003,452.32054688007645,450.8070368688326,449.71554461213947]",451.4406790643003,"[451.8885505086024,451.42830298696,452.3065508967442,450.7938832372976,449.70070627793086]",451.42830298696,,,544.0,62.0,256.0,0.0,,,
neoverse-v2,count/terminals256/series_local/cp16/native16/shared/range37,1,5,"[141.88687416523086,141.14843971347008,141.19304245758346,140.46387663412267,140.54389444291894]",141.14843971347008,"[141.88169344764984,141.14360302725424,141.18937952803387,140.4593839802067,140.53907799388455]",141.14360302725424,,,544.0,37.0,256.0,0.0,,,
neoverse-v2,count/terminals256/series_local/cp16/native16/shared/scan,1,5,"[883.200631711907,880.5431459254849,879.531522426035,883.490713834671,881.2720151612733]",881.2720151612733,"[883.1708149067999,880.5138344899711,879.5043588108441,884.0083385975171,881.2416929879196]",881.2416929879196,,,544.0,256.0,256.0,0.0,,,
neoverse-v2,count/terminals256/series_local/cp16/native16/shared/sparse17,1,5,"[205.44573461106754,205.20571462163372,205.08942324656996,205.1694691045842,205.2829678405392]",205.20571462163372,"[205.69439708418983,205.20092304124944,205.08260332787026,205.16182609163792,205.27597154503056]",205.20092304124944,,,544.0,16.0,256.0,0.0,,,
neoverse-v2,count/terminals256/series_local/cp16/point/shared/crossing15,1,5,"[32.77932258958466,32.86590355051467,32.85362073096338,32.9010657635719,32.86100921094074]",32.86100921094074,"[32.778416056448265,32.86482322605231,32.88578621780908,32.90032362761816,32.85994297761826]",32.86482322605231,,,544.0,2.0,256.0,0.0,,,
neoverse-v2,count/terminals256/series_local/cp16/point/shared/last,1,5,"[29.440311407775997,29.46483203580357,29.492481882904276,29.437034980803706,29.418831674097014]",29.440311407775997,"[29.43933983573121,29.463797374584427,29.491430397985003,29.465181128791688,29.41807881090109]",29.463797374584427,,,544.0,1.0,256.0,0.0,,,
neoverse-v2,count/terminals256/series_local/cp16/point/shared/masked25,1,5,"[1052.5720491309742,1040.9877171956155,1040.999101258338,1040.6148891548899,1041.2592869980112]",1040.999101258338,"[1053.7832534445715,1040.9636009574165,1041.8022768140934,1040.5880766906512,1041.2230377482206]",1041.2230377482206,,,544.0,62.0,256.0,0.0,,,
neoverse-v2,count/terminals256/series_local/cp16/point/shared/range37,1,5,"[512.0574921767137,512.5132814205466,511.1971472238277,510.7254930499442,510.8379302815821]",511.1971472238277,"[512.0384251504809,512.4987264397097,511.18310166841763,512.9802780005002,511.09882832354725]",512.0384251504809,,,544.0,37.0,256.0,0.0,,,
neoverse-v2,count/terminals256/series_local/cp16/point/shared/scan,1,5,"[3608.061530506415,3605.183557394377,3610.347466390523,3607.452430197215,3604.0832471555]",3607.452430197215,"[3607.981385731305,3605.0754911995245,3625.2487073459156,3607.3841778684578,3603.969493280974]",3607.3841778684578,,,544.0,256.0,256.0,0.0,,,
neoverse-v2,count/terminals256/series_local/cp16/point/shared/sparse17,1,5,"[228.99597223134424,229.23724539915366,229.09037919972818,229.02442858083822,229.02701552168014]",229.02701552168014,"[228.9889645687618,229.540867116235,229.08340428311894,229.01319667270354,229.01925469985235]",229.01925469985235,,,544.0,16.0,256.0,0.0,,,
neoverse-v2,count/terminals256/series_local/cp64/buffered16/shared/crossing15,1,5,"[77.01631244001668,76.91462163742,76.68830996945313,77.42689181288542,77.24571233194432]",77.01631244001668,"[77.01336759801113,76.91178708909655,76.68527689231382,77.50284006289426,77.24337410548418]",77.01336759801113,,,496.0,2.0,256.0,0.0,,,
neoverse-v2,count/terminals256/series_local/cp64/buffered16/shared/last,1,5,"[120.1140909483186,119.88761756835098,120.0196220553731,120.25272240919178,120.39297609799004]",120.1140909483186,"[120.10984554278046,119.88345845209385,120.01551471223088,120.24890844760621,120.55231685178747]",120.10984554278046,,,496.0,1.0,256.0,0.0,,,
neoverse-v2,count/terminals256/series_local/cp64/buffered16/shared/masked25,1,5,"[752.3618660388505,751.9058420712793,750.2196661671427,746.1013267708349,749.232826877684]",750.2196661671427,"[756.6971966633397,751.8893644339445,750.1950567087955,746.0821741913672,749.2152792615194]",750.1950567087955,,,496.0,62.0,256.0,0.0,,,
neoverse-v2,count/terminals256/series_local/cp64/buffered16/shared/range37,1,5,"[189.02725089714136,188.12047055019255,187.65048700859026,187.50211801524804,186.41235194120299]",187.65048700859026,"[189.02180071822474,188.1145616916213,187.64465909357207,187.4952108567861,186.40671289399594]",187.64465909357207,,,496.0,37.0,256.0,0.0,,,
neoverse-v2,count/terminals256/series_local/cp64/buffered16/shared/scan,1,5,"[1130.8906021747243,1128.021749715916,1124.260347345763,1127.4857977601216,1127.4713520532139]",1127.4857977601216,"[1130.863658500287,1127.9897743915099,1124.2269112159581,1127.4419737042656,1127.4304496029652]",1127.4419737042656,,,496.0,256.0,256.0,0.0,,,
neoverse-v2,count/terminals256/series_local/cp64/buffered16/shared/sparse17,1,5,"[580.9438356163892,581.3641418211995,579.6504431909782,579.152054794511,579.4587429491216]",579.6504431909782,"[581.3813859797046,582.0245769546948,579.6359387570095,579.1359387611576,579.4397260277149]",579.6359387570095,,,496.0,16.0,256.0,0.0,,,
neoverse-v2,count/terminals256/series_local/cp64/native16/shared/crossing15,1,5,"[28.98604813104767,28.887224465092803,28.867084200326342,28.87265914498144,28.894739241808164]",28.887224465092803,"[28.984966301606224,28.88630014340943,28.866126719103328,28.87175140306052,28.893785905540486]",28.88630014340943,,,496.0,2.0,256.0,0.0,,,
neoverse-v2,count/terminals256/series_local/cp64/native16/shared/last,1,5,"[103.03618293806497,94.9389561698768,95.21446424851241,94.95207843604707,94.87545749398461]",94.95207843604707,"[103.03252298628354,94.97316035361052,95.72542922577459,94.95015919324344,94.87188680932752]",94.97316035361052,,,496.0,1.0,256.0,0.0,,,
neoverse-v2,count/terminals256/series_local/cp64/native16/shared/masked25,1,5,"[450.9810603620188,450.8951233652887,451.46350576570825,448.71848225212466,448.8517683435442]",450.8951233652887,"[450.96373123720446,450.88101526691764,451.9423436199276,448.70823938562273,448.839528441824]",450.88101526691764,,,496.0,62.0,256.0,0.0,,,
neoverse-v2,count/terminals256/series_local/cp64/native16/shared/range37,1,5,"[142.13114386475232,140.58632499545163,140.91313477258444,140.2822253481019,140.18630868656243]",140.58632499545163,"[142.12686278110692,140.7532057163514,140.90936334166082,140.27778117524943,140.1816402668832]",140.7532057163514,,,496.0,37.0,256.0,0.0,,,
neoverse-v2,count/terminals256/series_local/cp64/native16/shared/scan,1,5,"[882.5878464275642,881.10704296952,883.1775997965113,879.0764047798427,879.2259089752888]",881.10704296952,"[882.9499110071981,881.0767861673994,884.2138316809448,879.0553012979121,879.2012458689152]",881.0767861673994,,,496.0,256.0,256.0,0.0,,,
neoverse-v2,count/terminals256/series_local/cp64/native16/shared/sparse17,1,5,"[205.9744670814251,205.64878969247846,205.36668927087854,205.48539080695656,205.61564996912213]",205.61564996912213,"[205.96715511420814,205.6411828877352,205.360350267048,205.76778606629227,205.6035321522478]",205.6411828877352,,,496.0,16.0,256.0,0.0,,,
neoverse-v2,count/terminals256/series_local/cp64/point/shared/crossing15,1,5,"[55.6677012934157,55.78820206342171,55.73234019806011,55.80633861819262,55.86193717235447]",55.78820206342171,"[55.66606557241142,55.849761025055216,55.73137472377443,56.032778252079915,55.86068444951561]",55.849761025055216,,,496.0,2.0,256.0,0.0,,,
neoverse-v2,count/terminals256/series_local/cp64/point/shared/last,1,5,"[105.41441577687925,103.32453646292234,103.38719336982444,103.49550830281623,103.6557877861858]",103.49550830281623,"[105.41074075210487,103.32117903286962,103.50161822086852,103.49251383805989,103.6524606030396]",103.50161822086852,,,496.0,1.0,256.0,0.0,,,
neoverse-v2,count/terminals256/series_local/cp64/point/shared/masked25,1,5,"[3437.917733989628,3440.1270935945813,3436.3586206896416,3432.804433497466,3426.555172412937]",3436.3586206896416,"[3437.815270928713,3440.0221674810255,3436.2492610886825,3432.6990147782826,3426.4669950779908]",3436.2492610886825,,,496.0,62.0,256.0,0.0,,,
neoverse-v2,count/terminals256/series_local/cp64/point/shared/range37,1,5,"[1339.2322593017636,1339.0147679327754,1337.5059455314,1342.9652857691744,1336.3665132334932]",1339.0147679327754,"[1339.1835443016948,1338.965477564117,1337.4633678551133,1342.923858842332,1339.3532796280304]",1339.1835443016948,,,496.0,37.0,256.0,0.0,,,
neoverse-v2,count/terminals256/series_local/cp64/point/shared/scan,1,5,"[13597.620622570494,13569.4299610887,13504.7217898783,13511.749027240136,13577.258754861057]",13569.4299610887,"[13597.149805466212,13569.0000000051,13504.383268497897,13511.252918311879,13591.603112849547]",13569.0000000051,,,496.0,256.0,256.0,0.0,,,
neoverse-v2,count/terminals256/series_local/cp64/point/shared/sparse17,1,5,"[846.3758274089945,837.155307673396,822.4176268692435,818.4882324100074,816.8585437605535]",822.4176268692435,"[846.3502083856525,837.1245403280903,822.3916401065031,818.4548909032843,816.835498894274]",822.3916401065031,,,496.0,16.0,256.0,0.0,,,
neoverse-v2,count/terminals256/series_scan/cp16/buffered16/shared/crossing15,1,5,"[64.53250151875875,64.64151595870733,64.57529791110164,64.56616664329357,64.46340483199178]",64.56616664329357,"[64.53034253935458,64.7024907704464,64.57382120685902,64.59003691745541,64.46113369790436]",64.57382120685902,,,544.0,2.0,256.0,0.0,,,
neoverse-v2,count/terminals256/series_scan/cp16/buffered16/shared/last,1,5,"[34.86780778004417,34.778302941735944,34.95470833519763,34.79876445650995,34.8064928158474]",34.8064928158474,"[34.866540428511755,34.777174750312795,34.98908586684904,34.797735665285934,34.805329834396936]",34.805329834396936,,,544.0,1.0,256.0,0.0,,,
neoverse-v2,count/terminals256/series_scan/cp16/buffered16/shared/masked25,1,5,"[659.8347621290511,658.9907677815472,659.8050871407145,656.827602449547,658.7032501175026]",658.9907677815472,"[659.8108337258764,658.9720207256169,659.786999529356,656.8114931715699,658.6816768719837]",658.9720207256169,,,544.0,62.0,256.0,0.0,,,
neoverse-v2,count/terminals256/series_scan/cp16/buffered16/shared/range37,1,5,"[168.88711771499416,168.16801307943942,168.23312175419034,167.7788276591676,168.11273802658374]",168.16801307943942,"[169.49992787067367,168.16435853052698,168.22848143853196,167.77341796514597,168.2794527792917]",168.22848143853196,,,544.0,37.0,256.0,0.0,,,
neoverse-v2,count/terminals256/series_scan/cp16/buffered16/shared/scan,1,5,"[1070.9136923080764,1069.8863076924042,1071.645846153593,1070.8684615383827,1067.9075384618823]",1070.8684615383827,"[1070.8813846174683,1069.8499999998253,1071.6167692302965,1070.8344615383025,1067.8736923112479]",1070.8344615383025,,,544.0,256.0,256.0,0.0,,,
neoverse-v2,count/terminals256/series_scan/cp16/buffered16/shared/sparse17,1,5,"[489.9224409725984,487.2827016044432,486.27366356073026,486.24717999040155,488.4322847334608]",487.2827016044432,"[489.9127023048765,487.267708260371,486.25537728443277,486.2285434032932,488.4163805799363]",487.267708260371,,,544.0,16.0,256.0,0.0,,,
neoverse-v2,count/terminals256/series_scan/cp16/native16/shared/crossing15,1,5,"[20.1691756948881,20.1682321287157,20.158922275885157,20.159571335028073,20.183729488162403]",20.1682321287157,"[20.16851233929711,20.167611662519732,20.15830466899099,20.178845818395054,20.18299179097843]",20.16851233929711,,,544.0,2.0,256.0,0.0,,,
neoverse-v2,count/terminals256/series_scan/cp16/native16/shared/last,1,5,"[12.385437182405559,12.366248466799119,12.359854564567664,12.373730506396159,12.33507972665375]",12.366248466799119,"[12.39122831610707,12.36584019626397,12.359381461353058,12.373330997001101,12.334650429320131]",12.36584019626397,,,544.0,1.0,256.0,0.0,,,
neoverse-v2,count/terminals256/series_scan/cp16/native16/shared/masked25,1,5,"[422.80889909926515,423.5242730185275,422.5378151260153,422.44283900615955,422.80188622223596]",422.80188622223596,"[422.7962033737311,424.0386917356909,422.52499848922673,422.42935735446446,422.78913004000077]",422.78913004000077,,,544.0,62.0,256.0,0.0,,,
neoverse-v2,count/terminals256/series_scan/cp16/native16/shared/range37,1,5,"[127.47963735789584,127.0731400201307,127.05317311842774,126.8395272700654,126.97308965320113]",127.05317311842774,"[127.60733558762252,127.07024391966888,127.04977334858712,126.834832349928,126.96895236755745]",127.04977334858712,,,544.0,37.0,256.0,0.0,,,
neoverse-v2,count/terminals256/series_scan/cp16/native16/shared/scan,1,5,"[846.8666825661064,844.160863343822,845.6831624138326,844.7015263534282,844.6439303600006]",844.7015263534282,"[847.6984259455791,844.1382065325565,845.6535893150598,844.6756498905193,844.6128070575335]",844.6756498905193,,,544.0,256.0,256.0,0.0,,,
neoverse-v2,count/terminals256/series_scan/cp16/native16/shared/sparse17,1,5,"[136.64957598967678,136.68609558790888,136.90900386885835,136.6299777247724,136.5918754151575]",136.64957598967678,"[136.64543358501916,136.68130837488187,137.09082027439422,136.62669506446852,136.58783070818234]",136.64543358501916,,,544.0,16.0,256.0,0.0,,,
neoverse-v2,count/terminals256/series_scan/cp16/point/shared/crossing15,1,5,"[29.269665881807573,29.208605352420786,29.31073954338595,29.212026414958395,29.18554036477272]",29.212026414958395,"[29.26896744971165,29.20775636010296,29.334963008237562,29.211114689244493,29.184703919140052]",29.211114689244493,,,544.0,2.0,256.0,0.0,,,
neoverse-v2,count/terminals256/series_scan/cp16/point/shared/last,1,5,"[25.930882521759344,25.940548007099245,25.921991015907437,25.919869053031697,25.910540563555177]",25.921991015907437,"[25.93003447726985,25.939781434087717,25.921309617677892,25.918995085808785,25.909733254804667]",25.921309617677892,,,544.0,1.0,256.0,0.0,,,
neoverse-v2,count/terminals256/series_scan/cp16/point/shared/masked25,1,5,"[1000.7216981131255,997.9691252145889,992.3883647799096,991.7146941110764,992.2431389367423]",992.3883647799096,"[1000.6842481391225,997.936678100284,992.3534877089813,992.6866781021151,992.2199828471558]",992.6866781021151,,,544.0,62.0,256.0,0.0,,,
neoverse-v2,count/terminals256/series_scan/cp16/point/shared/range37,1,5,"[435.50277795138106,436.1473250515802,434.42237343151106,430.7198951244361,431.12272925918666]",434.42237343151106,"[435.4877333171922,436.13096947424975,434.9741556891596,430.7134028334938,431.11167988140585]",434.9741556891596,,,544.0,37.0,256.0,0.0,,,
neoverse-v2,count/terminals256/series_scan/cp16/point/shared/scan,1,5,"[3405.380068393919,3409.44846116201,3408.642892035759,3411.2545188075196,3407.5300439670555]",3408.642892035759,"[3405.269662913362,3409.3312164125746,3408.5319980405834,3415.0483634632,3407.4123107047367]",3408.5319980405834,,,544.0,256.0,256.0,0.0,,,
neoverse-v2,count/terminals256/series_scan/cp16/point/shared/sparse17,1,5,"[214.13775041350212,214.2341175029144,214.03684984367607,214.8615756906451,214.26563744409782]",214.2341175029144,"[214.13012313912589,214.22762359828792,214.03093794017312,215.97356490781823,214.44694602749783]",214.22762359828792,,,544.0,16.0,256.0,0.0,,,
neoverse-v2,count/terminals256/series_scan/cp64/buffered16/shared/crossing15,1,5,"[64.53865617864972,64.45588895915422,64.43133749552983,64.61254893333246,64.2951401303662]",64.45588895915422,"[64.6075432952857,64.45446794452397,64.42936641094812,64.61056868081671,64.29339824179031]",64.45446794452397,,,496.0,2.0,256.0,0.0,,,
neoverse-v2,count/terminals256/series_scan/cp64/buffered16/shared/last,1,5,"[107.96329174295596,107.73041123707303,107.76419637229144,107.67424114220154,107.74834997460056]",107.74834997460056,"[108.07221649563839,107.727518884753,107.82721272657466,107.67037954455787,107.83402821611573]",107.82721272657466,,,496.0,1.0,256.0,0.0,,,
neoverse-v2,count/terminals256/series_scan/cp64/buffered16/shared/masked25,1,5,"[657.1882474812402,657.601657406591,656.7146623975235,657.7513890197473,658.52424898744]",657.601657406591,"[657.1678124120066,657.5810339966937,656.6962990869653,657.7340615870211,659.135135134603]",657.5810339966937,,,496.0,62.0,256.0,0.0,,,
neoverse-v2,count/terminals256/series_scan/cp64/buffered16/shared/range37,1,5,"[168.16586775858718,168.14296037578643,168.02861616288948,168.11200770808222,167.64567023962186]",168.11200770808222,"[168.16013489124484,168.13737203418864,168.02269059409795,168.26332650802834,167.64039503787896]",168.13737203418864,,,496.0,37.0,256.0,0.0,,,
neoverse-v2,count/terminals256/series_scan/cp64/buffered16/shared/scan,1,5,"[1064.5733852142353,1067.481400777961,1067.6544747078656,1066.4664591443448,1064.620233463268]",1066.4664591443448,"[1064.534474706285,1067.4498054473722,1067.6199221802474,1066.428638133413,1065.735097277505]",1066.428638133413,,,496.0,256.0,256.0,0.0,,,
neoverse-v2,count/terminals256/series_scan/cp64/buffered16/shared/sparse17,1,5,"[485.7272537852604,487.04014446433354,485.522919849864,486.05125711896915,485.66384220025316]",485.7272537852604,"[485.7119738837633,487.02458674842404,485.5081261292638,486.03743575424073,485.65009028986805]",485.7119738837633,,,496.0,16.0,256.0,0.0,,,
neoverse-v2,count/terminals256/series_scan/cp64/native16/shared/crossing15,1,5,"[20.113620644017136,20.041149698136387,20.15817173174541,20.03226908264483,20.119777301483765]",20.113620644017136,"[20.112815126664376,20.040415339607964,20.180717679023733,20.031711197870127,20.11906002107359]",20.112815126664376,,,496.0,2.0,256.0,0.0,,,
neoverse-v2,count/terminals256/series_scan/cp64/native16/shared/last,1,5,"[86.51525136160038,86.250267405961,86.17213568243469,86.1369241550549,86.13328497485864]",86.17213568243469,"[86.51219002425412,86.24745195923288,86.16927105759166,86.21731807182258,86.13173586450162]",86.21731807182258,,,496.0,1.0,256.0,0.0,,,
neoverse-v2,count/terminals256/series_scan/cp64/native16/shared/masked25,1,5,"[420.9158720580003,421.029692214894,424.51599275791114,423.8213639105837,423.53681351834945]",423.53681351834945,"[420.910742305011,421.02214846092676,426.98105009092785,423.81394085711565,423.5213035612408]",423.5213035612408,,,496.0,62.0,256.0,0.0,,,
neoverse-v2,count/terminals256/series_scan/cp64/native16/shared/range37,1,5,"[127.39250386682477,126.98883133701304,127.05406280353711,126.90608251501837,126.92734074317339]",126.98883133701304,"[127.3889967986352,126.9849285995063,127.04931477262566,126.97187151529855,126.9232941260021]",126.9849285995063,,,496.0,37.0,256.0,0.0,,,
neoverse-v2,count/terminals256/series_scan/cp64/native16/shared/scan,1,5,"[846.6821112969351,842.6653928826432,852.8403391450398,845.151779316805,844.190112251848]",845.151779316805,"[847.0179125855764,842.6405540959886,910.5705755902652,845.1466443765917,844.1643181280119]",845.1466443765917,,,496.0,256.0,256.0,0.0,,,
neoverse-v2,count/terminals256/series_scan/cp64/native16/shared/sparse17,1,5,"[136.4517148452168,136.75542371897137,136.03072956045935,136.64805444077837,136.11394172044405]",136.4517148452168,"[136.44822505270847,136.75152678405652,136.0271622170722,136.64394424117066,136.1097539700264]",136.44822505270847,,,496.0,16.0,256.0,0.0,,,
neoverse-v2,count/terminals256/series_scan/cp64/point/shared/crossing15,1,5,"[47.04083839978825,46.93572268316537,47.03732491350535,46.95129488427647,46.944657552644784]",46.95129488427647,"[47.03936716925066,46.93431863215103,47.035927580486295,46.949796781972545,46.943240065926275]",46.949796781972545,,,496.0,2.0,256.0,0.0,,,
neoverse-v2,count/terminals256/series_scan/cp64/point/shared/last,1,5,"[96.95198228744472,96.83929979934824,96.7619317788577,96.89155192693129,96.69989621533608]",96.83929979934824,"[97.0614958830075,96.8363108007196,96.75851380351054,97.19225074364225,96.6972670034852]",96.8363108007196,,,496.0,1.0,256.0,0.0,,,
neoverse-v2,count/terminals256/series_scan/cp64/point/shared/masked25,1,5,"[2985.0815450643427,2979.2811158786412,2973.1236051503506,2973.621459227628,2960.6587982827996]",2973.621459227628,"[2984.9721030013006,2979.1914163019287,2973.0390557978053,2977.693133039664,2960.598712454641]",2977.693133039664,,,496.0,62.0,256.0,0.0,,,
neoverse-v2,count/terminals256/series_scan/cp64/point/shared/range37,1,5,"[1079.391082999363,1062.1542733726526,1048.7520826906464,1047.9788645482479,1044.747917309331]",1048.7520826906464,"[1079.3511261947938,1063.4154581951072,1048.7213822897359,1047.9506325209522,1050.2537796981258]",1050.2537796981258,,,496.0,37.0,256.0,0.0,,,
neoverse-v2,count/terminals256/series_scan/cp64/point/shared/scan,1,5,"[12593.940433217835,12553.864620943017,12561.779783392272,12568.001805054708,12469.315884475325]",12561.779783392272,"[12593.532490990705,12553.445848358017,12642.56317690877,12930.366426008315,12479.277978309503]",12593.532490990705,,,496.0,256.0,256.0,0.0,,,
neoverse-v2,count/terminals256/series_scan/cp64/point/shared/sparse17,1,5,"[747.0891364903578,744.623098349816,745.6736661669241,743.548317977123,744.6492393400051]",744.6492393400051,"[747.064602528371,744.5989929298252,745.6541675611134,743.5258195857152,746.7673023341467]",745.6541675611134,,,496.0,16.0,256.0,0.0,,,
neoverse-v2,count/terminals256/tuple_absolute6/cp16/point/shared/crossing15,1,5,"[18.0439619218928,18.07207605285562,18.223566773645306,18.153645792956556,18.318712951617975]",18.153645792956556,"[18.043297828882043,18.071437800040904,18.222944024920675,18.153023044332905,18.318020434400747]",18.153023044332905,,,1536.0,2.0,256.0,0.0,,,
neoverse-v2,count/terminals256/tuple_absolute6/cp16/point/shared/last,1,5,"[11.609200938558292,11.673869742564067,11.690841373451514,11.749835685583502,11.670892850269674]",11.673869742564067,"[11.608948404416024,11.67344662251026,11.690470098125681,11.749434306814333,11.670484781919711]",11.67344662251026,,,1536.0,1.0,256.0,0.0,,,
neoverse-v2,count/terminals256/tuple_absolute6/cp16/point/shared/masked25,1,5,"[503.446881967907,500.37351650718176,497.80773933684367,506.1971516937414,504.6537437962311]",503.446881967907,"[503.4294037251214,500.3574768039823,497.7947924915568,506.84305545427713,504.80342372077934]",503.4294037251214,,,1536.0,62.0,256.0,0.0,,,
neoverse-v2,count/terminals256/tuple_absolute6/cp16/point/shared/range37,1,5,"[226.05982961357412,225.40199540023934,227.93191020700687,224.55132648771354,225.41074147252306]",225.41074147252306,"[226.1530562658475,225.62320624502874,227.92536684942706,224.5459168801189,226.7473356872692]",226.1530562658475,,,1536.0,37.0,256.0,0.0,,,
neoverse-v2,count/terminals256/tuple_absolute6/cp16/point/shared/scan,1,5,"[1585.7660059240093,1582.0091136934182,1588.4565960356713,1586.6600592386194,1586.0751879697127]",1586.0751879697127,"[1585.7129186640977,1581.960127586938,1593.5411255434592,1586.627249939128,1586.8247892509896]",1586.627249939128,,,1536.0,256.0,256.0,0.0,,,
neoverse-v2,count/terminals256/tuple_absolute6/cp16/point/shared/sparse17,1,5,"[98.25605580042038,98.47344710470598,97.79515535970124,97.98912341762895,97.93179330282153]",97.98912341762895,"[98.25261739662798,98.46995256410851,97.79184326481717,98.13349425979698,97.92921099153911]",98.13349425979698,,,1536.0,16.0,256.0,0.0,,,
neoverse-v2,count/terminals256/tuple_checkpoint2/cp16/buffered16/shared/crossing15,1,5,"[75.98397495336538,76.5533822775284,76.29698153138911,75.26760409737453,76.39051369601262]",76.29698153138911,"[76.14979982316234,76.55079688881146,76.29433068970985,75.36191078764645,76.38821193661816]",76.29433068970985,,,576.0,2.0,256.0,0.0,,,
neoverse-v2,count/terminals256/tuple_checkpoint2/cp16/buffered16/shared/last,1,5,"[38.38345555139867,38.492386984866904,38.60217467669847,38.4184194348861,38.506427426619595]",38.492386984866904,"[38.381984543385165,38.49115748564454,38.60081893426387,38.41724482408386,38.54145717610197]",38.49115748564454,,,576.0,1.0,256.0,0.0,,,
neoverse-v2,count/terminals256/tuple_checkpoint2/cp16/buffered16/shared/masked25,1,5,"[775.6567245710627,773.3004479403405,774.4930623841685,770.5299901670994,774.3862121708221]",774.3862121708221,"[775.6297388810772,774.3984485951095,774.4774390899664,773.9365235438089,774.3672020105868]",774.3984485951095,,,576.0,62.0,256.0,0.0,,,
neoverse-v2,count/terminals256/tuple_checkpoint2/cp16/buffered16/shared/range37,1,5,"[194.15353771615906,194.19266003952416,194.35416144570794,194.0732603792474,194.2716843482797]",194.19266003952416,"[194.1466878285627,194.186923955019,194.34775708015925,194.06693954852,194.26472308098755]",194.186923955019,,,576.0,37.0,256.0,0.0,,,
neoverse-v2,count/terminals256/tuple_checkpoint2/cp16/buffered16/shared/scan,1,5,"[1194.6528391703557,1198.3199591971654,1191.7517851068649,1184.6290377421856,1179.43913634813]",1191.7517851068649,"[1196.3112886792514,1198.291567495542,1191.71302278275,1184.5919755165937,1179.3971438293322]",1191.71302278275,,,576.0,256.0,256.0,0.0,,,
neoverse-v2,count/terminals256/tuple_checkpoint2/cp16/buffered16/shared/sparse17,1,5,"[602.4764715946831,595.5167693361168,594.9151266257142,593.7801163587869,594.9878507871854]",594.9878507871854,"[602.4539698840963,598.9550821373714,594.9130732359341,593.7614647517961,594.966033538744]",594.966033538744,,,576.0,16.0,256.0,0.0,,,
neoverse-v2,count/terminals256/tuple_checkpoint2/cp16/native16/shared/crossing15,1,5,"[25.976558993812702,25.91940299615661,25.971978354158246,25.913739322661637,25.985260354647338]",25.971978354158246,"[25.975661410985808,25.91854992159934,25.970943537620805,25.912875121083083,25.984340517738346]",25.970943537620805,,,576.0,2.0,256.0,0.0,,,
neoverse-v2,count/terminals256/tuple_checkpoint2/cp16/native16/shared/last,1,5,"[15.470446023940166,15.44638657752542,15.420474375716813,15.44666350181908,15.465388858856937]",15.44666350181908,"[15.484661471030378,15.445854707042885,15.419982065858813,15.446162400697302,15.52261987961714]",15.446162400697302,,,576.0,1.0,256.0,0.0,,,
neoverse-v2,count/terminals256/tuple_checkpoint2/cp16/native16/shared/masked25,1,5,"[452.11339337773603,452.3252770037682,453.5599688979408,452.37711397663435,453.2363117994393]",452.37711397663435,"[452.0991382115905,452.3108922433386,453.99339078605243,452.36674658192305,453.2212790770273]",452.36674658192305,,,576.0,62.0,256.0,0.0,,,
neoverse-v2,count/terminals256/tuple_checkpoint2/cp16/native16/shared/range37,1,5,"[131.93200030097213,131.62096986569287,131.3725593469307,130.97889469922333,130.99411233587048]",131.3725593469307,"[132.1401941234113,131.7187276624173,131.36843986288167,131.07373687982343,130.99035025052717]",131.36843986288167,,,576.0,37.0,256.0,0.0,,,
neoverse-v2,count/terminals256/tuple_checkpoint2/cp16/native16/shared/scan,1,5,"[859.882021093821,856.8988226638147,858.312852587572,856.9947265143422,858.4275202352544]",858.312852587572,"[859.8497669862248,856.8736816275311,859.4851606588095,856.9778023048362,858.3958793241222]",858.3958793241222,,,576.0,256.0,256.0,0.0,,,
neoverse-v2,count/terminals256/tuple_checkpoint2/cp16/native16/shared/sparse17,1,5,"[173.22290589072284,172.6691589243243,172.7841541441142,172.27080626574062,172.634324516452]",172.6691589243243,"[173.21844434101345,172.66386389812715,172.779177799809,172.2655112391951,172.8439928417427]",172.779177799809,,,576.0,16.0,256.0,0.0,,,
neoverse-v2,count/terminals256/tuple_checkpoint2/cp16/point/shared/crossing15,1,5,"[57.00764488285613,55.67200986435513,56.903766755491276,55.74381289526676,55.58507617040307]",55.74381289526676,"[57.06905850990842,55.670554075112705,56.902080267230005,55.74203094551404,55.583341951537385]",55.74203094551404,,,576.0,2.0,256.0,0.0,,,
neoverse-v2,count/terminals256/tuple_checkpoint2/cp16/point/shared/last,1,5,"[52.539967819081404,52.037960201945765,51.969966933353724,52.099008000938056,52.17358507277769]",52.099008000938056,"[52.58099111327786,52.03612234647984,52.022762835494525,52.09744324039407,52.17199816950071]",52.09744324039407,,,576.0,1.0,256.0,0.0,,,
neoverse-v2,count/terminals256/tuple_checkpoint2/cp16/point/shared/masked25,1,5,"[1853.1891963807032,1856.446514102976,1852.56625864832,1861.9757849916798,1856.5516232037498]",1856.446514102976,"[1853.1330494931972,1857.1349121872993,1852.5013304962922,1870.199574245778,1857.7064928134262]",1857.1349121872993,,,576.0,62.0,256.0,0.0,,,
neoverse-v2,count/terminals256/tuple_checkpoint2/cp16/point/shared/range37,1,5,"[932.4500265812788,923.3821105796425,932.1977671451853,929.0651249331565,932.3054226475135]",932.1977671451853,"[932.4181286534215,923.3507442834675,932.1701222750365,929.0346889946686,933.1831472615149]",932.1701222750365,,,576.0,37.0,256.0,0.0,,,
neoverse-v2,count/terminals256/tuple_checkpoint2/cp16/point/shared/scan,1,5,"[6681.761265580847,6678.331735378461,6661.123681687196,6668.975071910155,6684.3844678843525]",6678.331735378461,"[6681.545541706587,6678.121764134491,6660.904122714724,6668.793863848282,6691.9664429466275]",6678.121764134491,,,576.0,256.0,256.0,0.0,,,
neoverse-v2,count/terminals256/tuple_checkpoint2/cp16/point/shared/sparse17,1,5,"[415.3222242237592,419.0690566263638,412.9392902180469,416.9277007146232,418.7571008228206]",416.9277007146232,"[415.30865309623107,419.0556656448651,412.9249984995747,416.91358914410034,418.74491082686876]",416.91358914410034,,,576.0,16.0,256.0,0.0,,,
neoverse-v2,count/terminals256/tuple_checkpoint2/cp64/buffered16/shared/crossing15,1,5,"[75.10910126141654,75.62966450599419,76.69882182901318,76.8080654344931,76.40085187457211]",76.40085187457211,"[75.22773957580357,75.62779213404116,76.69630343357004,76.80536089708929,76.3985743692446]",76.3985743692446,,,528.0,2.0,256.0,0.0,,,
neoverse-v2,count/terminals256/tuple_checkpoint2/cp64/buffered16/shared/last,1,5,"[178.47058523385266,178.39897443744027,177.69284147150654,178.56681463338865,178.2863666514376]",178.39897443744027,"[178.46474309920094,178.3946629931659,177.864993111548,178.5624011434456,178.28126435033076]",178.3946629931659,,,528.0,1.0,256.0,0.0,,,
neoverse-v2,count/terminals256/tuple_checkpoint2/cp64/buffered16/shared/masked25,1,5,"[766.1115611999049,770.253777096614,769.7513685133476,771.037880446656,770.9589446026381]",770.253777096614,"[766.0857236684378,770.2305671139105,769.7295817802606,771.012371361507,771.8180424766641]",770.2305671139105,,,528.0,62.0,256.0,0.0,,,
neoverse-v2,count/terminals256/tuple_checkpoint2/cp64/buffered16/shared/range37,1,5,"[193.68378228267596,193.8093029714,193.72299361285064,193.90094418216046,194.5825881699081]",193.8093029714,"[193.67758955900558,193.8029991671689,193.7169119687543,194.08147736742663,194.74301582904388]",193.8029991671689,,,528.0,37.0,256.0,0.0,,,
neoverse-v2,count/terminals256/tuple_checkpoint2/cp64/buffered16/shared/scan,1,5,"[1181.8987083615975,1182.9911624742672,1181.4500339907331,1181.0718898705923,1196.715329707855]",1181.8987083615975,"[1189.2938477222078,1182.9578518051412,1181.4221617944531,1181.0375594832792,1198.173181508008]",1182.9578518051412,,,528.0,256.0,256.0,0.0,,,
neoverse-v2,count/terminals256/tuple_checkpoint2/cp64/buffered16/shared/sparse17,1,5,"[603.2362937661719,591.3983774552004,593.5477369770281,593.2414175920271,592.3349274126276]",593.2414175920271,"[603.2141759184724,591.3800170806646,593.5263877038675,593.2236549944857,592.3136635341434]",593.2236549944857,,,528.0,16.0,256.0,0.0,,,
neoverse-v2,count/terminals256/tuple_checkpoint2/cp64/native16/shared/crossing15,1,5,"[25.987311448951907,25.982805476775564,25.91293513918606,25.95949438326373,25.92327258725847]",25.95949438326373,"[25.986500596111117,26.144487311450437,25.912442703494705,25.95881682132485,25.92242470921027]",25.95881682132485,,,528.0,2.0,256.0,0.0,,,
neoverse-v2,count/terminals256/tuple_checkpoint2/cp64/native16/shared/last,1,5,"[157.44112229309513,155.49647317824105,156.06752628266605,157.84902057684934,154.2560876987856]",156.06752628266605,"[157.43604546684426,155.49180070110157,156.06296612494143,158.04297331295064,154.25242609414522]",156.06296612494143,,,528.0,1.0,256.0,0.0,,,
neoverse-v2,count/terminals256/tuple_checkpoint2/cp64/native16/shared/masked25,1,5,"[452.38257673471094,452.2890121227161,451.5294041785785,450.8779339695871,450.94293267981004]",451.5294041785785,"[452.5584214596727,454.23420170241303,451.52018313107226,450.86548877943596,450.9293267996813]",451.52018313107226,,,528.0,62.0,256.0,0.0,,,
neoverse-v2,count/terminals256/tuple_checkpoint2/cp64/native16/shared/range37,1,5,"[131.18836424963683,130.9799700206011,131.12911748174707,130.74513771781687,131.10741989883738]",131.10741989883738,"[131.1839235529143,130.97611017399265,131.12523889828512,130.74129660832824,131.22422709350374]",131.12523889828512,,,528.0,37.0,256.0,0.0,,,
neoverse-v2,count/terminals256/tuple_checkpoint2/cp64/native16/shared/scan,1,5,"[864.855104280795,864.3250396391053,864.2073423587437,865.0424442001987,862.9409684107823]",864.3250396391053,"[864.826686179542,864.2832052707986,864.1836809372612,865.364190757446,862.9125503112625]",864.2832052707986,,,528.0,256.0,256.0,0.0,,,
neoverse-v2,count/terminals256/tuple_checkpoint2/cp64/native16/shared/sparse17,1,5,"[172.5630075334972,172.248532433176,172.83798062809058,171.79661970454154,171.32753644461755]",172.248532433176,"[172.76631445059218,172.24366500323256,172.83235495499034,171.79140984293073,171.3219107718649]",172.24366500323256,,,528.0,16.0,256.0,0.0,,,
neoverse-v2,count/terminals256/tuple_checkpoint2/cp64/point/shared/crossing15,1,5,"[101.02628802782931,99.43888461213346,100.72069683231112,99.25070567104645,99.83845123031732]",99.83845123031732,"[101.02337980779298,99.43550594485748,100.71724688512734,99.24765489134643,105.41416474212483]",100.71724688512734,,,528.0,2.0,256.0,0.0,,,
neoverse-v2,count/terminals256/tuple_checkpoint2/cp64/point/shared/last,1,5,"[186.3440783189994,185.92905656378431,186.86543563626412,185.7696593442225,185.77997983654606]",185.92905656378431,"[193.77923697286053,208.77393080772472,187.77042873857127,196.0450758785165,195.30518412415736]",195.30518412415736,,,528.0,1.0,256.0,0.0,,,
neoverse-v2,count/terminals256/tuple_checkpoint2/cp64/point/shared/masked25,1,5,"[6160.932743362871,6154.72035398394,6151.42123894025,6150.789380531194,6145.622123894068]",6151.42123894025,"[6160.753982301854,6154.530088494048,6151.256637175583,6160.367256653299,6145.471681432041]",6154.530088494048,,,528.0,62.0,256.0,0.0,,,
neoverse-v2,count/terminals256/tuple_checkpoint2/cp64/point/shared/range37,1,5,"[2388.560632085362,2411.9299209899186,2392.06630024023,2393.8543455857416,2392.480934386706]",2392.480934386706,"[2388.4864307848134,2422.296805219488,2392.0123668880756,2393.7925111667873,2392.4108553739197]",2392.4108553739197,,,528.0,37.0,256.0,0.0,,,
neoverse-v2,count/terminals256/tuple_checkpoint2/cp64/point/shared/scan,1,5,"[24150.97931033913,24142.08275861393,24119.903448283843,24179.303448273822,24122.893103458602]",24142.08275861393,"[24159.05862062965,24141.38965516956,24119.151724095962,24204.017241388476,24122.317241378743]",24141.38965516956,,,528.0,256.0,256.0,0.0,,,
neoverse-v2,count/terminals256/tuple_checkpoint2/cp64/point/shared/sparse17,1,5,"[1515.5970727508125,1508.4851485145082,1527.7227722773086,1514.088032716159,1513.4158415842066]",1514.088032716159,"[1515.5475678031037,1508.446620743206,1527.6816616441636,1514.0402496783847,1514.8626775687512]",1514.8626775687512,,,528.0,16.0,256.0,0.0,,,
neoverse-v2,count/terminals256/tuple_folded2/cp16/buffered16/shared/crossing15,1,5,"[154.56365971384247,154.62072096010286,154.71963154873205,154.54001151411714,154.79812674377303]",154.62072096010286,"[154.55854479403257,154.6158274655605,154.71538018693067,154.5346087417426,154.79329967715705]",154.6158274655605,,,576.0,2.0,256.0,0.0,,,
neoverse-v2,count/terminals256/tuple_folded2/cp16/buffered16/shared/last,1,5,"[79.32962336492331,79.07523680649564,79.10007893551108,79.14590663062049,79.07722147045992]",79.10007893551108,"[79.4072507893036,79.07277852934142,79.09756427589336,79.14336941816161,79.07437979236175]",79.09756427589336,,,576.0,1.0,256.0,0.0,,,
neoverse-v2,count/terminals256/tuple_folded2/cp16/buffered16/shared/masked25,1,5,"[1236.309786477363,1235.7975088972603,1235.5736654800698,1238.2994661916678,1235.866370107233]",1235.866370107233,"[1236.2622775772672,1235.7585409244023,1235.5389679714629,1241.089857647723,1235.8491103174315]",1235.8491103174315,,,576.0,62.0,256.0,0.0,,,
neoverse-v2,count/terminals256/tuple_folded2/cp16/buffered16/shared/range37,1,5,"[276.05289940834786,276.26047337292175,276.1002366864469,275.7897041418813,276.12820512819314]",276.1002366864469,"[276.0450493089388,276.5484418136169,276.09487179532516,275.7812228795529,276.2276528599083]",276.09487179532516,,,576.0,37.0,256.0,0.0,,,
neoverse-v2,count/terminals256/tuple_folded2/cp16/buffered16/shared/scan,1,5,"[1625.222041384384,1626.2859800054346,1627.8779353633831,1625.0420832367472,1627.118112066385]",1626.2859800054346,"[1625.1629853509735,1626.2378516666406,1629.5503371275395,1625.009300161157,1627.7607533162177]",1626.2378516666406,,,576.0,256.0,256.0,0.0,,,
neoverse-v2,count/terminals256/tuple_folded2/cp16/buffered16/shared/sparse17,1,5,"[1186.8515439436064,1188.3915846632217,1186.9648795388605,1187.2088564642402,1191.3875127252018]",1187.2088564642402,"[1186.8131998641209,1188.355955206592,1186.9277231073263,1187.1739056663384,1198.8303359314225]",1187.1739056663384,,,576.0,16.0,256.0,0.0,,,
neoverse-v2,count/terminals256/tuple_folded2/cp16/native16/shared/crossing15,1,5,"[26.854146755267447,26.90470542628958,26.891777882681527,26.848370047080316,26.869703564673845]",26.869703564673845,"[26.853198684189834,26.93093283283735,26.89084132665138,26.84732217904286,26.86885145227965]",26.86885145227965,,,576.0,2.0,256.0,0.0,,,
neoverse-v2,count/terminals256/tuple_folded2/cp16/native16/shared/last,1,5,"[15.572819296533885,15.560874119451926,15.63973354769922,15.55280215607227,15.553911635802159]",15.560874119451926,"[15.572296667327281,15.560397995395856,15.654745849438347,15.552321603017935,15.553413366487264]",15.560397995395856,,,576.0,1.0,256.0,0.0,,,
neoverse-v2,count/terminals256/tuple_folded2/cp16/native16/shared/masked25,1,5,"[459.90727868848194,459.43731147538705,458.5474754098048,458.95777049147415,459.23377049171296]",459.23377049171296,"[460.3617049169174,459.42655737846627,458.536918032581,458.9462295087764,459.2187540981927]",459.2187540981927,,,576.0,62.0,256.0,0.0,,,
neoverse-v2,count/terminals256/tuple_folded2/cp16/native16/shared/range37,1,5,"[132.21989706465155,132.24374564023233,132.25475557567506,131.9303395358072,132.1410553702177]",132.21989706465155,"[132.2154855492347,132.23940953587356,132.90652866524215,132.03082404851529,132.23935297804886]",132.23935297804886,,,576.0,37.0,256.0,0.0,,,
neoverse-v2,count/terminals256/tuple_folded2/cp16/native16/shared/scan,1,5,"[872.1165825431507,867.0755878369135,865.513726455444,865.9980302847874,867.0193278346075]",867.0193278346075,"[875.6677335956318,867.0573679693986,865.4888587936549,865.9705773740916,866.9950757103132]",866.9950757103132,,,576.0,256.0,256.0,0.0,,,
neoverse-v2,count/terminals256/tuple_folded2/cp16/native16/shared/sparse17,1,5,"[180.43148589800478,180.09148175021346,180.61686022396844,179.76125051838866,179.68200435513717]",180.09148175021346,"[180.4277789299113,180.0854158027088,180.61061281601317,179.75570302763026,179.67910099492676]",180.0854158027088,,,576.0,16.0,256.0,0.0,,,
neoverse-v2,count/terminals256/tuple_folded2/cp16/point/shared/crossing15,1,5,"[32.03136014741975,31.20100284482263,31.82860388972477,31.281351201434955,31.21696695353613]",31.281351201434955,"[32.03028662936033,31.20010824642919,31.827508006719025,31.310376447067767,31.216072355142686]",31.310376447067767,,,576.0,2.0,256.0,0.0,,,
neoverse-v2,count/terminals256/tuple_folded2/cp16/point/shared/last,1,5,"[29.60581095369383,29.560955804598557,29.373833791496423,29.517623176126527,29.53108056669696]",29.53108056669696,"[29.604626770983526,29.58629308521548,29.37266652568327,29.516548953277745,29.530090928273825]",29.530090928273825,,,576.0,1.0,256.0,0.0,,,
neoverse-v2,count/terminals256/tuple_folded2/cp16/point/shared/masked25,1,5,"[886.5864055296353,885.5579877113012,884.9701740907999,884.0921658988478,885.2318228370488]",885.2318228370488,"[887.4393241155957,885.5431387588302,884.9423963157263,884.0661802340701,885.2031490004604]",885.2031490004604,,,576.0,62.0,256.0,0.0,,,
neoverse-v2,count/terminals256/tuple_folded2/cp16/point/shared/range37,1,5,"[427.56188945238375,432.9225299866306,428.09502905868203,427.2547916409327,426.8490787682401]",427.56188945238375,"[427.5477309267204,432.89934462790995,428.0811796709476,427.242611599859,426.8391863492456]",427.5477309267204,,,576.0,37.0,256.0,0.0,,,
neoverse-v2,count/terminals256/tuple_folded2/cp16/point/shared/scan,1,5,"[3018.846982758867,3013.240517241741,3013.6724137939796,3011.221120688316,3014.0008620679223]",3013.6724137939796,"[3022.779310339666,3013.167672423441,3013.5767241462036,3011.141379310065,3013.8999999952052]",3013.5767241462036,,,576.0,256.0,256.0,0.0,,,
neoverse-v2,count/terminals256/tuple_folded2/cp16/point/shared/sparse17,1,5,"[193.4352381742893,193.4100798983034,193.51134887061667,193.14605623289552,193.15764009849764]",193.4100798983034,"[193.42702717683147,193.4031959306018,193.7049846565953,193.14193691113334,193.15529014935092]",193.4031959306018,,,576.0,16.0,256.0,0.0,,,
neoverse-v2,count/terminals256/tuple_folded2/cp64/buffered16/shared/crossing15,1,5,"[154.79553226446873,154.84600524043745,154.68590398361587,155.00794954909117,154.680996580309]",154.79553226446873,"[154.79004751939215,154.9146644753672,154.68057467690227,155.00293111894567,154.67582271211612]",154.79004751939215,,,528.0,2.0,256.0,0.0,,,
neoverse-v2,count/terminals256/tuple_folded2/cp64/buffered16/shared/last,1,5,"[129.06677527436173,129.515041561028,129.99203954314953,128.9848010812413,129.8833330247816]",129.515041561028,"[129.27372864072032,129.51148712482532,129.98805931470247,128.98050613696478,129.87887146621145]",129.51148712482532,,,528.0,1.0,256.0,0.0,,,
neoverse-v2,count/terminals256/tuple_folded2/cp64/buffered16/shared/masked25,1,5,"[1235.7901060076908,1235.8796819786737,1235.3289752651483,1242.0123674919178,1236.690282685922]",1235.8796819786737,"[1235.7492932853488,1235.8416961142002,1235.293109538427,1244.424381624904,1236.6712014147693]",1235.8416961142002,,,528.0,62.0,256.0,0.0,,,
neoverse-v2,count/terminals256/tuple_folded2/cp64/buffered16/shared/range37,1,5,"[276.20500671231144,276.3276079918134,276.29155808287277,275.8195925134185,276.17878859661624]",276.20500671231144,"[276.1953723456349,276.60961067712833,276.28472715770647,275.81169549134546,276.1694701097565]",276.1953723456349,,,528.0,37.0,256.0,0.0,,,
neoverse-v2,count/terminals256/tuple_folded2/cp64/buffered16/shared/scan,1,5,"[1626.9451831121587,1624.812223001056,1629.0051317947746,1627.9232563573926,1635.6874271046645]",1627.9232563573926,"[1626.884534643303,1624.75227431652,1630.6134826175391,1721.6948915279481,1675.6482388576107]",1630.6134826175391,,,528.0,256.0,256.0,0.0,,,
neoverse-v2,count/terminals256/tuple_folded2/cp64/buffered16/shared/sparse17,1,5,"[1200.6410978189526,1200.9628782537627,1194.5179451092417,1195.2718156234612,1194.673117522123]",1195.2718156234612,"[1248.4656931729978,1364.0598170287876,1279.0214637570123,1195.2716396941298,1200.7503518675633]",1248.4656931729978,,,528.0,16.0,256.0,0.0,,,
neoverse-v2,count/terminals256/tuple_folded2/cp64/native16/shared/crossing15,1,5,"[26.886175173690628,26.88730927000631,26.850960521916914,26.865084826556153,26.835744409289088]",26.865084826556153,"[26.913747169462315,26.886528857995163,26.850053244842513,26.87632199112669,26.834879420514476]",26.87632199112669,,,528.0,2.0,256.0,0.0,,,
neoverse-v2,count/terminals256/tuple_folded2/cp64/native16/shared/last,1,5,"[86.98260194752218,87.68555836477398,87.28723058049712,88.77646631784864,86.8064560542691]",87.28723058049712,"[86.97964803369756,88.10947004787683,87.40197011057403,88.77481412873918,86.80355220669757]",87.40197011057403,,,528.0,1.0,256.0,0.0,,,
neoverse-v2,count/terminals256/tuple_folded2/cp64/native16/shared/masked25,1,5,"[457.02582036875344,457.53850176493506,457.2016603479862,456.47149954261926,456.6383841027988]",457.02582036875344,"[457.0118316127536,457.5235324873635,457.1912014631422,456.4571185775263,457.0865472613053]",457.0865472613053,,,528.0,62.0,256.0,0.0,,,
neoverse-v2,count/terminals256/tuple_folded2/cp64/native16/shared/range37,1,5,"[132.18960902847806,131.99986898991654,132.22202466736184,131.9609777095474,131.951975444931]",131.99986898991654,"[132.1850985386714,131.99571409848352,132.2801931463602,132.08985420462366,131.94812000528495]",132.08985420462366,,,528.0,37.0,256.0,0.0,,,
neoverse-v2,count/terminals256/tuple_folded2/cp64/native16/shared/scan,1,5,"[871.843462018071,867.0924034868916,865.8826899135762,866.6323785802776,865.409339975169]",866.6323785802776,"[871.8169364897079,867.0611457040897,866.1536737254709,866.6012453273904,866.4933997491222]",866.6012453273904,,,528.0,256.0,256.0,0.0,,,
neoverse-v2,count/terminals256/tuple_folded2/cp64/native16/shared/sparse17,1,5,"[182.79396500003415,182.9302610646633,182.9339644785208,182.3268393186717,182.67618600524847]",182.79396500003415,"[182.78796651257048,182.924732023703,182.9284093576419,182.32164932369514,182.6703961610252]",182.78796651257048,,,528.0,16.0,256.0,0.0,,,
neoverse-v2,count/terminals256/tuple_folded2/cp64/point/shared/crossing15,1,5,"[51.09425967321572,52.258235679291374,51.10052157419779,51.22320817058571,51.079583342765574]",51.10052157419779,"[51.09241572409143,52.256451940544686,51.09891094108887,51.276517118576905,51.07827376240027]",51.09891094108887,,,528.0,2.0,256.0,0.0,,,
neoverse-v2,count/terminals256/tuple_folded2/cp64/point/shared/last,1,5,"[91.10023177269679,91.1576584332291,91.25381100595725,91.33812330307423,91.17290245679457]",91.17290245679457,"[91.09709290797883,91.15478445127695,91.25145354608541,91.33499768218401,91.16993576588379]",91.16993576588379,,,528.0,1.0,256.0,0.0,,,
neoverse-v2,count/terminals256/tuple_folded2/cp64/point/shared/masked25,1,5,"[2927.1950399316456,2910.0033627570924,2904.6927280392533,2898.5174443018977,2897.6561580490807]",2904.6927280392533,"[2928.3846153833797,2913.367381254326,2904.5519125753453,2898.43295502415,2897.5586380836]",2904.5519125753453,,,528.0,62.0,256.0,0.0,,,
neoverse-v2,count/terminals256/tuple_folded2/cp64/point/shared/range37,1,5,"[1140.9705834554122,1125.5434747281388,1137.7872582475218,1124.4924427114604,1121.4124817166178]",1125.5434747281388,"[1140.931253045382,1125.5095075577292,1137.7545912583041,1124.4522996890512,1121.3845278683418]",1125.5095075577292,,,528.0,37.0,256.0,0.0,,,
neoverse-v2,count/terminals256/tuple_folded2/cp64/point/shared/scan,1,5,"[11445.32463296234,11419.768352370133,11419.774877656155,11409.192495926502,11405.889070150692]",11419.768352370133,"[11456.383360490398,11419.415986959766,11418.941272407523,11408.889070114928,11405.445350724436]",11418.941272407523,,,528.0,256.0,256.0,0.0,,,
neoverse-v2,count/terminals256/tuple_folded2/cp64/point/shared/sparse17,1,5,"[701.1999184006838,690.1912484698274,687.4537943698084,691.132904936216,685.8282333742376]",690.1912484698274,"[701.1732966125427,690.9620563030015,687.4325785399539,691.1107711118176,686.0391676875466]",690.9620563030015,,,528.0,16.0,256.0,0.0,,,
neoverse-v2,count/weather_sept_85/direct4/cp16/point/cps/crossing15,1,5,"[159.99880698379977,159.97712620750232,160.03595108613064,159.97779154330752,160.27953288839151]",159.99880698379977,"[159.99275013181105,159.97155115033956,160.03094959526157,159.97189528992016,160.45073072128648]",159.99275013181105,,,1024.0,2.0,256.0,2536.0,,,
neoverse-v2,count/weather_sept_85/direct4/cp16/point/cps/last,1,5,"[71.86987574093658,71.71292730277187,71.61524327592814,71.38252483622993,71.70989608752716]",71.70989608752716,"[71.86764385311423,71.71023865644354,71.61291796019268,71.38013723472733,72.00841888921826]",71.71023865644354,,,1024.0,1.0,256.0,2536.0,,,
neoverse-v2,count/weather_sept_85/direct4/cp16/point/cps/masked25,1,5,"[4456.6997455460805,4458.174936388053,4456.041984736167,4453.923027982822,4454.405852411832]",4456.041984736167,"[4461.526081423256,4458.045801555737,4455.909669230711,4453.76844782866,4454.264631030621]",4455.909669230711,,,1024.0,62.0,256.0,2536.0,,,
neoverse-v2,count/weather_sept_85/direct4/cp16/point/cps/range37,1,5,"[2627.8084147260697,2622.2374154782106,2622.1690458336793,2623.259954924098,2619.23816679042]",2622.2374154782106,"[2630.646506401091,2622.178061622713,2622.0875281857175,2624.226897070118,2619.1547708486273]",2622.178061622713,,,1024.0,37.0,256.0,2536.0,,,
neoverse-v2,count/weather_sept_85/direct4/cp16/point/cps/scan,1,5,"[17482.338345888922,17469.40350874992,17501.461152868156,17477.496240581288,17466.476190461286]",17477.496240581288,"[17481.832080129447,17469.00751872441,17521.22556394612,17477.16541352186,17465.877193104974]",17477.16541352186,,,1024.0,256.0,256.0,2536.0,,,
neoverse-v2,count/weather_sept_85/direct4/cp16/point/cps/sparse17,1,5,"[1035.957932158144,1035.4402310787193,1034.86313138624,1036.4602281132327,1035.0850244395879]",1035.4402310787193,"[1035.9228262444778,1035.4046807911418,1034.834839283762,1037.5859872584465,1035.056139832247]",1035.4046807911418,,,1024.0,16.0,256.0,2536.0,,,
neoverse-v2,count/weather_sept_85/direct4/cp16/point/inline/crossing15,1,5,"[165.31133483371073,165.1228473290745,165.5090607602949,165.07779225400765,165.25680445354678]",165.25680445354678,"[165.30688143898877,165.11777804132893,165.50356508261143,165.07367049582925,165.45166410038783]",165.30688143898877,,,1024.0,2.0,256.0,2536.0,,,
neoverse-v2,count/weather_sept_85/direct4/cp16/point/inline/last,1,5,"[72.11068714128406,72.07934439797774,72.13000361921425,72.22119849022796,72.11681919232356]",72.11681919232356,"[72.10862933663383,72.07720386765197,72.12774934077238,72.2190476186968,72.11455457341104]",72.11455457341104,,,1024.0,1.0,256.0,2536.0,,,
neoverse-v2,count/weather_sept_85/direct4/cp16/point/inline/masked25,1,5,"[4494.564547207742,4502.5407835511,4500.215157352952,4496.284521518153,4495.357739243166]",4496.284521518153,"[4494.409762331754,4507.328837502423,4501.960822086676,4496.155427083732,4495.211303787383]",4496.155427083732,,,1024.0,62.0,256.0,2536.0,,,
neoverse-v2,count/weather_sept_85/direct4/cp16/point/inline/range37,1,5,"[2684.588302754111,2676.229740064005,2675.8730886841518,2674.976681956848,2674.9124617734806]",2675.8730886841518,"[2687.964449534534,2676.146406715628,2675.800840970394,2674.8975535221566,2674.8268348768097]",2675.800840970394,,,1024.0,37.0,256.0,2536.0,,,
neoverse-v2,count/weather_sept_85/direct4/cp16/point/inline/scan,1,5,"[17835.388174795116,17840.028277614085,17861.647814906166,17844.26478149187,17883.529562962063]",17844.26478149187,"[17834.853470417223,17839.71208229737,17881.367609192668,17843.92802058422,17892.946015516638]",17843.92802058422,,,1024.0,256.0,256.0,2536.0,,,
neoverse-v2,count/weather_sept_85/direct4/cp16/point/inline/sparse17,1,5,"[1059.453871749085,1058.3153357521396,1056.6158499694127,1059.2117362366648,1059.0346339970895]",1059.0346339970895,"[1059.4227162726877,1058.2822141549896,1056.583182092271,1060.5388687227114,1059.0068058122165]",1059.0068058122165,,,1024.0,16.0,256.0,2536.0,,,
neoverse-v2,count/weather_sept_85/direct4/cp16/point/materialized/crossing15,1,5,"[163.53010041265267,164.06953828840244,163.42096002256716,163.43571696698234,163.7312077703131]",163.53010041265267,"[163.52446978222295,164.064400338277,163.41596283838584,163.4302974846353,163.92520645663095]",163.52446978222295,,,1024.0,2.0,256.0,2536.0,,,
neoverse-v2,count/weather_sept_85/direct4/cp16/point/materialized/last,1,5,"[70.51483123431896,70.46574307305742,70.44397984879356,70.45643324946865,70.4911939546992]",70.46574307305742,"[70.51274559229437,70.4635264480457,70.44205541556394,70.4542468518398,70.48869521393829]",70.4635264480457,,,1024.0,1.0,256.0,2536.0,,,
neoverse-v2,count/weather_sept_85/direct4/cp16/point/materialized/masked25,1,5,"[4548.831599474414,4546.751625487986,4548.194408319784,4568.303641090291,4548.3504551375]",4548.3504551375,"[4553.6300390152255,4546.678803644646,4548.051365422794,4572.515604690614,4548.206111836426]",4548.206111836426,,,1024.0,62.0,256.0,2536.0,,,
neoverse-v2,count/weather_sept_85/direct4/cp16/point/materialized/range37,1,5,"[2701.4593448940072,2700.086319848603,2699.492100192806,2699.376493257777,2698.610019264789]",2699.492100192806,"[2704.5152215781404,2700.011175346037,2699.413487475015,2699.2874759107403,2698.5333333308]",2699.413487475015,,,1024.0,37.0,256.0,2536.0,,,
neoverse-v2,count/weather_sept_85/direct4/cp16/point/materialized/scan,1,5,"[18034.958549210176,18038.75388598963,18044.709844543842,18037.150259070408,18031.264248699306]",18037.150259070408,"[18034.370466342796,18038.178756426772,18064.326424857918,18036.554404190865,18030.668393782948]",18036.554404190865,,,1024.0,256.0,256.0,2536.0,,,
neoverse-v2,count/weather_sept_85/direct4/cp16/point/materialized/sparse17,1,5,"[1066.4721671480265,1066.6699710234866,1067.1130089985254,1069.3109653808253,1068.931828580515]",1067.1130089985254,"[1066.4410553673608,1066.6355040376995,1067.0837273124057,1070.426719533647,1073.1082812302152]",1067.0837273124057,,,1024.0,16.0,256.0,2536.0,,,
neoverse-v2,count/weather_sept_85/direct4/cp16/point/shared/crossing15,1,5,"[155.6116085280925,155.3268693762055,155.77543105370196,155.383139045271,155.50576215578022]",155.50576215578022,"[155.60591285928408,155.3226364075372,155.77110943647352,155.37868445567477,155.6640884703456]",155.60591285928408,,,1024.0,2.0,256.0,2536.0,,,
neoverse-v2,count/weather_sept_85/direct4/cp16/point/shared/last,1,5,"[73.08074424399419,72.97900317039476,72.98371186535242,72.94565771007944,72.96659217297861]",72.97900317039476,"[73.0784262771454,72.97672678142997,72.98178888803241,72.9434332935066,72.9646276179223]",72.97672678142997,,,1024.0,1.0,256.0,2536.0,,,
neoverse-v2,count/weather_sept_85/direct4/cp16/point/shared/masked25,1,5,"[4209.738109578593,4214.223359427024,4207.9470198644285,4205.876580372091,4208.566526187985]",4208.566526187985,"[4209.603251031359,4218.505117416196,4207.8242022916065,4205.762191461679,4208.447320875831]",4208.447320875831,,,1024.0,62.0,256.0,2536.0,,,
neoverse-v2,count/weather_sept_85/direct4/cp16/point/shared/range37,1,5,"[2516.1563061467077,2512.496586416983,2511.5770750949464,2513.9101688840174,2513.207330218721]",2513.207330218721,"[2518.636363652337,2512.424721522144,2511.5070068289892,2514.7075098812534,2513.1264822254307]",2513.1264822254307,,,1024.0,37.0,256.0,2536.0,,,
neoverse-v2,count/weather_sept_85/direct4/cp16/point/shared/scan,1,5,"[16770.39088730103,16772.124700215212,16760.577937632625,16740.74100717146,16752.335731422787]",16760.577937632625,"[16853.59472412965,16781.55395687446,16771.491606705807,16740.31894488865,16762.772182171422]",16771.491606705807,,,1024.0,256.0,256.0,2536.0,,,
neoverse-v2,count/weather_sept_85/direct4/cp16/point/shared/sparse17,1,5,"[993.9156935339779,991.6666191977972,992.2936485329254,993.7185986890869,992.5820279121011]",992.5820279121011,"[993.8800911436109,991.637567643129,992.2721446946889,994.645257765911,992.5613785242716]",992.5613785242716,,,1024.0,16.0,256.0,2536.0,,,
neoverse-v2,count/weather_sept_85/direct8/cp16/point/shared/crossing15,1,5,"[155.30213784165335,155.27322331066247,155.60626593330795,155.42383380275223,155.31421351560647]",155.31421351560647,"[155.29694977377918,155.26834831569082,155.60190527257197,155.420076925698,155.30922671033665]",155.30922671033665,,,2048.0,2.0,256.0,2536.0,,,
neoverse-v2,count/weather_sept_85/direct8/cp16/point/shared/last,1,5,"[72.9449612402094,72.70429499267621,72.7139011103607,72.78179342127396,72.73148962919026]",72.73148962919026,"[72.94225853765523,72.70190655812749,72.71155457743858,72.77975068102506,72.72932118153078]",72.72932118153078,,,2048.0,1.0,256.0,2536.0,,,
neoverse-v2,count/weather_sept_85/direct8/cp16/point/shared/masked25,1,5,"[4215.35301205003,4217.289156630167,4209.494578316185,4208.912650604276,4208.274698797768]",4209.494578316185,"[4215.234337330715,4222.20722891533,4209.430722884934,4208.766867463964,4208.144578313634]",4209.430722884934,,,2048.0,62.0,256.0,2536.0,,,
neoverse-v2,count/weather_sept_85/direct8/cp16/point/shared/range37,1,5,"[2515.563780091338,2513.7624865261187,2511.051742719749,2512.564858069378,2511.7082285335173]",2512.564858069378,"[2518.2888968879092,2513.7096658208293,2510.976643903136,2513.304707136445,2511.633489032468]",2513.304707136445,,,2048.0,37.0,256.0,2536.0,,,
neoverse-v2,count/weather_sept_85/direct8/cp16/point/shared/scan,1,5,"[16739.238554200107,16728.20722892785,16759.44819274001,16803.257831332096,16741.004819278078]",16741.004819278078,"[16738.94939758392,16727.648192702774,16780.951807230664,16815.163855360617,16740.51325304083]",16740.51325304083,,,2048.0,256.0,256.0,2536.0,,,
neoverse-v2,count/weather_sept_85/direct8/cp16/point/shared/sparse17,1,5,"[992.8343019150233,991.6941176468639,993.6402551388926,994.7829907862402,992.4524450735144]",992.8343019150233,"[992.8019844110624,991.663642802293,993.6123316855957,995.9912119012387,992.4226789527704]",992.8019844110624,,,2048.0,16.0,256.0,2536.0,,,
neoverse-v2,count/weather_sept_85/series_folded_local/cp16/buffered16/shared/crossing15,1,5,"[222.97384787124795,223.2548875779727,222.91526072408715,223.10722372829963,223.2440121189532]",223.10722372829963,"[222.96702280359082,223.4901610596207,222.90849944098233,223.0993143046706,223.23552862347583]",223.0993143046706,,,512.0,2.0,256.0,2536.0,,,
neoverse-v2,count/weather_sept_85/series_folded_local/cp16/buffered16/shared/last,1,5,"[113.01190341612352,113.03302915293264,113.15677945556308,113.02747314873268,113.22127109744446]",113.03302915293264,"[113.00826940207946,113.02916902276422,113.2732294278675,113.02433982017955,113.89198094170821]",113.02916902276422,,,512.0,1.0,256.0,2536.0,,,
neoverse-v2,count/weather_sept_85/series_folded_local/cp16/buffered16/shared/masked25,1,5,"[5031.179394804848,5027.3566282404545,5023.855187315228,5029.879682994369,5027.997118158361]",5027.997118158361,"[5031.0021613863855,5027.214697410894,5023.7103746410485,5029.731267981142,5027.8652737798475]",5027.8652737798475,,,512.0,62.0,256.0,2536.0,,,
neoverse-v2,count/weather_sept_85/series_folded_local/cp16/buffered16/shared/range37,1,5,"[2819.1800241614087,2817.1997583546136,2816.9113975055648,2822.3568264220476,2819.004430124581]",2819.004430124581,"[2819.101490130651,2817.115183256894,2816.845751106074,2825.9238824074005,2818.9536850396225]",2818.9536850396225,,,512.0,37.0,256.0,2536.0,,,
neoverse-v2,count/weather_sept_85/series_folded_local/cp16/buffered16/shared/scan,1,5,"[18684.83870966444,18680.83064517004,18681.338709699558,18687.142473114458,18672.438172025886]",18681.338709699558,"[18684.30376343137,18680.48655900546,18680.69354835585,18686.63440854674,18671.8306450366]",18680.69354835585,,,512.0,256.0,256.0,2536.0,,,
neoverse-v2,count/weather_sept_85/series_folded_local/cp16/buffered16/shared/sparse17,1,5,"[1560.4655402411336,1556.5366829684165,1559.2801245006633,1556.7123165836715,1556.5884837706888]",1556.7123165836715,"[1562.678301472136,1556.4957758889045,1559.2385504651097,1556.6574032882793,1556.5322365568954]",1556.6574032882793,,,512.0,16.0,256.0,2536.0,,,
neoverse-v2,count/weather_sept_85/series_folded_local/cp16/native16/shared/crossing15,1,5,"[184.52925651239295,184.7264641450293,184.6319776190304,184.56926812557217,184.489456042307]",184.56926812557217,"[184.52329172132002,184.95207052183872,184.62738525656366,184.5627226893049,184.4828050356183]",184.5627226893049,,,512.0,2.0,256.0,2536.0,,,
neoverse-v2,count/weather_sept_85/series_folded_local/cp16/native16/shared/last,1,5,"[94.8112411668986,94.8934611890242,94.92003146669263,94.87372675612605,94.85621668560321]",94.87372675612605,"[94.80764692315384,94.89050441512912,95.01931397379528,94.87167871501397,94.85327347455603]",94.87167871501397,,,512.0,1.0,256.0,2536.0,,,
neoverse-v2,count/weather_sept_85/series_folded_local/cp16/native16/shared/masked25,1,5,"[4749.739632908943,4751.057783817408,4749.068660776342,4756.457511903176,4755.362338550461]",4751.057783817408,"[4749.581237244204,4750.908225681308,4748.944255611571,4781.414683882938,4761.391570383795]",4750.908225681308,,,512.0,62.0,256.0,2536.0,,,
neoverse-v2,count/weather_sept_85/series_folded_local/cp16/native16/shared/range37,1,5,"[2777.494435614956,2776.4097774265706,2776.8430047706947,2778.5449125576256,2776.133942765329]",2776.8430047706947,"[2777.4058028699333,2776.3310810681846,2776.742448327819,2781.4554849137985,2776.0556438872604]",2776.742448327819,,,512.0,37.0,256.0,2536.0,,,
neoverse-v2,count/weather_sept_85/series_folded_local/cp16/native16/shared/scan,1,5,"[18504.531914897037,18500.393617022444,18492.22340426079,18496.763297866044,18496.632978734673]",18496.763297866044,"[18504.026595649597,18499.803191611758,18491.728723349897,18496.17819154804,18496.1542553286]",18496.17819154804,,,512.0,256.0,256.0,2536.0,,,
neoverse-v2,count/weather_sept_85/series_folded_local/cp16/native16/shared/sparse17,1,5,"[1222.0635615467118,1221.3622833128006,1228.1891087374229,1222.5046401679547,1221.6947995091325]",1222.0635615467118,"[1223.4184906348003,1221.3319908965082,1229.3454736558326,1222.4598143919136,1221.6522500427795]",1222.4598143919136,,,512.0,16.0,256.0,2536.0,,,
neoverse-v2,count/weather_sept_85/series_folded_local/cp16/point/shared/crossing15,1,5,"[184.86610746197167,184.1131333912323,184.49465854232423,184.2679697186735,184.39874970313727]",184.39874970313727,"[185.23689694300765,184.11057476753055,184.48874996686266,184.26229854144194,184.55456200003832]",184.48874996686266,,,512.0,2.0,256.0,2536.0,,,
neoverse-v2,count/weather_sept_85/series_folded_local/cp16/point/shared/last,1,5,"[100.4230610058882,100.65772386725888,100.60920442364403,100.43868712099335,100.57461291472646]",100.57461291472646,"[100.41996432446895,100.65437031726401,100.69917945019014,100.43560470903655,100.57143061004307]",100.57143061004307,,,512.0,1.0,256.0,2536.0,,,
neoverse-v2,count/weather_sept_85/series_folded_local/cp16/point/shared/masked25,1,5,"[5228.744011976282,5227.155688613894,5223.354041914523,5322.145958081835,5223.874251493197]",5227.155688613894,"[5228.583832359539,5227.013473091768,5223.196107814926,5838.497006004741,5224.019461080732]",5227.013473091768,,,512.0,62.0,256.0,2536.0,,,
neoverse-v2,count/weather_sept_85/series_folded_local/cp16/point/shared/range37,1,5,"[3051.8377787466743,3049.633143860908,3049.738959332922,3055.6226497592047,3051.6016615679086]",3051.6016615679086,"[3051.751202448,3049.562308709143,3049.6742457538226,3058.788806311125,3051.5356361970507]",3051.5356361970507,,,512.0,37.0,256.0,2536.0,,,
neoverse-v2,count/weather_sept_85/series_folded_local/cp16/point/shared/scan,1,5,"[20546.691394657602,20540.827893152633,20535.572700271707,20543.020771535303,20537.195845711718]",20540.827893152633,"[20546.317507449567,20540.216617158745,20534.970326345167,20542.36201783485,20536.587537129843]",20540.216617158745,,,512.0,256.0,256.0,2536.0,,,
neoverse-v2,count/weather_sept_85/series_folded_local/cp16/point/shared/sparse17,1,5,"[1227.9080682007434,1226.776586396924,1226.521005448827,1226.172086482882,1226.483388996658]",1226.521005448827,"[1229.2239409403169,1226.7528563953076,1226.4751274342116,1226.1341184688051,1226.4445420977956]",1226.4751274342116,,,512.0,16.0,256.0,2536.0,,,
neoverse-v2,count/weather_sept_85/series_folded_local/cp64/buffered16/shared/crossing15,1,5,"[222.40281529011875,222.65898763901257,222.35308696864362,222.38638746756158,222.3123192781058]",222.38638746756158,"[222.39563407529897,222.85815512631245,222.34784404784796,222.3791744782442,222.30507451474236]",222.3791744782442,,,464.0,2.0,256.0,2536.0,,,
neoverse-v2,count/weather_sept_85/series_folded_local/cp64/buffered16/shared/last,1,5,"[194.43787558397668,193.90796795001833,193.84514800802575,193.961662586015,193.9539283330806]",193.9539283330806,"[194.6254173153608,193.9038504339368,193.84114177498725,193.9549298915379,193.9474182070617]",193.9474182070617,,,464.0,1.0,256.0,2536.0,,,
neoverse-v2,count/weather_sept_85/series_folded_local/cp64/buffered16/shared/masked25,1,5,"[5031.4607065605505,5027.1528478774635,5033.237202598704,5030.36842104641,5029.131218461217]",5030.36842104641,"[5031.319394384778,5027.007930816656,5038.402307158414,5030.23864456013,5028.987022352827]",5030.23864456013,,,464.0,62.0,256.0,2536.0,,,
neoverse-v2,count/weather_sept_85/series_folded_local/cp64/buffered16/shared/range37,1,5,"[2820.4450261781803,2819.3511880744513,2816.2319774459056,2816.604913409844,2817.574305273175]",2817.574305273175,"[2820.3471606804906,2822.3866290625574,2816.1627064142513,2816.539669761887,2817.485300051671]",2817.485300051671,,,464.0,37.0,256.0,2536.0,,,
neoverse-v2,count/weather_sept_85/series_folded_local/cp64/buffered16/shared/scan,1,5,"[18690.204301086025,18669.086021526055,18668.586021503783,18671.416666641428,18690.857526860575]",18671.416666641428,"[18689.620967733077,18668.435483895122,18668.01612890711,18670.924731317406,18722.309139883037]",18670.924731317406,,,464.0,256.0,256.0,2536.0,,,
neoverse-v2,count/weather_sept_85/series_folded_local/cp64/buffered16/shared/sparse17,1,5,"[1555.7996438089426,1554.9904274276937,1555.6524933188712,1560.7900712379123,1556.6950133545406]",1555.7996438089426,"[1555.7535618983193,1554.9472395456114,1555.6095280397678,1568.4572573490084,1557.7624666068768]",1555.7535618983193,,,464.0,16.0,256.0,2536.0,,,
neoverse-v2,count/weather_sept_85/series_folded_local/cp64/native16/shared/crossing15,1,5,"[184.54660748233155,184.49881103383495,184.47830796874925,184.32944937637168,184.3319858378421]",184.47830796874925,"[184.54026632921872,184.49225850852613,184.47196681375908,184.32287042949147,184.3261995347255]",184.47196681375908,,,464.0,2.0,256.0,2536.0,,,
neoverse-v2,count/weather_sept_85/series_folded_local/cp64/native16/shared/last,1,5,"[175.62319095467805,175.76334170843867,175.7187939698977,175.3895226132738,175.5532160801401]",175.62319095467805,"[175.61844221154846,176.5423869345791,175.71467336796988,175.3838442203086,175.5483668344896]",175.61844221154846,,,464.0,1.0,256.0,2536.0,,,
neoverse-v2,count/weather_sept_85/series_folded_local/cp64/native16/shared/masked25,1,5,"[4748.615332428303,4756.451153331038,4747.651967442148,4747.466757121978,4747.951153329128]",4747.951153329128,"[4748.459294457278,4761.285617335796,4747.497286270312,4747.322930806429,4747.8256444775125]",4747.8256444775125,,,464.0,62.0,256.0,2536.0,,,
neoverse-v2,count/weather_sept_85/series_folded_local/cp64/native16/shared/range37,1,5,"[2780.6866322886144,2776.098373660539,2778.0138833809683,2776.4950416540682,2776.1673938934987]",2776.4950416540682,"[2784.41570805212,2776.035303440859,2779.093216962358,2776.4034113424614,2776.0860769476385]",2776.4034113424614,,,464.0,37.0,256.0,2536.0,,,
neoverse-v2,count/weather_sept_85/series_folded_local/cp64/native16/shared/scan,1,5,"[18503.684350103213,18508.477453599397,18503.095490694584,18526.99734750431,18509.824933703905]",18508.477453599397,"[18503.177718884064,18507.946949576723,18502.58620687051,18546.291777244638,18509.336870078434]",18507.946949576723,,,464.0,256.0,256.0,2536.0,,,
neoverse-v2,count/weather_sept_85/series_folded_local/cp64/native16/shared/sparse17,1,5,"[1221.8707031941433,1222.270284416167,1222.3690455418528,1224.4761821679933,1223.4264526268337]",1222.3690455418528,"[1221.8253358897439,1222.23119874349,1222.3325772204792,1224.8607572779194,1224.6695166657096]",1222.3325772204792,,,464.0,16.0,256.0,2536.0,,,
neoverse-v2,count/weather_sept_85/series_folded_local/cp64/point/shared/crossing15,1,5,"[205.7305114639493,205.7355379188695,205.41828336268827,205.39911816583043,205.37492651405242]",205.41828336268827,"[205.94997060561795,205.8344209295263,205.41031746139413,205.39318048225027,205.36854791301488]",205.41031746139413,,,464.0,2.0,256.0,2536.0,,,
neoverse-v2,count/weather_sept_85/series_folded_local/cp64/point/shared/last,1,5,"[173.7300925578783,173.7279833244885,173.67406139132896,173.3425643316615,173.53601826330606]",173.67406139132896,"[173.72485669701172,173.9094270326185,174.4346261695953,173.33913992825856,173.5302364819065]",173.72485669701172,,,464.0,1.0,256.0,2536.0,,,
neoverse-v2,count/weather_sept_85/series_folded_local/cp64/point/shared/masked25,1,5,"[7483.34773218669,7471.412526997758,7477.23758099199,7455.823974085131,7427.286177103349]",7471.412526997758,"[7483.109071302019,7471.19222464976,7477.01511874754,7464.752699773862,7427.085313178863]",7471.19222464976,,,464.0,62.0,256.0,2536.0,,,
neoverse-v2,count/weather_sept_85/series_folded_local/cp64/point/shared/range37,1,5,"[3884.6738888922673,3885.8972222202383,3879.1261111094223,3865.8594444424607,3864.4072222224518]",3879.1261111094223,"[3884.562222222283,3885.769999985516,3884.0422222266275,3865.747777764581,3864.314999980757]",3884.0422222266275,,,464.0,37.0,256.0,2536.0,,,
neoverse-v2,count/weather_sept_85/series_folded_local/cp64/point/shared/scan,1,5,"[30438.497816600342,30429.126637561363,30459.67248911937,30424.73362443876,30463.4541484796]",30438.497816600342,"[30437.794759820154,30428.227074385355,30459.078602421177,30423.89956331195,30462.545851399158]",30437.794759820154,,,464.0,256.0,256.0,2536.0,,,
neoverse-v2,count/weather_sept_85/series_folded_local/cp64/point/shared/sparse17,1,5,"[1814.401609551608,1813.9963655249724,1815.2367601226679,1810.127466249948,1812.183281410376]",1813.9963655249724,"[1814.3382658361963,1813.9408099666646,1815.178608511992,1810.0765835947568,1812.7886812122013]",1813.9408099666646,,,464.0,16.0,256.0,2536.0,,,
neoverse-v2,count/weather_sept_85/series_folded_scan/cp16/buffered16/shared/crossing15,1,5,"[208.23885568127957,208.2096529571861,208.1953787133617,208.20974217153486,208.44056859065154]",208.20974217153486,"[208.2312724895252,208.20435959277685,208.18767656914227,208.20352692721198,208.78353703710312]",208.20435959277685,,,512.0,2.0,256.0,2536.0,,,
neoverse-v2,count/weather_sept_85/series_folded_scan/cp16/buffered16/shared/last,1,5,"[106.43782611332247,106.21007766042766,106.16524086894624,106.19336245598022,106.19158779272604]",106.19336245598022,"[106.93740140710099,106.20781761936074,106.16208591197805,106.19023783503103,106.1885390119321]",106.19023783503103,,,512.0,1.0,256.0,2536.0,,,
neoverse-v2,count/weather_sept_85/series_folded_scan/cp16/buffered16/shared/masked25,1,5,"[4911.155789476365,4906.961403510953,4904.992982462493,4905.902456142174,4905.310877198213]",4905.902456142174,"[4916.849824551543,4906.794385988178,4904.844210510387,4905.749473668389,4905.197894730232]",4905.749473668389,,,512.0,62.0,256.0,2536.0,,,
neoverse-v2,count/weather_sept_85/series_folded_scan/cp16/buffered16/shared/range37,1,5,"[2799.2420714551727,2797.884383784155,2797.546768367823,2797.7587314352872,2799.672019267215]",2797.884383784155,"[2799.183460453577,2797.8105178664455,2797.464472087323,2797.678040958551,2799.600963476141]",2797.8105178664455,,,512.0,37.0,256.0,2536.0,,,
neoverse-v2,count/weather_sept_85/series_folded_scan/cp16/buffered16/shared/scan,1,5,"[18566.008000031314,18550.048000027648,18573.674666678624,18552.73066666996,18548.970666680965]",18552.73066666996,"[18565.407999934298,18549.367999942962,18594.741333345155,18552.176000108982,18548.24266668705]",18552.176000108982,,,512.0,256.0,256.0,2536.0,,,
neoverse-v2,count/weather_sept_85/series_folded_scan/cp16/buffered16/shared/sparse17,1,5,"[1442.3725530625559,1444.771275499437,1445.7768390695728,1444.9890789211854,1450.0407995056303]",1444.9890789211854,"[1442.3360807736217,1444.7234700114077,1446.2573665829502,1446.4930970608793,1468.147537610519]",1446.2573665829502,,,512.0,16.0,256.0,2536.0,,,
neoverse-v2,count/weather_sept_85/series_folded_scan/cp16/native16/shared/crossing15,1,5,"[172.82396178797643,172.7381082017179,172.7277137056943,172.91976439129982,172.72061080038884]",172.7381082017179,"[172.81896253055433,172.73357917144074,172.7219224862651,173.1097609253945,172.71645300310485]",172.73357917144074,,,512.0,2.0,256.0,2536.0,,,
neoverse-v2,count/weather_sept_85/series_folded_scan/cp16/native16/shared/last,1,5,"[84.16685902521283,84.16446656568384,84.14871720886103,84.14273004889725,84.14494217230745]",84.14871720886103,"[84.1635408400121,84.16171343391728,84.14581980816527,84.14034961148005,84.22737983597162]",84.16171343391728,,,512.0,1.0,256.0,2536.0,,,
neoverse-v2,count/weather_sept_85/series_folded_scan/cp16/native16/shared/masked25,1,5,"[4651.531603463701,4647.156353950529,4645.9740519012585,4646.091151027101,4647.938123759319]",4647.156353950529,"[4651.396540266881,4647.007318684844,4645.800399208826,4645.944111776657,4647.766467044307]",4647.007318684844,,,512.0,62.0,256.0,2536.0,,,
neoverse-v2,count/weather_sept_85/series_folded_scan/cp16/native16/shared/range37,1,5,"[2745.366496265354,2743.7656311428864,2743.022021234672,2743.311049941089,2745.0841525729943]",2743.7656311428864,"[2745.2736924881947,2743.6893432847833,2742.9418010045106,2743.245772718042,2745.0051120728917]",2743.6893432847833,,,512.0,37.0,256.0,2536.0,,,
neoverse-v2,count/weather_sept_85/series_folded_scan/cp16/native16/shared/scan,1,5,"[18324.06332454109,18337.870712430817,18323.604221619476,18319.614775754053,18309.131926135506]",18323.604221619476,"[18323.464379984867,18358.556728211228,18323.04221636155,18319.07915559135,18308.5989446548]",18323.04221636155,,,512.0,256.0,256.0,2536.0,,,
neoverse-v2,count/weather_sept_85/series_folded_scan/cp16/native16/shared/sparse17,1,5,"[1144.3692885117878,1143.9247715385138,1142.7348237614146,1143.2247062678923,1143.292265012102]",1143.292265012102,"[1149.541938642467,1145.4153067858165,1143.454634465059,1143.1863577013305,1144.6232049586931]",1144.6232049586931,,,512.0,16.0,256.0,2536.0,,,
neoverse-v2,count/weather_sept_85/series_folded_scan/cp16/point/shared/crossing15,1,5,"[179.69167670667773,179.75391556207057,179.7459690853247,179.7606828843036,179.9724949372633]",179.75391556207057,"[179.68570403208287,179.74789162115525,179.74058598798626,179.75447950689534,180.16228755989647]",179.74789162115525,,,512.0,2.0,256.0,2536.0,,,
neoverse-v2,count/weather_sept_85/series_folded_scan/cp16/point/shared/last,1,5,"[94.83254838973683,94.8814417553587,94.79338741731405,94.91767620394697,94.81960362631065]",94.83254838973683,"[94.8293224073346,94.87881468989849,94.79097814007895,94.9155391611228,94.81682683098627]",94.8293224073346,,,512.0,1.0,256.0,2536.0,,,
neoverse-v2,count/weather_sept_85/series_folded_scan/cp16/point/shared/masked25,1,5,"[5140.873239443166,5133.00518902178,5127.809488502258,5128.391401038701,5127.470719054873]",5128.391401038701,"[5162.918458122621,5138.893995579395,5127.656782797493,5128.283172707206,5127.261675317278]",5128.283172707206,,,512.0,62.0,256.0,2536.0,,,
neoverse-v2,count/weather_sept_85/series_folded_scan/cp16/point/shared/range37,1,5,"[2949.9299578022833,2949.3565400827874,2950.1784810131076,2950.836286919244,2952.3080168788983]",2950.1784810131076,"[2949.8383966177703,2949.2742616144546,2950.0835443188776,2950.7586497880147,2952.232489453984]",2950.0835443188776,,,512.0,37.0,256.0,2536.0,,,
neoverse-v2,count/weather_sept_85/series_folded_scan/cp16/point/shared/scan,1,5,"[20138.826589625573,20134.33236993938,20156.947976867985,20128.25722544145,20128.33526011972]",20134.33236993938,"[20138.225433506468,20133.75722535232,20177.358381476548,20127.812138761026,20127.791907432536]",20133.75722535232,,,512.0,256.0,256.0,2536.0,,,
neoverse-v2,count/weather_sept_85/series_folded_scan/cp16/point/shared/sparse17,1,5,"[1203.1218631849881,1201.7727741486367,1206.5524235124535,1203.7518047446579,1202.1873496042258]",1203.1218631849881,"[1203.0819869404413,1201.7289446533919,1207.2815400453871,1205.1067377177797,1202.1557236157396]",1203.0819869404413,,,512.0,16.0,256.0,2536.0,,,
neoverse-v2,count/weather_sept_85/series_folded_scan/cp64/buffered16/shared/crossing15,1,5,"[208.04308261480628,208.35683384562154,208.1871587550035,208.19739236811378,208.19109705529655]",208.19109705529655,"[208.03589223352864,208.60655786679052,208.18226571609347,208.19047050741665,208.18447354962228]",208.18447354962228,,,464.0,2.0,256.0,2536.0,,,
neoverse-v2,count/weather_sept_85/series_folded_scan/cp64/buffered16/shared/last,1,5,"[185.10799672407046,185.168256148886,185.64639526566972,185.25192190860625,185.1313238051064]",185.168256148886,"[185.1024489483743,185.16307822332615,185.84725120952828,185.2475893582726,185.12585528215277]",185.16307822332615,,,464.0,1.0,256.0,2536.0,,,
neoverse-v2,count/weather_sept_85/series_folded_scan/cp64/buffered16/shared/masked25,1,5,"[4904.7296348304135,4902.537219103297,4899.38132022025,4908.384831465169,4907.997191003616]",4904.7296348304135,"[4904.603932575317,4902.419943835149,4899.239466290898,4913.98174158655,4910.5330056180865]",4904.603932575317,,,464.0,62.0,256.0,2536.0,,,
neoverse-v2,count/weather_sept_85/series_folded_scan/cp64/buffered16/shared/range37,1,5,"[2796.426853708458,2796.6444889784952,2800.067334668299,2800.685370743166,2798.735070142923]",2798.735070142923,"[2796.352705404306,2796.5715430892196,2811.5551102215645,2803.807214439655,2798.6681362710738]",2798.6681362710738,,,464.0,37.0,256.0,2536.0,,,
neoverse-v2,count/weather_sept_85/series_folded_scan/cp64/buffered16/shared/scan,1,5,"[18562.411764711494,18550.943850264557,18545.435828912407,18553.97326202344,18546.088235307507]",18550.943850264557,"[18561.72727282824,18550.385026717406,18544.941176417567,18553.457219114498,18545.49999996472]",18550.385026717406,,,464.0,256.0,256.0,2536.0,,,
neoverse-v2,count/weather_sept_85/series_folded_scan/cp64/buffered16/shared/sparse17,1,5,"[1443.8119057445904,1441.5345183984098,1447.4563869341646,1442.4448119041344,1442.3821827199474]",1442.4448119041344,"[1445.3253410429454,1441.5043406321022,1448.6577097973166,1442.3892104193933,1442.3369160719546]",1442.3892104193933,,,464.0,16.0,256.0,2536.0,,,
neoverse-v2,count/weather_sept_85/series_folded_scan/cp64/native16/shared/crossing15,1,5,"[173.283807917445,173.2909762872992,173.11434666144618,173.21356285327823,173.2188461156794]",173.2188461156794,"[173.48281079417265,173.9459023714945,173.11119654717504,173.20924694979925,173.21321559640097]",173.21321559640097,,,464.0,2.0,256.0,2536.0,,,
neoverse-v2,count/weather_sept_85/series_folded_scan/cp64/native16/shared/last,1,5,"[160.39614575710246,160.7186585589041,160.38400694954598,160.5041605704848,160.19488386967348]",160.39614575710246,"[160.39150512134418,160.89488844157827,160.37936631346284,160.49995427931313,160.1900603510265]",160.39150512134418,,,464.0,1.0,256.0,2536.0,,,
neoverse-v2,count/weather_sept_85/series_folded_scan/cp64/native16/shared/masked25,1,5,"[4645.675298805403,4645.446215137623,4653.184594955035,4650.25033200231,4646.9893758332055]",4646.9893758332055,"[4645.576361221292,4645.320053151055,4658.468791491179,4650.124169977997,4646.862549824163]",4646.862549824163,,,464.0,62.0,256.0,2536.0,,,
neoverse-v2,count/weather_sept_85/series_folded_scan/cp64/native16/shared/range37,1,5,"[2745.846032990187,2746.7156323639306,2747.0070699120233,2745.64179104746,2745.7545168886904]",2745.846032990187,"[2745.7501963869786,2746.635506669948,2749.9701492573204,2745.5659858663525,2745.6794972619746]",2745.7501963869786,,,464.0,37.0,256.0,2536.0,,,
neoverse-v2,count/weather_sept_85/series_folded_scan/cp64/native16/shared/scan,1,5,"[18305.104986863502,18295.55643044493,18295.70078740293,18294.73228345106,18306.80314957515]",18295.70078740293,"[18304.527558994203,18295.212598554004,18295.23884514479,18294.233595839003,18325.86089230232]",18295.23884514479,,,464.0,256.0,256.0,2536.0,,,
neoverse-v2,count/weather_sept_85/series_folded_scan/cp64/native16/shared/sparse17,1,5,"[1139.527642276963,1138.2281300829222,1137.1094308934864,1138.075447155591,1137.6391869921315]",1138.075447155591,"[1139.8910569128723,1138.187967478551,1137.0752845526638,1138.0330081317331,1137.6060162576796]",1138.0330081317331,,,464.0,16.0,256.0,2536.0,,,
neoverse-v2,count/weather_sept_85/series_folded_scan/cp64/point/shared/crossing15,1,5,"[195.1230490524015,194.78993868467148,195.45468227426397,195.1689520621733,194.8245261983991]",195.1230490524015,"[195.1183946493401,194.7845039021082,195.66853400221638,195.96616499319535,194.8206800440367]",195.1183946493401,,,464.0,2.0,256.0,2536.0,,,
neoverse-v2,count/weather_sept_85/series_folded_scan/cp64/point/shared/last,1,5,"[161.7447561341249,165.39786313928724,164.29576096758288,164.28762054528224,164.56041719683208]",164.29576096758288,"[161.740246524898,165.39321477235785,164.29108947502704,164.47639971329284,164.55583820908257]",164.47639971329284,,,464.0,1.0,256.0,2536.0,,,
neoverse-v2,count/weather_sept_85/series_folded_scan/cp64/point/shared/masked25,1,5,"[7107.674846630694,7107.58077709326,7106.230061347691,7105.163599182579,7105.8752556250565]",7106.230061347691,"[7107.4519427340365,7107.391615534314,7105.976482638195,7104.9631902261635,7105.64212674235]",7105.976482638195,,,464.0,62.0,256.0,2536.0,,,
neoverse-v2,count/weather_sept_85/series_folded_scan/cp64/point/shared/range37,1,5,"[3534.7573306356976,3533.59656218007,3530.9196157725773,3527.6213346806735,3530.4408493471287]",3530.9196157725773,"[3534.647118287294,3533.5030333535487,3530.801314451922,3527.5222447041397,3534.066228521615]",3533.5030333535487,,,464.0,37.0,256.0,2536.0,,,
neoverse-v2,count/weather_sept_85/series_folded_scan/cp64/point/shared/scan,1,5,"[29016.970833358373,28975.75833333832,28943.05416667464,28942.441666638766,28934.02916666806]",28943.05416667464,"[29046.412500122187,28975.158333347885,28942.316666776453,28941.891666770895,28933.116666725786]",28942.316666776453,,,464.0,256.0,256.0,2536.0,,,
neoverse-v2,count/weather_sept_85/series_folded_scan/cp64/point/shared/sparse17,1,5,"[1715.2096814630975,1709.753950338194,1706.02407825273,1705.049912214477,1706.4321545013297]",1706.4321545013297,"[1715.1482317562522,1712.3762227292293,1705.9671432207267,1705.0020065250292,1706.387258586793]",1706.387258586793,,,464.0,16.0,256.0,2536.0,,,
neoverse-v2,count/weather_sept_85/series_local/cp16/buffered16/shared/crossing15,1,5,"[222.8557120598974,222.88738036969218,223.01344949279024,222.94680614317713,222.8309751675753]",222.88738036969218,"[222.84804934662688,222.8792089276135,223.26104098345306,222.93971574766954,222.82321706838746]",222.8792089276135,,,544.0,2.0,256.0,2536.0,,,
neoverse-v2,count/weather_sept_85/series_local/cp16/buffered16/shared/last,1,5,"[112.47936426138524,112.48010499037369,112.30708040121208,112.93278691168602,112.30980177451242]",112.47936426138524,"[112.47578943977122,112.47627252416277,112.30379543014145,113.05396048378465,112.30703209263564]",112.47578943977122,,,544.0,1.0,256.0,2536.0,,,
neoverse-v2,count/weather_sept_85/series_local/cp16/buffered16/shared/masked25,1,5,"[5036.763557488707,5041.357194501859,5034.595083155373,5035.674620392674,5037.78452639915]",5036.763557488707,"[5036.60375993134,5041.191612448449,5034.487346360392,5035.519161235597,5037.639913237663]",5036.60375993134,,,544.0,62.0,256.0,2536.0,,,
neoverse-v2,count/weather_sept_85/series_local/cp16/buffered16/shared/range37,1,5,"[2817.0789049891914,2818.057568440419,2825.0519323618837,2820.011272141295,2821.5519323669214]",2820.011272141295,"[2817.0020128976425,2817.9694042005094,2839.688003213497,2821.7632850085183,2823.926328495552]",2821.7632850085183,,,544.0,37.0,256.0,2536.0,,,
neoverse-v2,count/weather_sept_85/series_local/cp16/buffered16/shared/scan,1,5,"[18726.924731175717,18749.47311826629,18689.881720414174,18698.088709662465,18687.177419363456]",18698.088709662465,"[18774.314516041424,18848.09677420357,18689.42204311914,18697.532258127674,18686.215053711534]",18697.532258127674,,,544.0,256.0,256.0,2536.0,,,
neoverse-v2,count/weather_sept_85/series_local/cp16/buffered16/shared/sparse17,1,5,"[1546.0395755039724,1548.2038470059579,1546.4313508721566,1545.6838381627006,1546.952907362736]",1546.4313508721566,"[1545.994693788511,1550.4426265784748,1546.3869113426936,1545.631439307259,1546.9097943849843]",1546.3869113426936,,,544.0,16.0,256.0,2536.0,,,
neoverse-v2,count/weather_sept_85/series_local/cp16/native16/cps/crossing15,1,5,"[194.69489546226723,194.88678825613243,194.60956961741965,194.5389234875088,194.47080738439894]",194.60956961741965,"[194.68819506323365,195.1031194396252,194.60336966069926,194.53172264181606,194.4635509339169]",194.60336966069926,,,544.0,2.0,256.0,2536.0,,,
neoverse-v2,count/weather_sept_85/series_local/cp16/native16/cps/last,1,5,"[94.5151429341806,94.42947680684239,94.58384573881494,94.48675836038096,94.47846548005869]",94.48675836038096,"[94.51189320412583,94.42614617072789,94.68794498406426,94.483683926278,94.47560679608715]",94.483683926278,,,544.0,1.0,256.0,2536.0,,,
neoverse-v2,count/weather_sept_85/series_local/cp16/native16/cps/masked25,1,5,"[5025.960670064183,5017.707210486836,5015.065549890975,5019.534595773061,5022.262199571303]",5019.534595773061,"[5031.034231639903,5017.5673707497335,5014.891478523312,5019.376547687476,5026.831755289014]",5019.376547687476,,,544.0,62.0,256.0,2536.0,,,
neoverse-v2,count/weather_sept_85/series_local/cp16/native16/cps/range37,1,5,"[2885.1221626063952,2892.885266202957,2888.510936856465,2887.725959558096,2886.0359059021243]",2887.725959558096,"[2885.0392075894856,2907.0338423429607,2891.015683030589,2889.9979364538876,2885.953363592365]",2889.9979364538876,,,544.0,37.0,256.0,2536.0,,,
neoverse-v2,count/weather_sept_85/series_local/cp16/native16/cps/scan,1,5,"[19242.16253442406,19200.520661145412,19184.242424244352,19183.27823693462,19169.826446293948]",19184.242424244352,"[19325.997245135968,19200.057851228914,19183.611570187877,19182.743801687415,19169.24517903801]",19183.611570187877,,,544.0,256.0,256.0,2536.0,,,
neoverse-v2,count/weather_sept_85/series_local/cp16/native16/cps/sparse17,1,5,"[1308.5724163700875,1307.1995888631468,1305.6910857769608,1306.2635021492833,1306.4800971769168]",1306.4800971769168,"[1310.4954214143113,1307.1745468115319,1305.6553915172285,1306.2272472419863,1306.4384227207595]",1306.4384227207595,,,544.0,16.0,256.0,2536.0,,,
neoverse-v2,count/weather_sept_85/series_local/cp16/native16/inline/crossing15,1,5,"[199.72781414159178,196.24974014694845,196.11866168501405,195.9642385593678,195.80203387915097]",196.11866168501405,"[219.1031266688994,196.76601960810316,196.1199820198092,195.95744023330332,195.79669635126396]",196.1199820198092,,,544.0,2.0,256.0,2536.0,,,
neoverse-v2,count/weather_sept_85/series_local/cp16/native16/inline/last,1,5,"[94.85733318828748,94.79717494150685,94.93694600031314,94.7911795094903,94.8217956387196]",94.8217956387196,"[94.85451900590449,94.7943743542573,95.14292511767758,94.78886834549908,94.81864157915975]",94.81864157915975,,,544.0,1.0,256.0,2536.0,,,
neoverse-v2,count/weather_sept_85/series_local/cp16/native16/inline/masked25,1,5,"[5088.494489351232,5085.81043350452,5084.0249816345695,5088.85892726336,5083.337252019293]",5085.81043350452,"[5088.3585598737445,5085.645113880744,5083.878765617889,5090.423952968275,5083.201322541807]",5085.645113880744,,,544.0,62.0,256.0,2536.0,,,
neoverse-v2,count/weather_sept_85/series_local/cp16/native16/inline/range37,1,5,"[2998.5220935238476,2997.410124411321,2996.8069498039627,2999.3063063119816,2997.0622050605243]",2997.410124411321,"[2998.443586428176,2997.3097383117733,2996.716859697274,3002.7992277860376,2997.012441012739]",2997.3097383117733,,,544.0,37.0,256.0,2536.0,,,
neoverse-v2,count/weather_sept_85/series_local/cp16/native16/inline/scan,1,5,"[20044.72334294434,20030.919308346278,20033.559077812373,20028.34293948227,20022.75792508191]",20030.919308346278,"[20044.03458213163,20030.29394813566,20032.97406340594,20027.694524473747,20022.02017294139]",20030.29394813566,,,544.0,256.0,256.0,2536.0,,,
neoverse-v2,count/weather_sept_85/series_local/cp16/native16/inline/sparse17,1,5,"[1303.7450688491833,1302.6391886845006,1303.5169333830765,1302.852065500539,1302.5040937838455]",1302.852065500539,"[1305.0671752812907,1302.5999255684821,1303.4752512088444,1302.811685898962,1302.4700409372922]",1302.811685898962,,,544.0,16.0,256.0,2536.0,,,
neoverse-v2,count/weather_sept_85/series_local/cp16/native16/materialized/crossing15,1,5,"[197.3481322892092,197.21423742192334,197.19758859656093,196.82548312576725,196.9097977349114]",197.19758859656093,"[198.30497492713482,197.44244746129175,197.19116569976555,196.81855315790884,196.9039100798826]",197.19116569976555,,,544.0,2.0,256.0,2536.0,,,
neoverse-v2,count/weather_sept_85/series_local/cp16/native16/materialized/last,1,5,"[94.8709419219806,94.94599177870161,94.95231376596307,94.70316506356427,94.78898671846949]",94.8709419219806,"[94.86761813028583,94.94314281474985,95.08972880582401,94.70060099610409,94.78570362660402]",94.86761813028583,,,544.0,1.0,256.0,2536.0,,,
neoverse-v2,count/weather_sept_85/series_local/cp16/native16/materialized/masked25,1,5,"[5094.776548672118,5090.004424784325,5093.181415935634,5094.879056042131,5096.54867257369]",5094.776548672118,"[5094.605457233494,5089.831120927317,5093.0287610583655,5097.712389353136,5101.872418873604]",5094.605457233494,,,544.0,62.0,256.0,2536.0,,,
neoverse-v2,count/weather_sept_85/series_local/cp16/native16/materialized/range37,1,5,"[2998.3846483667185,2998.4069468248244,2998.3340480225256,3002.9163807945697,2999.0754716951255]",2998.4069468248244,"[2998.2881646644255,2998.344339612481,2998.2165523162034,3006.1020583154714,2999.015437403122]",2998.344339612481,,,544.0,37.0,256.0,2536.0,,,
neoverse-v2,count/weather_sept_85/series_local/cp16/native16/materialized/scan,1,5,"[20037.643678149943,20034.626436786417,20040.330459767054,20043.468390816157,20037.979885043682]",20037.979885043682,"[20037.01436788576,20034.040229882197,20039.75862064949,20042.876436764607,20037.508620759385]",20037.508620759385,,,544.0,256.0,256.0,2536.0,,,
neoverse-v2,count/weather_sept_85/series_local/cp16/native16/materialized/sparse17,1,5,"[1310.6200000010747,1308.7278504691892,1308.2919626171872,1307.53962616677,1309.571588783711]",1308.7278504691892,"[1312.1112149568705,1308.6867289704594,1308.2575700936334,1307.5003738284017,1309.52485980921]",1308.6867289704594,,,544.0,16.0,256.0,2536.0,,,
neoverse-v2,count/weather_sept_85/series_local/cp16/native16/shared/crossing15,1,5,"[183.09594541377777,183.25385120052547,183.1038446396021,183.45807636812822,183.2441674322155]",183.2441674322155,"[183.09085421890768,183.46405983535996,183.0988321737249,183.4514893067299,183.2375016395867]",183.2375016395867,,,544.0,2.0,256.0,2536.0,,,
neoverse-v2,count/weather_sept_85/series_local/cp16/native16/shared/last,1,5,"[94.15983148716,94.02593644430671,93.99156089744395,93.99713312779951,94.01779345068964]",94.01779345068964,"[94.1566954252139,94.02236967833677,93.98812872670861,93.99345868644527,94.01489965955372]",94.01489965955372,,,544.0,1.0,256.0,2536.0,,,
neoverse-v2,count/weather_sept_85/series_local/cp16/native16/shared/masked25,1,5,"[4709.221923333815,4705.669132484434,4713.20174848471,4710.612642903805,4718.002017483265]",4710.612642903805,"[4709.080026907799,4705.513786139068,4713.057162069092,4716.671149971725,4723.164761252634]",4713.057162069092,,,544.0,62.0,256.0,2536.0,,,
neoverse-v2,count/weather_sept_85/series_local/cp16/native16/shared/range37,1,5,"[2764.438485805324,2753.3864353310814,2753.938880122712,2755.7985015819872,2754.8300473216327]",2754.8300473216327,"[2766.596214511163,2753.3067823360516,2753.860410091678,2758.8714511178982,2754.7440851722113]",2754.7440851722113,,,544.0,37.0,256.0,2536.0,,,
neoverse-v2,count/weather_sept_85/series_local/cp16/native16/shared/scan,1,5,"[18370.513227517575,18377.05026455976,18355.804232794588,18358.7328042305,18361.891534368624]",18361.891534368624,"[18370.007936517468,18376.54232812258,18355.31216939339,18358.24867725331,18361.380952343992]",18361.380952343992,,,544.0,256.0,256.0,2536.0,,,
neoverse-v2,count/weather_sept_85/series_local/cp16/native16/shared/sparse17,1,5,"[1218.6258692625534,1217.9567107098462,1217.4075104313295,1217.6660292059441,1216.5093880401603]",1217.6660292059441,"[1220.4132475684933,1217.9302851215023,1217.3638734300384,1217.629867870235,1216.4683588295331]",1217.629867870235,,,544.0,16.0,256.0,2536.0,,,
neoverse-v2,count/weather_sept_85/series_local/cp16/point/shared/crossing15,1,5,"[183.03121248492468,183.5249752074638,183.19293804483658,183.4018998905814,183.02327887678408]",183.19293804483658,"[183.02549715641786,184.38384049163767,183.43298188811008,183.39673260640512,183.01725037765127]",183.39673260640512,,,544.0,2.0,256.0,2536.0,,,
neoverse-v2,count/weather_sept_85/series_local/cp16/point/shared/last,1,5,"[100.36077190666599,99.96358066223803,100.3602851702952,100.43698910564059,100.5074799937844]",100.36077190666599,"[100.3570784364985,99.96050277029616,100.4065108155891,100.55001216850394,100.50461683826728]",100.4065108155891,,,544.0,1.0,256.0,2536.0,,,
neoverse-v2,count/weather_sept_85/series_local/cp16/point/shared/masked25,1,5,"[5223.607518803248,5222.877443610967,5221.593233085244,5223.874436094525,5226.117293227959]",5223.607518803248,"[5223.453383481533,5222.704511271174,5221.426315794227,5223.716541371331,5225.963157916927]",5223.453383481533,,,544.0,62.0,256.0,2536.0,,,
neoverse-v2,count/weather_sept_85/series_local/cp16/point/shared/range37,1,5,"[3065.1816586250925,3065.1382185177476,3063.291794644509,3065.0114085137798,3066.8929354990887]",3065.1382185177476,"[3065.0921456671767,3065.035103109283,3063.2018429147624,3064.9170688848913,3070.2575690956414]",3065.035103109283,,,544.0,37.0,256.0,2536.0,,,
neoverse-v2,count/weather_sept_85/series_local/cp16/point/shared/scan,1,5,"[20641.778106518475,20621.75739645301,20605.742603563427,20603.502958565365,20586.437869783447]",20605.742603563427,"[20674.2366863424,20621.562130185685,20605.28402361229,20602.881656759833,20585.831360931104]",20605.28402361229,,,544.0,256.0,256.0,2536.0,,,
neoverse-v2,count/weather_sept_85/series_local/cp16/point/shared/sparse17,1,5,"[1231.6982258915898,1234.4732127162215,1231.5517301967284,1230.8118742319573,1230.9571403471548]",1231.5517301967284,"[1231.6609871693058,1235.8849464293864,1231.5292464403958,1230.77059546078,1230.9214825269173]",1231.5292464403958,,,544.0,16.0,256.0,2536.0,,,
neoverse-v2,count/weather_sept_85/series_local/cp64/buffered16/shared/crossing15,1,5,"[220.4558684260915,220.48983521659446,220.41836605855508,220.18915335549696,220.27334427676576]",220.41836605855508,"[220.44933392177353,220.48172233034512,220.41107393148425,220.18331334109496,220.26602058193072]",220.41107393148425,,,496.0,2.0,256.0,2536.0,,,
neoverse-v2,count/weather_sept_85/series_local/cp64/buffered16/shared/last,1,5,"[195.146539459438,194.85234468725028,195.07138672691826,194.97327530905562,195.04901386440793]",195.04901386440793,"[195.33988897268836,194.84735124257548,195.06460791691066,194.96769604194466,195.04287667169586]",195.04287667169586,,,496.0,1.0,256.0,2536.0,,,
neoverse-v2,count/weather_sept_85/series_local/cp64/buffered16/shared/masked25,1,5,"[5034.093930633763,5035.545520228595,5042.56936415768,5035.531069360347,5039.872832378823]",5035.545520228595,"[5033.915462423738,5035.41690752686,5047.794075159348,5035.4494219624485,5042.895231244366]",5035.4494219624485,,,496.0,62.0,256.0,2536.0,,,
neoverse-v2,count/weather_sept_85/series_local/cp64/buffered16/shared/range37,1,5,"[2819.4689766303354,2834.05116841103,2819.3936341655053,2818.946817084185,2817.8203062042626]",2819.3936341655053,"[2819.3783239219674,2839.016921841472,2819.336422237768,2818.8549556859407,2817.740934744549]",2819.336422237768,,,496.0,37.0,256.0,2536.0,,,
neoverse-v2,count/weather_sept_85/series_local/cp64/buffered16/shared/scan,1,5,"[18664.351206461222,18660.538873991853,18663.965147448045,18664.42895442836,18689.46112599539]",18664.351206461222,"[18663.815013501662,18660.032171603732,18663.46112603482,18663.81233241247,18712.849865933924]",18663.81233241247,,,496.0,256.0,256.0,2536.0,,,
neoverse-v2,count/weather_sept_85/series_local/cp64/buffered16/shared/sparse17,1,5,"[1541.93098125955,1542.9525909594363,1542.0231532517987,1542.5777287767353,1543.2705622931783]",1542.5777287767353,"[1541.8804851259983,1543.8041896332156,1541.969128997024,1542.5276736465855,1543.2427783957364]",1542.5276736465855,,,496.0,16.0,256.0,2536.0,,,
neoverse-v2,count/weather_sept_85/series_local/cp64/native16/shared/crossing15,1,5,"[183.23283503792666,183.28101232613088,183.51117230518614,183.37141358528763,183.68350380269786]",183.37141358528763,"[183.22756359795883,183.2751901389541,183.50545502303822,183.3651193286486,183.75245213792272]",183.3651193286486,,,496.0,2.0,256.0,2536.0,,,
neoverse-v2,count/weather_sept_85/series_local/cp64/native16/shared/last,1,5,"[174.04582116013952,173.82145978491045,173.76969560770507,173.74285214841126,173.72504806841795]",173.76969560770507,"[174.10662471593568,173.81486753026357,173.76380253229107,173.73690913114189,173.71960446544395]",173.76380253229107,,,496.0,1.0,256.0,2536.0,,,
neoverse-v2,count/weather_sept_85/series_local/cp64/native16/shared/masked25,1,5,"[4702.724091520172,4711.15006729551,4708.757738892837,4700.837146708315,4700.791386273842]",4702.724091520172,"[4702.565275923339,4718.144683725159,4729.4650067155135,4700.69650067424,4700.655450851212]",4702.565275923339,,,496.0,62.0,256.0,2536.0,,,
neoverse-v2,count/weather_sept_85/series_local/cp64/native16/shared/range37,1,5,"[2759.820583597484,2757.9467665646457,2761.3580441678364,2755.648264980699,2754.3974763401447]",2757.9467665646457,"[2762.5926656132233,2759.154574133291,2773.5098580461517,2755.585962139229,2754.309148268334]",2759.154574133291,,,496.0,37.0,256.0,2536.0,,,
neoverse-v2,count/weather_sept_85/series_local/cp64/native16/shared/scan,1,5,"[18369.720316616138,18369.472295506184,18369.825857521966,18392.910290246757,18372.707124026154]",18369.825857521966,"[18368.96306070117,18368.90501307173,18369.34300796216,18413.366754641345,18372.203166172694]",18369.34300796216,,,496.0,256.0,256.0,2536.0,,,
neoverse-v2,count/weather_sept_85/series_local/cp64/native16/shared/sparse17,1,5,"[1218.9299008517407,1218.416768133808,1218.8227517808875,1219.1097582195252,1218.8745868856972]",1218.8745868856972,"[1218.8987650050133,1218.3736301956783,1218.780309618465,1224.334840841718,1220.4085927925937]",1218.8987650050133,,,496.0,16.0,256.0,2536.0,,,
neoverse-v2,count/weather_sept_85/series_local/cp64/point/shared/crossing15,1,5,"[205.79389065599798,205.3866796279989,205.36385059483234,205.67741840493784,205.69998232621245]",205.67741840493784,"[206.00108990209367,205.38178979671522,205.35798868968124,205.67096736173744,205.69465064275224]",205.67096736173744,,,496.0,2.0,256.0,2536.0,,,
neoverse-v2,count/weather_sept_85/series_local/cp64/point/shared/last,1,5,"[171.86430383450934,172.8425943994462,171.5391501609415,171.96482583674043,171.70772758312495]",171.86430383450934,"[171.85864474569618,173.0795443458026,171.5353693050863,171.95682505620778,171.70206849327184]",171.85864474569618,,,496.0,1.0,256.0,2536.0,,,
neoverse-v2,count/weather_sept_85/series_local/cp64/point/shared/masked25,1,5,"[7525.751351353564,7503.212972969286,7497.807567577527,7497.50054054046,7503.048648646728]",7503.048648646728,"[7525.4572972905435,7502.980540536825,7497.566486464976,7505.051891921294,7535.831351388707]",7505.051891921294,,,496.0,62.0,256.0,2536.0,,,
neoverse-v2,count/weather_sept_85/series_local/cp64/point/shared/range37,1,5,"[3876.8216666716803,3872.122222219332,3874.8111111096428,3874.091666662909,3872.225555557268]",3874.091666662909,"[3876.683333348612,3872.0127777954376,3874.736666647196,3873.993333343151,3872.1233333186924]",3873.993333343151,,,496.0,37.0,256.0,2536.0,,,
neoverse-v2,count/weather_sept_85/series_local/cp64/point/shared/scan,1,5,"[30479.733624443867,30451.3842794782,30429.799126606893,30462.615720524685,30417.327510909417]",30451.3842794782,"[30479.00436663301,30450.384279379945,30428.973799074232,30461.838427852923,30416.152838431743]",30450.384279379945,,,496.0,256.0,256.0,2536.0,,,
neoverse-v2,count/weather_sept_85/series_local/cp64/point/shared/sparse17,1,5,"[1810.553191491262,1807.763622211315,1809.2039439552152,1809.4081473777658,1808.3526206534461]",1809.2039439552152,"[1810.4955890011083,1807.7023871294996,1809.146341457687,1809.3500259406785,1808.3108458696179]",1809.146341457687,,,496.0,16.0,256.0,2536.0,,,
neoverse-v2,count/weather_sept_85/series_scan/cp16/buffered16/shared/crossing15,1,5,"[211.8024971967861,211.7170045763849,211.6033881869826,211.63645179843945,212.1024638600473]",211.7170045763849,"[211.7956783948357,211.71070097379746,211.59766039425728,211.63339091461705,212.33112101077467]",211.71070097379746,,,544.0,2.0,256.0,2536.0,,,
neoverse-v2,count/weather_sept_85/series_scan/cp16/buffered16/shared/last,1,5,"[105.56128905909578,105.45549462143248,105.4490312472737,105.38439750504345,105.24334829902719]",105.4490312472737,"[105.59833669781776,105.45214993810373,105.44616868026213,105.38097749180957,105.2396570953515]",105.44616868026213,,,544.0,1.0,256.0,2536.0,,,
neoverse-v2,count/weather_sept_85/series_scan/cp16/buffered16/shared/masked25,1,5,"[4946.6094632739705,4947.012005645032,4940.907485877763,4939.656779662458,4938.818502829701]",4940.907485877763,"[4951.7620056617025,4965.893361603992,4940.78954805755,4939.5091807977515,4938.6744350312065]",4940.78954805755,,,544.0,62.0,256.0,2536.0,,,
neoverse-v2,count/weather_sept_85/series_scan/cp16/buffered16/shared/range37,1,5,"[2799.7148029004397,2800.3378921963404,2800.7280772333875,2797.164521324103,2798.0060337892487]",2799.7148029004397,"[2799.654465000393,2800.2361222807026,2802.216411904948,2797.0820595241335,2797.919147211581]",2799.654465000393,,,544.0,37.0,256.0,2536.0,,,
neoverse-v2,count/weather_sept_85/series_scan/cp16/buffered16/shared/scan,1,5,"[18574.327077726957,18560.914209098853,18595.823056324327,18568.817694359805,18575.664879322405]",18574.327077726957,"[18573.73726549811,18560.335120579093,18617.536193049935,18568.367292253966,18575.040214496137]",18573.73726549811,,,544.0,256.0,256.0,2536.0,,,
neoverse-v2,count/weather_sept_85/series_scan/cp16/buffered16/shared/sparse17,1,5,"[1466.0355499774953,1465.1946884143017,1465.190715181759,1468.8868674183057,1466.0886658315126]",1466.0355499774953,"[1465.9949811848742,1465.1459640412827,1465.1484734369203,1470.4558761995625,1466.048515263573]",1465.9949811848742,,,544.0,16.0,256.0,2536.0,,,
neoverse-v2,count/weather_sept_85/series_scan/cp16/native16/shared/crossing15,1,5,"[172.4293061023366,172.3335137795312,172.3342273623548,172.61697834648595,172.40858759825886]",172.40858759825886,"[172.42453248006922,172.3274606309976,172.32957677133143,172.8006889760469,172.4048720479068]",172.4048720479068,,,544.0,2.0,256.0,2536.0,,,
neoverse-v2,count/weather_sept_85/series_scan/cp16/native16/shared/last,1,5,"[84.59448599721345,84.66354416287624,84.59367511441638,84.60077941575474,84.58215331748195]",84.59448599721345,"[84.5914482126324,84.66131726109226,84.59104882270584,84.59844358902319,84.57938179250797]",84.5914482126324,,,544.0,1.0,256.0,2536.0,,,
neoverse-v2,count/weather_sept_85/series_scan/cp16/native16/shared/masked25,1,5,"[4654.158034520969,4647.899734386981,4645.824037178651,4646.4375829989685,4654.049800792069]",4647.899734386981,"[4654.05909695573,4647.8260292039595,4645.703851271682,4646.329349270069,4658.640770235837]",4647.8260292039595,,,544.0,62.0,256.0,2536.0,,,
neoverse-v2,count/weather_sept_85/series_scan/cp16/native16/shared/range37,1,5,"[2745.026656213387,2748.5021560180585,2755.4366914915413,2745.519012153977,2745.836926694352]",2745.836926694352,"[2744.960015677534,2748.428851443661,2757.2191297467252,2745.438651525333,2745.7847902659832]",2745.7847902659832,,,544.0,37.0,256.0,2536.0,,,
neoverse-v2,count/weather_sept_85/series_scan/cp16/native16/shared/scan,1,5,"[18306.862796847636,18312.182058051527,18296.081794198235,18306.548812662164,18300.952506571095]",18306.548812662164,"[18306.432717703246,18337.907651691618,18295.5804748393,18306.005276940894,18300.39313984519]",18306.005276940894,,,544.0,256.0,256.0,2536.0,,,
neoverse-v2,count/weather_sept_85/series_scan/cp16/native16/shared/sparse17,1,5,"[1139.4644487950764,1141.1751467719157,1141.3956294852521,1139.8153946517816,1139.6780821916188]",1139.8153946517816,"[1139.4318330017024,1141.1402478744888,1142.6183953042696,1139.7765818666583,1139.6167645087892]",1139.7765818666583,,,544.0,16.0,256.0,2536.0,,,
neoverse-v2,count/weather_sept_85/series_scan/cp16/point/shared/crossing15,1,5,"[177.3553739978469,177.32375926130692,177.34177407863632,177.2628387294065,177.54374302259058]",177.34177407863632,"[177.35014716312804,177.3189637667012,177.33624276845867,177.25679995989046,177.7180554149355]",177.33624276845867,,,544.0,2.0,256.0,2536.0,,,
neoverse-v2,count/weather_sept_85/series_scan/cp16/point/shared/last,1,5,"[94.9207746958955,94.49595775365793,94.71460652733238,94.61741568434648,94.7535999129277]",94.71460652733238,"[94.91803903402622,94.49318126087014,94.71193891718735,95.0263630672283,94.87924980263661]",94.87924980263661,,,544.0,1.0,256.0,2536.0,,,
neoverse-v2,count/weather_sept_85/series_scan/cp16/point/shared/masked25,1,5,"[5118.866025165249,5120.649888975433,5115.675055514716,5115.916358257616,5117.5077720148665]",5117.5077720148665,"[5118.700962248382,5125.6794966662055,5115.524796416518,5115.779422661437,5119.717986648435]",5118.700962248382,,,544.0,62.0,256.0,2536.0,,,
neoverse-v2,count/weather_sept_85/series_scan/cp16/point/shared/range37,1,5,"[2938.565563468417,2935.0125680789192,2935.991621282926,2934.574361127023,2934.9698366162743]",2935.0125680789192,"[2938.460410555554,2934.927943016574,2938.6573104431877,2934.504817752473,2934.8797653971596]",2934.927943016574,,,544.0,37.0,256.0,2536.0,,,
neoverse-v2,count/weather_sept_85/series_scan/cp16/point/shared/scan,1,5,"[20102.501440926313,20081.524495676,20116.432276646654,20078.83285302724,20080.397694522177]",20081.524495676,"[20101.783861646934,20080.94524497928,20143.077809801514,20078.29971180347,20079.82132559841]",20080.94524497928,,,544.0,256.0,256.0,2536.0,,,
neoverse-v2,count/weather_sept_85/series_scan/cp16/point/shared/sparse17,1,5,"[1198.3564933958196,1196.9598558920916,1197.6558586391116,1198.9593412255379,1197.4892777494676]",1197.6558586391116,"[1198.316006173393,1196.9243437975017,1197.628752788028,1200.3564933943003,1197.4623434598966]",1197.628752788028,,,544.0,16.0,256.0,2536.0,,,
neoverse-v2,count/weather_sept_85/series_scan/cp64/buffered16/shared/crossing15,1,5,"[209.5387883321611,209.54288706025284,209.3085115931658,209.34925953650497,209.54698578919488]",209.5387883321611,"[209.53166791336153,209.7747494398273,209.30255796525518,209.3430067319448,209.54139117360384]",209.53166791336153,,,496.0,2.0,256.0,2536.0,,,
neoverse-v2,count/weather_sept_85/series_scan/cp64/buffered16/shared/last,1,5,"[183.73250249793753,185.2012409949773,185.85712783297387,186.2798548663486,184.31250985956274]",185.2012409949773,"[184.48259452024993,185.49361098075317,186.0108849983816,186.2736236004728,184.46537308658506]",185.49361098075317,,,496.0,1.0,256.0,2536.0,,,
neoverse-v2,count/weather_sept_85/series_scan/cp64/buffered16/shared/masked25,1,5,"[4935.5416666613155,4936.4696327645215,4936.402542376035,4942.934322028028,4938.712570622564]",4936.4696327645215,"[4935.391242937619,4936.348163837953,4936.236581932906,4956.502118626743,4938.584039543501]",4936.348163837953,,,496.0,62.0,256.0,2536.0,,,
neoverse-v2,count/weather_sept_85/series_scan/cp64/buffered16/shared/range37,1,5,"[2798.6338819754856,2800.0260939396467,2798.8526696076824,2803.3877960687682,2797.7221999202425]",2798.8526696076824,"[2798.547972709255,2799.9329586392028,2798.7486953101134,2806.509032537214,2797.6732235986046]",2798.7486953101134,,,496.0,37.0,256.0,2536.0,,,
neoverse-v2,count/weather_sept_85/series_scan/cp64/buffered16/shared/scan,1,5,"[18586.782841823002,18571.51206433686,18572.565683622215,18569.083109921838,18561.753351192765]",18571.51206433686,"[18586.30563008252,18571.056300205033,18571.92761395957,18568.57908854671,18561.276139452282]",18571.056300205033,,,496.0,256.0,256.0,2536.0,,,
neoverse-v2,count/weather_sept_85/series_scan/cp64/buffered16/shared/sparse17,1,5,"[1469.0708876727285,1467.7541018098439,1467.019352123612,1468.2944888499658,1467.2763988199786]",1467.7541018098439,"[1470.8464450902716,1467.7242322223692,1466.9713925186431,1468.2530500633795,1467.2362221211015]",1467.7242322223692,,,496.0,16.0,256.0,2536.0,,,
neoverse-v2,count/weather_sept_85/series_scan/cp64/native16/shared/crossing15,1,5,"[171.79136708327894,171.61674560144695,171.9132291229211,171.53885794225533,171.58351942281456]",171.61674560144695,"[171.9726877864625,171.61286839687932,171.9718779905784,171.53233049401297,171.57834163507644]",171.61286839687932,,,496.0,2.0,256.0,2536.0,,,
neoverse-v2,count/weather_sept_85/series_scan/cp64/native16/shared/last,1,5,"[162.33612279822646,164.7553053770241,163.8837902813855,162.44761662557374,163.56715520810474]",163.56715520810474,"[162.3305284579822,165.02769429942086,163.88071570557648,162.4423228072262,163.56257802051272]",163.56257802051272,,,496.0,1.0,256.0,2536.0,,,
neoverse-v2,count/weather_sept_85/series_scan/cp64/native16/shared/masked25,1,5,"[4640.674618953199,4643.231278992606,4648.111332006679,4645.612988728747,4641.412193512759]",4643.231278992606,"[4640.51822399554,4643.09807819342,4654.574552682954,4645.455268356972,4641.251822406923]",4643.09807819342,,,496.0,62.0,256.0,2536.0,,,
neoverse-v2,count/weather_sept_85/series_scan/cp64/native16/shared/range37,1,5,"[2744.374950925055,2744.177071061184,2747.0337652131916,2748.83195917058,2743.923046721515]",2744.374950925055,"[2744.2873969452844,2744.0934432721997,2750.031802127498,2760.7149587763925,2743.859049869724]",2744.2873969452844,,,496.0,37.0,256.0,2536.0,,,
neoverse-v2,count/weather_sept_85/series_scan/cp64/native16/shared/scan,1,5,"[18299.23884514006,18282.335958019758,18281.501312337357,18283.871391077795,18297.456692920154]",18283.871391077795,"[18298.69291341096,18281.863517073085,18280.900262372234,18283.380577360917,18319.61154861528]",18283.380577360917,,,496.0,256.0,256.0,2536.0,,,
neoverse-v2,count/weather_sept_85/series_scan/cp64/native16/shared/sparse17,1,5,"[1133.820992676132,1133.0061838887254,1132.9568755090515,1133.1570382421987,1133.282180633757]",1133.1570382421987,"[1133.7887713587902,1132.9754271843908,1132.9249796630654,1133.1283970704571,1133.2465419030236]",1133.1283970704571,,,496.0,16.0,256.0,2536.0,,,
neoverse-v2,count/weather_sept_85/series_scan/cp64/point/shared/crossing15,1,5,"[192.78049520243846,192.77470497385485,193.17431344437978,193.0036671444999,193.06884857195269]",193.0036671444999,"[192.77462225679065,192.77023822613515,193.38102459544962,193.00005514513202,193.1312176023738]",193.00005514513202,,,496.0,2.0,256.0,2536.0,,,
neoverse-v2,count/weather_sept_85/series_scan/cp64/point/shared/last,1,5,"[161.0366652115207,160.97261595725126,161.06547359207562,161.32757472028032,161.3544074064703]",161.06547359207562,"[161.0315881359656,160.96818213140386,161.0607411156276,161.49668037401776,162.73523398298553]",161.0607411156276,,,496.0,1.0,256.0,2536.0,,,
neoverse-v2,count/weather_sept_85/series_scan/cp64/point/shared/masked25,1,5,"[7111.290519886957,7078.196738027765,7070.561671767262,7066.542303765168,7070.363914367725]",7070.561671767262,"[7143.432212042662,7078.035677864484,7070.370030568938,7066.324159033079,7070.154943937457]",7070.370030568938,,,496.0,62.0,256.0,2536.0,,,
neoverse-v2,count/weather_sept_85/series_scan/cp64/point/shared/range37,1,5,"[3535.510121456177,3533.4109311788816,3532.770748988222,3534.7262145716527,3514.617914977628]",3533.4109311788816,"[3535.409919007949,3533.296052643048,3532.6664979998136,3534.6179149639543,3519.8415992068394]",3533.296052643048,,,496.0,37.0,256.0,2536.0,,,
neoverse-v2,count/weather_sept_85/series_scan/cp64/point/shared/scan,1,5,"[28833.768595037393,28745.72727269101,28712.74793392331,28723.71487606928,28724.92975205605]",28724.92975205605,"[28867.380165335766,28745.26859504051,28712.00826457275,28722.913223257197,28724.190082646768]",28724.190082646768,,,496.0,256.0,256.0,2536.0,,,
neoverse-v2,count/weather_sept_85/series_scan/cp64/point/shared/sparse17,1,5,"[1709.6050768859027,1705.285574813684,1703.179399561798,1702.3465950711723,1701.347083231187]",1703.179399561798,"[1716.8320722540636,1707.2455455283073,1703.1459604633194,1702.2946058125065,1701.2953380509746]",1703.1459604633194,,,496.0,16.0,256.0,2536.0,,,
neoverse-v2,count/weather_sept_85/tuple_absolute6/cp16/point/shared/crossing15,1,5,"[163.76390390649584,163.4816651781582,163.514080203236,163.4991067649015,163.83616191048378]",163.514080203236,"[163.75823891738744,163.47658784206487,163.5095435096268,163.49370034340032,164.04856377304546]",163.5095435096268,,,1536.0,2.0,256.0,2536.0,,,
neoverse-v2,count/weather_sept_85/tuple_absolute6/cp16/point/shared/last,1,5,"[78.73668473389371,78.640219046796,78.54925192620117,78.61748566578983,78.69789240274343]",78.640219046796,"[78.73431060751494,78.63812488806875,78.54722495918192,78.6156378783031,78.69576464760517]",78.63812488806875,,,1536.0,1.0,256.0,2536.0,,,
neoverse-v2,count/weather_sept_85/tuple_absolute6/cp16/point/shared/masked25,1,5,"[4554.396091200021,4551.031921827555,4552.005863190582,4547.141368083748,4555.8840390855175]",4552.005863190582,"[4559.255374598557,4550.930293145394,4551.873615643467,4546.992182419853,4560.923778527357]",4551.873615643467,,,1536.0,62.0,256.0,2536.0,,,
neoverse-v2,count/weather_sept_85/tuple_absolute6/cp16/point/shared/range37,1,5,"[2695.6517547262292,2699.1415348978003,2697.8708060181784,2694.3308908609297,2695.835711533166]",2695.835711533166,"[2695.576166592628,2699.056691102444,2697.8083301136244,2694.2599305719073,2695.7686077840326]",2695.7686077840326,,,1536.0,37.0,256.0,2536.0,,,
neoverse-v2,count/weather_sept_85/tuple_absolute6/cp16/point/shared/scan,1,5,"[18050.875324659843,18017.581818161514,18058.477922091675,18014.480519480447,18025.03376621177]",18025.03376621177,"[18050.26493504509,18017.02857135326,18066.13246757975,18014.124675396666,18024.52207788543]",18024.52207788543,,,1536.0,256.0,256.0,2536.0,,,
neoverse-v2,count/weather_sept_85/tuple_absolute6/cp16/point/shared/sparse17,1,5,"[1070.019871597291,1070.432895140169,1070.1024151644353,1071.6253439318702,1071.9506267186832]",1070.432895140169,"[1069.9891470451382,1070.3968205466035,1070.0713849007816,1072.8372057481752,1076.0625191033364]",1070.3968205466035,,,1536.0,16.0,256.0,2536.0,,,
neoverse-v2,count/weather_sept_85/tuple_checkpoint2/cp16/buffered16/shared/crossing15,1,5,"[221.83698196796757,221.87817146499847,222.1087946854735,221.6922809234855,221.818380259457]",221.83698196796757,"[221.8290730788452,221.87061056648497,222.3777285683909,221.69019297713484,221.81018665062297]",221.8290730788452,,,576.0,2.0,256.0,2536.0,,,
neoverse-v2,count/weather_sept_85/tuple_checkpoint2/cp16/buffered16/shared/last,1,5,"[111.08618090041868,110.88456838146548,110.2972050725201,110.48166076795673,110.45840938323964]",110.48166076795673,"[111.08283206616701,110.8808386366736,110.29423714813201,110.60252035500639,110.45585411088425]",110.60252035500639,,,576.0,1.0,256.0,2536.0,,,
neoverse-v2,count/weather_sept_85/tuple_checkpoint2/cp16/buffered16/shared/masked25,1,5,"[4987.327857140907,4996.456428573635,5016.512142859142,4983.765714285937,4985.173571431087]",4987.327857140907,"[4987.178571411732,4996.274285693808,5016.342142840001,4983.605000014839,4985.000714279002]",4987.178571411732,,,576.0,62.0,256.0,2536.0,,,
neoverse-v2,count/weather_sept_85/tuple_checkpoint2/cp16/buffered16/shared/range37,1,5,"[2810.1755020085866,2811.6465863463764,2813.5827309208057,2811.6072289105473,2814.436144578977]",2811.6465863463764,"[2810.0911646721856,2811.559839339833,2813.4947791362624,2811.526104414404,2817.3763052151285]",2811.559839339833,,,576.0,37.0,256.0,2536.0,,,
neoverse-v2,count/weather_sept_85/tuple_checkpoint2/cp16/buffered16/shared/scan,1,5,"[18660.142091155296,18637.512064368642,18622.294906189887,18623.782841846016,18626.715817674267]",18626.715817674267,"[18682.158176900957,18637.040214577948,18621.65147461556,18623.268096418917,18626.254691706945]",18626.254691706945,,,576.0,256.0,256.0,2536.0,,,
neoverse-v2,count/weather_sept_85/tuple_checkpoint2/cp16/buffered16/shared/sparse17,1,5,"[1550.6264874395013,1549.9925077127466,1547.7269722342196,1551.0960775678036,1553.3096077596172]",1550.6264874395013,"[1550.5762450378122,1552.269501984641,1547.6959012713658,1557.4261789270058,1553.2853680091137]",1552.269501984641,,,576.0,16.0,256.0,2536.0,,,
neoverse-v2,count/weather_sept_85/tuple_checkpoint2/cp16/native16/shared/crossing15,1,5,"[179.30431680359507,178.31002497316837,178.42645634802466,178.4202385200348,178.33423372910443]",178.4202385200348,"[179.29860863330472,178.30388359415934,178.6132205285065,178.41509097415548,178.32781203716564]",178.41509097415548,,,576.0,2.0,256.0,2536.0,,,
neoverse-v2,count/weather_sept_85/tuple_checkpoint2/cp16/native16/shared/last,1,5,"[89.40572358213608,89.19283143101383,89.4389403430207,89.48455734467018,89.4488169811642]",89.4389403430207,"[89.40311030838978,89.1902950179977,89.79891882173467,89.59386649294356,89.44619089738723]",89.44619089738723,,,576.0,1.0,256.0,2536.0,,,
neoverse-v2,count/weather_sept_85/tuple_checkpoint2/cp16/native16/shared/masked25,1,5,"[4702.544781142357,4698.263299665485,4704.273400668068,4704.331986529108,4703.451178451978]",4703.451178451978,"[4702.4303030136225,4698.112457930871,4704.139393915795,4704.1791245947,4703.321885531127]",4703.321885531127,,,576.0,62.0,256.0,2536.0,,,
neoverse-v2,count/weather_sept_85/tuple_checkpoint2/cp16/native16/shared/range37,1,5,"[2759.2237101199057,2758.8444269411502,2759.8428515206074,2757.613627411288,2760.285939343746]",2759.2237101199057,"[2759.139818826974,2758.7636864840747,2762.028751463389,2757.534068520457,2763.2371012346007]",2759.139818826974,,,576.0,37.0,256.0,2536.0,,,
neoverse-v2,count/weather_sept_85/tuple_checkpoint2/cp16/native16/shared/scan,1,5,"[18398.573684214927,18373.536842113634,18361.423684198322,18363.9078947432,18367.15526315246]",18367.15526315246,"[18423.534210623267,18372.644736898204,18360.876315844172,18363.321052561332,18366.56052624245]",18366.56052624245,,,576.0,256.0,256.0,2536.0,,,
neoverse-v2,count/weather_sept_85/tuple_checkpoint2/cp16/native16/shared/sparse17,1,5,"[1170.6765893040126,1172.6533804239398,1171.9835183319194,1171.7598385466079,1171.938950553368]",1171.938950553368,"[1170.6382441924964,1173.8536831527722,1171.9517322516301,1171.7216616207722,1171.9029599768512]",1171.9029599768512,,,576.0,16.0,256.0,2536.0,,,
neoverse-v2,count/weather_sept_85/tuple_checkpoint2/cp16/point/shared/crossing15,1,5,"[204.28598556777825,204.1144935577978,204.09313739822912,204.46881299520248,204.24759706673706]",204.24759706673706,"[204.2790031843604,204.1077741086133,204.08653480902683,204.71115136285704,204.2414327036098]",204.2414327036098,,,576.0,2.0,256.0,2536.0,,,
neoverse-v2,count/weather_sept_85/tuple_checkpoint2/cp16/point/shared/last,1,5,"[119.32329112197574,119.30301947172529,119.3163636984414,119.04685797932005,118.96660539212515]",119.30301947172529,"[119.32014229340434,119.29981958015111,119.31318082835192,119.0431985299123,119.08517156836797]",119.29981958015111,,,576.0,1.0,256.0,2536.0,,,
neoverse-v2,count/weather_sept_85/tuple_checkpoint2/cp16/point/shared/masked25,1,5,"[5896.590638304162,5895.095319149422,5886.657021271296,5885.076595750724,5888.388085105226]",5888.388085105226,"[5896.384680822171,5894.902127683382,5886.461276580295,5884.917446816504,5888.203404247953]",5888.203404247953,,,576.0,62.0,256.0,2536.0,,,
neoverse-v2,count/weather_sept_85/tuple_checkpoint2/cp16/point/shared/range37,1,5,"[3387.7031476964853,3393.4784503594915,3395.1966101703124,3389.721549642254,3387.704116223009]",3389.721549642254,"[3387.603874078803,3395.085714289403,3396.3346246787683,3389.6334140383005,3387.6130750601305]",3389.6334140383005,,,576.0,37.0,256.0,2536.0,,,
neoverse-v2,count/weather_sept_85/tuple_checkpoint2/cp16/point/shared/scan,1,5,"[23036.526490062555,23041.635761573212,23013.87417217797,23034.374172168373,23000.03642382976]",23034.374172168373,"[23051.89072847389,23057.59271534772,23013.248344205742,23050.413907277285,22999.41059595165]",23050.413907277285,,,576.0,256.0,256.0,2536.0,,,
neoverse-v2,count/weather_sept_85/tuple_checkpoint2/cp16/point/shared/sparse17,1,5,"[1378.056407233698,1377.8991745302512,1379.0485455967776,1377.252948114755,1377.973860065436]",1377.973860065436,"[1378.0129717004008,1377.8592767372852,1380.5591588050243,1377.2154088069644,1377.9333726365128]",1377.9333726365128,,,576.0,16.0,256.0,2536.0,,,
neoverse-v2,count/weather_sept_85/tuple_checkpoint2/cp64/buffered16/shared/crossing15,1,5,"[221.94345483352384,221.69191759095875,221.5330903326721,221.39296354979203,221.66225039627793]",221.66225039627793,"[221.9358478602862,221.6851664030493,221.52532488025295,221.38567353446703,221.6544532480225]",221.6544532480225,,,528.0,2.0,256.0,2536.0,,,
neoverse-v2,count/weather_sept_85/tuple_checkpoint2/cp64/buffered16/shared/last,1,5,"[244.79373468686026,245.29068953418758,244.54665733256985,245.3174308714774,245.4647182355971]",245.29068953418758,"[244.7857542876774,245.28249912423811,244.53871193576174,245.30987049382776,245.5453972703797]",245.28249912423811,,,528.0,1.0,256.0,2536.0,,,
neoverse-v2,count/weather_sept_85/tuple_checkpoint2/cp64/buffered16/shared/masked25,1,5,"[4999.539727983697,4989.178954900828,4984.36649965081,4982.586256259627,4981.911238371863]",4984.36649965081,"[4999.380100209403,4994.512526842045,4984.208303510775,4982.4488188723,4981.7709377058445]",4984.208303510775,,,528.0,62.0,256.0,2536.0,,,
neoverse-v2,count/weather_sept_85/tuple_checkpoint2/cp64/buffered16/shared/range37,1,5,"[2815.7200321839437,2811.8302493957713,2812.10860820527,2812.0402252579806,2812.298873692018]",2812.10860820527,"[2818.637972643327,2811.7465808564357,2812.0402252694134,2811.9444891306325,2812.2292839882143]",2812.0402252694134,,,528.0,37.0,256.0,2536.0,,,
neoverse-v2,count/weather_sept_85/tuple_checkpoint2/cp64/buffered16/shared/scan,1,5,"[18642.581769415236,18637.00804287922,18629.914209102644,18645.670241253953,18643.27613939826]",18642.581769415236,"[18641.978552273824,18636.391420863336,18629.359249433124,18663.182305712613,18642.788203720098]",18641.978552273824,,,528.0,256.0,256.0,2536.0,,,
neoverse-v2,count/weather_sept_85/tuple_checkpoint2/cp64/buffered16/shared/sparse17,1,5,"[1543.99800840923,1544.7036955075714,1545.5718079205362,1543.064616062462,1547.0099579555829]",1544.7036955075714,"[1543.9466696100692,1544.656782479267,1545.5153795158665,1543.0112856933033,1548.6010179163088]",1544.656782479267,,,528.0,16.0,256.0,2536.0,,,
neoverse-v2,count/weather_sept_85/tuple_checkpoint2/cp64/native16/shared/crossing15,1,5,"[176.871275086221,176.84058889127954,176.9286184877755,176.97134096877812,176.94171903520348]",176.9286184877755,"[176.86471214304606,176.8340259484647,176.92246097743364,177.15071964372092,176.93578958092024]",176.92246097743364,,,528.0,2.0,256.0,2536.0,,,
neoverse-v2,count/weather_sept_85/tuple_checkpoint2/cp64/native16/shared/last,1,5,"[224.9166371507662,225.0041536528308,225.02620987214968,224.8918440284504,225.07428277034288]",225.0041536528308,"[224.9093924069739,224.99655472211938,225.01877193495162,224.885983837933,225.30972083701266]",224.99655472211938,,,528.0,1.0,256.0,2536.0,,,
neoverse-v2,count/weather_sept_85/tuple_checkpoint2/cp64/native16/shared/masked25,1,5,"[4703.464333785145,4719.992597582982,4699.9650067300145,4696.645356662991,4697.15881560547]",4699.9650067300145,"[4703.321668920326,4724.905787351874,4699.819650046244,4696.521534330015,4697.0309556014445]",4699.819650046244,,,528.0,62.0,256.0,2536.0,,,
neoverse-v2,count/weather_sept_85/tuple_checkpoint2/cp64/native16/shared/range37,1,5,"[2759.4727703275685,2757.5812943993033,2757.0564325194837,2756.708760852004,2775.454222571577]",2757.5812943993033,"[2759.396211518114,2757.49092344102,2756.976322011412,2756.642857160836,2837.0876085286795]",2757.49092344102,,,528.0,37.0,256.0,2536.0,,,
neoverse-v2,count/weather_sept_85/tuple_checkpoint2/cp64/native16/shared/scan,1,5,"[18348.484210518658,18358.142105250565,18375.71052629833,18396.065789448214,18348.36842107279]",18358.142105250565,"[18347.871052601236,18357.636842163054,18395.900000044956,18470.265789454443,18347.99999995228]",18357.636842163054,,,528.0,256.0,256.0,2536.0,,,
neoverse-v2,count/weather_sept_85/tuple_checkpoint2/cp64/native16/shared/sparse17,1,5,"[1170.8362602426564,1170.3341695920967,1171.5449071757662,1171.3273122606447,1169.9526676698133]",1170.8362602426564,"[1170.7992975433413,1170.3035624747283,1171.5107877549801,1171.2955343723013,1169.9145342066538]",1170.7992975433413,,,528.0,16.0,256.0,2536.0,,,
neoverse-v2,count/weather_sept_85/tuple_checkpoint2/cp64/point/shared/crossing15,1,5,"[246.22016344927988,246.18331689460265,245.99288431746967,246.18845991245402,246.22026912761916]",246.18845991245402,"[246.5427293224668,246.17577849822425,245.98524024125018,246.17947724310267,246.21385796819467]",246.17947724310267,,,528.0,2.0,256.0,2536.0,,,
neoverse-v2,count/weather_sept_85/tuple_checkpoint2/cp64/point/shared/last,1,5,"[248.578470718182,248.8483858366015,248.37866249984745,248.38157474190731,248.23276627514892]",248.38157474190731,"[248.57147423398118,249.13701743902325,248.36616116699508,248.37486237890772,248.22605391113993]",248.37486237890772,,,528.0,1.0,256.0,2536.0,,,
neoverse-v2,count/weather_sept_85/tuple_checkpoint2/cp64/point/shared/masked25,1,5,"[10168.187772914183,10164.759825327066,10127.938864622547,10129.45269286241,10101.85298399052]",10129.45269286241,"[10206.26637549936,10186.106259110207,10136.52547308772,10129.155749647769,10101.551673968464]",10136.52547308772,,,528.0,62.0,256.0,2536.0,,,
neoverse-v2,count/weather_sept_85/tuple_checkpoint2/cp64/point/shared/range37,1,5,"[4801.393918457966,4803.966136832683,4815.17138907776,4808.313752593137,4794.467173467279]",4803.966136832683,"[4801.252937095775,4809.265376665162,4815.040082930971,4808.183137524042,4794.348997934186]",4808.183137524042,,,528.0,37.0,256.0,2536.0,,,
neoverse-v2,count/weather_sept_85/tuple_checkpoint2/cp64/point/shared/scan,1,5,"[40459.54913294408,40328.95375723845,40294.99421958765,40303.77456645726,40319.092485526584]",40319.092485526584,"[40834.5606935544,40328.34682099794,40294.12138700174,40302.66473994012,40318.03468223782]",40318.03468223782,,,528.0,256.0,256.0,2536.0,,,
neoverse-v2,count/weather_sept_85/tuple_checkpoint2/cp64/point/shared/sparse17,1,5,"[2470.358711051036,2455.321175636491,2448.9886685549877,2451.1752832843713,2449.8643767735493]",2451.1752832843713,"[2470.3137393822176,2468.3778328687467,2448.916430598735,2451.1097733677107,2449.801699698184]",2451.1097733677107,,,528.0,16.0,256.0,2536.0,,,
neoverse-v2,count/weather_sept_85/tuple_folded2/cp16/buffered16/shared/crossing15,1,5,"[275.6581176381024,275.2724264271693,275.4662175468688,275.31024701552235,275.3201355242571]",275.3201355242571,"[275.6481503384277,275.26344403831723,275.45640783243306,275.30185557271597,275.3104833950604]",275.3104833950604,,,576.0,2.0,256.0,2536.0,,,
neoverse-v2,count/weather_sept_85/tuple_folded2/cp16/buffered16/shared/last,1,5,"[145.00326331665534,145.06830245567875,144.58436086486432,144.7743767685353,144.9282896504882]",144.9282896504882,"[144.99888468895142,145.06394448195246,144.57998223774743,144.77032860418012,144.92411756226718]",144.92411756226718,,,576.0,1.0,256.0,2536.0,,,
neoverse-v2,count/weather_sept_85/tuple_folded2/cp16/buffered16/shared/masked25,1,5,"[5367.374903174206,5365.934934162632,5372.769945774667,5365.828814863726,5368.9713400475985]",5367.374903174206,"[5367.219984471673,5365.778466322828,5379.530596453075,5365.793958157858,5370.6320681486395]",5367.219984471673,,,576.0,62.0,256.0,2536.0,,,
neoverse-v2,count/weather_sept_85/tuple_folded2/cp16/buffered16/shared/range37,1,5,"[2883.1493212633463,2883.078979841551,2885.9424105330663,2880.7856848999722,2879.3866721535614]",2883.078979841551,"[2886.15466884546,2884.22747840331,2897.206910729617,2880.721513771668,2879.3064582621796]",2884.22747840331,,,576.0,37.0,256.0,2536.0,,,
neoverse-v2,count/weather_sept_85/tuple_folded2/cp16/buffered16/shared/scan,1,5,"[19078.145604401154,19070.219780223477,19088.802197781777,19096.08516482197,19082.73626372148]",19082.73626372148,"[19077.461538322645,19069.629120804668,19166.11263730694,19120.543955975565,19082.156593275522]",19082.156593275522,,,576.0,256.0,256.0,2536.0,,,
neoverse-v2,count/weather_sept_85/tuple_folded2/cp16/buffered16/shared/sparse17,1,5,"[2020.849465469736,2020.7821438921,2021.4706732132368,2017.0098237533443,2022.836174517612]",2020.849465469736,"[2020.7818549572155,2020.7226235070748,2021.4021958919566,2016.9485697836478,2024.9760184835704]",2020.7818549572155,,,576.0,16.0,256.0,2536.0,,,
neoverse-v2,count/weather_sept_85/tuple_folded2/cp16/native16/shared/crossing15,1,5,"[178.51905903934545,178.38120630707147,178.29552992801524,178.6891871204727,178.69441751267794]",178.51905903934545,"[178.51288462565242,178.3746236675958,178.289661682934,179.4209317752612,178.93200489894377]",178.51288462565242,,,576.0,2.0,256.0,2536.0,,,
neoverse-v2,count/weather_sept_85/tuple_folded2/cp16/native16/shared/last,1,5,"[89.27651109402655,89.22368018356774,89.27068349904144,88.99303749054782,89.20706452441738]",89.22368018356774,"[89.36083907153855,89.22110430976234,89.34273144606554,88.99075490961124,89.20399132886686]",89.22110430976234,,,576.0,1.0,256.0,2536.0,,,
neoverse-v2,count/weather_sept_85/tuple_folded2/cp16/native16/shared/masked25,1,5,"[4667.93462307966,4674.009339562224,4668.276184120175,4668.756504335471,4664.721147435898]",4668.276184120175,"[4667.795863885917,4678.899266172174,4668.144763178593,4668.619746483226,4664.583055384429]",4668.144763178593,,,576.0,62.0,256.0,2536.0,,,
neoverse-v2,count/weather_sept_85/tuple_folded2/cp16/native16/shared/range37,1,5,"[2754.588119589172,2749.967348543372,2749.2446892203084,2750.0904799363807,2750.5527144007406]",2750.0904799363807,"[2757.274193534135,2749.9110936171364,2749.164044056538,2749.997639667819,2750.46695514616]",2749.997639667819,,,576.0,37.0,256.0,2536.0,,,
neoverse-v2,count/weather_sept_85/tuple_folded2/cp16/native16/shared/scan,1,5,"[18329.50263159947,18318.771052642995,18341.292105249428,18350.57105261895,18329.60000000053]",18329.60000000053,"[18329.047368506748,18318.318421063992,18340.84210522154,18371.47105268406,18329.0894736238]",18329.0894736238,,,576.0,256.0,256.0,2536.0,,,
neoverse-v2,count/weather_sept_85/tuple_folded2/cp16/native16/shared/sparse17,1,5,"[1170.7808838301544,1171.648644122821,1168.9675259452204,1169.4169735536148,1171.3203883509652]",1170.7808838301544,"[1170.7490793449847,1171.6158352841858,1168.9487780384484,1169.3801473106334,1172.5997656532006]",1170.7490793449847,,,576.0,16.0,256.0,2536.0,,,
neoverse-v2,count/weather_sept_85/tuple_folded2/cp16/point/shared/crossing15,1,5,"[181.00672321048992,180.84606433606356,181.06242242440663,181.85891601143913,180.8764480760871]",181.00672321048992,"[181.00074989679683,180.83985829500392,181.0569145636093,181.99987070715483,180.86941456362115]",181.00074989679683,,,576.0,2.0,256.0,2536.0,,,
neoverse-v2,count/weather_sept_85/tuple_folded2/cp16/point/shared/last,1,5,"[97.15318235339056,97.15634046670094,97.1216981784909,97.14207355080853,96.96915298850452]",97.14207355080853,"[97.26879977789818,97.15366715130084,97.11855391680247,97.13867996405872,96.96598102337536]",97.13867996405872,,,576.0,1.0,256.0,2536.0,,,
neoverse-v2,count/weather_sept_85/tuple_folded2/cp16/point/shared/masked25,1,5,"[5038.91997115772,5034.228550829799,5043.972602734649,5038.105984147425,5038.09228550847]",5038.105984147425,"[5038.786589735175,5034.076423927199,5049.43403027461,5037.981254512489,5039.82191777477]",5038.786589735175,,,576.0,62.0,256.0,2536.0,,,
neoverse-v2,count/weather_sept_85/tuple_folded2/cp16/point/shared/range37,1,5,"[2948.3385328837508,2955.227234402278,2950.5080101149274,2948.5505902233986,2949.2411467100405]",2949.2411467100405,"[2948.250843163173,2958.293001689307,2950.4544688086316,2948.456576726392,2949.139966281193]",2949.139966281193,,,576.0,37.0,256.0,2536.0,,,
neoverse-v2,count/weather_sept_85/tuple_folded2/cp16/point/shared/scan,1,5,"[19770.022727269326,19768.957386362923,19773.46590908979,19798.11931818176,19782.167613658818]",19773.46590908979,"[19769.321022716274,19768.39488645768,19772.852272675387,19822.650568102064,19781.755681756087]",19772.852272675387,,,576.0,256.0,256.0,2536.0,,,
neoverse-v2,count/weather_sept_85/tuple_folded2/cp16/point/shared/sparse17,1,5,"[1180.1011369408827,1180.1080943491545,1180.86780926592,1180.0867130511554,1181.6864076007282]",1180.1080943491545,"[1180.0582046562347,1180.0763617830728,1180.8301374548153,1180.05056847166,1183.0178177487999]",1180.0763617830728,,,576.0,16.0,256.0,2536.0,,,
neoverse-v2,count/weather_sept_85/tuple_folded2/cp64/buffered16/shared/crossing15,1,5,"[275.6920980923744,275.42060577326316,275.7816609404933,276.06026142273254,276.69075543972576]",275.7816609404933,"[275.68471350250405,275.4118390395803,275.7724993085782,276.36559649250466,276.8769892990916]",275.7724993085782,,,528.0,2.0,256.0,2536.0,,,
neoverse-v2,count/weather_sept_85/tuple_folded2/cp64/buffered16/shared/last,1,5,"[207.0358356231967,207.01477148482,206.90959851126337,207.11634021675738,207.46521315244485]",207.0358356231967,"[207.02847942373043,207.0072675703853,206.9031286016077,207.10930899030566,207.70643150444954]",207.02847942373043,,,528.0,1.0,256.0,2536.0,,,
neoverse-v2,count/weather_sept_85/tuple_folded2/cp64/buffered16/shared/masked25,1,5,"[5366.894491845832,5362.71062840067,5359.591155934105,5359.391776562029,5363.261442981583]",5362.71062840067,"[5366.742435987021,5362.552366157776,5359.412723020113,5359.246702841214,5369.775019374084]",5362.552366157776,,,528.0,62.0,256.0,2536.0,,,
neoverse-v2,count/weather_sept_85/tuple_folded2/cp64/buffered16/shared/range37,1,5,"[2881.061367379119,2880.562602965128,2880.4341021424784,2880.994233937717,2879.748352554667]",2880.562602965128,"[2880.9843492522987,2880.469934104441,2880.3579077594404,2880.918863269197,2879.6515650687147]",2880.469934104441,,,528.0,37.0,256.0,2536.0,,,
neoverse-v2,count/weather_sept_85/tuple_folded2/cp64/buffered16/shared/scan,1,5,"[19084.37912086362,19109.442307710662,19091.68406596665,19086.87912089479,19079.140109919383]",19086.87912089479,"[19083.675824219255,19132.780219767763,19091.18956035315,19086.368131861043,19078.653846055044]",19086.368131861043,,,528.0,256.0,256.0,2536.0,,,
neoverse-v2,count/weather_sept_85/tuple_folded2/cp64/buffered16/shared/sparse17,1,5,"[2019.6223126097805,2018.4933178387798,2020.6252178978116,2017.6993027306135,2019.0328297507153]",2019.0328297507153,"[2019.5685647915243,2018.4471237710338,2022.782103434537,2017.655142350954,2018.9758861085838]",2018.9758861085838,,,528.0,16.0,256.0,2536.0,,,
neoverse-v2,count/weather_sept_85/tuple_folded2/cp64/native16/shared/crossing15,1,5,"[176.80873311855882,176.58294698657875,176.7846200362246,176.92395686372691,176.748387421878]",176.7846200362246,"[176.85668212035716,176.5772525701964,176.96749647341468,176.91861519794,176.81976919893782]",176.85668212035716,,,528.0,2.0,256.0,2536.0,,,
neoverse-v2,count/weather_sept_85/tuple_folded2/cp64/native16/shared/last,1,5,"[156.7073910212012,156.54890291275447,156.6358613875615,156.81251824722037,157.03065555742322]",156.7073910212012,"[156.70256249019695,156.54447863041224,156.6317290630118,156.97455476431253,157.02751139775893]",156.70256249019695,,,528.0,1.0,256.0,2536.0,,,
neoverse-v2,count/weather_sept_85/tuple_folded2/cp64/native16/shared/masked25,1,5,"[4668.8425617070625,4666.298865905593,4666.78185457622,4663.95463641965,4666.593729148451]",4666.593729148451,"[4668.710473661127,4666.183455639118,4666.621747863069,4663.817878576887,4666.451634432944]",4666.451634432944,,,528.0,62.0,256.0,2536.0,,,
neoverse-v2,count/weather_sept_85/tuple_folded2/cp64/native16/shared/range37,1,5,"[2750.7716876950067,2748.303233439426,2749.973974763894,2750.4179810733563,2753.733044163149]",2750.4179810733563,"[2750.69124605918,2748.2354100899656,2749.891561523274,2750.333990528728,2757.00473186904]",2750.333990528728,,,528.0,37.0,256.0,2536.0,,,
neoverse-v2,count/weather_sept_85/tuple_folded2/cp64/native16/shared/scan,1,5,"[18343.899999968315,18333.781578929265,18334.384210530025,18334.20263159568,18317.573684207015]",18334.20263159568,"[18365.73157881479,18333.318420996206,18333.876315667017,18333.694736844864,18317.005263144747]",18333.694736844864,,,528.0,256.0,256.0,2536.0,,,
neoverse-v2,count/weather_sept_85/tuple_folded2/cp64/native16/shared/sparse17,1,5,"[1166.1218130296402,1167.7015497430202,1167.364439260182,1167.236627230711,1168.591401432253]",1167.364439260182,"[1166.09031828504,1169.5690718274118,1167.3259456755545,1167.201633058993,1168.560739880413]",1167.3259456755545,,,528.0,16.0,256.0,2536.0,,,
neoverse-v2,count/weather_sept_85/tuple_folded2/cp64/point/shared/crossing15,1,5,"[197.24719069348632,197.47136913010763,197.1783520618669,197.30482040232945,197.53426363581121]",197.30482040232945,"[197.2403124913764,197.52979139025277,197.17189844006458,197.2977157573351,197.7286082250313]",197.2977157573351,,,528.0,2.0,256.0,2536.0,,,
neoverse-v2,count/weather_sept_85/tuple_folded2/cp64/point/shared/last,1,5,"[156.86141218805395,156.92174499648812,156.8713514729886,156.94461434698607,156.69318641793353]",156.8713514729886,"[156.85653249371404,156.91684281531604,156.86572970519956,156.9390825274842,156.68754216331234]",156.86572970519956,,,528.0,1.0,256.0,2536.0,,,
neoverse-v2,count/weather_sept_85/tuple_folded2/cp64/point/shared/masked25,1,5,"[7036.792299905187,7014.386018236229,6980.16717324936,6970.948328268481,6972.848024326715]",6980.16717324936,"[7046.255319175318,7014.141843932578,6979.973657575988,6970.722391098799,6972.592705156654]",6979.973657575988,,,528.0,62.0,256.0,2536.0,,,
neoverse-v2,count/weather_sept_85/tuple_folded2/cp64/point/shared/range37,1,5,"[3657.0344827572358,3657.664054337057,3645.6666666639276,3633.837513058366,3631.8239289417843]",3645.6666666639276,"[3669.760710539959,3659.737722036471,3645.5893417133516,3633.7042842164983,3631.728840103553]",3645.5893417133516,,,528.0,37.0,256.0,2536.0,,,
neoverse-v2,count/weather_sept_85/tuple_folded2/cp64/point/shared/scan,1,5,"[28265.587044489595,28261.477732825817,28298.542510099298,28252.469635590514,28265.82995948945]",28265.587044489595,"[28264.692307559075,28260.587044550546,28327.716599021744,28251.696356418826,28264.96761128311]",28264.692307559075,,,528.0,256.0,256.0,2536.0,,,
neoverse-v2,count/weather_sept_85/tuple_folded2/cp64/point/shared/sparse17,1,5,"[1678.8683768889125,1675.0352433474973,1678.5873891133895,1678.5439942464257,1678.5099496516896]",1678.5439942464257,"[1678.8161112357473,1674.9815391987745,1678.5473507542301,1680.4023015995442,1678.477343566139]",1678.5473507542301,,,528.0,16.0,256.0,2536.0,,,
neoverse-v2,count/wikileaks-noquotes/direct4/cp16/point/cps/crossing15,1,5,"[40.017565606869134,40.012875732653576,40.10129214318364,39.868872030940025,39.85112933997994]",40.012875732653576,"[40.04940077021002,40.01188177616079,40.12935141517886,39.868043734106244,39.849666967712814]",40.01188177616079,,,1024.0,2.0,256.0,14.0,,,
neoverse-v2,count/wikileaks-noquotes/direct4/cp16/point/cps/last,1,5,"[7.1207058256368025,7.1157145664074894,7.130066462336529,7.121596109087377,7.122576535000224]",7.121596109087377,"[7.12047591169224,7.115499845025363,7.136654965021323,7.121411772801334,7.122350672445945]",7.121411772801334,,,1024.0,1.0,256.0,14.0,,,
neoverse-v2,count/wikileaks-noquotes/direct4/cp16/point/cps/masked25,1,5,"[903.8405105732188,903.2474213505366,903.268566272348,903.4403042793507,902.990845797801]",903.268566272348,"[903.8160134104539,903.2176379550286,903.2407168594684,903.4088447706948,902.9627385282664]",903.2407168594684,,,1024.0,62.0,256.0,14.0,,,
neoverse-v2,count/wikileaks-noquotes/direct4/cp16/point/cps/range37,1,5,"[419.0955833884401,418.9651824769813,419.03278000847683,419.3398453885713,419.0865943555945]",419.0865943555945,"[419.08203991163884,418.95074009612904,419.0182177717072,419.72984958336133,419.0773656160239]",419.0773656160239,,,1024.0,37.0,256.0,14.0,,,
neoverse-v2,count/wikileaks-noquotes/direct4/cp16/point/cps/scan,1,5,"[2954.177439799648,2954.0038022829463,2948.8512885524306,2946.580059146315,2948.8149556415688]",2948.8512885524306,"[2954.0739332472126,2953.9074778256404,2948.758343913073,2946.4921841918535,2951.962822152046]",2951.962822152046,,,1024.0,256.0,256.0,14.0,,,
neoverse-v2,count/wikileaks-noquotes/direct4/cp16/point/cps/sparse17,1,5,"[185.76218572269434,185.6338436190694,185.62528570646813,185.57896135670083,186.221655238325]",185.6338436190694,"[185.75514272059323,185.62842183618875,185.6189071398173,185.57252963436795,187.1718492531625]",185.62842183618875,,,1024.0,16.0,256.0,14.0,,,
neoverse-v2,count/wikileaks-noquotes/direct4/cp16/point/inline/crossing15,1,5,"[39.704675190445,39.81695132827382,39.76844431068258,39.80121210738196,39.69819433474091]",39.76844431068258,"[39.70315863612266,39.85453006693906,39.76733671509855,39.99179811109037,39.69720601849629]",39.76733671509855,,,1024.0,2.0,256.0,14.0,,,
neoverse-v2,count/wikileaks-noquotes/direct4/cp16/point/inline/last,1,5,"[7.409632463740939,7.399526507077803,7.3963913014737415,7.403787522160715,7.481446259721592]",7.403787522160715,"[7.4093986660950915,7.399289549977612,7.396125909508956,7.411781927866274,7.4812703849214595]",7.4093986660950915,,,1024.0,1.0,256.0,14.0,,,
neoverse-v2,count/wikileaks-noquotes/direct4/cp16/point/inline/masked25,1,5,"[906.6120756677054,905.684244623497,905.6048199005585,905.2448820934356,905.4959834146232]",905.6048199005585,"[906.8998445182324,905.6531484838694,905.5697071764513,905.2171547033877,905.4651464104284]",905.5697071764513,,,1024.0,62.0,256.0,14.0,,,
neoverse-v2,count/wikileaks-noquotes/direct4/cp16/point/inline/range37,1,5,"[425.4863534127047,425.19226794706196,425.57163698202237,425.21773752354324,425.69284541929426]",425.4863534127047,"[425.4715822766212,425.17877332598954,425.5574129228135,425.2052154878044,426.0934897579963]",425.4715822766212,,,1024.0,37.0,256.0,14.0,,,
neoverse-v2,count/wikileaks-noquotes/direct4/cp16/point/inline/scan,1,5,"[2986.734641638995,2984.6356655258646,2979.2197099025616,2981.9308873754544,2979.627133106572]",2981.9308873754544,"[2986.631399330853,2990.088737197741,2979.123293533551,2981.8532423269294,2979.5503413095316]",2981.8532423269294,,,1024.0,256.0,256.0,14.0,,,
neoverse-v2,count/wikileaks-noquotes/direct4/cp16/point/inline/sparse17,1,5,"[188.84788770406908,188.46878121205356,188.3788635442968,188.48136050758683,188.31691186386502]",188.46878121205356,"[189.10557430224858,188.53961398311438,188.37216898384065,188.4750438657176,188.31121608884857]",188.4750438657176,,,1024.0,16.0,256.0,14.0,,,
neoverse-v2,count/wikileaks-noquotes/direct4/cp16/point/materialized/crossing15,1,5,"[38.111783267691806,38.01888941570619,38.0446893274224,37.99647935298218,38.032497860960156]",38.032497860960156,"[38.12362048951421,38.01750513638633,38.0434358460674,37.99513867316465,38.03118443083158]",38.03118443083158,,,1024.0,2.0,256.0,14.0,,,
neoverse-v2,count/wikileaks-noquotes/direct4/cp16/point/materialized/last,1,5,"[5.781053200128469,5.861216992929206,5.803132203963768,5.816712462927669,5.786411281339514]",5.803132203963768,"[5.787054706588,5.882996653551539,5.802985786076803,5.816513171919353,5.786216057509494]",5.802985786076803,,,1024.0,1.0,256.0,14.0,,,
neoverse-v2,count/wikileaks-noquotes/direct4/cp16/point/materialized/masked25,1,5,"[918.8132474699266,917.8123275060848,918.3639111583063,919.1347088985686,917.4798265199795]",918.3639111583063,"[918.7780260280657,917.7847286105585,918.3309239041054,920.1465369923465,917.462741488615]",918.3309239041054,,,1024.0,62.0,256.0,14.0,,,
neoverse-v2,count/wikileaks-noquotes/direct4/cp16/point/materialized/range37,1,5,"[429.7154181772987,430.049529896888,430.10256252742926,429.825231979437,429.9674307135127]",429.9674307135127,"[429.70042401744223,430.5251029309368,430.2221471152488,429.8128187808144,429.95188348566927]",429.95188348566927,,,1024.0,37.0,256.0,14.0,,,
neoverse-v2,count/wikileaks-noquotes/direct4/cp16/point/materialized/scan,1,5,"[3026.0247181240766,3026.211621855077,3026.7823070221193,3025.217692971773,3026.5151777965666]",3026.211621855077,"[3025.90936687235,3026.1279271556455,3030.1673894278865,3025.1205550626078,3026.4171725753977]",3026.1279271556455,,,1024.0,256.0,256.0,14.0,,,
neoverse-v2,count/wikileaks-noquotes/direct4/cp16/point/materialized/sparse17,1,5,"[190.06643775904598,190.1657946370746,189.8212611727967,189.92015478493914,190.1844615214537]",190.06643775904598,"[190.06019729780616,190.39551994834792,189.8136854163368,189.91456834521568,190.3810769566721]",190.06019729780616,,,1024.0,16.0,256.0,14.0,,,
neoverse-v2,count/wikileaks-noquotes/direct4/cp16/point/shared/crossing15,1,5,"[39.73688841950846,39.73745614332376,39.80600878835321,39.71244223415975,39.701110467693894]",39.73688841950846,"[39.73554859138504,39.73606522003679,39.8050323033909,39.751694655320556,39.70019643249245]",39.73606522003679,,,1024.0,2.0,256.0,14.0,,,
neoverse-v2,count/wikileaks-noquotes/direct4/cp16/point/shared/last,1,5,"[6.9565374070145936,6.949932782577481,6.95182167713498,6.955609476312217,6.945172007524493]",6.95182167713498,"[6.956311180125852,6.949696545612278,6.951608463302963,6.955369235359106,6.944935770545065]",6.951608463302963,,,1024.0,1.0,256.0,14.0,,,
neoverse-v2,count/wikileaks-noquotes/direct4/cp16/point/shared/masked25,1,5,"[856.5517960039355,854.8623268372421,853.4478362145087,854.3589554990323,853.6141963962108]",854.3589554990323,"[860.5175922535959,855.9157778579086,853.4258918743301,854.3345592698629,853.5902905538989]",854.3345592698629,,,1024.0,62.0,256.0,14.0,,,
neoverse-v2,count/wikileaks-noquotes/direct4/cp16/point/shared/range37,1,5,"[395.6534361531375,395.3991834880476,395.66188478103896,395.76553640243435,395.8767861188617]",395.66188478103896,"[395.6424359258214,395.3869925182595,395.6496938080278,395.7528351085733,395.8631208881244]",395.6496938080278,,,1024.0,37.0,256.0,14.0,,,
neoverse-v2,count/wikileaks-noquotes/direct4/cp16/point/shared/scan,1,5,"[2777.0377883835263,2775.676610980259,2772.738663483378,2770.9924423215425,2783.205250598111]",2775.676610980259,"[2780.0115354032164,2775.6117740630216,2772.651949090971,2770.904534618681,2785.0910898802463]",2775.6117740630216,,,1024.0,256.0,256.0,14.0,,,
neoverse-v2,count/wikileaks-noquotes/direct4/cp16/point/shared/sparse17,1,5,"[176.98826338805372,176.95513667307512,177.1871252921791,177.1305507571733,176.99187074478658]",176.99187074478658,"[176.98209023485936,176.94926836625234,177.3916522706485,177.12625749457004,176.9863580934479]",176.9863580934479,,,1024.0,16.0,256.0,14.0,,,
neoverse-v2,count/wikileaks-noquotes/direct8/cp16/point/shared/crossing15,1,5,"[39.74328927879625,39.61266378033386,39.69899737951253,39.60661957385058,39.487507120930246]",39.61266378033386,"[39.74214993716039,39.61138202122626,39.697556112506284,39.605229577315505,39.486310812257116]",39.61138202122626,,,2048.0,2.0,256.0,14.0,,,
neoverse-v2,count/wikileaks-noquotes/direct8/cp16/point/shared/last,1,5,"[6.929423911207079,6.917202251533201,6.930087063561793,6.9241683295047265,6.934017333287266]",6.929423911207079,"[6.929187638349084,6.924081960898226,6.929894471429754,6.923954889721097,6.933800915320096]",6.929187638349084,,,2048.0,1.0,256.0,14.0,,,
neoverse-v2,count/wikileaks-noquotes/direct8/cp16/point/shared/masked25,1,5,"[856.1714425682,855.4752632859095,855.4030124917791,856.2321822184811,857.2563066358302]",856.1714425682,"[856.1430320868413,855.447587557599,855.3818270867012,856.205363707861,858.0650257192036]",856.1430320868413,,,2048.0,62.0,256.0,14.0,,,
neoverse-v2,count/wikileaks-noquotes/direct8/cp16/point/shared/range37,1,5,"[395.9022114132156,396.0711498217902,396.45777953714446,396.083649115248,395.9544709003027]",396.0711498217902,"[395.88908998395397,396.0589898736731,396.81177535201516,396.0728465573349,395.94332899946005]",396.0589898736731,,,2048.0,37.0,256.0,14.0,,,
neoverse-v2,count/wikileaks-noquotes/direct8/cp16/point/shared/scan,1,5,"[2776.9785288272224,2776.770974157858,2782.284294233044,2778.3984095403375,2778.107355860925]",2778.107355860925,"[2776.885884677305,2776.685089447602,2795.694234590129,2780.3483101455327,2780.0326043737805]",2780.0326043737805,,,2048.0,256.0,256.0,14.0,,,
neoverse-v2,count/wikileaks-noquotes/direct8/cp16/point/shared/sparse17,1,5,"[176.82952272439823,176.796455247465,176.83413090285,176.77202177492083,179.20172173692953]",176.82952272439823,"[177.0007342711964,176.79141663609474,176.8278769462255,176.7666540064048,179.1843018107143]",176.8278769462255,,,2048.0,16.0,256.0,14.0,,,
neoverse-v2,count/wikileaks-noquotes/series_folded_local/cp16/buffered16/shared/crossing15,1,5,"[113.421147477287,112.95558153116555,113.92468666804793,113.63966816030258,113.31618936291808]",113.421147477287,"[113.4171374763635,112.95243197539298,113.92057925807836,113.63612896880714,113.31321839151174]",113.4171374763635,,,512.0,2.0,256.0,14.0,,,
neoverse-v2,count/wikileaks-noquotes/series_folded_local/cp16/buffered16/shared/last,1,5,"[41.485243096820916,41.41511216198087,41.4931740412118,41.41921724251874,41.40195926997508]",41.41921724251874,"[41.483870776105704,41.414226985410906,41.49176013495386,41.4178330402802,41.40054536363271]",41.4178330402802,,,512.0,1.0,256.0,14.0,,,
neoverse-v2,count/wikileaks-noquotes/series_folded_local/cp16/buffered16/shared/masked25,1,5,"[1469.5081550510995,1472.009531878061,1472.2668926092008,1473.0110146163586,1471.0067782239846]",1472.009531878061,"[1470.099766990231,1471.9680152437827,1472.2325778440454,1474.4969286194166,1470.9692861633623]",1471.9680152437827,,,512.0,62.0,256.0,14.0,,,
neoverse-v2,count/wikileaks-noquotes/series_folded_local/cp16/buffered16/shared/range37,1,5,"[565.210786699563,565.2270072987621,564.4880778586065,564.7855636659921,564.5618004858164]",564.7855636659921,"[565.1896188154643,565.7648823973907,564.4751824806988,564.76650445836,564.5436334132842]",564.76650445836,,,512.0,37.0,256.0,14.0,,,
neoverse-v2,count/wikileaks-noquotes/series_folded_local/cp16/buffered16/shared/scan,1,5,"[3790.792709468684,3790.213819369244,3796.441784551867,3790.8128400412647,3787.4825897700916]",3790.792709468684,"[3790.670293787417,3790.091947751864,3801.7002176276114,3790.741566929804,3787.357997833276]",3790.670293787417,,,512.0,256.0,256.0,14.0,,,
neoverse-v2,count/wikileaks-noquotes/series_folded_local/cp16/buffered16/shared/sparse17,1,5,"[740.9726508451978,739.8100457601934,740.4016175370842,740.7898265403202,740.4751516433711]",740.4751516433711,"[740.9446631936744,739.786846864254,740.3801213123509,741.627540702651,740.4531233365323]",740.4531233365323,,,512.0,16.0,256.0,14.0,,,
neoverse-v2,count/wikileaks-noquotes/series_folded_local/cp16/native16/shared/crossing15,1,5,"[68.86683568269221,68.87429343693857,68.79919306312391,68.76497223067318,69.14028666971628]",68.86683568269221,"[68.9387497410859,69.02679267280669,68.79697349334597,68.76290063204556,69.13824466601963]",68.9387497410859,,,512.0,2.0,256.0,14.0,,,
neoverse-v2,count/wikileaks-noquotes/series_folded_local/cp16/native16/shared/last,1,5,"[16.55200038014036,16.53145253254787,16.56082866103655,16.51157939751189,16.516406918175196]",16.53145253254787,"[16.55152047888114,16.53083483788921,16.560488929035056,16.510994963417435,16.515729829929207]",16.53083483788921,,,512.0,1.0,256.0,14.0,,,
neoverse-v2,count/wikileaks-noquotes/series_folded_local/cp16/native16/shared/masked25,1,5,"[1151.420256494476,1150.1566918775861,1150.8906609666803,1151.3003946057836,1150.9168036821345]",1150.9168036821345,"[1151.3801381113822,1150.1183821073082,1150.8636961549166,1151.271127911268,1150.8752055266177]",1150.8752055266177,,,512.0,62.0,256.0,14.0,,,
neoverse-v2,count/wikileaks-noquotes/series_folded_local/cp16/native16/shared/range37,1,5,"[521.6503324126372,519.3674460301281,519.5287965947198,520.0631956376692,519.3197878529965]",519.5287965947198,"[521.9667587950235,519.3520579663394,519.5146037203929,520.6488384261353,519.3063419726138]",519.5146037203929,,,512.0,37.0,256.0,14.0,,,
neoverse-v2,count/wikileaks-noquotes/series_folded_local/cp16/native16/shared/scan,1,5,"[3568.304547779924,3561.819110887467,3552.172202356395,3555.8042922782406,3555.2197240640457]",3555.8042922782406,"[3569.6939192638506,3561.7322432220753,3552.053653569188,3555.6990291370516,3558.97240676165]",3558.97240676165,,,512.0,256.0,256.0,14.0,,,
neoverse-v2,count/wikileaks-noquotes/series_folded_local/cp16/native16/shared/sparse17,1,5,"[379.1108582571909,378.78971608177534,378.6289553527677,378.0426961424428,375.39986996126265]",378.6289553527677,"[379.0971499797937,378.7749783258962,378.6170892929305,378.0289336780772,375.3885999111092]",378.6170892929305,,,512.0,16.0,256.0,14.0,,,
neoverse-v2,count/wikileaks-noquotes/series_folded_local/cp16/point/shared/crossing15,1,5,"[69.3703111816441,69.46991910265771,69.4010025310911,69.41276490159419,69.39164226518007]",69.4010025310911,"[69.36784952067104,69.46772544561067,69.39898754262275,69.4919350839402,69.3892897907409]",69.39898754262275,,,512.0,2.0,256.0,14.0,,,
neoverse-v2,count/wikileaks-noquotes/series_folded_local/cp16/point/shared/last,1,5,"[29.81677958652167,29.809291444126902,29.872078279705345,29.893983444110038,29.848418482163986]",29.848418482163986,"[29.81561836954966,29.808369301274837,30.0094178118767,29.927330011977002,29.866489922743156]",29.866489922743156,,,512.0,1.0,256.0,14.0,,,
neoverse-v2,count/wikileaks-noquotes/series_folded_local/cp16/point/shared/masked25,1,5,"[1745.2764632628273,1740.9434620191212,1744.9250311334358,1744.353175593954,1742.3678704839956]",1744.353175593954,"[1747.1666251537317,1740.9018679870699,1754.654794526749,1744.3168119634302,1742.3230386033772]",1744.3168119634302,,,512.0,62.0,256.0,14.0,,,
neoverse-v2,count/wikileaks-noquotes/series_folded_local/cp16/point/shared/range37,1,5,"[880.6546943923014,878.9420289865448,876.0536862010715,876.1063642079836,874.5522369259469]",876.1063642079836,"[880.6234404514671,879.7752993052146,876.0294896070887,876.0800252045275,874.5266540653251]",876.0800252045275,,,512.0,37.0,256.0,14.0,,,
neoverse-v2,count/wikileaks-noquotes/series_folded_local/cp16/point/shared/scan,1,5,"[6328.498214282417,6316.113392860042,6311.437500006178,6311.4321428565345,6307.805357140341]",6311.437500006178,"[6337.362499968842,6315.952678548342,6311.3017857473005,6311.269642874809,6307.654464318294]",6311.3017857473005,,,512.0,256.0,256.0,14.0,,,
neoverse-v2,count/wikileaks-noquotes/series_folded_local/cp16/point/shared/sparse17,1,5,"[391.3831121564917,391.51789013939396,390.5379920488822,391.12005151491513,390.9776583233644]",391.12005151491513,"[391.37056946069,392.2958732278759,390.53043283620536,391.1068928833187,390.9647236700844]",391.1068928833187,,,512.0,16.0,256.0,14.0,,,
neoverse-v2,count/wikileaks-noquotes/series_folded_local/cp64/buffered16/shared/crossing15,1,5,"[111.99354044418354,111.93028796188382,111.96161041184634,111.85673856391901,112.0653470412216]",111.96161041184634,"[111.98941528252163,111.92701021732596,111.95826871083048,111.8537965873006,112.181043441673]",111.95826871083048,,,464.0,2.0,256.0,14.0,,,
neoverse-v2,count/wikileaks-noquotes/series_folded_local/cp64/buffered16/shared/last,1,5,"[118.34771681360316,118.36573437251877,118.47248119272373,118.4203304634499,118.39045969401218]",118.39045969401218,"[118.34343743094415,118.36199840428539,118.75928473184597,118.41664543946675,118.38663881732758]",118.38663881732758,,,464.0,1.0,256.0,14.0,,,
neoverse-v2,count/wikileaks-noquotes/series_folded_local/cp64/buffered16/shared/masked25,1,5,"[1475.6103594081592,1475.1059196606811,1472.352431292103,1473.1179703991443,1480.9274841436836]",1475.1059196606811,"[1482.5854122565452,1475.9672304495925,1473.2672304372531,1473.084989426904,1482.2754756903987]",1475.9672304495925,,,464.0,62.0,256.0,14.0,,,
neoverse-v2,count/wikileaks-noquotes/series_folded_local/cp64/buffered16/shared/range37,1,5,"[565.0851632772478,564.5170569654501,564.484968803685,564.8043918643938,564.2290738184647]",564.5170569654501,"[565.6903816524072,564.5043351413877,564.4678713249164,564.7867271708917,564.2125435521265]",564.5043351413877,,,464.0,37.0,256.0,14.0,,,
neoverse-v2,count/wikileaks-noquotes/series_folded_local/cp64/buffered16/shared/scan,1,5,"[3823.5780821912767,3816.1638356117915,3816.4224657546033,3814.2257534290156,3814.527671229122]",3816.1638356117915,"[3825.4087671204666,3821.166027380171,3816.329862997482,3814.1249315106515,3814.4087671466814]",3816.329862997482,,,464.0,256.0,256.0,14.0,,,
neoverse-v2,count/wikileaks-noquotes/series_folded_local/cp64/buffered16/shared/sparse17,1,5,"[738.8647102444428,738.6799449088998,738.3457993428374,739.7951054128681,738.230638838428]",738.6799449088998,"[738.8374827857941,738.6553660349964,738.3278949049611,740.6095984702046,738.2123106207896]",738.6553660349964,,,464.0,16.0,256.0,14.0,,,
neoverse-v2,count/wikileaks-noquotes/series_folded_local/cp64/native16/shared/crossing15,1,5,"[71.29564103872923,71.27405624130823,71.48899247043084,71.17932694756882,71.40084003479093]",71.29564103872923,"[71.2932643546213,71.27151564853379,71.48652358747964,71.17667366693105,71.3983096859442]",71.2932643546213,,,464.0,2.0,256.0,14.0,,,
neoverse-v2,count/wikileaks-noquotes/series_folded_local/cp64/native16/shared/last,1,5,"[95.02193843253568,95.26740153247503,95.12415647264699,95.17230810580793,95.22293318990614]",95.17230810580793,"[95.12056728068413,95.26433660394868,95.1218174484866,95.16916252232343,95.2197338357491]",95.16916252232343,,,464.0,1.0,256.0,14.0,,,
neoverse-v2,count/wikileaks-noquotes/series_folded_local/cp64/native16/shared/masked25,1,5,"[1149.5127866679566,1149.540999835849,1149.6489028228766,1149.4964527312418,1149.1100478472408]",1149.5127866679566,"[1149.4702194348217,1149.505362154039,1149.6216795918924,1151.043722163657,1149.0735852183977]",1149.505362154039,,,464.0,62.0,256.0,14.0,,,
neoverse-v2,count/wikileaks-noquotes/series_folded_local/cp64/native16/shared/range37,1,5,"[519.4726909407501,519.2391947901073,522.0227945532699,519.3055062161634,519.0800769678406]",519.3055062161634,"[519.4538928364362,519.2204706922479,522.5353019536461,519.3015097698081,519.0610568368011]",519.3015097698081,,,464.0,37.0,256.0,14.0,,,
neoverse-v2,count/wikileaks-noquotes/series_folded_local/cp64/native16/shared/scan,1,5,"[3554.8466226557834,3559.403758253959,3556.2437785635957,3561.7546978114265,3562.4702894855996]",3559.403758253959,"[3554.7369223128485,3559.307770447575,3556.1320467107753,3565.199085803902,3576.778059913208]",3559.307770447575,,,464.0,256.0,256.0,14.0,,,
neoverse-v2,count/wikileaks-noquotes/series_folded_local/cp64/native16/shared/sparse17,1,5,"[378.20312499993605,378.06147275060556,377.9196042382814,377.83055795851214,378.5525519025737]",378.06147275060556,"[378.1889057082942,378.0487673006877,377.90716911806607,377.81844723317147,379.00902897785926]",378.0487673006877,,,464.0,16.0,256.0,14.0,,,
neoverse-v2,count/wikileaks-noquotes/series_folded_local/cp64/point/shared/crossing15,1,5,"[92.00172999057678,91.83739400532433,92.22475459020522,91.8494908323877,91.95097049841591]",91.95097049841591,"[91.99849281128839,91.8344189460064,92.61950695225576,91.9569206170518,91.94790369722006]",91.9569206170518,,,464.0,2.0,256.0,14.0,,,
neoverse-v2,count/wikileaks-noquotes/series_folded_local/cp64/point/shared/last,1,5,"[105.65431105153935,106.27977040102368,106.46896164231697,106.45609985722459,106.47650864025243]",106.45609985722459,"[105.67916907117844,106.27659671367539,106.46572721432207,106.45233395051399,106.58338141953368]",106.45233395051399,,,464.0,1.0,256.0,14.0,,,
neoverse-v2,count/wikileaks-noquotes/series_folded_local/cp64/point/shared/masked25,1,5,"[3938.335585587474,3944.844594598933,3940.519144146665,3941.136261266833,3937.068693690779]",3940.519144146665,"[3943.1672297253085,3962.220720698472,3940.4222972918046,3941.038851354864,3936.9459459608806]",3941.038851354864,,,464.0,62.0,256.0,14.0,,,
neoverse-v2,count/wikileaks-noquotes/series_folded_local/cp64/point/shared/range37,1,5,"[1739.8979540913701,1734.9288922152728,1731.1778942111637,1731.3857285428555,1729.574600798294]",1731.3857285428555,"[1739.840818360759,1734.8842315338213,1731.120508985739,1731.3375748418246,1729.5311876157307]",1731.3375748418246,,,464.0,37.0,256.0,14.0,,,
neoverse-v2,count/wikileaks-noquotes/series_folded_local/cp64/point/shared/scan,1,5,"[16285.187353628797,16319.693208405979,16271.3770491597,16267.627634654053,16222.032786892021]",16271.3770491597,"[16284.728337297216,16381.456674508123,16271.11475408931,16267.177986038028,16221.5292740114]",16271.11475408931,,,464.0,256.0,256.0,14.0,,,
neoverse-v2,count/wikileaks-noquotes/series_folded_local/cp64/point/shared/sparse17,1,5,"[1024.4424778746718,1020.8827433629231,1014.957227137346,1014.5272861349787,1016.8671091445943]",1016.8671091445943,"[1024.4063421842304,1022.5373156318257,1014.9393805276758,1014.4994100259535,1016.8386430754988]",1016.8386430754988,,,464.0,16.0,256.0,14.0,,,
neoverse-v2,count/wikileaks-noquotes/series_folded_scan/cp16/buffered16/shared/crossing15,1,5,"[99.12054483540068,99.13010783187937,99.18134222477104,99.11278376844447,99.16635925084783]",99.13010783187937,"[99.1174517595989,99.1271992058341,99.17824914876763,99.10987514159268,99.28514472225523]",99.1271992058341,,,512.0,2.0,256.0,14.0,,,
neoverse-v2,count/wikileaks-noquotes/series_folded_scan/cp16/buffered16/shared/last,1,5,"[33.27368611267657,33.26883095887725,33.22387917752513,33.21336047021206,33.27532668865509]",33.26883095887725,"[33.27252582131138,33.267851368613584,33.22285203450006,33.21230004008507,33.40826564956801]",33.267851368613584,,,512.0,1.0,256.0,14.0,,,
neoverse-v2,count/wikileaks-noquotes/series_folded_scan/cp16/buffered16/shared/masked25,1,5,"[1365.5399180177271,1367.9389029876281,1366.108920554532,1368.4522740559723,1368.408940072554]",1367.9389029876281,"[1365.505172744246,1369.3786843711237,1366.077688851772,1368.4079640922453,1368.3671676714998]",1368.3671676714998,,,512.0,62.0,256.0,14.0,,,
neoverse-v2,count/wikileaks-noquotes/series_folded_scan/cp16/buffered16/shared/range37,1,5,"[547.5573848345608,546.7460028500772,546.9529048602097,546.7376127913732,546.5020579390184]",546.7460028500772,"[548.1704923240918,546.7298559469391,546.9379452248289,546.7209118234995,546.48401139982]",546.7298559469391,,,512.0,37.0,256.0,14.0,,,
neoverse-v2,count/wikileaks-noquotes/series_folded_scan/cp16/buffered16/shared/scan,1,5,"[3724.46386822205,3700.599362379103,3700.1461211447377,3700.5568544128923,3700.7247608941484]",3700.599362379103,"[3731.677470803065,3700.5600425147,3700.039319858774,3700.4426142503976,3700.6030818324703]",3700.5600425147,,,512.0,256.0,256.0,14.0,,,
neoverse-v2,count/wikileaks-noquotes/series_folded_scan/cp16/buffered16/shared/sparse17,1,5,"[643.0088314581908,643.5293297388417,643.8872362195536,644.6238728271323,643.2931114623118]",643.5293297388417,"[642.9881007711323,643.5083201678879,644.5859440374023,647.2336153226389,643.7860927763104]",643.7860927763104,,,512.0,16.0,256.0,14.0,,,
neoverse-v2,count/wikileaks-noquotes/series_folded_scan/cp16/native16/shared/crossing15,1,5,"[54.45092535878848,54.35650542351679,54.39239554337269,54.38327763864683,54.42631631996979]",54.39239554337269,"[54.44896376854769,54.355032292802065,54.39062003327665,54.38175798795101,54.44390860380597]",54.39062003327665,,,512.0,2.0,256.0,14.0,,,
neoverse-v2,count/wikileaks-noquotes/series_folded_scan/cp16/native16/shared/last,1,5,"[11.178488403525419,11.168319822929249,11.186540583676528,11.181638357907755,11.17556424095488]",11.178488403525419,"[11.189100617278829,11.167954103872258,11.186143062957495,11.181202675171676,11.17520329211895]",11.181202675171676,,,512.0,1.0,256.0,14.0,,,
neoverse-v2,count/wikileaks-noquotes/series_folded_scan/cp16/native16/shared/masked25,1,5,"[1120.807082198912,1119.99214869441,1119.533087646658,1120.5015221928372,1122.357634994011]",1120.5015221928372,"[1120.768146126045,1119.9560967829316,1119.4957538937697,1120.9883031555778,1123.4552155153801]",1120.768146126045,,,512.0,62.0,256.0,14.0,,,
neoverse-v2,count/wikileaks-noquotes/series_folded_scan/cp16/native16/shared/range37,1,5,"[499.66788924888414,499.89579288036566,500.48565264330136,499.75174397667223,499.7299532533852]",499.75174397667223,"[499.65213951854565,499.8779575688728,500.99539733564046,499.7415318224368,499.71463502101005]",499.7415318224368,,,512.0,37.0,256.0,14.0,,,
neoverse-v2,count/wikileaks-noquotes/series_folded_scan/cp16/native16/shared/scan,1,5,"[3468.107249252858,3466.5004965230955,3467.4031777550754,3477.4180734845186,3470.8887785486168]",3468.107249252858,"[3468.005958288276,3466.3932472731203,3467.286991069954,3484.438431003712,3470.823237345787]",3468.005958288276,,,512.0,256.0,256.0,14.0,,,
neoverse-v2,count/wikileaks-noquotes/series_folded_scan/cp16/native16/shared/sparse17,1,5,"[291.61588823993276,292.0355296079408,291.7461634694025,291.6172226854143,291.8522101753201]",291.7461634694025,"[291.60592160216834,292.02514595507455,291.73744787457343,291.60834028489995,292.16267723214656]",291.73744787457343,,,512.0,16.0,256.0,14.0,,,
neoverse-v2,count/wikileaks-noquotes/series_folded_scan/cp16/point/shared/crossing15,1,5,"[62.536376158398724,62.598744230951105,62.715502128764896,62.53702014231286,62.55650960607272]",62.55650960607272,"[62.533979106470774,62.65765088901173,62.714169439527836,62.534954026725416,62.554362992559575]",62.554362992559575,,,512.0,2.0,256.0,14.0,,,
neoverse-v2,count/wikileaks-noquotes/series_folded_scan/cp16/point/shared/last,1,5,"[26.426064304346212,26.27171429328241,26.28896677120185,26.46013634842931,26.292881800021675]",26.292881800021675,"[26.42531141423382,26.27088987850556,26.28814235653199,26.483743219158406,26.29239995028127]",26.29239995028127,,,512.0,1.0,256.0,14.0,,,
neoverse-v2,count/wikileaks-noquotes/series_folded_scan/cp16/point/shared/masked25,1,5,"[1713.464031428134,1711.7898355021753,1712.088141418576,1713.4856371224798,1714.9791308623219]",1713.464031428134,"[1713.4021605731307,1711.7485882678322,1712.0387920501619,1713.4318683980587,1714.9251166107567]",1713.4021605731307,,,512.0,62.0,256.0,14.0,,,
neoverse-v2,count/wikileaks-noquotes/series_folded_scan/cp16/point/shared/range37,1,5,"[804.1248130677814,803.7990337059114,803.1163004717755,801.9912573337125,803.2297250650358]",803.2297250650358,"[804.1010008067491,803.7759116529984,804.1051420652727,801.9633038043482,804.0507304697297]",804.0507304697297,,,512.0,37.0,256.0,14.0,,,
neoverse-v2,count/wikileaks-noquotes/series_folded_scan/cp16/point/shared/scan,1,5,"[6095.151567941124,6092.951219518883,6085.52003484469,6084.743902441279,6085.449477344468]",6085.52003484469,"[6094.903310139661,6092.782229951672,6085.346689885706,6084.572299661287,6085.2726481141535]",6085.346689885706,,,512.0,256.0,256.0,14.0,,,
neoverse-v2,count/wikileaks-noquotes/series_folded_scan/cp16/point/shared/sparse17,1,5,"[380.78766899278054,381.02235063202323,380.6971761880787,380.86148059282624,380.97225250799244]",380.86148059282624,"[380.7767662467101,381.0104121242743,380.6864369814911,380.8495420850773,381.105865679302]",380.8495420850773,,,512.0,16.0,256.0,14.0,,,
neoverse-v2,count/wikileaks-noquotes/series_folded_scan/cp64/buffered16/shared/crossing15,1,5,"[100.16706765207323,99.95371484226303,100.14826430673178,100.8292518759569,100.36041416060812]",100.16706765207323,"[100.1642177928437,99.95054992304429,100.14492753646182,100.92899696425408,100.35746405388055]",100.1642177928437,,,464.0,2.0,256.0,14.0,,,
neoverse-v2,count/wikileaks-noquotes/series_folded_scan/cp64/buffered16/shared/last,1,5,"[106.48691732958684,108.26213739066625,107.74309567729897,106.07997822090232,107.33000090749795]",107.33000090749795,"[106.48340845144496,108.25903687352884,107.7400859066932,106.11137662982635,107.32705163522475]",107.32705163522475,,,464.0,1.0,256.0,14.0,,,
neoverse-v2,count/wikileaks-noquotes/series_folded_scan/cp64/buffered16/shared/masked25,1,5,"[1362.715216104259,1362.5721334138138,1362.0809157286865,1361.8754687205535,1361.4622064360415]",1362.0809157286865,"[1362.676139725874,1364.1109137590263,1362.0519044833363,1361.829484901998,1361.4408920386527]",1362.0519044833363,,,464.0,62.0,256.0,14.0,,,
neoverse-v2,count/wikileaks-noquotes/series_folded_scan/cp64/buffered16/shared/range37,1,5,"[547.1541204437119,546.7823296362386,546.4852614903505,547.5485736919418,546.600475435303]",546.7823296362386,"[547.1366877945508,546.7644215506589,546.4687004744356,547.5294770215091,546.5812202834367]",546.7644215506589,,,464.0,37.0,256.0,14.0,,,
neoverse-v2,count/wikileaks-noquotes/series_folded_scan/cp64/buffered16/shared/scan,1,5,"[3730.747329065188,3721.9118589774293,3727.9342948683448,3704.016559824173,3701.0347222249243]",3721.9118589774293,"[3734.332799136079,3721.8434829185785,3727.8541666679735,3703.912927355944,3700.917200840088]",3721.8434829185785,,,464.0,256.0,256.0,14.0,,,
neoverse-v2,count/wikileaks-noquotes/series_folded_scan/cp64/buffered16/shared/sparse17,1,5,"[642.9510914616419,642.9503546097802,643.2500690802912,643.1830155661168,643.8107211930752]",643.1830155661168,"[642.9285253743606,642.9325780582908,644.0665008762437,643.1643179491457,644.0378557617582]",643.1643179491457,,,464.0,16.0,256.0,14.0,,,
neoverse-v2,count/wikileaks-noquotes/series_folded_scan/cp64/native16/shared/crossing15,1,5,"[54.25413086323244,54.46142580026654,54.1978841255719,54.19885013599585,54.23856563024559]",54.23856563024559,"[54.25231569869135,54.51015479540064,54.19627151123931,54.19740891057373,54.23696859689414]",54.23696859689414,,,464.0,2.0,256.0,14.0,,,
neoverse-v2,count/wikileaks-noquotes/series_folded_scan/cp64/native16/shared/last,1,5,"[81.76364577443492,82.0424077735099,81.77340956142822,81.93631187660938,81.68921748540161]",81.77340956142822,"[81.89878599667995,82.53283220435786,81.77159796766053,81.93402973818527,81.6870412195837]",81.89878599667995,,,464.0,1.0,256.0,14.0,,,
neoverse-v2,count/wikileaks-noquotes/series_folded_scan/cp64/native16/shared/masked25,1,5,"[1118.7832235260826,1118.7256950038113,1120.82869998521,1121.3411537829274,1119.0494938134912]",1119.0494938134912,"[1118.7555841307124,1118.6948417173455,1126.6430981841097,1123.3496705766665,1119.0284428722593]",1119.0284428722593,,,464.0,62.0,256.0,14.0,,,
neoverse-v2,count/wikileaks-noquotes/series_folded_scan/cp64/native16/shared/range37,1,5,"[499.41192957190196,499.82594322704114,498.7284225649459,498.6998922034973,498.9989220268939]",498.9989220268939,"[499.3955443757357,500.53474667877805,498.71484010064347,498.6858785482633,498.9827524272147]",498.9827524272147,,,464.0,37.0,256.0,14.0,,,
neoverse-v2,count/wikileaks-noquotes/series_folded_scan/cp64/native16/shared/scan,1,5,"[3467.4754098365474,3462.186785895825,3467.820168899376,3468.4947838976714,3495.5747640295654]",3467.820168899376,"[3467.36115252443,3462.0928961623913,3471.7302533333427,3513.3864878214354,3989.3109786524037]",3471.7302533333427,,,464.0,256.0,256.0,14.0,,,
neoverse-v2,count/wikileaks-noquotes/series_folded_scan/cp64/native16/shared/sparse17,1,5,"[288.60843050836417,288.3691952692304,288.4267172114624,288.7336107790166,288.31459887113874]",288.4267172114624,"[288.5997774932222,288.3600890022471,288.4184762437683,289.84865466204747,288.30611067766944]",288.4184762437683,,,464.0,16.0,256.0,14.0,,,
neoverse-v2,count/wikileaks-noquotes/series_folded_scan/cp64/point/shared/crossing15,1,5,"[81.38817268163169,81.35590259582253,81.39842085037428,81.48954803244577,81.42781446152235]",81.39842085037428,"[81.38510987694578,81.35322409704037,81.47716871029988,81.81755930534727,81.42616078019368]",81.42616078019368,,,464.0,2.0,256.0,14.0,,,
neoverse-v2,count/wikileaks-noquotes/series_folded_scan/cp64/point/shared/last,1,5,"[92.44163359570422,92.46213981397916,92.27771657631878,92.43142694085738,92.33372708816319]",92.43142694085738,"[92.4694530342753,92.45977728517592,92.27511514038187,92.5325511334725,92.33091329007817]",92.45977728517592,,,464.0,1.0,256.0,14.0,,,
neoverse-v2,count/wikileaks-noquotes/series_folded_scan/cp64/point/shared/masked25,1,5,"[3699.1991525401672,3697.8252118651885,3695.3109110148057,3699.2838983098914,3695.956038137903]",3697.8252118651885,"[3699.0768008595915,3697.712394057362,3695.2441737474924,3699.1726694833656,3695.855402540119]",3697.712394057362,,,464.0,62.0,256.0,14.0,,,
neoverse-v2,count/wikileaks-noquotes/series_folded_scan/cp64/point/shared/range37,1,5,"[1459.2623566232116,1459.4598540141474,1455.804379561433,1455.3530761215352,1453.0815432735844]",1455.804379561433,"[1459.214389985853,1459.423566215799,1455.7532846629897,1455.3019812290195,1453.0321167857949]",1455.7532846629897,,,464.0,37.0,256.0,14.0,,,
neoverse-v2,count/wikileaks-noquotes/series_folded_scan/cp64/point/shared/scan,1,5,"[14820.570815475035,14800.583690989277,14782.302575129255,14801.727467824085,14827.650214584886]",14801.727467824085,"[14820.066523625936,14800.1716738183,14781.94420591703,14856.045064371549,14847.218884138518]",14820.066523625936,,,464.0,256.0,256.0,14.0,,,
neoverse-v2,count/wikileaks-noquotes/series_folded_scan/cp64/point/shared/sparse17,1,5,"[935.4870129873054,935.1477272718616,935.2977543294978,934.5583062769251,907.2679924240347]",935.1477272718616,"[936.4569805240911,935.1212121258424,936.0681818127314,934.5351731566861,907.242559519575]",935.1212121258424,,,464.0,16.0,256.0,14.0,,,
neoverse-v2,count/wikileaks-noquotes/series_local/cp16/buffered16/shared/crossing15,1,5,"[112.16210577379302,111.29382176924655,111.28073750618292,111.12907973468005,111.15898431174975]",111.28073750618292,"[112.15859615120424,111.29006954578605,111.38384279438756,111.12641112807886,111.15555555519887]",111.29006954578605,,,544.0,2.0,256.0,14.0,,,
neoverse-v2,count/wikileaks-noquotes/series_local/cp16/buffered16/shared/last,1,5,"[40.83633968323774,41.415246810832706,41.14124061184781,41.14354021956401,40.86579936359623]",41.14124061184781,"[40.83491639671311,41.414047015738724,41.13991142667467,41.182545330424574,40.86485834774119]",41.13991142667467,,,544.0,1.0,256.0,14.0,,,
neoverse-v2,count/wikileaks-noquotes/series_local/cp16/buffered16/shared/masked25,1,5,"[1462.88262515983,1461.2686159017017,1460.5248212037334,1461.1390408082805,1462.2677745054498]",1461.2686159017017,"[1462.846655456851,1461.2233908220958,1460.4777029865852,1461.1045435489332,1462.7503155231109]",1461.2233908220958,,,544.0,62.0,256.0,14.0,,,
neoverse-v2,count/wikileaks-noquotes/series_local/cp16/buffered16/shared/range37,1,5,"[564.2024001283067,564.1344233254259,564.1024484536492,563.951353092913,564.1679284794036]",564.1344233254259,"[564.1871778375248,564.116704254084,564.0827963901676,563.9338756427271,564.1512564456616]",564.116704254084,,,544.0,37.0,256.0,14.0,,,
neoverse-v2,count/wikileaks-noquotes/series_local/cp16/buffered16/shared/scan,1,5,"[3814.624863683536,3816.630861503831,3815.593784080741,3814.3964013124987,3812.982006542285]",3814.624863683536,"[3814.5316248632607,3816.507088329884,3815.483642285626,3814.268811361777,3812.871864754919]",3814.5316248632607,,,544.0,256.0,256.0,14.0,,,
neoverse-v2,count/wikileaks-noquotes/series_local/cp16/buffered16/shared/sparse17,1,5,"[730.9509272755099,729.639299855281,729.9117524480545,728.3546572194899,729.5689727027842]",729.639299855281,"[731.8300687612898,729.6180454284778,729.8892477606769,728.3313190250627,729.5440716844898]",729.6180454284778,,,544.0,16.0,256.0,14.0,,,
neoverse-v2,count/wikileaks-noquotes/series_local/cp16/native16/cps/crossing15,1,5,"[65.86978616690884,65.68170161413238,65.68782056118707,65.65117287671902,65.93931965608132]",65.68782056118707,"[65.8671839645177,65.67926912014137,65.68592547891625,65.64904208818803,66.00428986259783]",65.68592547891625,,,544.0,2.0,256.0,14.0,,,
neoverse-v2,count/wikileaks-noquotes/series_local/cp16/native16/cps/last,1,5,"[15.900642789439933,15.840355303879441,15.850404740435577,15.865148937628755,15.839802710460996]",15.850404740435577,"[15.900023976264885,15.839830111789944,15.849932067551784,15.864587210433994,15.839193030932464]",15.849932067551784,,,544.0,1.0,256.0,14.0,,,
neoverse-v2,count/wikileaks-noquotes/series_local/cp16/native16/cps/masked25,1,5,"[1212.7133437452726,1211.3279541900238,1211.772687837353,1210.9921915663501,1214.4822141249203]",1211.772687837353,"[1212.6730869386506,1211.7487419800061,1213.169876798676,1210.9628665639011,1215.4563595283594]",1212.6730869386506,,,544.0,62.0,256.0,14.0,,,
neoverse-v2,count/wikileaks-noquotes/series_local/cp16/native16/cps/range37,1,5,"[536.4920169684342,535.816737369816,535.4018511375775,535.4644041643801,535.8347088310122]",535.816737369816,"[537.0701118418581,535.8020825302938,535.385268031399,535.4505206328358,535.8160431950473]",535.8020825302938,,,544.0,37.0,256.0,14.0,,,
neoverse-v2,count/wikileaks-noquotes/series_local/cp16/native16/cps/scan,1,5,"[3710.8926673722062,3715.265674814256,3709.849628058531,3707.682252921923,3711.0786397460865]",3710.8926673722062,"[3710.783740717758,3719.5882040318,3709.757704563384,3707.5589798282185,3716.453241246271]",3710.783740717758,,,544.0,256.0,256.0,14.0,,,
neoverse-v2,count/wikileaks-noquotes/series_local/cp16/native16/cps/sparse17,1,5,"[375.8869864857663,375.8545200019614,376.40914230332413,375.96010337618674,375.94432778723586]",375.94432778723586,"[375.8746567616691,375.8444516232553,377.0701556012278,375.94610455954364,375.93005976468453]",375.93005976468453,,,544.0,16.0,256.0,14.0,,,
neoverse-v2,count/wikileaks-noquotes/series_local/cp16/native16/inline/crossing15,1,5,"[68.23826081990472,68.05942706894758,68.38673322604247,68.11885413786734,68.10324953078788]",68.11885413786734,"[112.0857014927992,103.98438586614704,114.0070592269896,132.00851680039543,134.90650573017604]",114.0070592269896,,,544.0,2.0,256.0,14.0,,,
neoverse-v2,count/wikileaks-noquotes/series_local/cp16/native16/inline/last,1,5,"[16.459667621943254,16.214392478480217,16.205209759140573,16.181247945081104,16.18386425058832]",16.205209759140573,"[26.008842273089986,16.293327021802764,16.222521213862002,16.180630011969313,16.183253312904956]",16.222521213862002,,,544.0,1.0,256.0,14.0,,,
neoverse-v2,count/wikileaks-noquotes/series_local/cp16/native16/inline/masked25,1,5,"[1212.143429765779,1212.6087486923473,1212.372952247277,1214.0953293853672,1212.6591146733585]",1212.6087486923473,"[1212.1028232886113,1212.581212964573,1212.337225517078,1215.911293132506,1212.6383757388355]",1212.581212964573,,,544.0,62.0,256.0,14.0,,,
neoverse-v2,count/wikileaks-noquotes/series_local/cp16/native16/inline/range37,1,5,"[550.2798893723926,551.0465428690212,550.068115369344,549.9209008300888,550.2804425132086]",550.2798893723926,"[550.2627419981131,553.8821809569407,550.0558672453399,549.9067562223246,550.2626629787987]",550.2626629787987,,,544.0,37.0,256.0,14.0,,,
neoverse-v2,count/wikileaks-noquotes/series_local/cp16/native16/inline/scan,1,5,"[3801.743184295752,3802.5910577947766,3856.146673935336,3850.43238822091,3862.6063249769577]",3850.43238822091,"[3801.616684861536,3806.952562704585,7023.877317330358,4556.660850613519,6208.772628131688]",4556.660850613519,,,544.0,256.0,256.0,14.0,,,
neoverse-v2,count/wikileaks-noquotes/series_local/cp16/native16/inline/sparse17,1,5,"[383.2580147628758,383.2003966066355,386.2832984461441,385.31337446282504,383.33447174211767]",383.33447174211767,"[715.403877933043,771.5776137488335,614.7059601194621,811.6644265748987,771.1138041216483]",771.1138041216483,,,544.0,16.0,256.0,14.0,,,
neoverse-v2,count/wikileaks-noquotes/series_local/cp16/native16/materialized/crossing15,1,5,"[66.58663051919594,66.54209718082677,66.61691660199892,66.71520655195262,66.45753312989967]",66.58663051919594,"[66.58411852815524,66.53937664717026,66.68886382183918,66.71332018902885,66.45535291127584]",66.58411852815524,,,544.0,2.0,256.0,14.0,,,
neoverse-v2,count/wikileaks-noquotes/series_local/cp16/native16/materialized/last,1,5,"[16.470789248567684,16.32463875542094,16.478733248954075,16.338827467394296,16.388283997994105]",16.388283997994105,"[16.470288086537963,16.3240257060525,16.56283988688913,16.35032389045369,16.400109090152387]",16.400109090152387,,,544.0,1.0,256.0,14.0,,,
neoverse-v2,count/wikileaks-noquotes/series_local/cp16/native16/materialized/masked25,1,5,"[1219.2187554464763,1217.3130556035865,1216.2975422680486,1217.2400209184752,1216.644587765534]",1217.2400209184752,"[1220.4213003254056,1217.283249082653,1216.2618093079486,1217.2062053338586,1216.6168729303236]",1217.2062053338586,,,544.0,62.0,256.0,14.0,,,
neoverse-v2,count/wikileaks-noquotes/series_local/cp16/native16/materialized/range37,1,5,"[552.9211748959968,552.9788959758572,552.2464761009439,552.3080557518253,552.1086699737062]",552.3080557518253,"[552.9012520654995,553.4994881498585,552.2350578811694,552.2923852278085,552.0906370570758]",552.2923852278085,,,544.0,37.0,256.0,14.0,,,
neoverse-v2,count/wikileaks-noquotes/series_local/cp16/native16/materialized/scan,1,5,"[3798.7212846992365,3797.7212846996567,3797.6799129021188,3798.3342406141946,3793.7234621647744]",3797.7212846996567,"[3798.6276537947188,3797.598258003949,3797.5824714075793,3798.2068590148233,3793.627109398085]",3797.598258003949,,,544.0,256.0,256.0,14.0,,,
neoverse-v2,count/wikileaks-noquotes/series_local/cp16/native16/materialized/sparse17,1,5,"[380.60263172214604,380.6162797015269,380.51617639014864,380.22799195299035,380.29699309380123]",380.51617639014864,"[380.59170246371735,381.0800935244049,380.50802022574663,380.21782393692285,380.2833451151931]",380.50802022574663,,,544.0,16.0,256.0,14.0,,,
neoverse-v2,count/wikileaks-noquotes/series_local/cp16/native16/shared/crossing15,1,5,"[66.19008682855826,66.14807668421153,66.16644537623493,66.14858294569018,66.09618011438725]",66.14858294569018,"[66.26922599333342,66.14607074284177,66.16406690262113,66.14621402448454,66.12994679479033]",66.14621402448454,,,544.0,2.0,256.0,14.0,,,
neoverse-v2,count/wikileaks-noquotes/series_local/cp16/native16/shared/last,1,5,"[16.049071947078172,15.998766424695557,16.060883947427385,16.041420104750575,16.006328677756237]",16.041420104750575,"[16.0485367085478,15.99822429478858,16.079281907479505,16.11484884680451,16.005906000183387]",16.0485367085478,,,544.0,1.0,256.0,14.0,,,
neoverse-v2,count/wikileaks-noquotes/series_local/cp16/native16/shared/masked25,1,5,"[1151.0504768182702,1148.0772772127948,1143.7867477800887,1140.1410720170595,1141.200427490511]",1143.7867477800887,"[1151.0166063722702,1148.0526142721,1143.7530417636315,1140.1200263066696,1141.1668858872406]",1143.7530417636315,,,544.0,62.0,256.0,14.0,,,
neoverse-v2,count/wikileaks-noquotes/series_local/cp16/native16/shared/range37,1,5,"[513.0528618032391,513.4948102017703,513.461298932882,513.356020166289,514.4979982213106]",513.461298932882,"[513.0327698714303,513.7618623999716,513.4465450776994,513.3407473336002,515.636417556123]",513.4465450776994,,,544.0,37.0,256.0,14.0,,,
neoverse-v2,count/wikileaks-noquotes/series_local/cp16/native16/shared/scan,1,5,"[3515.043806641241,3508.956193348962,3511.625881166313,3518.798590130406,3519.8474320227847]",3515.043806641241,"[3514.9144007950144,3508.8539778408895,3511.521651566538,3536.4259818856835,3524.6495468176636]",3514.9144007950144,,,544.0,256.0,256.0,14.0,,,
neoverse-v2,count/wikileaks-noquotes/series_local/cp16/native16/shared/sparse17,1,5,"[358.6740600347964,358.5068640507754,358.2702591942472,358.58851552075214,358.40052248734753]",358.5068640507754,"[358.6634566130485,358.4938018650811,358.2593996531809,358.5776047530559,358.39078987608656]",358.4938018650811,,,544.0,16.0,256.0,14.0,,,
neoverse-v2,count/wikileaks-noquotes/series_local/cp16/point/shared/crossing15,1,5,"[67.60682002975545,67.43687407330619,67.43182361669092,67.52076139463179,67.55654502847794]",67.52076139463179,"[67.6936056246217,67.43471232480188,67.4297957820273,67.51872399440255,67.55445980191587]",67.51872399440255,,,544.0,2.0,256.0,14.0,,,
neoverse-v2,count/wikileaks-noquotes/series_local/cp16/point/shared/last,1,5,"[29.02077931792708,29.01367421225516,28.974060131621123,29.051468388500094,29.76956189338241]",29.02077931792708,"[29.019694854497537,29.041778852677158,28.97344103164235,29.050641536963923,29.76867271648531]",29.041778852677158,,,544.0,1.0,256.0,14.0,,,
neoverse-v2,count/wikileaks-noquotes/series_local/cp16/point/shared/masked25,1,5,"[1764.5560606057004,1764.9060606041564,1760.1558080815091,1760.8404040394341,1762.7487373736624]",1762.7487373736624,"[1766.5946969738357,1764.8780303032925,1760.1055555422301,1760.7936868701315,1764.3232323197562]",1764.3232323197562,,,544.0,62.0,256.0,14.0,,,
neoverse-v2,count/wikileaks-noquotes/series_local/cp16/point/shared/range37,1,5,"[880.1121330479964,882.468186972434,881.0386796026785,880.3939775723369,879.4844399658504]",880.3939775723369,"[880.0791230927774,886.8494393311455,881.6507496539501,880.9038679596933,879.462769307638]",880.9038679596933,,,544.0,37.0,256.0,14.0,,,
neoverse-v2,count/wikileaks-noquotes/series_local/cp16/point/shared/scan,1,5,"[6319.0826594795035,6307.738544474848,6312.845462715044,6308.6208445547045,6316.033243496127]",6312.845462715044,"[6318.878706199164,6307.502246165586,6312.69092544118,6308.462713428462,6325.563342309057]",6312.69092544118,,,544.0,256.0,256.0,14.0,,,
neoverse-v2,count/wikileaks-noquotes/series_local/cp16/point/shared/sparse17,1,5,"[394.3324878812621,394.3273024467457,394.36140232176297,394.0717506480326,393.0796978920779]",394.3273024467457,"[394.3229061015357,394.3165370306567,394.3488332781227,394.05997069369874,394.63008679967857]",394.3229061015357,,,544.0,16.0,256.0,14.0,,,
neoverse-v2,count/wikileaks-noquotes/series_local/cp64/buffered16/shared/crossing15,1,5,"[112.36780837263615,112.59159231182684,112.55518244913536,112.50145511522635,113.4938437431329]",112.55518244913536,"[112.80571812326913,112.71153538710178,112.55238415078068,112.49744155610435,113.49005404689761]",112.71153538710178,,,496.0,2.0,256.0,14.0,,,
neoverse-v2,count/wikileaks-noquotes/series_local/cp64/buffered16/shared/last,1,5,"[120.57169282905052,120.40400041485418,120.58386349500388,120.71015144184202,120.53632183133857]",120.57169282905052,"[120.56792407151418,120.39992047659831,120.58019846461973,120.83766682803981,120.53355577042561]",120.56792407151418,,,496.0,1.0,256.0,14.0,,,
neoverse-v2,count/wikileaks-noquotes/series_local/cp64/buffered16/shared/masked25,1,5,"[1458.4705017868046,1458.9601091758448,1456.6770942698338,1457.5301280702877,1460.5286584072792]",1458.4705017868046,"[1458.4203233214607,1459.679823635428,1457.344530757231,1457.4616838023283,1460.4828889349465]",1458.4203233214607,,,496.0,62.0,256.0,14.0,,,
neoverse-v2,count/wikileaks-noquotes/series_local/cp64/buffered16/shared/range37,1,5,"[564.2506884827143,563.8161347805501,564.1986068362687,563.5468977803052,564.4526972293598]",564.1986068362687,"[564.2306010010245,563.7988822285522,564.1807063010648,563.5353960755202,565.004697878988]",564.1807063010648,,,496.0,37.0,256.0,14.0,,,
neoverse-v2,count/wikileaks-noquotes/series_local/cp64/buffered16/shared/scan,1,5,"[3794.5290889092926,3792.9171240405954,3792.9807903466317,3791.5472008750808,3792.104829853565]",3792.9171240405954,"[3796.6520307277283,3792.8018660766716,3792.8721185522973,3791.446212964767,3791.9725576279498]",3792.8018660766716,,,496.0,256.0,256.0,14.0,,,
neoverse-v2,count/wikileaks-noquotes/series_local/cp64/buffered16/shared/sparse17,1,5,"[731.1044869785765,729.8896558934023,729.0284489075161,729.2396192864483,729.5698148721358]",729.5698148721358,"[731.9069135054792,729.8682146209096,729.0060663134173,729.2171320989129,729.5502562458278]",729.5502562458278,,,496.0,16.0,256.0,14.0,,,
neoverse-v2,count/wikileaks-noquotes/series_local/cp64/native16/shared/crossing15,1,5,"[68.77486864276021,68.68115396045526,68.90213145628135,68.77460097151325,68.77747595914761]",68.77486864276021,"[68.772350549887,68.67874491923259,68.90009913753352,68.84439377384719,68.77496778048346]",68.77496778048346,,,496.0,2.0,256.0,14.0,,,
neoverse-v2,count/wikileaks-noquotes/series_local/cp64/native16/shared/last,1,5,"[94.1745456505697,94.16655664373951,94.19839142074801,93.81564659764393,93.77331698697289]",94.16655664373951,"[94.1717838522173,94.16357928999963,94.19548142837785,93.81254799454905,93.86001050862272]",94.16357928999963,,,496.0,1.0,256.0,14.0,,,
neoverse-v2,count/wikileaks-noquotes/series_local/cp64/native16/shared/masked25,1,5,"[1141.7359229631472,1140.1055981726124,1141.9259017450688,1141.3959523415926,1139.9897176423353]",1141.3959523415926,"[1142.8795495376512,1141.0089766565764,1141.8968500032975,1142.3667373905168,1139.955932765149]",1141.8968500032975,,,496.0,62.0,256.0,14.0,,,
neoverse-v2,count/wikileaks-noquotes/series_local/cp64/native16/shared/range37,1,5,"[515.9467795360448,515.8757453072533,515.9481781372975,516.1996319475761,516.4540301800033]",515.9481781372975,"[516.0990798644642,515.8599190314054,515.9297754884084,516.4340817060342,518.6014722107196]",516.0990798644642,,,496.0,37.0,256.0,14.0,,,
neoverse-v2,count/wikileaks-noquotes/series_local/cp64/native16/shared/scan,1,5,"[3515.2264056201634,3511.1089357388278,3510.9678714897464,3510.6837349378866,3516.24799196268]",3511.1089357388278,"[3519.1651606344085,3511.0020080316212,3510.8684738804595,3510.575803210966,3527.06827308714]",3511.0020080316212,,,496.0,256.0,256.0,14.0,,,
neoverse-v2,count/wikileaks-noquotes/series_local/cp64/native16/shared/sparse17,1,5,"[363.9761223537738,364.25271809860794,364.0354783335107,363.4677209594984,360.63002653031896]",363.9761223537738,"[363.96478176939235,364.67138323921995,364.028923684521,363.46111428856375,360.62092285260394]",363.96478176939235,,,496.0,16.0,256.0,14.0,,,
neoverse-v2,count/wikileaks-noquotes/series_local/cp64/point/shared/crossing15,1,5,"[90.93730948348832,90.84713268395039,90.7701088296311,90.79184880616302,90.6702554057852]",90.79184880616302,"[91.04057437146193,90.84435681552121,90.76730701859933,90.789163737488,90.66766113649567]",90.789163737488,,,496.0,2.0,256.0,14.0,,,
neoverse-v2,count/wikileaks-noquotes/series_local/cp64/point/shared/last,1,5,"[103.07665291058659,102.79177276326436,102.76257792606481,103.12844264929717,103.16453010207294]",103.07665291058659,"[103.07259929224993,102.88964497954859,102.76051453175454,103.12485731786575,103.16126671968254]",103.07259929224993,,,496.0,1.0,256.0,14.0,,,
neoverse-v2,count/wikileaks-noquotes/series_local/cp64/point/shared/masked25,1,5,"[3996.7052089293543,3987.6737263930218,3984.244419003797,3984.9416142003665,3987.8574699462442]",3987.6737263930218,"[3996.583285636421,3987.548368620395,3984.1482541418045,3984.8185460754457,3992.516313679479]",3987.548368620395,,,496.0,62.0,256.0,14.0,,,
neoverse-v2,count/wikileaks-noquotes/series_local/cp64/point/shared/range37,1,5,"[1707.916482975981,1703.7842272843031,1700.387950035481,1702.7881459700482,1703.6794024024073]",1703.6794024024073,"[1707.8643154573565,1703.7310800868265,1700.344109719229,1704.6017634164357,1705.085966197226]",1704.6017634164357,,,496.0,37.0,256.0,14.0,,,
neoverse-v2,count/wikileaks-noquotes/series_local/cp64/point/shared/scan,1,5,"[15980.756264233696,15987.389521635418,15964.48519360769,15983.321184541226,15976.243735766882]",15980.756264233696,"[15980.412300789283,15986.91799550571,15964.00911155565,16002.184510199479,15985.15945331609]",15985.15945331609,,,496.0,256.0,256.0,14.0,,,
neoverse-v2,count/wikileaks-noquotes/series_local/cp64/point/shared/sparse17,1,5,"[988.0975644095342,971.463325357261,969.7972687586523,969.4184147544671,969.319442489541]",969.7972687586523,"[988.0640574448779,971.4298183886033,969.7705194985645,969.394340420188,969.3019850777363]",969.7705194985645,,,496.0,16.0,256.0,14.0,,,
neoverse-v2,count/wikileaks-noquotes/series_scan/cp16/buffered16/shared/crossing15,1,5,"[101.37827323928948,101.73869244597189,100.77599721292579,100.5928119375298,100.5047465598219]",100.77599721292579,"[101.49204551995042,101.73603611374158,100.77277477723392,100.59034430734722,100.50185798102785]",100.77277477723392,,,544.0,2.0,256.0,14.0,,,
neoverse-v2,count/wikileaks-noquotes/series_scan/cp16/buffered16/shared/last,1,5,"[34.82575022761154,34.84504996544441,34.83592238327401,34.92437785703726,34.8511781296437]",34.84504996544441,"[34.82466586098362,34.86265351488819,34.867916175413654,34.92351235343413,34.85007386602373]",34.86265351488819,,,544.0,1.0,256.0,14.0,,,
neoverse-v2,count/wikileaks-noquotes/series_scan/cp16/buffered16/shared/masked25,1,5,"[1368.3842383864428,1372.8708096434975,1367.8580670457425,1371.5261713409454,1368.7784748091653]",1368.7784748091653,"[1368.3393452349712,1373.7471084071246,1367.819251131048,1371.489315824942,1368.7369143246033]",1368.7369143246033,,,544.0,62.0,256.0,14.0,,,
neoverse-v2,count/wikileaks-noquotes/series_scan/cp16/buffered16/shared/range37,1,5,"[552.3941541882851,551.0209461615085,551.3123606247743,550.7978655619596,551.4604173302492]",551.3123606247743,"[554.4545237328662,550.999123922756,551.2972284175105,550.7812997787024,551.4458426251379]",551.2972284175105,,,544.0,37.0,256.0,14.0,,,
neoverse-v2,count/wikileaks-noquotes/series_scan/cp16/buffered16/shared/scan,1,5,"[3732.6177255764087,3728.153230113169,3728.668980247588,3727.309129735984,3735.129204482606]",3728.668980247588,"[3732.5152162094532,3728.0523224605254,3728.567538705349,3727.205018707827,3740.3384943998735]",3728.567538705349,,,544.0,256.0,256.0,14.0,,,
neoverse-v2,count/wikileaks-noquotes/series_scan/cp16/buffered16/shared/sparse17,1,5,"[653.3249291782155,655.3040604338225,654.4978281402636,653.9067044380573,654.1872521246187]",654.1872521246187,"[653.3042492928382,655.2796034012215,654.4760151062908,653.8887629870675,655.5866855541078]",654.4760151062908,,,544.0,16.0,256.0,14.0,,,
neoverse-v2,count/wikileaks-noquotes/series_scan/cp16/native16/shared/crossing15,1,5,"[53.62629172907403,53.52363720177504,53.5270485190053,53.57768045794234,53.564941800171376]",53.564941800171376,"[53.62463985257436,53.52185471173797,53.52531212801792,53.64388613583397,53.56319004228819]",53.56319004228819,,,544.0,2.0,256.0,14.0,,,
neoverse-v2,count/wikileaks-noquotes/series_scan/cp16/native16/shared/last,1,5,"[11.919636946498134,11.860506339310637,11.86675997270596,11.912114776527185,11.856097544564987]",11.86675997270596,"[11.919200099398422,11.860131658963903,11.866388652733283,11.963235961271888,11.86889548270901]",11.86889548270901,,,544.0,1.0,256.0,14.0,,,
neoverse-v2,count/wikileaks-noquotes/series_scan/cp16/native16/shared/masked25,1,5,"[1121.079388084396,1123.0895330106282,1120.4299516920958,1120.975362318903,1120.543156198305]",1120.975362318903,"[1121.0439613503859,1124.4325281878532,1120.3830917899859,1120.9455716625057,1120.5133655464847]",1120.9455716625057,,,544.0,62.0,256.0,14.0,,,
neoverse-v2,count/wikileaks-noquotes/series_scan/cp16/native16/shared/range37,1,5,"[499.27156960890153,498.49656603253976,498.72234940679454,498.66890828493086,498.7206324218041]",498.7206324218041,"[499.4147231388213,498.48032622502507,498.70746887902163,498.65452854694604,498.70460724109864]",498.70460724109864,,,544.0,37.0,256.0,14.0,,,
neoverse-v2,count/wikileaks-noquotes/series_scan/cp16/native16/shared/scan,1,5,"[3490.540811214929,3468.5433149704245,3460.790185276614,3458.3795693560814,3461.511767654729]",3461.511767654729,"[3490.5257886692116,3468.441161760592,3460.6710065235075,3458.287931922559,3462.4526790053424]",3462.4526790053424,,,544.0,256.0,256.0,14.0,,,
neoverse-v2,count/wikileaks-noquotes/series_scan/cp16/native16/shared/sparse17,1,5,"[292.90052706401576,293.1437714381739,293.46047017538666,293.1173763912479,292.6392119135295]",293.1173763912479,"[292.89073872584726,293.46410942987745,295.4537772952033,293.11214757781636,292.62929808280194]",293.11214757781636,,,544.0,16.0,256.0,14.0,,,
neoverse-v2,count/wikileaks-noquotes/series_scan/cp16/point/shared/crossing15,1,5,"[61.459329343384766,61.38255588806494,61.59500088002368,61.52913219511133,61.383383207079746]",61.459329343384766,"[61.45713782809422,61.380434782544064,61.59287097307835,61.526984685817396,61.38155254368793]",61.45713782809422,,,544.0,2.0,256.0,14.0,,,
neoverse-v2,count/wikileaks-noquotes/series_scan/cp16/point/shared/last,1,5,"[25.65862052640123,25.799583368230483,25.63721716205443,25.631976487955757,25.636998648820995]",25.63721716205443,"[25.65774283177522,25.798763943786255,25.636368602674573,25.631415637430244,25.63607725176567]",25.636368602674573,,,544.0,1.0,256.0,14.0,,,
neoverse-v2,count/wikileaks-noquotes/series_scan/cp16/point/shared/masked25,1,5,"[1717.8938423645318,1714.9795566506316,1713.7901477858554,1715.9330049275027,1713.2423645313027]",1714.9795566506316,"[1717.833497538078,1714.9354679674072,1713.7428571415485,1718.1849753637948,1713.2096059070277]",1714.9354679674072,,,544.0,62.0,256.0,14.0,,,
neoverse-v2,count/wikileaks-noquotes/series_scan/cp16/point/shared/range37,1,5,"[800.4874383382772,800.2812894343059,800.1168980159026,800.3607892610626,799.6662842712237]",800.2812894343059,"[800.4593323374038,801.0569003073489,800.0954456865373,800.3414018583879,799.6412756644619]",800.3414018583879,,,544.0,37.0,256.0,14.0,,,
neoverse-v2,count/wikileaks-noquotes/series_scan/cp16/point/shared/scan,1,5,"[6107.5963541718575,6103.642361100627,6110.504340270692,6102.016493055492,6092.39322916603]",6103.642361100627,"[6107.402777733029,6103.328124969684,6117.195312516088,6101.883680553754,6092.256944404776]",6103.328124969684,,,544.0,256.0,256.0,14.0,,,
neoverse-v2,count/wikileaks-noquotes/series_scan/cp16/point/shared/sparse17,1,5,"[380.953971020859,381.1203290113693,381.2368994442342,380.8816864579018,380.7175618257494]",380.953971020859,"[380.9434578943262,381.1064930807717,381.22491556855164,381.293550497912,380.7084104997704]",381.1064930807717,,,544.0,16.0,256.0,14.0,,,
neoverse-v2,count/wikileaks-noquotes/series_scan/cp64/buffered16/shared/crossing15,1,5,"[101.30109696857589,101.32106150815845,101.07658599159417,101.34013232810605,101.36515647296831]",101.32106150815845,"[101.39918988695318,101.72793449946869,101.0742075446048,101.33788361444358,101.36205728513741]",101.36205728513741,,,496.0,2.0,256.0,14.0,,,
neoverse-v2,count/wikileaks-noquotes/series_scan/cp64/buffered16/shared/last,1,5,"[114.06734078460403,114.35420695545511,114.23209544711183,113.93659248083632,114.16373856880548]",114.16373856880548,"[114.0633091871533,114.35055229593009,114.36236848118942,113.93351142206717,114.16036251590752]",114.16036251590752,,,496.0,1.0,256.0,14.0,,,
neoverse-v2,count/wikileaks-noquotes/series_scan/cp64/buffered16/shared/masked25,1,5,"[1368.67578740217,1368.1204724396523,1368.3450787413637,1369.0082677145679,1371.4431102349986]",1368.67578740217,"[1368.6277559077278,1368.0801181077027,1368.3078740103795,1368.9716535453038,1371.4003936981292]",1368.6277559077278,,,496.0,62.0,256.0,14.0,,,
neoverse-v2,count/wikileaks-noquotes/series_scan/cp64/buffered16/shared/range37,1,5,"[549.3832821245917,548.9076656426192,549.1787599457654,549.8640195389457,549.1301504761553]",549.1787599457654,"[549.3624832607131,548.8923816259836,549.1636334991047,550.4307886224614,549.1162057785567]",549.1636334991047,,,496.0,37.0,256.0,14.0,,,
neoverse-v2,count/wikileaks-noquotes/series_scan/cp64/buffered16/shared/scan,1,5,"[3730.9055496217325,3725.779615794683,3732.521344717225,3724.4140875155917,3721.646744927614]",3725.779615794683,"[3730.811632865942,3725.6723586104035,3751.010138731091,3726.8778014746313,3724.9050160134925]",3726.8778014746313,,,496.0,256.0,256.0,14.0,,,
neoverse-v2,count/wikileaks-noquotes/series_scan/cp64/buffered16/shared/sparse17,1,5,"[655.9719380569495,655.5389957761854,654.1219145940936,654.019615203007,653.8458000930196]",654.1219145940936,"[655.9479117802204,656.2179258567855,654.1048334161386,654.001220085824,653.8237447211313]",654.1048334161386,,,496.0,16.0,256.0,14.0,,,
neoverse-v2,count/wikileaks-noquotes/series_scan/cp64/native16/shared/crossing15,1,5,"[53.44222534883833,53.37434688369907,53.53003004143948,53.486998516883126,53.529566110235244]",53.486998516883126,"[53.44062060305215,53.373015933209366,53.603414838014636,53.50455945536012,53.52764193640504]",53.50455945536012,,,496.0,2.0,256.0,14.0,,,
neoverse-v2,count/wikileaks-noquotes/series_scan/cp64/native16/shared/last,1,5,"[90.03065894814604,88.27990149952035,88.21445792451841,89.14673233380236,89.64092415186946]",89.14673233380236,"[90.02722947753358,88.27734873620723,88.21200830244298,89.14407642778583,89.72209687573162]",89.14407642778583,,,496.0,1.0,256.0,14.0,,,
neoverse-v2,count/wikileaks-noquotes/series_scan/cp64/native16/shared/masked25,1,5,"[1130.7789814058235,1130.5120452714755,1128.6637025077307,1129.391592563658,1128.8425222304356]",1129.391592563658,"[1131.941956343194,1130.4827809192477,1128.6368633774412,1129.356992725923,1128.8053354886872]",1129.356992725923,,,496.0,62.0,256.0,14.0,,,
neoverse-v2,count/wikileaks-noquotes/series_scan/cp64/native16/shared/range37,1,5,"[498.88935372215747,498.09153202603517,498.3757934226584,498.32436526298557,498.11324293095623]",498.32436526298557,"[498.87204269834984,498.0753029408953,498.3609347983575,498.30820831248855,498.09831217611253]",498.30820831248855,,,496.0,37.0,256.0,14.0,,,
neoverse-v2,count/wikileaks-noquotes/series_scan/cp64/native16/shared/scan,1,5,"[3464.39662028054,3462.101391649572,3460.126242546761,3463.1630218713435,3464.1669980127967]",3463.1630218713435,"[3464.29174951947,3462.0114314159205,3460.0392643959917,3463.0546719582503,3464.066103381071]",3463.0546719582503,,,496.0,256.0,256.0,14.0,,,
neoverse-v2,count/wikileaks-noquotes/series_scan/cp64/native16/shared/sparse17,1,5,"[292.9292679864639,292.4342694515596,292.46963545844085,292.34922362174296,292.5328338843369]",292.46963545844085,"[293.24274892058355,292.4259825052039,292.45971623486275,292.33980663795074,292.5247980572794]",292.45971623486275,,,496.0,16.0,256.0,14.0,,,
neoverse-v2,count/wikileaks-noquotes/series_scan/cp64/point/shared/crossing15,1,5,"[80.93488113317709,80.87730808008382,81.19736186280471,81.16275080274929,81.35351732287023]",81.16275080274929,"[80.93205290196028,80.87510576904569,81.19506682253397,81.16028189582632,81.351396149087]",81.16028189582632,,,496.0,2.0,256.0,14.0,,,
neoverse-v2,count/wikileaks-noquotes/series_scan/cp64/point/shared/last,1,5,"[101.21574728466781,100.2895052673775,99.96547687849585,100.09622023673823,100.07026122014874]",100.09622023673823,"[101.42180438872983,100.28716421440798,99.96346179441538,100.09301980974986,100.06688299250324]",100.09301980974986,,,496.0,1.0,256.0,14.0,,,
neoverse-v2,count/wikileaks-noquotes/series_scan/cp64/point/shared/masked25,1,5,"[3674.7276550942115,3670.851209253875,3668.334384853858,3672.459516303278,3670.922712940128]",3670.922712940128,"[3674.6161934880556,3670.739221875981,3668.2344899943278,3676.4610935982932,3670.8212408027402]",3670.8212408027402,,,496.0,62.0,256.0,14.0,,,
neoverse-v2,count/wikileaks-noquotes/series_scan/cp64/point/shared/range37,1,5,"[1424.8419975419984,1417.0339746204613,1405.786123619841,1398.3970528054033,1394.3467048704279]",1405.786123619841,"[1424.785100284183,1416.9834220293765,1407.3409742205931,1398.3581661917306,1394.3108882550973]",1407.3409742205931,,,496.0,37.0,256.0,14.0,,,
neoverse-v2,count/wikileaks-noquotes/series_scan/cp64/point/shared/scan,1,5,"[14752.701902761142,14735.642706136883,14746.73572937166,14748.534883726872,14742.773784357641]",14746.73572937166,"[14752.308668131413,14735.175475706827,14762.77167015739,14754.646934544415,14742.420718766783]",14752.308668131413,,,496.0,256.0,256.0,14.0,,,
neoverse-v2,count/wikileaks-noquotes/series_scan/cp64/point/shared/sparse17,1,5,"[894.6862418272771,892.2583664568253,893.9257597118492,892.8331837408219,893.5439158878331]",893.5439158878331,"[894.6586741867529,892.2328503688293,894.1714322324287,892.8103603064086,894.9553788960792]",894.1714322324287,,,496.0,16.0,256.0,14.0,,,
neoverse-v2,count/wikileaks-noquotes/tuple_absolute6/cp16/point/shared/crossing15,1,5,"[50.43136914448838,50.322264424021064,50.38885151025117,50.43939229511841,50.372088985306185]",50.38885151025117,"[50.42969795640426,50.32059323573132,50.453637185665976,50.437952613552184,50.38762886609046]",50.42969795640426,,,1536.0,2.0,256.0,14.0,,,
neoverse-v2,count/wikileaks-noquotes/tuple_absolute6/cp16/point/shared/last,1,5,"[10.853531390215426,10.850415662524178,10.838604376868503,10.874371011507579,10.874646520453744]",10.853531390215426,"[10.853122770222436,10.850058120066056,10.838294816217765,10.874047520666048,10.885032279417242]",10.853122770222436,,,1536.0,1.0,256.0,14.0,,,
neoverse-v2,count/wikileaks-noquotes/tuple_absolute6/cp16/point/shared/masked25,1,5,"[1162.3459754881735,1160.5008280880977,1160.8562437886485,1161.1929446831884,1160.61758860566]",1160.8562437886485,"[1163.8390195477643,1160.4788009290821,1160.8451473964321,1161.1603179823187,1160.5849619071437]",1160.8451473964321,,,1536.0,62.0,256.0,14.0,,,
neoverse-v2,count/wikileaks-noquotes/tuple_absolute6/cp16/point/shared/range37,1,5,"[581.8744617421829,580.8958264321147,581.8578999665671,581.3845644246669,581.9703544221633]",581.8578999665671,"[584.3464723414936,580.8818317316076,581.8421662815559,581.3690791660135,581.95751904662]",581.8421662815559,,,1536.0,37.0,256.0,14.0,,,
neoverse-v2,count/wikileaks-noquotes/tuple_absolute6/cp16/point/shared/scan,1,5,"[4094.223067919481,4087.4051522198697,4084.9139344252344,4089.3208430868017,4089.2090163983767]",4089.2090163983767,"[4094.0544496302305,4087.2833723669487,4084.9016393734505,4089.19613583941,4089.0755269509345]",4089.0755269509345,,,1536.0,256.0,256.0,14.0,,,
neoverse-v2,count/wikileaks-noquotes/tuple_absolute6/cp16/point/shared/sparse17,1,5,"[256.8582888682503,257.43010119639695,256.3958785648384,256.44312787511495,256.51801287898184]",256.51801287898184,"[257.14079116760826,257.41648574015005,256.3879668807819,256.4350321982721,256.5095860162742]",256.5095860162742,,,1536.0,16.0,256.0,14.0,,,
neoverse-v2,count/wikileaks-noquotes/tuple_checkpoint2/cp16/buffered16/shared/crossing15,1,5,"[113.5272436158126,114.15264187868053,113.99613462490129,114.3103782889972,113.15770406415962]",113.99613462490129,"[113.6505474593327,114.1493587361659,113.99220455765135,114.30670699187121,113.15396807478993]",113.99220455765135,,,576.0,2.0,256.0,14.0,,,
neoverse-v2,count/wikileaks-noquotes/tuple_checkpoint2/cp16/buffered16/shared/last,1,5,"[37.684798954228064,37.395730932929304,37.1579087204213,37.31534451699474,37.140293637868325]",37.31534451699474,"[37.6835289677982,37.43125335438761,37.19053514788406,37.314186119426736,37.14904538471389]",37.314186119426736,,,576.0,1.0,256.0,14.0,,,
neoverse-v2,count/wikileaks-noquotes/tuple_checkpoint2/cp16/buffered16/shared/masked25,1,5,"[1461.700522466182,1465.3874608158358,1451.6566353193768,1451.380982235551,1470.210658308366]",1461.700522466182,"[1461.6583072081655,1465.3462904877576,1451.604806695829,1451.341692789084,1470.1684430503497]",1461.6583072081655,,,576.0,62.0,256.0,14.0,,,
neoverse-v2,count/wikileaks-noquotes/tuple_checkpoint2/cp16/buffered16/shared/range37,1,5,"[565.1615702821085,564.5097737040242,564.324924973367,564.4412361106911,565.224024657951]",564.5097737040242,"[565.1409684467511,564.489658531368,564.3052964530386,565.012896424968,567.4159299188998]",565.012896424968,,,576.0,37.0,256.0,14.0,,,
neoverse-v2,count/wikileaks-noquotes/tuple_checkpoint2/cp16/buffered16/shared/scan,1,5,"[3807.902853999655,3799.6174533496646,3794.9259055939388,3800.223929746758,3804.3501646555783]",3800.223929746758,"[3807.766739851528,3799.5049396172194,3794.814489560325,3815.866630061968,3808.9621295268093]",3807.766739851528,,,576.0,256.0,256.0,14.0,,,
neoverse-v2,count/wikileaks-noquotes/tuple_checkpoint2/cp16/buffered16/shared/sparse17,1,5,"[764.9912938059724,766.9790610534708,761.9061053558518,762.0576372062749,762.436742340306]",762.436742340306,"[764.963411946146,766.9559180094055,761.8794357520942,762.0349349774727,762.4141503168859]",762.4141503168859,,,576.0,16.0,256.0,14.0,,,
neoverse-v2,count/wikileaks-noquotes/tuple_checkpoint2/cp16/native16/shared/crossing15,1,5,"[60.36901700187318,59.50960559256111,59.59188746004996,59.67477345296297,59.68744282387672]",59.67477345296297,"[60.367170104396685,59.50761197913969,59.65277466083448,59.6728920344051,59.68553551389461]",59.6728920344051,,,576.0,2.0,256.0,14.0,,,
neoverse-v2,count/wikileaks-noquotes/tuple_checkpoint2/cp16/native16/shared/last,1,5,"[14.904943627184412,14.892415387708366,15.187151448283574,14.901791415192069,14.900858055002484]",14.901791415192069,"[14.904555434166396,14.953885642101415,15.216166223015776,14.914198742108997,14.900603502168696]",14.914198742108997,,,576.0,1.0,256.0,14.0,,,
neoverse-v2,count/wikileaks-noquotes/tuple_checkpoint2/cp16/native16/shared/masked25,1,5,"[1150.817701452891,1147.0493725249655,1148.2069022459464,1148.6022126805606,1147.8401585202894]",1148.2069022459464,"[1150.8000330240104,1147.016512556293,1148.1747027722704,1148.5744716020818,1147.805812421449]",1148.1747027722704,,,576.0,62.0,256.0,14.0,,,
neoverse-v2,count/wikileaks-noquotes/tuple_checkpoint2/cp16/native16/shared/range37,1,5,"[503.1197334474797,502.2624677556521,501.8212954998915,501.8724562916183,501.8393522501524]",501.8724562916183,"[503.30359702118824,502.25372599358485,501.80588994057547,501.85654915715065,501.82509315123497]",501.85654915715065,,,576.0,37.0,256.0,14.0,,,
neoverse-v2,count/wikileaks-noquotes/tuple_checkpoint2/cp16/native16/shared/scan,1,5,"[3476.185110657988,3468.942655941555,3470.555331991935,3471.2520120675135,3471.617706239529]",3471.2520120675135,"[3476.0789738515127,3468.8365191422286,3470.454728354732,3471.16197182755,3471.526659959691]",3471.16197182755,,,576.0,256.0,256.0,14.0,,,
neoverse-v2,count/wikileaks-noquotes/tuple_checkpoint2/cp16/native16/shared/sparse17,1,5,"[333.3295757227945,332.43973554019726,332.5309170473247,332.3779965751661,332.72374429177216]",332.5309170473247,"[333.6992960434478,332.4310787666074,332.5207382042696,332.36843607530267,332.7133751919772]",332.5207382042696,,,576.0,16.0,256.0,14.0,,,
neoverse-v2,count/wikileaks-noquotes/tuple_checkpoint2/cp16/point/shared/crossing15,1,5,"[91.34722734690556,91.39664487917788,91.40177112422157,91.40552685682559,91.32739444423873]",91.39664487917788,"[91.34409098089459,91.39387749650021,91.39916187822125,91.4024168471148,91.32481155453858]",91.39387749650021,,,576.0,2.0,256.0,14.0,,,
neoverse-v2,count/wikileaks-noquotes/tuple_checkpoint2/cp16/point/shared/last,1,5,"[51.342798137669284,50.86251088358417,50.98778881925499,51.06876974333518,51.16090407347308]",51.06876974333518,"[51.43564484668218,50.86086305802591,50.98623453822189,51.06732339826907,51.15917709442244]",51.06732339826907,,,576.0,1.0,256.0,14.0,,,
neoverse-v2,count/wikileaks-noquotes/tuple_checkpoint2/cp16/point/shared/masked25,1,5,"[2495.1178355286934,2490.9430402277303,2496.8287646823574,2495.753648984927,2495.9925240276907]",2495.753648984927,"[2495.041295824725,2490.8793164735584,2496.760412960227,2498.302242777561,2495.9430402329144]",2495.9430402329144,,,576.0,62.0,256.0,14.0,,,
neoverse-v2,count/wikileaks-noquotes/tuple_checkpoint2/cp16/point/shared/range37,1,5,"[1262.4678500256937,1261.9032783916693,1261.7051258808274,1260.6096721607,1262.5216446280672]",1261.9032783916693,"[1262.4330737218984,1263.1584857735238,1261.67542111474,1260.5794240102407,1262.4562579192807]",1262.4330737218984,,,576.0,37.0,256.0,14.0,,,
neoverse-v2,count/wikileaks-noquotes/tuple_checkpoint2/cp16/point/shared/scan,1,5,"[9099.38212435321,9084.633419693804,9096.014248702999,9093.227979286314,9099.505181353607]",9096.014248702999,"[9099.071243535285,9084.405440455554,9105.492227974886,9092.948186498641,9099.262953340483]",9099.071243535285,,,576.0,256.0,256.0,14.0,,,
neoverse-v2,count/wikileaks-noquotes/tuple_checkpoint2/cp16/point/shared/sparse17,1,5,"[563.4239909779441,562.7846612427528,561.6647869172355,564.5557077251314,562.7867558206184]",562.7867558206184,"[563.4064287462103,562.7646016304664,561.6492387035169,565.1752195310221,562.7714492864513]",562.7714492864513,,,576.0,16.0,256.0,14.0,,,
neoverse-v2,count/wikileaks-noquotes/tuple_checkpoint2/cp64/buffered16/shared/crossing15,1,5,"[110.8633890305123,112.05147589926463,112.84128665671496,112.61576860717614,112.86470522148082]",112.61576860717614,"[110.85921574310309,112.04743102026364,112.83772331175389,112.61180398422864,112.98561820800009]",112.61180398422864,,,528.0,2.0,256.0,14.0,,,
neoverse-v2,count/wikileaks-noquotes/tuple_checkpoint2/cp64/buffered16/shared/last,1,5,"[172.73016697566766,172.7834013605168,173.06575139177437,172.58938775492888,172.7388249845147]",172.7388249845147,"[172.79710575091605,172.77790970938378,173.05969078512442,172.58335188659106,172.73204700056039]",172.77790970938378,,,528.0,1.0,256.0,14.0,,,
neoverse-v2,count/wikileaks-noquotes/tuple_checkpoint2/cp64/buffered16/shared/masked25,1,5,"[1467.9214583305604,1476.6345833342834,1451.8781249991027,1467.0070833341006,1470.7525000012822]",1467.9214583305604,"[1467.8677083423963,1478.383749997647,1451.8370833371819,1466.963125006752,1470.703541658717]",1467.8677083423963,,,528.0,62.0,256.0,14.0,,,
neoverse-v2,count/wikileaks-noquotes/tuple_checkpoint2/cp64/buffered16/shared/range37,1,5,"[565.7130784712394,564.6688128773409,564.3868008044471,566.7940442648069,564.174245472882]",564.6688128773409,"[566.3048692180643,564.6527967831533,564.3683702214228,567.1836619726867,564.1569416487986]",564.6527967831533,,,528.0,37.0,256.0,14.0,,,
neoverse-v2,count/wikileaks-noquotes/tuple_checkpoint2/cp64/buffered16/shared/scan,1,5,"[3784.7131236434575,3791.47396963304,3788.876355754886,3787.872017354058,3788.726138828497]",3788.726138828497,"[3784.6024945747654,3796.417570485895,3788.797180039492,3787.7489153858146,3788.619305884463]",3788.619305884463,,,528.0,256.0,256.0,14.0,,,
neoverse-v2,count/wikileaks-noquotes/tuple_checkpoint2/cp64/buffered16/shared/sparse17,1,5,"[755.11199131718,754.7597395546771,754.0932175807764,758.2648941939473,768.3583288118679]",755.11199131718,"[755.0850786740646,754.7328269161882,754.0696690209419,759.1152468822896,768.3416169269143]",755.0850786740646,,,528.0,16.0,256.0,14.0,,,
neoverse-v2,count/wikileaks-noquotes/tuple_checkpoint2/cp64/native16/shared/crossing15,1,5,"[59.4973330054496,59.47482679377482,59.476361693703744,59.443857432380184,59.499181669380484]",59.476361693703744,"[59.49554370190129,59.47287636827567,59.47480135311161,59.4416865241861,59.49718036363949]",59.47480135311161,,,528.0,2.0,256.0,14.0,,,
neoverse-v2,count/wikileaks-noquotes/tuple_checkpoint2/cp64/native16/shared/last,1,5,"[152.79557902106112,156.04554615970198,154.50337378961302,153.28876571871325,151.6054418788453]",153.28876571871325,"[152.7910441226923,156.03956534998477,154.4991236911436,153.28473469735292,151.6010384263684]",153.28473469735292,,,528.0,1.0,256.0,14.0,,,
neoverse-v2,count/wikileaks-noquotes/tuple_checkpoint2/cp64/native16/shared/masked25,1,5,"[1148.782399733058,1149.1145177326423,1148.6549552547824,1149.1416970497385,1150.215114351603]",1149.1145177326423,"[1148.748757041803,1149.080543580384,1150.364103418258,1149.1131919098261,1155.9005634761697]",1149.1131919098261,,,528.0,62.0,256.0,14.0,,,
neoverse-v2,count/wikileaks-noquotes/tuple_checkpoint2/cp64/native16/shared/range37,1,5,"[502.4154279117855,502.7400057726297,504.04719295715483,502.7516236108937,501.98917592722603]",502.7400057726297,"[502.3985423553793,503.2394284862342,508.77846731362297,502.7416654626383,501.9731562997868]",502.7416654626383,,,528.0,37.0,256.0,14.0,,,
neoverse-v2,count/wikileaks-noquotes/tuple_checkpoint2/cp64/native16/shared/scan,1,5,"[3483.5099800396347,3479.1841317382,3480.5054890194992,3466.6721556868265,3468.7030938119756]",3479.1841317382,"[3483.413173640854,3479.0718562638535,3484.774950096038,3466.5963073700664,3468.5973054013425]",3479.0718562638535,,,528.0,256.0,256.0,14.0,,,
neoverse-v2,count/wikileaks-noquotes/tuple_checkpoint2/cp64/native16/shared/sparse17,1,5,"[332.2603345052989,332.15062244620697,332.7506889670127,332.75738857676265,332.29516297661684]",332.29516297661684,"[332.25092654067436,332.13888624715224,334.3910006628335,333.1687731655473,332.2867528279057]",332.2867528279057,,,528.0,16.0,256.0,14.0,,,
neoverse-v2,count/wikileaks-noquotes/tuple_checkpoint2/cp64/point/shared/crossing15,1,5,"[131.11933469573594,131.29766168503573,131.12359129160345,132.96643477275666,132.8622325564319]",131.29766168503573,"[131.11580940874828,131.2942676589237,131.1196722233212,133.21080462750803,132.8583884942501]",131.2942676589237,,,528.0,2.0,256.0,14.0,,,
neoverse-v2,count/wikileaks-noquotes/tuple_checkpoint2/cp64/point/shared/last,1,5,"[185.97449553065036,185.9268318793472,187.3941015896709,184.67526628503742,185.64558689711177]",185.9268318793472,"[185.96868811194625,185.92166675545053,187.38880265418172,184.669271530332,185.83798105302725]",185.92166675545053,,,528.0,1.0,256.0,14.0,,,
neoverse-v2,count/wikileaks-noquotes/tuple_checkpoint2/cp64/point/shared/masked25,1,5,"[6771.596339113222,6775.447013494162,6775.755298642374,6760.762042402743,6777.076107900956]",6775.447013494162,"[6780.204238917429,6775.316955669665,6819.360308304085,6760.657996178741,6776.898843944499]",6776.898843944499,,,528.0,62.0,256.0,14.0,,,
neoverse-v2,count/wikileaks-noquotes/tuple_checkpoint2/cp64/point/shared/range37,1,5,"[2742.1214257739057,2743.226008614385,2743.606345475229,2735.5734430108587,2733.943595769662]",2742.1214257739057,"[2742.036036043193,2745.2781041784965,2744.665099895657,2735.48922835585,2733.8648648736375]",2742.036036043193,,,528.0,37.0,256.0,14.0,,,
neoverse-v2,count/wikileaks-noquotes/tuple_checkpoint2/cp64/point/shared/scan,1,5,"[26546.870722449275,26568.30418252913,26546.4144487013,26512.304182542564,26528.136882121496]",26546.4144487013,"[26546.091254798732,26595.307984802406,26545.806083685984,26511.703422009567,26527.40684420038]",26545.806083685984,,,528.0,256.0,256.0,14.0,,,
neoverse-v2,count/wikileaks-noquotes/tuple_checkpoint2/cp64/point/shared/sparse17,1,5,"[1651.854407938977,1692.300638145827,1662.565587331249,1657.4422122444287,1663.1205388782407]",1662.565587331249,"[1651.797211052395,1816.2181517338843,1667.1323564199276,1657.4443394021448,1663.0690144267899]",1663.0690144267899,,,528.0,16.0,256.0,14.0,,,
neoverse-v2,count/wikileaks-noquotes/tuple_folded2/cp16/buffered16/shared/crossing15,1,5,"[189.06063875698064,189.61593655561265,188.76286685364866,189.01969141114532,188.69073694425668]",189.01969141114532,"[189.27077039151132,191.40130017240173,188.7593871388827,189.01370306307442,188.68466767305011]",189.01370306307442,,,576.0,2.0,256.0,14.0,,,
neoverse-v2,count/wikileaks-noquotes/tuple_folded2/cp16/buffered16/shared/last,1,5,"[78.8001842033501,78.98483691260317,78.75048297248945,78.88199748403373,78.70575748042224]",78.8001842033501,"[78.79744361610793,79.09671803419666,78.74767499318335,78.91020082719,78.703117979999]",78.79744361610793,,,576.0,1.0,256.0,14.0,,,
neoverse-v2,count/wikileaks-noquotes/tuple_folded2/cp16/buffered16/shared/masked25,1,5,"[1909.2638472052777,1908.1140518436127,1906.852660299418,1906.8248294668574,1908.7429740758382]",1908.1140518436127,"[1909.2057298734424,1911.3151432538673,1906.795088668281,1906.7811732597559,1908.6810368429908]",1908.6810368429908,,,576.0,62.0,256.0,14.0,,,
neoverse-v2,count/wikileaks-noquotes/tuple_folded2/cp16/buffered16/shared/range37,1,5,"[650.5074766361279,649.6072897188046,649.5525233637815,650.3143925232758,649.2757009342125]",649.6072897188046,"[650.4845794363115,649.5917756994935,649.5336448621949,650.9453271041183,649.2576635505387]",649.5917756994935,,,576.0,37.0,256.0,14.0,,,
neoverse-v2,count/wikileaks-noquotes/tuple_folded2/cp16/buffered16/shared/scan,1,5,"[4228.809812230117,4229.225317988459,4230.747425809493,4226.649303451708,4231.569957603297]",4229.225317988459,"[4228.679588114893,4229.0854027847345,4230.62507571282,4226.523319197923,4231.4784978765]",4229.0854027847345,,,576.0,256.0,256.0,14.0,,,
neoverse-v2,count/wikileaks-noquotes/tuple_folded2/cp16/buffered16/shared/sparse17,1,5,"[1339.006544753829,1337.5074109731395,1338.084889318979,1337.6173243488563,1338.8525505295484]",1338.084889318979,"[1338.9649663068449,1337.4635226125858,1338.0446583236285,1337.5747834454075,1338.8078922060115]",1338.0446583236285,,,576.0,16.0,256.0,14.0,,,
neoverse-v2,count/wikileaks-noquotes/tuple_folded2/cp16/native16/shared/crossing15,1,5,"[61.655830602091896,61.20089353130294,61.11208221193437,61.055530389810556,61.0519154076039]",61.11208221193437,"[61.94525122766291,61.24261237978705,61.1508611117973,61.05384280603619,61.09005480183857]",61.1508611117973,,,576.0,2.0,256.0,14.0,,,
neoverse-v2,count/wikileaks-noquotes/tuple_folded2/cp16/native16/shared/last,1,5,"[15.143433792202845,15.15841058857125,15.213867612582703,15.227592733346663,15.204969455225706]",15.204969455225706,"[15.142953044841972,15.157966655208698,15.2133197337733,15.242840220738005,15.204499535547601]",15.204499535547601,,,576.0,1.0,256.0,14.0,,,
neoverse-v2,count/wikileaks-noquotes/tuple_folded2/cp16/native16/shared/masked25,1,5,"[1153.2959722668386,1150.916639154953,1154.0318586990736,1151.4042588307082,1151.013370749332]",1151.4042588307082,"[1154.8263453266184,1150.889237373438,1154.0046219867932,1151.3686034983111,1150.977220204539]",1151.3686034983111,,,576.0,62.0,256.0,14.0,,,
neoverse-v2,count/wikileaks-noquotes/tuple_folded2/cp16/native16/shared/range37,1,5,"[502.5862068968402,501.3595650307158,501.0294748886944,501.461439405028,501.1561739883569]",501.3595650307158,"[504.8186435850297,501.3456860784526,501.01545285799165,501.4472742877525,501.14250965985286]",501.3456860784526,,,576.0,37.0,256.0,14.0,,,
neoverse-v2,count/wikileaks-noquotes/tuple_folded2/cp16/native16/shared/scan,1,5,"[3457.2334823630713,3455.9508196738675,3457.562344760009,3456.3999006423383,3451.910581226595]",3456.3999006423383,"[3457.115250889776,3455.837555864982,3457.4550422387774,3456.298559380522,3451.8231495183127]",3456.298559380522,,,576.0,256.0,256.0,14.0,,,
neoverse-v2,count/wikileaks-noquotes/tuple_folded2/cp16/native16/shared/sparse17,1,5,"[339.74243086959154,339.870437867583,339.3972396365883,339.4832094090436,339.3124848131354]",339.4832094090436,"[340.12523691594475,339.86271079181756,339.3860135109559,339.47358701465777,339.3019876559375]",339.47358701465777,,,576.0,16.0,256.0,14.0,,,
neoverse-v2,count/wikileaks-noquotes/tuple_folded2/cp16/point/shared/crossing15,1,5,"[64.12391396975875,64.16853152028577,64.1788684907668,64.19104870237621,64.12647042475601]",64.16853152028577,"[64.12159834019123,64.16647524164681,64.1760341600003,64.1888349607487,64.12440488303858]",64.16647524164681,,,576.0,2.0,256.0,14.0,,,
neoverse-v2,count/wikileaks-noquotes/tuple_folded2/cp16/point/shared/last,1,5,"[28.84195804196929,28.72069518715442,28.670707527769434,28.63026737968285,28.630180995457053]",28.670707527769434,"[28.95583710403604,28.72010283845314,28.66992595636419,28.629424105225777,28.629127930904364]",28.66992595636419,,,576.0,1.0,256.0,14.0,,,
neoverse-v2,count/wikileaks-noquotes/tuple_folded2/cp16/point/shared/masked25,1,5,"[1599.0996547759407,1597.5799769847392,1597.0416570788648,1594.334177215339,1594.9058688131213]",1597.0416570788648,"[1599.052013816,1603.9017261247132,1599.0835443044361,1594.3084004615862,1594.8538550080184]",1599.052013816,,,576.0,62.0,256.0,14.0,,,
neoverse-v2,count/wikileaks-noquotes/tuple_folded2/cp16/point/shared/range37,1,5,"[793.2216541685917,794.9928425353085,794.0519200181499,795.2917518742057,792.7989093380088]",794.0519200181499,"[793.1943876408452,795.8565098832531,794.0360145424202,795.2684617121625,792.7735741900577]",794.0360145424202,,,576.0,37.0,256.0,14.0,,,
neoverse-v2,count/wikileaks-noquotes/tuple_folded2/cp16/point/shared/scan,1,5,"[5705.698785422936,5700.859109309,5692.741700406502,5686.878542507053,5684.629149798248]",5692.741700406502,"[5705.527125524225,5700.704453417128,5698.651821866837,5686.7441295577255,5684.448583019086]",5698.651821866837,,,576.0,256.0,256.0,14.0,,,
neoverse-v2,count/wikileaks-noquotes/tuple_folded2/cp16/point/shared/sparse17,1,5,"[357.4702639236818,356.9219970395454,358.4339169943974,357.19852978663806,357.4025728724218]",357.4025728724218,"[357.46005411193346,356.9125529642767,358.67246924416594,357.6033488203902,357.39420082691873]",357.46005411193346,,,576.0,16.0,256.0,14.0,,,
neoverse-v2,count/wikileaks-noquotes/tuple_folded2/cp64/buffered16/shared/crossing15,1,5,"[189.92463728825555,189.68002711856462,189.75823728797585,189.95346440687618,189.70028474572152]",189.75823728797585,"[189.91802033855555,189.67416949096133,189.75227118617266,189.9470644075028,189.69434576150488]",189.75227118617266,,,528.0,2.0,256.0,14.0,,,
neoverse-v2,count/wikileaks-noquotes/tuple_folded2/cp64/buffered16/shared/last,1,5,"[129.06753515146974,128.7484407867968,128.84206738753866,129.243717016776,129.04629663812497]",129.04629663812497,"[129.19190316249006,128.74521164762464,128.94672841986943,129.23958371780705,129.0419972692943]",129.0419972692943,,,528.0,1.0,256.0,14.0,,,
neoverse-v2,count/wikileaks-noquotes/tuple_folded2/cp64/buffered16/shared/masked25,1,5,"[1907.8855191288396,1906.8000000016727,1907.3183060137471,1908.7161202205707,1910.596174862714]",1907.8855191288396,"[1907.8215847031443,1906.7344262374036,1907.2765027383946,1908.650273223499,1917.03251366599]",1907.8215847031443,,,528.0,62.0,256.0,14.0,,,
neoverse-v2,count/wikileaks-noquotes/tuple_folded2/cp64/buffered16/shared/range37,1,5,"[652.1589169005128,651.3056956110627,652.3223155929107,652.9258636783283,652.4718954246144]",652.3223155929107,"[652.1372549032417,651.2854341764535,653.0816059735375,686.5924369751145,652.4782446301622]",652.4782446301622,,,528.0,37.0,256.0,14.0,,,
neoverse-v2,count/wikileaks-noquotes/tuple_folded2/cp64/buffered16/shared/scan,1,5,"[4276.208384703933,4234.092478417718,4220.203452522309,4224.461775588716,4218.169543776816]",4224.461775588716,"[4276.068434042652,4233.938964222802,4220.067200967538,4228.957459915513,4218.054870520037]",4228.957459915513,,,528.0,256.0,256.0,14.0,,,
neoverse-v2,count/wikileaks-noquotes/tuple_folded2/cp64/buffered16/shared/sparse17,1,5,"[1336.649246612456,1336.202555788935,1335.4625214558446,1336.814609956217,1335.2965859239305]",1336.202555788935,"[1336.6053785983966,1336.1640282319663,1335.420560742855,1336.7715048615014,1336.668891854678]",1336.6053785983966,,,528.0,16.0,256.0,14.0,,,
neoverse-v2,count/wikileaks-noquotes/tuple_folded2/cp64/native16/shared/crossing15,1,5,"[60.976988994706076,61.244743137923265,61.4083779198697,61.03004045410027,60.96641002226773]",61.03004045410027,"[60.97539692883467,61.30663360702103,62.71533342053388,61.02906607509243,60.96427856825763]",61.02906607509243,,,528.0,2.0,256.0,14.0,,,
neoverse-v2,count/wikileaks-noquotes/tuple_folded2/cp64/native16/shared/last,1,5,"[77.92704640010236,77.97318302073643,78.5268444220951,78.68605582937886,78.29451475868697]",78.29451475868697,"[77.92505955073949,77.97081197365719,78.72880053571424,78.68322374591352,78.29206687231404]",78.29206687231404,,,528.0,1.0,256.0,14.0,,,
neoverse-v2,count/wikileaks-noquotes/tuple_folded2/cp64/native16/shared/masked25,1,5,"[1145.821994714248,1146.2153236451,1147.25033025128,1145.8152245724837,1148.606175695124]",1146.2153236451,"[1145.7848414741275,1146.9222258912184,1147.2166446521292,1145.7859973591437,1148.5749669733289]",1146.9222258912184,,,528.0,62.0,256.0,14.0,,,
neoverse-v2,count/wikileaks-noquotes/tuple_folded2/cp64/native16/shared/range37,1,5,"[501.2382151854234,501.2106513125248,501.0179920837761,501.32803166644425,502.36034544890754]",501.2382151854234,"[501.22079885075016,501.19359481776127,501.0058294361248,501.3145016164999,502.885786251638]",501.22079885075016,,,528.0,37.0,256.0,14.0,,,
neoverse-v2,count/wikileaks-noquotes/tuple_folded2/cp64/native16/shared/scan,1,5,"[3465.4836309524203,3461.136904763557,3458.926091270083,3462.682539685196,3466.8740079370405]",3462.682539685196,"[3465.3933531847956,3461.039682547389,3458.8219246053714,3462.590773823972,3484.152281732885]",3462.590773823972,,,528.0,256.0,256.0,14.0,,,
neoverse-v2,count/wikileaks-noquotes/tuple_folded2/cp64/native16/shared/sparse17,1,5,"[339.3985254165437,339.412155607298,338.90483119931554,339.19843810622234,339.15827512613623]",339.19843810622234,"[339.3801901438653,339.4025029118052,338.8938203352975,339.1879122999792,339.1477493226504]",339.1879122999792,,,528.0,16.0,256.0,14.0,,,
neoverse-v2,count/wikileaks-noquotes/tuple_folded2/cp64/point/shared/crossing15,1,5,"[84.63041149631393,84.57158159521846,84.42451887784411,85.02032808991403,85.05720509832355]",84.63041149631393,"[84.62758313617277,84.56878934159799,84.4216544103271,85.01736733811379,85.14792927906812]",84.62758313617277,,,528.0,2.0,256.0,14.0,,,
neoverse-v2,count/wikileaks-noquotes/tuple_folded2/cp64/point/shared/last,1,5,"[90.54442530154178,90.59771752782297,90.15435832996803,89.61139681595763,90.19897146261232]",90.19897146261232,"[90.54139409569125,90.59469927552259,90.15146961685126,89.60902625736612,90.19629001090065]",90.19629001090065,,,528.0,1.0,256.0,14.0,,,
neoverse-v2,count/wikileaks-noquotes/tuple_folded2/cp64/point/shared/masked25,1,5,"[3511.37575452885,3520.7409456750183,3511.8722333984915,3518.7349094561455,3521.254527165343]",3518.7349094561455,"[3511.2630784488924,3520.5809859139545,3516.1227364144465,3518.648893347088,3521.1262575531073]",3518.648893347088,,,528.0,62.0,256.0,14.0,,,
neoverse-v2,count/wikileaks-noquotes/tuple_folded2/cp64/point/shared/range37,1,5,"[1509.8190250240627,1516.138697152399,1504.2756686781643,1507.6537963757833,1501.7512942177632]",1507.6537963757833,"[1509.7707075049657,1517.5737704883759,1504.246333053831,1508.3026315801185,1501.7139775646879]",1508.3026315801185,,,528.0,37.0,256.0,14.0,,,
neoverse-v2,count/wikileaks-noquotes/tuple_folded2/cp64/point/shared/scan,1,5,"[14185.41666666667,13985.966269840465,13925.837301566875,13916.682539680038,13931.750000017655]",13931.750000017655,"[15601.297619014978,14024.11309519331,13925.531746056527,13916.755952278789,13931.301587211648]",13931.301587211648,,,528.0,256.0,256.0,14.0,,,
neoverse-v2,count/wikileaks-noquotes/tuple_folded2/cp64/point/shared/sparse17,1,5,"[878.2854079951778,876.8239374449877,875.6302181877192,879.4919914239111,880.1392357167979]",878.2854079951778,"[878.2564005508424,876.7972001510881,875.6015891008934,881.3223609584142,880.121579013888]",878.2564005508424,,,528.0,16.0,256.0,14.0,,,
neoverse-v2,metadata_update/direct4,1,5,"[10.192035690389863,10.175964298010868,10.166811467038444,10.171982288018112,10.175860041760927]",10.175860041760927,"[10.202225292031862,10.175606641087986,10.166416162069318,10.171623183148062,10.175503832929257]",10.175503832929257,,,,,,,4.0,,
neoverse-v2,metadata_update/direct8,1,5,"[10.12276535017586,10.1090911459284,10.105348396950331,10.10404871073317,10.107221218746396]",10.107221218746396,"[10.125303935529818,10.108693135127428,10.104976437758172,10.103682540727993,10.106859390734295]",10.106859390734295,,,,,,,8.0,,
neoverse-v2,metadata_update/series_folded_local,1,5,"[11.922269611561493,11.89966658203962,11.903120927477373,11.91528645174257,11.922024202426977]",11.91528645174257,"[11.921831260003776,11.899260387636616,11.902689345924182,11.914849792667946,11.933245324517593]",11.914849792667946,,,,,,,7.0,,
neoverse-v2,metadata_update/series_folded_scan,1,5,"[17.724449473622638,17.724202817473103,17.726259980671585,17.708472766088914,17.74678075574891]",17.724449473622638,"[17.72378070493125,17.754676295571056,17.725611554613106,17.707737883352728,17.836146569736638]",17.725611554613106,,,,,,,2.500005085693943,,
neoverse-v2,metadata_update/series_local,1,5,"[17.513416135596877,17.5831669482208,17.53549478690465,17.575845164910778,17.536126756481465]",17.536126756481465,"[17.512917609821187,17.582582817047193,17.53488799531238,17.575198088507452,17.543456093168963]",17.543456093168963,,,,,,,8.0,,
neoverse-v2,metadata_update/series_scan,1,5,"[21.75617163190219,21.723147578854668,21.73046969613044,21.730022543938144,21.719129419505506]",21.730022543938144,"[21.77567864656154,21.722290537200568,21.72969960056802,21.729233817010474,21.718328271947154]",21.729233817010474,,,,,,,3.5,,
neoverse-v2,metadata_update/tuple_absolute6,1,5,"[15.667639878764982,15.719162739559387,15.68760115890959,15.738761859606216,15.660716361600374]",15.68760115890959,"[15.667098874166626,15.718577023835888,15.703229931424884,15.890895921503335,15.660356437066792]",15.703229931424884,,,,,,,6.0,,
neoverse-v2,metadata_update/tuple_checkpoint2,1,5,"[11.421784391233576,11.402461612968413,11.42843585146724,11.396981726073617,11.439933959924852]",11.421784391233576,"[11.426266150072934,11.40204272647957,11.428103687457343,11.410201196439024,11.439593614600348]",11.426266150072934,,,,,,,2.0,,
neoverse-v2,metadata_update/tuple_folded2,1,5,"[10.56738234216311,10.556297348622412,10.565322553777833,10.55911592670386,10.547771945069973]",10.55911592670386,"[10.566958268026816,10.555888420065548,10.57463703803464,10.558769094719183,10.547379676497668]",10.558769094719183,,,,,,,2.0,,
neoverse-v2,pair_mutation/random/native_admitted,1,5,"[245.85593428581856,245.7447256643383,245.97711236704328,245.99041668129365,245.8654825007888]",245.8654825007888,"[245.84838698372653,245.73679222107393,245.9686874715203,246.21293923548868,245.85990100762223]",245.85990100762223,,,,,,,,2.0,62.0625
neoverse-v2,pair_mutation/random/native_checked,1,5,"[258.56850073855105,258.6576809453449,258.71687592319097,258.67828655835103,258.8133308714948]",258.67828655835103,"[258.5590472665478,258.6496676515334,258.7115952734019,258.67012555390045,259.0739290991711]",258.67012555390045,,,,,,,,2.0,62.0625
neoverse-v2,pair_mutation/random/ordinary,1,5,"[253.82260764271558,248.99334021867045,248.74439972933934,249.23843441717736,249.1173118700756]",249.1173118700756,"[278.7181167419658,248.98732148557258,248.7389864314878,249.23277182168147,249.2957014137165]",249.23277182168147,,,,,,,,2.0,62.0625
neoverse-v2,pair_mutation/runs/native_admitted,1,5,"[243.25678069109836,243.03736759853777,242.94811599235106,243.17256468136193,242.97548185449247]",243.03736759853777,"[243.35818718515858,243.03007466611282,242.94033686389545,243.40256989095377,242.9704115294101]",243.03007466611282,,,,,,,,2.0,39.75
neoverse-v2,pair_mutation/runs/native_checked,1,5,"[256.02943533697743,255.23941712204245,255.12958105646481,255.37908925318723,255.21205828779964]",255.23941712204245,"[257.5963934426799,255.23489981781898,255.12287796007476,255.63227686726333,255.20211293244876]",255.23489981781898,,,,,,,,2.0,39.75
neoverse-v2,pair_mutation/runs/ordinary,1,5,"[246.77080909572123,246.7368940595815,246.70971267406884,247.16619072800705,246.8356072624752]",246.77080909572123,"[246.76428697313736,246.7293142966561,246.70185087227813,247.41463070769117,246.82608848881787]",246.76428697313736,,,,,,,,2.0,39.75
neoverse-v2,pair_mutation/terminal/native_admitted,1,5,"[204.8559547086132,204.03866693903987,204.10686666471594,204.18881139288226,204.0549216447305]",204.10686666471594,"[207.14095193596137,204.0323051332388,204.09992120690472,204.41147459694395,204.0502232473216]",204.09992120690472,,,,,,,,2.0,38.5
neoverse-v2,pair_mutation/terminal/native_checked,1,5,"[213.44077663984612,213.4351682516443,213.46253962447088,213.7446659351475,213.55748597902354]",213.46253962447088,"[213.4341014388949,213.42861497129238,213.45674835388118,213.92739575658658,213.55114606231248]",213.45674835388118,,,,,,,,2.0,38.5
neoverse-v2,pair_mutation/terminal/ordinary,1,5,"[211.60973467408823,211.7447904046536,211.7672946450277,212.34695299249145,211.81415071480168]",211.7672946450277,"[211.60264720121867,211.7390659073969,211.76175187723757,212.53513447968427,211.81006178803028]",211.76175187723757,,,,,,,,2.0,38.5
