input,case,threads,repetitions,cpu_ns,median_cpu_ns,real_ns,median_real_ns,ns_per_item,median_ns_per_item,counter:items_per_iteration,counter:physical_bytes,counter:drawn_bytes,counter:hull_bytes,counter:window_bytes,counter:stride
density-crossover-avx2,cross/2/unit12/draw2/stride12/compact/sum/packet,1,3,"[1729.1965195773776,1732.2144188937227,1731.5022995649476]",1731.5022995649476,"[1729.2026103166118,1732.6769422006346,1731.5071472977731]",1731.5071472977731,"[1.6886684761497825,1.6916156434509013,1.6909202144188942]",1.6909202144188942,1024.0,12.0,2.0,2.0,14.0,12.0
density-crossover-avx2,cross/2/unit12/draw2/stride12/compact/sum/point,1,3,"[2112.5574314139285,2112.910009044318,2112.580042206814]",2112.580042206814,"[2113.700030147639,2113.407446488667,2112.586071752511]",2113.407446488667,"[2.0630443666151645,2.063388680707342,2.063066447467592]",2.063066447467592,1024.0,12.0,2.0,2.0,14.0,12.0
density-crossover-avx2,cross/2/unit12/draw2/stride12/compact/sum/window,1,3,"[1689.4721853505491,1687.9443707010967,1687.4425003016756]",1687.9443707010967,"[1689.8642452027993,1687.9505249195827,1687.4473271385914]",1687.9505249195827,"[1.6498751810063954,1.6483831745127897,1.6478930667008551]",1.6483831745127897,1024.0,12.0,2.0,2.0,14.0,12.0
density-crossover-avx2,cross/2/unit12/draw2/stride12/compact/update/packet,1,3,"[3568.901140684406,3539.4844106463884,3540.419518377694]",3540.419518377694,"[3568.9115335894894,3552.675538656761,3540.432446134714]",3552.675538656761,"[3.485255020199615,3.456527744771864,3.4574409359157166]",3.4574409359157166,1024.0,12.0,2.0,2.0,14.0,12.0
density-crossover-avx2,cross/2/unit12/draw2/stride12/compact/update/point,1,3,"[3548.3134820070977,3546.225544855546,3546.504054738974]",3546.504054738974,"[3548.323872275796,3547.6497719228523,3546.5141915871122]",3547.6497719228523,"[3.4651498847725564,3.4631108836479947,3.4633828659560293]",3.4633828659560293,1024.0,12.0,2.0,2.0,14.0,12.0
density-crossover-avx2,cross/2/unit12/draw2/stride12/compact/update/window,1,3,"[3566.4983439490434,3588.487898089172,3560.1671337579623]",3566.4983439490434,"[3566.5085350345203,3589.086878983476,3560.1798726118686]",3566.5085350345203,"[3.4829085390127372,3.5043827129777076,3.47672571656051]",3.4829085390127372,1024.0,12.0,2.0,2.0,14.0,12.0
density-crossover-avx2,cross/2/unit12/draw2/stride12/spread/sum/packet,1,3,"[2247.1617717862314,2247.4506499759186,2265.4832290162108]",2247.4506499759186,"[2251.4020221474625,2255.268175252356,2265.4896485318636]",2255.268175252356,"[2.1944939177599916,2.194776025367108,2.2123859658361433]",2.194776025367108,1024.0,12.0,2.0,12.0,24.0,12.0
density-crossover-avx2,cross/2/unit12/draw2/stride12/spread/sum/point,1,3,"[2112.5769230769247,2181.828959276019,2113.6930618401207]",2113.6930618401207,"[2112.5859728517053,2181.8366515830667,2114.2211161384394]",2114.2211161384394,"[2.0630634014423093,2.1306923430429876,2.064153380703243]",2.064153380703243,1024.0,12.0,2.0,12.0,24.0,12.0
density-crossover-avx2,cross/2/unit12/draw2/stride12/spread/sum/window,1,3,"[1948.1509771538713,1899.9856867602564,1916.1127167630043]",1916.1127167630043,"[1951.8520506478912,1899.9910542252542,1916.4856867609494]",1916.4856867609494,"[1.9024911886268272,1.8554547722268129,1.8712038249638714]",1.8712038249638714,1024.0,12.0,2.0,12.0,24.0,12.0
density-crossover-avx2,cross/2/unit12/draw2/stride12/spread/update/packet,1,3,"[4274.559228650133,4239.466176920728,4241.584022038572]",4241.584022038572,"[4275.318640954048,4239.478114479362,4241.596265685337]",4241.596265685337,"[4.174374246728646,4.140103688399148,4.142171896522042]",4.142171896522042,1024.0,12.0,2.0,12.0,24.0,12.0
density-crossover-avx2,cross/2/unit12/draw2/stride12/spread/update/point,1,3,"[4585.658927403535,4574.7567037279405,4577.097776324384]",4577.097776324384,"[4585.672334859553,4574.772727273758,4592.729234792507]",4585.672334859553,"[4.478182546292514,4.467535843484317,4.469822047191782]",4.469822047191782,1024.0,12.0,2.0,12.0,24.0,12.0
density-crossover-avx2,cross/2/unit12/draw2/stride12/spread/update/window,1,3,"[4550.423015107693,4372.814207650277,4533.450658952101]",4533.450658952101,"[4550.435872709065,4372.829958211995,4533.978142079923]",4533.978142079923,"[4.443772475691106,4.270326374658474,4.427197909132911]",4.427197909132911,1024.0,12.0,2.0,12.0,24.0,12.0
density-crossover-avx2,cross/2/unit12/draw2/stride13/compact/sum/packet,1,3,"[1731.4791379526346,1730.3503320385882,1730.6170905901572]",1730.6170905901572,"[1731.7522866807342,1732.9852148857394,1730.6221024923677]",1731.7522866807342,"[1.6908975956568697,1.6897952461314336,1.6900557525294506]",1.6900557525294506,1024.0,12.0,2.0,2.0,15.0,13.0
density-crossover-avx2,cross/2/unit12/draw2/stride13/compact/sum/point,1,3,"[2111.1883948756545,2112.9278070836594,2112.253956292383]",2112.253956292383,"[2111.749208742389,2112.935342878088,2112.261492087297]",2112.261492087297,"[2.0617074168707563,2.063406061605136,2.0627480041917803]",2.0627480041917803,1024.0,12.0,2.0,2.0,15.0,13.0
density-crossover-avx2,cross/2/unit12/draw2/stride13/compact/sum/window,1,3,"[1744.8838806342858,1745.6955924584827,1744.8089649144683]",1744.8838806342858,"[1744.891372207927,1745.9016106876095,1744.8153327509024]",1744.891372207927,"[1.7039881646819197,1.704780852010237,1.7039150047992855]",1.7039881646819197,1024.0,12.0,2.0,2.0,15.0,13.0
density-crossover-avx2,cross/2/unit12/draw2/stride13/compact/update/packet,1,3,"[3596.328929986786,3592.249669749011,3587.562747688219]",3592.249669749011,"[3596.3421400275092,3592.7381770130955,3587.573051520247]",3592.7381770130955,"[3.5120399706902212,3.5080563181142685,3.503479245789276]",3.5080563181142685,1024.0,12.0,2.0,2.0,15.0,13.0
density-crossover-avx2,cross/2/unit12/draw2/stride13/compact/update/point,1,3,"[3549.4666835571225,3550.211806435252,3547.2599442614774]",3549.4666835571225,"[3549.476817836063,3552.2057258691443,3547.2703318975314]",3549.476817836063,"[3.4662760581612524,3.467003717221926,3.464121039317849]",3.4662760581612524,1024.0,12.0,2.0,2.0,15.0,13.0
density-crossover-avx2,cross/2/unit12/draw2/stride13/compact/update/window,1,3,"[4012.776183644197,4003.235294117627,4003.663127690086]",4003.663127690086,"[4016.164992826868,4003.249928263204,4004.245337160295]",4004.245337160295,"[3.918726741840036,3.909409466911745,3.9098272731348493]",3.9098272731348493,1024.0,12.0,2.0,2.0,15.0,13.0
density-crossover-avx2,cross/2/unit12/draw2/stride13/spread/sum/packet,1,3,"[2244.257258064502,2246.704032258061,2239.9138709677445]",2244.257258064502,"[2244.265322580242,2251.499354838049,2240.4185483881542]",2244.265322580242,"[2.191657478578615,2.1940469065020127,2.187415889616938]",2.191657478578615,1024.0,12.0,2.0,12.0,25.0,13.0
density-crossover-avx2,cross/2/unit12/draw2/stride13/spread/sum/point,1,3,"[2113.3707949917057,2112.536732538838,2167.407602956712]",2113.3707949917057,"[2113.689244229922,2112.5441243024443,2167.6537939348605]",2113.689244229922,"[2.0638386669840876,2.063024152869959,2.116608987262414]",2.0638386669840876,1024.0,12.0,2.0,12.0,25.0,13.0
density-crossover-avx2,cross/2/unit12/draw2/stride13/spread/sum/window,1,3,"[1984.0276996625332,1980.6729471315975,1973.2838863892043]",1980.6729471315975,"[1984.033464565446,1980.6813835779585,1973.2895106853994]",1980.6813835779585,"[1.9375270504516926,1.9342509249332007,1.9270350453019574]",1.9342509249332007,1024.0,12.0,2.0,12.0,25.0,13.0
density-crossover-avx2,cross/2/unit12/draw2/stride13/spread/update/packet,1,3,"[4252.185701302635,4264.30960315056,4255.599818236899]",4255.599818236899,"[4252.198121784525,4264.32172069399,4270.574371402335]",4264.32172069399,"[4.152525098928354,4.164364846826719,4.155859197496972]",4.155859197496972,1024.0,12.0,2.0,12.0,25.0,13.0
density-crossover-avx2,cross/2/unit12/draw2/stride13/spread/update/point,1,3,"[4578.546762589908,4591.054610856728,4575.927076520645]",4578.546762589908,"[4579.674623937208,4591.071288426887,4575.940483975356]",4579.674623937208,"[4.471237072841707,4.483451768414772,4.468678785664691]",4.471237072841707,1024.0,12.0,2.0,12.0,25.0,13.0
density-crossover-avx2,cross/2/unit12/draw2/stride13/spread/update/window,1,3,"[4558.03919007186,4566.856629653806,4556.9415414761415]",4558.03919007186,"[4558.610385369612,4568.016329196893,4556.957870671195]",4558.610385369612,"[4.45121014655455,4.4598209273962945,4.4501382240977945]",4.45121014655455,1024.0,12.0,2.0,12.0,25.0,13.0
density-crossover-avx2,cross/2/unit12/draw2/stride64/compact/sum/packet,1,3,"[1750.6215978928903,1747.902295246459,1753.0659726577267]",1750.6215978928903,"[1750.8837325986267,1747.9073121798556,1753.0711150134623]",1750.8837325986267,"[1.7095914041922757,1.7069358352016204,1.711978488923561]",1.7095914041922757,1024.0,12.0,2.0,2.0,66.0,64.0
density-crossover-avx2,cross/2/unit12/draw2/stride64/compact/sum/point,1,3,"[2123.8755501593823,2185.8316891789323,2124.2413112763634]",2124.2413112763634,"[2123.881469115202,2186.129458187991,2124.248899682043]",2124.248899682043,"[2.074097216952522,2.1346012589638015,2.074454405543323]",2.074454405543323,1024.0,12.0,2.0,2.0,66.0,64.0
density-crossover-avx2,cross/2/unit12/draw2/stride64/compact/update/packet,1,3,"[3603.335740072163,3579.049767921592,3578.8176895307047]",3579.049767921592,"[3608.325425476861,3580.0167612153505,3578.828261988633]",3580.0167612153505,"[3.5188825586642216,3.495165788985929,3.4949391499323283]",3.495165788985929,1024.0,12.0,2.0,2.0,66.0,64.0
density-crossover-avx2,cross/2/unit12/draw2/stride64/compact/update/point,1,3,"[3567.9589495155537,3568.0586435491928,3567.951300356951]",3567.9589495155537,"[3567.9694033667215,3568.779959202895,3567.961754209308]",3567.9694033667215,"[3.4843349116362825,3.4844322690910086,3.4843274417548353]",3.4843349116362825,1024.0,12.0,2.0,2.0,66.0,64.0
density-crossover-avx2,cross/2/unit12/draw2/stride64/spread/sum/packet,1,3,"[2261.7289039767174,2277.30617523443,2267.9574846427527]",2267.9574846427527,"[2261.7339152932936,2283.5622373100405,2306.8310701591495]",2283.5622373100405,"[2.208719632789763,2.223931811752373,2.214802231096438]",2.214802231096438,1024.0,12.0,2.0,12.0,76.0,64.0
density-crossover-avx2,cross/2/unit12/draw2/stride64/spread/sum/point,1,3,"[2129.7021534728715,2124.210646041864,2125.2161055504926]",2125.2161055504926,"[2150.43918713918,2124.2153472852015,2126.899454048494]",2126.899454048494,"[2.079787259250851,2.074424459025258,2.075406353076653]",2.075406353076653,1024.0,12.0,2.0,12.0,76.0,64.0
density-crossover-avx2,cross/2/unit12/draw2/stride64/spread/update/packet,1,3,"[4243.510747805085,4251.72419013018,4242.120799273397]",4243.510747805085,"[4243.525885556399,4251.736603089797,4252.623675446364]",4251.736603089797,"[4.144053464653403,4.152074404424004,4.142696093040427]",4.144053464653403,1024.0,12.0,2.0,12.0,76.0,64.0
density-crossover-avx2,cross/2/unit12/draw2/stride64/spread/update/point,1,3,"[4587.063092513848,4580.6064073226225,4581.169009480212]",4581.169009480212,"[4587.07943772148,4586.373324614589,4582.640078453433]",4586.373324614589,"[4.479553801283054,4.473248444650999,4.473797860820519]",4.473797860820519,1024.0,12.0,2.0,12.0,76.0,64.0
density-crossover-avx2,cross/2/unit12/draw4/stride12/compact/sum/packet,1,3,"[1848.701233919652,1834.0279600945041,1840.2278813336939]",1840.2278813336939,"[1848.7077973214095,1834.0345234979814,1845.8868469414374]",1845.8868469414374,"[1.8053722987496603,1.791042929779789,1.7970975403649354]",1.7970975403649354,1024.0,12.0,4.0,4.0,16.0,12.0
density-crossover-avx2,cross/2/unit12/draw4/stride12/compact/sum/point,1,3,"[2715.3327512611863,2712.96779200624,2714.4848661234128]",2714.4848661234128,"[2716.0139697322898,2712.97749321025,2714.496507564813]",2714.496507564813,"[2.6516921399035023,2.6493826093810933,2.6508641270736453]",2.6508641270736453,1024.0,12.0,4.0,4.0,16.0,12.0
density-crossover-avx2,cross/2/unit12/draw4/stride12/compact/sum/window,1,3,"[1434.1663246460096,1434.2402011081317,1433.657500513012]",1434.1663246460096,"[1434.3387030577571,1434.6466242557933,1434.0206238457008]",1434.3387030577571,"[1.4005530514121187,1.4006251963946599,1.4000561528447384]",1.4005530514121187,1024.0,12.0,4.0,4.0,16.0,12.0
density-crossover-avx2,cross/2/unit12/draw4/stride12/compact/update/packet,1,3,"[4231.340284073729,4231.137805983694,4229.923239649414]",4231.137805983694,"[4231.944998487325,4238.6690843140605,4229.935025688132]",4231.944998487325,"[4.132168246165751,4.1319705136559515,4.130784413720131]",4.1319705136559515,1024.0,12.0,4.0,4.0,16.0,12.0
density-crossover-avx2,cross/2/unit12/draw4/stride12/compact/update/point,1,3,"[5190.601042054395,5176.288053591346,5176.004838109349]",5176.288053591346,"[5191.375511720894,5176.306289542656,5176.020096758757]",5176.306289542656,"[5.068946330131245,5.054968802335299,5.054692224716161]",5.054968802335299,1024.0,12.0,4.0,4.0,16.0,12.0
density-crossover-avx2,cross/2/unit12/draw4/stride12/compact/update/window,1,3,"[3774.538959288247,3775.0566190347763,3774.493394445973]",3774.538959288247,"[3774.549743869408,3775.507144780063,3774.509571311877]",3774.549743869408,"[3.6860732024299288,3.6865787295261487,3.6860287055136456]",3.6860732024299288,1024.0,12.0,4.0,4.0,16.0,12.0
density-crossover-avx2,cross/2/unit12/draw4/stride12/spread/sum/packet,1,3,"[2639.3532016977397,2609.748293042983,2582.565971581471]",2609.748293042983,"[2639.3627975639056,2610.3849418708755,2582.575382913163]",2610.3849418708755,"[2.5774933610329493,2.548582317424788,2.52203708162253]",2.548582317424788,1024.0,12.0,4.0,12.0,24.0,12.0
density-crossover-avx2,cross/2/unit12/draw4/stride12/spread/sum/point,1,3,"[2714.563555210553,2715.403648360222,2714.282165728684]",2714.563555210553,"[2714.5750048495556,2715.7434504160906,2714.289928195723]",2714.5750048495556,"[2.650940971885306,2.65176137535178,2.6506661774694185]",2.650940971885306,1024.0,12.0,4.0,12.0,24.0,12.0
density-crossover-avx2,cross/2/unit12/draw4/stride12/spread/sum/window,1,3,"[2031.1319878031327,2032.6883984318283,2033.054450413836]",2032.6883984318283,"[2031.139102655602,2036.1167416874032,2033.2737040803147]",2033.2737040803147,"[1.9835273318389968,1.9850472640935823,1.9854047367322618]",1.9850472640935823,1024.0,12.0,4.0,12.0,24.0,12.0
density-crossover-avx2,cross/2/unit12/draw4/stride12/spread/update/packet,1,3,"[5397.519305019228,5409.921235521178,5396.3069498069535]",5397.519305019228,"[5398.149034747822,5409.936679536871,5396.916988419457]",5398.149034747822,"[5.27101494630784,5.283126206563651,5.269831005670853]",5.27101494630784,1024.0,12.0,4.0,12.0,24.0,12.0
density-crossover-avx2,cross/2/unit12/draw4/stride12/spread/update/point,1,3,"[7884.991554054123,7885.335022522505,7886.748873873815]",7885.335022522505,"[7885.020270268715,7885.3581081105,7887.767454954657]",7885.3581081105,"[7.70018706450598,7.700522482932134,7.701903197142397]",7.700522482932134,1024.0,12.0,4.0,12.0,24.0,12.0
density-crossover-avx2,cross/2/unit12/draw4/stride12/spread/update/window,1,3,"[5190.639448172943,5199.185682326563,5185.576062639733]",5190.639448172943,"[5190.658090976874,5209.722595080684,5186.437360179444]",5190.658090976874,"[5.06898383610639,5.077329767897035,5.0640391236716145]",5.06898383610639,1024.0,12.0,4.0,12.0,24.0,12.0
density-crossover-avx2,cross/2/unit12/draw4/stride13/compact/sum/packet,1,3,"[1848.9948521647455,1854.035902851097,1854.6297518479425]",1854.035902851097,"[1849.001583950237,1856.2745512130537,1854.910902849988]",1854.910902849988,"[1.8056590353171342,1.8105819363780244,1.8111618670390062]",1.8105819363780244,1024.0,12.0,4.0,4.0,17.0,13.0
density-crossover-avx2,cross/2/unit12/draw4/stride13/compact/sum/point,1,3,"[2724.320139697291,2716.0758634070567,2716.089445091189]",2716.089445091189,"[2724.3279006596895,2716.70857586302,2716.0974000776628]",2716.70857586302,"[2.6604688864231356,2.6524178353584538,2.6524310987218644]",2.6524310987218644,1024.0,12.0,4.0,4.0,17.0,13.0
density-crossover-avx2,cross/2/unit12/draw4/stride13/compact/sum/window,1,3,"[1940.2201682990692,1934.9517174782331,1935.8952959028672]",1935.8952959028672,"[1940.4795144159755,1934.9573734298983,1935.9008139055618]",1935.9008139055618,"[1.8947462581045598,1.8896012865998368,1.8905227499051438]",1.8905227499051438,1024.0,12.0,4.0,4.0,17.0,13.0
density-crossover-avx2,cross/2/unit12/draw4/stride13/compact/update/packet,1,3,"[4299.060971835409,4299.57443515947,4288.723305478093]",4299.060971835409,"[4299.596409779675,4299.593005261768,4288.741875579978]",4299.593005261768,"[4.198301730308017,4.19880315933542,4.18820635300595]",4.198301730308017,1024.0,12.0,4.0,4.0,17.0,13.0
density-crossover-avx2,cross/2/unit12/draw4/stride13/compact/update/point,1,3,"[5201.205555555485,5181.905555555508,5182.813333333394]",5182.813333333394,"[5201.865185184757,5181.92814814816,5187.101851849666]",5187.101851849666,"[5.079302300347154,5.060454644097176,5.061341145833393]",5.061341145833393,1024.0,12.0,4.0,4.0,17.0,13.0
density-crossover-avx2,cross/2/unit12/draw4/stride13/compact/update/window,1,3,"[4396.263225392701,4405.384738698342,4412.156460404039]",4405.384738698342,"[4397.048733566473,4405.397563317839,4412.168643795593]",4405.397563317839,"[4.29322580604756,4.302133533885099,4.308746543363319]",4.302133533885099,1024.0,12.0,4.0,4.0,17.0,13.0
density-crossover-avx2,cross/2/unit12/draw4/stride13/spread/sum/packet,1,3,"[2594.786857781059,2609.3047282204307,2611.0882352940703]",2609.3047282204307,"[2600.306403576244,2609.6770290385525,2611.0975428141596]",2609.6770290385525,"[2.5339715408018155,2.5481491486527643,2.549890854779366]",2.5481491486527643,1024.0,12.0,4.0,12.0,25.0,13.0
density-crossover-avx2,cross/2/unit12/draw4/stride13/spread/sum/point,1,3,"[2717.098825831693,2723.738943248509,2717.363013698666]",2717.363013698666,"[2717.1107632089806,2724.1379647754397,2717.374755381482]",2717.374755381482,"[2.653416822101262,2.659901311766122,2.6536748180651033]",2.6536748180651033,1024.0,12.0,4.0,12.0,25.0,13.0
density-crossover-avx2,cross/2/unit12/draw4/stride13/spread/sum/window,1,3,"[2070.0405067020374,2069.280600972102,2065.6613639711404]",2069.280600972102,"[2070.0465458829767,2069.519222269485,2065.6688761229875]",2069.519222269485,"[2.0215239323262084,2.0207818368868184,2.017247425753067]",2.0207818368868184,1024.0,12.0,4.0,12.0,25.0,13.0
density-crossover-avx2,cross/2/unit12/draw4/stride13/spread/update/packet,1,3,"[5405.292796282039,5407.933772269555,5417.860573199142]",5407.933772269555,"[5405.312161112803,5416.749031758101,5418.247482575699]",5416.749031758101,"[5.278606246369177,5.281185324481988,5.290879466014787]",5.281185324481988,1024.0,12.0,4.0,12.0,25.0,13.0
density-crossover-avx2,cross/2/unit12/draw4/stride13/spread/update/point,1,3,"[7890.791103603434,7889.907657657655,7885.520833333187]",7889.907657657655,"[7890.819819826026,7908.11711711422,7885.548986486669]",7890.819819826026,"[7.705850687112728,7.704987946931304,7.700703938801939]",7.704987946931304,1024.0,12.0,4.0,12.0,25.0,13.0
density-crossover-avx2,cross/2/unit12/draw4/stride13/spread/update/window,1,3,"[5219.249067859764,5206.97800149158,5212.8359433258975]",5212.8359433258975,"[5219.99067860093,5206.993288589706,5213.563012679332]",5213.563012679332,"[5.096922917831801,5.084939454581621,5.090660100904197]",5.090660100904197,1024.0,12.0,4.0,12.0,25.0,13.0
density-crossover-avx2,cross/2/unit12/draw4/stride64/compact/sum/packet,1,3,"[1873.314687168632,1855.39170201482,1850.142629904541]",1855.39170201482,"[1873.321314952673,1855.898064688421,1850.4660657482198]",1855.898064688421,"[1.8294088741881174,1.8119059589988478,1.8067799120161534]",1.8119059589988478,1024.0,12.0,4.0,4.0,68.0,64.0
density-crossover-avx2,cross/2/unit12/draw4/stride64/compact/sum/point,1,3,"[2736.05720421717,2738.343615775062,2761.033775868803]",2738.343615775062,"[2736.0671612651545,2738.3533775887895,2882.559156578611]",2738.3533775887895,"[2.6719308634933294,2.6741636872803345,2.6963220467468774]",2.6741636872803345,1024.0,12.0,4.0,4.0,68.0,64.0
density-crossover-avx2,cross/2/unit12/draw4/stride64/compact/update/packet,1,3,"[3952.7901340176963,3952.627887082993,3966.534074707792]",3952.7901340176963,"[3952.801539776523,3952.6361562563184,3966.5457656101335]",3952.801539776523,"[3.8601466152516566,3.859988170979485,3.873568432331828]",3.8601466152516566,1024.0,12.0,4.0,4.0,68.0,64.0
density-crossover-avx2,cross/2/unit12/draw4/stride64/compact/update/point,1,3,"[5232.408819133096,5230.831464872935,5245.443198804191]",5232.408819133096,"[5232.419656207731,5230.85052316699,5246.9566517167605]",5232.419656207731,"[5.109774237434664,5.108233852414974,5.122503123832217]",5.109774237434664,1024.0,12.0,4.0,4.0,68.0,64.0
density-crossover-avx2,cross/2/unit12/draw4/stride64/spread/sum/packet,1,3,"[2615.0374882849133,2617.2194939082297,2614.6569821930484]",2615.0374882849133,"[2615.0468603555014,2617.2269915657494,2614.6644798497355]",2615.0468603555014,"[2.553747547153235,2.555878412019756,2.553375959172899]",2.553747547153235,1024.0,12.0,4.0,12.0,76.0,64.0
density-crossover-avx2,cross/2/unit12/draw4/stride64/spread/sum/point,1,3,"[2736.010763209423,2737.1459882583304,2740.72504892365]",2737.1459882583304,"[2736.0207436398214,2737.1538160474543,2745.863992173801]",2737.1538160474543,"[2.671885510946702,2.6729941291585257,2.6764893055895023]",2.6729941291585257,1024.0,12.0,4.0,12.0,76.0,64.0
density-crossover-avx2,cross/2/unit12/draw4/stride64/spread/update/packet,1,3,"[5394.7491316094865,5401.287147819303,5396.582786568822]",5396.582786568822,"[5409.241991512105,5402.03627942523,5396.5978386699035]",5402.03627942523,"[5.26830969883739,5.274694480292288,5.270100377508616]",5.270100377508616,1024.0,12.0,4.0,12.0,76.0,64.0
density-crossover-avx2,cross/2/unit12/draw4/stride64/spread/update/point,1,3,"[7886.403380281712,7885.721126760679,7888.9887323943885]",7886.403380281712,"[7886.425915492343,7885.74422535514,7889.016901412054]",7886.425915492343,"[7.70156580105636,7.700899537852226,7.704090558978895]",7.70156580105636,1024.0,12.0,4.0,12.0,76.0,64.0
density-crossover-avx2,cross/2/unit12/draw8/stride12/compact/sum/packet,1,3,"[1840.293692509861,1839.4633377135801,1838.329172141959]",1839.4633377135801,"[1840.536925098494,1839.4699080170578,1838.3344283839474]",1839.4699080170578,"[1.797161809091661,1.7963509157359179,1.795243332169882]",1.7963509157359179,1024.0,12.0,8.0,8.0,20.0,12.0
density-crossover-avx2,cross/2/unit12/draw8/stride12/compact/sum/point,1,3,"[4199.555621653708,4167.351279000593,4166.783164782884]",4167.351279000593,"[4213.342058298124,4167.366448540089,4166.798036880885]",4167.366448540089,"[4.101128536771198,4.069678983399016,4.069124184358285]",4.069678983399016,1024.0,12.0,8.0,8.0,20.0,12.0
density-crossover-avx2,cross/2/unit12/draw8/stride12/compact/sum/window,1,3,"[2004.429505400788,2002.1084422967701,2003.2909323479444]",2003.2909323479444,"[2004.7308129623432,2002.1156907335399,2007.1967026714312]",2004.7308129623432,"[1.957450688867957,1.9551840256804396,1.9563388011210394]",1.9563388011210394,1024.0,12.0,8.0,8.0,20.0,12.0
density-crossover-avx2,cross/2/unit12/draw8/stride12/compact/update/packet,1,3,"[4160.841792816872,4127.528940338353,4144.281685960279]",4144.281685960279,"[4162.0617393894445,4128.6539032360315,4144.29682398442]",4144.29682398442,"[4.063322063297726,4.030789980799173,4.047150083945585]",4.047150083945585,1024.0,12.0,8.0,8.0,20.0,12.0
density-crossover-avx2,cross/2/unit12/draw8/stride12/compact/update/point,1,3,"[9093.108667529315,9060.669469598923,9047.221862872033]",9060.669469598923,"[9093.141009049894,9062.642949541272,9047.254204399218]",9062.642949541272,"[8.879988933134097,8.848310028905198,8.83517760046097]",8.848310028905198,1024.0,12.0,8.0,8.0,20.0,12.0
density-crossover-avx2,cross/2/unit12/draw8/stride12/compact/update/window,1,3,"[4655.8268027657805,4552.826802765882,4639.972341126143]",4639.972341126143,"[4655.839973658613,4553.692788934692,4639.988804740575]",4639.988804740575,"[4.5467058620759575,4.446119924576057,4.531222989380998]",4.531222989380998,1024.0,12.0,8.0,8.0,20.0,12.0
density-crossover-avx2,cross/2/unit12/draw8/stride12/spread/sum/packet,1,3,"[2491.9566742676366,2451.233994036111,2447.1489212419356]",2451.233994036111,"[2491.965620067048,2451.7340817419067,2447.1557621458146]",2451.7340817419067,"[2.433551439714489,2.39378319730089,2.389793868400328]",2.39378319730089,1024.0,12.0,8.0,12.0,24.0,12.0
density-crossover-avx2,cross/2/unit12/draw8/stride12/spread/sum/point,1,3,"[4168.48001193311,4173.026551312643,4162.116945107347]",4168.48001193311,"[4168.491945105276,4184.7750596639125,4162.131563247379]",4168.491945105276,"[4.070781261653428,4.075221241516253,4.064567329206394]",4.070781261653428,1024.0,12.0,8.0,12.0,24.0,12.0
density-crossover-avx2,cross/2/unit12/draw8/stride12/spread/sum/window,1,3,"[1927.7597795402767,1910.3220863019046,1923.856029036142]",1923.856029036142,"[1927.7652910328995,1910.3289420622964,1924.2500336062958]",1924.2500336062958,"[1.8825779097073012,1.8655489124042035,1.8787656533556074]",1.8787656533556074,1024.0,12.0,8.0,12.0,24.0,12.0
density-crossover-avx2,cross/2/unit12/draw8/stride12/spread/update/packet,1,3,"[5708.143434343351,5735.521212121253,5685.234747474689]",5708.143434343351,"[5708.1600000011085,5735.538181818012,5686.06666666995]",5708.1600000011085,"[5.574358822600929,5.601094933712161,5.551987058080752]",5.574358822600929,1024.0,12.0,8.0,12.0,24.0,12.0
density-crossover-avx2,cross/2/unit12/draw8/stride12/spread/update/point,1,3,"[14047.54008016006,14051.03707414859,14045.967935871784]",14047.54008016006,"[14047.601202401598,14051.087174359809,14047.781563137964]",14047.781563137964,"[13.718300859531311,13.721715892723232,13.716765562374789]",13.718300859531311,1024.0,12.0,8.0,12.0,24.0,12.0
density-crossover-avx2,cross/2/unit12/draw8/stride12/spread/update/window,1,3,"[5416.195318495801,5329.326937835658,5372.3963929393985]",5372.3963929393985,"[5416.211051418228,5340.63891020615,5385.950115116569]",5385.950115116569,"[5.289253240718556,5.204420837730135,5.246480852479881]",5.246480852479881,1024.0,12.0,8.0,12.0,24.0,12.0
density-crossover-avx2,cross/2/unit12/draw8/stride13/compact/sum/packet,1,3,"[1837.4558513442194,1875.5977859778748,1867.1184765418836]",1867.1184765418836,"[1837.4625724835907,1875.604375330379,1867.125197680319]",1867.125197680319,"[1.7943904798283392,1.8316384628690183,1.8233578872479332]",1.8233578872479332,1024.0,12.0,8.0,8.0,21.0,13.0
density-crossover-avx2,cross/2/unit12/draw8/stride13/compact/sum/point,1,3,"[4169.340678975565,4161.282013102908,4162.675699821319]",4162.675699821319,"[4194.147111375674,4161.296902918184,4162.693865396114]",4162.693865396114,"[4.071621756812076,4.063751965920809,4.0651129881067565]",4.0651129881067565,1024.0,12.0,8.0,8.0,21.0,13.0
density-crossover-avx2,cross/2/unit12/draw8/stride13/compact/sum/window,1,3,"[1967.1026754447566,1970.3831068777495,1960.3326796470396]",1967.1026754447566,"[1968.3577531878807,1970.3888499790016,1960.3412242628335]",1968.3577531878807,"[1.9209987064890202,1.924202252810302,1.914387382467812]",1.9209987064890202,1024.0,12.0,8.0,8.0,21.0,13.0
density-crossover-avx2,cross/2/unit12/draw8/stride13/compact/update/packet,1,3,"[4079.059365994185,4044.7103746398416,4080.7103746397693]",4079.059365994185,"[4079.6244956771006,4044.7219020165244,4080.7224783888323]",4079.6244956771006,"[3.983456412103697,3.94991247523422,3.9850687252341497]",3.983456412103697,1024.0,12.0,8.0,8.0,21.0,13.0
density-crossover-avx2,cross/2/unit12/draw8/stride13/compact/update/point,1,3,"[9084.572909915545,9051.305897602238,9049.666234607674]",9051.305897602238,"[9086.050550873506,9051.331821129406,9049.699287110154]",9051.331821129406,"[8.8716532323394,8.839165915627184,8.837564682234056]",8.839165915627184,1024.0,12.0,8.0,8.0,21.0,13.0
density-crossover-avx2,cross/2/unit12/draw8/stride13/compact/update/window,1,3,"[4498.178756476678,4476.980246113933,4523.5184585493525]",4498.178756476678,"[4499.043393784601,4476.996437827706,4523.534974090158]",4499.043393784601,"[4.392752691871756,4.372051021595638,4.417498494677102]",4.392752691871756,1024.0,12.0,8.0,8.0,21.0,13.0
density-crossover-avx2,cross/2/unit12/draw8/stride13/spread/sum/packet,1,3,"[2465.9471537506893,2529.7969498137772,2491.87018974994]",2491.87018974994,"[2465.955843234336,2530.59354495499,2491.877105870943]",2491.877105870943,"[2.408151517334658,2.470504833802517,2.4334669821776758]",2.4334669821776758,1024.0,12.0,8.0,12.0,25.0,13.0
density-crossover-avx2,cross/2/unit12/draw8/stride13/spread/sum/point,1,3,"[4169.195180005978,4185.169592383146,4193.3906575423325]",4185.169592383146,"[4177.472775959228,4185.622136268548,4193.860755725861]",4185.622136268548,"[4.071479667974588,4.087079680061666,4.095108064006184]",4.087079680061666,1024.0,12.0,8.0,12.0,25.0,13.0
density-crossover-avx2,cross/2/unit12/draw8/stride13/spread/sum/window,1,3,"[1985.7905529628213,1958.798614057431,1968.2118512233385]",1968.2118512233385,"[1985.7963512944505,1962.0598218068567,1968.2189223590453]",1968.2189223590453,"[1.9392485868777554,1.91288927154046,1.9220818859602915]",1.9220818859602915,1024.0,12.0,8.0,12.0,25.0,13.0
density-crossover-avx2,cross/2/unit12/draw8/stride13/spread/update/packet,1,3,"[5818.4351813254925,5813.85785744074,5832.253022092321]",5818.4351813254925,"[5822.912046684212,5814.67903292998,5832.274280947125]",5822.912046684212,"[5.682065606763177,5.677595563906973,5.695559591887032]",5.682065606763177,1024.0,12.0,8.0,12.0,25.0,13.0
density-crossover-avx2,cross/2/unit12/draw8/stride13/spread/update/point,1,3,"[14050.2763819095,14055.312562813853,14065.100502512132]",14055.312562813853,"[14050.31758794172,14091.41206029381,14067.131658277878]",14067.131658277878,"[13.720973029208496,13.725891174622904,13.735449709484502]",13.725891174622904,1024.0,12.0,8.0,12.0,25.0,13.0
density-crossover-avx2,cross/2/unit12/draw8/stride13/spread/update/window,1,3,"[5399.817270624553,5408.035851965776,5383.121048573788]",5399.817270624553,"[5399.840400925449,5408.055127213155,5383.822667692627]",5399.840400925449,"[5.273259053344291,5.281285011685328,5.256954148997839]",5.273259053344291,1024.0,12.0,8.0,12.0,25.0,13.0
density-crossover-avx2,cross/2/unit12/draw8/stride64/compact/sum/packet,1,3,"[1849.3969676994636,1848.3355306525427,1849.7265655899078]",1849.3969676994636,"[1849.4035596565325,1848.3408042196966,1850.4292682925552]",1849.4035596565325,"[1.8060517262690077,1.8050151666528735,1.8063735992088943]",1.8060517262690077,1024.0,12.0,8.0,8.0,72.0,64.0
density-crossover-avx2,cross/2/unit12/draw8/stride64/compact/sum/point,1,3,"[4194.427749166907,4263.960920933125,4189.798848833555]",4194.427749166907,"[4194.4365343828895,4263.970312026702,4190.422599213253]",4194.4365343828895,"[4.096120848795808,4.164024336848755,4.0916004383140185]",4.096120848795808,1024.0,12.0,8.0,8.0,72.0,64.0
density-crossover-avx2,cross/2/unit12/draw8/stride64/compact/update/packet,1,3,"[4176.469575541778,4116.14574057579,4175.988423864456]",4175.988423864456,"[4176.478183438272,4116.157910360379,4176.000593650627]",4176.000593650627,"[4.0785835698650175,4.019673574781045,4.078113695180133]",4.078113695180133,1024.0,12.0,8.0,8.0,72.0,64.0
density-crossover-avx2,cross/2/unit12/draw8/stride64/compact/update/point,1,3,"[9056.456957928836,9247.98381877032,9050.722330096905]",9056.456957928836,"[9056.488673143542,9248.016828480066,9050.754692548782]",9056.488673143542,"[8.84419624797738,9.031234198017891,8.83859602548526]",8.84419624797738,1024.0,12.0,8.0,8.0,72.0,64.0
density-crossover-avx2,cross/2/unit12/draw8/stride64/spread/sum/packet,1,3,"[2489.3832715721524,2459.3462149285433,2458.176460208305]",2459.3462149285433,"[2489.3905064430123,2459.353449796582,2458.1851067584394]",2459.353449796582,"[2.4310383511446805,2.4017052880161556,2.4005629494221727]",2.4017052880161556,1024.0,12.0,8.0,12.0,76.0,64.0
density-crossover-avx2,cross/2/unit12/draw8/stride64/spread/sum/point,1,3,"[4188.421292083757,4191.578707916269,4184.92447679713]",4188.421292083757,"[4191.305732484371,4197.666060053141,4184.933272668854]",4191.305732484371,"[4.090255168050544,4.093338581949482,4.086840309372198]",4.090255168050544,1024.0,12.0,8.0,12.0,76.0,64.0
density-crossover-avx2,cross/2/unit12/draw8/stride64/spread/update/packet,1,3,"[5675.801635991498,5672.607770961017,5704.435582822109]",5675.801635991498,"[5677.106339464411,5672.624130878028,5704.456032720825]",5677.106339464411,"[5.5427750351479474,5.539656026329119,5.5707378738497155]",5.5427750351479474,1024.0,12.0,8.0,12.0,76.0,64.0
density-crossover-avx2,cross/2/unit12/draw8/stride64/spread/update/point,1,3,"[14033.033199195945,14031.857142857112,14028.455734406438]",14031.857142857112,"[14034.894366194689,14031.897384301987,14028.495975852205]",14031.897384301987,"[13.704133983589792,13.7029854910714,13.699663803131289]",13.7029854910714,1024.0,12.0,8.0,12.0,76.0,64.0
density-crossover-avx2,cross/2/unit16/draw2/stride16/compact/sum/packet,1,3,"[1741.0324137077664,1745.3340343931645,1740.3965111963414]",1741.0324137077664,"[1745.394779166446,1745.6149944319363,1740.4015835690116]",1745.394779166446,"[1.7002269665114909,1.704427767962075,1.6996059679651772]",1.7002269665114909,1024.0,16.0,2.0,2.0,18.0,16.0
density-crossover-avx2,cross/2/unit16/draw2/stride16/compact/sum/point,1,3,"[2108.138081614318,2108.2933293178494,2107.2797771421]",2108.138081614318,"[2114.080108416986,2109.0507453703954,2107.287456707595]",2109.0507453703954,"[2.0587285953264822,2.0588802044119623,2.0578904073653326]",2.0587285953264822,1024.0,16.0,2.0,2.0,18.0,16.0
density-crossover-avx2,cross/2/unit16/draw2/stride16/compact/sum/window,1,3,"[1947.6652864044613,1938.1360938579396,1933.4858523119765]",1938.1360938579396,"[1947.672325741537,1938.4149068319362,1933.492891649788]",1938.4149068319362,"[1.9020168812543565,1.8927110291581442,1.8881697776484145]",1.8927110291581442,1024.0,16.0,2.0,2.0,18.0,16.0
density-crossover-avx2,cross/2/unit16/draw2/stride16/compact/update/packet,1,3,"[3802.018709327377,3799.760303687486,3802.60439262461]",3802.018709327377,"[3802.0322668110257,3799.773861172098,3803.9170282001637]",3802.0322668110257,"[3.7129088958275167,3.7107034215698103,3.7134808521724705]",3.7129088958275167,1024.0,16.0,2.0,2.0,18.0,16.0
density-crossover-avx2,cross/2/unit16/draw2/stride16/compact/update/point,1,3,"[3773.1731287021944,3774.1208939148823,3776.878298330613]",3774.1208939148823,"[3773.1865912752005,3774.131933225316,3777.3117932155483]",3774.131933225316,"[3.6847393834982367,3.6856649354637527,3.688357713213489]",3.6856649354637527,1024.0,16.0,2.0,2.0,18.0,16.0
density-crossover-avx2,cross/2/unit16/draw2/stride16/compact/update/window,1,3,"[4242.873957091721,4328.938021453988,4313.204707985627]",4313.204707985627,"[4242.889451729476,4328.956197854646,4313.708879616835]",4313.708879616835,"[4.143431598722384,4.227478536576161,4.212113972642213]",4.212113972642213,1024.0,16.0,2.0,2.0,18.0,16.0
density-crossover-avx2,cross/2/unit16/draw2/stride16/spread/sum/packet,1,3,"[2260.4287774395707,2249.9543342412526,2245.4582598943352]",2249.9543342412526,"[2260.435186668537,2251.7939432791964,2246.7723121292674]",2251.7939432791964,"[2.2074499779683303,2.1972210295324732,2.192830331928062]",2.1972210295324732,1024.0,16.0,2.0,16.0,32.0,16.0
density-crossover-avx2,cross/2/unit16/draw2/stride16/spread/sum/point,1,3,"[2109.5099397590316,2108.2206325300463,2108.0203313252405]",2108.2206325300463,"[2109.515963855514,2108.2283132525035,2108.0278614442054]",2108.2283132525035,"[2.0600683005459293,2.0588092114551233,2.058613604809805]",2.0588092114551233,1024.0,16.0,2.0,16.0,32.0,16.0
density-crossover-avx2,cross/2/unit16/draw2/stride16/spread/sum/window,1,3,"[1693.265118529209,1692.9698838896998,1692.158321238505]",1692.9698838896998,"[1693.5020561188992,1692.9772617308747,1694.5290275754382]",1693.5020561188992,"[1.653579217313681,1.653290902236035,1.6524983605844779]",1.653290902236035,1024.0,16.0,2.0,16.0,32.0,16.0
density-crossover-avx2,cross/2/unit16/draw2/stride16/spread/update/packet,1,3,"[4467.306280193425,4469.376811594079,4423.6119162640625]",4467.306280193425,"[4467.869565214985,4469.876006442357,4423.628019324405]",4467.869565214985,"[4.362603789251391,4.364625792572343,4.319933511976624]",4.362603789251391,1024.0,16.0,2.0,16.0,32.0,16.0
density-crossover-avx2,cross/2/unit16/draw2/stride16/spread/update/point,1,3,"[4624.888376687687,4640.633849193359,4621.437273625342]",4624.888376687687,"[4625.563384920363,4640.650642081004,4621.454066515619]",4625.563384920363,"[4.5164925553590685,4.531868993352889,4.513122337524749]",4.5164925553590685,1024.0,16.0,2.0,16.0,32.0,16.0
density-crossover-avx2,cross/2/unit16/draw2/stride16/spread/update/window,1,3,"[4283.166359729847,4349.013198281094,4292.93308778394]",4292.93308778394,"[4289.381829341045,4349.025782688384,4292.948434618855]",4292.948434618855,"[4.182779648173678,4.24708320144638,4.192317468539004]",4.192317468539004,1024.0,16.0,2.0,16.0,32.0,16.0
density-crossover-avx2,cross/2/unit16/draw2/stride17/compact/sum/packet,1,3,"[1731.1667502507646,1731.4612587763222,1736.2832246739965]",1731.4612587763222,"[1734.4616349048574,1731.7245486463353,1736.4988716147334]",1734.4616349048574,"[1.6905925295417623,1.690880135523752,1.6955890865956997]",1.690880135523752,1024.0,16.0,2.0,2.0,19.0,17.0
density-crossover-avx2,cross/2/unit16/draw2/stride17/compact/sum/point,1,3,"[2110.663339382934,2113.0376588021013,2113.293254688427]",2113.0376588021013,"[2110.669237748013,2113.310042347678,2113.2994555360197]",2113.2994555360197,"[2.061194667366146,2.0635133386739266,2.063762944031667]",2.0635133386739266,1024.0,16.0,2.0,2.0,19.0,17.0
density-crossover-avx2,cross/2/unit16/draw2/stride17/compact/sum/window,1,3,"[1965.3543329133722,1965.4059918802395,1968.5027299454337]",1965.4059918802395,"[1965.3599328008431,1965.4145317103983,1969.1005179897697]",1965.4145317103983,"[1.919291340735715,1.9193417889455464,1.9223659472123376]",1.9193417889455464,1024.0,16.0,2.0,2.0,19.0,17.0
density-crossover-avx2,cross/2/unit16/draw2/stride17/compact/update/packet,1,3,"[3936.638928067713,3955.767559943368,3934.582510578262]",3936.638928067713,"[3936.653314528455,3955.78420310237,3939.835260930541]",3939.835260930541,"[3.8443739531911256,3.863054257757195,3.842365732986584]",3.8443739531911256,1024.0,16.0,2.0,2.0,19.0,17.0
density-crossover-avx2,cross/2/unit16/draw2/stride17/compact/update/point,1,3,"[3774.7976800646143,3776.6269220394247,3775.2319935258697]",3775.2319935258697,"[3774.8111680623724,3776.6404100359846,3775.720528728989]",3775.720528728989,"[3.6863258594380994,3.6881122285541257,3.686749993677607]",3.686749993677607,1024.0,16.0,2.0,2.0,19.0,17.0
density-crossover-avx2,cross/2/unit16/draw2/stride17/compact/update/window,1,3,"[4353.498293515474,4430.805460750744,4356.824387216621]",4356.824387216621,"[4353.5141172793265,4430.817871550543,4357.569345330365]",4357.569345330365,"[4.251463177261205,4.326958457764398,4.254711315641232]",4.254711315641232,1024.0,16.0,2.0,2.0,19.0,17.0
density-crossover-avx2,cross/2/unit16/draw2/stride17/spread/sum/packet,1,3,"[2244.520609462698,2244.0521251003543,2243.6190858058308]",2244.0521251003543,"[2244.527024859469,2244.0603047301515,2243.6255012027445]",2244.0603047301515,"[2.191914657678416,2.1914571534183147,2.1910342634822566]",2.1914571534183147,1024.0,16.0,2.0,16.0,33.0,17.0
density-crossover-avx2,cross/2/unit16/draw2/stride17/spread/sum/point,1,3,"[2113.115413704361,2112.883829980315,2116.7259113598607]",2113.115413704361,"[2113.4557555589267,2112.891544395247,2117.397519287068]",2113.4557555589267,"[2.063589271195665,2.0633631152151515,2.067115147812364]",2.063589271195665,1024.0,16.0,2.0,16.0,33.0,17.0
density-crossover-avx2,cross/2/unit16/draw2/stride17/spread/sum/window,1,3,"[2105.2568322512593,2103.257587196216,2103.767929941178]",2103.767929941178,"[2107.8085459780827,2103.2636267560956,2103.7741204877684]",2103.7741204877684,"[2.05591487524537,2.0539624874963045,2.0544608690831816]",2.0544608690831816,1024.0,16.0,2.0,16.0,33.0,17.0
density-crossover-avx2,cross/2/unit16/draw2/stride17/spread/update/packet,1,3,"[4465.571337172059,4455.583813179888,4469.944017914327]",4465.571337172059,"[4466.188739602939,4455.599808061145,4469.96033269381]",4466.188739602939,"[4.360909508957089,4.351156067558485,4.365179704994459]",4.360909508957089,1024.0,16.0,2.0,16.0,33.0,17.0
density-crossover-avx2,cross/2/unit16/draw2/stride17/spread/update/point,1,3,"[4615.570345963572,4615.095551894602,4592.740032948782]",4615.095551894602,"[4616.199670512553,4615.108731467942,4592.753212520951]",4615.108731467942,"[4.507392915980051,4.506929249897072,4.485097688426545]",4.506929249897072,1024.0,16.0,2.0,16.0,33.0,17.0
density-crossover-avx2,cross/2/unit16/draw2/stride17/spread/update/window,1,3,"[4580.346003898664,4486.258934373178,4463.380766731839]",4486.258934373178,"[4589.5701754414895,4486.908706951712,4463.396361272154]",4486.908706951712,"[4.472994144432289,4.3811122405988066,4.358770280011561]",4.3811122405988066,1024.0,16.0,2.0,16.0,33.0,17.0
density-crossover-avx2,cross/2/unit16/draw2/stride64/compact/sum/packet,1,3,"[1751.9967524356323,1770.355358481118,1757.5151136646764]",1757.5151136646764,"[1752.9422932817963,1770.6027979010582,1759.2650512110874]",1759.2650512110874,"[1.7109343285504222,1.7288626547667167,1.7163233531881608]",1.7163233531881608,1024.0,16.0,2.0,2.0,66.0,64.0
density-crossover-avx2,cross/2/unit16/draw2/stride64/compact/sum/point,1,3,"[2124.555319471806,2124.5887084535084,2124.5251176202974]",2124.555319471806,"[2124.560024282435,2125.305053879008,2124.945515253934]",2124.945515253934,"[2.0747610541716854,2.0747936605991293,2.074731560176071]",2.0747610541716854,1024.0,16.0,2.0,2.0,66.0,64.0
density-crossover-avx2,cross/2/unit16/draw2/stride64/compact/update/packet,1,3,"[3948.102798400845,3968.2195888065417,3943.5222729869643]",3948.102798400845,"[3948.116790408093,3968.228155336602,3944.0505425460337]",3948.116790408093,"[3.8555691390633253,3.8752144421938883,3.851095969713832]",3.8555691390633253,1024.0,16.0,2.0,2.0,66.0,64.0
density-crossover-avx2,cross/2/unit16/draw2/stride64/compact/update/point,1,3,"[3781.835494327471,3779.8071312803445,3781.449216639683]",3781.449216639683,"[3781.843868177257,3779.817936249846,3781.959751482609]",3781.843868177257,"[3.6931987249291707,3.6912179016409614,3.6928215006246905]",3.6928215006246905,1024.0,16.0,2.0,2.0,66.0,64.0
density-crossover-avx2,cross/2/unit16/draw2/stride64/spread/sum/packet,1,3,"[2259.712106459019,2263.257870821152,2260.229633235907]",2260.229633235907,"[2259.7184355721697,2263.264524504274,2260.5201233353346]",2260.5201233353346,"[2.206750103963886,2.2102127644737815,2.2072555012069404]",2.2072555012069404,1024.0,16.0,2.0,16.0,80.0,64.0
density-crossover-avx2,cross/2/unit16/draw2/stride64/spread/sum/point,1,3,"[2124.2729618947214,2124.7965689995303,2124.9453468954257]",2124.7965689995303,"[2124.2790344624013,2127.4109609835077,2124.9499013202417]",2124.9499013202417,"[2.0744853143503135,2.074996649413604,2.075141940327564]",2.074996649413604,1024.0,16.0,2.0,16.0,80.0,64.0
density-crossover-avx2,cross/2/unit16/draw2/stride64/spread/update/packet,1,3,"[4433.261548471155,4492.756994144389,4436.696486662336]",4436.696486662336,"[4433.27423552086,4492.770006504898,4443.117761870561]",4443.117761870561,"[4.329356980928862,4.38745800209413,4.332711412756187]",4.332711412756187,1024.0,16.0,2.0,16.0,80.0,64.0
density-crossover-avx2,cross/2/unit16/draw2/stride64/spread/update/point,1,3,"[4629.906701708137,4609.696123521793,4637.97141918541]",4629.906701708137,"[4631.0499342968915,4610.1990801573975,4637.984888306687]",4631.0499342968915,"[4.521393263386853,4.501656370626751,4.529268964048252]",4.521393263386853,1024.0,16.0,2.0,16.0,80.0,64.0
density-crossover-avx2,cross/2/unit16/draw4/stride16/compact/sum/packet,1,3,"[1856.908923884502,1834.0137795276248,1849.549212598371]",1849.549212598371,"[1857.1372703405066,1834.019160104915,1849.557217846512]",1849.557217846512,"[1.813387620980959,1.791029081569946,1.8062004029280967]",1.8062004029280967,1024.0,16.0,4.0,4.0,20.0,16.0
density-crossover-avx2,cross/2/unit16/draw4/stride16/compact/sum/point,1,3,"[2722.198947778785,2720.1782930632676,2720.314886983646]",2720.314886983646,"[2722.5674201089423,2720.188035853717,2723.742400625047]",2722.5674201089423,"[2.6583974099402203,2.6564241143195972,2.6565575068199667]",2.6565575068199667,1024.0,16.0,4.0,4.0,20.0,16.0
density-crossover-avx2,cross/2/unit16/draw4/stride16/compact/sum/window,1,3,"[2017.376108123841,2020.6837668944024,2020.2973405029275]",2020.2973405029275,"[2021.2739427404604,2021.0340066859708,2020.305914837472]",2021.0340066859708,"[1.9700938555896887,1.9733239911078149,1.9729466215848903]",1.9729466215848903,1024.0,16.0,4.0,4.0,20.0,16.0
density-crossover-avx2,cross/2/unit16/draw4/stride16/compact/update/packet,1,3,"[4232.271078875629,4232.020247809024,4230.213357509843]",4232.020247809024,"[4232.283469326674,4232.5611967372,4230.2284678173955]",4232.283469326674,"[4.133077225464482,4.132832273251001,4.131067731943206]",4.132832273251001,1024.0,16.0,4.0,4.0,20.0,16.0
density-crossover-avx2,cross/2/unit16/draw4/stride16/compact/update/point,1,3,"[5175.984848484926,5185.937176644513,5261.191796009044]",5185.937176644513,"[5176.007390984288,5186.783444198206,5262.3414634117935]",5186.783444198206,"[5.054672703598561,5.064391774066907,5.137882613290082]",5.064391774066907,1024.0,16.0,4.0,4.0,20.0,16.0
density-crossover-avx2,cross/2/unit16/draw4/stride16/compact/update/window,1,3,"[4594.943943298759,4641.609213917531,4618.652061855589]",4618.652061855589,"[4594.9632731964075,4642.25740979423,4618.668492271609]",4618.668492271609,"[4.487249944627694,4.532821497966339,4.510402404155849]",4.510402404155849,1024.0,16.0,4.0,4.0,20.0,16.0
density-crossover-avx2,cross/2/unit16/draw4/stride16/spread/sum/packet,1,3,"[2616.4743353027857,2587.1983013293834,2588.339180206885]",2588.339180206885,"[2616.4819054654017,2590.874446085786,2588.7381831588505]",2590.874446085786,"[2.5551507180691266,2.526560841141976,2.527674980670786]",2.527674980670786,1024.0,16.0,4.0,16.0,32.0,16.0
density-crossover-avx2,cross/2/unit16/draw4/stride16/spread/sum/point,1,3,"[2711.2997871103926,2711.740855428618,2711.97696922784]",2711.740855428618,"[2711.3073350113245,2711.7526611183475,2712.323592025139]",2711.7526611183475,"[2.647753698349993,2.64818442912951,2.6484150090115626]",2.64818442912951,1024.0,16.0,4.0,16.0,32.0,16.0
density-crossover-avx2,cross/2/unit16/draw4/stride16/spread/sum/window,1,3,"[1707.8219580932825,1708.2411469182568,1711.7283421149418]",1708.2411469182568,"[1707.8282073272003,1708.2459257442322,1715.6127925502838]",1708.2459257442322,"[1.6677948809504712,1.66820424503736,1.6716097090966229]",1.66820424503736,1024.0,16.0,4.0,16.0,32.0,16.0
density-crossover-avx2,cross/2/unit16/draw4/stride16/spread/update/packet,1,3,"[5410.498844375746,5408.045069337426,5389.909861325183]",5408.045069337426,"[5410.518489986342,5408.064329735188,5389.929121723629]",5408.064329735188,"[5.283690277710689,5.28129401302483,5.263583848950374]",5.28129401302483,1024.0,16.0,4.0,16.0,32.0,16.0
density-crossover-avx2,cross/2/unit16/draw4/stride16/spread/update/point,1,3,"[7886.268169014429,7885.6535211267865,7889.298591549185]",7886.268169014429,"[7886.296338028842,7885.6816901407,7897.118873242888]",7886.296338028842,"[7.7014337588031525,7.700833516725377,7.704393155809752]",7.7014337588031525,1024.0,16.0,4.0,16.0,32.0,16.0
density-crossover-avx2,cross/2/unit16/draw4/stride16/spread/update/window,1,3,"[4770.700705408153,4772.306012764612,4714.876049714554]",4770.700705408153,"[4770.717836748653,4772.319785018803,4714.892845144603]",4770.717836748653,"[4.65888740762515,4.660455090590441,4.60437114229937]",4.65888740762515,1024.0,16.0,4.0,16.0,32.0,16.0
density-crossover-avx2,cross/2/unit16/draw4/stride17/compact/sum/packet,1,3,"[1851.228213579368,1873.287409360632,1871.5538562953802]",1871.5538562953802,"[1851.4510217545005,1873.294133156048,1871.8135794336813]",1871.8135794336813,"[1.8078400523236013,1.8293822357037424,1.8276893127884573]",1.8276893127884573,1024.0,16.0,4.0,4.0,21.0,17.0
density-crossover-avx2,cross/2/unit16/draw4/stride17/compact/sum/point,1,3,"[2718.046905410671,2718.074347995358,2717.877578824443]",2718.046905410671,"[2718.391592059515,2718.0860256895053,2717.8892565196275]",2718.0860256895053,"[2.6543426810651085,2.654369480464217,2.6541773230707446]",2.6543426810651085,1024.0,16.0,4.0,4.0,21.0,17.0
density-crossover-avx2,cross/2/unit16/draw4/stride17/compact/sum/window,1,3,"[1962.9431087503804,1952.905507408407,1978.71190942122]",1962.9431087503804,"[1963.1765445892995,1953.0606653616771,1978.7204361199035]",1963.1765445892995,"[1.9169366296390433,1.9071342845785224,1.93233584904416]",1.9169366296390433,1024.0,16.0,4.0,4.0,21.0,17.0
density-crossover-avx2,cross/2/unit16/draw4/stride17/compact/update/packet,1,3,"[4288.798224127208,4306.486834047544,4289.998469075476]",4289.998469075476,"[4288.813839556958,4312.472749540292,4290.788426206416]",4290.788426206416,"[4.188279515749227,4.205553548874555,4.189451629956521]",4.189451629956521,1024.0,16.0,4.0,4.0,21.0,17.0
density-crossover-avx2,cross/2/unit16/draw4/stride17/compact/update/point,1,3,"[5248.693530499066,5181.74676524954,5183.63253234757]",5183.63253234757,"[5248.708687612173,5182.471349353902,5183.651016633186]",5183.651016633186,"[5.125677275877993,5.060299575439004,5.062141144870674]",5.062141144870674,1024.0,16.0,4.0,4.0,21.0,17.0
density-crossover-avx2,cross/2/unit16/draw4/stride17/compact/update/window,1,3,"[4573.494939601645,4574.239307868165,4571.624551093732]",4573.494939601645,"[4573.508325171874,4574.804113616243,4571.6376101872065]",4573.508325171874,"[4.46630365195473,4.467030574090005,4.464477100677473]",4.46630365195473,1024.0,16.0,4.0,4.0,21.0,17.0
density-crossover-avx2,cross/2/unit16/draw4/stride17/spread/sum/packet,1,3,"[2579.4664324024784,2630.783428888428,2579.3591640466384]",2579.4664324024784,"[2579.475679676284,2631.105418900255,2579.36656186358]",2579.475679676284,"[2.5190101878930453,2.5691244422738553,2.5189054336392953]",2.5190101878930453,1024.0,16.0,4.0,16.0,33.0,17.0
density-crossover-avx2,cross/2/unit16/draw4/stride17/spread/sum/point,1,3,"[2715.8356270594427,2726.0738515216303,2769.3615041673193]",2726.0738515216303,"[2715.8433804999845,2726.0817987968258,2772.059895328026]",2726.0817987968258,"[2.652183229550237,2.662181495626592,2.7044545939133977]",2.662181495626592,1024.0,16.0,4.0,16.0,33.0,17.0
density-crossover-avx2,cross/2/unit16/draw4/stride17/spread/sum/window,1,3,"[2101.90744074412,2105.0847584757694,2104.222322232203]",2104.222322232203,"[2101.9134413453426,2108.4317431728314,2104.4683468357002]",2104.4683468357002,"[2.0526439851016796,2.0557468344489935,2.0549046115548864]",2.0549046115548864,1024.0,16.0,4.0,16.0,33.0,17.0
density-crossover-avx2,cross/2/unit16/draw4/stride17/spread/update/packet,1,3,"[5415.707222866091,5417.406334492133,5386.946697566545]",5415.707222866091,"[5416.32869834264,5417.422170721589,5387.6037079974985]",5416.32869834264,"[5.288776584830168,5.290435873527474,5.260690134342329]",5.288776584830168,1024.0,16.0,4.0,16.0,33.0,17.0
density-crossover-avx2,cross/2/unit16/draw4/stride17/spread/update/point,1,3,"[7885.659154929569,7887.574647887684,7886.516056337867]",7886.516056337867,"[7885.68732393998,7887.6033802864295,7887.451267609796]",7887.451267609796,"[7.700839018485907,7.702709617077816,7.701675836267448]",7.701675836267448,1024.0,16.0,4.0,16.0,33.0,17.0
density-crossover-avx2,cross/2/unit16/draw4/stride17/spread/update/window,1,3,"[4935.031835868336,4960.370003537229,4927.440749911442]",4935.031835868336,"[4935.045985139958,4960.391227450946,4936.376370708441]",4936.376370708441,"[4.819367027215173,4.844111331579326,4.811953857335393]",4.819367027215173,1024.0,16.0,4.0,16.0,33.0,17.0
density-crossover-avx2,cross/2/unit16/draw4/stride64/compact/sum/packet,1,3,"[1869.506443470249,1858.061113325388,1863.3167264513745]",1863.3167264513745,"[1871.6840706780135,1858.0676232231563,1863.3208449591323]",1863.3208449591323,"[1.8256898862014148,1.814512805981824,1.8196452406751704]",1.8196452406751704,1024.0,16.0,4.0,4.0,68.0,64.0
density-crossover-avx2,cross/2/unit16/draw4/stride64/compact/sum/point,1,3,"[2737.384373772968,2737.464664310873,2737.4175500589245]",2737.4175500589245,"[2737.3922261491357,2737.4705535933917,2737.423635650319]",2737.423635650319,"[2.673226927512664,2.6733053362410875,2.673259326229418]",2.673259326229418,1024.0,16.0,4.0,4.0,68.0,64.0
density-crossover-avx2,cross/2/unit16/draw4/stride64/compact/update/packet,1,3,"[4291.593460826597,4286.426588525691,4306.352560148137]",4291.593460826597,"[4292.18229487988,4287.2100555220895,4306.36489820989]",4292.18229487988,"[4.191009239088474,4.18596346535712,4.205422422019665]",4.191009239088474,1024.0,16.0,4.0,4.0,68.0,64.0
density-crossover-avx2,cross/2/unit16/draw4/stride64/compact/update/point,1,3,"[5240.952113729803,5234.236812570332,5238.83127572004]",5238.83127572004,"[5241.652076315431,5234.255892254667,5238.845866070501]",5238.845866070501,"[5.118117298564261,5.111559387275715,5.116046167695352]",5.116046167695352,1024.0,16.0,4.0,4.0,68.0,64.0
density-crossover-avx2,cross/2/unit16/draw4/stride64/spread/sum/packet,1,3,"[2615.2646784714693,2628.5994408201195,2621.109972041135]",2621.109972041135,"[2615.6041006528735,2628.605032618284,2623.490400745654]",2623.490400745654,"[2.5539694125697943,2.5669916414258975,2.5596777070714207]",2.5596777070714207,1024.0,16.0,4.0,16.0,80.0,64.0
density-crossover-avx2,cross/2/unit16/draw4/stride64/spread/sum/point,1,3,"[2731.953198127953,2730.650351014002,2731.72094383779]",2731.72094383779,"[2732.343213726899,2730.660101402399,2731.72893915913]",2731.72893915913,"[2.667923045046829,2.6666507334121112,2.6676962342165917]",2.6676962342165917,1024.0,16.0,4.0,16.0,80.0,64.0
density-crossover-avx2,cross/2/unit16/draw4/stride64/spread/update/packet,1,3,"[5417.62436349387,5421.748922835803,5408.811594202858]",5417.62436349387,"[5426.825303563773,5422.53623188198,5410.225225225952]",5422.53623188198,"[5.290648792474483,5.2946766824568385,5.2820425724637285]",5.290648792474483,1024.0,16.0,4.0,16.0,80.0,64.0
density-crossover-avx2,cross/2/unit16/draw4/stride64/spread/update/point,1,3,"[7885.096229600456,7887.858750703593,7887.250984805708]",7887.250984805708,"[7885.118176706128,7889.221159254604,7887.279684854861]",7887.279684854861,"[7.700289286719195,7.702987061233978,7.702393539849324]",7.702393539849324,1024.0,16.0,4.0,16.0,80.0,64.0
density-crossover-avx2,cross/2/unit16/draw8/stride16/compact/sum/packet,1,3,"[1844.8924208590347,1838.1787731512404,1837.055694207271]",1838.1787731512404,"[1844.8976750284505,1838.4782608697801,1837.0623932757933]",1838.4782608697801,"[1.801652754745151,1.7950964581555084,1.7939997013742879]",1.7950964581555084,1024.0,16.0,8.0,8.0,24.0,16.0
density-crossover-avx2,cross/2/unit16/draw8/stride16/compact/sum/point,1,3,"[4197.91845238078,4162.879464285671,4160.974702380854]",4162.879464285671,"[4203.138690474955,4163.540476188557,4160.9898809530105]",4163.540476188557,"[4.099529738653105,4.065311976841476,4.063451857793803]",4.065311976841476,1024.0,16.0,8.0,8.0,24.0,16.0
density-crossover-avx2,cross/2/unit16/draw8/stride16/compact/sum/window,1,3,"[1929.9570392666774,1950.9898754959825,1954.6252565329733]",1950.9898754959825,"[1929.963880147741,1954.7347106299958,1954.9072376526271]",1954.7347106299958,"[1.8847236711588644,1.9052635502890454,1.9088137270829817]",1.9052635502890454,1024.0,16.0,8.0,8.0,24.0,16.0
density-crossover-avx2,cross/2/unit16/draw8/stride16/compact/update/packet,1,3,"[4122.448265459996,4161.733031674119,4192.95776772231]",4161.733031674119,"[4122.4627450973285,4161.7481146297505,4208.955052793459]",4161.7481146297505,"[4.025828384238278,4.064192413744257,4.094685320041318]",4.064192413744257,1024.0,16.0,8.0,8.0,24.0,16.0
density-crossover-avx2,cross/2/unit16/draw8/stride16/compact/update/point,1,3,"[9135.504848092713,9211.043956043746,9094.444731738275]",9135.504848092713,"[9140.01034259379,9211.076923073124,9097.107304462952]",9140.01034259379,"[8.92139145321554,8.99516011332397,8.881293683338157]",8.92139145321554,1024.0,16.0,8.0,8.0,24.0,16.0
density-crossover-avx2,cross/2/unit16/draw8/stride16/compact/update/window,1,3,"[4454.884289746002,4499.361868924525,4510.020696142953]",4499.361868924525,"[4455.790529944805,4506.587331449605,4693.756349954034]",4506.587331449605,"[4.35047293920508,4.393908075121606,4.404317086077103]",4.393908075121606,1024.0,16.0,8.0,8.0,24.0,16.0
density-crossover-avx2,cross/2/unit16/draw8/stride16/spread/sum/packet,1,3,"[1920.305578342911,1913.7005742411473,1913.0072463768504]",1913.7005742411473,"[1920.3125512699323,1913.7060432045025,1913.5199617166058]",1913.7060432045025,"[1.875298416350499,1.8688482170323704,1.8681711390398927]",1.8688482170323704,1024.0,16.0,8.0,16.0,32.0,16.0
density-crossover-avx2,cross/2/unit16/draw8/stride16/spread/sum/point,1,3,"[4160.80458060694,4158.267697798945,4163.758179654876]",4160.80458060694,"[4160.819452708904,4158.28256989721,4164.329565736692]",4160.819452708904,"[4.063285723248965,4.060808298631782,4.0661700973192145]",4.063285723248965,1024.0,16.0,8.0,16.0,32.0,16.0
density-crossover-avx2,cross/2/unit16/draw8/stride16/spread/sum/window,1,3,"[1711.084005869404,1713.2717045732088,1708.1089508437778]",1711.084005869404,"[1711.0890193203234,1713.2789190504786,1708.113964294371]",1711.0890193203234,"[1.6709804744818402,1.6731168989972744,1.6680751473083768]",1.6709804744818402,1024.0,16.0,8.0,16.0,32.0,16.0
density-crossover-avx2,cross/2/unit16/draw8/stride16/spread/update/packet,1,3,"[3627.7143223818757,3647.655544147901,3614.7779774126466]",3627.7143223818757,"[3628.2612936357004,3647.6712012315616,3619.4676591370544]",3628.2612936357004,"[3.54268976795105,3.5621636173319344,3.5300566185670372]",3.54268976795105,1024.0,16.0,8.0,16.0,32.0,16.0
density-crossover-avx2,cross/2/unit16/draw8/stride16/spread/update/point,1,3,"[14058.333333333316,14058.504531721894,14044.134944611887]",14058.333333333316,"[14100.36858005905,14060.187311186732,14044.184290034793]",14060.187311186732,"[13.728841145833318,13.729008331759662,13.714975531847548]",13.728841145833318,1024.0,16.0,8.0,16.0,32.0,16.0
density-crossover-avx2,cross/2/unit16/draw8/stride16/spread/update/window,1,3,"[3708.050865233525,3678.0506030415636,3687.1830099633758]",3687.1830099633758,"[3709.1153644451374,3678.061090717315,3687.19585736967]",3687.19585736967,"[3.6211434230796145,3.591846292032777,3.600764658167359]",3.600764658167359,1024.0,16.0,8.0,16.0,32.0,16.0
density-crossover-avx2,cross/2/unit16/draw8/stride17/compact/sum/packet,1,3,"[1837.9102749637557,1838.5205893962025,1837.2037889751568]",1837.9102749637557,"[1837.9155374293055,1838.7495066432427,1837.2103670565975]",1837.9155374293055,"[1.7948342528942927,1.7954302630822288,1.7941443251710516]",1.7948342528942927,1024.0,16.0,8.0,8.0,25.0,17.0
density-crossover-avx2,cross/2/unit16/draw8/stride17/compact/sum/point,1,3,"[4216.408685306506,4162.919393218573,4162.327781082863]",4162.919393218573,"[4229.365556217743,4163.627602620595,4162.34235574201]",4163.627602620595,"[4.117586606744635,4.065350969940012,4.0647732237137335]",4.065350969940012,1024.0,16.0,8.0,8.0,25.0,17.0
density-crossover-avx2,cross/2/unit16/draw8/stride17/compact/sum/window,1,3,"[1975.2532959328187,2005.4438990182434,1957.4412342216156]",1975.2532959328187,"[1975.2615708280648,2005.6755960726798,1959.8185133238776]",1975.2615708280648,"[1.9289582968093932,1.9584413076350033,1.9115637052945464]",1.9289582968093932,1024.0,16.0,8.0,8.0,25.0,17.0
density-crossover-avx2,cross/2/unit16/draw8/stride17/compact/update/packet,1,3,"[4135.898756660707,4161.1175251633,4135.02841918294]",4135.898756660707,"[4135.913558320768,4161.730609827449,4135.045885137943]",4135.913558320768,"[4.038963629551471,4.0635913331672855,4.0381136906083395]",4.038963629551471,1024.0,16.0,8.0,8.0,25.0,17.0
density-crossover-avx2,cross/2/unit16/draw8/stride17/compact/update/point,1,3,"[9074.741435035246,9055.458952812229,9107.269553976148]",9074.741435035246,"[9077.366515843867,9056.629605688022,9107.30187460397]",9077.366515843867,"[8.862052182651608,8.843221633605692,8.893817923804832]",8.862052182651608,1024.0,16.0,8.0,8.0,25.0,17.0
density-crossover-avx2,cross/2/unit16/draw8/stride17/compact/update/window,1,3,"[4364.469927095938,4525.67010935594,4435.53918590493]",4435.53918590493,"[4364.48572296224,4526.184386390021,4435.554981772311]",4435.554981772311,"[4.262177663179627,4.419599716167911,4.331581236235284]",4.331581236235284,1024.0,16.0,8.0,8.0,25.0,17.0
density-crossover-avx2,cross/2/unit16/draw8/stride17/spread/sum/packet,1,3,"[1922.4356817869668,1933.0242658209627,1923.9080380531957]",1923.9080380531957,"[1922.4438163516677,1933.0312973937068,1924.1577278368202]",1924.1577278368202,"[1.8773785954950846,1.8877190095907839,1.878816443411324]",1.878816443411324,1024.0,16.0,8.0,16.0,33.0,17.0
density-crossover-avx2,cross/2/unit16/draw8/stride17/spread/sum/point,1,3,"[4163.54537340081,4166.603689378083,4163.2683725085535]",4163.54537340081,"[4168.636120202336,4167.529009223821,4173.313299611227]",4168.636120202336,"[4.065962278711728,4.068948915408283,4.065691770027884]",4.065962278711728,1024.0,16.0,8.0,16.0,33.0,17.0
density-crossover-avx2,cross/2/unit16/draw8/stride17/spread/sum/window,1,3,"[2101.2916103856674,2101.1188653760155,2106.8985441993004]",2101.2916103856674,"[2101.2991145135584,2101.1248686783283,2107.6821251696833]",2101.2991145135584,"[2.0520425882672533,2.051873891968765,2.0575181095696293]",2.0520425882672533,1024.0,16.0,8.0,16.0,33.0,17.0
density-crossover-avx2,cross/2/unit16/draw8/stride17/spread/update/packet,1,3,"[4019.7198975237416,4024.2997438091725,4039.1790492454707]",4024.2997438091725,"[4019.7312838032058,4024.3114147461542,4039.1932820935367]",4024.3114147461542,"[3.925507712425529,3.929980218563645,3.94451079027878]",3.929980218563645,1024.0,16.0,8.0,16.0,33.0,17.0
density-crossover-avx2,cross/2/unit16/draw8/stride17/spread/update/point,1,3,"[14052.86172344642,14049.514028056316,14042.69038076137]",14049.514028056316,"[14054.865731455613,14049.564128255523,14042.741482966447]",14049.564128255523,"[13.723497776803146,13.720228543023746,13.713564824962276]",13.720228543023746,1024.0,16.0,8.0,16.0,33.0,17.0
density-crossover-avx2,cross/2/unit16/draw8/stride17/spread/update/window,1,3,"[4122.154804270139,4150.784400949015,4123.821174377282]",4123.821174377282,"[4122.85765124438,4150.79626334304,4130.5741399772]",4130.5741399772,"[4.025541801045057,4.053500391551773,4.027169115602815]",4.027169115602815,1024.0,16.0,8.0,16.0,33.0,17.0
density-crossover-avx2,cross/2/unit16/draw8/stride64/compact/sum/packet,1,3,"[1850.6007137190954,1853.5416336240319,1846.4703938672235]",1850.6007137190954,"[1855.351044144938,1853.5467882629293,1846.4758128461438]",1853.5467882629293,"[1.807227259491304,1.8100992515859686,1.8031937440109604]",1.807227259491304,1024.0,16.0,8.0,8.0,72.0,64.0
density-crossover-avx2,cross/2/unit16/draw8/stride64/compact/sum/point,1,3,"[4199.039844218249,4263.366087477378,4190.990113840474]",4199.039844218249,"[4215.615638104782,4270.334631511716,4191.002396642371]",4215.615638104782,"[4.100624847869383,4.163443444802127,4.092763783047338]",4.100624847869383,1024.0,16.0,8.0,8.0,72.0,64.0
density-crossover-avx2,cross/2/unit16/draw8/stride64/compact/update/packet,1,3,"[4170.766222222361,4169.207407407519,4163.906666667151]",4169.207407407519,"[4170.781037036822,4170.416592589592,4163.918814819462]",4170.416592589592,"[4.073013888889024,4.071491608796405,4.066315104167139]",4.071491608796405,1024.0,16.0,8.0,8.0,72.0,64.0
density-crossover-avx2,cross/2/unit16/draw8/stride64/compact/update/point,1,3,"[9064.036245954652,9059.213592234053,9113.006472491981]",9064.036245954652,"[9064.062135920984,9060.391585761301,9113.033009702956]",9064.062135920984,"[8.851597896440092,8.846888273666067,8.89942038329295]",8.851597896440092,1024.0,16.0,8.0,8.0,72.0,64.0
density-crossover-avx2,cross/2/unit16/draw8/stride64/spread/sum/packet,1,3,"[1934.5386313465171,1919.821330022113,1935.2090231788268]",1934.5386313465171,"[1937.9823399586328,1920.1222406204895,1935.2145419433252]",1935.2145419433252,"[1.8891978821743334,1.87482551759972,1.889852561698073]",1.8891978821743334,1024.0,16.0,8.0,16.0,80.0,64.0
density-crossover-avx2,cross/2/unit16/draw8/stride64/spread/sum/point,1,3,"[4180.096019446896,4206.327863871133,4178.436645396258]",4180.096019446896,"[4180.110908536891,4208.755697356484,4178.44879975818]",4180.110908536891,"[4.08212501899111,4.107742054561653,4.080504536519783]",4.08212501899111,1024.0,16.0,8.0,16.0,80.0,64.0
density-crossover-avx2,cross/2/unit16/draw8/stride64/spread/update/packet,1,3,"[4113.454733116713,4094.324977882524,4091.803302860776]",4094.324977882524,"[4113.469772930271,4094.8731937441685,4091.8150987916324]",4094.8731937441685,"[4.01704563780929,3.9983642362134026,3.995901662949977]",3.9983642362134026,1024.0,16.0,8.0,16.0,80.0,64.0
density-crossover-avx2,cross/2/unit16/draw8/stride64/spread/update/point,1,3,"[14066.497487437191,14065.462311557836,14052.267336684301]",14065.462311557836,"[14066.53768845447,14088.900502514864,14053.895477385064]",14066.53768845447,"[13.736813952575382,13.7358030386307,13.722917320980763]",13.7358030386307,1024.0,16.0,8.0,16.0,80.0,64.0
density-crossover-avx2,cross/2/unit24/draw2/stride24/compact/sum/packet,1,3,"[1739.5313854152998,1733.5848706201643,1739.1551318559084]",1739.1551318559084,"[1739.9004580879064,1733.5911848451658,1742.3295778127472]",1739.9004580879064,"[1.698761118569629,1.6929539752150042,1.6983936834530353]",1.6983936834530353,1024.0,24.0,2.0,2.0,26.0,24.0
density-crossover-avx2,cross/2/unit24/draw2/stride24/compact/sum/point,1,3,"[2113.0084426351905,2110.314337403943,2111.1316146539234]",2111.1316146539234,"[2113.016131461198,2110.321875471003,2111.1376451060714]",2111.1376451060714,"[2.0634848072609286,2.0608538451210383,2.0616519674354716]",2.0616519674354716,1024.0,24.0,2.0,2.0,26.0,24.0
density-crossover-avx2,cross/2/unit24/draw2/stride24/compact/sum/window,1,3,"[1918.8684651942717,1917.0652781660692,1925.5138384119025]",1918.8684651942717,"[1919.2179200435744,1917.0708694436423,1925.5192899075237]",1919.2179200435744,"[1.873894985541281,1.872134060709052,1.8803846078241235]",1.873894985541281,1024.0,24.0,2.0,2.0,26.0,24.0
density-crossover-avx2,cross/2/unit24/draw2/stride24/compact/update/packet,1,3,"[3912.687744824153,3890.5190263007557,3892.984051482803]",3892.984051482803,"[3913.3033016170316,3890.5330162222076,3892.9983212067987]",3892.9983212067987,"[3.820984125804837,3.799334986621832,3.8017422377761747]",3.8017422377761747,1024.0,24.0,2.0,2.0,26.0,24.0
density-crossover-avx2,cross/2/unit24/draw2/stride24/compact/update/point,1,3,"[3777.2011308558795,3774.888529886544,3776.5387722131063]",3776.5387722131063,"[3779.826332792167,3774.9017232106767,3776.5525040378543]",3776.5525040378543,"[3.688672979351445,3.6864145799673276,3.6880261447393616]",3.6880261447393616,1024.0,24.0,2.0,2.0,26.0,24.0
density-crossover-avx2,cross/2/unit24/draw2/stride24/compact/update/window,1,3,"[4385.532876285462,4337.26581489533,4350.416017450408]",4350.416017450408,"[4391.204736681307,4337.2810844498645,4350.431910247683]",4350.431910247683,"[4.282746949497522,4.23561114735872,4.248453142041413]",4.248453142041413,1024.0,24.0,2.0,2.0,26.0,24.0
density-crossover-avx2,cross/2/unit24/draw2/stride24/spread/sum/packet,1,3,"[2255.2046183451866,2257.4575048106944,2245.8474983965266]",2255.2046183451866,"[2255.7819114842864,2257.7527261046166,2245.854073121896]",2255.7819114842864,"[2.2023482601027213,2.204548344541694,2.193210447652858]",2.2023482601027213,1024.0,24.0,2.0,24.0,48.0,24.0
density-crossover-avx2,cross/2/unit24/draw2/stride24/spread/sum/point,1,3,"[2175.582301419367,2109.734974328064,2108.647840531542]",2109.734974328064,"[2175.588492903888,2110.036997887553,2108.655391123258]",2110.036997887553,"[2.1245920912298506,2.0602880608672494,2.0592264067690835]",2.0602880608672494,1024.0,24.0,2.0,24.0,48.0,24.0
density-crossover-avx2,cross/2/unit24/draw2/stride24/spread/sum/window,1,3,"[1875.424852388665,1876.3600375737565,1878.1328502415802]",1876.3600375737565,"[1875.4302200746827,1876.6485507234308,1878.1382179285515]",1876.6485507234308,"[1.8314695824108056,1.8323828491931216,1.8341141115640434]",1.8323828491931216,1024.0,24.0,2.0,24.0,48.0,24.0
density-crossover-avx2,cross/2/unit24/draw2/stride24/spread/update/packet,1,3,"[4472.604300385207,4431.532413350468,4424.077663671405]",4431.532413350468,"[4472.620346599629,4431.545250319155,4439.282734272379]",4439.282734272379,"[4.36777763709493,4.327668372412567,4.320388343429108]",4.327668372412567,1024.0,24.0,2.0,24.0,48.0,24.0
density-crossover-avx2,cross/2/unit24/draw2/stride24/spread/update/point,1,3,"[4597.380718954413,4587.2009803917845,4593.515032679916]",4593.515032679916,"[4597.397385620137,4587.217647063313,4594.822222222001]",4594.822222222001,"[4.489629608353919,4.479688457413852,4.48585452410148]",4.48585452410148,1024.0,24.0,2.0,24.0,48.0,24.0
density-crossover-avx2,cross/2/unit24/draw2/stride24/spread/update/window,1,3,"[4385.12390213332,4390.434441656297,4389.202007527756]",4389.202007527756,"[4385.139585940564,4390.450439141524,4390.014429105697]",4390.014429105697,"[4.282347560677071,4.287533634429978,4.286330085476324]",4.286330085476324,1024.0,24.0,2.0,24.0,48.0,24.0
density-crossover-avx2,cross/2/unit24/draw2/stride25/compact/sum/packet,1,3,"[1731.9652141620986,1747.5111413716616,1765.965090368835]",1747.5111413716616,"[1731.9715276058832,1747.516216884723,1765.9701658796973]",1747.516216884723,"[1.6913722794551744,1.706553848995763,1.7245752835633152]",1.706553848995763,1024.0,24.0,2.0,2.0,27.0,25.0
density-crossover-avx2,cross/2/unit24/draw2/stride25/compact/sum/point,1,3,"[2111.251544163196,2110.6894688078883,2111.9033353922423]",2111.251544163196,"[2111.257566398819,2110.698733784294,2116.503242741233]",2111.257566398819,"[2.061769086096871,2.0612201843827034,2.0624056009689866]",2.061769086096871,1024.0,24.0,2.0,2.0,27.0,25.0
density-crossover-avx2,cross/2/unit24/draw2/stride25/compact/sum/window,1,3,"[2121.206226834496,2085.206078576716,2107.5279466271063]",2107.5279466271063,"[2121.5101556702725,2087.582802078423,2107.535507781774]",2107.535507781774,"[2.0714904558930627,2.0363340611100744,2.0581327603780335]",2.0581327603780335,1024.0,24.0,2.0,2.0,27.0,25.0
density-crossover-avx2,cross/2/unit24/draw2/stride25/compact/update/packet,1,3,"[3959.7193229899226,3952.5796897036507,3936.5968970383747]",3952.5796897036507,"[3961.0256699548295,3954.520733427459,3936.610719325429]",3954.520733427459,"[3.8669134013573463,3.859941103226221,3.8443329072640373]",3.859941103226221,1024.0,24.0,2.0,2.0,27.0,25.0
density-crossover-avx2,cross/2/unit24/draw2/stride25/compact/update/point,1,3,"[3775.845738942621,3774.672330097043,3775.686623516764]",3775.686623516764,"[3776.4902912620855,3774.686084144447,3777.134573894844]",3776.4902912620855,"[3.687349354436154,3.686203447360394,3.68719396827809]",3.68719396827809,1024.0,24.0,2.0,2.0,27.0,25.0
density-crossover-avx2,cross/2/unit24/draw2/stride25/compact/update/window,1,3,"[4535.37295213598,4557.386765178628,4553.590106007116]",4553.590106007116,"[4536.371988430725,4558.045615158875,4553.602955345086]",4553.602955345086,"[4.429075148570293,4.450573012869754,4.4468653378975755]",4.4468653378975755,1024.0,24.0,2.0,2.0,27.0,25.0
density-crossover-avx2,cross/2/unit24/draw2/stride25/spread/sum/packet,1,3,"[2245.1407324484,2252.331041100311,2243.536702383063]",2245.1407324484,"[2245.1488885341537,2252.650887576037,2245.826803133852]",2245.826803133852,"[2.1925202465316405,2.1995420323245223,2.19095381092096]",2.1925202465316405,1024.0,24.0,2.0,24.0,49.0,25.0
density-crossover-avx2,cross/2/unit24/draw2/stride25/spread/sum/point,1,3,"[2113.1822295971,2114.0799517271857,2178.8588022324802]",2114.0799517271857,"[2113.189923067975,2114.5128978704115,2178.8651380326705]",2114.5128978704115,"[2.063654521090918,2.06453120285858,2.1277917990551565]",2.06453120285858,1024.0,24.0,2.0,24.0,49.0,25.0
density-crossover-avx2,cross/2/unit24/draw2/stride25/spread/sum/window,1,3,"[2602.9102730818267,2608.72468883508,2603.59576444381]",2603.59576444381,"[2602.917518115058,2608.732305404416,2603.9394389724866]",2603.9394389724866,"[2.5419045635564714,2.547582703940508,2.5425739887146577]",2.5425739887146577,1024.0,24.0,2.0,24.0,49.0,25.0
density-crossover-avx2,cross/2/unit24/draw2/stride25/spread/update/packet,1,3,"[4469.719225888554,4438.088515228152,4422.587563452185]",4438.088515228152,"[4469.732233500463,4445.2906091324885,4423.0694796951375]",4445.2906091324885,"[4.364960181531791,4.334070815652492,4.318933167433775]",4.334070815652492,1024.0,24.0,2.0,24.0,49.0,25.0
density-crossover-avx2,cross/2/unit24/draw2/stride25/spread/update/point,1,3,"[4607.621771821049,4613.529257927459,4602.898005884433]",4607.621771821049,"[4608.197450144411,4613.545603141407,4603.398496240359]",4608.197450144411,"[4.499630636543994,4.505399665944784,4.495017583871517]",4.499630636543994,1024.0,24.0,2.0,24.0,49.0,25.0
density-crossover-avx2,cross/2/unit24/draw2/stride25/spread/update/window,1,3,"[5261.06440677965,5267.052730696489,5263.22975517875]",5263.22975517875,"[5261.082862524388,5272.262146893838,5264.623728814329]",5264.623728814329,"[5.137758209745751,5.14360618232079,5.139872807791748]",5.139872807791748,1024.0,24.0,2.0,24.0,49.0,25.0
density-crossover-avx2,cross/2/unit24/draw2/stride64/compact/sum/packet,1,3,"[1747.4123069256189,1756.010837070175,1756.7270802193366]",1756.010837070175,"[1747.4172894864034,1756.0159441938897,1759.9608868977894]",1756.0159441938897,"[1.7064573309820494,1.7148543330763426,1.7155537892766959]",1.7148543330763426,1024.0,24.0,2.0,2.0,66.0,64.0
density-crossover-avx2,cross/2/unit24/draw2/stride64/compact/sum/point,1,3,"[2124.7020532317656,2124.3186311786894,2124.622813688238]",2124.622813688238,"[2124.883041827199,2124.324714826411,2124.627528515364]",2124.627528515364,"[2.0749043488591465,2.074529913260439,2.0748269664924193]",2.0748269664924193,1024.0,24.0,2.0,2.0,66.0,64.0
density-crossover-avx2,cross/2/unit24/draw2/stride64/compact/update/packet,1,3,"[3967.436301173947,3957.7457772686676,3950.9977097050164]",3957.7457772686676,"[3967.9716575950365,3957.7569424515154,3951.0120240547667]",3957.7569424515154,"[3.8744495128651826,3.8649861106139336,3.858396200883805]",3.8649861106139336,1024.0,24.0,2.0,2.0,66.0,64.0
density-crossover-avx2,cross/2/unit24/draw2/stride64/compact/update/point,1,3,"[3781.4067979497813,3781.50957647725,3780.7431885623364]",3781.4067979497813,"[3781.9142163457855,3781.5230644750086,3780.756676553386]",3781.5230644750086,"[3.6927800761228338,3.6928804457785644,3.692132020080406]",3.6927800761228338,1024.0,24.0,2.0,2.0,66.0,64.0
density-crossover-avx2,cross/2/unit24/draw2/stride64/spread/sum/packet,1,3,"[2267.2907239818314,2267.4993535875583,2259.6856819650266]",2267.2907239818314,"[2268.213639304392,2267.504040079362,2259.6923076913536]",2267.504040079362,"[2.2141510976385073,2.2143548374878494,2.2067242987939713]",2.2141510976385073,1024.0,24.0,2.0,24.0,88.0,64.0
density-crossover-avx2,cross/2/unit24/draw2/stride64/spread/sum/point,1,3,"[2123.884615384566,2124.2252747252464,2122.56295133429]",2123.884615384566,"[2123.890737836841,2124.5345368907483,2122.570486656177]",2123.890737836841,"[2.0741060697114904,2.074438744848874,2.0728153821623927]",2.0741060697114904,1024.0,24.0,2.0,24.0,88.0,64.0
density-crossover-avx2,cross/2/unit24/draw2/stride64/spread/update/packet,1,3,"[4351.366197182858,4355.798122065795,4363.68888888912]",4355.798122065795,"[4351.375586854996,4356.415023474694,4363.701095463456]",4356.415023474694,"[4.249381051936385,4.253709103579878,4.261414930555781]",4.253709103579878,1024.0,24.0,2.0,24.0,88.0,64.0
density-crossover-avx2,cross/2/unit24/draw2/stride64/spread/update/point,1,3,"[4607.854324235546,4611.45840184189,4596.243341006551]",4607.854324235546,"[4607.867806638507,4619.959223938194,4596.256165738657]",4607.867806638507,"[4.499857738511276,4.503377345548721,4.48851888770171]",4.499857738511276,1024.0,24.0,2.0,24.0,88.0,64.0
density-crossover-avx2,cross/2/unit24/draw4/stride24/compact/sum/packet,1,3,"[1835.8031733543016,1847.8212693416986,1841.8143194335544]",1841.8143194335544,"[1836.2740624164621,1850.0047206929426,1842.273275634162]",1842.273275634162,"[1.7927765364788104,1.8045129583415023,1.7986467963218304]",1.7986467963218304,1024.0,24.0,4.0,4.0,28.0,24.0
density-crossover-avx2,cross/2/unit24/draw4/stride24/compact/sum/point,1,3,"[2712.916504476347,2904.2246010119993,2721.1376021799006]",2721.1376021799006,"[2712.9242896063547,2904.234916308214,2721.5017516520356]",2721.5017516520356,"[2.6493325239026824,2.8361568369257806,2.657360939628809]",2.657360939628809,1024.0,24.0,4.0,4.0,28.0,24.0
density-crossover-avx2,cross/2/unit24/draw4/stride24/compact/sum/window,1,3,"[1886.3567393059252,1906.6754102772973,1883.145816518771]",1886.3567393059252,"[1886.363465160904,1906.6809254810514,1883.3945386048333]",1886.363465160904,"[1.8421452532284428,1.861987705348923,1.8390095864441125]",1.8421452532284428,1024.0,24.0,4.0,4.0,28.0,24.0
density-crossover-avx2,cross/2/unit24/draw4/stride24/compact/update/packet,1,3,"[4236.639200242218,4233.636776734383,4234.252044835282]",4234.252044835282,"[4236.651317786588,4233.651923664039,4242.831263252387]",4236.651317786588,"[4.13734296898654,4.134410914779671,4.135011762534455]",4.135011762534455,1024.0,24.0,4.0,4.0,28.0,24.0
density-crossover-avx2,cross/2/unit24/draw4/stride24/compact/update/point,1,3,"[5265.525342211826,5179.436182019568,5176.890492045789]",5179.436182019568,"[5265.544580099878,5180.194228634729,5176.9056603719555]",5180.194228634729,"[5.142114592003735,5.0580431465034845,5.055557121138466]",5.0580431465034845,1024.0,24.0,4.0,4.0,28.0,24.0
density-crossover-avx2,cross/2/unit24/draw4/stride24/compact/update/window,1,3,"[4349.827796403005,4348.307223407844,4403.454739408468]",4349.827796403005,"[4354.689423956109,4348.316671746465,4404.107589150902]",4354.689423956109,"[4.24787870742481,4.246393772859222,4.300248768953582]",4.24787870742481,1024.0,24.0,4.0,4.0,28.0,24.0
density-crossover-avx2,cross/2/unit24/draw4/stride24/spread/sum/packet,1,3,"[2590.254142617625,2592.927760193783,2579.088810277187]",2590.254142617625,"[2590.645131259944,2592.937255632704,2579.0942096459275]",2590.645131259944,"[2.5295450611500243,2.532156015814241,2.5186414162863153]",2.5295450611500243,1024.0,24.0,4.0,24.0,48.0,24.0
density-crossover-avx2,cross/2/unit24/draw4/stride24/spread/sum/point,1,3,"[2811.0706658898603,2714.5303824498883,2716.0949330227227]",2716.0949330227227,"[2812.167928556359,2714.5400893040746,2716.1046398731155]",2716.1046398731155,"[2.7451861971580667,2.650908576611219,2.6524364580300026]",2.6524364580300026,1024.0,24.0,4.0,24.0,48.0,24.0
density-crossover-avx2,cross/2/unit24/draw4/stride24/spread/sum/window,1,3,"[1878.9221998660248,1877.8009389672154,1876.85915492965]",1877.8009389672154,"[1879.1396378260536,1877.8063044948665,1876.8645204551565]",1877.8063044948665,"[1.834884960806665,1.8337899794601713,1.8328702684859863]",1.8337899794601713,1024.0,24.0,4.0,24.0,48.0,24.0
density-crossover-avx2,cross/2/unit24/draw4/stride24/spread/update/packet,1,3,"[5419.156431053859,5397.692159134594,5399.789880262421]",5399.789880262421,"[5419.171881044744,5403.733487825068,5399.808806489643]",5403.733487825068,"[5.292144952201034,5.2711837491548765,5.273232304943771]",5.273232304943771,1024.0,24.0,4.0,24.0,48.0,24.0
density-crossover-avx2,cross/2/unit24/draw4/stride24/spread/update/point,1,3,"[7887.953265765839,7888.612612613229,7886.737049550013]",7887.953265765839,"[7889.0292792733635,7888.640765771713,7886.759572064397]",7888.640765771713,"[7.7030793610994515,7.703723254505107,7.701891649951184]",7.7030793610994515,1024.0,24.0,4.0,24.0,48.0,24.0
density-crossover-avx2,cross/2/unit24/draw4/stride24/spread/update/window,1,3,"[4721.461744966497,4699.729865771578,4697.729865771811]",4699.729865771578,"[4728.612751680644,4700.233221469044,4698.236912749519]",4700.233221469044,"[4.610802485318844,4.589579947042558,4.587626822042785]",4.589579947042558,1024.0,24.0,4.0,24.0,48.0,24.0
density-crossover-avx2,cross/2/unit24/draw4/stride25/compact/sum/packet,1,3,"[1859.778747026105,1857.2052603753145,1887.300422944931]",1859.778747026105,"[1859.7853555358324,1857.4459423753297,1887.3058419247902]",1859.7853555358324,"[1.8161901826426807,1.813677012085268,1.843066819282159]",1.8161901826426807,1024.0,24.0,4.0,4.0,29.0,25.0
density-crossover-avx2,cross/2/unit24/draw4/stride25/compact/sum/point,1,3,"[2715.9089143524347,2716.116721693266,2716.39269761133]",2716.116721693266,"[2715.916682855955,2716.516993589686,2716.4022140258307]",2716.4022140258307,"[2.6522547991722996,2.6524577360285804,2.6527272437610643]",2.6524577360285804,1024.0,24.0,4.0,4.0,29.0,25.0
density-crossover-avx2,cross/2/unit24/draw4/stride25/compact/sum/window,1,3,"[2045.6634756994374,2048.821060382965,2051.6739322534345]",2048.821060382965,"[2048.078939617208,2052.357142858069,2052.0228276913876]",2052.0228276913876,"[1.9977182379877318,2.0008018167802386,2.0035878244662446]",2.0008018167802386,1024.0,24.0,4.0,4.0,29.0,25.0
density-crossover-avx2,cross/2/unit24/draw4/stride25/compact/update/packet,1,3,"[4311.114005516444,4302.211155378474,4302.2788844623]",4302.2788844623,"[4311.126570638337,4302.22678516885,4302.796812750087]",4302.796812750087,"[4.2100722710121525,4.201378081424291,4.201444223107714]",4.201444223107714,1024.0,24.0,4.0,4.0,29.0,25.0
density-crossover-avx2,cross/2/unit24/draw4/stride25/compact/update/point,1,3,"[5180.435669262425,5188.908416759888,5182.10789766374]",5182.10789766374,"[5180.454579158609,5188.926585103164,5182.7497219179295]",5182.7497219179295,"[5.059019208264086,5.067293375742078,5.060652243812246]",5.060652243812246,1024.0,24.0,4.0,4.0,29.0,25.0
density-crossover-avx2,cross/2/unit24/draw4/stride25/compact/update/window,1,3,"[4571.066883116905,4573.722402597406,4574.404220779117]",4573.722402597406,"[4571.086363640305,4573.735714287395,4574.943506493615]",4573.735714287395,"[4.463932503043853,4.466525783786529,4.467191621854607]",4.466525783786529,1024.0,24.0,4.0,4.0,29.0,25.0
density-crossover-avx2,cross/2/unit24/draw4/stride25/spread/sum/packet,1,3,"[2604.9677716391657,2616.01583793728,2605.174401473178]",2605.174401473178,"[2604.9771639031733,4449.128729281037,5651.506445672149]",4449.128729281037,"[2.5439138394913727,2.5547029667356247,2.5441156264386504]",2.5441156264386504,1024.0,24.0,4.0,24.0,49.0,25.0
density-crossover-avx2,cross/2/unit24/draw4/stride25/spread/sum/point,1,3,"[2884.024296416265,2718.111965985188,2732.9469528245645]",2732.9469528245645,"[2952.408989674025,2719.4399676051326,2732.9548491605083]",2732.9548491605083,"[2.8164299769690087,2.65440621678241,2.6688935086177388]",2.6688935086177388,1024.0,24.0,4.0,24.0,49.0,25.0
density-crossover-avx2,cross/2/unit24/draw4/stride25/spread/sum/window,1,3,"[2541.2991079554145,2550.2648825776455,2543.676497360199]",2543.676497360199,"[2541.310030949541,2556.6750409607457,2543.6855998534184]",2543.6855998534184,"[2.4817374101127094,2.490493049392232,2.484059079453319]",2.484059079453319,1024.0,24.0,4.0,24.0,49.0,25.0
density-crossover-avx2,cross/2/unit24/draw4/stride25/spread/update/packet,1,3,"[5391.9864341087105,5395.191860465442,5387.917054263041]",5391.9864341087105,"[5392.006201543256,5395.211240316137,5390.199612410357]",5392.006201543256,"[5.2656117520592876,5.268742051235783,5.261637748303751]",5.2656117520592876,1024.0,24.0,4.0,24.0,49.0,25.0
density-crossover-avx2,cross/2/unit24/draw4/stride25/spread/update/point,1,3,"[7889.001688238866,7883.508722566729,7886.288688801057]",7886.288688801057,"[7910.6280247621135,7883.537422629377,7887.8761958297855]",7887.8761958297855,"[7.704103211170768,7.698738986881572,7.701453797657281]",7.701453797657281,1024.0,24.0,4.0,24.0,49.0,25.0
density-crossover-avx2,cross/2/unit24/draw4/stride25/spread/update/window,1,3,"[5384.801923076392,5380.367307692423,5398.763846153898]",5384.801923076392,"[5384.821538460581,5380.386923077979,5399.506153852284]",5384.821538460581,"[5.258595628004289,5.254264948918383,5.272230318509665]",5.258595628004289,1024.0,24.0,4.0,24.0,49.0,25.0
density-crossover-avx2,cross/2/unit24/draw4/stride64/compact/sum/packet,1,3,"[1870.3651424784673,1859.8151093440204,1863.7635520212018]",1863.7635520212018,"[1870.3732273030523,1865.8192180252804,1864.1385023212422]",1865.8192180252804,"[1.8265284594516282,1.81622569271877,1.820081593770705]",1.820081593770705,1024.0,24.0,4.0,4.0,68.0,64.0
density-crossover-avx2,cross/2/unit24/draw4/stride64/compact/sum/point,1,3,"[2735.6727948367484,2736.3340504594903,2745.48308233898]",2736.3340504594903,"[2735.680618034908,2736.3438294581456,2757.722667707846]",2736.3438294581456,"[2.671555463707762,2.672201221151846,2.6811358225966604]",2.672201221151846,1024.0,24.0,4.0,4.0,68.0,64.0
density-crossover-avx2,cross/2/unit24/draw4/stride64/compact/update/packet,1,3,"[4289.216199569023,4302.804434863194,4300.257160455911]",4300.257160455911,"[4289.228518635435,4302.816753930153,4308.388050510851]",4302.816753930153,"[4.188687694891624,4.201957455921088,4.199469883257725]",4.199469883257725,1024.0,24.0,4.0,4.0,68.0,64.0
density-crossover-avx2,cross/2/unit24/draw4/stride64/compact/update/point,1,3,"[5227.494335346804,5232.739803625405,5229.684667673864]",5229.684667673864,"[5227.513217523593,5232.754909370862,5229.703927488151]",5229.703927488151,"[5.104974936862114,5.110097464477935,5.107113933275258]",5.107113933275258,1024.0,24.0,4.0,4.0,68.0,64.0
density-crossover-avx2,cross/2/unit24/draw4/stride64/spread/sum/packet,1,3,"[2652.8678280628233,2621.3075175154877,2629.239916682389]",2629.239916682389,"[2653.8488922549836,2622.7523196350853,2629.2474910094243]",2629.2474910094243,"[2.590691238342601,2.5598706225737184,2.5676171061351454]",2.5676171061351454,1024.0,24.0,4.0,24.0,88.0,64.0
density-crossover-avx2,cross/2/unit24/draw4/stride64/spread/sum/point,1,3,"[2734.8364167479644,2731.033300876274,2730.0749756574614]",2731.033300876274,"[2735.894060372576,2731.0389483934355,2730.0829600811862]",2731.0389483934355,"[2.6707386882304336,2.667024707886987,2.6660888434154897]",2.667024707886987,1024.0,24.0,4.0,24.0,88.0,64.0
density-crossover-avx2,cross/2/unit24/draw4/stride64/spread/update/packet,1,3,"[5397.247969052599,5391.9671179888755,5393.220889749004]",5393.220889749004,"[5398.365957454476,5391.978723396075,5393.236363642908]",5393.236363642908,"[5.2707499697779285,5.265592888661011,5.266817275145511]",5.266817275145511,1024.0,24.0,4.0,24.0,88.0,64.0
density-crossover-avx2,cross/2/unit24/draw4/stride64/spread/update/point,1,3,"[7891.449887386714,7886.270270270119,7886.815878378363]",7886.815878378363,"[7905.183558548984,7886.298423411599,7886.838963964858]",7886.838963964858,"[7.706494030651088,7.701435810810664,7.70196863122887]",7.70196863122887,1024.0,24.0,4.0,24.0,88.0,64.0
density-crossover-avx2,cross/2/unit24/draw8/stride24/compact/sum/packet,1,3,"[1840.0560168709649,1849.3180440227025,1838.1764860945875]",1840.0560168709649,"[1840.4567022532947,1849.5223408469649,1838.3769605906336]",1840.4567022532947,"[1.7969297039755519,1.8059746523659206,1.7950942247017456]",1.7969297039755519,1024.0,24.0,8.0,8.0,32.0,24.0
density-crossover-avx2,cross/2/unit24/draw8/stride24/compact/sum/point,1,3,"[4164.839237868222,4162.69604048788,4161.960404882523]",4162.69604048788,"[4164.851443877638,4163.175052096334,4161.972610892469]",4163.175052096334,"[4.0672258182306855,4.065132852038945,4.064414457893089]",4.065132852038945,1024.0,24.0,8.0,8.0,32.0,24.0
density-crossover-avx2,cross/2/unit24/draw8/stride24/compact/sum/window,1,3,"[1707.0375563956447,1708.5435922449947,1713.013656870941]",1708.5435922449947,"[1707.042555785077,1708.747225947939,1713.019875624833]",1708.747225947939,"[1.6670288636676216,1.6684996018017528,1.6728648992880284]",1.6684996018017528,1024.0,24.0,8.0,8.0,32.0,24.0
density-crossover-avx2,cross/2/unit24/draw8/stride24/compact/update/packet,1,3,"[4163.159057437765,4162.352282768832,4134.098674521475]",4162.352282768832,"[4163.174079523517,4173.854491895144,4140.319882177592]",4163.174079523517,"[4.0655850170290675,4.064797151141438,4.037205736837378]",4.064797151141438,1024.0,24.0,8.0,8.0,32.0,24.0
density-crossover-avx2,cross/2/unit24/draw8/stride24/compact/update/point,1,3,"[9195.992884864672,9072.106080207297,9043.515523932094]",9072.106080207297,"[9196.02652004929,9073.547865452465,9043.548512284979]",9073.547865452465,"[8.980461801625657,8.859478593952439,8.831558128839935]",8.859478593952439,1024.0,24.0,8.0,8.0,32.0,24.0
density-crossover-avx2,cross/2/unit24/draw8/stride24/compact/update/window,1,3,"[4146.205950317824,4006.677065279869,4051.4428076257027]",4051.4428076257027,"[4146.218082032547,4007.199595605701,4051.454650494644]",4051.454650494644,"[4.04902924835725,3.912770571562372,3.9564871168219753]",3.9564871168219753,1024.0,24.0,8.0,8.0,32.0,24.0
density-crossover-avx2,cross/2/unit24/draw8/stride24/spread/sum/packet,1,3,"[3525.0125722904318,3519.9786271058397,3523.1093789288]",3523.1093789288,"[3525.02539603423,3519.988684940549,3524.4873019811334]",3524.4873019811334,"[3.4423950901273743,3.4374791280330466,3.440536502860156]",3.440536502860156,1024.0,24.0,8.0,24.0,48.0,24.0
density-crossover-avx2,cross/2/unit24/draw8/stride24/spread/sum/point,1,3,"[4161.660225921248,4165.129310344856,4166.155172413685]",4165.129310344856,"[4161.66944114093,4165.144470869825,4174.8739595698]",4165.144470869825,"[4.0641213143762185,4.0675090921336485,4.06851091056024]",4.0675090921336485,1024.0,24.0,8.0,24.0,48.0,24.0
density-crossover-avx2,cross/2/unit24/draw8/stride24/spread/sum/window,1,3,"[1880.2267558526653,1877.25685618734,1877.1218729095108]",1877.25685618734,"[1883.208829430378,1877.2622073595396,1877.4870903008534]",1877.4870903008534,"[1.8361589412623687,1.8332586486204494,1.8331268290131941]",1.8332586486204494,1024.0,24.0,8.0,24.0,48.0,24.0
density-crossover-avx2,cross/2/unit24/draw8/stride24/spread/update/packet,1,3,"[6709.939525882536,6694.9516207068045,6688.580551524075]",6694.9516207068045,"[6709.963715527072,6694.9709724215745,6704.017900335586]",6704.017900335586,"[6.552675318244665,6.53803869209649,6.53181694484773]",6.53803869209649,1024.0,24.0,8.0,24.0,48.0,24.0
density-crossover-avx2,cross/2/unit24/draw8/stride24/spread/update/point,1,3,"[14067.829488464073,14050.336008023856,14072.423269808694]",14067.829488464073,"[14071.660982943837,14050.386158481142,14072.463390146371]",14071.660982943837,"[13.738114734828198,13.721031257835795,13.742600849422551]",13.738114734828198,1024.0,24.0,8.0,24.0,48.0,24.0
density-crossover-avx2,cross/2/unit24/draw8/stride24/spread/update/window,1,3,"[5397.26232052781,5451.193636010622,5420.040745052568]",5420.040745052568,"[5397.281722930489,5451.209157926285,5420.060535514425]",5420.060535514425,"[5.270763984890439,5.323431285166623,5.293008540090398]",5.293008540090398,1024.0,24.0,8.0,24.0,48.0,24.0
density-crossover-avx2,cross/2/unit24/draw8/stride25/compact/sum/packet,1,3,"[1841.4523339908792,1841.9758053911405,1842.4227481920045]",1841.9758053911405,"[1841.7128205155373,1841.9809335964596,1845.7299145277213]",1841.9809335964596,"[1.7982932949129682,1.7988044974522857,1.7992409650312544]",1.7988044974522857,1024.0,24.0,8.0,8.0,33.0,25.0
density-crossover-avx2,cross/2/unit24/draw8/stride25/compact/sum/point,1,3,"[4166.824365175806,4164.898730350222,4163.958887545539]",4164.898730350222,"[4167.571039906987,4164.910822247503,4163.970677146408]",4164.910822247503,"[4.069164419116998,4.067283916357638,4.066366101118691]",4.067283916357638,1024.0,24.0,8.0,8.0,33.0,25.0
density-crossover-avx2,cross/2/unit24/draw8/stride25/compact/sum/window,1,3,"[2058.0371022143736,2061.3455052059667,2070.621205455309]",2061.3455052059667,"[2064.453145623505,2061.8515911427753,2070.627071419327]",2064.453145623505,"[2.009801857631224,2.013032719927702,2.02209102095245]",2.013032719927702,1024.0,24.0,8.0,8.0,33.0,25.0
density-crossover-avx2,cross/2/unit24/draw8/stride25/compact/update/packet,1,3,"[4194.607099514648,4223.199332524127,4166.2821601939695]",4194.607099514648,"[4194.622269418815,4223.842536410181,4166.29399271922]",4194.622269418815,"[4.096295995619773,4.124218098168093,4.0686349220644225]",4.096295995619773,1024.0,24.0,8.0,8.0,33.0,25.0
density-crossover-avx2,cross/2/unit24/draw8/stride25/compact/update/point,1,3,"[9055.17475728185,9187.110032362294,9076.33398058248]",9076.33398058248,"[9055.20776699217,9188.37281554402,9076.359870536162]",9076.359870536162,"[8.842944098908054,8.971787140978803,8.863607402912578]",8.863607402912578,1024.0,24.0,8.0,8.0,33.0,25.0
density-crossover-avx2,cross/2/unit24/draw8/stride25/compact/update/window,1,3,"[4264.024353577715,4226.911004209303,4169.803066746778]",4226.911004209303,"[4268.772098613343,4407.386650637529,4170.723090798376]",4268.772098613343,"[4.164086282790738,4.127842777548148,4.0720733073699]",4.127842777548148,1024.0,24.0,8.0,8.0,33.0,25.0
density-crossover-avx2,cross/2/unit24/draw8/stride25/spread/sum/packet,1,3,"[3573.5111281657437,3550.1522128420856,3521.426451778205]",3550.1522128420856,"[3573.5241749814104,3552.244819645538,3521.4389869512975]",3552.244819645538,"[3.489756961099359,3.4669455203535997,3.438893019314653]",3.4669455203535997,1024.0,24.0,8.0,24.0,49.0,25.0
density-crossover-avx2,cross/2/unit24/draw8/stride25/spread/sum/point,1,3,"[4163.192387748843,4173.5191793038075,4164.56913470079]",4164.56913470079,"[4163.207255427743,4175.972643476043,4164.581028843909]",4164.581028843909,"[4.06561756616098,4.0757023235388745,4.06696204560624]",4.06696204560624,1024.0,24.0,8.0,24.0,49.0,25.0
density-crossover-avx2,cross/2/unit24/draw8/stride25/spread/sum/window,1,3,"[2327.7754763878065,2319.7340513672516,2323.450869925604]",2323.450869925604,"[2327.782270092648,2319.7425020715873,2323.7425020752403]",2323.7425020752403,"[2.273218238659967,2.2653652845383316,2.2689949901617226]",2.2689949901617226,1024.0,24.0,8.0,24.0,49.0,25.0
density-crossover-avx2,cross/2/unit24/draw8/stride25/spread/update/packet,1,3,"[6716.608591885831,6696.909785203036,6710.331742243394]",6710.331742243394,"[6716.632935564959,6726.7904534640375,6784.977088308896]",6726.7904534640375,"[6.559188078013507,6.53995096211234,6.553058342034565]",6.553058342034565,1024.0,24.0,8.0,24.0,49.0,25.0
density-crossover-avx2,cross/2/unit24/draw8/stride25/spread/update/point,1,3,"[14067.720440882564,14036.97895791657,14033.082164327358]",14036.97895791657,"[14070.155310622373,14037.019038076647,14035.055110229312]",14037.019038076647,"[13.738008243049379,13.7079872635904,13.704181801100937]",13.7079872635904,1024.0,24.0,8.0,24.0,49.0,25.0
density-crossover-avx2,cross/2/unit24/draw8/stride25/spread/update/window,1,3,"[5891.444863732116,5943.306079664487,5873.470020964202]",5891.444863732116,"[5891.461215939939,5943.322851152109,5874.270859537111]",5891.461215939939,"[5.753364124738394,5.80400984342235,5.735810567347855]",5.753364124738394,1024.0,24.0,8.0,24.0,49.0,25.0
density-crossover-avx2,cross/2/unit24/draw8/stride64/compact/sum/packet,1,3,"[1849.6556902002649,1846.9988145415512,1856.4575869337443]",1849.6556902002649,"[1849.6608271867574,1847.0027660726098,1862.1596417288242]",1849.6608271867574,"[1.8063043849611964,1.8037097798257336,1.8129468622399845]",1.8063043849611964,1024.0,24.0,8.0,8.0,72.0,64.0
density-crossover-avx2,cross/2/unit24/draw8/stride64/compact/sum/point,1,3,"[4192.751123090647,4192.304582210437,4191.232704402335]",4192.304582210437,"[4192.7598083248695,4192.31356693023,4191.238394729783]",4192.31356693023,"[4.09448351864321,4.09404744356488,4.093000687892905]",4.09404744356488,1024.0,24.0,8.0,8.0,72.0,64.0
density-crossover-avx2,cross/2/unit24/draw8/stride64/compact/update/packet,1,3,"[4148.488358209133,4109.6582089554,4106.840298507266]",4109.6582089554,"[4148.497014920965,4109.666865664581,4106.849253734009]",4109.666865664581,"[4.051258162313607,4.013338094683008,4.010586229011002]",4.013338094683008,1024.0,24.0,8.0,8.0,72.0,64.0
density-crossover-avx2,cross/2/unit24/draw8/stride64/compact/update/point,1,3,"[9053.061143984034,9045.28928336648,9047.708744246787]",9047.708744246787,"[9053.072978312714,9045.295857986646,9047.73438526988]",9047.73438526988,"[8.840880023421908,8.833290315787577,8.835653070553505]",8.835653070553505,1024.0,24.0,8.0,8.0,72.0,64.0
density-crossover-avx2,cross/2/unit24/draw8/stride64/spread/sum/packet,1,3,"[3528.729135052917,3535.9825493173475,3541.126960040871]",3535.9825493173475,"[3529.4145169438766,3537.0599392992194,3541.1368234738216]",3537.0599392992194,"[3.446024545950115,3.453107958317722,3.458131796914913]",3.453107958317722,1024.0,24.0,8.0,24.0,88.0,64.0
density-crossover-avx2,cross/2/unit24/draw8/stride64/spread/sum/point,1,3,"[4178.047505229029,4179.1350463103545,4179.98087839872]",4179.1350463103545,"[4178.872124296479,4180.132954880725,4179.992530627681]",4179.992530627681,"[4.080124516825224,4.0811865686624555,4.08201257656125]",4.0811865686624555,1024.0,24.0,8.0,24.0,88.0,64.0
density-crossover-avx2,cross/2/unit24/draw8/stride64/spread/update/packet,1,3,"[6783.981122943013,6782.1568247818395,6747.538722168649]",6782.1568247818395,"[6794.305421104161,6782.1708615725,6747.5532429830155]",6782.1708615725,"[6.6249815653740365,6.623200024201015,6.589393283367821]",6.623200024201015,1024.0,24.0,8.0,24.0,88.0,64.0
density-crossover-avx2,cross/2/unit24/draw8/stride64/spread/update/point,1,3,"[14065.210631895046,14051.750250753244,14053.656970912918]",14053.656970912918,"[14100.577733213946,14051.790371092704,14053.686058175326]",14053.686058175326,"[13.735557257710008,13.722412354251217,13.724274385657145]",13.724274385657145,1024.0,24.0,8.0,24.0,88.0,64.0
density-crossover-avx2,cross/2/unit32/draw2/stride32/compact/sum/packet,1,3,"[1738.5217552991542,1739.2952770545967,1737.0145035330615]",1738.5217552991542,"[1739.031238379343,1739.7303830407398,1737.0194620051611]",1739.031238379343,"[1.6977751516593302,1.6985305439986296,1.6963032261065054]",1.6977751516593302,1024.0,32.0,2.0,2.0,34.0,32.0
density-crossover-avx2,cross/2/unit32/draw2/stride32/compact/sum/point,1,3,"[2111.8126318964187,2112.6808863430183,2112.6418450406195]",2112.6418450406195,"[2111.8171540537633,2112.9974374446997,2112.644709074354]",2112.644709074354,"[2.062317023336346,2.063164928069354,2.0631268017974804]",2.0631268017974804,1024.0,32.0,2.0,2.0,34.0,32.0
density-crossover-avx2,cross/2/unit32/draw2/stride32/compact/sum/window,1,3,"[2043.0024832018512,2042.2604440550028,2036.717207128171]",2042.2604440550028,"[2043.0054046165762,2042.2648261744957,2036.9843704381158]",2042.2648261744957,"[1.9951196125018078,1.9943949648974635,1.9889816475861042]",1.9943949648974635,1024.0,32.0,2.0,2.0,34.0,32.0
density-crossover-avx2,cross/2/unit32/draw2/stride32/compact/update/packet,1,3,"[3798.731958763204,3815.8803581117027,3802.744438415895]",3802.744438415895,"[3798.7398263739087,3824.681497558285,3803.625881715989]",3803.625881715989,"[3.7096991784796907,3.726445662218459,3.7136176156405223]",3.7136176156405223,1024.0,32.0,2.0,2.0,34.0,32.0
density-crossover-avx2,cross/2/unit32/draw2/stride32/compact/update/point,1,3,"[3774.733207445182,3774.5387105476207,3777.7137847312288]",3774.733207445182,"[3774.743997841184,3774.54950094554,3786.6509306738108]",3774.743997841184,"[3.686262897895686,3.686072959519161,3.68917361790159]",3.686262897895686,1024.0,32.0,2.0,2.0,34.0,32.0
density-crossover-avx2,cross/2/unit32/draw2/stride32/compact/update/window,1,3,"[4232.127283800167,4232.264007308579,4238.177527405782]",4232.264007308579,"[4232.139159561875,4232.2761875813385,4239.891900118864]",4232.2761875813385,"[4.1329368005861005,4.133070319637284,4.138845241607209]",4.133070319637284,1024.0,32.0,2.0,2.0,34.0,32.0
density-crossover-avx2,cross/2/unit32/draw2/stride32/spread/sum/packet,1,3,"[2240.2457600000503,2248.572000000024,2246.316160000106]",2246.316160000106,"[2240.2519999968717,2248.576800002411,2246.3209600027767]",2246.3209600027767,"[2.187740000000049,2.1958710937500237,2.1936681250001033]",2.1936681250001033,1024.0,32.0,2.0,32.0,64.0,32.0
density-crossover-avx2,cross/2/unit32/draw2/stride32/spread/sum/point,1,3,"[2117.3098229151815,2133.0838504615576,2116.9374905402706]",2117.3098229151815,"[2117.633570455032,2137.0024216768447,2116.9433933689397]",2117.633570455032,"[2.067685373940607,2.083089697716365,2.067321768105733]",2.067685373940607,1024.0,32.0,2.0,32.0,64.0,32.0
density-crossover-avx2,cross/2/unit32/draw2/stride32/spread/sum/window,1,3,"[2128.9585232452337,2126.905955636529,2129.969006381003]",2128.9585232452337,"[2129.3187481031778,2126.9105135239365,2131.094652077917]",2129.3187481031778,"[2.0790610578566735,2.077056597301298,2.0800478577939487]",2.0790610578566735,1024.0,32.0,2.0,32.0,64.0,32.0
density-crossover-avx2,cross/2/unit32/draw2/stride32/spread/update/packet,1,3,"[4351.204912935161,4348.524564676726,4368.742537313317]",4351.204912935161,"[4351.8392412862,4348.533893030183,4368.754975125844]",4351.8392412862,"[4.249223547788243,4.246606020192115,4.2663501340950365]",4.249223547788243,1024.0,32.0,2.0,32.0,64.0,32.0
density-crossover-avx2,cross/2/unit32/draw2/stride32/spread/update/point,1,3,"[4608.314257684965,4603.209941137595,4619.115434924698]",4608.314257684965,"[4608.89306736301,4603.222694570524,4619.125572277177]",4608.89306736301,"[4.5003068922704745,4.495322208142182,4.5108549169186505]",4.5003068922704745,1024.0,32.0,2.0,32.0,64.0,32.0
density-crossover-avx2,cross/2/unit32/draw2/stride32/spread/update/window,1,3,"[4269.800608828233,4246.126636225288,4275.608828006164]",4269.800608828233,"[4276.954337901176,4246.64079147463,4276.086757987769]",4276.086757987769,"[4.169727157058821,4.146608043188758,4.1753992460997695]",4.169727157058821,1024.0,32.0,2.0,32.0,64.0,32.0
density-crossover-avx2,cross/2/unit32/draw2/stride33/compact/sum/packet,1,3,"[1754.0617144294204,1758.4999999997776,1730.8741830066313]",1754.0617144294204,"[1756.366892911126,1758.7589240817738,1730.879084965812]",1756.366892911126,"[1.7129508929974808,1.7172851562497828,1.6903068193424133]",1.7129508929974808,1024.0,32.0,2.0,2.0,35.0,33.0
density-crossover-avx2,cross/2/unit32/draw2/stride33/compact/sum/point,1,3,"[2112.1258118109868,2169.404319589147,2113.5062679353664]",2113.5062679353664,"[2112.1303428500423,2169.674671500372,2113.5123093177335]",2113.5123093177335,"[2.0626228630966668,2.118558905848776,2.0639709647806312]",2.0639709647806312,1024.0,32.0,2.0,2.0,35.0,33.0
density-crossover-avx2,cross/2/unit32/draw2/stride33/compact/sum/window,1,3,"[2048.0390293816686,2050.2508405203344,2049.4876480045714]",2049.4876480045714,"[2048.0434147055544,2054.548457830709,2049.7756175988184]",2049.7756175988184,"[2.0000381146305357,2.002198086445639,2.0014527812544642]",2.0014527812544642,1024.0,32.0,2.0,2.0,35.0,33.0
density-crossover-avx2,cross/2/unit32/draw2/stride33/compact/update/packet,1,3,"[3747.6138799575824,3743.6591639869007,3734.8512861738295]",3743.6591639869007,"[3747.6221865006028,3744.2912647385388,3735.346998931798]",3744.2912647385388,"[3.6597791796460766,3.6559171523309573,3.6473157091541304]",3.6559171523309573,1024.0,32.0,2.0,2.0,35.0,33.0
density-crossover-avx2,cross/2/unit32/draw2/stride33/compact/update/point,1,3,"[3775.7541824069167,3774.485968698975,3776.5018888289687]",3775.7541824069167,"[3775.7649757193144,3774.4940636812357,3781.1376146780894]",3775.7649757193144,"[3.6872599437567546,3.6860214538075926,3.68799012580954]",3.6872599437567546,1024.0,32.0,2.0,2.0,35.0,33.0
density-crossover-avx2,cross/2/unit32/draw2/stride33/compact/update/window,1,3,"[4332.743376463135,4285.971965496023,4288.486136783832]",4288.486136783832,"[4332.755699323606,4285.984288352115,4288.498151574993]",4288.498151574993,"[4.231194703577281,4.18551949755471,4.187974742952961]",4.187974742952961,1024.0,32.0,2.0,2.0,35.0,33.0
density-crossover-avx2,cross/2/unit32/draw2/stride33/spread/sum/packet,1,3,"[2251.965434083648,2258.3964630223245,2263.086012861739]",2258.3964630223245,"[2251.9704180086032,2260.2580385882625,2263.0924437332947]",2260.2580385882625,"[2.1991849942223123,2.2054652959202388,2.210044934435292]",2.2054652959202388,1024.0,32.0,2.0,32.0,65.0,33.0
density-crossover-avx2,cross/2/unit32/draw2/stride33/spread/sum/point,1,3,"[2115.8406344409254,2115.047734138947,2115.5581570997765]",2115.5581570997765,"[2116.177492448006,2115.052265860571,2115.562688820059]",2115.562688820059,"[2.066250619571216,2.0654763028700653,2.0659747627927505]",2.0659747627927505,1024.0,32.0,2.0,32.0,65.0,33.0
density-crossover-avx2,cross/2/unit32/draw2/stride33/spread/update/packet,1,3,"[4347.973948524812,4341.1475204017515,4346.3229755179045]",4346.3229755179045,"[4348.488700567435,4341.159447582485,4346.335530452886]",4346.335530452886,"[4.246068309106262,4.2394018753923355,4.244456030779204]",4.244456030779204,1024.0,32.0,2.0,32.0,65.0,33.0
density-crossover-avx2,cross/2/unit32/draw2/stride33/spread/update/point,1,3,"[4605.2730542839445,4603.814911707274,4610.384238064207]",4605.2730542839445,"[4621.097449305236,4603.8276651361375,4610.394048397408]",4610.394048397408,"[4.4973369670741645,4.495912999714135,4.502328357484577]",4.4973369670741645,1024.0,32.0,2.0,32.0,65.0,33.0
density-crossover-avx2,cross/2/unit32/draw2/stride64/compact/sum/packet,1,3,"[1747.6639087375863,1751.4975554720418,1747.2564874013824]",1747.6639087375863,"[1747.6689231573434,1751.9825749040665,1747.2601228542753]",1747.6689231573434,"[1.7067030358765491,1.710446831515666,1.7063051634779123]",1.7067030358765491,1024.0,32.0,2.0,2.0,66.0,64.0
density-crossover-avx2,cross/2/unit32/draw2/stride64/compact/sum/point,1,3,"[2123.7549317147527,2124.0009104703095,2123.46206373299]",2123.7549317147527,"[2123.761001517986,2124.2526555367817,2123.4650986329893]",2123.761001517986,"[2.073979425502688,2.0742196391311616,2.073693421614248]",2.073979425502688,1024.0,32.0,2.0,2.0,66.0,64.0
density-crossover-avx2,cross/2/unit32/draw2/stride64/compact/update/packet,1,3,"[3748.3898984499333,3781.679850347482,3744.049973276496]",3748.3898984499333,"[3748.3979155542243,3782.125868518035,3744.0606627482516]",3748.3979155542243,"[3.660537010205013,3.693046728854963,3.656298802027828]",3.660537010205013,1024.0,32.0,2.0,2.0,66.0,64.0
density-crossover-avx2,cross/2/unit32/draw2/stride64/compact/update/point,1,3,"[3780.9362334504153,3782.2601999460703,3782.3820589031125]",3782.2601999460703,"[3780.944339365046,3791.2307484481134,3789.8043771990733]",3789.8043771990733,"[3.6923205404789208,3.6936134765098347,3.6937324793975703]",3.6936134765098347,1024.0,32.0,2.0,2.0,66.0,64.0
density-crossover-avx2,cross/2/unit32/draw2/stride64/spread/sum/packet,1,3,"[2273.8002268309688,2260.6782242385125,2267.0277057681074]",2267.0277057681074,"[2273.8050874929963,2260.6829228761894,2267.9139663012047]",2267.9139663012047,"[2.220508034014618,2.2076935783579223,2.2138942439141673]",2.2138942439141673,1024.0,32.0,2.0,32.0,96.0,64.0
density-crossover-avx2,cross/2/unit32/draw2/stride64/spread/sum/point,1,3,"[2134.389037223266,2133.2095178264294,2134.968745091942]",2134.389037223266,"[2134.393591955649,2133.214072560487,2135.3139626193683]",2134.393591955649,"[2.0843642941633456,2.083212419752373,2.0849304151288495]",2.0843642941633456,1024.0,32.0,2.0,32.0,96.0,64.0
density-crossover-avx2,cross/2/unit32/draw2/stride64/spread/update/packet,1,3,"[4354.933333332851,4336.0981308410865,4344.621806853237]",4344.621806853237,"[4354.945482863247,4336.104361367323,4344.633956384739]",4344.633956384739,"[4.2528645833328635,4.2344708308994985,4.242794733255114]",4.242794733255114,1024.0,32.0,2.0,32.0,96.0,64.0
density-crossover-avx2,cross/2/unit32/draw2/stride64/spread/update/point,1,3,"[4582.755443886292,4638.725293132465,4596.534338358523]",4596.534338358523,"[4582.765159126406,4638.735343388123,4599.190619767536]",4599.190619767536,"[4.475347113170207,4.5300051690746725,4.488803064803245]",4.488803064803245,1024.0,32.0,2.0,32.0,96.0,64.0
density-crossover-avx2,cross/2/unit32/draw4/stride32/compact/sum/packet,1,3,"[1834.702426229623,1844.0242622949095,1857.1403278687578]",1844.0242622949095,"[1834.9645901640752,1846.204065572476,1857.1442622927502]",1846.204065572476,"[1.7917015881148664,1.8008049436473725,1.8136136014343338]",1.8008049436473725,1024.0,32.0,4.0,4.0,36.0,32.0
density-crossover-avx2,cross/2/unit32/draw4/stride32/compact/sum/point,1,3,"[2797.1624247134732,2728.343889644297,2718.075578006543]",2728.343889644297,"[2797.852341167729,2728.3495239910735,2718.0835438128706]",2728.3495239910735,"[2.731603930384251,2.664398329730759,2.6543706816470145]",2.664398329730759,1024.0,32.0,4.0,4.0,36.0,32.0
density-crossover-avx2,cross/2/unit32/draw4/stride32/compact/sum/window,1,3,"[2119.952279957603,2127.3558551735728,2117.6980760490796]",2119.952279957603,"[2120.218906228766,2127.3602484441844,2117.7026208148623]",2120.218906228766,"[2.0702658983960966,2.077495952317942,2.0680645273916793]",2.0702658983960966,1024.0,32.0,4.0,4.0,36.0,32.0
density-crossover-avx2,cross/2/unit32/draw4/stride32/compact/update/packet,1,3,"[4235.115116631548,4231.589215389429,4230.725537716107]",4231.589215389429,"[4242.149348677359,4232.046349596184,4231.549530443804]",4232.046349596184,"[4.135854606085495,4.1324113431537395,4.131567907925886]",4.1324113431537395,1024.0,32.0,4.0,4.0,36.0,32.0
density-crossover-avx2,cross/2/unit32/draw4/stride32/compact/update/point,1,3,"[5174.08792020689,5173.574067233255,5176.023272995973]",5174.08792020689,"[5174.102327300148,5174.205762846202,5182.258958259852]",5174.205762846202,"[5.052820234577041,5.0523184250324755,5.0547102275351286]",5.052820234577041,1024.0,32.0,4.0,4.0,36.0,32.0
density-crossover-avx2,cross/2/unit32/draw4/stride32/compact/update/window,1,3,"[4585.513779527462,4593.7089895015,4591.708005249483]",4591.708005249483,"[4585.520013123778,4594.381889759616,4591.717519678389]",4591.717519678389,"[4.4780408003197865,4.486043935060058,4.484089848876448]",4.484089848876448,1024.0,32.0,4.0,4.0,36.0,32.0
density-crossover-avx2,cross/2/unit32/draw4/stride32/spread/sum/packet,1,3,"[2585.863322766958,2624.3194107775284,2633.6240909936014]",2624.3194107775284,"[2585.8689166484596,2630.0102554535456,2633.629684879409]",2630.0102554535456,"[2.5252571511396074,2.56281192458743,2.5718985263609384]",2.56281192458743,1024.0,32.0,4.0,32.0,64.0,32.0
density-crossover-avx2,cross/2/unit32/draw4/stride32/spread/sum/point,1,3,"[2712.045498547914,2722.945982574822,2714.2178121976895]",2714.2178121976895,"[2712.051500484863,2722.951597289023,2714.5876089069807]",2714.5876089069807,"[2.6484819321756974,2.659126936108225,2.6506033322243057]",2.6506033322243057,1024.0,32.0,4.0,32.0,64.0,32.0
density-crossover-avx2,cross/2/unit32/draw4/stride32/spread/sum/window,1,3,"[2129.530358226953,2126.743321190123,2128.6649969641735]",2128.6649969641735,"[2129.5347601710523,2126.7493928357717,2128.9231936871647]",2128.9231936871647,"[2.079619490456009,2.0768977745997295,2.0787744110978252]",2.0787744110978252,1024.0,32.0,4.0,32.0,64.0,32.0
density-crossover-avx2,cross/2/unit32/draw4/stride32/spread/update/packet,1,3,"[5422.558365758362,5418.3054474710425,5392.126848248722]",5418.3054474710425,"[5422.570038912461,5424.815175099757,5392.998054473913]",5422.570038912461,"[5.2954671540609,5.291313913545941,5.265748875242893]",5.291313913545941,1024.0,32.0,4.0,32.0,64.0,32.0
density-crossover-avx2,cross/2/unit32/draw4/stride32/spread/update/point,1,3,"[7884.168171557581,7891.5998871325955,7887.9317155752715]",7887.9317155752715,"[7884.190180585741,7893.281602718044,7889.077313763944]",7889.077313763944,"[7.6993829800367,7.706640514777925,7.703058315991477]",7.703058315991477,1024.0,32.0,4.0,32.0,64.0,32.0
density-crossover-avx2,cross/2/unit32/draw4/stride32/spread/update/window,1,3,"[4917.689279437185,4917.101933215848,4918.167311071848]",4917.689279437185,"[4917.69947276027,4917.112478036556,4919.017574690158]",4917.69947276027,"[4.802430936950376,4.801857356656101,4.802897764718601]",4.802430936950376,1024.0,32.0,4.0,32.0,64.0,32.0
density-crossover-avx2,cross/2/unit32/draw4/stride33/compact/sum/packet,1,3,"[1846.4194865044756,1847.601711652419,1867.9718235682083]",1847.601711652419,"[1846.4233048044343,1847.6056616205312,1867.9757735353849]",1847.6056616205312,"[1.803144029789527,1.8042985465355657,1.8241912339533284]",1.8042985465355657,1024.0,32.0,4.0,4.0,37.0,33.0
density-crossover-avx2,cross/2/unit32/draw4/stride33/compact/sum/point,1,3,"[2719.665740924112,2719.9077563975234,2717.606824042738]",2719.665740924112,"[2721.05018845298,2720.558222577594,2720.7667129504803]",2720.7667129504803,"[2.655923575121203,2.6561599183569564,2.6539129141042364]",2.655923575121203,1024.0,32.0,4.0,4.0,37.0,33.0
density-crossover-avx2,cross/2/unit32/draw4/stride33/compact/sum/window,1,3,"[2108.1045112783922,2110.8744360901496,2104.209924812136]",2108.1045112783922,"[2108.453383456456,2110.8789473713896,2104.2157894734737]",2108.453383456456,"[2.058695811795305,2.0614008164942867,2.054892504699351]",2.058695811795305,1024.0,32.0,4.0,4.0,37.0,33.0
density-crossover-avx2,cross/2/unit32/draw4/stride33/compact/update/packet,1,3,"[4243.192107678053,4278.031508106778,4241.237687366252]",4243.192107678053,"[4243.776384215201,4278.04374426944,4241.246558581968]",4243.776384215201,"[4.143742292654348,4.177765144635526,4.141833679068606]",4.143742292654348,1024.0,32.0,4.0,4.0,37.0,33.0
density-crossover-avx2,cross/2/unit32/draw4/stride33/compact/update/point,1,3,"[5186.8072065378,5184.196136701642,5177.999628528633]",5184.196136701642,"[5187.446136705943,5184.210624074805,5178.0144873675745]",5184.210624074805,"[5.06524141263457,5.062691539747697,5.056640262234994]",5.062691539747697,1024.0,32.0,4.0,4.0,37.0,33.0
density-crossover-avx2,cross/2/unit32/draw4/stride33/compact/update/window,1,3,"[4472.347699287361,4479.9630589760745,4470.555735579963]",4472.347699287361,"[4481.401166556816,4480.808489948658,4470.5686973369275]",4480.808489948658,"[4.367527050085314,4.374963924781323,4.3657770855273075]",4.367527050085314,1024.0,32.0,4.0,4.0,37.0,33.0
density-crossover-avx2,cross/2/unit32/draw4/stride33/spread/sum/packet,1,3,"[2592.8935151068476,2602.834377302652,2604.446389093878]",2602.834377302652,"[2592.898857773957,2618.6912306563154,2604.4537582876455]",2604.4537582876455,"[2.5321225733465305,2.541830446584621,2.5434046768494905]",2.541830446584621,1024.0,32.0,4.0,32.0,65.0,33.0
density-crossover-avx2,cross/2/unit32/draw4/stride33/spread/sum/point,1,3,"[2796.882914676939,2718.9962632347256,2717.1714760222417]",2718.9962632347256,"[2797.524185178682,2719.4523562406366,2717.177288769614]",2719.4523562406366,"[2.7313309713641982,2.6552697883151613,2.6534877695529704]",2.6552697883151613,1024.0,32.0,4.0,32.0,65.0,33.0
density-crossover-avx2,cross/2/unit32/draw4/stride33/spread/update/packet,1,3,"[5410.176129779953,5411.295867130303,5398.383545770618]",5410.176129779953,"[5410.19157975986,5411.307454615405,5399.194669753157]",5410.19157975986,"[5.283375126738235,5.284468620244436,5.271858931416619]",5.283375126738235,1024.0,32.0,4.0,32.0,65.0,33.0
density-crossover-avx2,cross/2/unit32/draw4/stride33/spread/update/point,1,3,"[7888.622535211263,7888.623098591591,7891.923943661918]",7888.623098591591,"[7888.633802820832,7890.228169017832,7892.971830988501]",7890.228169017832,"[7.703732944542249,7.703733494718351,7.706956976232343]",7.703733494718351,1024.0,32.0,4.0,32.0,65.0,33.0
density-crossover-avx2,cross/2/unit32/draw4/stride64/compact/sum/packet,1,3,"[1872.7715380549762,1854.5515327696367,1848.6740221988437]",1854.5515327696367,"[1872.775502112623,1854.5568181811627,1851.920586678394]",1854.5568181811627,"[1.8288784551318127,1.8110854812203487,1.8053457248035585]",1.8110854812203487,1024.0,32.0,4.0,4.0,68.0,64.0
density-crossover-avx2,cross/2/unit32/draw4/stride64/compact/sum/point,1,3,"[2739.3305962856034,2737.8015640274375,2743.6881720428987]",2739.3305962856034,"[2740.691104591422,2737.8074291288253,2744.126099706055]",2740.691104591422,"[2.6751275354351596,2.6736343398705444,2.6793829805106433]",2.6751275354351596,1024.0,32.0,4.0,4.0,68.0,64.0
density-crossover-avx2,cross/2/unit32/draw4/stride64/compact/update/packet,1,3,"[4303.986944358135,4289.57569163797,4277.004973577862]",4289.57569163797,"[4303.995958966005,4289.5881255836675,4284.710599942596]",4289.5881255836675,"[4.203112250349741,4.189038761365205,4.176762669509631]",4.189038761365205,1024.0,32.0,4.0,4.0,68.0,64.0
density-crossover-avx2,cross/2/unit32/draw4/stride64/compact/update/point,1,3,"[5279.333582367768,5229.729174448966,5230.648487112813]",5230.648487112813,"[5279.9013821474855,5229.740381021099,5230.663055656254]",5230.663055656254,"[5.1555992015310235,5.107157396922818,5.108055163196107]",5.108055163196107,1024.0,32.0,4.0,4.0,68.0,64.0
density-crossover-avx2,cross/2/unit32/draw4/stride64/spread/sum/packet,1,3,"[2621.5958442531764,2608.546611756,2607.578622239012]",2608.546611756,"[2621.6033320847387,2608.552040433849,2607.5861100705743]",2608.552040433849,"[2.5601521916534926,2.5474088005429683,2.546463498280285]",2.5474088005429683,1024.0,32.0,4.0,32.0,96.0,64.0
density-crossover-avx2,cross/2/unit32/draw4/stride64/spread/sum/point,1,3,"[2794.3979631805196,2742.9406580496034,2732.492166079034]",2742.9406580496034,"[2794.726987854675,2746.81453192707,2732.498041521918]",2746.81453192707,"[2.728904260918476,2.6786529863765662,2.668449380936557]",2.6786529863765662,1024.0,32.0,4.0,32.0,96.0,64.0
density-crossover-avx2,cross/2/unit32/draw4/stride64/spread/update/packet,1,3,"[5402.6649942105105,5422.209957544987,5421.240833654626]",5421.240833654626,"[5403.629872634079,5422.2172906216265,5421.252412198744]",5421.252412198744,"[5.276040033408702,5.295126911665027,5.294180501615846]",5.294180501615846,1024.0,32.0,4.0,32.0,96.0,64.0
density-crossover-avx2,cross/2/unit32/draw4/stride64/spread/update/point,1,3,"[7890.037183098547,7887.760563380012,7888.611267605698]",7888.611267605698,"[7891.135211270344,7887.778028176194,7888.62253520626]",7888.62253520626,"[7.705114436619675,7.702891175175792,7.70372194102119]",7.70372194102119,1024.0,32.0,4.0,32.0,96.0,64.0
density-crossover-avx2,cross/2/unit32/draw8/stride32/compact/sum/packet,1,3,"[1846.5822017135083,1839.191166776308,1840.090309822183]",1840.090309822183,"[1847.1753460758755,1839.1964403401832,1840.0955833869948]",1840.0955833869948,"[1.8033029313608477,1.7960851238049882,1.7969631931857253]",1.7969631931857253,1024.0,32.0,8.0,8.0,40.0,32.0
density-crossover-avx2,cross/2/unit32/draw8/stride32/compact/sum/point,1,3,"[4168.373809524236,4166.075892856706,4166.927083333539]",4166.927083333539,"[4168.38244046993,4166.563988092892,4172.525297617215]",4168.38244046993,"[4.070677548363512,4.068433489117877,4.069264729817909]",4.069264729817909,1024.0,32.0,8.0,8.0,40.0,32.0
density-crossover-avx2,cross/2/unit32/draw8/stride32/compact/sum/window,1,3,"[2041.2528819494003,2040.607763023402,2040.2677659422136]",2040.607763023402,"[2041.7050926585728,2040.9477601082197,2040.2736028009103]",2040.9477601082197,"[1.9934110175287112,1.9927810185775412,1.992448990177943]",1.9927810185775412,1024.0,32.0,8.0,8.0,40.0,32.0
density-crossover-avx2,cross/2/unit32/draw8/stride32/compact/update/packet,1,3,"[4132.824374820783,4065.537510778549,4160.254670882362]",4132.824374820783,"[4132.832997987031,4066.066398390802,4160.263294045547]",4132.832997987031,"[4.035961303535921,3.9702514753696767,4.062748702033557]",4.035961303535921,1024.0,32.0,8.0,8.0,40.0,32.0
density-crossover-avx2,cross/2/unit32/draw8/stride32/compact/update/point,1,3,"[9049.957264958364,9034.809335962911,9039.471400394545]",9039.471400394545,"[9052.12623272831,9056.071663386507,9039.489809332883]",9052.12623272831,"[8.837848891560903,8.82305599215128,8.827608789447797]",8.827608789447797,1024.0,32.0,8.0,8.0,40.0,32.0
density-crossover-avx2,cross/2/unit32/draw8/stride32/compact/update/window,1,3,"[4222.434993924498,4256.906136088235,4214.476002429745]",4222.434993924498,"[4222.4438031521795,4257.550121505677,4214.485115430634]",4222.4438031521795,"[4.123471673754392,4.157134898523667,4.115699221122798]",4.123471673754392,1024.0,32.0,8.0,8.0,40.0,32.0
density-crossover-avx2,cross/2/unit32/draw8/stride32/spread/sum/packet,1,3,"[3555.003787877959,3531.2262626264196,3524.395202020359]",3531.2262626264196,"[3560.400505053011,3531.233585858452,3525.8699494960124]",3531.233585858452,"[3.4716833865995693,3.448463147096113,3.441792189473007]",3.448463147096113,1024.0,32.0,8.0,32.0,64.0,32.0
density-crossover-avx2,cross/2/unit32/draw8/stride32/spread/sum/point,1,3,"[4160.739583333343,4161.549404762305,4161.230654761309]",4161.230654761309,"[4160.748511899165,4161.558333340818,4162.1383928544665]",4161.558333340818,"[4.063222249348968,4.064013090588189,4.063701811290341]",4.063701811290341,1024.0,32.0,8.0,32.0,64.0,32.0
density-crossover-avx2,cross/2/unit32/draw8/stride32/spread/sum/window,1,3,"[2125.919592643077,2127.305973552258,2130.6406748746176]",2127.305973552258,"[2125.9241526080546,2127.3119015053244,2135.72807417353]",2127.3119015053244,"[2.076093352190505,2.0774472397971264,2.0807037840572433]",2.0774472397971264,1024.0,32.0,8.0,32.0,64.0,32.0
density-crossover-avx2,cross/2/unit32/draw8/stride32/spread/update/packet,1,3,"[6684.342734225484,6684.448374761106,6692.63623326958]",6684.448374761106,"[6684.361854684259,6685.991873807124,6693.611376673888]",6685.991873807124,"[6.527678451392074,6.527781615977642,6.535777571552324]",6.527781615977642,1024.0,32.0,8.0,32.0,64.0,32.0
density-crossover-avx2,cross/2/unit32/draw8/stride32/spread/update/point,1,3,"[14051.848697394153,14049.454909820292,14063.411823645802]",14051.848697394153,"[14051.888777532873,14049.493987962038,14079.85470939662]",14051.888777532873,"[13.722508493548977,13.720170810371378,13.733800609029101]",13.722508493548977,1024.0,32.0,8.0,32.0,64.0,32.0
density-crossover-avx2,cross/2/unit32/draw8/stride32/spread/update/window,1,3,"[5535.547798493362,5546.01547005168,5543.179690599792]",5543.179690599792,"[5535.5593018688105,5546.027370090921,5543.187227292205]",5543.187227292205,"[5.405808396966174,5.4160307324723425,5.413261416601359]",5.413261416601359,1024.0,32.0,8.0,32.0,64.0,32.0
density-crossover-avx2,cross/2/unit32/draw8/stride33/compact/sum/packet,1,3,"[1842.0587615281308,1840.5619235836589,1840.8084321473593]",1840.8084321473593,"[1842.2931488801119,1840.567193673513,1840.8135704858332]",1840.8135704858332,"[1.7988855093048155,1.7974237534996669,1.7976644845189058]",1.7976644845189058,1024.0,32.0,8.0,8.0,41.0,33.0
density-crossover-avx2,cross/2/unit32/draw8/stride33/compact/sum/point,1,3,"[4167.633442427352,4164.211544182939,4162.893484082654]",4164.211544182939,"[4168.927402556453,4164.217792328119,4162.902409993014]",4164.217792328119,"[4.069954533620461,4.066612836116152,4.065325668049467]",4.066612836116152,1024.0,32.0,8.0,8.0,41.0,33.0
density-crossover-avx2,cross/2/unit32/draw8/stride33/compact/sum/window,1,3,"[2144.994785276074,2144.246165644349,2147.151226994109]",2144.994785276074,"[2146.092791409805,2144.2507668689987,2147.155674847238]",2146.092791409805,"[2.0947214699961654,2.093990396137059,2.0968273701114346]",2.0947214699961654,1024.0,32.0,8.0,8.0,41.0,33.0
density-crossover-avx2,cross/2/unit32/draw8/stride33/compact/update/packet,1,3,"[4145.317058994521,4089.57715780309,4152.707352514103]",4145.317058994521,"[4149.6992153508,4090.1848299869657,4152.718977044883]",4149.6992153508,"[4.048161190424337,3.99372769316708,4.055378273939554]",4.048161190424337,1024.0,32.0,8.0,8.0,41.0,33.0
density-crossover-avx2,cross/2/unit32/draw8/stride33/compact/update/point,1,3,"[9080.897020724651,9081.777849739445,9192.212435234178]",9081.777849739445,"[9083.772668389374,9081.797279785962,9193.229274618318]",9083.772668389374,"[8.868063496801417,8.868923681386176,8.976769956283379]",8.868923681386176,1024.0,32.0,8.0,8.0,41.0,33.0
density-crossover-avx2,cross/2/unit32/draw8/stride33/compact/update/window,1,3,"[4375.014088916184,4392.91358797745,4398.533187226065]",4392.91358797745,"[4375.537257350244,4392.925798378512,4398.542579832426]",4392.925798378512,"[4.272474696207211,4.28995467575923,4.295442565650454]",4.28995467575923,1024.0,32.0,8.0,8.0,41.0,33.0
density-crossover-avx2,cross/2/unit32/draw8/stride33/spread/sum/packet,1,3,"[3526.372924006351,3543.9217413190395,3580.685958731864]",3543.9217413190395,"[3526.3802214358016,3544.336940105313,3580.693507796967]",3544.336940105313,"[3.443723558599952,3.4608610755068745,3.4967636315740864]",3.4608610755068745,1024.0,32.0,8.0,32.0,65.0,33.0
density-crossover-avx2,cross/2/unit32/draw8/stride33/spread/sum/point,1,3,"[4166.935099731826,4168.206311402438,4231.719559392459]",4168.206311402438,"[4174.487942834448,4173.404286996367,4231.728490617441]",4174.487942834448,"[4.069272558331861,4.070513975978943,4.132538632219197]",4.070513975978943,1024.0,32.0,8.0,32.0,65.0,33.0
density-crossover-avx2,cross/2/unit32/draw8/stride33/spread/update/packet,1,3,"[6686.900767018469,6685.079098752997,6702.812080537159]",6686.900767018469,"[6686.919942466958,6686.085810175861,6702.830776604332]",6686.919942466958,"[6.530176530291474,6.528397557375973,6.545714922399569]",6.530176530291474,1024.0,32.0,8.0,32.0,65.0,33.0
density-crossover-avx2,cross/2/unit32/draw8/stride33/spread/update/point,1,3,"[14051.704522612014,14068.045226131964,14048.25728643153]",14051.704522612014,"[14051.733668321644,14069.763819096162,14048.286432148301]",14051.733668321644,"[13.722367697863293,13.738325416144496,13.719001256280789]",13.722367697863293,1024.0,32.0,8.0,32.0,65.0,33.0
density-crossover-avx2,cross/2/unit32/draw8/stride64/compact/sum/packet,1,3,"[1853.9625576795756,1846.1522742255374,1848.3224785764012]",1848.3224785764012,"[1853.9663810158909,1846.1562293991467,1848.5517468683818]",1848.5517468683818,"[1.8105103102339606,1.8028830802983768,1.8050024204847666]",1.8050024204847666,1024.0,32.0,8.0,8.0,72.0,64.0
density-crossover-avx2,cross/2/unit32/draw8/stride64/compact/sum/point,1,3,"[4194.461215933328,4192.867625036869,4193.1883797548535]",4193.1883797548535,"[4194.469901161699,4192.876609769962,4194.469901161699]",4194.469901161699,"[4.096153531184891,4.094597290075067,4.094910527104349]",4.094910527104349,1024.0,32.0,8.0,8.0,72.0,64.0
density-crossover-avx2,cross/2/unit32/draw8/stride64/compact/update/packet,1,3,"[4111.063590654048,4096.869269446592,4128.86572020127]",4111.063590654048,"[4114.733806564396,4096.878142559687,4130.397811298199]",4114.733806564396,"[4.014710537748094,4.000848895943937,4.032095429884053]",4.014710537748094,1024.0,32.0,8.0,8.0,72.0,64.0
density-crossover-avx2,cross/2/unit32/draw8/stride64/compact/update/point,1,3,"[9058.456957930479,9198.106796115617,9061.486084144057]",9061.486084144057,"[9058.475728144771,9198.126860844497,9079.647249198293]",9079.647249198293,"[8.846149372978982,8.982526168081659,8.84910750404693]",8.84910750404693,1024.0,32.0,8.0,8.0,72.0,64.0
density-crossover-avx2,cross/2/unit32/draw8/stride64/spread/sum/packet,1,3,"[3535.086580085957,3532.1889483059635,3542.606315253415]",3535.086580085957,"[3535.093964858658,3532.1963330786652,3542.6139546716417]",3535.093964858658,"[3.452232988365192,3.449403269830042,3.459576479739663]",3.452232988365192,1024.0,32.0,8.0,32.0,96.0,64.0
density-crossover-avx2,cross/2/unit32/draw8/stride64/spread/sum/point,1,3,"[4184.428656895044,4184.261441818745,4183.474424169634]",4184.261441818745,"[4184.440622201975,4184.267125341264,4183.4833981405345]",4184.267125341264,"[4.086356110249065,4.086192814276118,4.0854242423531595]",4.086192814276118,1024.0,32.0,8.0,32.0,96.0,64.0
density-crossover-avx2,cross/2/unit32/draw8/stride64/spread/update/packet,1,3,"[6759.521174205563,6759.43984600548,6731.032242540963]",6759.43984600548,"[6767.129451402357,6759.454282963578,6731.046679495643]",6759.454282963578,"[6.60109489668512,6.601015474614726,6.573273674356409]",6.601015474614726,1024.0,32.0,8.0,32.0,96.0,64.0
density-crossover-avx2,cross/2/unit32/draw8/stride64/spread/update/point,1,3,"[14056.578156311725,14051.899799599232,14052.910821641535]",14052.910821641535,"[14058.802605204903,14051.928857724988,14052.940881750024]",14052.940881750024,"[13.727127105773171,13.722558398046125,13.723545724259312]",13.723545724259312,1024.0,32.0,8.0,32.0,96.0,64.0
density-crossover-avx2,cross/4/unit12/draw2/stride12/compact/sum/packet,1,3,"[972.6494305080075,972.7870169799166,973.1734330234673]",972.7870169799166,"[972.6521556844224,972.7905107963996,973.1762280769517]",972.7905107963996,"[0.9498529594804761,0.9499873212694498,0.9503646806869798]",0.9499873212694498,1024.0,12.0,2.0,2.0,38.0,12.0
density-crossover-avx2,cross/4/unit12/draw2/stride12/compact/sum/point,1,3,"[1965.5598260627476,1965.1613129472214,1965.2019918641981]",1965.2019918641981,"[1965.824940384042,1965.378734743566,1965.2076027512744]",1965.378734743566,"[1.919492017639402,1.919102844675021,1.9191425701798808]",1.9191425701798808,1024.0,12.0,2.0,2.0,38.0,12.0
density-crossover-avx2,cross/4/unit12/draw2/stride12/compact/sum/window,1,3,"[1130.4758586768749,1118.9478645792367,1132.3654397903263]",1130.4758586768749,"[1130.6143946225488,1118.9510615628606,1134.0786130000001]",1130.6143946225488,"[1.1039803307391356,1.0927225240031608,1.1058256247952407]",1.1039803307391356,1024.0,12.0,2.0,2.0,38.0,12.0
density-crossover-avx2,cross/4/unit12/draw2/stride12/compact/update/packet,1,3,"[1970.912459795782,1985.4853866591607,1964.714725213115]",1970.912459795782,"[1970.9167948551683,2068.0082505970227,1964.7273108670092]",1970.9167948551683,"[1.9247191990193184,1.9389505729093366,1.9186667238409325]",1.9247191990193184,1024.0,12.0,2.0,2.0,38.0,12.0
density-crossover-avx2,cross/4/unit12/draw2/stride12/compact/update/point,1,3,"[3490.7440179462665,3491.1851944161663,3488.859920239348]",3490.7440179462665,"[3490.753988037708,3493.83723828881,3488.8723828525426]",3490.753988037708,"[3.408929705025651,3.409360541422037,3.4070897658587387]",3.408929705025651,1024.0,12.0,2.0,2.0,38.0,12.0
density-crossover-avx2,cross/4/unit12/draw2/stride12/compact/update/window,1,3,"[2076.5201060536024,2071.397260274198,2086.4125791724637]",2076.5201060536024,"[2076.526145236177,2071.7933421706653,2086.418618356608]",2076.526145236177,"[2.027851666067971,2.0228488869865213,2.0375122843481095]",2.027851666067971,1024.0,12.0,2.0,2.0,38.0,12.0
density-crossover-avx2,cross/4/unit12/draw2/stride12/spread/sum/packet,1,3,"[1387.6258173171261,1384.8518922130681,1379.396275014901]",1384.8518922130681,"[1387.6297800683064,1384.8558549628406,1379.5824252033992]",1384.8558549628406,"[1.3551033372237558,1.3523944259893244,1.3470666748192393]",1.3523944259893244,1024.0,12.0,2.0,12.0,48.0,12.0
density-crossover-avx2,cross/4/unit12/draw2/stride12/spread/sum/point,1,3,"[2006.1843583264101,1973.6892726758863,1965.1440606571068]",1973.6892726758863,"[2007.310586915783,1981.2139848354418,1965.573574839635]",1981.2139848354418,"[1.9591644124281349,1.9274309303475452,1.9190859967354559]",1.9274309303475452,1024.0,12.0,2.0,12.0,48.0,12.0
density-crossover-avx2,cross/4/unit12/draw2/stride12/spread/sum/window,1,3,"[1012.4791053560941,1004.2800912300364,1001.1922454385369]",1004.2800912300364,"[1012.6084461453013,1004.282298411175,1001.1943790446272]",1004.282298411175,"[0.9887491263243108,0.9807422765918323,0.9777268021860713]",0.9807422765918323,1024.0,12.0,2.0,12.0,48.0,12.0
density-crossover-avx2,cross/4/unit12/draw2/stride12/spread/update/packet,1,3,"[2659.8870507697043,2667.215250047504,2668.880965963087]",2667.215250047504,"[2660.2122076462188,2667.2228560609333,2668.886670470119]",2667.2228560609333,"[2.5975459480172893,2.604702392624515,2.606329068323327]",2.604702392624515,1024.0,12.0,2.0,12.0,48.0,12.0
density-crossover-avx2,cross/4/unit12/draw2/stride12/spread/update/point,1,3,"[4483.622052262468,4460.186424474383,4476.920331421422]",4476.920331421422,"[4484.208094331812,4460.199171443503,4476.929572976185]",4476.929572976185,"[4.3785371604125665,4.355650805150764,4.371992511153733]",4.371992511153733,1024.0,12.0,2.0,12.0,48.0,12.0
density-crossover-avx2,cross/4/unit12/draw2/stride12/spread/update/window,1,3,"[2276.833082455348,2281.5612978762188,2268.654457267279]",2276.833082455348,"[2284.297374142553,2281.5661481860366,2268.6593075776914]",2281.5661481860366,"[2.223469807085301,2.228087204957245,2.215482868425078]",2.223469807085301,1024.0,12.0,2.0,12.0,48.0,12.0
density-crossover-avx2,cross/4/unit12/draw2/stride13/compact/sum/packet,1,3,"[973.2558058685576,977.8198442497963,972.4625225976274]",973.2558058685576,"[973.4025170345874,977.8219301919635,972.4652343215799]",973.4025170345874,"[0.9504451229185131,0.9549021916501919,0.9496704322242455]",0.9504451229185131,1024.0,12.0,2.0,2.0,41.0,13.0
density-crossover-avx2,cross/4/unit12/draw2/stride13/compact/sum/point,1,3,"[1967.7521714765132,1967.4817876155134,2030.4841692352504]",1967.7521714765132,"[1967.9931353324614,1967.487391423582,2030.4913140928525]",1967.9931353324614,"[1.9216329799575322,1.9213689332182746,1.9828946965187995]",1.9216329799575322,1024.0,12.0,2.0,2.0,41.0,13.0
density-crossover-avx2,cross/4/unit12/draw2/stride13/compact/sum/window,1,3,"[1122.1119038076993,1119.2292585169735,1120.205691382616]",1120.205691382616,"[1122.2929859702085,1119.371142284287,1120.2088176365187]",1120.2088176365187,"[1.0958124060622065,1.092997322770482,1.0939508704908358]",1.0939508704908358,1024.0,12.0,2.0,2.0,41.0,13.0
density-crossover-avx2,cross/4/unit12/draw2/stride13/compact/update/packet,1,3,"[1974.8874172186574,1970.9673101311894,1971.9256023675412]",1971.9256023675412,"[1974.8943215444995,1971.204029871988,1972.328448639405]",1972.328448639405,"[1.9286009933775954,1.9247727637999896,1.925708596062052]",1.925708596062052,1024.0,12.0,2.0,2.0,41.0,13.0
density-crossover-avx2,cross/4/unit12/draw2/stride13/compact/update/point,1,3,"[3492.57802746576,3490.343570536552,3490.333333333096]",3490.343570536552,"[3492.5855181021966,3490.353308367734,3493.868913860791]",3492.5855181021966,"[3.4107207299470312,3.408538643102101,3.4085286458331012]",3.408538643102101,1024.0,12.0,2.0,2.0,41.0,13.0
density-crossover-avx2,cross/4/unit12/draw2/stride13/compact/update/window,1,3,"[2067.6532980756383,2059.6481563097777,2057.5224034083544]",2059.6481563097777,"[2067.6591743788854,2059.6525635379962,2062.5569266927523]",2062.5569266927523,"[2.0191926739019905,2.0113751526462673,2.009299222078471]",2.0113751526462673,1024.0,12.0,2.0,2.0,41.0,13.0
density-crossover-avx2,cross/4/unit12/draw2/stride13/spread/sum/packet,1,3,"[1380.7003064150329,1379.8552930711207,1377.072748838775]",1379.8552930711207,"[1380.7042601548317,1380.2051003249792,1377.2902046074316]",1380.2051003249792,"[1.3483401429834305,1.3475149346397663,1.3447976062878662]",1.3475149346397663,1024.0,12.0,2.0,12.0,51.0,13.0
density-crossover-avx2,cross/4/unit12/draw2/stride13/spread/sum/point,1,3,"[2060.2688094547957,2017.6327471894238,2017.4322571344505]",2017.6327471894238,"[2060.2732776046773,2017.6383684058655,2017.4394638202925]",2017.6383684058655,"[2.0119812592331985,1.9703444796771716,1.9701486886078616]",1.9703444796771716,1024.0,12.0,2.0,12.0,51.0,13.0
density-crossover-avx2,cross/4/unit12/draw2/stride13/spread/sum/window,1,3,"[1204.043609671617,1200.4365284972412,1204.478929188455]",1204.043609671617,"[1204.2137305687602,1200.4398963734743,1204.4822970646878]",1204.2137305687602,"[1.1758238375699386,1.172301297360587,1.1762489542856005]",1.1758238375699386,1024.0,12.0,2.0,12.0,51.0,13.0
density-crossover-avx2,cross/4/unit12/draw2/stride13/spread/update/packet,1,3,"[2670.2621044603193,2675.3232939382574,2667.820243994975]",2670.2621044603193,"[2670.5766298139356,2678.5712924118143,2667.827868856026]",2670.5766298139356,"[2.607677836387031,2.6126204042365795,2.6052932070263433]",2.607677836387031,1024.0,12.0,2.0,12.0,51.0,13.0
density-crossover-avx2,cross/4/unit12/draw2/stride13/spread/update/point,1,3,"[4467.228781110047,4469.612635609084,4464.806955967859]",4467.228781110047,"[4477.729738354833,4469.621888959066,4465.585832805805]",4469.621888959066,"[4.36252810655278,4.364856089461996,4.360163042937362]",4.36252810655278,1024.0,12.0,2.0,12.0,51.0,13.0
density-crossover-avx2,cross/4/unit12/draw2/stride13/spread/update/window,1,3,"[2443.5754915725365,2467.2902036517503,2452.507900280987]",2452.507900280987,"[2443.580582861974,2472.804599716371,2452.513167132237]",2452.513167132237,"[2.386304190988805,2.4094630895036624,2.395027246368152]",2.395027246368152,1024.0,12.0,2.0,12.0,51.0,13.0
density-crossover-avx2,cross/4/unit12/draw2/stride64/compact/sum/packet,1,3,"[1003.8550397201316,1006.5925224110971,1006.8985496685319]",1006.5925224110971,"[1003.8571532681049,1006.7782231623776,1006.901464908187]",1006.7782231623776,"[0.980327187226691,0.9830005101670871,0.9832993649106756]",0.9830005101670871,1024.0,12.0,2.0,2.0,194.0,64.0
density-crossover-avx2,cross/4/unit12/draw2/stride64/compact/sum/point,1,3,"[1978.79239683431,1977.5911531938555,1978.798191068318]",1978.79239683431,"[1978.7966365185998,1977.595392877141,1979.0481910679157]",1978.7966365185998,"[1.9324144500335059,1.9312413605408743,1.932420108465154]",1.9324144500335059,1024.0,12.0,2.0,2.0,194.0,64.0
density-crossover-avx2,cross/4/unit12/draw2/stride64/compact/update/packet,1,3,"[2047.1809981087858,2036.8756001745514,2036.6164702455978]",2036.8756001745514,"[2050.3295504138678,2036.8798195826328,2036.952568022493]",2036.952568022493,"[1.9992001934656114,1.9891363282954604,1.9888832717242169]",1.9891363282954604,1024.0,12.0,2.0,2.0,194.0,64.0
density-crossover-avx2,cross/4/unit12/draw2/stride64/compact/update/point,1,3,"[3506.348959639009,3510.0664326902174,3510.4828277764236]",3510.0664326902174,"[3507.0957633477683,3510.076710957188,3510.9563800424853]",3510.076710957188,"[3.42416890589747,3.4277992506740405,3.428205886500414]",3.4277992506740405,1024.0,12.0,2.0,2.0,194.0,64.0
density-crossover-avx2,cross/4/unit12/draw2/stride64/spread/sum/packet,1,3,"[1396.0029788502652,1399.3848674413439,1396.6205937841846]",1396.6205937841846,"[1396.005858405309,1399.3888392411852,1396.62456558579]",1396.62456558579,"[1.3632841590334621,1.3665867846106874,1.3638872986173678]",1.3638872986173678,1024.0,12.0,2.0,12.0,204.0,64.0
density-crossover-avx2,cross/4/unit12/draw2/stride64/spread/sum/point,1,3,"[1975.4030482643784,1974.1977138021016,1976.9088343211404]",1975.4030482643784,"[1975.7514817960373,1974.2034998575887,1980.2843635326983]",1975.7514817960373,"[1.9291045393206823,1.9279274548848646,1.9305750335167386]",1.9291045393206823,1024.0,12.0,2.0,12.0,204.0,64.0
density-crossover-avx2,cross/4/unit12/draw2/stride64/spread/update/packet,1,3,"[2730.4154504766607,2724.124537847799,2729.035804631081]",2729.035804631081,"[2730.71706557556,2724.4454173917893,2732.2329246889562]",2730.71706557556,"[2.6664213383561135,2.660277868991991,2.6650740279600402]",2.6650740279600402,1024.0,12.0,2.0,12.0,204.0,64.0
density-crossover-avx2,cross/4/unit12/draw2/stride64/spread/update/point,1,3,"[4467.374759151641,4465.525369299221,4473.922607579095]",4467.374759151641,"[4468.049132949579,4465.537893383895,4473.935452791892]",4468.049132949579,"[4.362670663234025,4.3608646184562705,4.36906504646396]",4.362670663234025,1024.0,12.0,2.0,12.0,204.0,64.0
density-crossover-avx2,cross/4/unit12/draw4/stride12/compact/sum/packet,1,3,"[991.3693985226361,986.7108688004506,988.7643334504222]",988.7643334504222,"[991.5199437220793,986.714386211927,988.766443897808]",988.766443897808,"[0.9681341782447618,0.96358483281294,0.965590169385178]",0.965590169385178,1024.0,12.0,4.0,4.0,40.0,12.0
density-crossover-avx2,cross/4/unit12/draw4/stride12/compact/sum/point,1,3,"[2606.26861504042,2610.91865227101,2604.947133283603]",2606.26861504042,"[2611.9834326116847,2610.926098288007,2604.95253164791]",2610.926098288007,"[2.5451841943754103,2.5497252463584084,2.5438936848472684]",2.5451841943754103,1024.0,12.0,4.0,4.0,40.0,12.0
density-crossover-avx2,cross/4/unit12/draw4/stride12/compact/sum/window,1,3,"[1086.5761012111589,1089.1402453133614,1088.148191005082]",1088.148191005082,"[1086.5791097736924,1089.2838077606937,1088.1512767099846]",1088.1512767099846,"[1.0611094738390223,1.0636135208138298,1.0626447177784004]",1.0626447177784004,1024.0,12.0,4.0,4.0,40.0,12.0
density-crossover-avx2,cross/4/unit12/draw4/stride12/compact/update/packet,1,3,"[1982.757328072066,1989.5370631342867,1986.4298196165582]",1986.4298196165582,"[1985.8194757599306,1989.8373731684237,1986.4339064238632]",1986.4339064238632,"[1.936286453195377,1.9429072882170768,1.9398728707192952]",1.9398728707192952,1024.0,12.0,4.0,4.0,40.0,12.0
density-crossover-avx2,cross/4/unit12/draw4/stride12/compact/update/point,1,3,"[5011.642033165528,5005.340663302389,4987.493150685189]",5005.340663302389,"[5011.656452779953,5006.036409509491,4987.507209801633]",5006.036409509491,"[4.894181673013211,4.888027991506239,4.870598779966004]",4.888027991506239,1024.0,12.0,4.0,4.0,40.0,12.0
density-crossover-avx2,cross/4/unit12/draw4/stride12/compact/update/window,1,3,"[2099.256502781767,2127.553149902008,2103.1040445048025]",2103.1040445048025,"[2099.262516915477,2127.5590136823757,2103.355134565856]",2103.355134565856,"[2.050055178497819,2.0776886229511797,2.0538125434617207]",2.0538125434617207,1024.0,12.0,4.0,4.0,40.0,12.0
density-crossover-avx2,cross/4/unit12/draw4/stride12/spread/sum/packet,1,3,"[1899.9131875414823,1851.9650099407222,1853.624254472847]",1853.624254472847,"[1900.297680582555,1851.96885354796,1853.838966204696]",1853.838966204696,"[1.855383972208479,1.8085595800202363,1.8101799360086397]",1.8101799360086397,1024.0,12.0,4.0,12.0,48.0,12.0
density-crossover-avx2,cross/4/unit12/draw4/stride12/spread/sum/point,1,3,"[2605.453783078759,2605.131569138962,2609.4027208353336]",2605.453783078759,"[2605.461237417557,2605.140700704884,2619.855758478651]",2605.461237417557,"[2.54438846003785,2.5440737979872674,2.5482448445657555]",2.54438846003785,1024.0,12.0,4.0,12.0,48.0,12.0
density-crossover-avx2,cross/4/unit12/draw4/stride12/spread/sum/window,1,3,"[1004.8626432281937,1004.4576898442151,997.7130453349004]",1004.4576898442151,"[1004.865490000648,1004.4598960938218,997.8396555396774]",1004.4598960938218,"[0.9813111750275328,0.9809157127384914,0.9743291458348636]",0.9809157127384914,1024.0,12.0,4.0,12.0,48.0,12.0
density-crossover-avx2,cross/4/unit12/draw4/stride12/spread/update/packet,1,3,"[3377.5068559050887,3374.230214096755,3348.3605965836678]",3374.230214096755,"[3377.5164782279667,3374.2374308376316,3348.370218903982]",3374.2374308376316,"[3.2983465389698132,3.2951466934538622,3.269883395101238]",3.2951466934538622,1024.0,12.0,4.0,12.0,48.0,12.0
density-crossover-avx2,cross/4/unit12/draw4/stride12/spread/update/point,1,3,"[7827.87311347218,7828.326439352338,7830.885969815573]",7828.326439352338,"[7827.889882626285,7828.353828951776,7831.746785917656]",7828.353828951776,"[7.644407337375176,7.644850038430017,7.6473495798980204]",7.644850038430017,1024.0,12.0,4.0,12.0,48.0,12.0
density-crossover-avx2,cross/4/unit12/draw4/stride12/spread/update/window,1,3,"[2822.817367057928,2807.362079267163,2812.43079067903]",2812.43079067903,"[2822.8273252351214,2807.370045809767,2818.574985066494]",2818.574985066494,"[2.756657585017508,2.741564530534339,2.7465144440224902]",2.7465144440224902,1024.0,12.0,4.0,12.0,48.0,12.0
density-crossover-avx2,cross/4/unit12/draw4/stride13/compact/sum/packet,1,3,"[999.9982208938936,995.9518929689903,994.0246939938316]",995.9518929689903,"[1000.0004269844717,995.9546683748562,994.0282522052161]",995.9546683748562,"[0.976560762591693,0.9726092704775297,0.9707272402283512]",0.9726092704775297,1024.0,12.0,4.0,4.0,43.0,13.0
density-crossover-avx2,cross/4/unit12/draw4/stride13/compact/sum/point,1,3,"[2604.6616331101873,2604.773676360828,2606.716070096615]",2604.773676360828,"[2604.667225951151,2604.779082778374,2606.723713644188]",2604.779082778374,"[2.5436148760841673,2.5437242933211213,2.5456211622037257]",2.5437242933211213,1024.0,12.0,4.0,4.0,43.0,13.0
density-crossover-avx2,cross/4/unit12/draw4/stride13/compact/sum/window,1,3,"[1162.3917704296673,1157.2726972871576,1156.6450894698157]",1157.2726972871576,"[1162.5401995550299,1157.275171104942,1156.6483878945046]",1157.275171104942,"[1.135148213310222,1.1301491184444898,1.1295362201853667]",1.1301491184444898,1024.0,12.0,4.0,4.0,43.0,13.0
density-crossover-avx2,cross/4/unit12/draw4/stride13/compact/update/packet,1,3,"[1998.8774165200905,2015.8853251319977,2001.0275336851807]",2001.0275336851807,"[1999.1423550082147,2015.8925014648187,2001.0317809044336]",2001.0317809044336,"[1.952028727070401,1.9686380128242165,1.9541284508644343]",1.9541284508644343,1024.0,12.0,4.0,4.0,43.0,13.0
density-crossover-avx2,cross/4/unit12/draw4/stride13/compact/update/point,1,3,"[4988.862500000682,5006.437857142388,4987.6732142856945]",4988.862500000682,"[4989.487499997836,5013.930357143133,4988.82678571582]",4989.487499997836,"[4.871936035156916,4.889099469865613,4.8707746233258735]",4.871936035156916,1024.0,12.0,4.0,4.0,43.0,13.0
density-crossover-avx2,cross/4/unit12/draw4/stride13/compact/update/window,1,3,"[2188.2987584473867,2178.0553198172643,2193.870029860023]",2188.2987584473867,"[2188.3034732044084,2178.386767247229,2193.8747446148113]",2188.3034732044084,"[2.137010506296276,2.127007148259047,2.1424512010351786]",2.137010506296276,1024.0,12.0,4.0,4.0,43.0,13.0
density-crossover-avx2,cross/4/unit12/draw4/stride13/spread/sum/packet,1,3,"[1898.1020806240472,1834.6093628090578,1854.5663198962727]",1854.5663198962727,"[1898.1075422629908,1835.401170350308,1854.5716514957314]",1854.5716514957314,"[1.8536153131094213,1.7916107058682202,1.8110999217737038]",1.8110999217737038,1024.0,12.0,4.0,12.0,51.0,13.0
density-crossover-avx2,cross/4/unit12/draw4/stride13/spread/sum/point,1,3,"[2605.2334572491227,2608.6812267658474,2604.774349442745]",2605.2334572491227,"[2605.238847584141,2612.876394051855,2605.0827137527917]",2605.238847584141,"[2.5441732980948464,2.5475402605135224,2.5437249506276807]",2.5441732980948464,1024.0,12.0,4.0,12.0,51.0,13.0
density-crossover-avx2,cross/4/unit12/draw4/stride13/spread/sum/window,1,3,"[1202.6897302002458,1202.446127067029,1201.7793733680305]",1202.446127067029,"[1202.8654482146815,1202.4486509995472,1201.9264577893773]",1202.4486509995472,"[1.1745016896486777,1.1742637959638953,1.1736126693047173]",1.1742637959638953,1024.0,12.0,4.0,12.0,51.0,13.0
density-crossover-avx2,cross/4/unit12/draw4/stride13/spread/update/packet,1,3,"[3390.9396217270473,3355.58802133877,3367.9694471391167]",3367.9694471391167,"[3395.566440345767,3355.597478174128,3368.415373421545]",3368.415373421545,"[3.3114644743428197,3.2769414270886426,3.2890326632217937]",3.2890326632217937,1024.0,12.0,4.0,12.0,51.0,13.0
density-crossover-avx2,cross/4/unit12/draw4/stride13/spread/update/point,1,3,"[7849.270542202354,7829.276690888699,7834.323644494621]",7834.323644494621,"[7849.298490771346,7829.299049742303,7855.626048081086]",7849.298490771346,"[7.665303263869487,7.645778018445995,7.650706684076777]",7.650706684076777,1024.0,12.0,4.0,12.0,51.0,13.0
density-crossover-avx2,cross/4/unit12/draw4/stride13/spread/update/window,1,3,"[2985.6089469174935,3009.575128424121,2985.399400684769]",2985.6089469174935,"[2985.615368151662,3009.5817636986426,2985.4077482881994]",2985.615368151662,"[2.9156337372241152,2.9390382113516806,2.9154291022312195]",2.9156337372241152,1024.0,12.0,4.0,12.0,51.0,13.0
density-crossover-avx2,cross/4/unit12/draw4/stride64/compact/sum/packet,1,3,"[1014.350116245155,1011.0858761988204,1008.616317930971]",1011.0858761988204,"[1014.493243243606,1011.0871839583008,1008.6184975282983]",1011.0871839583008,"[0.9905762853956592,0.9873885509754106,0.9849768729794639]",0.9873885509754106,1024.0,12.0,4.0,4.0,196.0,64.0
density-crossover-avx2,cross/4/unit12/draw4/stride64/compact/sum/point,1,3,"[2624.6717958342265,2650.9523362730993,2738.7344717585447]",2650.9523362730993,"[2625.0168887187506,2655.0919497075247,2738.740288988189]",2655.0919497075247,"[2.563156050619362,2.5888206408916985,2.6745453825767034]",2.5888206408916985,1024.0,12.0,4.0,4.0,196.0,64.0
density-crossover-avx2,cross/4/unit12/draw4/stride64/compact/update/packet,1,3,"[2024.4224301801366,2017.879075887951,2011.9573036994527]",2017.879075887951,"[2024.7207194024138,2017.8847784734037,2011.9615440821885]",2017.8847784734037,"[1.9769750294727895,1.970585035046827,1.9648020543939968]",1.970585035046827,1024.0,12.0,4.0,4.0,196.0,64.0
density-crossover-avx2,cross/4/unit12/draw4/stride64/compact/update/point,1,3,"[5076.870242842667,5064.221094599552,5075.648785791098]",5075.648785791098,"[5077.566147151594,5064.235230157083,5076.689017761573]",5076.689017761573,"[4.957881096526042,4.945528412694875,4.95668826737412]",4.95668826737412,1024.0,12.0,4.0,4.0,196.0,64.0
density-crossover-avx2,cross/4/unit12/draw4/stride64/spread/sum/packet,1,3,"[1850.713065194627,1849.419821240827,1852.5755783386905]",1850.713065194627,"[1850.717008413553,1849.6707413256306,1852.578338591752]",1850.717008413553,"[1.807336977729128,1.8060740441804952,1.8091558382213777]",1.807336977729128,1024.0,12.0,4.0,12.0,204.0,64.0
density-crossover-avx2,cross/4/unit12/draw4/stride64/spread/sum/point,1,3,"[2638.3285259408804,2623.5896235249224,2627.9256415059162]",2627.9256415059162,"[2638.3360179832043,2628.8246862733745,2628.6467503275694]",2628.8246862733745,"[2.5764927011141405,2.562099241723557,2.5663336342831213]",2.5663336342831213,1024.0,12.0,4.0,12.0,204.0,64.0
density-crossover-avx2,cross/4/unit12/draw4/stride64/spread/update/packet,1,3,"[3498.3136317910626,3543.0020120719255,3492.7980382290375]",3498.3136317910626,"[3502.772887320616,3543.6531690156266,3492.8106136819006]",3502.772887320616,"[3.41632190604596,3.4599629024139897,3.4109355842080444]",3.41632190604596,1024.0,12.0,4.0,12.0,204.0,64.0
density-crossover-avx2,cross/4/unit12/draw4/stride64/spread/update/point,1,3,"[7828.946308724575,7832.899888142189,7830.282997761933]",7830.282997761933,"[7828.962527975225,7834.119127517322,7830.304809854209]",7830.304809854209,"[7.645455379613842,7.649316297013856,7.646760740001889]",7.646760740001889,1024.0,12.0,4.0,12.0,204.0,64.0
density-crossover-avx2,cross/4/unit12/draw8/stride12/compact/sum/packet,1,3,"[1077.8077189206801,1073.4032444068957,1078.6910894133807]",1077.8077189206801,"[1077.8107941878252,1073.4062427923554,1078.853309755219]",1077.8107941878252,"[1.0525466005084765,1.0482453558661091,1.0534092670052546]",1.0525466005084765,1024.0,12.0,8.0,8.0,44.0,12.0
density-crossover-avx2,cross/4/unit12/draw8/stride12/compact/sum/point,1,3,"[4036.2362954409086,4059.8863242936877,4061.836410848193]",4059.8863242936877,"[4036.2478361227636,4059.8975764564466,4072.0470282686856]",4059.8975764564466,"[3.9416370072665123,3.964732738568055,3.9666371199689383]",3.964732738568055,1024.0,12.0,8.0,8.0,44.0,12.0
density-crossover-avx2,cross/4/unit12/draw8/stride12/compact/sum/window,1,3,"[1076.4622532830947,1080.1217264420395,1075.8279702018235]",1076.4622532830947,"[1076.4653252443009,1080.1240304121936,1077.4452807011908]",1077.4452807011908,"[1.0512326692217722,1.0548063734785542,1.0506132521502185]",1.0512326692217722,1024.0,12.0,8.0,8.0,44.0,12.0
density-crossover-avx2,cross/4/unit12/draw8/stride12/compact/update/packet,1,3,"[2085.0082335327247,2089.7372754487383,2093.2164670661787]",2089.7372754487383,"[2085.012724548933,2089.904940118378,2093.222305390015]",2089.904940118378,"[2.0361408530593015,2.0407590580554085,2.0441567061193155]",2.0407590580554085,1024.0,12.0,8.0,8.0,44.0,12.0
density-crossover-avx2,cross/4/unit12/draw8/stride12/compact/update/point,1,3,"[8881.565079365471,8842.777777776486,8886.753015874077]",8881.565079365471,"[8881.584126970305,8842.796825399366,8886.771428558222]",8881.584126970305,"[8.673403397817843,8.63552517360985,8.678469742064529]",8.673403397817843,1024.0,12.0,8.0,8.0,44.0,12.0
density-crossover-avx2,cross/4/unit12/draw8/stride12/compact/update/window,1,3,"[2129.2792859254455,2116.8804957212096,2115.4846562403586]",2116.8804957212096,"[2129.5230156405223,2116.8863971638834,2115.489229864943]",2116.8863971638834,"[2.079374302661568,2.0672661091027438,2.065902984609725]",2.0672661091027438,1024.0,12.0,8.0,8.0,44.0,12.0
density-crossover-avx2,cross/4/unit12/draw8/stride12/spread/sum/packet,1,3,"[1008.0804407316751,1009.7411781650806,1010.7039464209688]",1009.7411781650806,"[1008.2043064962805,1009.7432665988802,1010.9487973497531]",1009.7432665988802,"[0.9844535554020265,0.9860753693018366,0.9870155726767272]",0.9860753693018366,1024.0,12.0,8.0,12.0,48.0,12.0
density-crossover-avx2,cross/4/unit12/draw8/stride12/spread/sum/point,1,3,"[4039.3170661275876,4059.484550967863,4033.4496101643276]",4039.3170661275876,"[4045.5284435469894,4059.5018769830967,4033.463759745761]",4045.5284435469894,"[3.9446455723902223,3.964340381804554,3.9389156349261016]",3.9446455723902223,1024.0,12.0,8.0,12.0,48.0,12.0
density-crossover-avx2,cross/4/unit12/draw8/stride12/spread/sum/window,1,3,"[1007.9283999999689,993.1883999996671,1008.9304000000965]",1007.9283999999689,"[1007.9315000012912,993.3555000003479,1008.9334999975108]",1007.9315000012912,"[0.9843050781249696,0.9699105468746749,0.9852835937500942]",0.9843050781249696,1024.0,12.0,8.0,12.0,48.0,12.0
density-crossover-avx2,cross/4/unit12/draw8/stride12/spread/update/packet,1,3,"[3205.5102700205944,3190.739672282683,3237.259404569317]",3205.5102700205944,"[3205.5169628453127,3195.5836602775125,3237.949457648384]",3205.5169628453127,"[3.1303811230669867,3.1159567112135576,3.161386137274724]",3.1303811230669867,1024.0,12.0,8.0,12.0,48.0,12.0
density-crossover-avx2,cross/4/unit12/draw8/stride12/spread/update/point,1,3,"[13994.296407184987,13991.92215569009,13991.032934134086]",13991.92215569009,"[13996.013972055533,13991.97105789329,13994.815369257682]",13994.815369257682,"[13.666305085141591,13.663986480166104,13.663118099740318]",13.663986480166104,1024.0,12.0,8.0,12.0,48.0,12.0
density-crossover-avx2,cross/4/unit12/draw8/stride12/spread/update/window,1,3,"[3079.690780465923,3097.61638521211,3113.145823824486]",3097.61638521211,"[3079.6973984491274,3097.623003192071,3113.152441813365]",3097.623003192071,"[3.007510527798753,3.025016001183701,3.0401814685785995]",3.025016001183701,1024.0,12.0,8.0,12.0,48.0,12.0
density-crossover-avx2,cross/4/unit12/draw8/stride13/compact/sum/packet,1,3,"[1078.9401188361267,1079.5443321245607,1079.0273940889401]",1079.0273940889401,"[1080.3075854612844,1079.5466471176446,1079.0304035809363]",1079.5466471176446,"[1.053652459800905,1.0542425118403913,1.0537376895399806]",1.0537376895399806,1024.0,12.0,8.0,8.0,47.0,13.0
density-crossover-avx2,cross/4/unit12/draw8/stride13/compact/sum/point,1,3,"[4036.327626233102,4032.2736506098577,4033.118398143019]",4033.118398143019,"[4036.9428322756567,4032.2852582770297,4033.1326175217728]",4033.1326175217728,"[3.9417261974932636,3.937767236923689,3.9385921856865416]",3.9385921856865416,1024.0,12.0,8.0,8.0,47.0,13.0
density-crossover-avx2,cross/4/unit12/draw8/stride13/compact/sum/window,1,3,"[1137.7426047491476,1141.2590161278476,1147.0358213792194]",1141.2590161278476,"[1137.746575895852,1141.3952508294253,1147.0390631344283]",1141.3952508294253,"[1.1110767624503395,1.1145107579373514,1.120152169315644]",1.1145107579373514,1024.0,12.0,8.0,8.0,47.0,13.0
density-crossover-avx2,cross/4/unit12/draw8/stride13/compact/update/packet,1,3,"[2094.497897898085,2086.144894894757,2091.948198198131]",2091.948198198131,"[2094.503753757626,2086.3941441459583,2091.952702701408]",2091.952702701408,"[2.0454081034160985,2.037250873920661,2.0429181623028625]",2.0429181623028625,1024.0,12.0,8.0,8.0,47.0,13.0
density-crossover-avx2,cross/4/unit12/draw8/stride13/compact/update/point,1,3,"[8857.540113708623,8846.844598862692,8937.160454831646]",8857.540113708623,"[8857.558433351891,8847.855337968494,8946.756790913143]",8857.558433351891,"[8.649941517293577,8.639496678576847,8.72769575667153]",8.649941517293577,1024.0,12.0,8.0,8.0,47.0,13.0
density-crossover-avx2,cross/4/unit12/draw8/stride13/compact/update/window,1,3,"[2267.7571936630966,2255.1446815389118,2260.403491755315]",2260.403491755315,"[2267.765114774792,2255.5100226314917,2260.411574522375]",2260.411574522375,"[2.2146066344366178,2.2022897280653435,2.2074252849172997]",2.2074252849172997,1024.0,12.0,8.0,8.0,47.0,13.0
density-crossover-avx2,cross/4/unit12/draw8/stride13/spread/sum/packet,1,3,"[1407.6042152194898,1414.232951666795,1416.9748708076145]",1414.232951666795,"[1407.920255345366,1414.2359914879905,1417.147127367696]",1414.2359914879905,"[1.3746134914252832,1.3810868668621048,1.3837645222730608]",1.3810868668621048,1024.0,12.0,8.0,12.0,51.0,13.0
density-crossover-avx2,cross/4/unit12/draw8/stride13/spread/sum/point,1,3,"[4037.2539682545967,4034.9598845593573,4035.617604618181]",4035.617604618181,"[4037.26551226402,4034.968253965343,4043.7561327523613]",4037.26551226402,"[3.9426308283736295,3.940390512264998,3.9410328170099422]",3.9410328170099422,1024.0,12.0,8.0,12.0,51.0,13.0
density-crossover-avx2,cross/4/unit12/draw8/stride13/spread/sum/window,1,3,"[1198.7422865956069,1204.891583819089,1206.5937607133255]",1204.891583819089,"[1198.746571822334,1205.22754542448,1206.8594446337006]",1205.22754542448,"[1.1706467642535223,1.176651937323329,1.1783142194466072]",1.176651937323329,1024.0,12.0,8.0,12.0,51.0,13.0
density-crossover-avx2,cross/4/unit12/draw8/stride13/spread/update/packet,1,3,"[3594.7010994630523,3590.343901815507,3582.3410892356646]",3590.343901815507,"[3599.7864996148323,3590.354129372369,3582.3513167925266]",3590.354129372369,"[3.5104502924443874,3.5061952166167054,3.4983799699567038]",3.5061952166167054,1024.0,12.0,8.0,12.0,51.0,13.0
density-crossover-avx2,cross/4/unit12/draw8/stride13/spread/update/point,1,3,"[14013.282565131818,13995.35571142202,13998.562124249544]",13998.562124249544,"[14016.227454905851,13995.405811619446,13998.602204406061]",13998.602204406061,"[13.684846255011543,13.667339561935568,13.670470824462445]",13.670470824462445,1024.0,12.0,8.0,12.0,51.0,13.0
density-crossover-avx2,cross/4/unit12/draw8/stride13/spread/update/window,1,3,"[3260.838457899809,3273.466177861477,3265.2497634819547]",3265.2497634819547,"[3261.3091296116527,3273.478003784037,3265.256385999059]",3265.256385999059,"[3.184412556542782,3.1967443143178484,3.1887204721503464]",3.1887204721503464,1024.0,12.0,8.0,12.0,51.0,13.0
density-crossover-avx2,cross/4/unit12/draw8/stride64/compact/sum/packet,1,3,"[1086.9064993415166,1081.7394840807294,1081.699976760289]",1081.7394840807294,"[1089.2482763973956,1081.7418080392983,1081.7015260665519]",1081.7418080392983,"[1.0614321282631998,1.0563862149225873,1.0563476335549697]",1.0563862149225873,1024.0,12.0,8.0,8.0,200.0,64.0
density-crossover-avx2,cross/4/unit12/draw8/stride64/compact/sum/point,1,3,"[4058.405687753578,4053.025246662656,4053.858096343281]",4053.858096343281,"[4058.411201389943,4053.5969239664623,4059.812826460932]",4058.411201389943,"[3.9632868044468537,3.958032467444,3.9588457972102353]",3.9588457972102353,1024.0,12.0,8.0,8.0,200.0,64.0
density-crossover-avx2,cross/4/unit12/draw8/stride64/compact/update/packet,1,3,"[2132.940395352231,2141.615361400153,2123.57114833298]",2132.940395352231,"[2133.4593330282546,2142.092349477946,2123.575524370229]",2133.4593330282546,"[2.082949604836163,2.0914212513673367,2.0737999495439263]",2.082949604836163,1024.0,12.0,8.0,8.0,200.0,64.0
density-crossover-avx2,cross/4/unit12/draw8/stride64/compact/update/point,1,3,"[8871.60482846299,8936.369123251285,8889.368487929703]",8889.368487929703,"[8871.629606099377,8937.754129606265,8889.386912327669]",8889.386912327669,"[8.66367659029589,8.726922971925084,8.681023913993851]",8.681023913993851,1024.0,12.0,8.0,8.0,200.0,64.0
density-crossover-avx2,cross/4/unit12/draw8/stride64/spread/sum/packet,1,3,"[1406.6912765102938,1409.7213885552578,1413.0357142857547]",1409.7213885552578,"[1406.6941776731308,1409.9064625849,1413.0387154857724]",1409.9064625849,"[1.3737219497170838,1.376681043510994,1.3799176897321823]",1.376681043510994,1024.0,12.0,8.0,12.0,204.0,64.0
density-crossover-avx2,cross/4/unit12/draw8/stride64/spread/sum/point,1,3,"[4057.526346265278,4053.342501447105,4050.343080486644]",4053.342501447105,"[4057.531847134291,4054.2429067747044,4050.9279096733308]",4054.2429067747044,"[3.962428072524686,3.958342286569439,3.955413164537738]",3.958342286569439,1024.0,12.0,8.0,12.0,204.0,64.0
density-crossover-avx2,cross/4/unit12/draw8/stride64/spread/update/packet,1,3,"[3609.9909279416893,3605.2996371178756,3605.9681181952915]",3605.9681181952915,"[3609.9987039865737,3609.6099015065865,3606.507257648954]",3609.6099015065865,"[3.5253817655680555,3.5208004268729254,3.5214532404250893]",3.5214532404250893,1024.0,12.0,8.0,12.0,204.0,64.0
density-crossover-avx2,cross/4/unit12/draw8/stride64/spread/update/point,1,3,"[13999.044044042352,14011.656656656549,14010.856856854585]",14010.856856854585,"[13999.084084085704,14032.387387377757,14013.928928928348]",14013.928928928348,"[13.670941449260107,13.683258453766161,13.682477399272056]",13.682477399272056,1024.0,12.0,8.0,12.0,204.0,64.0
density-crossover-avx2,cross/4/unit16/draw2/stride16/compact/sum/packet,1,3,"[974.1328374808731,974.1016265815217,974.3149589878984]",974.1328374808731,"[974.2496176848673,974.1037119432026,974.4310440713322]",974.2496176848673,"[0.9513015991024153,0.9512711197085173,0.9514794521366196]",0.9513015991024153,1024.0,16.0,2.0,2.0,50.0,16.0
density-crossover-avx2,cross/4/unit16/draw2/stride16/compact/sum/point,1,3,"[1968.5914205342647,1967.9586497889463,1968.5140646975105]",1968.5140646975105,"[1969.5465541489707,1967.9627285515903,1968.7812939502076]",1968.7812939502076,"[1.9224525591154928,1.9218346189345177,1.9223770163061624]",1.9223770163061624,1024.0,16.0,2.0,2.0,50.0,16.0
density-crossover-avx2,cross/4/unit16/draw2/stride16/compact/sum/window,1,3,"[1184.0454779034528,1182.670863309172,1184.1928742720968]",1184.0454779034528,"[1184.048047277347,1182.674289141741,1188.3645083919646]",1184.048047277347,"[1.1562944120150906,1.1549520149503634,1.1564383537813445]",1.1562944120150906,1024.0,16.0,2.0,2.0,50.0,16.0
density-crossover-avx2,cross/4/unit16/draw2/stride16/compact/update/packet,1,3,"[1968.7925936356498,1958.570121092801,1957.4156575609265]",1958.570121092801,"[1969.2009293160097,1958.5757533085437,1957.421148972251]",1958.5757533085437,"[1.9226490172223143,1.9126661338796886,1.9115387280868423]",1.9126661338796886,1024.0,16.0,2.0,2.0,50.0,16.0
density-crossover-avx2,cross/4/unit16/draw2/stride16/compact/update/point,1,3,"[3720.413939877924,3720.0412343705466,3718.362596434967]",3720.0412343705466,"[3720.865921788544,3720.0518754965515,3718.3732375600266]",3720.0518754965515,"[3.633216738162035,3.632852767939987,3.6312134730810226]",3.632852767939987,1024.0,16.0,2.0,2.0,50.0,16.0
density-crossover-avx2,cross/4/unit16/draw2/stride16/compact/update/window,1,3,"[2100.436624009415,2120.2003351613157,2117.5799817185225]",2117.5799817185225,"[2100.6969835440104,2120.2062766608933,2117.586075562078]",2117.586075562078,"[2.0512076406341944,2.0705081398059724,2.0679492008969946]",2.0679492008969946,1024.0,16.0,2.0,2.0,50.0,16.0
density-crossover-avx2,cross/4/unit16/draw2/stride16/spread/sum/packet,1,3,"[1381.5928542991435,1382.4816878982222,1382.023785828104]",1382.023785828104,"[1381.595839966766,1382.6527667195369,1382.0267714950194]",1382.0267714950194,"[1.3492117717765075,1.3500797733381078,1.3496326033477577]",1.3496326033477577,1024.0,16.0,2.0,16.0,64.0,16.0
density-crossover-avx2,cross/4/unit16/draw2/stride16/spread/sum/point,1,3,"[1966.3534785664153,1966.1203092055912,1965.6619817289563]",1966.1203092055912,"[1966.3592410395408,1968.5249472958628,1965.6661981754346]",1966.3592410395408,"[1.920267068912515,1.9200393644585851,1.919591779032184]",1.9200393644585851,1024.0,16.0,2.0,16.0,64.0,16.0
density-crossover-avx2,cross/4/unit16/draw2/stride16/spread/sum/window,1,3,"[1090.5552006231228,1088.7631476433564,1089.03669653277]",1089.03669653277,"[1090.5582391884102,1089.1534865605681,1089.182313984088]",1089.182313984088,"[1.0649953131085184,1.063245261370465,1.0635123989577833]",1.0635123989577833,1024.0,16.0,2.0,16.0,64.0,16.0
density-crossover-avx2,cross/4/unit16/draw2/stride16/spread/update/packet,1,3,"[2672.6054188130356,2666.120015264363,2671.3959168091733]",2671.3959168091733,"[2672.613050946296,2666.12955543331,2677.573936271844]",2672.613050946296,"[2.6099662293096055,2.6036328274066043,2.6087850750089587]",2.6087850750089587,1024.0,16.0,2.0,16.0,64.0,16.0
density-crossover-avx2,cross/4/unit16/draw2/stride16/spread/update/point,1,3,"[4515.556454221933,4537.177612423679,4516.294079586007]",4516.294079586007,"[4515.566159812734,4537.186994506051,4517.089938529369]",4517.089938529369,"[4.409723099826106,4.4308375121325,4.410443437095711]",4.410443437095711,1024.0,16.0,2.0,16.0,64.0,16.0
density-crossover-avx2,cross/4/unit16/draw2/stride16/spread/update/window,1,3,"[2303.3700696054284,2295.4617169370126,2302.571262843595]",2302.571262843595,"[2303.375041428036,2295.4696718603677,2302.5778919453114]",2302.5778919453114,"[2.2493848335990516,2.2416618329463014,2.248604748870698]",2.248604748870698,1024.0,16.0,2.0,16.0,64.0,16.0
density-crossover-avx2,cross/4/unit16/draw2/stride17/compact/sum/packet,1,3,"[973.7891076025891,972.5732072058455,974.3218334840506]",973.7891076025891,"[975.120331084721,972.5752938719739,974.3253112593663]",974.3253112593663,"[0.9509659253931534,0.9497785226619585,0.9514861655117681]",0.9509659253931534,1024.0,16.0,2.0,2.0,53.0,17.0
density-crossover-avx2,cross/4/unit16/draw2/stride17/compact/sum/point,1,3,"[1966.9897284367337,1966.3690727452974,1968.074433657208]",1966.9897284367337,"[1966.995215981677,1966.3732939355225,1972.1478823713578]",1966.995215981677,"[1.9208884066764977,1.9202822976028293,1.921947689118367]",1.9208884066764977,1024.0,16.0,2.0,2.0,53.0,17.0
density-crossover-avx2,cross/4/unit16/draw2/stride17/compact/sum/window,1,3,"[1199.446986703337,1200.1205318598224,1203.4557934728675]",1200.1205318598224,"[1199.615351407928,1200.1246762199592,1203.4583836977613]",1200.1246762199592,"[1.1713349479524775,1.1719927068943579,1.1752497983133472]",1.1719927068943579,1024.0,16.0,2.0,2.0,53.0,17.0
density-crossover-avx2,cross/4/unit16/draw2/stride17/compact/update/packet,1,3,"[1975.2591807907763,1976.2734463276201,1969.8877118643763]",1975.2591807907763,"[1975.4950564999483,1976.6433615803494,1969.8933615848669]",1975.4950564999483,"[1.9289640437409925,1.9299545374293166,1.923718468617555]",1.9289640437409925,1024.0,16.0,2.0,2.0,53.0,17.0
density-crossover-avx2,cross/4/unit16/draw2/stride17/compact/update/point,1,3,"[3719.879021536591,3718.7011433125526,3718.4036160600494]",3718.7011433125526,"[3719.8869981392186,3719.1504918885084,3722.69476202985]",3719.8869981392186,"[3.6326943569693273,3.6315440852661642,3.631253531308642]",3.6315440852661642,1024.0,16.0,2.0,2.0,53.0,17.0
density-crossover-avx2,cross/4/unit16/draw2/stride17/compact/update/window,1,3,"[2180.5974046528668,2190.910903624105,2157.0810254790613]",2180.5974046528668,"[2180.6021522404653,2276.7630954257447,2157.0935274588187]",2180.6021522404653,"[2.129489652981315,2.139561429320415,2.106524438944396]",2.129489652981315,1024.0,16.0,2.0,2.0,53.0,17.0
density-crossover-avx2,cross/4/unit16/draw2/stride17/spread/sum/packet,1,3,"[1374.1237937420974,1374.0535139878075,1375.8120674527677]",1374.1237937420974,"[1374.1276927582649,1374.058387756545,1376.546057122582]",1374.1276927582649,"[1.341917767326267,1.3418491347537183,1.3435664721218434]",1.341917767326267,1024.0,16.0,2.0,16.0,67.0,17.0
density-crossover-avx2,cross/4/unit16/draw2/stride17/spread/sum/point,1,3,"[1965.106069120345,1965.7762011799573,1966.10508569834]",1965.7762011799573,"[1965.111688676865,1966.1779994376989,1966.418375949376]",1966.1779994376989,"[1.9190488956253369,1.919703321464802,1.9200244977522853]",1.919703321464802,1024.0,16.0,2.0,16.0,67.0,17.0
density-crossover-avx2,cross/4/unit16/draw2/stride17/spread/update/packet,1,3,"[2660.048488305204,2661.4386765541017,2666.272104963214]",2661.4386765541017,"[2660.0560943139044,2661.4460924125683,2666.6352918839075]",2661.4460924125683,"[2.5977036018605504,2.5990612075723654,2.6037813525031392]",2.5990612075723654,1024.0,16.0,2.0,16.0,67.0,17.0
density-crossover-avx2,cross/4/unit16/draw2/stride17/spread/update/point,1,3,"[4461.712874442012,4462.2708731670655,4462.095283619773]",4462.095283619773,"[4461.728808163602,4481.977374124435,4463.663161249497]",4463.663161249497,"[4.357141478947278,4.357686399577213,4.357514925409935]",4.357514925409935,1024.0,16.0,2.0,16.0,67.0,17.0
density-crossover-avx2,cross/4/unit16/draw2/stride64/compact/sum/packet,1,3,"[1004.6230919481785,1004.3098459087519,1008.5304203141721]",1004.6230919481785,"[1004.6244664703037,1004.4313101355818,1008.5317948342412]",1004.6244664703037,"[0.9810772382306432,0.9807713338952655,0.9848929885880587]",0.9810772382306432,1024.0,16.0,2.0,2.0,194.0,64.0
density-crossover-avx2,cross/4/unit16/draw2/stride64/compact/sum/point,1,3,"[1976.7790165809308,1977.43496283587,1978.6985420239155]",1977.43496283587,"[1977.026157804623,1977.4376786727007,1979.1573756440198]",1977.4376786727007,"[1.9304482583798153,1.9310888308944043,1.93232279494523]",1.9310888308944043,1024.0,16.0,2.0,2.0,194.0,64.0
density-crossover-avx2,cross/4/unit16/draw2/stride64/compact/update/packet,1,3,"[2039.0393609291011,2035.7160493828362,2037.5767610745902]",2037.5767610745902,"[2039.39796659746,2035.7204066816716,2037.5811183744577]",2037.5811183744577,"[1.9912493759073253,1.988003954475426,1.9898210557369045]",1.9898210557369045,1024.0,16.0,2.0,2.0,194.0,64.0
density-crossover-avx2,cross/4/unit16/draw2/stride64/compact/update/point,1,3,"[3508.16941941946,3505.779779780363,3503.7900400404687]",3505.779779780363,"[3519.695945941281,3505.7895395418195,3503.800050045973]",3505.7895395418195,"[3.4259466986518166,3.4236130661917605,3.4216699609770203]",3.4236130661917605,1024.0,16.0,2.0,2.0,194.0,64.0
density-crossover-avx2,cross/4/unit16/draw2/stride64/spread/sum/packet,1,3,"[1398.82285199264,1397.8686160623645,1398.705687963266]",1398.705687963266,"[1401.7459443218354,1398.7497496490032,1398.7087923092513]",1398.7497496490032,"[1.3660379413990626,1.3651060703734028,1.365923523401627]",1.365923523401627,1024.0,16.0,2.0,16.0,208.0,64.0
density-crossover-avx2,cross/4/unit16/draw2/stride64/spread/sum/point,1,3,"[1975.072023725348,1977.172150826208,1975.9603163391293]",1975.9603163391293,"[1975.0762604154313,1977.7227792689225,1975.9661064842505]",1975.9661064842505,"[1.9287812731692848,1.930832178541219,1.929648746424931]",1.929648746424931,1024.0,16.0,2.0,16.0,208.0,64.0
density-crossover-avx2,cross/4/unit16/draw2/stride64/spread/update/packet,1,3,"[2724.63350887487,2720.7050906965496,2728.6532085035697]",2724.63350887487,"[2724.639165200418,2720.7109420727998,2729.4550419356333]",2724.639165200418,"[2.660774911010616,2.6569385651333493,2.6647003989292672]",2.660774911010616,1024.0,16.0,2.0,16.0,208.0,64.0
density-crossover-avx2,cross/4/unit16/draw2/stride64/spread/update/point,1,3,"[4482.236909323497,4482.792145594817,4471.463920817969]",4482.236909323497,"[4482.2493614329405,4482.798850573946,4472.87196679011]",4482.2493614329405,"[4.377184481761227,4.377726704682439,4.3666639851737985]",4.377184481761227,1024.0,16.0,2.0,16.0,208.0,64.0
density-crossover-avx2,cross/4/unit16/draw4/stride16/compact/sum/packet,1,3,"[986.6415907324695,990.7215511761145,987.165077347015]",987.165077347015,"[986.6444161900741,992.2430599710162,987.7548209383755]",987.7548209383755,"[0.9635171784496771,0.9675015148204242,0.9640283958466943]",0.9640283958466943,1024.0,16.0,4.0,4.0,52.0,16.0
density-crossover-avx2,cross/4/unit16/draw4/stride16/compact/sum/point,1,3,"[2606.831968738435,2621.0971343502347,2613.4099367326644]",2613.4099367326644,"[2606.839598062147,2621.1043915176033,2619.6845924801364]",2619.6845924801364,"[2.545734344471128,2.5596651702639015,2.5521581413404926]",2.5521581413404926,1024.0,16.0,4.0,4.0,52.0,16.0
density-crossover-avx2,cross/4/unit16/draw4/stride16/compact/sum/window,1,3,"[1204.551154544737,1200.40517166817,1199.8967396007]",1200.40517166817,"[1205.0449710292648,1200.4085444940338,1199.9001124274855]",1200.4085444940338,"[1.1763194868600946,1.1722706754571972,1.1717741597663085]",1.1722706754571972,1024.0,16.0,4.0,4.0,52.0,16.0
density-crossover-avx2,cross/4/unit16/draw4/stride16/compact/update/packet,1,3,"[1985.2200592468096,1980.9881506556942,1988.8046268867179]",1985.2200592468096,"[1985.2242911552494,1980.9925236292688,1988.8101283698443]",1985.2242911552494,"[1.9386914641082125,1.9345587408747014,1.9421920184440604]",1.9386914641082125,1024.0,16.0,4.0,4.0,52.0,16.0
density-crossover-avx2,cross/4/unit16/draw4/stride16/compact/update/point,1,3,"[4999.460766749944,5006.978144034878,4997.067359369621]",4999.460766749944,"[5000.266929417438,5006.992117520967,4997.078108202234]",5000.266929417438,"[4.882285905029242,4.889627093784061,4.8799485931343956]",4.882285905029242,1024.0,16.0,4.0,4.0,52.0,16.0
density-crossover-avx2,cross/4/unit16/draw4/stride16/compact/update/window,1,3,"[2240.7665191016704,2228.800787014074,2229.9057222493275]",2229.9057222493275,"[2245.024430231614,2228.807017547097,2229.91047712524]",2229.91047712524,"[2.188248553810225,2.1765632685684317,2.177642306884109]",2.177642306884109,1024.0,16.0,4.0,4.0,52.0,16.0
density-crossover-avx2,cross/4/unit16/draw4/stride16/spread/sum/packet,1,3,"[1848.046124712618,1839.0944136349126,1851.5698633841953]",1848.046124712618,"[1852.7423238225642,1839.0983362652323,1851.5737860145146]",1851.5737860145146,"[1.8047325436646657,1.7959906383153446,1.8081736947111282]",1.8047325436646657,1024.0,16.0,4.0,16.0,64.0,16.0
density-crossover-avx2,cross/4/unit16/draw4/stride16/spread/sum/point,1,3,"[2604.045142114146,2608.3159947988015,2603.001300389631]",2604.045142114146,"[2604.0544306164106,2622.9660040830922,2603.0085454215423]",2604.0544306164106,"[2.5430128340958458,2.5471835886707046,2.541993457411749]",2.5430128340958458,1024.0,16.0,4.0,16.0,64.0,16.0
density-crossover-avx2,cross/4/unit16/draw4/stride16/spread/sum/window,1,3,"[1086.932609538678,1087.6529662659084,1091.3816207831012]",1087.6529662659084,"[1086.9348584714571,1087.8290034907038,1091.3823962797471]",1087.8290034907038,"[1.061457626502615,1.0621610998690512,1.0658023640459973]",1.0621610998690512,1024.0,16.0,4.0,16.0,64.0,16.0
density-crossover-avx2,cross/4/unit16/draw4/stride16/spread/update/packet,1,3,"[3364.2343750003215,3349.287500000229,3422.3377403843115]",3364.2343750003215,"[3364.2439903840245,3349.296874995881,3428.970192307026]",3364.2439903840245,"[3.2853851318362515,3.2707885742189737,3.342126699594054]",3.2853851318362515,1024.0,16.0,4.0,16.0,64.0,16.0
density-crossover-avx2,cross/4/unit16/draw4/stride16/spread/update/point,1,3,"[7822.098937953982,7813.854108441245,7817.823365007925]",7817.823365007925,"[7822.121296807586,7813.876467298822,7819.030184464664]",7819.030184464664,"[7.638768494095686,7.630716902774653,7.6345931298905505]",7.6345931298905505,1024.0,16.0,4.0,16.0,64.0,16.0
density-crossover-avx2,cross/4/unit16/draw4/stride16/spread/update/window,1,3,"[2899.1952019682544,2881.4590937053385,2883.0336272299287]",2883.0336272299287,"[2899.2015583346706,2881.4670904260233,2884.1347139658087]",2884.1347139658087,"[2.8312453144221235,2.8139248961966197,2.8154625265917272]",2.8154625265917272,1024.0,16.0,4.0,16.0,64.0,16.0
density-crossover-avx2,cross/4/unit16/draw4/stride17/compact/sum/packet,1,3,"[987.8198331920465,988.6538733390172,994.1607294316246]",988.6538733390172,"[987.8219536315161,988.6567005934845,994.3501554985154]",988.6567005934845,"[0.964667805851608,0.965482298182634,0.9708600873355709]",0.965482298182634,1024.0,16.0,4.0,4.0,55.0,17.0
density-crossover-avx2,cross/4/unit16/draw4/stride17/compact/sum/point,1,3,"[2605.6963788297576,2603.6167130917165,2601.180129990787]",2603.6167130917165,"[2605.701949862179,2608.24623955583,2601.761374187561]",2605.701949862179,"[2.544625369950935,2.5425944463786294,2.540214970694128]",2.5425944463786294,1024.0,16.0,4.0,4.0,55.0,17.0
density-crossover-avx2,cross/4/unit16/draw4/stride17/compact/sum/window,1,3,"[1222.0271442198325,1218.2382273870978,1219.9259387738666]",1219.9259387738666,"[1223.5604891158227,1218.2416962954314,1220.0637412212989]",1220.0637412212989,"[1.1933858830271802,1.189685768932713,1.1913339245838541]",1.1913339245838541,1024.0,16.0,4.0,4.0,55.0,17.0
density-crossover-avx2,cross/4/unit16/draw4/stride17/compact/update/packet,1,3,"[2004.1761159749667,1996.2444380648346,1997.6253767764451]",1997.6253767764451,"[2004.1804219898993,1996.2501794173982,1997.6295392534842]",1997.6295392534842,"[1.9572032382568034,1.94945745904769,1.9508060320082472]",1.9508060320082472,1024.0,16.0,4.0,4.0,55.0,17.0
density-crossover-avx2,cross/4/unit16/draw4/stride17/compact/update/point,1,3,"[5002.381550610304,5013.896625986099,5010.349964106386]",5010.349964106386,"[5004.754127784354,5013.914213932353,5025.303302227127]",5013.914213932353,"[4.885138233017875,4.89638342381455,4.892919886822643]",4.892919886822643,1024.0,16.0,4.0,4.0,55.0,17.0
density-crossover-avx2,cross/4/unit16/draw4/stride17/compact/update/window,1,3,"[2204.866181931061,2205.6321163366197,2207.2254022276306]",2205.6321163366197,"[2205.2824876228506,2205.636757424464,2207.230198020656]",2205.636757424464,"[2.1531896307920517,2.15393761360998,2.15549355686292]",2.15393761360998,1024.0,16.0,4.0,4.0,55.0,17.0
density-crossover-avx2,cross/4/unit16/draw4/stride17/spread/sum/packet,1,3,"[1865.8138234118735,1848.7554934078048,1874.5591956320598]",1865.8138234118735,"[1866.0707151431818,1848.7594886143615,1877.1760553996924]",1866.0707151431818,"[1.8220838119256577,1.8054252865310594,1.8306242144844331]",1.8220838119256577,1024.0,16.0,4.0,16.0,67.0,17.0
density-crossover-avx2,cross/4/unit16/draw4/stride17/spread/sum/point,1,3,"[2605.5869200667426,2713.6418855976362,2717.666294018829]",2713.6418855976362,"[2605.5925097808054,2714.2269424297997,2717.6741196183852]",2714.2269424297997,"[2.544518476627678,2.6500409039039416,2.653970990252763]",2.6500409039039416,1024.0,16.0,4.0,16.0,67.0,17.0
density-crossover-avx2,cross/4/unit16/draw4/stride17/spread/update/packet,1,3,"[3437.6976744187277,3437.2643818848746,3445.710159118227]",3437.6976744187277,"[3437.707466336854,3437.717258259329,3445.7221542249977]",3437.717258259329,"[3.3571266351745384,3.356703497934448,3.3649513272638933]",3.3571266351745384,1024.0,16.0,4.0,16.0,67.0,17.0
density-crossover-avx2,cross/4/unit16/draw4/stride17/spread/update/point,1,3,"[7834.586920067504,7829.946897708,7828.812185577767]",7829.946897708,"[7834.603130238155,7831.025712692305,7828.8345444353445]",7831.025712692305,"[7.650963789128422,7.646432517292968,7.645324399978288]",7.646432517292968,1024.0,16.0,4.0,16.0,67.0,17.0
density-crossover-avx2,cross/4/unit16/draw4/stride64/compact/sum/packet,1,3,"[1014.4471188389123,1010.1541888200999,1012.2384681707347]",1012.2384681707347,"[1014.4485558258278,1010.2935766632271,1012.4382095117952]",1012.4382095117952,"[0.9906710144911253,0.9864787000196289,0.9885141290729831]",0.9885141290729831,1024.0,16.0,4.0,4.0,196.0,64.0
density-crossover-avx2,cross/4/unit16/draw4/stride64/compact/sum/point,1,3,"[2629.2036029271144,2625.08444361002,2638.8299868645436]",2629.2036029271144,"[2632.872021015668,2630.655845374927,2639.454869580787]",2632.872021015668,"[2.56758164348351,2.5635590269629103,2.5769824090474054]",2.56758164348351,1024.0,16.0,4.0,4.0,196.0,64.0
density-crossover-avx2,cross/4/unit16/draw4/stride64/compact/update/packet,1,3,"[2023.3481204091336,2024.0162753853888,2018.4439003308448]",2023.3481204091336,"[2023.3522972772446,2024.0205962855168,2018.8745499052582]",2023.3522972772446,"[1.9759258988370445,1.9765783939310437,1.9711366214168404]",1.9759258988370445,1024.0,16.0,4.0,4.0,196.0,64.0
density-crossover-avx2,cross/4/unit16/draw4/stride64/compact/update/point,1,3,"[5064.840983013493,5070.869172388866,5090.356342609046]",5070.869172388866,"[5064.848211061473,5070.883628482258,5091.375496933806]",5070.883628482258,"[4.9461337724741155,4.952020676161002,4.971051115829146]",4.952020676161002,1024.0,16.0,4.0,4.0,196.0,64.0
density-crossover-avx2,cross/4/unit16/draw4/stride64/spread/sum/packet,1,3,"[1855.0799629920537,1853.7729315358624,1848.541501453534]",1853.7729315358624,"[1856.1518636023266,1853.7754427691316,1848.544144858458]",1853.7754427691316,"[1.8116015263594274,1.8103251284529907,1.8052163100132168]",1.8103251284529907,1024.0,16.0,4.0,16.0,208.0,64.0
density-crossover-avx2,cross/4/unit16/draw4/stride64/spread/sum/point,1,3,"[2621.503090466002,2734.12923768534,2625.3071736276474]",2625.3071736276474,"[2621.510582508992,2734.133171003185,2635.1254916672797]",2635.1254916672797,"[2.560061611783205,2.67004808367709,2.5637765367457495]",2.5637765367457495,1024.0,16.0,4.0,16.0,208.0,64.0
density-crossover-avx2,cross/4/unit16/draw4/stride64/spread/update/packet,1,3,"[3493.2939273265984,3483.0950721744503,3511.6139870589823]",3493.2939273265984,"[3494.0082130469323,3483.1022897015077,3512.1966152326627]",3494.0082130469323,"[3.4114198509048808,3.401460031420362,3.4293105342372874]",3.4114198509048808,1024.0,16.0,4.0,16.0,208.0,64.0
density-crossover-avx2,cross/4/unit16/draw4/stride64/spread/update/point,1,3,"[7828.722035793252,7828.520693512597,7828.918344518431]",7828.722035793252,"[7828.744407171678,7828.543064873141,7828.940156592825]",7828.744407171678,"[7.6452363630793485,7.645039739758395,7.645428070818781]",7.6452363630793485,1024.0,16.0,4.0,16.0,208.0,64.0
density-crossover-avx2,cross/4/unit16/draw8/stride16/compact/sum/packet,1,3,"[1075.2386293790878,1075.2585279654518,1071.0913491088747]",1075.2386293790878,"[1075.392977874283,1075.2608328198403,1071.0944222512437]",1075.2608328198403,"[1.0500377240030156,1.0500571562162617,1.0459876456141355]",1.0500377240030156,1024.0,16.0,8.0,8.0,56.0,16.0
density-crossover-avx2,cross/4/unit16/draw8/stride16/compact/sum/point,1,3,"[4051.387124711081,4056.283487297697,4031.4708429561592]",4051.387124711081,"[4051.886547350327,4056.2918591197927,4031.4795034618824]",4051.886547350327,"[3.9564327389756646,3.9612143430641567,3.9369832450743742]",3.9564327389756646,1024.0,16.0,8.0,8.0,56.0,16.0
density-crossover-avx2,cross/4/unit16/draw8/stride16/compact/sum/window,1,3,"[1232.1390914682017,1231.6365872948313,1233.9403391618607]",1232.1390914682017,"[1234.1107986994314,1231.8262894303691,1233.943941655985]",1233.943941655985,"[1.2032608315119158,1.2027701047801087,1.2050198624627548]",1.2032608315119158,1024.0,16.0,8.0,8.0,56.0,16.0
density-crossover-avx2,cross/4/unit16/draw8/stride16/compact/update/packet,1,3,"[2076.1826436439396,2063.862161357208,2069.345787436904]",2069.345787436904,"[2077.1233998241173,2064.137243227362,2069.756623996609]",2069.756623996609,"[2.027522112933535,2.015490391950399,2.0208454955438517]",2.0208454955438517,1024.0,16.0,8.0,8.0,56.0,16.0
density-crossover-avx2,cross/4/unit16/draw8/stride16/compact/update/point,1,3,"[8913.475378787805,8840.205808080873,8838.071338382242]",8840.205808080873,"[8913.500631319634,8841.354797967273,8838.090277784475]",8841.354797967273,"[8.704565799597466,8.633013484453977,8.630929041388907]",8.633013484453977,1024.0,16.0,8.0,8.0,56.0,16.0
density-crossover-avx2,cross/4/unit16/draw8/stride16/compact/update/window,1,3,"[2210.13253968253,2228.1057142857476,2216.532539682545]",2216.532539682545,"[2213.1119047636666,2228.8246031760336,2216.53730159052]",2216.53730159052,"[2.1583325582837207,2.1758844866071754,2.1645825582837355]",2.1645825582837355,1024.0,16.0,8.0,8.0,56.0,16.0
density-crossover-avx2,cross/4/unit16/draw8/stride16/spread/sum/packet,1,3,"[768.224062724266,769.9538954225538,771.9918833857898]",769.9538954225538,"[768.2262161112998,770.0450002762379,772.9951410751087]",770.0450002762379,"[0.750218811254166,0.7519081009985878,0.7538983236189354]",0.7519081009985878,1024.0,16.0,8.0,16.0,64.0,16.0
density-crossover-avx2,cross/4/unit16/draw8/stride16/spread/sum/point,1,3,"[4034.596248196393,4034.60173160233,4033.8340548347046]",4034.596248196393,"[4034.607503605504,4035.2251082290954,4033.8455988461787]",4034.607503605504,"[3.94003539862929,3.9400407535179003,3.939291069174516]",3.94003539862929,1024.0,16.0,8.0,16.0,64.0,16.0
density-crossover-avx2,cross/4/unit16/draw8/stride16/spread/sum/window,1,3,"[1089.7609050617655,1089.6622346630081,1094.3173159162193]",1089.7609050617655,"[1089.764792784383,1091.9971230860212,1094.5016717206497]",1091.9971230860212,"[1.0642196338493803,1.064123276038094,1.068669253824433]",1.0642196338493803,1024.0,16.0,8.0,16.0,64.0,16.0
density-crossover-avx2,cross/4/unit16/draw8/stride16/spread/update/packet,1,3,"[1724.5844586302355,1721.989442671346,1717.583476553059]",1721.989442671346,"[1724.5881414187668,1721.9942302975705,1718.016818073077]",1721.9942302975705,"[1.6841645103810894,1.6816303151087364,1.6773276138213464]",1.6816303151087364,1024.0,16.0,8.0,16.0,64.0,16.0
density-crossover-avx2,cross/4/unit16/draw8/stride16/spread/update/point,1,3,"[13990.344999999848,13992.534999999862,13992.125999997996]",13992.125999997996,"[13990.374999991673,13992.585000011104,13992.156000000477]",13992.156000000477,"[13.662446289062352,13.664584960937365,13.66418554687304]",13.66418554687304,1024.0,16.0,8.0,16.0,64.0,16.0
density-crossover-avx2,cross/4/unit16/draw8/stride16/spread/update/window,1,3,"[1917.9726760952178,1921.3764932032316,1913.1341480157914]",1917.9726760952178,"[1918.2115886324916,1923.780722231584,1913.1395029533628]",1918.2115886324916,"[1.8730201914992362,1.876344231643781,1.8682950664216713]",1.8730201914992362,1024.0,16.0,8.0,16.0,64.0,16.0
density-crossover-avx2,cross/4/unit16/draw8/stride17/compact/sum/packet,1,3,"[1080.4160381712934,1078.457364937565,1083.8783284593276]",1080.4160381712934,"[1080.5614129588353,1078.4604432805772,1083.8814068023396]",1080.5614129588353,"[1.0550937872766537,1.0531810204468408,1.058474930136062]",1.0550937872766537,1024.0,16.0,8.0,8.0,59.0,17.0
density-crossover-avx2,cross/4/unit16/draw8/stride17/compact/sum/point,1,3,"[4041.997108155439,4037.2715442450776,4038.810005783436]",4038.810005783436,"[4042.482648926449,4037.286003470232,4038.8244650127]",4038.8244650127,"[3.947262800933046,3.942647992426834,3.9441503962728865]",3.9441503962728865,1024.0,16.0,8.0,8.0,59.0,17.0
density-crossover-avx2,cross/4/unit16/draw8/stride17/compact/sum/window,1,3,"[1249.1502595309842,1248.9158761409733,1250.153481295819]",1249.1502595309842,"[1249.1529443352158,1249.136835511099,1250.3996778222224]",1249.1529443352158,"[1.2198733003232267,1.2196444102939192,1.220853009077948]",1.2198733003232267,1024.0,16.0,8.0,8.0,59.0,17.0
density-crossover-avx2,cross/4/unit16/draw8/stride17/compact/update/packet,1,3,"[2113.7147382712214,2108.46975411085,2113.8263689848786]",2113.7147382712214,"[2113.7207723605925,2112.945391460796,2114.3347412875814]",2113.7207723605925,"[2.0641745490929897,2.0590524942488773,2.064283563461795]",2.0641745490929897,1024.0,16.0,8.0,8.0,59.0,17.0
density-crossover-avx2,cross/4/unit16/draw8/stride17/compact/update/point,1,3,"[8898.347029078026,8851.621997471282,8845.546776232719]",8851.621997471282,"[8898.365992405912,8853.062579016052,8845.56573955387]",8853.062579016052,"[8.689792020584008,8.64416210690555,8.638229273664765]",8.64416210690555,1024.0,16.0,8.0,8.0,59.0,17.0
density-crossover-avx2,cross/4/unit16/draw8/stride17/compact/update/window,1,3,"[2226.8242070379742,2257.5171216662357,2262.7339435061795]",2257.5171216662357,"[2226.8305191702125,2257.5218557651338,2263.0055231152255]",2257.5218557651338,"[2.1746330146855217,2.2046065641271833,2.2097011167052534]",2.2046065641271833,1024.0,16.0,8.0,8.0,59.0,17.0
density-crossover-avx2,cross/4/unit16/draw8/stride17/spread/sum/packet,1,3,"[762.3975791434459,765.1531383503125,767.3860773360567]",765.1531383503125,"[762.3992222591231,765.2429072193709,767.3888158614719]",765.2429072193709,"[0.7445288858822714,0.7472198616702271,0.7494004661484929]",0.7472198616702271,1024.0,16.0,8.0,16.0,67.0,17.0
density-crossover-avx2,cross/4/unit16/draw8/stride17/spread/sum/point,1,3,"[4037.0763203713223,4035.68049912928,4036.2872896117174]",4036.2872896117174,"[4037.087928038494,4043.4721416115867,4036.8905977924574]",4037.087928038494,"[3.9424573441126194,3.9410942374309377,3.941686806261443]",3.941686806261443,1024.0,16.0,8.0,16.0,67.0,17.0
density-crossover-avx2,cross/4/unit16/draw8/stride17/spread/update/packet,1,3,"[1719.3870372647254,1723.3187799780335,1715.6162833598942]",1719.3870372647254,"[1719.3906038628688,1724.8032222347924,1715.8424548028836]",1719.3906038628688,"[1.6790889035788332,1.6829284960722986,1.6754065267186469]",1.6790889035788332,1024.0,16.0,8.0,16.0,67.0,17.0
density-crossover-avx2,cross/4/unit16/draw8/stride17/spread/update/point,1,3,"[13991.867867866313,13994.319319321447,13991.436436434748]",13991.867867866313,"[13995.09009008131,13994.350350340821,13991.476476474543]",13994.350350340821,"[13.663933464713196,13.66632746027485,13.663512144955808]",13.663933464713196,1024.0,16.0,8.0,16.0,67.0,17.0
density-crossover-avx2,cross/4/unit16/draw8/stride64/compact/sum/packet,1,3,"[1082.3030279621753,1089.6358720841533,1081.481152479456]",1082.3030279621753,"[1082.4405221687302,1089.6381121595905,1081.4842422377144]",1082.4405221687302,"[1.0569365507443116,1.064097531332181,1.0561339379682186]",1.0569365507443116,1024.0,16.0,8.0,8.0,200.0,64.0
density-crossover-avx2,cross/4/unit16/draw8/stride64/compact/sum/point,1,3,"[4060.7755871273066,4055.7947231086605,4054.289649173265]",4055.7947231086605,"[4061.3090750895312,4055.8002319522593,4054.2983473432478]",4055.8002319522593,"[3.9656011593040104,3.960737034285801,3.959267235520766]",3.960737034285801,1024.0,16.0,8.0,8.0,200.0,64.0
density-crossover-avx2,cross/4/unit16/draw8/stride64/compact/update/packet,1,3,"[2125.006840985275,2127.2949224687536,2121.8311036788255]",2125.006840985275,"[2125.2972027965566,2127.301003345983,2121.8371845571346]",2125.2972027965566,"[2.075201993149683,2.077436447723392,2.072100687186353]",2.075201993149683,1024.0,16.0,8.0,8.0,200.0,64.0
density-crossover-avx2,cross/4/unit16/draw8/stride64/compact/update/point,1,3,"[8906.074144487668,8922.52598225613,8929.83206590745]",8922.52598225613,"[8907.354245879686,8924.350443608719,8929.870722437898]",8924.350443608719,"[8.697338031726238,8.713404279547001,8.720539126862745]",8.713404279547001,1024.0,16.0,8.0,8.0,200.0,64.0
density-crossover-avx2,cross/4/unit16/draw8/stride64/spread/sum/packet,1,3,"[794.2615665246457,790.7260516278121,784.500912055684]",790.7260516278121,"[794.3737770168901,790.7277651877714,785.7567851423644]",790.7277651877714,"[0.7756460610592243,0.7721934097927854,0.7661141719293789]",0.7721934097927854,1024.0,16.0,8.0,16.0,208.0,64.0
density-crossover-avx2,cross/4/unit16/draw8/stride64/spread/sum/point,1,3,"[4068.794006400466,4056.961012511296,4080.4148967119904]",4068.794006400466,"[4069.6991562378103,4057.455629913903,4080.4262438179626]",4069.6991562378103,"[3.973431646875455,3.961875988780563,3.984780172570303]",3.973431646875455,1024.0,16.0,8.0,16.0,208.0,64.0
density-crossover-avx2,cross/4/unit16/draw8/stride64/spread/update/packet,1,3,"[1771.2387301585186,1768.8641269841362,1769.589333333345]",1769.589333333345,"[1771.2425396821923,1769.0965079336386,1769.5942857129025]",1769.5942857129025,"[1.7297253224204283,1.7274063740079455,1.728114583333345]",1.728114583333345,1024.0,16.0,8.0,16.0,208.0,64.0
density-crossover-avx2,cross/4/unit16/draw8/stride64/spread/update/point,1,3,"[13991.789579157894,14002.169338677839,13993.231462927257]",13993.231462927257,"[13991.818637272972,14030.335671338411,13993.271543098015]",13993.271543098015,"[13.663857010896383,13.673993494802577,13.6652651005149]",13.6652651005149,1024.0,16.0,8.0,16.0,208.0,64.0
density-crossover-avx2,cross/4/unit24/draw2/stride24/compact/sum/packet,1,3,"[989.0590239156502,979.5241935485484,973.1726223581549]",979.5241935485484,"[990.8506674074789,980.0567296999255,973.1747080080625]",980.0567296999255,"[0.9658779530426271,0.9565665952622543,0.9503638890216357]",0.9565665952622543,1024.0,24.0,2.0,2.0,74.0,24.0
density-crossover-avx2,cross/4/unit24/draw2/stride24/compact/sum/point,1,3,"[1968.090180079255,1991.155880697932,1967.8608610016784]",1968.090180079255,"[1968.0944006726165,1991.4189645483907,1967.8664884601599]",1968.0944006726165,"[1.9219630664836476,1.9444881647440742,1.9217391220719515]",1.9219630664836476,1024.0,24.0,2.0,2.0,74.0,24.0
density-crossover-avx2,cross/4/unit24/draw2/stride24/compact/update/packet,1,3,"[1975.506561309681,1982.2443911384894,1970.4762240723533]",1975.506561309681,"[1975.5107944113918,1982.2498941756762,1970.7090447296082]",1975.5107944113918,"[1.9292056262789854,1.935785538221181,1.9242931875706575]",1.9292056262789854,1024.0,24.0,2.0,2.0,74.0,24.0
density-crossover-avx2,cross/4/unit24/draw2/stride24/compact/update/point,1,3,"[3717.7731986176727,3717.2494017552494,3717.922361073583]",3717.7731986176727,"[3717.783834081231,3717.260037218807,3723.5509173143064]",3717.783834081231,"[3.630637889275071,3.630126368901611,3.630783555735922]",3.630637889275071,1024.0,24.0,2.0,2.0,74.0,24.0
density-crossover-avx2,cross/4/unit24/draw2/stride24/spread/sum/packet,1,3,"[1384.5881305639982,1384.3338278934182,1387.6128585558]",1384.5881305639982,"[1384.5909990095606,1384.33679525166,1388.1369930765725]",1384.5909990095606,"[1.3521368462539045,1.3518885038021662,1.3550906821833983]",1.3521368462539045,1024.0,24.0,2.0,24.0,96.0,24.0
density-crossover-avx2,cross/4/unit24/draw2/stride24/spread/sum/point,1,3,"[1968.906302757478,1967.6329487902212,1966.91418120391]",1967.6329487902212,"[1968.9103826642774,1967.638576251702,1966.9196679768295]",1967.638576251702,"[1.9227600612865996,1.9215165515529504,1.9208146300819433]",1.9215165515529504,1024.0,24.0,2.0,24.0,96.0,24.0
density-crossover-avx2,cross/4/unit24/draw2/stride24/spread/update/packet,1,3,"[2665.1216036479736,2668.937108113562,2676.21983659451]",2668.937108113562,"[2665.6536196092693,2669.4556336670043,2676.227626828862]",2669.4556336670043,"[2.6026578160624743,2.6063838946421507,2.6134959341743262]",2.6063838946421507,1024.0,24.0,2.0,24.0,96.0,24.0
density-crossover-avx2,cross/4/unit24/draw2/stride24/spread/update/point,1,3,"[4516.55638852634,4543.538461539134,4532.830834419241]",4532.830834419241,"[4517.198174713044,4543.547913956542,4534.678943939217]",4534.678943939217,"[4.410699598170254,4.4370492788468106,4.426592611737541]",4.426592611737541,1024.0,24.0,2.0,24.0,96.0,24.0
density-crossover-avx2,cross/4/unit24/draw2/stride25/compact/sum/packet,1,3,"[972.863442885928,981.0233061195848,971.8794920101041]",972.863442885928,"[974.2924429559404,981.0253994840419,971.8815853758007]",974.2924429559404,"[0.950061955943289,0.958030572382407,0.9491010664161172]",0.950061955943289,1024.0,24.0,2.0,2.0,77.0,25.0
density-crossover-avx2,cross/4/unit24/draw2/stride25/compact/sum/point,1,3,"[1966.5967673929952,2029.7575544625538,2030.568657765636]",2029.7575544625538,"[1966.863668308169,2029.763316936678,2030.5728742091185]",2029.763316936678,"[1.9205046556572216,1.9821851117798377,1.982977204849254]",1.9821851117798377,1024.0,24.0,2.0,2.0,77.0,25.0
density-crossover-avx2,cross/4/unit24/draw2/stride25/compact/update/packet,1,3,"[1991.5476696412902,1980.894602634955,1984.6077348068704]",1984.6077348068704,"[1991.7870803218639,1980.8988525265427,1984.6118430373347]",1984.6118430373347,"[1.9448707711340725,1.934467385385698,1.9380934910223344]",1.9380934910223344,1024.0,24.0,2.0,2.0,77.0,25.0
density-crossover-avx2,cross/4/unit24/draw2/stride25/compact/update/point,1,3,"[3720.8751991505674,3717.677907594137,3717.0485926719007]",3717.677907594137,"[3728.5993096120906,3718.17180031787,3717.3751991515333]",3718.17180031787,"[3.6336671866704764,3.6305448316348996,3.629930266281153]",3.6305448316348996,1024.0,24.0,2.0,2.0,77.0,25.0
density-crossover-avx2,cross/4/unit24/draw2/stride25/spread/sum/packet,1,3,"[1378.2801564028177,1376.66129032242,1378.7717497557437]",1378.2801564028177,"[1378.2840664705257,1376.8235581626839,1380.0278592377529]",1378.2840664705257,"[1.3459767152371267,1.3443957913304883,1.3464567868708435]",1.3459767152371267,1024.0,24.0,2.0,24.0,99.0,25.0
density-crossover-avx2,cross/4/unit24/draw2/stride25/spread/sum/point,1,3,"[1967.8100464329639,1968.2686084140591,1968.0153369915577]",1968.0153369915577,"[1967.8141269163314,1968.5401716610359,1968.019558180283]",1968.019558180283,"[1.921689498469691,1.9221373129043546,1.921889977530818]",1.921889977530818,1024.0,24.0,2.0,24.0,99.0,25.0
density-crossover-avx2,cross/4/unit24/draw2/stride25/spread/update/packet,1,3,"[2701.0946462709385,2683.3565965580497,2671.572848948583]",2683.3565965580497,"[2701.100573613006,2683.364244742918,2672.2839388131183]",2683.364244742918,"[2.6377877404989634,2.6204654263262204,2.608957860301351]",2.6204654263262204,1024.0,24.0,2.0,24.0,99.0,25.0
density-crossover-avx2,cross/4/unit24/draw2/stride25/spread/update/point,1,3,"[4516.80909384082,4514.24540470811,4514.000644953563]",4514.24540470811,"[4516.818768140233,4514.258303777432,4514.564656562416]",4514.564656562416,"[4.410946380703926,4.408442778035264,4.408203754837464]",4.408442778035264,1024.0,24.0,2.0,24.0,99.0,25.0
density-crossover-avx2,cross/4/unit24/draw2/stride64/compact/sum/packet,1,3,"[1011.8572047355666,1004.9859226103179,1011.4896765808988]",1011.4896765808988,"[1011.859298295467,1004.988088362735,1011.6225093850445]",1011.6225093850445,"[0.9881418014995766,0.9814315650491385,0.9877828872860339]",0.9877828872860339,1024.0,24.0,2.0,2.0,194.0,64.0
density-crossover-avx2,cross/4/unit24/draw2/stride64/compact/sum/point,1,3,"[1978.8049816020905,1978.7354939143538,2002.4435324087797]",1978.8049816020905,"[1978.8090857642053,1982.44339088636,2002.4491933171353]",1982.44339088636,"[1.9324267398457913,1.9323588807757361,1.9555112621179491]",1.9324267398457913,1024.0,24.0,2.0,2.0,194.0,64.0
density-crossover-avx2,cross/4/unit24/draw2/stride64/compact/update/packet,1,3,"[2037.296479487786,2042.4127145770756,2039.7128309575228]",2039.7128309575228,"[2037.6818446337159,2042.4170788475699,2042.7982251966555]",2042.4170788475699,"[1.989547343249791,1.9945436665791756,1.9919070614819558]",1.9919070614819558,1024.0,24.0,2.0,2.0,194.0,64.0
density-crossover-avx2,cross/4/unit24/draw2/stride64/compact/update/point,1,3,"[3724.124401914199,3723.5446570968625,3721.529771398207]",3723.5446570968625,"[3724.5308346585907,3723.983253588494,3721.540404036576]",3723.983253588494,"[3.6368402362443355,3.6362740791961543,3.6343064173810617]",3.6362740791961543,1024.0,24.0,2.0,2.0,194.0,64.0
density-crossover-avx2,cross/4/unit24/draw2/stride64/spread/sum/packet,1,3,"[1399.8105648429175,1395.124740330391,1396.9121574837093]",1396.9121574837093,"[1399.9956474427831,1395.1276090607591,1396.9161143548554]",1396.9161143548554,"[1.3670025047294116,1.3624265042288974,1.3641720287926848]",1.3641720287926848,1024.0,24.0,2.0,24.0,216.0,64.0
density-crossover-avx2,cross/4/unit24/draw2/stride64/spread/sum/point,1,3,"[1977.13926908422,1974.5117821359506,1999.0327359952407]",1977.13926908422,"[1977.141950051093,1974.747424861514,1999.037110201896]",1977.141950051093,"[1.9308000674650583,1.9282341622421393,1.9521804062453523]",1.9308000674650583,1024.0,24.0,2.0,24.0,216.0,64.0
density-crossover-avx2,cross/4/unit24/draw2/stride64/spread/update/packet,1,3,"[2737.6875732703193,2730.4249706914193,2734.493161391541]",2734.493161391541,"[2747.6504493948623,2730.9153966365952,2734.498827663734]",2734.498827663734,"[2.6735230207717957,2.666430635440839,2.6704034779214267]",2.6704034779214267,1024.0,24.0,2.0,24.0,216.0,64.0
density-crossover-avx2,cross/4/unit24/draw2/stride64/spread/update/point,1,3,"[4533.7382724035915,4522.535101908046,4516.209964412861]",4522.535101908046,"[4534.443545777641,4523.191523771387,4516.219670016305]",4523.191523771387,"[4.427478781644132,4.416538185457076,4.410361293371935]",4.416538185457076,1024.0,24.0,2.0,24.0,216.0,64.0
density-crossover-avx2,cross/4/unit24/draw4/stride24/compact/sum/packet,1,3,"[987.9664765124517,988.9045003169928,984.5091203605357]",987.9664765124517,"[987.9685189087216,989.0502852297242,984.5113036148095]",987.9685189087216,"[0.9648110122191911,0.9657270510908132,0.9614346878520856]",0.9648110122191911,1024.0,24.0,4.0,4.0,76.0,24.0
density-crossover-avx2,cross/4/unit24/draw4/stride24/compact/sum/point,1,3,"[2611.222915042694,2612.272992985367,2716.836515978717]",2612.272992985367,"[2611.2303195598074,2612.2786438007674,2717.167770851907]",2612.2786438007674,"[2.5500223779713806,2.551047844712272,2.653160660135466]",2.551047844712272,1024.0,24.0,4.0,4.0,76.0,24.0
density-crossover-avx2,cross/4/unit24/draw4/stride24/compact/update/packet,1,3,"[1975.7415014163741,1984.985269121699,2003.9950424931258]",1984.985269121699,"[1975.7471671412354,1987.5516997155833,2004.288385270453]",1987.5516997155833,"[1.9294350599769279,1.9384621768766594,1.9570264086846931]",1.9384621768766594,1024.0,24.0,4.0,4.0,76.0,24.0
density-crossover-avx2,cross/4/unit24/draw4/stride24/compact/update/point,1,3,"[4992.910458453043,5007.086318051604,4999.697349569644]",4999.697349569644,"[4992.92084527466,5007.097063036894,5000.435171917911]",5000.435171917911,"[4.875889119583051,4.889732732472269,4.882516942939105]",4.882516942939105,1024.0,24.0,4.0,4.0,76.0,24.0
density-crossover-avx2,cross/4/unit24/draw4/stride24/spread/sum/packet,1,3,"[1853.392659097099,1869.32070240296,1859.2799049378866]",1859.2799049378866,"[1853.3979403237186,1869.6956693958377,1863.0506997623531]",1863.0506997623531,"[1.8099537686495109,1.8255084984403906,1.8157030321659047]",1.8157030321659047,1024.0,24.0,4.0,24.0,96.0,24.0
density-crossover-avx2,cross/4/unit24/draw4/stride24/spread/sum/point,1,3,"[2604.869960987987,2603.2242244103195,2603.567713171274]",2603.567713171274,"[2604.8773917886106,2603.2314694442107,2603.5734720449086]",2603.5734720449086,"[2.543818321277331,2.5422111566507026,2.5425465948938224]",2.5425465948938224,1024.0,24.0,4.0,24.0,96.0,24.0
density-crossover-avx2,cross/4/unit24/draw4/stride24/spread/update/packet,1,3,"[3368.9642256902134,3371.655462184854,3469.6821128447746]",3371.655462184854,"[3369.400960383548,3371.6650660271857,3469.6943577445995]",3371.6650660271857,"[3.290004126650599,3.2926322872898965,3.3883614383249747]",3.2926322872898965,1024.0,24.0,4.0,24.0,96.0,24.0
density-crossover-avx2,cross/4/unit24/draw4/stride24/spread/update/point,1,3,"[7827.368568233002,7828.465324384473,7826.311521253103]",7827.368568233002,"[7837.312639811602,7828.481543635124,7826.333892609672]",7828.481543635124,"[7.643914617415041,7.644985668344211,7.642882344973733]",7.643914617415041,1024.0,24.0,4.0,24.0,96.0,24.0
density-crossover-avx2,cross/4/unit24/draw4/stride25/compact/sum/packet,1,3,"[997.9315391205843,997.0648914907263,992.4604511708736]",997.0648914907263,"[997.933680753353,997.0670331237486,994.415691034284]",997.0670331237486,"[0.9745425186724456,0.9736961830964124,0.9691996593465563]",0.9736961830964124,1024.0,24.0,4.0,4.0,79.0,25.0
density-crossover-avx2,cross/4/unit24/draw4/stride25/compact/sum/point,1,3,"[2686.3650734609773,2602.2923563330237,2604.8121629163215]",2604.8121629163215,"[2686.7148967843873,2602.2977496721787,2604.817742234124]",2604.817742234124,"[2.623403392051736,2.541301129231469,2.5437618778479703]",2.5437618778479703,1024.0,24.0,4.0,4.0,79.0,25.0
density-crossover-avx2,cross/4/unit24/draw4/stride25/compact/update/packet,1,3,"[2012.7854894107525,2010.948196908807,2005.2253863767892]",2010.948196908807,"[2020.4457641683316,2010.953921009769,2005.2296794525105]",2010.953921009769,"[1.965610829502688,1.9638165985437568,1.9582279163835832]",1.9638165985437568,1024.0,24.0,4.0,4.0,79.0,25.0
density-crossover-avx2,cross/4/unit24/draw4/stride25/compact/update/point,1,3,"[5000.624235886064,4988.423229053694,4985.877382237422]",4988.423229053694,"[5001.332254586745,4996.111111110414,4985.887810138085]",4996.111111110414,"[4.883422105357484,4.871507059622748,4.869020881091233]",4.871507059622748,1024.0,24.0,4.0,4.0,79.0,25.0
density-crossover-avx2,cross/4/unit24/draw4/stride25/spread/sum/packet,1,3,"[1865.9877789585776,1888.7400371944852,1893.7986184909223]",1888.7400371944852,"[1865.992959615992,1963.378985122629,1893.8052603613507]",1893.8052603613507,"[1.822253690389236,1.8444726925727397,1.8494127133700413]",1.8444726925727397,1024.0,24.0,4.0,24.0,99.0,25.0
density-crossover-avx2,cross/4/unit24/draw4/stride25/spread/sum/point,1,3,"[2603.442271880372,2603.1947858475464,2700.5726256982007]",2603.442271880372,"[2603.447858470367,2604.3901303524067,2700.5783985119197]",2604.3901303524067,"[2.542424093633176,2.5421824080542446,2.637277954783399]",2.542424093633176,1024.0,24.0,4.0,24.0,99.0,25.0
density-crossover-avx2,cross/4/unit24/draw4/stride25/spread/update/packet,1,3,"[3400.0084337344765,3398.859277107913,3367.9072289155365]",3398.859277107913,"[3400.0180722937716,3399.519277107733,3367.9146987931044]",3399.519277107733,"[3.3203207360688247,3.319198512800696,3.2889719032378286]",3.319198512800696,1024.0,24.0,4.0,24.0,99.0,25.0
density-crossover-avx2,cross/4/unit24/draw4/stride25/spread/update/point,1,3,"[7821.164062500806,7823.429129464162,7823.502232142834]",7823.429129464162,"[7823.083705362143,7824.645647318868,7846.648995525816]",7824.645647318868,"[7.637855529785943,7.640067509242345,7.640138898576987]",7.640067509242345,1024.0,24.0,4.0,24.0,99.0,25.0
density-crossover-avx2,cross/4/unit24/draw4/stride64/compact/sum/packet,1,3,"[1005.8724182443198,1013.4671543316188,1005.3345524956947]",1005.8724182443198,"[1005.8738525518277,1015.0735800353679,1005.4492971890744]",1005.8738525518277,"[0.9822972834417185,0.9897140179019713,0.9817720239215768]",0.9822972834417185,1024.0,24.0,4.0,4.0,196.0,64.0
density-crossover-avx2,cross/4/unit24/draw4/stride64/compact/sum/point,1,3,"[2621.4698388911343,2629.924128887404,2622.998501311544]",2622.998501311544,"[2621.797677031267,2629.9297489683,2623.299925065408]",2623.299925065408,"[2.5600291395421233,2.5682852821166056,2.5615219739370545]",2.5615219739370545,1024.0,24.0,4.0,4.0,196.0,64.0
density-crossover-avx2,cross/4/unit24/draw4/stride64/compact/update/packet,1,3,"[2023.4564279551648,2013.7525165369752,2015.071325855142]",2015.071325855142,"[2023.4634742620767,2013.756830603735,2015.5716134594106]",2015.5716134594106,"[1.9760316679249659,1.9665551919306399,1.9678430916554122]",1.9678430916554122,1024.0,24.0,4.0,4.0,196.0,64.0
density-crossover-avx2,cross/4/unit24/draw4/stride64/compact/update/point,1,3,"[5080.067199419298,5094.241191427724,5093.125681074707]",5093.125681074707,"[5080.078096625832,5094.2517253954165,5109.660370499428]",5094.2517253954165,"[4.961003124432908,4.974844913503637,4.97375554792452]",4.97375554792452,1024.0,24.0,4.0,4.0,196.0,64.0
density-crossover-avx2,cross/4/unit24/draw4/stride64/spread/sum/packet,1,3,"[1853.154526260242,1866.8719978886168,1850.9138295062687]",1853.154526260242,"[1853.1584850887564,1870.7409606755475,1850.9192399052383]",1853.1584850887564,"[1.8097212170510175,1.8231171854381025,1.8075330366272155]",1.8097212170510175,1024.0,24.0,4.0,24.0,216.0,64.0
density-crossover-avx2,cross/4/unit24/draw4/stride64/spread/sum/point,1,3,"[2626.6395849642167,2622.3680501175095,2621.831440877216]",2622.3680501175095,"[2628.597102584938,2622.3735317140663,2621.8369224730773]",2622.3735317140663,"[2.565077719691618,2.5609062989428804,2.5603822664816565]",2.5609062989428804,1024.0,24.0,4.0,24.0,216.0,64.0
density-crossover-avx2,cross/4/unit24/draw4/stride64/spread/update/packet,1,3,"[3505.68753129764,3517.2045568353124,3527.464947421545]",3517.2045568353124,"[3506.2130696032186,3517.21482223248,3527.477466201637]",3517.21482223248,"[3.423522979782851,3.434770075034485,3.4447899877163524]",3.434770075034485,1024.0,24.0,4.0,24.0,216.0,64.0
density-crossover-avx2,cross/4/unit24/draw4/stride64/spread/update/point,1,3,"[7830.11458915571,7827.230855225843,7832.579653436848]",7830.11458915571,"[7831.299608718467,7827.25265511188,7832.596422577051]",7831.299608718467,"[7.646596278472373,7.643780132056487,7.649003567809421]",7.646596278472373,1024.0,24.0,4.0,24.0,216.0,64.0
density-crossover-avx2,cross/4/unit24/draw8/stride24/compact/sum/packet,1,3,"[1069.9575836459603,1070.7897557614544,1072.6143480591368]",1070.7897557614544,"[1070.1136972657075,1070.7928183143454,1072.615802770944]",1070.7928183143454,"[1.0448804527792581,1.0456931208607954,1.0474749492765008]",1.0456931208607954,1024.0,24.0,8.0,8.0,80.0,24.0
density-crossover-avx2,cross/4/unit24/draw8/stride24/compact/sum/point,1,3,"[4036.4315424612387,4037.4711149624964,4036.1022530336245]",4036.4315424612387,"[4036.4399191217954,4038.170132872616,4036.1138070485745]",4036.4399191217954,"[3.9418276781848034,3.942842885705563,3.9415061064781485]",3.9418276781848034,1024.0,24.0,8.0,8.0,80.0,24.0
density-crossover-avx2,cross/4/unit24/draw8/stride24/compact/update/packet,1,3,"[2072.2140921410746,2075.3410117434414,2079.424119241508]",2075.3410117434414,"[2072.7136404673633,2080.202499244538,2079.9599518209257]",2079.9599518209257,"[2.023646574356518,2.0267002067807045,2.030687616446785]",2.0267002067807045,1024.0,24.0,8.0,8.0,80.0,24.0
density-crossover-avx2,cross/4/unit24/draw8/stride24/compact/update/point,1,3,"[8853.182741115113,8882.433375634268,8833.296319795518]",8853.182741115113,"[8853.207487307802,8884.146573619324,8833.315355327832]",8853.207487307802,"[8.64568627062023,8.67425134339284,8.62626593730031]",8.64568627062023,1024.0,24.0,8.0,8.0,80.0,24.0
density-crossover-avx2,cross/4/unit24/draw8/stride24/spread/sum/packet,1,3,"[2960.0052698146073,2931.588322090691,3076.356661045668]",2960.0052698146073,"[2960.498524447923,2932.001475548174,3076.36319561095]",2960.498524447923,"[2.890630146303328,2.86287922079169,3.00425455180241]",2.890630146303328,1024.0,24.0,8.0,24.0,96.0,24.0
density-crossover-avx2,cross/4/unit24/draw8/stride24/spread/sum/point,1,3,"[4032.125470877057,4033.3048391769116,4033.389162561208]",4033.3048391769116,"[4032.1341640102014,4039.6044624789433,4034.084323382996]",4034.084323382996,"[3.937622530153376,3.9387742570087023,3.93885660406368]",3.9387742570087023,1024.0,24.0,8.0,24.0,96.0,24.0
density-crossover-avx2,cross/4/unit24/draw8/stride24/spread/update/packet,1,3,"[5643.719424459274,5599.130695443648,5616.017186250966]",5616.017186250966,"[5643.731015186231,5613.727018380363,5617.488409270743]",5617.488409270743,"[5.5114447504485105,5.467901069769187,5.48439178344821]",5.48439178344821,1024.0,24.0,8.0,24.0,96.0,24.0
density-crossover-avx2,cross/4/unit24/draw8/stride24/spread/update/point,1,3,"[13989.674348696391,13990.61723446763,13996.397795591143]",13990.61723446763,"[13989.704408819118,13990.656312612939,14027.930861719547]",13990.656312612939,"[13.661791356148818,13.662712143034797,13.668357222256976]",13.662712143034797,1024.0,24.0,8.0,24.0,96.0,24.0
density-crossover-avx2,cross/4/unit24/draw8/stride25/compact/sum/packet,1,3,"[1077.3563440030332,1077.6772078672511,1083.6595449286647]",1077.6772078672511,"[1077.3586579250486,1077.6795217895408,1083.6625530276408]",1077.6795217895408,"[1.052105804690462,1.0524191483078624,1.058261274344399]",1.0524191483078624,1024.0,24.0,8.0,8.0,83.0,25.0
density-crossover-avx2,cross/4/unit24/draw8/stride25/compact/sum/point,1,3,"[4036.078856152299,4031.751877527355,4034.221837088454]",4034.221837088454,"[4036.087521663255,4031.7634315433315,4034.230213753115]",4034.230213753115,"[3.941483257961229,3.9372576928978082,3.9396697627816932]",3.9396697627816932,1024.0,24.0,8.0,8.0,83.0,25.0
density-crossover-avx2,cross/4/unit24/draw8/stride25/compact/update/packet,1,3,"[2116.8485809180343,2121.075634058185,2113.405193236764]",2116.8485809180343,"[2121.222071252279,2121.0818236749055,2113.4095712548406]",2121.0818236749055,"[2.067234942302768,2.0713629238849465,2.063872259020277]",2.067234942302768,1024.0,24.0,8.0,8.0,83.0,25.0
density-crossover-avx2,cross/4/unit24/draw8/stride25/compact/update/point,1,3,"[8852.49683544253,8842.287974683806,8851.079746836856]",8851.079746836856,"[8853.629746834233,8842.306962018154,8854.64873417487]",8853.629746834233,"[8.645016440861845,8.635046850277154,8.643632565270368]",8.643632565270368,1024.0,24.0,8.0,8.0,83.0,25.0
density-crossover-avx2,cross/4/unit24/draw8/stride25/spread/sum/packet,1,3,"[2953.5173068802455,2967.8822287882954,2955.3113127906313]",2955.3113127906313,"[2953.9204305652347,2967.8885605766327,2955.3197551690823]",2955.3197551690823,"[2.88429424500024,2.89832248905107,2.8860462038971013]",2.8860462038971013,1024.0,24.0,8.0,24.0,99.0,25.0
density-crossover-avx2,cross/4/unit24/draw8/stride25/spread/sum/point,1,3,"[4037.3847262250956,4034.0564841502,4034.6988472625017]",4034.6988472625017,"[4038.8717579317045,4034.0619596539523,4034.704899134154]",4034.704899134154,"[3.9427585217041954,3.9395082853029297,3.940135593029787]",3.940135593029787,1024.0,24.0,8.0,24.0,99.0,25.0
density-crossover-avx2,cross/4/unit24/draw8/stride25/spread/update/packet,1,3,"[5613.822105687775,5601.236385639902,5610.470350947228]",5610.470350947228,"[5615.108511505555,5608.215006044058,5610.486083092857]",5610.486083092857,"[5.482248150085718,5.469957407851467,5.478974952096903]",5.478974952096903,1024.0,24.0,8.0,24.0,99.0,25.0
density-crossover-avx2,cross/4/unit24/draw8/stride25/spread/update/point,1,3,"[13991.917917916946,13995.610610609336,13987.45245245186]",13991.917917916946,"[13991.94694694838,13997.37237238173,13987.493493506965]",13991.94694694838,"[13.66398234171577,13.667588486923181,13.65962153559752]",13.66398234171577,1024.0,24.0,8.0,24.0,99.0,25.0
density-crossover-avx2,cross/4/unit24/draw8/stride64/compact/sum/packet,1,3,"[1081.6594910433275,1081.5596217421128,1081.0967171522152]",1081.5596217421128,"[1081.6610286764903,1081.7209963878693,1081.0983316678828]",1081.6610286764903,"[1.0563080967219995,1.0562105681075322,1.0557585128439602]",1.0562105681075322,1024.0,24.0,8.0,8.0,200.0,64.0
density-crossover-avx2,cross/4/unit24/draw8/stride64/compact/sum/point,1,3,"[4076.014765489607,4055.7168500294847,4052.3147075852485]",4055.7168500294847,"[4076.026346265449,4064.538506081084,4052.3262883631473]",4064.538506081084,"[3.9804831694234446,3.960660986356918,3.9573385816262197]",3.960660986356918,1024.0,24.0,8.0,8.0,200.0,64.0
density-crossover-avx2,cross/4/unit24/draw8/stride64/compact/update/packet,1,3,"[2118.9525901237753,2131.5337776429437,2129.0995152985856]",2129.0995152985856,"[2118.958648896499,2131.5396849431745,2129.396546498922]",2129.396546498922,"[2.0692896387927493,2.0815759547294372,2.079198745408775]",2.079198745408775,1024.0,24.0,8.0,8.0,200.0,64.0
density-crossover-avx2,cross/4/unit24/draw8/stride64/compact/update/point,1,3,"[8870.942492014015,8878.067731629948,8872.380191693168]",8872.380191693168,"[8872.238977626246,8878.086261971568,8877.146964864594]",8877.146964864594,"[8.663029777357439,8.669988019169871,8.66443378095036]",8.66443378095036,1024.0,24.0,8.0,8.0,200.0,64.0
density-crossover-avx2,cross/4/unit24/draw8/stride64/spread/sum/packet,1,3,"[2951.946160267615,2933.521494157254,2938.4632721201665]",2938.4632721201665,"[2951.950125204323,2933.5256677795624,2970.929883135088]",2951.950125204323,"[2.8827599221363434,2.864767084137944,2.86959303917985]",2.86959303917985,1024.0,24.0,8.0,24.0,216.0,64.0
density-crossover-avx2,cross/4/unit24/draw8/stride64/spread/sum/point,1,3,"[4054.1742160281174,4055.9741579554593,4055.135307781983]",4055.135307781983,"[4054.1808943076753,4055.986933801655,4056.956445993438]",4055.986933801655,"[3.9591545078399584,3.9609122636283782,3.960093074005843]",3.960093074005843,1024.0,24.0,8.0,24.0,216.0,64.0
density-crossover-avx2,cross/4/unit24/draw8/stride64/spread/update/packet,1,3,"[5759.741488020908,5731.797393863321,5751.36401849417]",5751.36401849417,"[5759.755359387622,5731.815048341454,5752.357292982283]",5752.357292982283,"[5.624747546895418,5.59745839244465,5.6165664243107125]",5.6165664243107125,1024.0,24.0,8.0,24.0,216.0,64.0
density-crossover-avx2,cross/4/unit24/draw8/stride64/spread/update/point,1,3,"[13991.620862588135,13997.97893680949,13992.322968908169]",13992.322968908169,"[13991.66399196205,14024.893681049123,13992.36609829634]",13992.36609829634,"[13.663692248621226,13.669901305478017,13.664377899324386]",13.664377899324386,1024.0,24.0,8.0,24.0,216.0,64.0
density-crossover-avx2,cross/4/unit32/draw2/stride32/compact/sum/packet,1,3,"[973.7922214436062,973.3606166782552,975.1384022425817]",973.7922214436062,"[973.7945339868488,973.3636299924037,975.5093903300484]",973.7945339868488,"[0.9509689662535218,0.9505474772248586,0.9522835959400212]",0.9509689662535218,1024.0,32.0,2.0,2.0,98.0,32.0
density-crossover-avx2,cross/4/unit32/draw2/stride32/compact/sum/point,1,3,"[1978.1319376146052,1967.4913587186643,1967.6443726287016]",1967.6443726287016,"[1978.4247576233029,1967.4959955047095,1967.6505550089303]",1967.6505550089303,"[1.931769470326763,1.9213782799986958,1.9215277076452162]",1.9215277076452162,1024.0,32.0,2.0,2.0,98.0,32.0
density-crossover-avx2,cross/4/unit32/draw2/stride32/compact/update/packet,1,3,"[1969.3149428528832,1976.2347961053838,1976.234655001943]",1976.234655001943,"[1969.5723155092842,1976.2394525199222,1976.2408635553297]",1976.2394525199222,"[1.9231591238797687,1.9299167930716636,1.929916655275335]",1.929916655275335,1024.0,32.0,2.0,2.0,98.0,32.0
density-crossover-avx2,cross/4/unit32/draw2/stride32/compact/update/point,1,3,"[3718.7041467299427,3717.2740563522034,3717.5614035090825]",3717.5614035090825,"[3719.1544391233087,3717.2857522605486,3723.123072834177]",3719.1544391233087,"[3.6315470182909593,3.630150445656449,3.6304310581143384]",3.6304310581143384,1024.0,32.0,2.0,2.0,98.0,32.0
density-crossover-avx2,cross/4/unit32/draw2/stride32/spread/sum/packet,1,3,"[1386.760083242609,1383.7216331385298,1386.7778218216001]",1386.760083242609,"[1390.7411554875262,1383.991576652003,1386.7811911619503]",1386.7811911619503,"[1.3542578937916105,1.3512906573618453,1.3542752166226566]",1.3542578937916105,1024.0,32.0,2.0,32.0,128.0,32.0
density-crossover-avx2,cross/4/unit32/draw2/stride32/spread/sum/point,1,3,"[1970.3893581081045,1991.4829673422812,1965.2725225222352]",1970.3893581081045,"[1974.2918074317538,1992.9883164414084,1965.2771677943902]",1974.2918074317538,"[1.9242083575274458,1.9448075852951965,1.9192114477756201]",1.9242083575274458,1024.0,32.0,2.0,32.0,128.0,32.0
density-crossover-avx2,cross/4/unit32/draw2/stride32/spread/update/packet,1,3,"[2663.50057339459,2667.7649082567095,2672.315558104141]",2667.7649082567095,"[2663.5070718633597,2669.068998470032,2672.3239678853374]",2669.068998470032,"[2.6010747787056547,2.6052391682194433,2.6096831622110757]",2.6052391682194433,1024.0,32.0,2.0,32.0,128.0,32.0
density-crossover-avx2,cross/4/unit32/draw2/stride32/spread/update/point,1,3,"[4524.961352656318,4511.145249597778,4517.247987118261]",4517.247987118261,"[4524.972302741172,4511.159098231308,4517.980354262253]",4517.980354262253,"[4.418907570953436,4.40541528281033,4.411374987420178]",4.411374987420178,1024.0,32.0,2.0,32.0,128.0,32.0
density-crossover-avx2,cross/4/unit32/draw2/stride33/compact/sum/packet,1,3,"[973.0334914875602,980.1210577729717,973.9725788446356]",973.9725788446356,"[973.035794027274,982.510396315973,973.975648897422]",973.975648897422,"[0.9502280190308205,0.9571494704814176,0.9511450965279644]",0.9511450965279644,1024.0,32.0,2.0,2.0,101.0,33.0
density-crossover-avx2,cross/4/unit32/draw2/stride33/compact/sum/point,1,3,"[2031.5831928050118,1972.6327993251944,1969.5834738617725]",1972.6327993251944,"[2031.589516580442,1972.7823215260732,1969.8284148381495]",1972.7823215260732,"[1.9839679617236443,1.9263992180910103,1.9234213611931372]",1.9263992180910103,1024.0,32.0,2.0,2.0,101.0,33.0
density-crossover-avx2,cross/4/unit32/draw2/stride33/compact/update/packet,1,3,"[1998.9616535993573,1989.4918032785479,2003.2724162509548]",1998.9616535993573,"[1998.9677833213823,1989.4966500338724,2003.9684960802585]",1998.9677833213823,"[1.9521109898431224,1.942863089139207,1.9563207189950733]",1.9521109898431224,1024.0,32.0,2.0,2.0,101.0,33.0
density-crossover-avx2,cross/4/unit32/draw2/stride33/compact/update/point,1,3,"[3717.9824421383464,3718.58606012265,3719.9694067574924]",3718.58606012265,"[3717.9912210686944,3724.0433625955384,3721.1888800242655]",3721.1888800242655,"[3.630842228650729,3.631431699338525,3.6327826237866137]",3.631431699338525,1024.0,32.0,2.0,2.0,101.0,33.0
density-crossover-avx2,cross/4/unit32/draw2/stride33/spread/sum/packet,1,3,"[1398.176166318821,1397.473987864487,1395.0169103747317]",1397.473987864487,"[1398.1805431193004,1397.622500745073,1395.0202924514276]",1397.622500745073,"[1.365406412420724,1.3647206912739134,1.3623212015378239]",1.3647206912739134,1024.0,32.0,2.0,32.0,131.0,33.0
density-crossover-avx2,cross/4/unit32/draw2/stride33/spread/sum/point,1,3,"[1971.2327318858202,1971.341415280717,1971.0706230615706]",1971.2327318858202,"[1971.4968987892523,1971.3459261343316,1971.0754158440996]",1971.3459261343316,"[1.9250319647322465,1.9251381008600752,1.924873655333565]",1.9250319647322465,1024.0,32.0,2.0,32.0,131.0,33.0
density-crossover-avx2,cross/4/unit32/draw2/stride33/spread/update/packet,1,3,"[2691.222307692561,2683.995192307784,2687.1223076921997]",2687.1223076921997,"[2691.5940384570217,2684.0036538435297,2687.130384613896]",2687.130384613896,"[2.6281467848560167,2.6210890549880705,2.6241428786056638]",2.6241428786056638,1024.0,32.0,2.0,32.0,131.0,33.0
density-crossover-avx2,cross/4/unit32/draw2/stride33/spread/update/point,1,3,"[4523.925782510898,4544.17715392059,4525.361729590186]",4525.361729590186,"[4536.434010971422,4544.188125199117,4525.372378188535]",4536.434010971422,"[4.417896271983299,4.437673001875576,4.419298564052916]",4.419298564052916,1024.0,32.0,2.0,32.0,131.0,33.0
density-crossover-avx2,cross/4/unit32/draw2/stride64/compact/sum/packet,1,3,"[1001.7531130785521,1003.5474699490669,1004.5414957173437]",1003.5474699490669,"[1002.2514215798068,1003.6902756788793,1004.5438710134296]",1003.6902756788793,"[0.9782745244907736,0.9800268261221357,0.9809975544114685]",0.9800268261221357,1024.0,32.0,2.0,2.0,194.0,64.0
density-crossover-avx2,cross/4/unit32/draw2/stride64/compact/sum/point,1,3,"[1999.1611747850409,2016.112607449603,2002.3904011465515]",2002.3904011465515,"[1999.164613178705,2020.3121776525586,2002.3967048720017]",2002.3967048720017,"[1.9523058347510165,1.9688599682125032,1.9554593761196795]",1.9554593761196795,1024.0,32.0,2.0,2.0,194.0,64.0
density-crossover-avx2,cross/4/unit32/draw2/stride64/compact/update/packet,1,3,"[2044.246791132087,2038.0797841305591,2043.6238331388454]",2043.6238331388454,"[2044.253063012807,2038.0847432913476,2044.060530920632]",2044.060530920632,"[1.9963347569649286,1.9903122891899991,1.9957263995496535]",1.9957263995496535,1024.0,32.0,2.0,2.0,194.0,64.0
density-crossover-avx2,cross/4/unit32/draw2/stride64/compact/update/point,1,3,"[3723.1830274006525,3723.9600957699263,3723.105879223178]",3723.1830274006525,"[3723.194732640486,3723.9715349777584,3724.2641660019563]",3723.9715349777584,"[3.6359209251959497,3.6366797810253186,3.6358455851788847]",3.6359209251959497,1024.0,32.0,2.0,2.0,194.0,64.0
density-crossover-avx2,cross/4/unit32/draw2/stride64/spread/sum/packet,1,3,"[1396.291837346345,1408.9715256271315,1397.7984813667988]",1397.7984813667988,"[1396.2942351888405,1408.974822661495,1398.0026975706533]",1398.0026975706533,"[1.36356624740854,1.3759487554952456,1.3650375794597644]",1.3650375794597644,1024.0,32.0,2.0,32.0,224.0,64.0
density-crossover-avx2,cross/4/unit32/draw2/stride64/spread/sum/point,1,3,"[1977.8090999010378,2001.59333050727,1981.0138476756201]",1981.0138476756201,"[1977.8139041955346,2001.5981348002608,1985.5629504041585]",1985.5629504041585,"[1.9314541991221073,1.9546809868235058,1.9345838356207228]",1.9345838356207228,1024.0,32.0,2.0,32.0,224.0,64.0
density-crossover-avx2,cross/4/unit32/draw2/stride64/spread/update/packet,1,3,"[2723.8368849280223,2718.6720263468223,2717.5232468039367]",2718.6720263468223,"[2728.947888416724,2718.6786129389575,2717.529833398825]",2718.6786129389575,"[2.6599969579375213,2.6549531507293187,2.6538312957069694]",2.6549531507293187,1024.0,32.0,2.0,32.0,224.0,64.0
density-crossover-avx2,cross/4/unit32/draw2/stride64/spread/update/point,1,3,"[4552.577892695716,4540.050096962362,4532.994828700771]",4540.050096962362,"[4553.406270205951,4540.064318029694,4533.00549450414]",4540.064318029694,"[4.4458768483356605,4.433642672814806,4.426752762403097]",4.433642672814806,1024.0,32.0,2.0,32.0,224.0,64.0
density-crossover-avx2,cross/4/unit32/draw4/stride32/compact/sum/packet,1,3,"[993.5866272105334,988.3193123372325,992.8623264990616]",992.8623264990616,"[993.589727328815,988.4956668785271,992.8647925046351]",992.8647925046351,"[0.9702994406352865,0.9651555784543285,0.9695921157217398]",0.9695921157217398,1024.0,32.0,4.0,4.0,100.0,32.0
density-crossover-avx2,cross/4/unit32/draw4/stride32/compact/sum/point,1,3,"[2611.7455223877296,2612.140858208857,2615.1091417906373]",2612.140858208857,"[2612.0595149231845,2612.1472014909755,2615.1154850734188]",2612.1472014909755,"[2.550532736706767,2.550918806844587,2.5538175212799192]",2.550918806844587,1024.0,32.0,4.0,4.0,100.0,32.0
density-crossover-avx2,cross/4/unit32/draw4/stride32/compact/update/packet,1,3,"[1992.0502056445232,1982.9010069490914,1991.1423911500872]",1991.1423911500872,"[1992.356970640569,1982.9072471982101,1994.2460643892682]",1992.356970640569,"[1.9453615289497295,1.936426764598722,1.9444749913575072]",1.9444749913575072,1024.0,32.0,4.0,4.0,100.0,32.0
density-crossover-avx2,cross/4/unit32/draw4/stride32/compact/update/point,1,3,"[4993.881484150528,5006.269812680685,4988.91426513018]",4993.881484150528,"[4995.539985589177,5006.281700283339,4988.926152731554]",4995.539985589177,"[4.876837386865749,4.888935363945982,4.871986587041191]",4.876837386865749,1024.0,32.0,4.0,4.0,100.0,32.0
density-crossover-avx2,cross/4/unit32/draw4/stride32/spread/sum/packet,1,3,"[1847.9667150971688,1899.9372606000422,1868.4039096551448]",1868.4039096551448,"[1847.9723946658144,1900.2232201842658,1868.4082683923234]",1868.4082683923234,"[1.804654995212079,1.8554074810547287,1.8246131930226026]",1.8246131930226026,1024.0,32.0,4.0,32.0,128.0,32.0
density-crossover-avx2,cross/4/unit32/draw4/stride32/spread/sum/point,1,3,"[2720.5728119181376,2611.494413407395,2610.7793296088885]",2611.494413407395,"[2720.579329609552,2611.8024208571906,2610.7856610785634]",2611.8024208571906,"[2.6568093866388063,2.550287513093159,2.54958918907118]",2.550287513093159,1024.0,32.0,4.0,32.0,128.0,32.0
density-crossover-avx2,cross/4/unit32/draw4/stride32/spread/update/packet,1,3,"[3378.9705527389374,3382.5189476230535,3387.331643736437]",3382.5189476230535,"[3378.9811730572505,3382.934829835836,3387.342264059895]",3382.934829835836,"[3.2997759304091185,3.3032411597881377,3.307941058336364]",3.3032411597881377,1024.0,32.0,4.0,32.0,128.0,32.0
density-crossover-avx2,cross/4/unit32/draw4/stride32/spread/update/point,1,3,"[7827.884851872508,7831.836221351934,7827.672442703687]",7827.884851872508,"[7837.338736722181,7832.900503078218,7827.69088876645]",7832.900503078218,"[7.644418800656745,7.648277559913997,7.644211369827819]",7.644418800656745,1024.0,32.0,4.0,32.0,128.0,32.0
density-crossover-avx2,cross/4/unit32/draw4/stride33/compact/sum/packet,1,3,"[995.768984641765,998.3742889646938,1001.4807309443394]",998.3742889646938,"[995.771402159853,998.5053327631837,1001.6779721289178]",998.5053327631837,"[0.9724306490642235,0.9749748915670838,0.9780085263128314]",0.9749748915670838,1024.0,32.0,4.0,4.0,103.0,33.0
density-crossover-avx2,cross/4/unit32/draw4/stride33/compact/sum/point,1,3,"[2711.1207153500363,2617.1004098364374,2606.3442622949883]",2617.1004098364374,"[2714.7114381524216,2617.9394560347464,2606.350409838466]",2617.9394560347464,"[2.64757882358402,2.555762118980896,2.5452580686474495]",2.555762118980896,1024.0,32.0,4.0,4.0,103.0,33.0
density-crossover-avx2,cross/4/unit32/draw4/stride33/compact/update/packet,1,3,"[2007.5563834359464,2003.0384009167894,2011.1557529731438]",2007.5563834359464,"[2007.5611119044106,2003.044705543445,2011.3911735221618]",2007.5611119044106,"[1.9605042806991662,1.9560921883953022,1.9640192900128355]",1.9605042806991662,1024.0,32.0,4.0,4.0,103.0,33.0
density-crossover-avx2,cross/4/unit32/draw4/stride33/compact/update/point,1,3,"[5005.105734767159,5011.6258064513095,4997.012544803163]",5005.105734767159,"[5005.12150537651,5017.555197135211,4997.755555553659]",5005.12150537651,"[4.887798569108554,4.894165826612607,4.879895063284339]",4.887798569108554,1024.0,32.0,4.0,4.0,103.0,33.0
density-crossover-avx2,cross/4/unit32/draw4/stride33/spread/sum/packet,1,3,"[1864.210071751519,1876.4238639385,1874.9740898220516]",1874.9740898220516,"[1864.2145894244352,1876.4295774654145,1878.9609354257573]",1876.4295774654145,"[1.8205176481948429,1.8324451796274412,1.8310293845918473]",1.8310293845918473,1024.0,32.0,4.0,32.0,131.0,33.0
density-crossover-avx2,cross/4/unit32/draw4/stride33/spread/sum/point,1,3,"[2610.536567163905,2610.1128731347903,2723.902238806052]",2610.536567163905,"[2610.5427238788443,2610.1210820926817,2723.908768656013]",2610.5427238788443,"[2.5493521163710016,2.5489383526706937,2.6600607800840352]",2.5493521163710016,1024.0,32.0,4.0,32.0,131.0,33.0
density-crossover-avx2,cross/4/unit32/draw4/stride33/spread/update/packet,1,3,"[3448.1786148233323,3420.9467800726106,3420.654921020388]",3420.9467800726106,"[3448.187120289247,3420.9523693804854,3420.6656136093657]",3420.9523693804854,"[3.367361928538411,3.3407683399146584,3.340483321308973]",3.3407683399146584,1024.0,32.0,4.0,32.0,131.0,33.0
density-crossover-avx2,cross/4/unit32/draw4/stride33/spread/update/point,1,3,"[7828.453579417058,7832.267897092092,7829.583892618285]",7829.583892618285,"[7828.477628640024,7833.545302010201,7838.6012304268725]",7833.545302010201,"[7.644974198649471,7.6486991182539965,7.646078020135044]",7.646078020135044,1024.0,32.0,4.0,32.0,131.0,33.0
density-crossover-avx2,cross/4/unit32/draw4/stride64/compact/sum/packet,1,3,"[1012.1440598691548,1011.0998776715705,1010.9163848312902]",1011.0998776715705,"[1012.2910700158891,1011.1023242411859,1010.9181118223587]",1011.1023242411859,"[0.9884219334659715,0.9874022242886431,0.9872230320618068]",0.9874022242886431,1024.0,32.0,4.0,4.0,196.0,64.0
density-crossover-avx2,cross/4/unit32/draw4/stride64/compact/sum/point,1,3,"[2628.955714017532,2626.5950459747605,2629.3556014258047]",2628.955714017532,"[2629.472508910811,2626.5995496296896,2629.3617939577484]",2629.3617939577484,"[2.567339564470246,2.565034224584727,2.5677300795173874]",2.567339564470246,1024.0,32.0,4.0,4.0,196.0,64.0
density-crossover-avx2,cross/4/unit32/draw4/stride64/compact/update/packet,1,3,"[2021.348453909104,2021.6109976663556,2035.371353558559]",2021.6109976663556,"[2021.3547257882692,2021.9455950984457,2035.3776254382424]",2021.9455950984457,"[1.9739730995206093,1.9742294899085506,1.9876673374595302]",1.9742294899085506,1024.0,32.0,4.0,4.0,196.0,64.0
density-crossover-avx2,cross/4/unit32/draw4/stride64/compact/update/point,1,3,"[5114.960159363255,5062.2332488230295,5069.291923216219]",5069.291923216219,"[5124.139804421026,5063.176023175801,5071.571532049201]",5071.571532049201,"[4.995078280628179,4.943587157053741,4.950480393765839]",4.950480393765839,1024.0,32.0,4.0,4.0,196.0,64.0
density-crossover-avx2,cross/4/unit32/draw4/stride64/spread/sum/packet,1,3,"[1848.878926701624,1854.5256544501876,1837.2048429319084]",1848.878926701624,"[1848.8846858639392,1857.972382198543,1837.2106020928286]",1848.8846858639392,"[1.8055458268570548,1.8110602094240114,1.794145354425692]",1.8055458268570548,1024.0,32.0,4.0,32.0,224.0,64.0
density-crossover-avx2,cross/4/unit32/draw4/stride64/spread/sum/point,1,3,"[2628.122479743646,2637.9866214434046,2632.6504616547604]",2632.6504616547604,"[2628.1286979505517,2638.580930846385,2632.6546071206753]",2632.6546071206753,"[2.5665258591246545,2.576158810003325,2.570947716459727]",2.570947716459727,1024.0,32.0,4.0,32.0,224.0,64.0
density-crossover-avx2,cross/4/unit32/draw4/stride64/spread/update/packet,1,3,"[3526.119459052622,3534.752316553966,3514.266215877701]",3526.119459052622,"[3526.1307287809063,3534.7630854012264,3514.855747562433]",3526.1307287809063,"[3.443476034231076,3.4519065591347324,3.4319006014430675]",3.443476034231076,1024.0,32.0,4.0,32.0,224.0,64.0
density-crossover-avx2,cross/4/unit32/draw4/stride64/spread/update/point,1,3,"[7829.3823365015705,7836.123532700305,7834.1285634435]",7834.1285634435,"[7829.401341523956,7852.945220780051,7835.68977082996]",7835.68977082996,"[7.645881187989815,7.652464387402641,7.650516175237793]",7.650516175237793,1024.0,32.0,4.0,32.0,224.0,64.0
density-crossover-avx2,cross/4/unit32/draw8/stride32/compact/sum/packet,1,3,"[1078.294956308544,1085.7554039552585,1076.8209412845492]",1078.294956308544,"[1078.2974858191699,1085.758776636002,1082.1608155761812]",1082.1608155761812,"[1.0530224182700625,1.060308011675057,1.0515829504731928]",1.0530224182700625,1024.0,32.0,8.0,8.0,104.0,32.0
density-crossover-avx2,cross/4/unit32/draw8/stride32/compact/sum/point,1,3,"[4030.8523644748398,4029.860149941826,4029.8255478669357]",4029.860149941826,"[4030.8618800496347,4029.8699538590836,4030.536043828373]",4030.536043828373,"[3.936379262182461,3.9354103026775644,3.9353765115888044]",3.9354103026775644,1024.0,32.0,8.0,8.0,104.0,32.0
density-crossover-avx2,cross/4/unit32/draw8/stride32/compact/update/packet,1,3,"[2064.018044668339,2074.7115811268104,2082.6336340777675]",2074.7115811268104,"[2064.0227776963893,2074.718236945929,2082.6399940836845]",2074.718236945929,"[2.0156426217464247,2.0260855284441504,2.03382190827907]",2.0260855284441504,1024.0,32.0,8.0,8.0,104.0,32.0
density-crossover-avx2,cross/4/unit32/draw8/stride32/compact/update/point,1,3,"[8852.889873418253,8852.889240506807,8870.383544303693]",8852.889873418253,"[8852.91708860588,8852.91708860588,8870.410759500317]",8852.91708860588,"[8.645400267010013,8.64539964893243,8.662483929984075]",8.645400267010013,1024.0,32.0,8.0,8.0,104.0,32.0
density-crossover-avx2,cross/4/unit32/draw8/stride32/spread/sum/packet,1,3,"[2952.896112039783,2919.098244147081,2941.25104515056]",2941.25104515056,"[2952.9034280961278,2919.104933111588,2941.2604515036255]",2941.2604515036255,"[2.8836876094138506,2.850681879049884,2.8723154737798438]",2.8723154737798438,1024.0,32.0,8.0,32.0,128.0,32.0
density-crossover-avx2,cross/4/unit32/draw8/stride32/spread/sum/point,1,3,"[4033.012100260173,4033.0642466148875,4033.876404494105]",4033.0642466148875,"[4033.5433592602158,4038.003169122004,4033.889080958292]",4033.889080958292,"[3.9384883791603253,3.938539303334851,3.9393324262637748]",3.938539303334851,1024.0,32.0,8.0,32.0,128.0,32.0
density-crossover-avx2,cross/4/unit32/draw8/stride32/spread/update/packet,1,3,"[5606.336141194994,5664.574809466661,5620.43160850401]",5620.43160850401,"[5607.135579624609,5665.635379069475,5629.654632973223]",5629.654632973223,"[5.474937637885736,5.531811337369787,5.488702742679697]",5.488702742679697,1024.0,32.0,8.0,32.0,128.0,32.0
density-crossover-avx2,cross/4/unit32/draw8/stride32/spread/update/point,1,3,"[14002.521042085273,13996.017034068633,13988.46192384605]",13996.017034068633,"[14005.600200407489,13997.544088171484,13988.506012026051]",13997.544088171484,"[13.6743369551614,13.667985384832647,13.660607347505907]",13.667985384832647,1024.0,32.0,8.0,32.0,128.0,32.0
density-crossover-avx2,cross/4/unit32/draw8/stride33/compact/sum/packet,1,3,"[1087.0762579842224,1092.3661006387315,1091.7825985354725]",1091.7825985354725,"[1087.078828477451,1092.4909643239255,1091.7852469227375]",1091.7852469227375,"[1.061597908187717,1.066763770155011,1.0661939438822974]",1.0661939438822974,1024.0,32.0,8.0,8.0,107.0,33.0
density-crossover-avx2,cross/4/unit32/draw8/stride33/compact/sum/point,1,3,"[4039.461760461531,4039.502164502202,4040.6510822508276]",4039.502164502202,"[4039.471572868054,4039.9823953821806,4040.6606060570384]",4039.9823953821806,"[3.944786875450714,3.9448263325216817,3.945948322510574]",3.9448263325216817,1024.0,32.0,8.0,8.0,107.0,33.0
density-crossover-avx2,cross/4/unit32/draw8/stride33/compact/update/packet,1,3,"[2121.553931907158,2130.3956010845545,2113.00165712606]",2121.553931907158,"[2124.4168424194786,2136.634377824259,2113.0067791517254]",2124.4168424194786,"[2.0718300116280846,2.0804644541841353,2.0634781807871683]",2.0718300116280846,1024.0,32.0,8.0,8.0,107.0,33.0
density-crossover-avx2,cross/4/unit32/draw8/stride33/compact/update/point,1,3,"[8919.901836606228,8861.948068398087,8948.831538949164]",8919.901836606228,"[8919.929702346344,8863.159594684039,8948.859404689278]",8919.929702346344,"[8.71084163731077,8.654246160545007,8.739093299755043]",8.71084163731077,1024.0,32.0,8.0,8.0,107.0,33.0
density-crossover-avx2,cross/4/unit32/draw8/stride33/spread/sum/packet,1,3,"[2940.2716518800985,2937.5971694114396,2950.8776932829687]",2940.2716518800985,"[2940.27841149198,2937.9676806046814,2950.886987744803]",2940.27841149198,"[2.8713590350391587,2.8687472357533585,2.881716497346649]",2.8713590350391587,1024.0,32.0,8.0,32.0,131.0,33.0
density-crossover-avx2,cross/4/unit32/draw8/stride33/spread/sum/point,1,3,"[4037.9573241076455,4035.9558823538064,4040.578143022092]",4037.9573241076455,"[4037.9668396783427,4035.9653979306504,4043.2321222673563]",4037.9668396783427,"[3.9433176993238725,3.9413631663611395,3.945877092795011]",3.9433176993238725,1024.0,32.0,8.0,32.0,131.0,33.0
density-crossover-avx2,cross/4/unit32/draw8/stride33/spread/update/packet,1,3,"[5640.050362612698,5680.042707494029,5638.233279613634]",5640.050362612698,"[5640.068090250303,5686.728041906689,5639.157534246172]",5640.068090250303,"[5.507861682238962,5.5469167065371385,5.50608718712269]",5.507861682238962,1024.0,32.0,8.0,32.0,131.0,33.0
density-crossover-avx2,cross/4/unit32/draw8/stride33/spread/update/point,1,3,"[13991.766766767514,13989.954954955156,13996.32232232659]",13991.766766767514,"[13991.810810800978,13989.99799801243,13998.36736735236]",13991.810810800978,"[13.6638347331714,13.662065385698396,13.668283517897063]",13.6638347331714,1024.0,32.0,8.0,32.0,131.0,33.0
density-crossover-avx2,cross/4/unit32/draw8/stride64/compact/sum/packet,1,3,"[1083.851116243247,1084.0558121634388,1079.285219399435]",1083.851116243247,"[1083.8528868353367,1084.331716703608,1079.2886066201074]",1083.8528868353367,"[1.0584483557062958,1.0586482540658582,1.0539894720697607]",1.0584483557062958,1024.0,32.0,8.0,8.0,200.0,64.0
density-crossover-avx2,cross/4/unit32/draw8/stride64/compact/sum/point,1,3,"[4058.102787456797,4054.0316492438265,4060.9654471554513]",4058.102787456797,"[4058.112369336028,4054.996806033521,4060.972415793017]",4058.112369336028,"[3.9629910033757785,3.9590152824646747,3.965786569487746]",3.9629910033757785,1024.0,32.0,8.0,8.0,200.0,64.0
density-crossover-avx2,cross/4/unit32/draw8/stride64/compact/update/packet,1,3,"[2129.152110513332,2128.989255563375,2123.6431312364466]",2128.989255563375,"[2129.519263239836,2128.994474292005,2123.6481964725767]",2128.994474292005,"[2.0792501079231758,2.0790910698861085,2.0738702453480924]",2.0790910698861085,1024.0,32.0,8.0,8.0,200.0,64.0
density-crossover-avx2,cross/4/unit32/draw8/stride64/compact/update/point,1,3,"[8871.682077264362,8873.929702347246,8881.903103227613]",8873.929702347246,"[8873.191260279216,8873.951234955608,8881.924635849475]",8873.951234955608,"[8.663752028578479,8.665946974948483,8.673733499245715]",8.665946974948483,1024.0,32.0,8.0,8.0,200.0,64.0
density-crossover-avx2,cross/4/unit32/draw8/stride64/spread/sum/packet,1,3,"[2931.7939330538616,2924.896443515711,2937.27112970713]",2931.7939330538616,"[2932.179707108682,2924.901464430682,2937.518619250262]",2932.179707108682,"[2.8630800127479117,2.856344183120811,2.868428837604619]",2.8630800127479117,1024.0,32.0,8.0,32.0,224.0,64.0
density-crossover-avx2,cross/4/unit32/draw8/stride64/spread/sum/point,1,3,"[4061.7748478702274,4062.1225731671884,4061.5665024633613]",4061.7748478702274,"[4071.03129527673,4062.1324253826933,4061.5731671977424]",4062.1324253826933,"[3.9665769998732685,3.9669165753585824,3.9663735375618763]",3.9665769998732685,1024.0,32.0,8.0,32.0,224.0,64.0
density-crossover-avx2,cross/4/unit32/draw8/stride64/spread/update/packet,1,3,"[5799.310543658607,5756.653624381873,5781.781301483658]",5781.781301483658,"[5800.065485997526,5756.671746297336,5781.799423396196]",5781.799423396196,"[5.663389202791608,5.621732055060423,5.646270802230136]",5.646270802230136,1024.0,32.0,8.0,32.0,224.0,64.0
density-crossover-avx2,cross/4/unit32/draw8/stride64/spread/update/point,1,3,"[13969.915169660184,13975.514970058239,13972.340319355793]",13972.340319355793,"[13969.959081839464,13993.501995994797,13972.383233513274]",13972.383233513274,"[13.642495282871273,13.647963837947499,13.644863593120892]",13.644863593120892,1024.0,32.0,8.0,32.0,224.0,64.0
density-crossover-avx512,cross/2/unit12/draw2/stride12/compact/sum/packet,1,3,"[1271.5007422527372,1272.3023752087586,1271.9935052885512]",1271.9935052885512,"[1271.5054741145393,1276.5037112648229,1271.9982371499211]",1271.9982371499211,"[1.2416999436061886,1.242482788289803,1.2421811575083506]",1.2421811575083506,1024.0,12.0,2.0,2.0,14.0,12.0
density-crossover-avx512,cross/2/unit12/draw2/stride12/compact/sum/point,1,3,"[3467.358948934061,3468.479176995538,3457.928854734753]",3467.358948934061,"[3467.3715914740997,3468.4898363888237,3459.5161130416495]",3467.3715914740997,"[3.3860927235684186,3.3871866962847057,3.3768836472019066]",3.3860927235684186,1024.0,12.0,2.0,2.0,14.0,12.0
density-crossover-avx512,cross/2/unit12/draw2/stride12/compact/sum/window,1,3,"[1421.4374809857027,1420.1385255045136,1422.2700537470853]",1421.4374809857027,"[1421.4418415985617,1420.1427847090997,1422.6648412932052]",1421.4418415985617,"[1.3881225400251,1.3868540288130018,1.388935599362388]",1.3881225400251,1024.0,12.0,2.0,2.0,14.0,12.0
density-crossover-avx512,cross/2/unit12/draw2/stride12/compact/update/packet,1,3,"[2543.4593518015577,2545.3458265435434,2636.093789607102]",2545.3458265435434,"[2543.4687669698883,2545.3554227771874,2636.5958718117204]",2545.3554227771874,"[2.483847023243709,2.485689283733929,2.5743103414131854]",2.485689283733929,1024.0,12.0,2.0,2.0,14.0,12.0
density-crossover-avx512,cross/2/unit12/draw2/stride12/compact/update/point,1,3,"[4856.760831889087,4865.489081455806,4860.466204506064]",4860.466204506064,"[4856.78266897753,4875.621490467723,4872.938648179708]",4872.938648179708,"[4.742930499891686,4.751454181109185,4.746549027837953]",4.746549027837953,1024.0,12.0,2.0,2.0,14.0,12.0
density-crossover-avx512,cross/2/unit12/draw2/stride12/compact/update/window,1,3,"[2515.568140630663,2564.3450525552676,2561.60112359551]",2561.60112359551,"[2515.5775643345064,2564.3544762586985,2561.6109097493654]",2561.6109097493654,"[2.456609512334632,2.5042432153860035,2.5015635972612404]",2.5015635972612404,1024.0,12.0,2.0,2.0,14.0,12.0
density-crossover-avx512,cross/2/unit12/draw2/stride12/spread/sum/packet,1,3,"[1659.8475974181208,1657.867081042318,1657.8024145350241]",1657.867081042318,"[1660.973942144204,1657.8707865169854,1657.8074348562016]",1657.8707865169854,"[1.6209449193536336,1.6190108213303884,1.6189476704443595]",1.6190108213303884,1024.0,12.0,2.0,12.0,24.0,12.0
density-crossover-avx512,cross/2/unit12/draw2/stride12/spread/sum/point,1,3,"[3456.628451676532,3455.477071005911,3456.4857001972423]",3456.4857001972423,"[3457.077909267623,3455.4898915205176,3457.3737672592465]",3457.077909267623,"[3.375613722340364,3.37448932715421,3.3754743165988694]",3.3754743165988694,1024.0,12.0,2.0,12.0,24.0,12.0
density-crossover-avx512,cross/2/unit12/draw2/stride12/spread/sum/window,1,3,"[1383.282304202014,1385.7531071217165,1383.4105346222136]",1383.4105346222136,"[1383.288419806174,1388.148352732314,1383.4165515894313]",1383.4165515894313,"[1.3508616251972796,1.3532745186735513,1.3509868502170055]",1.3509868502170055,1024.0,12.0,2.0,12.0,24.0,12.0
density-crossover-avx512,cross/2/unit12/draw2/stride12/spread/update/packet,1,3,"[3310.2642806352223,3422.042190092438,3422.7082246977866]",3422.042190092438,"[3310.2744726205574,3422.8795923216517,3422.7210239400297]",3422.7210239400297,"[3.2326799615578343,3.341838076262147,3.342488500681432]",3.341838076262147,1024.0,12.0,2.0,12.0,24.0,12.0
density-crossover-avx512,cross/2/unit12/draw2/stride12/spread/update/point,1,3,"[5423.719984508141,5426.326878388825,5426.105731990682]",5426.105731990682,"[5424.278853605475,5427.117738186542,5426.126258719291]",5426.126258719291,"[5.296601547371232,5.299147342176588,5.298931378897151]",5.298931378897151,1024.0,12.0,2.0,12.0,24.0,12.0
density-crossover-avx512,cross/2/unit12/draw2/stride12/spread/update/window,1,3,"[3162.897221594745,3188.8965439349445,3203.633611926824]",3188.8965439349445,"[3162.906708833589,3189.39417212614,3203.643099168853]",3189.39417212614,"[3.0887668179636183,3.1141567811864697,3.128548449147289]",3.1141567811864697,1024.0,12.0,2.0,12.0,24.0,12.0
density-crossover-avx512,cross/2/unit12/draw2/stride13/compact/sum/packet,1,3,"[1338.5935471554035,1342.1272432226021,1344.5260595647105]",1342.1272432226021,"[1338.5985108807106,1342.131347844075,1344.944444444589]",1342.131347844075,"[1.3072202608939487,1.3106711359595724,1.3130137300436626]",1.3106711359595724,1024.0,12.0,2.0,2.0,15.0,13.0
density-crossover-avx512,cross/2/unit12/draw2/stride13/compact/sum/point,1,3,"[3453.2951183432156,3460.4255424063217,3459.8113905325426]",3459.8113905325426,"[3459.992110457432,3460.4408283977295,3460.5000000002588]",3460.4408283977295,"[3.372358514007046,3.3793218187561735,3.378722061066936]",3.378722061066936,1024.0,12.0,2.0,2.0,15.0,13.0
density-crossover-avx512,cross/2/unit12/draw2/stride13/compact/sum/window,1,3,"[1458.043636742342,1460.7254738596112,1460.7701520516512]",1460.7254738596112,"[1458.0481149764025,1460.729847947849,1460.7746302878274]",1460.729847947849,"[1.4238707390061935,1.4264897205660265,1.4265333516129408]",1.4264897205660265,1024.0,12.0,2.0,2.0,15.0,13.0
density-crossover-avx512,cross/2/unit12/draw2/stride13/compact/update/packet,1,3,"[2680.2891474346748,2661.893000190731,2655.146862483294]",2661.893000190731,"[2680.2971581145302,2661.9031089074006,2655.1548731638272]",2661.9031089074006,"[2.6174698705416746,2.599504882998761,2.592916857893842]",2.599504882998761,1024.0,12.0,2.0,2.0,15.0,13.0
density-crossover-avx512,cross/2/unit12/draw2/stride13/compact/update/point,1,3,"[4858.858929812367,4856.134468380796,4865.56150104239]",4858.858929812367,"[4858.87699790861,4856.149061844558,4875.645587216541]",4858.87699790861,"[4.74497942364489,4.74231881677812,4.751524903361709]",4.74497942364489,1024.0,12.0,2.0,2.0,15.0,13.0
density-crossover-avx512,cross/2/unit12/draw2/stride13/compact/update/window,1,3,"[2605.3166790490495,2609.488298662689,2625.2017087667145]",2609.488298662689,"[2605.6088410122784,2609.804606240021,2628.924405649909]",2609.804606240021,"[2.5442545693838374,2.548328416662782,2.5636735437174947]",2.548328416662782,1024.0,12.0,2.0,2.0,15.0,13.0
density-crossover-avx512,cross/2/unit12/draw2/stride13/spread/sum/packet,1,3,"[1658.1355228835773,1656.7032250415,1658.3822622717535]",1658.1355228835773,"[1658.3718283144956,1656.7095091291812,1658.803296179173]",1658.3718283144956,"[1.6192729715659937,1.6178742432045898,1.619513927999759]",1.6192729715659937,1024.0,12.0,2.0,12.0,25.0,13.0
density-crossover-avx512,cross/2/unit12/draw2/stride13/spread/sum/point,1,3,"[3456.654967869494,3457.60133465149,3458.7333168561718]",3457.60133465149,"[3457.0976272886373,3457.614434004037,3467.15472070956]",3457.614434004037,"[3.375639617060053,3.3765638033705954,3.3776692547423552]",3.3765638033705954,1024.0,12.0,2.0,12.0,25.0,13.0
density-crossover-avx512,cross/2/unit12/draw2/stride13/spread/sum/window,1,3,"[1633.0808600140201,1634.1312222481884,1637.0407805562036]",1634.1312222481884,"[1633.3884085070672,1634.3629352649223,1637.0458050971126]",1634.3629352649223,"[1.5948055273574413,1.5958312717267464,1.5986726372619176]",1.5958312717267464,1024.0,12.0,2.0,12.0,25.0,13.0
density-crossover-avx512,cross/2/unit12/draw2/stride13/spread/update/packet,1,3,"[3440.0272124940793,3420.2640795077964,3415.995030761932]",3420.2640795077964,"[3440.0402271629823,3420.7049219081105,3416.0080454331464]",3420.7049219081105,"[3.35940157470125,3.3401016401443324,3.335932647228449]",3.3401016401443324,1024.0,12.0,2.0,12.0,25.0,13.0
density-crossover-avx512,cross/2/unit12/draw2/stride13/spread/update/point,1,3,"[5426.916957702764,5427.351959643066,5427.557237097394]",5427.351959643066,"[5433.654637171827,5428.13659293548,5427.577803654518]",5428.13659293548,"[5.299723591506605,5.300148398088932,5.300348864352924]",5.300148398088932,1024.0,12.0,2.0,12.0,25.0,13.0
density-crossover-avx512,cross/2/unit12/draw2/stride13/spread/update/window,1,3,"[3317.328291184098,3291.669818009958,3287.060978492099]",3291.669818009958,"[3317.3382179114124,3291.67998109444,3287.5010635801955]",3291.67998109444,"[3.2395784093594706,3.2145213066503495,3.210020486808691]",3.2145213066503495,1024.0,12.0,2.0,12.0,25.0,13.0
density-crossover-avx512,cross/2/unit12/draw2/stride64/compact/sum/packet,1,3,"[1372.5717773437495,1373.5230468750167,1373.5288085937448]",1373.5230468750167,"[1372.575976560375,1373.5271484377477,1373.7546875003393]",1373.5271484377477,"[1.3404021263122554,1.3413311004638833,1.3413367271423289]",1.3413311004638833,1024.0,12.0,2.0,2.0,66.0,64.0
density-crossover-avx512,cross/2/unit12/draw2/stride64/compact/sum/point,1,3,"[3460.3987654321004,3461.436049382686,3476.502469135799]",3461.436049382686,"[3460.4093827179713,3461.4488888873443,3477.1204938222604]",3461.4488888873443,"[3.379295669367286,3.380308641975279,3.3950219425154287]",3.380308641975279,1024.0,12.0,2.0,2.0,66.0,64.0
density-crossover-avx512,cross/2/unit12/draw2/stride64/compact/update/packet,1,3,"[2662.2280668074823,2670.338836628912,2667.889230178548]",2667.889230178548,"[2662.2361297774532,2670.348819352632,2676.7321942788635]",2670.348819352632,"[2.599832096491682,2.6077527701454217,2.6053605763462384]",2.6053605763462384,1024.0,12.0,2.0,2.0,66.0,64.0
density-crossover-avx512,cross/2/unit12/draw2/stride64/compact/update/point,1,3,"[4918.377637130846,4920.627637130804,4909.573136427561]",4918.377637130846,"[4969.886779186653,4920.6427566835455,4909.587552743881]",4920.6427566835455,"[4.803103161260593,4.805300426885551,4.79450501604254]",4.803103161260593,1024.0,12.0,2.0,2.0,66.0,64.0
density-crossover-avx512,cross/2/unit12/draw2/stride64/spread/sum/packet,1,3,"[1672.1440096327526,1672.0162552679026,1671.409391932561]",1672.0162552679026,"[1672.5968693555294,1672.429620709558,1671.4132450349991]",1672.429620709558,"[1.6329531344069852,1.6328283742850611,1.6322357343091418]",1.6328283742850611,1024.0,12.0,2.0,12.0,76.0,64.0
density-crossover-avx512,cross/2/unit12/draw2/stride64/spread/sum/point,1,3,"[3455.80004930968,3453.655325443775,3452.7847633136107]",3453.655325443775,"[3456.374999996182,3453.668145953933,3452.792899405017]",3453.668145953933,"[3.3748047356539845,3.3727102787536865,3.371860120423448]",3.3727102787536865,1024.0,12.0,2.0,12.0,76.0,64.0
density-crossover-avx512,cross/2/unit12/draw2/stride64/spread/update/packet,1,3,"[3427.276829268255,3421.191463414645,3437.6478048780423]",3427.276829268255,"[3427.8434146325176,3421.201951217737,3445.1873170699]",3427.8434146325176,"[3.34695002858228,3.341007288490864,3.3570779344512136]",3.34695002858228,1024.0,12.0,2.0,12.0,76.0,64.0
density-crossover-avx512,cross/2/unit12/draw2/stride64/spread/update/point,1,3,"[5450.734034267904,5453.008566978229,5450.8002336447935]",5450.8002336447935,"[5460.34579439127,5453.024922120116,5450.820872276131]",5453.024922120116,"[5.32298245533975,5.325203678689678,5.3230471031687445]",5.3230471031687445,1024.0,12.0,2.0,12.0,76.0,64.0
density-crossover-avx512,cross/2/unit12/draw4/stride12/compact/sum/packet,1,3,"[1297.9174560216572,1305.1769057284655,1315.7921515561668]",1305.1769057284655,"[1303.1979251232965,1305.420748758151,1315.796120884416]",1305.420748758151,"[1.2674975156461497,1.2745868220004548,1.2849532730040694]",1.2745868220004548,1024.0,12.0,4.0,4.0,16.0,12.0
density-crossover-avx512,cross/2/unit12/draw4/stride12/compact/sum/point,1,3,"[4092.9532437170515,4100.819696084206,4093.911455289287]",4093.911455289287,"[4092.9655172429707,4101.507305669491,4093.9237288144923]",4093.9237288144923,"[3.9970246520674335,4.0047067344572325,3.997960405555945]",3.997960405555945,1024.0,12.0,4.0,4.0,16.0,12.0
density-crossover-avx512,cross/2/unit12/draw4/stride12/compact/sum/window,1,3,"[1082.2533849129609,1082.4383752417802,1090.3361702127777]",1082.4383752417802,"[1082.2566344300142,1082.4423984523778,1136.2646034828424]",1082.4423984523778,"[1.0568880712040631,1.057068725822051,1.0647814162234157]",1.057068725822051,1024.0,12.0,4.0,4.0,16.0,12.0
density-crossover-avx512,cross/2/unit12/draw4/stride12/compact/update/packet,1,3,"[2615.512088330518,2616.248810203652,2650.1934132876017]",2616.248810203652,"[2615.523891112127,2616.258709309829,2658.651627645121]",2616.258709309829,"[2.5542110237602715,2.554930478714504,2.5880795051636736]",2.554930478714504,1024.0,12.0,4.0,4.0,16.0,12.0
density-crossover-avx512,cross/2/unit12/draw4/stride12/compact/update/point,1,3,"[6788.354823073268,6791.548715462912,6792.218128938497]",6791.548715462912,"[6788.380029080313,6791.5744062138865,6794.909355303755]",6791.5744062138865,"[6.629252756907488,6.632371792444249,6.633025516541501]",6.632371792444249,1024.0,12.0,4.0,4.0,16.0,12.0
density-crossover-avx512,cross/2/unit12/draw4/stride12/compact/update/window,1,3,"[2248.518488874676,2266.4871138146354,2265.6644789499023]",2265.6644789499023,"[2248.525372174469,2266.4957579639026,2266.0329758271528]",2266.0329758271528,"[2.195818836791676,2.213366322084605,2.212562967724514]",2.212562967724514,1024.0,12.0,4.0,4.0,16.0,12.0
density-crossover-avx512,cross/2/unit12/draw4/stride12/spread/sum/packet,1,3,"[2087.0576407506965,2083.232946082813,2081.6257074769464]",2083.232946082813,"[2087.0640452801367,2083.2392016707913,2085.0963658029987]",2085.0963658029987,"[2.038142227295602,2.0344071739089973,2.0328376049579555]",2.0344071739089973,1024.0,12.0,4.0,12.0,24.0,12.0
density-crossover-avx512,cross/2/unit12/draw4/stride12/spread/sum/point,1,3,"[4095.258923346979,4098.8458162669085,4105.349912229325]",4098.8458162669085,"[4095.2744294951294,4099.314803978587,4105.3651258059035]",4099.314803978587,"[3.999276292331034,4.002779117448153,4.00913077366145]",4.002779117448153,1024.0,12.0,4.0,12.0,24.0,12.0
density-crossover-avx512,cross/2/unit12/draw4/stride12/spread/sum/window,1,3,"[1330.1634469696974,1328.8309659091067,1328.8632575757747]",1328.8632575757747,"[1330.345454543819,1330.9410984847234,1328.8681818181228]",1330.345454543819,"[1.298987741181345,1.297686490145612,1.2977180249763425]",1.2977180249763425,1024.0,12.0,4.0,12.0,24.0,12.0
density-crossover-avx512,cross/2/unit12/draw4/stride12/spread/update/packet,1,3,"[3821.0551181102296,3831.1254412163603,3830.2948683138425]",3830.2948683138425,"[3821.704588649967,3831.1373880003453,3842.0114037423136]",3831.1373880003453,"[3.7314991387795207,3.7413334386878514,3.740522332337737]",3.740522332337737,1024.0,12.0,4.0,12.0,24.0,12.0
density-crossover-avx512,cross/2/unit12/draw4/stride12/spread/update/point,1,3,"[7902.29836435422,7892.174844895634,7892.134799774438]",7892.174844895634,"[7903.659334465285,7892.192893414007,7892.158488429786]",7892.192893414007,"[7.717088246439667,7.707201996968392,7.7071628904047245]",7.707201996968392,1024.0,12.0,4.0,12.0,24.0,12.0
density-crossover-avx512,cross/2/unit12/draw4/stride12/spread/update/window,1,3,"[3547.674928995692,3556.179963852301,3550.004131164467]",3550.004131164467,"[3548.1634391907783,3556.1933901334746,3550.0172992505336]",3550.0172992505336,"[3.4645262978473554,3.472831995949513,3.466800909340299]",3.466800909340299,1024.0,12.0,4.0,12.0,24.0,12.0
density-crossover-avx512,cross/2/unit12/draw4/stride13/compact/sum/packet,1,3,"[1318.016014558667,1277.2752502274668,1279.2498635122797]",1279.2498635122797,"[1318.02183803443,1277.451046404031,1281.0363057331638]",1281.0363057331638,"[1.2871250142174484,1.2473391115502606,1.2492674448362109]",1.2492674448362109,1024.0,12.0,4.0,4.0,17.0,13.0
density-crossover-avx512,cross/2/unit12/draw4/stride13/compact/sum/point,1,3,"[4090.2296231376004,4091.4008179959037,4091.012562079961]",4091.012562079961,"[4090.241893078044,4091.950920249522,4091.02775343513]",4091.02775343513,"[3.994364866345313,3.9955086113241243,3.9951294551562113]",3.9951294551562113,1024.0,12.0,4.0,4.0,17.0,13.0
density-crossover-avx512,cross/2/unit12/draw4/stride13/compact/sum/window,1,3,"[1387.3706467661498,1387.8483582089577,1389.1089552238577]",1387.8483582089577,"[1387.3749253717456,1388.0186069636648,1389.1142288568417]",1388.0186069636648,"[1.3548541472325681,1.3553206623134355,1.3565517140857983]",1.3553206623134355,1024.0,12.0,4.0,4.0,17.0,13.0
density-crossover-avx512,cross/2/unit12/draw4/stride13/compact/update/packet,1,3,"[2735.0655993752857,2728.7163217493458,2741.6372510737847]",2735.0655993752857,"[2735.073604061271,2728.726669271482,2742.0027333087423]",2735.073604061271,"[2.670962499389927,2.664762032958346,2.6773801280017433]",2.670962499389927,1024.0,12.0,4.0,4.0,17.0,13.0
density-crossover-avx512,cross/2/unit12/draw4/stride13/compact/update/point,1,3,"[6789.107055961003,6792.1776155716325,6792.343552311408]",6792.1776155716325,"[6789.132360104537,6807.171289540321,6793.989294399783]",6793.989294399783,"[6.629987359336918,6.632985952706672,6.633148000304109]",6.632985952706672,1024.0,12.0,4.0,4.0,17.0,13.0
density-crossover-avx512,cross/2/unit12/draw4/stride13/compact/update/window,1,3,"[2702.5696033562085,2658.7902364607125,2665.6779176200907]",2665.6779176200907,"[2702.579900837188,2663.767543857697,2666.389778795064]",2666.389778795064,"[2.639228128277547,2.5964748402936646,2.60320109142587]",2.60320109142587,1024.0,12.0,4.0,4.0,17.0,13.0
density-crossover-avx512,cross/2/unit12/draw4/stride13/spread/sum/packet,1,3,"[2085.909903201807,2083.4335070737206,2082.83469843633]",2083.4335070737206,"[2085.9163067780783,2083.441250933448,2083.1551749789282]",2083.441250933448,"[2.037021389845515,2.0346030342516803,2.0340182601917287]",2.0346030342516803,1024.0,12.0,4.0,12.0,25.0,13.0
density-crossover-avx512,cross/2/unit12/draw4/stride13/spread/sum/point,1,3,"[4104.4738380590325,4103.316574101174,4100.743934522136]",4103.316574101174,"[4104.486407483309,4103.328851208824,4101.876059629753]",4103.328851208824,"[4.008275232479525,4.007145091895679,4.004632748556774]",4.007145091895679,1024.0,12.0,4.0,12.0,25.0,13.0
density-crossover-avx512,cross/2/unit12/draw4/stride13/spread/sum/window,1,3,"[1520.6119032188124,1515.5083171310957,1516.912400086421]",1516.912400086421,"[1520.8196154677398,1515.5150140428134,1520.4502052265468]",1520.4502052265468,"[1.4849725617371217,1.4799885909483355,1.4813597657093955]",1.4813597657093955,1024.0,12.0,4.0,12.0,25.0,13.0
density-crossover-avx512,cross/2/unit12/draw4/stride13/spread/update/packet,1,3,"[3823.891013384271,3848.824091778251,3825.4263862332527]",3825.4263862332527,"[3824.5061458609575,3849.5897295790046,3833.8344714534605]",3833.8344714534605,"[3.734268567758077,3.758617277127198,3.735767955305911]",3.735767955305911,1024.0,12.0,4.0,12.0,25.0,13.0
density-crossover-avx512,cross/2/unit12/draw4/stride13/spread/update/point,1,3,"[7897.634517766605,7891.993795826308,7892.225042301056]",7892.225042301056,"[7902.756909186831,7892.023124660462,7892.249294989902]",7892.249294989902,"[7.712533708756451,7.707025191236629,7.707251017872125]",7.707251017872125,1024.0,12.0,4.0,12.0,25.0,13.0
density-crossover-avx512,cross/2/unit12/draw4/stride13/spread/update/window,1,3,"[3767.4973161566963,3784.0917874395764,3785.9084809446954]",3784.0917874395764,"[3768.0161030535996,3784.1033279644193,3785.9200214644134]",3784.1033279644193,"[3.6791965978092738,3.6954021361714613,3.6971762509225536]",3.6954021361714613,1024.0,12.0,4.0,12.0,25.0,13.0
density-crossover-avx512,cross/2/unit12/draw4/stride64/compact/sum/packet,1,3,"[1366.7811470645088,1363.222825033888,1360.756151908535]",1363.222825033888,"[1366.9548537111557,1363.2268940133629,1360.759348964236]",1363.2268940133629,"[1.3347472139301844,1.3312722900721563,1.3288634295981787]",1.3312722900721563,1024.0,12.0,4.0,4.0,68.0,64.0
density-crossover-avx512,cross/2/unit12/draw4/stride64/compact/sum/point,1,3,"[4122.752442996697,4124.615339058304,4124.42256440634]",4124.42256440634,"[4122.765176193684,4125.311519096608,4124.432336396223]",4124.432336396223,"[4.026125432613962,4.027944667049125,4.027756410553066]",4.027756410553066,1024.0,12.0,4.0,4.0,68.0,64.0
density-crossover-avx512,cross/2/unit12/draw4/stride64/compact/update/packet,1,3,"[2748.914856136209,2739.905069485266,2725.5363084752516]",2739.905069485266,"[2748.925034255751,2743.5756508102463,2725.542767665886]",2743.5756508102463,"[2.684487164195517,2.675688544419205,2.661656551245363]",2.675688544419205,1024.0,12.0,4.0,4.0,68.0,64.0
density-crossover-avx512,cross/2/unit12/draw4/stride64/compact/update/point,1,3,"[6826.789858605522,6830.441248171655,6833.117991223796]",6830.441248171655,"[6826.81033642205,6831.422233063543,6833.138956597444]",6831.422233063543,"[6.666786971294456,6.670352781417632,6.672966788304489]",6.670352781417632,1024.0,12.0,4.0,4.0,68.0,64.0
density-crossover-avx512,cross/2/unit12/draw4/stride64/spread/sum/packet,1,3,"[2084.275089605714,2094.578106332096,2081.857228195955]",2084.275089605714,"[2087.456391876448,2095.3237753862772,2082.090501789215]",2087.456391876448,"[2.03542489219308,2.0454864319649375,2.033063699410112]",2.03542489219308,1024.0,12.0,4.0,12.0,76.0,64.0
density-crossover-avx512,cross/2/unit12/draw4/stride64/spread/sum/point,1,3,"[4111.824499411037,4113.346584216699,4116.780035335719]",4113.346584216699,"[4111.839811542916,4113.362190815163,4117.254711430642]",4113.362190815163,"[4.015453612706091,4.01694002364912,4.020293003257538]",4.01694002364912,1024.0,12.0,4.0,12.0,76.0,64.0
density-crossover-avx512,cross/2/unit12/draw4/stride64/spread/update/packet,1,3,"[3851.1118457301236,3857.962809917385,3866.0261707989807]",3857.962809917385,"[3851.123415979137,3857.974655641909,3874.236363643388]",3857.974655641909,"[3.7608514118458234,3.7675418065599464,3.7754161824208796]",3.7675418065599464,1024.0,12.0,4.0,12.0,76.0,64.0
density-crossover-avx512,cross/2/unit12/draw4/stride64/spread/update/point,1,3,"[8007.69605037206,8008.263308529063,8002.721808814832]",8007.69605037206,"[8027.29708071486,8008.287349732359,8005.614195764764]",8008.287349732359,"[7.820015674191465,7.820569637235413,7.815158016420734]",7.820015674191465,1024.0,12.0,4.0,12.0,76.0,64.0
density-crossover-avx512,cross/2/unit12/draw8/stride12/compact/sum/packet,1,3,"[1268.760050706264,1269.170137631284,1268.925751539294]",1268.925751539294,"[1268.7656646142907,1269.1740311478447,1269.143154653518]",1269.143154653518,"[1.2390234870178363,1.239423962530551,1.2391853042375918]",1.2391853042375918,1024.0,12.0,8.0,8.0,20.0,12.0
density-crossover-avx512,cross/2/unit12/draw8/stride12/compact/sum/point,1,3,"[5509.61659457327,5508.586708611989,5500.3637436098425]",5508.586708611989,"[5509.637436103545,5508.603224537855,5501.123869446893]",5508.603224537855,"[5.380484955637958,5.379479207628895,5.371448968368988]",5.379479207628895,1024.0,12.0,8.0,8.0,20.0,12.0
density-crossover-avx512,cross/2/unit12/draw8/stride12/compact/sum/window,1,3,"[1459.693280384581,1461.4500992789335,1463.7699864144756]",1461.4500992789335,"[1459.6987146004246,1461.4544884550826,1463.774480090677]",1461.4544884550826,"[1.4254817191255673,1.4271973625770837,1.4294628773578864]",1.4271973625770837,1024.0,12.0,8.0,8.0,20.0,12.0
density-crossover-avx512,cross/2/unit12/draw8/stride12/compact/update/packet,1,3,"[2779.0859960552725,2780.377712031619,2786.1331360946187]",2780.377712031619,"[2779.441617357742,2784.5459566066265,2786.141617360626]",2784.5459566066265,"[2.713951168022727,2.715212609405878,2.720833140717401]",2.715212609405878,1024.0,12.0,8.0,8.0,20.0,12.0
density-crossover-avx512,cross/2/unit12/draw8/stride12/compact/update/point,1,3,"[10417.927827381061,10409.081845238174,10408.850446428669]",10409.081845238174,"[10419.671130949364,10409.113095233819,10408.88913690046]",10409.113095233819,"[10.173757643926818,10.165118989490402,10.164893014090497]",10.165118989490402,1024.0,12.0,8.0,8.0,20.0,12.0
density-crossover-avx512,cross/2/unit12/draw8/stride12/compact/update/window,1,3,"[3017.227351164777,3018.452329594465,3007.8138481450314]",3017.227351164777,"[3017.236410696734,3018.858498702974,3007.8229076789044]",3017.236410696734,"[2.9465110851218523,2.9477073531195948,2.937318211079132]",2.9465110851218523,1024.0,12.0,8.0,8.0,20.0,12.0
density-crossover-avx512,cross/2/unit12/draw8/stride12/spread/sum/packet,1,3,"[1821.51840331774,1816.588258164834,1812.839035769874]",1816.588258164834,"[1834.8780456211707,1816.8995593548323,1812.844479003377]",1816.8995593548323,"[1.7788265657399804,1.7740119708640958,1.7703506208690176]",1.7740119708640958,1024.0,12.0,8.0,12.0,24.0,12.0
density-crossover-avx512,cross/2/unit12/draw8/stride12/spread/sum/point,1,3,"[5497.900432900403,5502.029122392839,5498.50649350645]",5498.50649350645,"[5497.921290829281,5502.84454939079,5498.523022443051]",5498.523022443051,"[5.3690433915043,5.373075314836756,5.369635247564893]",5.369635247564893,1024.0,12.0,8.0,12.0,24.0,12.0
density-crossover-avx512,cross/2/unit12/draw8/stride12/spread/sum/window,1,3,"[1353.6861702127662,1354.3863636363606,1352.2442940038788]",1353.6861702127662,"[1353.6902321088685,1354.39235976744,1352.4263056093655]",1353.6902321088685,"[1.3219591505984047,1.3226429332386334,1.320551068363163]",1.3219591505984047,1024.0,12.0,8.0,12.0,24.0,12.0
density-crossover-avx512,cross/2/unit12/draw8/stride12/spread/update/packet,1,3,"[4708.220168067279,4700.2070588236475,4705.490756302591]",4705.490756302591,"[4708.234621853271,4700.2211764712765,4707.202352942697]",4707.202352942697,"[4.597871257878202,4.590045955882468,4.595205816701749]",4.595205816701749,1024.0,12.0,8.0,12.0,24.0,12.0
density-crossover-avx512,cross/2/unit12/draw8/stride12/spread/update/point,1,3,"[13071.44257703088,13080.331465919653,13089.32399626529]",13080.331465919653,"[13071.48179272206,13124.433239953565,13092.285714303656]",13092.285714303656,"[12.76508064163172,12.773761197187161,12.782542965102822]",12.773761197187161,1024.0,12.0,8.0,12.0,24.0,12.0
density-crossover-avx512,cross/2/unit12/draw8/stride12/spread/update/window,1,3,"[4123.012137359283,4122.292776790933,4135.413262285395]",4123.012137359283,"[4123.024866791553,4122.305210177797,4136.544701010488]",4123.024866791553,"[4.026379040389925,4.025676539834896,4.038489513950581]",4.026379040389925,1024.0,12.0,8.0,12.0,24.0,12.0
density-crossover-avx512,cross/2/unit12/draw8/stride13/compact/sum/packet,1,3,"[1270.9488471950012,1271.0796228880856,1269.6130869037595]",1270.9488471950012,"[1270.953701110916,1272.5759357803183,1269.6169140289617]",1270.953701110916,"[1.2411609835888686,1.2412886942266461,1.2398565301794529]",1.2411609835888686,1024.0,12.0,8.0,8.0,21.0,13.0
density-crossover-avx512,cross/2/unit12/draw8/stride13/compact/sum/point,1,3,"[5499.821540880402,5496.401336478039,5495.465801886944]",5496.401336478039,"[5500.682783016012,5496.418238988527,5495.486635224445]",5496.418238988527,"[5.370919473516017,5.367579430154335,5.366665822155219]",5.367579430154335,1024.0,12.0,8.0,8.0,21.0,13.0
density-crossover-avx512,cross/2/unit12/draw8/stride13/compact/sum/window,1,3,"[1572.211310828598,1574.7583296799678,1565.384261288896]",1572.211310828598,"[1572.3913853602394,1574.763152126078,1565.391166155997]",1572.3913853602394,"[1.5353626082310528,1.5378499313280933,1.5286955676649374]",1.5353626082310528,1024.0,12.0,8.0,8.0,21.0,13.0
density-crossover-avx512,cross/2/unit12/draw8/stride13/compact/update/packet,1,3,"[2895.6956432388574,2895.8438142211226,2891.577270859011]",2895.6956432388574,"[2896.0723386766354,2895.854500619046,2891.586107690173]",2895.854500619046,"[2.8278277766004467,2.827972474825315,2.823805928573253]",2.8278277766004467,1024.0,12.0,8.0,8.0,21.0,13.0
density-crossover-avx512,cross/2/unit12/draw8/stride13/compact/update/point,1,3,"[10476.66292974598,10464.13677130033,10458.210762331953]",10464.13677130033,"[10476.695067274624,10465.424514191223,10458.241405076233]",10465.424514191223,"[10.231116142330059,10.218883565722976,10.2130964475898]",10.218883565722976,1024.0,12.0,8.0,8.0,21.0,13.0
density-crossover-avx512,cross/2/unit12/draw8/stride13/compact/update/window,1,3,"[3037.9349470500174,3018.2593473092775,3010.4160363085766]",3018.2593473092775,"[3039.9801167060073,3018.8562783655993,3010.4272746905085]",3018.8562783655993,"[2.966733346728533,2.9475188938567167,2.9398594104575944]",2.9475188938567167,1024.0,12.0,8.0,8.0,21.0,13.0
density-crossover-avx512,cross/2/unit12/draw8/stride13/spread/sum/packet,1,3,"[1836.0909090908706,1837.0956180509802,1835.8240680183276]",1836.0909090908706,"[1838.460039242895,1837.7368214508103,1836.0285153701884]",1837.7368214508103,"[1.793057528409053,1.7940386895029103,1.7927969414241478]",1.793057528409053,1024.0,12.0,8.0,12.0,25.0,13.0
density-crossover-avx512,cross/2/unit12/draw8/stride13/spread/sum/point,1,3,"[5498.998819826974,5498.074350904719,5497.940991345463]",5498.074350904719,"[5499.015735641296,5498.095200626004,5498.630212438459]",5498.630212438459,"[5.370116034987278,5.3692132333053895,5.369082999360804]",5.3692132333053895,1024.0,12.0,8.0,12.0,25.0,13.0
density-crossover-avx512,cross/2/unit12/draw8/stride13/spread/sum/window,1,3,"[1419.2899252977836,1413.3136482939465,1412.3082980012166]",1413.3136482939465,"[1419.2941651542922,1413.3200080755264,1412.7769028891562]",1413.3200080755264,"[1.3860253176736168,1.3801891096620573,1.3792073222668133]",1.3801891096620573,1024.0,12.0,8.0,12.0,25.0,13.0
density-crossover-avx512,cross/2/unit12/draw8/stride13/spread/update/packet,1,3,"[4697.161388140096,4713.529312668424,4702.309973045768]",4702.309973045768,"[4697.17553908212,4721.34366577342,4708.004716976753]",4708.004716976753,"[4.587071668105563,4.6030559694027575,4.592099583052508]",4.592099583052508,1024.0,12.0,8.0,12.0,25.0,13.0
density-crossover-avx512,cross/2/unit12/draw8/stride13/spread/update/point,1,3,"[13090.78917910475,13087.775186567442,13089.631529850927]",13089.631529850927,"[13090.847014926701,13087.815298489933,13089.680970153524]",13089.680970153524,"[12.78397380771948,12.78103045563227,12.782843290870046]",12.782843290870046,1024.0,12.0,8.0,12.0,25.0,13.0
density-crossover-avx512,cross/2/unit12/draw8/stride13/spread/update/window,1,3,"[4252.800954938939,4140.108922709592,4123.299015219276]",4140.108922709592,"[4252.816472695587,4140.121754697791,4123.3115487902605]",4140.121754697791,"[4.1531259325575585,4.043075119833586,4.026659194550074]",4.043075119833586,1024.0,12.0,8.0,12.0,25.0,13.0
density-crossover-avx512,cross/2/unit12/draw8/stride64/compact/sum/packet,1,3,"[1361.3276891455937,1361.216208280273,1361.0741900753924]",1361.216208280273,"[1361.5100322975577,1361.2211999593928,1361.0774199865054]",1361.2211999593928,"[1.3294215714312438,1.329312703398704,1.3291740137455006]",1.329312703398704,1024.0,12.0,8.0,8.0,72.0,64.0
density-crossover-avx512,cross/2/unit12/draw8/stride64/compact/sum/point,1,3,"[5561.068842021546,5556.165937126718,5554.383605252728]",5556.165937126718,"[5561.75009948504,5556.187027457331,5554.399920414533]",5556.187027457331,"[5.430731291036666,5.4259432979753095,5.424202739504617]",5.4259432979753095,1024.0,12.0,8.0,8.0,72.0,64.0
density-crossover-avx512,cross/2/unit12/draw8/stride64/compact/update/packet,1,3,"[2890.506289956845,2891.2571664260713,2883.8863683234545]",2890.506289956845,"[2890.8884306057976,2894.1241493043917,2883.895236129969]",2890.8884306057976,"[2.822760048785982,2.8234933265879603,2.8162952815658735]",2.822760048785982,1024.0,12.0,8.0,8.0,72.0,64.0
density-crossover-avx512,cross/2/unit12/draw8/stride64/compact/update/point,1,3,"[10492.59162303605,10491.27524308162,10474.357516828732]",10491.27524308162,"[10492.61630516491,10493.042632740828,10474.388930441239]",10492.61630516491,"[10.246671506871143,10.245385979571894,10.228864762528058]",10.245385979571894,1024.0,12.0,8.0,8.0,72.0,64.0
density-crossover-avx512,cross/2/unit12/draw8/stride64/spread/sum/packet,1,3,"[1830.5938195626484,1830.4602592640997,1832.8160272358157]",1830.5938195626484,"[1833.5482519296247,1830.7760900878022,1833.2195888418128]",1833.2195888418128,"[1.7876892769166488,1.7875588469375974,1.7898594015974763]",1.7876892769166488,1024.0,12.0,8.0,12.0,76.0,64.0
density-crossover-avx512,cross/2/unit12/draw8/stride64/spread/sum/point,1,3,"[5552.115613826002,5543.252284465565,5540.152959872894]",5543.252284465565,"[5552.128724663452,5544.500595951265,5540.169646409741]",5544.500595951265,"[5.421987904126955,5.413332309048403,5.410305624875874]",5.413332309048403,1024.0,12.0,8.0,12.0,76.0,64.0
density-crossover-avx512,cross/2/unit12/draw8/stride64/spread/update/packet,1,3,"[4704.154934321368,4712.797238127461,4713.497810710753]",4712.797238127461,"[4704.172448639496,4712.808352980969,4720.504546983485]",4712.808352980969,"[4.593901303048211,4.602341052858849,4.603025205772219]",4.602341052858849,1024.0,12.0,8.0,12.0,76.0,64.0
density-crossover-avx512,cross/2/unit12/draw8/stride64/spread/update/point,1,3,"[13165.756578946974,13163.163533834173,13170.164473683737]",13165.756578946974,"[13165.796992476637,13163.212406016999,13178.916353379213]",13165.796992476637,"[12.857184159127902,12.854651888509933,12.861488743831774]",12.857184159127902,1024.0,12.0,8.0,12.0,76.0,64.0
density-crossover-avx512,cross/2/unit16/draw2/stride16/compact/sum/packet,1,3,"[1275.5746759174685,1277.3612379039648,1275.6048931897656]",1275.6048931897656,"[1275.5785101338406,1279.7469417571265,1275.8442578055333]",1275.8442578055333,"[1.2456783944506529,1.2474230838905906,1.2457079035056304]",1.2457079035056304,1024.0,16.0,2.0,2.0,18.0,16.0
density-crossover-avx512,cross/2/unit16/draw2/stride16/compact/sum/point,1,3,"[3455.14723320151,3455.9646739130294,3457.7655632408987]",3455.9646739130294,"[3455.160079051498,3455.975049410592,3457.7811264832935]",3455.975049410592,"[3.37416721992335,3.3749655018681923,3.3767241828524406]",3.3749655018681923,1024.0,16.0,2.0,2.0,18.0,16.0
density-crossover-avx512,cross/2/unit16/draw2/stride16/compact/sum/window,1,3,"[1505.4782888388777,1507.4563096386737,1504.9013616382506]",1505.4782888388777,"[1505.7079446765335,1507.8479682642937,1504.9059719099828]",1505.7079446765335,"[1.4701936414442163,1.4721253023815173,1.469630235974854]",1.4701936414442163,1024.0,16.0,2.0,2.0,18.0,16.0
density-crossover-avx512,cross/2/unit16/draw2/stride16/compact/update/packet,1,3,"[2552.6442637759624,2535.513098464265,2535.1790424569986]",2535.513098464265,"[2553.1035230324624,2538.924661246574,2535.186630535593]",2538.924661246574,"[2.4928166638437133,2.476087010219009,2.4757607836494127]",2.476087010219009,1024.0,16.0,2.0,2.0,18.0,16.0
density-crossover-avx512,cross/2/unit16/draw2/stride16/compact/update/point,1,3,"[4857.683096147196,4854.233252342995,4853.962165914438]",4854.233252342995,"[4858.409232904922,4854.251301623681,4853.980562309185]",4854.251301623681,"[4.743831148581246,4.740462160491206,4.740197427650818]",4.740462160491206,1024.0,16.0,2.0,2.0,18.0,16.0
density-crossover-avx512,cross/2/unit16/draw2/stride16/compact/update/window,1,3,"[2840.7155102042,2847.7234693878613,2841.7806122448696]",2841.7806122448696,"[2841.0708163234203,2847.73224489861,2841.7912244897393]",2841.7912244897393,"[2.7741362404337893,2.7809799505740833,2.77517637914538]",2.77517637914538,1024.0,16.0,2.0,2.0,18.0,16.0
density-crossover-avx512,cross/2/unit16/draw2/stride16/spread/sum/packet,1,3,"[1657.3363819930667,1666.1653403017049,1671.4995842737371]",1666.1653403017049,"[1657.342677277641,1666.398265825053,1671.5058795586278]",1666.398265825053,"[1.6184925605401042,1.6271145901383839,1.6323238127673212]",1.6271145901383839,1024.0,16.0,2.0,16.0,32.0,16.0
density-crossover-avx512,cross/2/unit16/draw2/stride16/spread/sum/point,1,3,"[3453.548427049747,3454.7349516968115,3452.8005945007717]",3453.548427049747,"[3453.55883081622,3455.1691850329685,3452.810998269664]",3453.55883081622,"[3.3726058857907684,3.3737646012664175,3.37187558056716]",3.3726058857907684,1024.0,16.0,2.0,16.0,32.0,16.0
density-crossover-avx512,cross/2/unit16/draw2/stride16/spread/sum/window,1,3,"[1147.8990727824792,1157.9219660293872,1151.8884056781967]",1151.8884056781967,"[1149.0266677610382,1159.6584885547356,1152.0183802407134]",1152.0183802407134,"[1.1209951882641396,1.1307831699505737,1.124891021170114]",1.124891021170114,1024.0,16.0,2.0,16.0,32.0,16.0
density-crossover-avx512,cross/2/unit16/draw2/stride16/spread/update/packet,1,3,"[3428.438909774413,3421.500234962377,3397.0244360903816]",3421.500234962377,"[3428.8275375885532,3421.510573304297,3397.4389097780004]",3421.510573304297,"[3.348084872826575,3.3413088232054458,3.3174066758695133]",3.3413088232054458,1024.0,16.0,2.0,16.0,32.0,16.0
density-crossover-avx512,cross/2/unit16/draw2/stride16/spread/update/point,1,3,"[5420.474622239275,5424.283611003605,5421.997287872788]",5421.997287872788,"[5420.495156919865,5424.303758241223,5425.469972875836]",5424.303758241223,"[5.293432248280542,5.297151963870709,5.294919226438269]",5.294919226438269,1024.0,16.0,2.0,16.0,32.0,16.0
density-crossover-avx512,cross/2/unit16/draw2/stride16/spread/update/window,1,3,"[2901.0898734176353,2879.682489451621,2865.068565400799]",2879.682489451621,"[2901.7651898713075,2884.792616028926,2865.52869198311]",2884.792616028926,"[2.83309557950941,2.812189931105099,2.797918520899217]",2.812189931105099,1024.0,16.0,2.0,16.0,32.0,16.0
density-crossover-avx512,cross/2/unit16/draw2/stride17/compact/sum/packet,1,3,"[1285.6112838332117,1273.9636064374308,1274.1235369421802]",1274.1235369421802,"[1285.6152158024056,1273.9683613765376,1275.3215983904895]",1275.3215983904895,"[1.2554797693683708,1.2441050844115535,1.244261266545098]",1.244261266545098,1024.0,16.0,2.0,2.0,19.0,17.0
density-crossover-avx512,cross/2/unit16/draw2/stride17/compact/sum/point,1,3,"[3456.126850937797,3454.6162388943144,3451.0824284303635]",3454.6162388943144,"[3456.6651036481603,3454.6293188530603,3451.0927936805374]",3454.6293188530603,"[3.3751238778689427,3.3736486707952285,3.3701976840140264]",3.3736486707952285,1024.0,16.0,2.0,2.0,19.0,17.0
density-crossover-avx512,cross/2/unit16/draw2/stride17/compact/sum/window,1,3,"[1529.8118344493726,1532.471731254838,1528.632670984706]",1529.8118344493726,"[1530.0206389303298,1532.476342080264,1528.637391590408]",1530.0206389303298,"[1.4939568695794654,1.496554425053553,1.492805342758502]",1.4939568695794654,1024.0,16.0,2.0,2.0,19.0,17.0
density-crossover-avx512,cross/2/unit16/draw2/stride17/compact/update/packet,1,3,"[2751.108869432827,2747.5934526074466,2754.8372668442994]",2751.108869432827,"[2751.4234868653016,2747.6018271783732,2754.8475447266383]",2751.4234868653016,"[2.6866297553054954,2.6831967310619596,2.690270768402636]",2.6866297553054954,1024.0,16.0,2.0,2.0,19.0,17.0
density-crossover-avx512,cross/2/unit16/draw2/stride17/compact/update/point,1,3,"[4857.377083333164,4855.175347222142,4857.230902777849]",4857.230902777849,"[4857.9642361070955,4855.193749994965,4857.2493055627]",4857.2493055627,"[4.743532307942543,4.741382175021623,4.743389553493993]",4.743389553493993,1024.0,16.0,2.0,2.0,19.0,17.0
density-crossover-avx512,cross/2/unit16/draw2/stride17/compact/update/window,1,3,"[2772.669595423128,2755.2543931344658,2897.3592153658283]",2772.669595423128,"[2774.5128729023795,2755.616264815341,2897.370044954155]",2774.5128729023795,"[2.707685151780399,2.6906781182953767,2.8294523587556917]",2.707685151780399,1024.0,16.0,2.0,2.0,19.0,17.0
density-crossover-avx512,cross/2/unit16/draw2/stride17/spread/sum/packet,1,3,"[1669.5651556397709,1661.696650491107,1663.643626464641]",1663.643626464641,"[1672.5207716892521,1661.9704106997808,1663.6487158272728]",1663.6487158272728,"[1.6304347223044637,1.622750635245222,1.6246519789693763]",1.6246519789693763,1024.0,16.0,2.0,16.0,33.0,17.0
density-crossover-avx512,cross/2/unit16/draw2/stride17/spread/sum/point,1,3,"[3454.449246727647,3453.859224500034,3457.5858236602444]",3454.449246727647,"[3454.4596196570224,3453.8695974287516,3458.0484070131683]",3454.4596196570224,"[3.373485592507468,3.3729093989258145,3.376548655918208]",3.373485592507468,1024.0,16.0,2.0,16.0,33.0,17.0
density-crossover-avx512,cross/2/unit16/draw2/stride17/spread/sum/window,1,3,"[1512.5923725151222,1512.1225151253075,1516.1381806395268]",1512.5923725151222,"[1512.5970181499065,1512.12802506507,1516.3156871204708]",1512.5970181499065,"[1.477140988784299,1.476682143677058,1.4806036920307877]",1.477140988784299,1024.0,16.0,2.0,16.0,33.0,17.0
density-crossover-avx512,cross/2/unit16/draw2/stride17/spread/update/packet,1,3,"[3391.95263936849,3292.9958066107115,3298.4570794277934]",3298.4570794277934,"[3391.962752837726,3293.0056734073423,3298.8840651244973]",3298.8840651244973,"[3.312453749383291,3.2158162173932734,3.2211494916287045]",3.2211494916287045,1024.0,16.0,2.0,16.0,33.0,17.0
density-crossover-avx512,cross/2/unit16/draw2/stride17/spread/update/point,1,3,"[5429.971273291812,5429.233307453271,5425.891304347683]",5429.233307453271,"[5433.647903726351,5439.121894400483,5425.911490686826]",5433.647903726351,"[5.3027063215740355,5.301985651809835,5.298721976902035]",5.301985651809835,1024.0,16.0,2.0,16.0,33.0,17.0
density-crossover-avx512,cross/2/unit16/draw2/stride17/spread/update/window,1,3,"[3216.9912219911585,3282.1150381149787,3286.9357819357433]",3282.1150381149787,"[3217.0011550000663,3283.4044814056538,3299.3252483215992]",3283.4044814056538,"[3.1415929902257402,3.2051904669091584,3.2098982245466243]",3.2051904669091584,1024.0,16.0,2.0,16.0,33.0,17.0
density-crossover-avx512,cross/2/unit16/draw2/stride64/compact/sum/packet,1,3,"[1374.066145936279,1373.2762507415669,1373.4214949574919]",1373.4214949574919,"[1374.3392327475456,1373.2804034012388,1373.4256476183054]",1373.4256476183054,"[1.3418614706408976,1.3410900886148114,1.3412319286694256]",1.3412319286694256,1024.0,16.0,2.0,2.0,66.0,64.0
density-crossover-avx512,cross/2/unit16/draw2/stride64/compact/sum/point,1,3,"[3463.0900098910774,3459.961671612248,3460.9238377844595]",3460.9238377844595,"[3463.629574680233,3459.974777446064,3460.934223541117]",3460.934223541117,"[3.3819238377842553,3.3788688199338366,3.379808435336386]",3.379808435336386,1024.0,16.0,2.0,2.0,66.0,64.0
density-crossover-avx512,cross/2/unit16/draw2/stride64/compact/update/packet,1,3,"[2756.543739279525,2756.841242614666,2764.2490947207893]",2756.841242614666,"[2757.099104246169,2761.943967983945,2764.2574804630094]",2761.943967983945,"[2.6919372453901613,2.692227775990885,2.6994620065632704]",2.692227775990885,1024.0,16.0,2.0,2.0,66.0,64.0
density-crossover-avx512,cross/2/unit16/draw2/stride64/compact/update/point,1,3,"[4918.359073359036,4911.11793611795,4913.866619866794]",4913.866619866794,"[4919.571077568756,4911.136539137157,4913.884871880945]",4913.884871880945,"[4.803085032577184,4.796013609490186,4.798697870963667]",4.798697870963667,1024.0,16.0,2.0,2.0,66.0,64.0
density-crossover-avx512,cross/2/unit16/draw2/stride64/spread/sum/packet,1,3,"[1672.4363679695778,1686.9131315537952,1678.1680171591627]",1678.1680171591627,"[1672.4425643466402,1687.1637273595263,1678.17302192274]",1678.17302192274,"[1.6332386405952908,1.6473761050330034,1.6388359542569948]",1.6388359542569948,1024.0,16.0,2.0,16.0,80.0,64.0
density-crossover-avx512,cross/2/unit16/draw2/stride64/spread/sum/point,1,3,"[3452.4946874227326,3453.621200889433,3452.4623177663716]",3452.4946874227326,"[3452.504818384338,3454.091425746536,3452.4754138891362]",3452.504818384338,"[3.3715768431862623,3.3726769539935875,3.3715452321937223]",3.3715768431862623,1024.0,16.0,2.0,16.0,80.0,64.0
density-crossover-avx512,cross/2/unit16/draw2/stride64/spread/update/packet,1,3,"[3441.5389178928126,3435.1295681063684,3440.3075462743154]",3440.3075462743154,"[3445.4814902696985,3437.408637873533,3440.3153773086647]",3440.3153773086647,"[3.3608778495047,3.354618718853875,3.3596753381585107]",3.3596753381585107,1024.0,16.0,2.0,16.0,80.0,64.0
density-crossover-avx512,cross/2/unit16/draw2/stride64/spread/update/point,1,3,"[5449.818642745787,5458.906396255809,5452.864664586855]",5452.864664586855,"[5449.835413417654,5459.535101395761,5452.8810452469]",5452.8810452469,"[5.322088518306432,5.330963277593564,5.3250631490105995]",5.3250631490105995,1024.0,16.0,2.0,16.0,80.0,64.0
density-crossover-avx512,cross/2/unit16/draw4/stride16/compact/sum/packet,1,3,"[1350.1050879695824,1330.8326200665579,1339.1427484545907]",1339.1427484545907,"[1350.1091773652615,1330.836709464433,1339.3283880166848]",1339.3283880166848,"[1.3184619999702956,1.299641230533748,1.3077565902876862]",1.3077565902876862,1024.0,16.0,4.0,4.0,20.0,16.0
density-crossover-avx512,cross/2/unit16/draw4/stride16/compact/sum/point,1,3,"[4100.9353044498,4111.324648712136,4101.190281030373]",4101.190281030373,"[4101.978044500233,4121.018149886403,4101.8173302168225]",4101.978044500233,"[4.004819633251758,4.014965477257945,4.005068633818723]",4.005068633818723,1024.0,16.0,4.0,4.0,20.0,16.0
density-crossover-avx512,cross/2/unit16/draw4/stride16/compact/sum/window,1,3,"[1460.59639752852,1459.4036024714399,1458.640276468715]",1459.4036024714399,"[1460.60194784764,1459.408000838032,1458.6457220637028]",1459.408000838032,"[1.4263636694614452,1.4251988305385155,1.4244533949889795]",1.4251988305385155,1024.0,16.0,4.0,4.0,20.0,16.0
density-crossover-avx512,cross/2/unit16/draw4/stride16/compact/update/packet,1,3,"[2889.6089666264656,2886.34821069564,2880.561921994364]",2886.34821069564,"[2889.6198230786013,2889.750502612989,2880.5707679962566]",2889.6198230786013,"[2.8218837564711583,2.8186994245074612,2.8130487519476213]",2.8186994245074612,1024.0,16.0,4.0,4.0,20.0,16.0
density-crossover-avx512,cross/2/unit16/draw4/stride16/compact/update/point,1,3,"[6797.607177497499,6794.774490785512,6795.618331717119]",6795.618331717119,"[6797.627061103846,6794.794859357951,6795.6391852578045]",6795.6391852578045,"[6.638288259274901,6.635521963657728,6.636346027067499]",6.636346027067499,1024.0,16.0,4.0,4.0,20.0,16.0
density-crossover-avx512,cross/2/unit16/draw4/stride16/compact/update/window,1,3,"[3227.5052047191,3216.029609067635,3221.7291232939297]",3221.7291232939297,"[3227.896599577947,3216.0416377536476,3221.7388387703036]",3221.7388387703036,"[3.1518605514834963,3.1406539151051125,3.146219846966728]",3.146219846966728,1024.0,16.0,4.0,4.0,20.0,16.0
density-crossover-avx512,cross/2/unit16/draw4/stride16/spread/sum/packet,1,3,"[2084.076636904707,2088.6422619047285,2087.8653273810014]",2087.8653273810014,"[2084.3657738086763,2088.648511900884,2087.871726192112]",2087.871726192112,"[2.035231090727253,2.0396897088913364,2.038930983770509]",2.038930983770509,1024.0,16.0,4.0,16.0,32.0,16.0
density-crossover-avx512,cross/2/unit16/draw4/stride16/spread/sum/point,1,3,"[4093.649517684843,4093.775504238521,4094.099678456667]",4093.775504238521,"[4094.1441099084614,4093.790704470254,4094.1151710003533]",4094.1151710003533,"[3.9977046071141045,3.9978276408579307,3.998144217242839]",3.9978276408579307,1024.0,16.0,4.0,16.0,32.0,16.0
density-crossover-avx512,cross/2/unit16/draw4/stride16/spread/sum/window,1,3,"[1199.4451058762934,1205.5459647928762,1199.486861127646]",1199.486861127646,"[1202.4762309730531,1206.0071434628849,1199.4922187276577]",1202.4762309730531,"[1.1713331112073178,1.1772909812430432,1.1713738878199669]",1.1713738878199669,1024.0,16.0,4.0,16.0,32.0,16.0
density-crossover-avx512,cross/2/unit16/draw4/stride16/spread/update/packet,1,3,"[3805.4383187773,3803.9424126636186,3825.484716157312]",3805.4383187773,"[3805.452510918455,3804.4969978155596,3825.498908298952]",3805.452510918455,"[3.716248358180957,3.714787512366815,3.735824918122375]",3.716248358180957,1024.0,16.0,4.0,16.0,32.0,16.0
density-crossover-avx512,cross/2/unit16/draw4/stride16/spread/update/point,1,3,"[7890.67925591883,7899.806087937023,7887.392897406939]",7890.67925591883,"[7890.7034949322315,7900.788049616224,7887.428410374927]",7890.7034949322315,"[7.705741460858232,7.714654382751,7.702532126373963]",7.705741460858232,1024.0,16.0,4.0,16.0,32.0,16.0
density-crossover-avx512,cross/2/unit16/draw4/stride16/spread/update/window,1,3,"[3436.466716343837,3430.413561848006,3413.4441132637107]",3430.413561848006,"[3436.479632387079,3430.8415300596284,3413.456532538129]",3430.8415300596284,"[3.355924527679529,3.350013243992193,3.3334415168590925]",3.350013243992193,1024.0,16.0,4.0,16.0,32.0,16.0
density-crossover-avx512,cross/2/unit16/draw4/stride17/compact/sum/packet,1,3,"[1333.709787556927,1337.0110963581171,1364.3566009104827]",1337.0110963581171,"[1336.6955614543142,1339.0760622145767,1364.603471168069]",1339.0760622145767,"[1.3024509644110616,1.3056748987872235,1.332379493076643]",1.3056748987872235,1024.0,16.0,4.0,4.0,21.0,17.0
density-crossover-avx512,cross/2/unit16/draw4/stride17/compact/sum/point,1,3,"[4090.2775007332802,4091.2775007334294,4093.788501026882]",4091.2775007334294,"[4090.289527719577,4091.293047814148,4094.7134056940613]",4091.293047814148,"[3.994411621809844,3.9953881843099897,3.9978403330340644]",3.9953881843099897,1024.0,16.0,4.0,4.0,21.0,17.0
density-crossover-avx512,cross/2/unit16/draw4/stride17/compact/sum/window,1,3,"[1562.997339246186,1551.2921286031064,1561.3331485587867]",1561.3331485587867,"[1563.0031042143883,1551.2968957850746,1561.5141906862204]",1561.5141906862204,"[1.5263645891076034,1.5149337193389714,1.52473940288944]",1.52473940288944,1024.0,16.0,4.0,4.0,21.0,17.0
density-crossover-avx512,cross/2/unit16/draw4/stride17/compact/update/packet,1,3,"[2951.5774499473023,2957.4910432033607,2959.87270811375]",2957.4910432033607,"[2951.5886196040483,2957.5001053779984,2959.8836670138994]",2957.5001053779984,"[2.8823998534641624,2.8881748468782815,2.890500691517334]",2.8881748468782815,1024.0,16.0,4.0,4.0,21.0,17.0
density-crossover-avx512,cross/2/unit16/draw4/stride17/compact/update/point,1,3,"[6842.853540252278,6792.2289039765965,6790.598933074947]",6792.2289039765965,"[7125.8583899169125,6792.25897187907,6790.629000971389]",6792.25897187907,"[6.682474160402616,6.633036039039645,6.631444270581002]",6.633036039039645,1024.0,16.0,4.0,4.0,21.0,17.0
density-crossover-avx512,cross/2/unit16/draw4/stride17/compact/update/window,1,3,"[3125.971230802556,3141.3056456846707,3139.070949599799]",3139.070949599799,"[3125.9809647398642,3142.500324462668,3139.0806835390285]",3139.0806835390285,"[3.0527062800806206,3.0676812946139362,3.065498974218553]",3.065498974218553,1024.0,16.0,4.0,4.0,21.0,17.0
density-crossover-avx512,cross/2/unit16/draw4/stride17/spread/sum/packet,1,3,"[2085.159724303294,2079.6441414444103,2078.458945160339]",2079.6441414444103,"[2085.5705723707447,2079.651932873684,2078.466736586286]",2079.651932873684,"[2.036288793264936,2.030902481879307,2.0297450636331438]",2.030902481879307,1024.0,16.0,4.0,16.0,33.0,17.0
density-crossover-avx512,cross/2/unit16/draw4/stride17/spread/sum/point,1,3,"[4095.893641957355,4096.192792265032,4097.150600644634]",4096.192792265032,"[4096.550835047289,4096.210665108778,4097.16612950642]",4096.550835047289,"[3.999896134723979,4.00018827369632,4.001123633442026]",4.00018827369632,1024.0,16.0,4.0,16.0,33.0,17.0
density-crossover-avx512,cross/2/unit16/draw4/stride17/spread/sum/window,1,3,"[1402.2613293051081,1403.9199395770386,1400.7297079556772]",1402.2613293051081,"[1402.7519637461837,1404.080362539946,1400.8848942584248]",1402.7519637461837,"[1.3693958293995196,1.3710155659932017,1.367900105425466]",1.3693958293995196,1024.0,16.0,4.0,16.0,33.0,17.0
density-crossover-avx512,cross/2/unit16/draw4/stride17/spread/update/packet,1,3,"[3820.319102353673,4020.9209085932307,4014.9852216746663]",4014.9852216746663,"[3820.3333333309524,4027.8243021374465,4015.000000003443]",4015.000000003443,"[3.730780373392258,3.9266805747980773,3.920884005541666]",3.920884005541666,1024.0,16.0,4.0,16.0,33.0,17.0
density-crossover-avx512,cross/2/unit16/draw4/stride17/spread/update/point,1,3,"[7889.117315284801,7893.0033840951555,7895.5758601239295]",7893.0033840951555,"[7889.1415679608735,7894.44895656205,7895.605188956079]",7894.44895656205,"[7.704216128207814,7.708011117280425,7.710523300902275]",7.708011117280425,1024.0,16.0,4.0,16.0,33.0,17.0
density-crossover-avx512,cross/2/unit16/draw4/stride17/spread/update/window,1,3,"[3878.0927043335505,3870.5828304990305,3828.978606692131]",3870.5828304990305,"[3878.1042238120403,3873.4168952327605,3828.990126162582]",3873.4168952327605,"[3.787199906575733,3.7798660454092095,3.7392369205977847]",3.7798660454092095,1024.0,16.0,4.0,16.0,33.0,17.0
density-crossover-avx512,cross/2/unit16/draw4/stride64/compact/sum/packet,1,3,"[1360.019058731983,1371.8227343446094,1372.8836056009598]",1371.8227343446094,"[1360.023142745287,1372.2508751446596,1372.8877868544275]",1372.2508751446596,"[1.3281436120429522,1.3396706390084077,1.3407066460946875]",1.3396706390084077,1024.0,16.0,4.0,4.0,68.0,64.0
density-crossover-avx512,cross/2/unit16/draw4/stride64/compact/sum/point,1,3,"[4127.1547303269745,4124.91158267029,4134.537282640692]",4127.1547303269745,"[4127.167108746841,4125.970527555962,4134.549661065009]",4127.167108746841,"[4.030424541334936,4.028233967451455,4.037634065078801]",4.030424541334936,1024.0,16.0,4.0,4.0,68.0,64.0
density-crossover-avx512,cross/2/unit16/draw4/stride64/compact/update/packet,1,3,"[2957.814017310603,2960.913025121369,2960.826683555146]",2960.826683555146,"[2957.8230947856114,2960.9221025948777,2962.7143761915536]",2960.9221025948777,"[2.888490251279886,2.891516626095087,2.8914323081593216]",2.8914323081593216,1024.0,16.0,4.0,4.0,68.0,64.0
density-crossover-avx512,cross/2/unit16/draw4/stride64/compact/update/point,1,3,"[6841.995603321798,6836.666340986563,6836.748900830559]",6836.748900830559,"[6842.021494869944,6836.681485103756,6840.3067904248555]",6840.3067904248555,"[6.681636331368943,6.67643197361969,6.676512598467344]",6.676512598467344,1024.0,16.0,4.0,4.0,68.0,64.0
density-crossover-avx512,cross/2/unit16/draw4/stride64/spread/sum/packet,1,3,"[2086.4313461825495,2080.9451665919796,2083.4775138204172]",2083.4775138204172,"[2086.439264900939,2080.9529359009234,2084.212909008826]",2084.212909008826,"[2.037530611506396,2.03217301424998,2.034646009590251]",2.034646009590251,1024.0,16.0,4.0,16.0,80.0,64.0
density-crossover-avx512,cross/2/unit16/draw4/stride64/spread/sum/point,1,3,"[4101.40533411485,4111.663540445605,4106.367233294258]",4106.367233294258,"[4101.415005857221,4120.37456037548,4107.17116060663]",4107.17116060663,"[4.005278646596533,4.015296426216412,4.010124251263924]",4.010124251263924,1024.0,16.0,4.0,16.0,80.0,64.0
density-crossover-avx512,cross/2/unit16/draw4/stride64/spread/update/packet,1,3,"[4020.6115107913474,4027.45755395687,4016.1456115108463]",4020.6115107913474,"[4020.6238848869566,4034.977841723199,4016.1602877684973]",4020.6238848869566,"[3.9263784285071752,3.9330640175360054,3.9220171987410604]",3.9263784285071752,1024.0,16.0,4.0,16.0,80.0,64.0
density-crossover-avx512,cross/2/unit16/draw4/stride64/spread/update/point,1,3,"[7995.766723842332,7994.108061749581,7988.178959405363]",7994.108061749581,"[7995.796455127931,7994.132075468616,7988.209262440204]",7994.132075468616,"[7.808365941252276,7.806746154052324,7.8009560150442985]",7.806746154052324,1024.0,16.0,4.0,16.0,80.0,64.0
density-crossover-avx512,cross/2/unit16/draw8/stride16/compact/sum/packet,1,3,"[1269.6994638321523,1276.1014956259874,1270.8208070736603]",1270.8208070736603,"[1269.9930392263543,1276.1063869817783,1270.8255102988753]",1270.8255102988753,"[1.2399408826485863,1.246192866822253,1.2410359444078713]",1.2410359444078713,1024.0,16.0,8.0,8.0,24.0,16.0
density-crossover-avx512,cross/2/unit16/draw8/stride16/compact/sum/point,1,3,"[5511.0649606298275,5508.30944881915,5509.812992125806]",5509.812992125806,"[5511.759055112154,5508.329527556073,5523.097637798737]",5511.759055112154,"[5.381899375615065,5.379208446112451,5.380676750122857]",5.380676750122857,1024.0,16.0,8.0,8.0,24.0,16.0
density-crossover-avx512,cross/2/unit16/draw8/stride16/compact/sum/window,1,3,"[1360.3557292697217,1362.351573322758,1360.0738175340834]",1360.3557292697217,"[1360.6181476354054,1362.6743518704964,1360.078864041175]",1360.6181476354054,"[1.3284723918649626,1.3304214583230058,1.3281970874356281]",1.3284723918649626,1024.0,16.0,8.0,8.0,24.0,16.0
density-crossover-avx512,cross/2/unit16/draw8/stride16/compact/update/packet,1,3,"[2881.649516361304,2882.849557522256,2882.036427248343]",2882.036427248343,"[2886.824037867468,2883.4363037655335,2882.0473348432174]",2883.4363037655335,"[2.8141108558215864,2.8152827710178285,2.8144886984847095]",2.8144886984847095,1024.0,16.0,8.0,8.0,24.0,16.0
density-crossover-avx512,cross/2/unit16/draw8/stride16/compact/update/point,1,3,"[10414.698660714195,10423.113839285366,10407.177083333421]",10414.698660714195,"[10423.443452367565,10424.80505951206,10407.21577380158]",10423.443452367565,"[10.170604160853706,10.178822108677114,10.163258870442796]",10.170604160853706,1024.0,16.0,8.0,8.0,24.0,16.0
density-crossover-avx512,cross/2/unit16/draw8/stride16/compact/update/window,1,3,"[3080.037304996488,3082.84557992303,3085.0248699978297]",3082.84557992303,"[3080.046800816199,3083.238978068099,3085.0343658091065]",3083.238978068099,"[3.0078489306606326,3.010591386643584,3.0127195996072555]",3.010591386643584,1024.0,16.0,8.0,8.0,24.0,16.0
density-crossover-avx512,cross/2/unit16/draw8/stride16/spread/sum/packet,1,3,"[1294.9508627156263,1296.278600900257,1299.056170292632]",1296.278600900257,"[1294.9547074284549,1296.2834771195487,1299.2392160536428]",1296.2834771195487,"[1.2646004518707288,1.2658970711916573,1.2686095413013982]",1.2658970711916573,1024.0,16.0,8.0,16.0,32.0,16.0
density-crossover-avx512,cross/2/unit16/draw8/stride16/spread/sum/point,1,3,"[5498.582383012123,5496.443570585965,5498.78293354317]",5498.582383012123,"[5498.598898941656,5502.924891859499,5499.550924110716]",5499.550924110716,"[5.369709358410276,5.3676206744003565,5.369905208538252]",5.369709358410276,1024.0,16.0,8.0,16.0,32.0,16.0
density-crossover-avx512,cross/2/unit16/draw8/stride16/spread/sum/window,1,3,"[1145.9041365725516,1145.8507058437526,1146.3908404464426]",1145.9041365725516,"[1145.9067629676767,1145.8542350625462,1146.3942055156638]",1145.9067629676767,"[1.1190470083716324,1.1189948299255397,1.119522305123479]",1.1190470083716324,1024.0,16.0,8.0,16.0,32.0,16.0
density-crossover-avx512,cross/2/unit16/draw8/stride16/spread/update/packet,1,3,"[2570.5738156443867,2567.2355857511147,2582.443261109076]",2570.5738156443867,"[2570.5817113481453,2567.243481452427,2586.7146529528827]",2570.5817113481453,"[2.5103259918402214,2.5070660017100734,2.521917247176832]",2.5103259918402214,1024.0,16.0,8.0,16.0,32.0,16.0
density-crossover-avx512,cross/2/unit16/draw8/stride16/spread/update/point,1,3,"[13096.277726001827,13066.584342963542,13059.837837838253]",13066.584342963542,"[13242.365330827031,13069.91332711743,13059.87604846997]",13069.91332711743,"[12.789333716798659,12.760336272425334,12.753747888513917]",12.760336272425334,1024.0,16.0,8.0,16.0,32.0,16.0
density-crossover-avx512,cross/2/unit16/draw8/stride16/spread/update/window,1,3,"[2393.8082499137327,2389.303589920727,2395.120124266525]",2393.8082499137327,"[2394.7455988974207,2389.3106662039063,2395.1272005509304]",2394.7455988974207,"[2.3377033690563795,2.33330428703196,2.338984496354028]",2.3377033690563795,1024.0,16.0,8.0,16.0,32.0,16.0
density-crossover-avx512,cross/2/unit16/draw8/stride17/compact/sum/packet,1,3,"[1267.1347543353024,1269.7132406069427,1267.3658778901668]",1267.3658778901668,"[1269.7938041899633,1269.9310874280484,1267.3704841045812]",1269.7938041899633,"[1.237436283530569,1.2399543365302175,1.237661990127116]",1.237661990127116,1024.0,16.0,8.0,8.0,25.0,17.0
density-crossover-avx512,cross/2/unit16/draw8/stride17/compact/sum/point,1,3,"[5496.134040880434,5502.474842767129,5503.237028301941]",5502.474842767129,"[5497.4477201261825,5503.398584905466,5503.2574685485715]",5503.2574685485715,"[5.367318399297299,5.373510588639775,5.374254910451114]",5.373510588639775,1024.0,16.0,8.0,8.0,25.0,17.0
density-crossover-avx512,cross/2/unit16/draw8/stride17/compact/sum/window,1,3,"[1413.401315789503,1411.1239878542767,1409.5613360323014]",1411.1239878542767,"[1413.407489878993,1411.3215587059933,1409.5653846172504]",1411.3215587059933,"[1.3802747224506866,1.378050769388942,1.3765247422190443]",1.378050769388942,1024.0,16.0,8.0,8.0,25.0,17.0
density-crossover-avx512,cross/2/unit16/draw8/stride17/compact/update/packet,1,3,"[2760.762477806402,2766.325902544857,2766.7084237523063]",2766.325902544857,"[2760.7725389646826,2766.335963701736,2767.048135726427]",2766.335963701736,"[2.6960571072328143,2.7014901392039614,2.7018636950706116]",2.7014901392039614,1024.0,16.0,8.0,8.0,25.0,17.0
density-crossover-avx512,cross/2/unit16/draw8/stride17/compact/update/point,1,3,"[10457.733383121658,10413.90216579569,10413.058999252713]",10413.90216579569,"[10457.77968634082,10413.94772217288,10414.254667677325]",10414.254667677325,"[10.212630256954743,10.169826333784851,10.169002928957728]",10.169826333784851,1024.0,16.0,8.0,8.0,25.0,17.0
density-crossover-avx512,cross/2/unit16/draw8/stride17/compact/update/window,1,3,"[2802.876866434892,2776.0881570872275,2766.391082021025]",2776.0881570872275,"[2802.885048068531,2776.0985886662843,2766.3990591149313]",2776.0985886662843,"[2.737184439877824,2.711023590905496,2.701553791036157]",2.711023590905496,1024.0,16.0,8.0,8.0,25.0,17.0
density-crossover-avx512,cross/2/unit16/draw8/stride17/spread/sum/packet,1,3,"[1246.1677935943433,1240.9746441281757,1242.2095195729385]",1242.2095195729385,"[1246.1713523141311,1240.9792704629199,1242.2131672588087]",1242.2131672588087,"[1.216960735931976,1.2118893009064216,1.2130952339579477]",1.2130952339579477,1024.0,16.0,8.0,16.0,33.0,17.0
density-crossover-avx512,cross/2/unit16/draw8/stride17/spread/sum/point,1,3,"[5501.707269155604,5496.563850687521,5508.3324165029]",5501.707269155604,"[5502.395677799032,5496.579960698728,5520.706090380081]",5502.395677799032,"[5.37276100503477,5.367738135437032,5.379230875491113]",5.37276100503477,1024.0,16.0,8.0,16.0,33.0,17.0
density-crossover-avx512,cross/2/unit16/draw8/stride17/spread/sum/window,1,3,"[1618.510846988307,1614.232056312073,1614.40756981308]",1614.40756981308,"[1618.7984075705203,1614.2369028415897,1614.4123009439709]",1614.4123009439709,"[1.5805769990120184,1.576398492492259,1.576569892395586]",1.576569892395586,1024.0,16.0,8.0,16.0,33.0,17.0
density-crossover-avx512,cross/2/unit16/draw8/stride17/spread/update/packet,1,3,"[2594.425128771148,2589.8760117734064,2615.3522810892873]",2594.425128771148,"[2594.7623252412236,2593.2461368661443,2615.36019131511]",2594.7623252412236,"[2.5336182898155744,2.529175792747467,2.5540549620012576]",2.5336182898155744,1024.0,16.0,8.0,16.0,33.0,17.0
density-crossover-avx512,cross/2/unit16/draw8/stride17/spread/update/point,1,3,"[13084.658878504475,13096.968224299677,13085.163551401924]",13085.163551401924,"[13084.698130842511,13098.846728971948,13085.212149543426]",13085.212149543426,"[12.777987186039526,12.790008031542653,12.778480030665941]",12.778480030665941,1024.0,16.0,8.0,16.0,33.0,17.0
density-crossover-avx512,cross/2/unit16/draw8/stride17/spread/update/window,1,3,"[2801.970017989197,2812.76733959628,2796.6390165899297]",2801.970017989197,"[2801.978013189896,2813.1433140100735,2796.6514091568365]",2801.978013189896,"[2.7362988456925748,2.7468431050744924,2.7310927896386032]",2.7362988456925748,1024.0,16.0,8.0,16.0,33.0,17.0
density-crossover-avx512,cross/2/unit16/draw8/stride64/compact/sum/packet,1,3,"[1282.7425751707754,1281.3877513375023,1282.1135399373143]",1282.1135399373143,"[1285.3326876971264,1281.6561519995457,1282.3230031361138]",1282.3230031361138,"[1.2526782960652103,1.2513552259155298,1.2520640038450335]",1.2520640038450335,1024.0,16.0,8.0,8.0,72.0,64.0
density-crossover-avx512,cross/2/unit16/draw8/stride64/compact/sum/point,1,3,"[5566.609455700712,5565.882002384481,5555.933651171781]",5565.882002384481,"[5566.625744935274,5567.3210170829025,5556.927294399604]",5566.625744935274,"[5.436142046582726,5.435431642953594,5.425716456222443]",5.435431642953594,1024.0,16.0,8.0,8.0,72.0,64.0
density-crossover-avx512,cross/2/unit16/draw8/stride64/compact/update/packet,1,3,"[2852.177320847097,2854.856677524629,2852.6944218240455]",2852.6944218240455,"[2855.703786646168,2854.8670602576663,2853.2748371370344]",2854.8670602576663,"[2.785329414889743,2.7879459741451456,2.7858343963125445]",2.7858343963125445,1024.0,16.0,8.0,8.0,72.0,64.0
density-crossover-avx512,cross/2/unit16/draw8/stride64/compact/update/point,1,3,"[10475.263315829918,10485.157539384909,10479.704426107148]",10479.704426107148,"[10475.28582145019,10485.189047257822,10479.734433592852]",10479.734433592852,"[10.229749331865154,10.239411659555575,10.234086353620262]",10.234086353620262,1024.0,16.0,8.0,8.0,72.0,64.0
density-crossover-avx512,cross/2/unit16/draw8/stride64/spread/sum/packet,1,3,"[1261.243553786361,1258.4652130644838,1259.1789559396345]",1259.1789559396345,"[1261.2464489289946,1258.4679272586638,1259.182755812322]",1259.182755812322,"[1.2316831579944931,1.228969934633285,1.2296669491597993]",1.2296669491597993,1024.0,16.0,8.0,16.0,80.0,64.0
density-crossover-avx512,cross/2/unit16/draw8/stride64/spread/sum/point,1,3,"[5532.911718131455,5529.709026128414,5539.958828186279]",5532.911718131455,"[5533.7553444105215,5529.721694384582,5539.978622328851]",5533.7553444105215,"[5.403234099737749,5.400106470828529,5.410116043150663]",5.403234099737749,1024.0,16.0,8.0,16.0,80.0,64.0
density-crossover-avx512,cross/2/unit16/draw8/stride64/spread/update/packet,1,3,"[2685.8242493785497,2679.2763434692633,2690.775482883974]",2685.8242493785497,"[2686.2336966898197,2679.2860967696597,2694.028877414272]",2686.2336966898197,"[2.62287524353374,2.616480804169202,2.6277104325038803]",2.62287524353374,1024.0,16.0,8.0,16.0,80.0,64.0
density-crossover-avx512,cross/2/unit16/draw8/stride64/spread/update/point,1,3,"[13169.779342723106,13164.624413146114,13163.517370891064]",13164.624413146114,"[13172.081690127956,13164.663849765759,13163.565258198954]",13164.663849765759,"[12.861112639378034,12.856078528463003,12.854997432510805]",12.856078528463003,1024.0,16.0,8.0,16.0,80.0,64.0
density-crossover-avx512,cross/2/unit24/draw2/stride24/compact/sum/packet,1,3,"[1273.3942316439984,1272.992903284519,1272.7873714857387]",1272.992903284519,"[1275.5059594230631,1273.136839230769,1272.9284869453347]",1273.136839230769,"[1.2435490543398422,1.243157132113788,1.2429564174665417]",1.243157132113788,1024.0,24.0,2.0,2.0,26.0,24.0
density-crossover-avx512,cross/2/unit24/draw2/stride24/compact/sum/point,1,3,"[3453.590471488478,3454.7854850655867,3453.7854850657222]",3453.7854850657222,"[3453.5981239236794,3455.205381386268,3453.7958528791896]",3453.7958528791896,"[3.3726469448129675,3.3738139502593616,3.372837387759495]",3.372837387759495,1024.0,24.0,2.0,2.0,26.0,24.0
density-crossover-avx512,cross/2/unit24/draw2/stride24/compact/sum/window,1,3,"[1400.5400120337965,1401.723425591701,1401.7373646208894]",1401.723425591701,"[1400.5452266351106,1401.7284396307134,1401.9080425176282]",1401.7284396307134,"[1.3677148555017544,1.3688705328043955,1.3688841451375873]",1.3688705328043955,1024.0,24.0,2.0,2.0,26.0,24.0
density-crossover-avx512,cross/2/unit24/draw2/stride24/compact/update/packet,1,3,"[2676.752601155813,2651.4826589593354,2662.0260115607603]",2662.0260115607603,"[2681.9358381483257,2655.2188824654654,2663.141811172918]",2663.141811172918,"[2.6140162120662236,2.589338534139976,2.5996347769148045]",2.5996347769148045,1024.0,24.0,2.0,2.0,26.0,24.0
density-crossover-avx512,cross/2/unit24/draw2/stride24/compact/update/point,1,3,"[4858.49442896948,4857.6967270197965,4858.511490250373]",4858.49442896948,"[4858.504874647847,4857.714832867785,4859.180710310118]",4858.504874647847,"[4.744623465790508,4.74384445998027,4.74464012719763]",4.744623465790508,1024.0,24.0,2.0,2.0,26.0,24.0
density-crossover-avx512,cross/2/unit24/draw2/stride24/compact/update/window,1,3,"[2585.60110856276,2599.2765672782566,2758.9535550459195]",2599.2765672782566,"[2585.6106651371165,2599.2842125364514,2758.96177369696]",2599.2842125364514,"[2.5250010825808205,2.5383560227326725,2.694290581099531]",2.5383560227326725,1024.0,24.0,2.0,2.0,26.0,24.0
density-crossover-avx512,cross/2/unit24/draw2/stride24/spread/sum/packet,1,3,"[1678.4818473990415,1659.6315914772865,1659.5268420426976]",1659.6315914772865,"[1678.4867277693495,1659.6364718486518,1659.5306511123044]",1659.6364718486518,"[1.6391424291006265,1.6207339760520378,1.6206316816823219]",1.6207339760520378,1024.0,24.0,2.0,24.0,48.0,24.0
density-crossover-avx512,cross/2/unit24/draw2/stride24/spread/sum/point,1,3,"[3457.2104223264505,3458.0800197579165,3456.694245492511]",3457.2104223264505,"[3457.6184243000307,3458.092368490529,3456.7046184271508]",3457.6184243000307,"[3.3761820530531743,3.3770312692948403,3.37567797411378]",3.3761820530531743,1024.0,24.0,2.0,24.0,48.0,24.0
density-crossover-avx512,cross/2/unit24/draw2/stride24/spread/sum/window,1,3,"[1213.4312629043206,1208.5164315209697,1205.6156228491664]",1208.5164315209697,"[1215.0513592585548,1208.5209050241313,1205.619064005374]",1208.5209050241313,"[1.1849914676800006,1.180191827657197,1.177359006688639]",1.180191827657197,1024.0,24.0,2.0,24.0,48.0,24.0
density-crossover-avx512,cross/2/unit24/draw2/stride24/spread/update/packet,1,3,"[3386.8045075940468,3389.401028907428,3390.2217050465924]",3389.401028907428,"[3387.270210676655,3389.411073001244,3390.23174914389]",3389.411073001244,"[3.3074262769473117,3.3099619422924103,3.3107633838345625]",3.3099619422924103,1024.0,24.0,2.0,24.0,48.0,24.0
density-crossover-avx512,cross/2/unit24/draw2/stride24/spread/update/point,1,3,"[5428.858527131988,5434.986434108325,5426.781395349307]",5428.858527131988,"[5438.1771317802895,5437.483333331107,5426.796899221051]",5437.483333331107,"[5.301619655402332,5.307603939558911,5.2995912063958075]",5.301619655402332,1024.0,24.0,2.0,24.0,48.0,24.0
density-crossover-avx512,cross/2/unit24/draw2/stride24/spread/update/window,1,3,"[2868.269389357923,2858.820930689018,2858.0808953465466]",2858.820930689018,"[2868.2778323167586,2859.227959948193,2858.089338309218]",2859.227959948193,"[2.8010443255448467,2.791817315125994,2.791094624361862]",2.791817315125994,1024.0,24.0,2.0,24.0,48.0,24.0
density-crossover-avx512,cross/2/unit24/draw2/stride25/compact/sum/packet,1,3,"[1276.7207613092605,1286.5663847003264,1279.9158698051308]",1279.9158698051308,"[1276.7254505352614,1290.257171754507,1279.9196395717797]",1279.9196395717797,"[1.2467976184660747,1.2564124850589125,1.249917841606573]",1.249917841606573,1024.0,24.0,2.0,2.0,27.0,25.0
density-crossover-avx512,cross/2/unit24/draw2/stride25/compact/sum/point,1,3,"[3454.2629629629187,3466.0432098766173,3452.5965432096746]",3454.2629629629187,"[3454.2733333337087,3467.2362962920142,3452.6088888910244]",3454.2733333337087,"[3.373303674768475,3.384807822145134,3.371676311728198]",3.373303674768475,1024.0,24.0,2.0,2.0,27.0,25.0
density-crossover-avx512,cross/2/unit24/draw2/stride25/compact/sum/window,1,3,"[1503.525528733156,1502.774513992812,1500.9406109806903]",1502.774513992812,"[1507.5461439880658,1502.780068361996,1501.5623798333352]",1502.780068361996,"[1.468286649153473,1.4675532363211055,1.4657623154108304]",1.4675532363211055,1024.0,24.0,2.0,2.0,27.0,25.0
density-crossover-avx512,cross/2/unit24/draw2/stride25/compact/update/packet,1,3,"[2653.450991832219,2666.091987553595,2657.1520809020803]",2657.1520809020803,"[2653.460910153105,2676.9731621921287,2658.900233373904]",2658.900233373904,"[2.5912607342111516,2.6036054565953077,2.5948750790059383]",2.5948750790059383,1024.0,24.0,2.0,2.0,27.0,25.0
density-crossover-avx512,cross/2/unit24/draw2/stride25/compact/update/point,1,3,"[4859.744525546968,4860.805005213973,4860.526590198141]",4860.526590198141,"[4860.88842544349,4860.815780334622,4861.218978103928]",4860.88842544349,"[4.745844263229461,4.746879887904272,4.746607998240372]",4.746607998240372,1024.0,24.0,2.0,2.0,27.0,25.0
density-crossover-avx512,cross/2/unit24/draw2/stride25/compact/update/window,1,3,"[2680.2419262373346,2670.5283776034457,2638.433976686227]",2670.5283776034457,"[2684.3888782710715,2671.9847123987774,2638.443722532415]",2671.9847123987774,"[2.6174237560911466,2.607937868753365,2.5765956803576437]",2.607937868753365,1024.0,24.0,2.0,2.0,27.0,25.0
density-crossover-avx512,cross/2/unit24/draw2/stride25/spread/sum/packet,1,3,"[1658.9945491173012,1664.227515108314,1658.9507050598993]",1658.9945491173012,"[1659.392819053982,1664.234743452871,1658.956866926666]",1659.392819053982,"[1.6201118643723644,1.6252221827229627,1.6200690479100577]",1.6201118643723644,1024.0,24.0,2.0,24.0,49.0,25.0
density-crossover-avx512,cross/2/unit24/draw2/stride25/spread/sum/point,1,3,"[3459.0652012845712,3457.526549765158,3457.3613237833633]",3457.526549765158,"[3459.5102494406337,3457.5366757212673,3457.3714497460537]",3457.5366757212673,"[3.377993360629464,3.376490771255037,3.3763294177571908]",3.376490771255037,1024.0,24.0,2.0,24.0,49.0,25.0
density-crossover-avx512,cross/2/unit24/draw2/stride25/spread/sum/window,1,3,"[1526.259887005698,1508.8912429378788,1506.8715775750218]",1508.8912429378788,"[1526.4642546697326,1508.8956975210874,1506.8771186455458]",1508.8956975210874,"[1.4904881709040017,1.4735266044315223,1.4715542749756074]",1.4735266044315223,1024.0,24.0,2.0,24.0,49.0,25.0
density-crossover-avx512,cross/2/unit24/draw2/stride25/spread/update/packet,1,3,"[3427.3813017748766,3420.2284023667385,3419.3126627220986]",3420.2284023667385,"[3427.391242609147,3420.6648520725157,3423.078816570002]",3423.078816570002,"[3.347052052514528,3.3400667991862676,3.3391725221895494]",3.3400667991862676,1024.0,24.0,2.0,24.0,49.0,25.0
density-crossover-avx512,cross/2/unit24/draw2/stride25/spread/update/point,1,3,"[5441.732634847419,5432.842840512182,5434.285991463056]",5434.285991463056,"[5452.9596429920275,5433.4408226590585,5434.895615053745]",5434.895615053745,"[5.314192026218182,5.305510586437678,5.306919913538141]",5.306919913538141,1024.0,24.0,2.0,24.0,49.0,25.0
density-crossover-avx512,cross/2/unit24/draw2/stride25/spread/update/window,1,3,"[3293.293799905943,3290.137388445156,3287.735086895361]",3290.137388445156,"[3293.6864725213104,3290.5767966159838,3287.7470643493043]",3290.5767966159838,"[3.2161072264706476,3.213024793403473,3.210678795796251]",3.213024793403473,1024.0,24.0,2.0,24.0,49.0,25.0
density-crossover-avx512,cross/2/unit24/draw2/stride64/compact/sum/packet,1,3,"[1371.03247261342,1372.7244718309064,1371.4041471048126]",1371.4041471048126,"[1371.0364827865906,1373.017116589967,1371.408157275377]",1371.408157275377,"[1.338898899036543,1.3405512420223697,1.3392618624070436]",1.3392618624070436,1024.0,24.0,2.0,2.0,66.0,64.0
density-crossover-avx512,cross/2/unit24/draw2/stride64/compact/sum/point,1,3,"[3462.593919921063,3473.412259021319,3462.3937221945935]",3462.593919921063,"[3470.2933761706486,3473.4221453304795,3463.6868512142864]",3470.2933761706486,"[3.3814393749229126,3.392004159200507,3.381243869330658]",3.3814393749229126,1024.0,24.0,2.0,2.0,66.0,64.0
density-crossover-avx512,cross/2/unit24/draw2/stride64/compact/update/packet,1,3,"[2679.5592699327226,2653.3170028817317,2657.303554274796]",2657.303554274796,"[2683.2826128751713,2653.3268011507057,2657.8416906849866]",2657.8416906849866,"[2.6167570995436744,2.591129885626691,2.5950230022214806]",2.5950230022214806,1024.0,24.0,2.0,2.0,66.0,64.0
density-crossover-avx512,cross/2/unit24/draw2/stride64/compact/update/point,1,3,"[4918.596910112297,4925.015800562051,4934.127808988869]",4925.015800562051,"[5003.833216291521,4929.500351115056,5037.0287921377085]",5003.833216291521,"[4.80331729503154,4.8095857427363775,4.818484188465693]",4.8095857427363775,1024.0,24.0,2.0,2.0,66.0,64.0
density-crossover-avx512,cross/2/unit24/draw2/stride64/spread/sum/packet,1,3,"[1700.2451847365865,1684.098849182295,1685.3089036945555]",1685.3089036945555,"[1731.701635371968,1684.1050272571313,1685.3138703822535]",1685.3138703822535,"[1.6603956882193227,1.644627782404585,1.6458094762642144]",1.6458094762642144,1024.0,24.0,2.0,24.0,88.0,64.0
density-crossover-avx512,cross/2/unit24/draw2/stride64/spread/sum/point,1,3,"[3458.374783683619,3460.236093943063,3457.7690976514295]",3458.374783683619,"[3458.3873918450786,3460.246477127775,3457.776514214384]",3458.3873918450786,"[3.377319124691035,3.3791368104912727,3.3767276344252237]",3.377319124691035,1024.0,24.0,2.0,24.0,88.0,64.0
density-crossover-avx512,cross/2/unit24/draw2/stride64/spread/update/packet,1,3,"[3421.5723347154653,3420.969992681255,3432.626250305275]",3421.5723347154653,"[3422.1119785297437,3420.979995115635,3438.742864109543]",3422.1119785297437,"[3.3413792331205716,3.3407910084777876,3.3521740725637446]",3.3413792331205716,1024.0,24.0,2.0,24.0,88.0,64.0
density-crossover-avx512,cross/2/unit24/draw2/stride64/spread/update/point,1,3,"[5465.612563402446,5462.288333983206,5456.689816620492]",5462.288333983206,"[5466.725321895416,5463.736636751942,5469.468201324875]",5466.725321895416,"[5.337512268947701,5.334265951155475,5.328798649043449]",5.334265951155475,1024.0,24.0,2.0,24.0,88.0,64.0
density-crossover-avx512,cross/2/unit24/draw4/stride24/compact/sum/packet,1,3,"[1308.126327662352,1293.6906664160608,1310.6020302659529]",1308.126327662352,"[1308.4938434058324,1293.6954600982376,1310.6069179431026]",1308.4938434058324,"[1.2774671168577658,1.2633697914219344,1.2798847951815946]",1.2774671168577658,1024.0,24.0,4.0,4.0,28.0,24.0
density-crossover-avx512,cross/2/unit24/draw4/stride24/compact/sum/point,1,3,"[4097.2625109744085,4097.288557213876,4096.135498975904]",4097.2625109744085,"[4097.889083991532,4097.303482591364,4096.1507170046725]",4097.303482591364,"[4.001232920873445,4.001258356654175,4.000132323218656]",4.001232920873445,1024.0,24.0,4.0,4.0,28.0,24.0
density-crossover-avx512,cross/2/unit24/draw4/stride24/compact/sum/window,1,3,"[1509.2673854446803,1510.7747708894658,1507.7374663072233]",1509.2673854446803,"[1509.271913748474,1510.9807008066814,1507.7419946108255]",1509.271913748474,"[1.4738939310983208,1.475365987196744,1.4723998694406477]",1.4738939310983208,1024.0,24.0,4.0,4.0,28.0,24.0
density-crossover-avx512,cross/2/unit24/draw4/stride24/compact/update/packet,1,3,"[2746.5986287952164,2754.1635651320794,2776.610381978482]",2754.1635651320794,"[2746.608619005899,2758.7986287941612,2776.618413319576]",2758.7986287941612,"[2.6822252234328285,2.6896128565742963,2.711533576150861]",2.6896128565742963,1024.0,24.0,4.0,4.0,28.0,24.0
density-crossover-avx512,cross/2/unit24/draw4/stride24/compact/update/point,1,3,"[6798.318777292233,6796.3003396408085,6793.83600194103]",6796.3003396408085,"[6821.240659880805,6797.635128578336,6795.61232411777]",6797.635128578336,"[6.638983180949447,6.637012050430477,6.634605470645536]",6.637012050430477,1024.0,24.0,4.0,4.0,28.0,24.0
density-crossover-avx512,cross/2/unit24/draw4/stride24/compact/update/window,1,3,"[2878.658791553228,2875.817687643935,2845.361697679417]",2875.817687643935,"[2879.1482333284175,2875.8260505948924,2845.8070248840827]",2875.8260505948924,"[2.8111902261261994,2.8084157105897805,2.7786735328900556]",2.8084157105897805,1024.0,24.0,4.0,4.0,28.0,24.0
density-crossover-avx512,cross/2/unit24/draw4/stride24/spread/sum/packet,1,3,"[2082.524973908014,2083.960787237253,2085.556284479057]",2083.960787237253,"[2082.5312360240655,2084.6469360349897,2085.818696885061]",2084.6469360349897,"[2.033715794832045,2.03511795628638,2.036676059061579]",2.03511795628638,1024.0,24.0,4.0,24.0,48.0,24.0
density-crossover-avx512,cross/2/unit24/draw4/stride24/spread/sum/point,1,3,"[4096.516081871541,4095.6739766083074,4095.8701754383296]",4095.8701754383296,"[4096.528070171952,4095.686257308481,4102.323684213915]",4096.528070171952,"[4.000503986202677,3.99968161778155,3.9998732182014933]",3.9998732182014933,1024.0,24.0,4.0,24.0,48.0,24.0
density-crossover-avx512,cross/2/unit24/draw4/stride24/spread/sum/window,1,3,"[1222.4731904638604,1205.5792236853115,1205.6361132626955]",1205.6361132626955,"[1222.4767191649985,1205.5828384555937,1205.6396419656683]",1205.6396419656683,"[1.1938214750623637,1.177323460630187,1.177379016858101]",1.177379016858101,1024.0,24.0,4.0,24.0,48.0,24.0
density-crossover-avx512,cross/2/unit24/draw4/stride24/spread/update/packet,1,3,"[3809.1838638859426,3831.8070801317776,3814.2823819980954]",3814.2823819980954,"[3809.1948408367216,3833.3608671773836,3814.2936333691946]",3814.2936333691946,"[3.719906117076116,3.741999101691189,3.724885138670015]",3.724885138670015,1024.0,24.0,4.0,24.0,48.0,24.0
density-crossover-avx512,cross/2/unit24/draw4/stride24/spread/update/point,1,3,"[7893.92836999465,7897.397067117628,7895.705583756404]",7895.705583756404,"[7893.9514946520685,7897.4207557798645,7895.728708406809]",7895.728708406809,"[7.7089144238229,7.712301823357058,7.710649984137114]",7.710649984137114,1024.0,24.0,4.0,24.0,48.0,24.0
density-crossover-avx512,cross/2/unit24/draw4/stride24/spread/update/window,1,3,"[3333.489635454065,3325.0810102452406,3325.5337145580565]",3325.5337145580565,"[3333.8877769794262,3325.091017392762,3330.3707410040774]",3330.3707410040774,"[3.2553609721231105,3.247149424067618,3.247591518123102]",3.247591518123102,1024.0,24.0,4.0,24.0,48.0,24.0
density-crossover-avx512,cross/2/unit24/draw4/stride25/compact/sum/packet,1,3,"[1290.2646511628686,1305.784744185998,1312.9790697674512]",1305.784744185998,"[1290.5532093031452,1307.0907906969592,1312.9840000004172]",1307.0907906969592,"[1.2600240734012391,1.2751804142441387,1.2822061228197765]",1.2751804142441387,1024.0,24.0,4.0,4.0,29.0,25.0
density-crossover-avx512,cross/2/unit24/draw4/stride25/compact/sum/point,1,3,"[4094.150584795091,4092.683040935557,4091.861111111031]",4092.683040935557,"[4094.7008771910178,4092.694736847632,4091.873391811724]",4092.694736847632,"[3.998193930463956,3.9967607821636304,3.995958116319366]",3.9967607821636304,1024.0,24.0,4.0,4.0,29.0,25.0
density-crossover-avx512,cross/2/unit24/draw4/stride25/compact/sum/window,1,3,"[1626.8732509328115,1626.0851212686687,1624.3837453359095]",1626.0851212686687,"[1626.8781483202406,1626.290345147604,1624.388642723546]",1626.290345147604,"[1.5887434091140737,1.587973751238934,1.586312251304599]",1.587973751238934,1024.0,24.0,4.0,4.0,29.0,25.0
density-crossover-avx512,cross/2/unit24/draw4/stride25/compact/update/packet,1,3,"[2817.9774496109612,2782.746956695375,2898.9515066853323]",2817.9774496109612,"[2823.7713031304897,2783.369786467876,2899.572739971746]",2823.7713031304897,"[2.7519311031357043,2.717526324897827,2.8310073307473944]",2.7519311031357043,1024.0,24.0,4.0,4.0,29.0,25.0
density-crossover-avx512,cross/2/unit24/draw4/stride25/compact/update/point,1,3,"[6793.488124091757,6795.164808531992,6794.157052835682]",6794.157052835682,"[6794.661657777776,6796.338826942999,6802.402326708084]",6796.338826942999,"[6.634265746183357,6.635903133332023,6.634918996909846]",6.634918996909846,1024.0,24.0,4.0,4.0,29.0,25.0
density-crossover-avx512,cross/2/unit24/draw4/stride25/compact/update/window,1,3,"[3122.016835016692,3094.627609427672,3088.1043771045893]",3094.627609427672,"[3122.0285072983893,3094.634343438153,3088.5937149262804]",3094.634343438153,"[3.0488445654459886,3.0220972748317108,3.015726930766201]",3.0220972748317108,1024.0,24.0,4.0,4.0,29.0,25.0
density-crossover-avx512,cross/2/unit24/draw4/stride25/spread/sum/packet,1,3,"[2088.636567164145,2089.7859701491407,2085.464925373154]",2088.636567164145,"[2088.6441791050734,2089.7905970112183,2085.744328355894]",2088.6441791050734,"[2.0396841476212355,2.04080661147377,2.0365868411847208]",2.0396841476212355,1024.0,24.0,4.0,24.0,49.0,25.0
density-crossover-avx512,cross/2/unit24/draw4/stride25/spread/sum/point,1,3,"[4102.525622254364,4106.004685212113,4100.519765738957]",4102.525622254364,"[4102.537920939746,4116.361932653263,4101.170424597195]",4102.537920939746,"[4.006372677982777,4.009770200402454,4.00441383372945]",4.006372677982777,1024.0,24.0,4.0,24.0,49.0,25.0
density-crossover-avx512,cross/2/unit24/draw4/stride25/spread/sum/window,1,3,"[1644.8780922929577,1646.4159134157535,1649.013558515727]",1646.4159134157535,"[1644.8829686012164,1646.419600382544,1649.0183158911066]",1646.419600382544,"[1.6063262620048415,1.6078280404450718,1.6103648032380145]",1.6078280404450718,1024.0,24.0,4.0,24.0,49.0,25.0
density-crossover-avx512,cross/2/unit24/draw4/stride25/spread/update/packet,1,3,"[3829.5454793770364,3829.9549303466297,3829.5236274241506]",3829.5454793770364,"[3829.5564053486264,3833.574706368605,3837.1393062065845]",3833.574706368605,"[3.7397905072041366,3.7401903616666305,3.739769167406397]",3.7397905072041366,1024.0,24.0,4.0,24.0,49.0,25.0
density-crossover-avx512,cross/2/unit24/draw4/stride25/spread/update/point,1,3,"[7897.806324110479,7915.700734048492,7899.816487859593]",7899.816487859593,"[7897.829474883703,7915.723884807675,7899.840203269554]",7899.840203269554,"[7.71270148838914,7.730176498094232,7.714664538925383]",7.714664538925383,1024.0,24.0,4.0,24.0,49.0,25.0
density-crossover-avx512,cross/2/unit24/draw4/stride25/spread/update/window,1,3,"[3918.723972988253,3890.83708497504,3915.223972988057]",3915.223972988057,"[3919.2447945988156,3890.851434999867,3915.2383230108844]",3915.2383230108844,"[3.826878879871341,3.799645590795938,3.8234609111211495]",3.8234609111211495,1024.0,24.0,4.0,24.0,49.0,25.0
density-crossover-avx512,cross/2/unit24/draw4/stride64/compact/sum/packet,1,3,"[1367.6984866123978,1361.4944703144192,1377.3211098176994]",1367.6984866123978,"[1367.8799961185684,1361.4985448186164,1377.3260574321298]",1367.8799961185684,"[1.3356430533324197,1.3295844436664253,1.345040146306347]",1.3356430533324197,1024.0,24.0,4.0,4.0,68.0,64.0
density-crossover-avx512,cross/2/unit24/draw4/stride64/compact/sum/point,1,3,"[4123.86216056665,4118.735242030603,4123.832939787633]",4123.832939787633,"[4124.429161748587,4118.750590316803,4132.79693034599]",4124.429161748587,"[4.0272091411783695,4.022202384795511,4.027180605261361]",4.027180605261361,1024.0,24.0,4.0,4.0,68.0,64.0
density-crossover-avx512,cross/2/unit24/draw4/stride64/compact/update/packet,1,3,"[2934.38580054106,2900.0762023737457,2899.888611284855]",2900.0762023737457,"[2934.3966271116437,2901.400374769418,2900.5592338113433]",2901.400374769418,"[2.865611133340879,2.832105666380611,2.831922471957866]",2.832105666380611,1024.0,24.0,4.0,4.0,68.0,64.0
density-crossover-avx512,cross/2/unit24/draw4/stride64/compact/update/point,1,3,"[6825.932162030375,6833.233772571984,6827.918496828336]",6827.918496828336,"[6827.128843332444,6834.644704739788,6827.943387025934]",6827.943387025934,"[6.665949376982788,6.673079856027328,6.667889157058921]",6.667889157058921,1024.0,24.0,4.0,4.0,68.0,64.0
density-crossover-avx512,cross/2/unit24/draw4/stride64/spread/sum/packet,1,3,"[2082.0490825003744,2085.152319856751,2080.1394897806417]",2082.0490825003744,"[2082.056840221705,2085.476055498854,2080.274056391285]",2082.056840221705,"[2.033251057129272,2.0362815623601085,2.031386220488908]",2.033251057129272,1024.0,24.0,4.0,24.0,88.0,64.0
density-crossover-avx512,cross/2/unit24/draw4/stride64/spread/sum/point,1,3,"[4120.514813728441,4104.985626283011,4135.334408917727]",4120.514813728441,"[4120.524200642555,4105.654737458395,4299.809034904832]",4120.524200642555,"[4.023940247781681,4.008775025667003,4.038412508708718]",4.023940247781681,1024.0,24.0,4.0,24.0,88.0,64.0
density-crossover-avx512,cross/2/unit24/draw4/stride64/spread/update/packet,1,3,"[3856.4589665651647,3870.9853550706143,3892.1981210274716]",3870.9853550706143,"[3859.4796905241196,3877.675324676811,3894.3733075424298]",3877.675324676811,"[3.7660732095362937,3.780259135811147,3.8009747275658907]",3.780259135811147,1024.0,24.0,4.0,24.0,88.0,64.0
density-crossover-avx512,cross/2/unit24/draw4/stride64/spread/update/point,1,3,"[7992.660366552331,8003.53092783431,7991.693012599758]",7992.660366552331,"[7992.683848785162,8005.17010309846,7991.716494840728]",7992.683848785162,"[7.8053323892112605,7.815948171713194,7.804387707616951]",7.8053323892112605,1024.0,24.0,4.0,24.0,88.0,64.0
density-crossover-avx512,cross/2/unit24/draw8/stride24/compact/sum/packet,1,3,"[1269.5809923386778,1269.7405144108277,1270.9024990880198]",1269.7405144108277,"[1269.5846406431667,1269.7442539225885,1271.1671835104394]",1269.7442539225885,"[1.23982518783074,1.239980971104324,1.241115721765644]",1.239980971104324,1024.0,24.0,8.0,8.0,32.0,24.0
density-crossover-avx512,cross/2/unit24/draw8/stride24/compact/sum/point,1,3,"[5504.075167256829,5509.042109405498,5504.016135379625]",5504.075167256829,"[5504.091302628848,5517.110192839951,5504.611176699441]",5504.611176699441,"[5.3750734055242475,5.379923934966307,5.375015757206665]",5.3750734055242475,1024.0,24.0,8.0,8.0,32.0,24.0
density-crossover-avx512,cross/2/unit24/draw8/stride24/compact/sum/window,1,3,"[1146.3175370993179,1146.4921702058505,1148.0713290152703]",1146.4921702058505,"[1146.4554398620514,1146.4963515600832,1150.5113552528653]",1146.4963515600832,"[1.1194507198235526,1.1196212599666509,1.121163407241475]",1.1196212599666509,1024.0,24.0,8.0,8.0,32.0,24.0
density-crossover-avx512,cross/2/unit24/draw8/stride24/compact/update/packet,1,3,"[2755.486247544168,2765.344990176908,2757.1915520629377]",2757.1915520629377,"[2755.4943025525636,2765.35108054825,2757.1998035398897]",2757.1998035398897,"[2.6909045386173513,2.700532216969637,2.6925698750614626]",2.6925698750614626,1024.0,24.0,8.0,8.0,32.0,24.0
density-crossover-avx512,cross/2/unit24/draw8/stride24/compact/update/point,1,3,"[10417.777364110092,10410.59195830288,10425.79002233825]",10417.777364110092,"[10419.714817574073,10410.623231576916,10457.32390169639]",10419.714817574073,"[10.173610707138762,10.166593709280157,10.181435568689695]",10.173610707138762,1024.0,24.0,8.0,8.0,32.0,24.0
density-crossover-avx512,cross/2/unit24/draw8/stride24/compact/update/window,1,3,"[2501.718271827222,2432.060306030443,2429.887668766666]",2432.060306030443,"[2502.6511251104307,2432.735373538367,2429.8964896491643]",2432.735373538367,"[2.4430842498312715,2.375058892607855,2.3729371765299474]",2.375058892607855,1024.0,24.0,8.0,8.0,32.0,24.0
density-crossover-avx512,cross/2/unit24/draw8/stride24/spread/sum/packet,1,3,"[2845.462363415377,2838.9449615540507,2836.0511938486247]",2838.9449615540507,"[2845.861392153303,2838.9552812635243,2836.0596924307406]",2838.9552812635243,"[2.778771839272829,2.7724071890176276,2.7695812439927976]",2.7724071890176276,1024.0,24.0,8.0,24.0,48.0,24.0
density-crossover-avx512,cross/2/unit24/draw8/stride24/spread/sum/point,1,3,"[5503.229559748213,5505.434355345879,5502.28223270401]",5503.229559748213,"[5503.249606918286,5513.99646226522,5502.298349050563]",5503.249606918286,"[5.374247616941615,5.376400737642459,5.37332249287501]",5.374247616941615,1024.0,24.0,8.0,24.0,48.0,24.0
density-crossover-avx512,cross/2/unit24/draw8/stride24/spread/sum/window,1,3,"[1206.7671857523196,1205.743439731462,1210.548481459281]",1206.7671857523196,"[1206.7716596399064,1205.904413661261,1210.5520949846402]",1206.7716596399064,"[1.1784835798362496,1.177483827862756,1.182176251425079]",1.1784835798362496,1024.0,24.0,8.0,24.0,48.0,24.0
density-crossover-avx512,cross/2/unit24/draw8/stride24/spread/update/packet,1,3,"[5880.89436026954,5878.861952862186,5871.273148148486]",5878.861952862186,"[5880.9116161692045,5879.69570706591,5871.295033663958]",5879.69570706591,"[5.743060898700723,5.741076125841979,5.733665183738755]",5.741076125841979,1024.0,24.0,8.0,24.0,48.0,24.0
density-crossover-avx512,cross/2/unit24/draw8/stride24/spread/update/point,1,3,"[13086.981273409036,13089.705056179735,13079.687265916988]",13086.981273409036,"[13087.028089874013,13089.744382024022,13081.419475636803]",13087.028089874013,"[12.780255149813511,12.782915093925522,12.773132095622058]",12.780255149813511,1024.0,24.0,8.0,24.0,48.0,24.0
density-crossover-avx512,cross/2/unit24/draw8/stride24/spread/update/window,1,3,"[4423.741742686147,4431.583831393402,4438.256055363194]",4431.583831393402,"[4423.75495439015,4440.845234347161,4438.904372447947]",4438.904372447947,"[4.320060295591939,4.32771858534512,4.334234429065618]",4.32771858534512,1024.0,24.0,8.0,24.0,48.0,24.0
density-crossover-avx512,cross/2/unit24/draw8/stride25/compact/sum/packet,1,3,"[1271.6797940305896,1267.6146657766124,1269.620005721399]",1269.620005721399,"[1273.240678936294,1267.619338228775,1269.8507676168624]",1269.8507676168624,"[1.2418747988579977,1.2379049470474728,1.2398632868373036]",1.2398632868373036,1024.0,24.0,8.0,8.0,33.0,25.0
density-crossover-avx512,cross/2/unit24/draw8/stride25/compact/sum/point,1,3,"[5495.18288854005,5496.677786498828,5495.370879120418]",5495.370879120418,"[5495.198979601552,5496.69819465681,5495.390894818569]",5495.390894818569,"[5.366389539589893,5.367849400877762,5.366573124141033]",5.366573124141033,1024.0,24.0,8.0,8.0,33.0,25.0
density-crossover-avx512,cross/2/unit24/draw8/stride25/compact/sum/window,1,3,"[1397.2346928549741,1397.6787253232267,1397.0262551357844]",1397.2346928549741,"[1397.2398035863332,1397.6828339500837,1397.0303637645995]",1397.2398035863332,"[1.3644870047411857,1.3649206301984635,1.3642834522810396]",1.3644870047411857,1024.0,24.0,8.0,8.0,33.0,25.0
density-crossover-avx512,cross/2/unit24/draw8/stride25/compact/update/packet,1,3,"[2783.029559621716,2756.6106977682207,2775.1588578323604]",2775.1588578323604,"[2783.4176553399793,2756.6209531456157,2781.6581540316483]",2781.6581540316483,"[2.717802304318082,2.692002634539278,2.7101160721019144]",2.7101160721019144,1024.0,24.0,8.0,8.0,33.0,25.0
density-crossover-avx512,cross/2/unit24/draw8/stride25/compact/update/point,1,3,"[10397.429104477787,10387.563432836301,10410.45223880594]",10397.429104477787,"[10399.244029849966,10387.594029843152,10420.303731356356]",10399.244029849966,"[10.15373935984159,10.1441049148792,10.166457264458925]",10.15373935984159,1024.0,24.0,8.0,8.0,33.0,25.0
density-crossover-avx512,cross/2/unit24/draw8/stride25/compact/update/window,1,3,"[2899.881881676571,2896.6158586689735,2892.2832785537935]",2896.6158586689735,"[2906.1538619549033,2897.1090797038814,2892.536359899321]",2897.1090797038814,"[2.8319159000747764,2.8287264244814194,2.824495389212689]",2.8287264244814194,1024.0,24.0,8.0,8.0,33.0,25.0
density-crossover-avx512,cross/2/unit24/draw8/stride25/spread/sum/packet,1,3,"[2834.7967774421427,2837.2155085600975,2833.6809667674033]",2834.7967774421427,"[2834.807049344169,2837.6207452205276,2833.689224571288]",2834.807049344169,"[2.7683562279708425,2.7707182700782202,2.7672665691087923]",2.7683562279708425,1024.0,24.0,8.0,24.0,49.0,25.0
density-crossover-avx512,cross/2/unit24/draw8/stride25/spread/sum/point,1,3,"[5498.3352987419585,5500.206761005942,5501.043632075241]",5500.206761005942,"[5498.3478773579545,5500.965408807405,5501.064072325013]",5500.965408807405,"[5.369468065177693,5.371295665044865,5.372112921948477]",5.371295665044865,1024.0,24.0,8.0,24.0,49.0,25.0
density-crossover-avx512,cross/2/unit24/draw8/stride25/spread/sum/window,1,3,"[1541.4649646330904,1543.57824933682,1543.6499778956625]",1543.57824933682,"[1541.4694960233842,1543.582780724954,1543.8789787791507]",1543.582780724954,"[1.5053368795245023,1.5074006341179882,1.5074706815387329]",1.5074006341179882,1024.0,24.0,8.0,24.0,49.0,25.0
density-crossover-avx512,cross/2/unit24/draw8/stride25/spread/update/packet,1,3,"[5884.3420497675625,5870.419654154224,5881.925769717813]",5881.925769717813,"[5890.112188947276,5870.437368191407,5882.756642766979]",5882.756642766979,"[5.746427782976135,5.732831693509985,5.744068134490051]",5.744068134490051,1024.0,24.0,8.0,24.0,49.0,25.0
density-crossover-avx512,cross/2/unit24/draw8/stride25/spread/update/point,1,3,"[13108.353051643075,13089.98591549263,13096.934272299612]",13096.934272299612,"[13108.400938955969,13090.033802817201,13099.339906109659]",13099.339906109659,"[12.801126026995192,12.783189370598272,12.789974875292591]",12.789974875292591,1024.0,24.0,8.0,24.0,49.0,25.0
density-crossover-avx512,cross/2/unit24/draw8/stride25/spread/update/window,1,3,"[4731.960691290814,4734.522195866189,4736.328702134835]",4734.522195866189,"[4731.977634700025,4741.6052185658955,4737.894611995443]",4737.894611995443,"[4.621055362588685,4.623556831900576,4.625320998178551]",4.623556831900576,1024.0,24.0,8.0,24.0,49.0,25.0
density-crossover-avx512,cross/2/unit24/draw8/stride64/compact/sum/packet,1,3,"[1358.9569767441567,1358.2708333333342,1358.4142441860365]",1358.4142441860365,"[1359.1373062030154,1358.2739341080962,1358.4172480634588]",1358.4172480634588,"[1.3271064226017155,1.3264363606770841,1.3265764103379263]",1.3265764103379263,1024.0,24.0,8.0,8.0,72.0,64.0
density-crossover-avx512,cross/2/unit24/draw8/stride64/compact/sum/point,1,3,"[5563.497017892704,5560.029821073502,5553.115705765381]",5560.029821073502,"[5563.509741546158,5560.050099405199,5558.1777336019095]",5560.050099405199,"[5.433102556535844,5.429716622142092,5.422964556411506]",5.429716622142092,1024.0,24.0,8.0,8.0,72.0,64.0
density-crossover-avx512,cross/2/unit24/draw8/stride64/compact/update/packet,1,3,"[2756.2302994483694,2760.9014972420573,2770.5388100866708]",2760.9014972420573,"[2756.6345547628216,2760.909574467138,2776.122340426267]",2760.909574467138,"[2.691631151805048,2.696192868400446,2.7056043067252644]",2.696192868400446,1024.0,24.0,8.0,8.0,72.0,64.0
density-crossover-avx512,cross/2/unit24/draw8/stride64/compact/update/point,1,3,"[10487.797439758258,10489.032379517814,10489.658132530807]",10489.032379517814,"[10489.508283124831,10489.063253023707,10491.49623492533]",10489.508283124831,"[10.241989687263922,10.243195683122865,10.243806770049616]",10.243195683122865,1024.0,24.0,8.0,8.0,72.0,64.0
density-crossover-avx512,cross/2/unit24/draw8/stride64/spread/sum/packet,1,3,"[2846.5240914662227,2849.2233564719186,2873.3125765616687]",2849.2233564719186,"[2846.8919967314787,2849.2315230759204,2873.3231931403798]",2849.2315230759204,"[2.779808683072483,2.782444684054608,2.8059693130485046]",2.782444684054608,1024.0,24.0,8.0,24.0,88.0,64.0
density-crossover-avx512,cross/2/unit24/draw8/stride64/spread/sum/point,1,3,"[5534.294466403052,5530.389328063695,5534.547826086746]",5534.294466403052,"[5534.311067193536,5531.105138339921,5534.564031618876]",5534.311067193536,"[5.40458443984673,5.400770828187201,5.404831861412838]",5.40458443984673,1024.0,24.0,8.0,24.0,88.0,64.0
density-crossover-avx512,cross/2/unit24/draw8/stride64/spread/update/packet,1,3,"[6006.63913978547,6021.60215053772,6023.851612903011]",6021.60215053772,"[6006.656344090261,6031.129892474588,6023.873978497787]",6023.873978497787,"[5.8658585349467485,5.8804708501344924,5.882667590725597]",5.8804708501344924,1024.0,24.0,8.0,24.0,88.0,64.0
density-crossover-avx512,cross/2/unit24/draw8/stride64/spread/update/point,1,3,"[13160.739171375739,13164.308851224376,13161.577212806087]",13161.577212806087,"[13160.778719384882,13166.521657254856,13163.735404901096]",13163.735404901096,"[12.852284347046618,12.855770362523804,12.853102746880944]",12.853102746880944,1024.0,24.0,8.0,24.0,88.0,64.0
density-crossover-avx512,cross/2/unit32/draw2/stride32/compact/sum/packet,1,3,"[1277.3312967353147,1278.5022797738163,1278.47665511593]",1278.47665511593,"[1277.3351267556936,1278.5059274116245,1278.6847528704122]",1278.5059274116245,"[1.247393844468081,1.2485373825916175,1.2485123585116504]",1.2485123585116504,1024.0,32.0,2.0,2.0,34.0,32.0
density-crossover-avx512,cross/2/unit32/draw2/stride32/compact/sum/point,1,3,"[3464.911072578874,3468.6660886795366,3467.256873916105]",3467.256873916105,"[3465.6371067633436,3474.7280158496055,3467.7869705280746]",3467.7869705280746,"[3.3837022193153063,3.387369227226111,3.3859930409336965]",3.3859930409336965,1024.0,32.0,2.0,2.0,34.0,32.0
density-crossover-avx512,cross/2/unit32/draw2/stride32/compact/sum/window,1,3,"[1419.138680203034,1424.9903553300728,1419.2269035533739]",1419.2269035533739,"[1419.1427411179775,1424.9946192889147,1419.4494416253597]",1419.4494416253597,"[1.3858776173857754,1.391592143877024,1.3859637730013417]",1.3859637730013417,1024.0,32.0,2.0,2.0,34.0,32.0
density-crossover-avx512,cross/2/unit32/draw2/stride32/compact/update/packet,1,3,"[2702.8790100824035,2698.5253895507167,2708.343904674702]",2702.8790100824035,"[2702.8889092569884,2698.5351054078815,2708.351787349193]",2702.8889092569884,"[2.6395302832835967,2.6352787007331218,2.644867094408889]",2.6395302832835967,1024.0,32.0,2.0,2.0,34.0,32.0
density-crossover-avx512,cross/2/unit32/draw2/stride32/compact/update/point,1,3,"[4858.713541666671,4858.803819444516,4857.401388888879]",4858.713541666671,"[4858.731250006404,4858.8218750052665,4857.4121527700245]",4858.731250006404,"[4.744837443033858,4.744925604926285,4.743556043836797]",4.744837443033858,1024.0,32.0,2.0,2.0,34.0,32.0
density-crossover-avx512,cross/2/unit32/draw2/stride32/compact/update/window,1,3,"[2775.4619458611437,2710.2189093764255,2699.445861122156]",2710.2189093764255,"[2775.8664181997706,2715.8152216557123,2699.455865040865]",2715.8152216557123,"[2.7104120565050236,2.6466981536879155,2.6361775987521057]",2.6466981536879155,1024.0,32.0,2.0,2.0,34.0,32.0
density-crossover-avx512,cross/2/unit32/draw2/stride32/spread/sum/packet,1,3,"[1662.605056980076,1662.4556030388198,1674.9139363722347]",1662.605056980076,"[1662.8544634379973,1662.4616571676333,1675.5172127254505]",1662.8544634379973,"[1.6236377509571054,1.6234917998425975,1.6356581409885103]",1.6236377509571054,1024.0,32.0,2.0,32.0,64.0,32.0
density-crossover-avx512,cross/2/unit32/draw2/stride32/spread/sum/point,1,3,"[3458.3628712868917,3459.2363861385425,3457.424752475216]",3458.3628712868917,"[3461.6252475271126,3463.5141089103677,3457.432178221482]",3461.6252475271126,"[3.3773074914911048,3.3781605333384204,3.3763913598390776]",3.3773074914911048,1024.0,32.0,2.0,32.0,64.0,32.0
density-crossover-avx512,cross/2/unit32/draw2/stride32/spread/sum/window,1,3,"[1267.6460577532878,1266.0772155336397,1265.4182130895222]",1266.0772155336397,"[1267.6488639457286,1266.3426269563606,1265.4219245045324]",1266.3426269563606,"[1.237935603274695,1.2364035307945698,1.2357599737202365]",1.2364035307945698,1024.0,32.0,2.0,32.0,64.0,32.0
density-crossover-avx512,cross/2/unit32/draw2/stride32/spread/update/packet,1,3,"[3305.760741958329,3309.754872035958,3298.6135243016624]",3305.760741958329,"[3305.7729514006774,3310.2035689144154,3298.9168819007537]",3305.7729514006774,"[3.2282819745686804,3.232182492222615,3.2213022698258422]",3.2282819745686804,1024.0,32.0,2.0,32.0,64.0,32.0
density-crossover-avx512,cross/2/unit32/draw2/stride32/spread/update/point,1,3,"[5431.709076804311,5424.226144298114,5425.064003103121]",5425.064003103121,"[5431.728859583295,5425.021722265209,5425.084173779043]",5425.084173779043,"[5.304403395316711,5.297095844041127,5.297914065530391]",5.297914065530391,1024.0,32.0,2.0,32.0,64.0,32.0
density-crossover-avx512,cross/2/unit32/draw2/stride32/spread/update/window,1,3,"[2960.024195245231,2921.7138649273625,2957.855038922824]",2957.855038922824,"[2961.4363559834374,2921.722491058941,2958.2213338914657]",2958.2213338914657,"[2.890648628169171,2.8532361962181274,2.88853031144807]",2.88853031144807,1024.0,32.0,2.0,32.0,64.0,32.0
density-crossover-avx512,cross/2/unit32/draw2/stride33/compact/sum/packet,1,3,"[1275.857803023074,1275.2637912775563,1275.7778954461824]",1275.7778954461824,"[1277.4202368331883,1275.2675459720886,1275.9953788373837]",1275.9953788373837,"[1.245954885764721,1.2453747961694885,1.2458768510216625]",1.2458768510216625,1024.0,32.0,2.0,2.0,35.0,33.0
density-crossover-avx512,cross/2/unit32/draw2/stride33/compact/sum/point,1,3,"[3453.085615593528,3470.4626202811905,3455.3308660252483]",3455.3308660252483,"[3453.0932642472862,3476.1428571446745,3456.0811744443117]",3456.0811744443117,"[3.372153921478055,3.3891236526183497,3.3743465488527815]",3.3743465488527815,1024.0,32.0,2.0,2.0,35.0,33.0
density-crossover-avx512,cross/2/unit32/draw2/stride33/compact/sum/window,1,3,"[1603.1480069325637,1604.9433853263067,1599.7094165223496]",1603.1480069325637,"[1603.152628538544,1605.1238590404619,1599.7141536697206]",1603.152628538544,"[1.565574225520082,1.5673275247327214,1.562216227072607]",1.565574225520082,1024.0,32.0,2.0,2.0,35.0,33.0
density-crossover-avx512,cross/2/unit32/draw2/stride33/compact/update/packet,1,3,"[2754.8879938625487,2763.73513617193,2740.432681242803]",2754.8879938625487,"[2755.2048331444616,2763.745301109228,2740.4388185635194]",2755.2048331444616,"[2.690320306506395,2.6989600939179006,2.6762037902761753]",2.690320306506395,1024.0,32.0,2.0,2.0,35.0,33.0
density-crossover-avx512,cross/2/unit32/draw2/stride33/compact/update/point,1,3,"[4862.762517385355,4865.648817802385,4883.843880389569]",4865.648817802385,"[4863.3786509026095,4865.662726004436,4901.601877599198]",4865.662726004436,"[4.748791520884136,4.751610173635141,4.769378789442937]",4.751610173635141,1024.0,32.0,2.0,2.0,35.0,33.0
density-crossover-avx512,cross/2/unit32/draw2/stride33/compact/update/window,1,3,"[2820.082501527568,2776.772255041488,2778.3856182522445]",2778.3856182522445,"[2820.653086168193,2776.7826441232646,2778.3917294759462]",2778.3917294759462,"[2.7539868178980154,2.711691655313953,2.7132672053244575]",2.7132672053244575,1024.0,32.0,2.0,2.0,35.0,33.0
density-crossover-avx512,cross/2/unit32/draw2/stride33/spread/sum/packet,1,3,"[1676.381208856927,1666.2963494913472,1664.8491921005243]",1666.2963494913472,"[1676.5967684031489,1666.5178934753299,1664.855296230506]",1666.5178934753299,"[1.6370910242743428,1.6272425288001438,1.6258292891606683]",1.6272425288001438,1024.0,32.0,2.0,32.0,65.0,33.0
density-crossover-avx512,cross/2/unit32/draw2/stride33/spread/sum/point,1,3,"[3462.3930249813034,3460.196636161288,3458.742517931883]",3460.196636161288,"[3462.403413304149,3460.6373979669934,3458.754884988392]",3460.6373979669934,"[3.381243188458304,3.379098277501258,3.3776782401678545]",3.379098277501258,1024.0,32.0,2.0,32.0,65.0,33.0
density-crossover-avx512,cross/2/unit32/draw2/stride33/spread/update/packet,1,3,"[3444.0588793921966,3443.600427350435,3417.8124406456423]",3443.600427350435,"[3444.066476730382,3444.014482431677,3417.822412150956]",3444.014482431677,"[3.363338749406442,3.3628910423344096,3.33770746156801]",3.3628910423344096,1024.0,32.0,2.0,32.0,65.0,33.0
density-crossover-avx512,cross/2/unit32/draw2/stride33/spread/update/point,1,3,"[5435.002332815188,5435.99339035777,5433.0423794716235]",5435.002332815188,"[5440.547045107742,5436.713063761068,5433.062597193021]",5436.713063761068,"[5.307619465639833,5.308587295271259,5.305705448702757]",5.307619465639833,1024.0,32.0,2.0,32.0,65.0,33.0
density-crossover-avx512,cross/2/unit32/draw2/stride64/compact/sum/packet,1,3,"[1374.6085970621143,1374.423346150064,1373.5556541457368]",1374.423346150064,"[1374.6137237487933,1374.4272897566432,1373.7983831202775]",1374.4272897566432,"[1.342391208068471,1.3422102989746718,1.341362943501696]",1.3422102989746718,1024.0,32.0,2.0,2.0,66.0,64.0
density-crossover-avx512,cross/2/unit32/draw2/stride64/compact/sum/point,1,3,"[3460.609394314038,3460.9060568603454,3472.641779975362]",3460.9060568603454,"[3460.6173053168072,3468.4613102541107,3474.2563658844206]",3468.4613102541107,"[3.379501361634803,3.3797910711526806,3.391251738257189]",3.3797910711526806,1024.0,32.0,2.0,2.0,66.0,64.0
density-crossover-avx512,cross/2/unit32/draw2/stride64/compact/update/packet,1,3,"[2745.989892984769,2754.9199365832656,2747.341458580812]",2747.341458580812,"[2746.0000000031755,2754.927863654165,2747.8372968684025]",2747.8372968684025,"[2.6816307548679386,2.6903515005695957,2.682950643145324]",2.682950643145324,1024.0,32.0,2.0,2.0,66.0,64.0
density-crossover-avx512,cross/2/unit32/draw2/stride64/compact/update/point,1,3,"[4926.6629213488795,4912.501755617566,4913.765800561813]",4913.765800561813,"[4926.67731741312,4912.5200140485385,4920.893960668306]",4920.893960668306,"[4.811194259129765,4.7973649957202795,4.798599414611146]",4.798599414611146,1024.0,32.0,2.0,2.0,66.0,64.0
density-crossover-avx512,cross/2/unit32/draw2/stride64/spread/sum/packet,1,3,"[1673.3834811795534,1674.6303044834167,1673.13054423413]",1673.3834811795534,"[1673.3883960678372,1674.6364181255221,1673.136777750936]",1673.3883960678372,"[1.6341635558394079,1.6353811567220864,1.6339165471036425]",1.6341635558394079,1024.0,32.0,2.0,32.0,96.0,64.0
density-crossover-avx512,cross/2/unit32/draw2/stride64/spread/sum/point,1,3,"[3455.9533218077663,3470.742158557639,3471.4166460855145]",3470.742158557639,"[3456.4154112135,3470.750061748652,3478.9841936299676]",3470.750061748652,"[3.374954415827897,3.3893966392164447,3.390055318442885]",3.3893966392164447,1024.0,32.0,2.0,32.0,96.0,64.0
density-crossover-avx512,cross/2/unit32/draw2/stride64/spread/update/packet,1,3,"[3438.636607360445,3448.170850597149,3425.6217401899507]",3438.636607360445,"[3439.268096511555,3448.1835242542197,3425.634170113805]",3439.268096511555,"[3.358043561875434,3.367354346286278,3.345333730654249]",3.358043561875434,1024.0,32.0,2.0,32.0,96.0,64.0
density-crossover-avx512,cross/2/unit32/draw2/stride64/spread/update/point,1,3,"[5455.403037383154,5453.479750778756,5451.625778816305]",5453.479750778756,"[5457.521806856626,5453.499610587258,5451.646028034322]",5453.499610587258,"[5.327542028694486,5.325663819119879,5.323853299625298]",5.325663819119879,1024.0,32.0,2.0,32.0,96.0,64.0
density-crossover-avx512,cross/2/unit32/draw4/stride32/compact/sum/packet,1,3,"[1335.9357384442646,1354.0816849441692,1328.8587680639778]",1335.9357384442646,"[1335.940760480142,1356.3824946193918,1328.8626627036817]",1335.940760480142,"[1.3046247445744772,1.3223453954532902,1.2977136406874783]",1.3046247445744772,1024.0,32.0,4.0,4.0,36.0,32.0
density-crossover-avx512,cross/2/unit32/draw4/stride32/compact/sum/point,1,3,"[4110.8854625546555,4113.052863436104,4110.101615271604]",4110.8854625546555,"[4110.900440532071,4113.849339209284,4110.116593241195]",4110.900440532071,"[4.014536584526031,4.016653186949321,4.0137711086636765]",4.014536584526031,1024.0,32.0,4.0,4.0,36.0,32.0
density-crossover-avx512,cross/2/unit32/draw4/stride32/compact/sum/window,1,3,"[1471.373466752743,1472.4451258876543,1476.7575855390182]",1472.4451258876543,"[1471.3788465679313,1472.7346675286342,1476.7619969876293]",1472.7346675286342,"[1.4368881511257257,1.4379346932496624,1.4421460796279473]",1.4379346932496624,1024.0,32.0,4.0,4.0,36.0,32.0
density-crossover-avx512,cross/2/unit32/draw4/stride32/compact/update/packet,1,3,"[2833.206358728305,2796.063787242605,2794.8622275545813]",2796.063787242605,"[2834.4645071007876,2796.074185161395,2795.2623475327896]",2796.074185161395,"[2.7668030846956104,2.7305310422291065,2.729357644096271]",2.7305310422291065,1024.0,32.0,4.0,4.0,36.0,32.0
density-crossover-avx512,cross/2/unit32/draw4/stride32/compact/update/point,1,3,"[6794.8738476466815,6795.999514798603,6798.231926249621]",6795.999514798603,"[6794.894226102841,6796.019893265106,6799.148956818197]",6796.019893265106,"[6.6356189918424615,6.6367182761705115,6.638898365478145]",6.6367182761705115,1024.0,32.0,4.0,4.0,36.0,32.0
density-crossover-avx512,cross/2/unit32/draw4/stride32/compact/update/window,1,3,"[2989.7413719642605,2963.5289731572393,2967.1932253941955]",2967.1932253941955,"[2989.7522369021453,2968.4631444388983,2967.84320409423]",2968.4631444388983,"[2.919669308558848,2.8940712628488665,2.8976496341740194]",2.8976496341740194,1024.0,32.0,4.0,4.0,36.0,32.0
density-crossover-avx512,cross/2/unit32/draw4/stride32/spread/sum/packet,1,3,"[2082.5139698192525,2082.932167936522,2088.336321530028]",2082.932167936522,"[2082.777080530351,2082.939787839869,2088.342596744252]",2082.939787839869,"[2.0337050486516133,2.03411344525051,2.039390938994168]",2.03411344525051,1024.0,32.0,4.0,32.0,64.0,32.0
density-crossover-avx512,cross/2/unit32/draw4/stride32/spread/sum/point,1,3,"[4092.0763827920928,4100.5695054141515,4091.42961662297]",4092.0763827920928,"[4092.0883816224678,4100.578577695334,4091.4448346532986]",4092.0883816224678,"[3.9961683425704035,4.004462407631007,3.9955367349833693]",3.9961683425704035,1024.0,32.0,4.0,32.0,64.0,32.0
density-crossover-avx512,cross/2/unit32/draw4/stride32/spread/sum/window,1,3,"[1265.6024423338451,1265.4478516507993,1265.835820895449]",1265.6024423338451,"[1265.7808231568176,1265.452464947046,1268.3181365919886]",1265.7808231568176,"[1.2359398850916457,1.2357889176277335,1.2361677938432118]",1.2359398850916457,1024.0,32.0,4.0,32.0,64.0,32.0
density-crossover-avx512,cross/2/unit32/draw4/stride32/spread/update/packet,1,3,"[3807.8864997278156,4014.2803483942157,4017.671475231607]",4014.2803483942157,"[3808.4395753949766,4019.082471418853,4017.6861731126974]",4017.6861731126974,"[3.718639159890445,3.9201956527287263,3.9235073000308662]",3.9201956527287263,1024.0,32.0,4.0,32.0,64.0,32.0
density-crossover-avx512,cross/2/unit32/draw4/stride32/spread/update/point,1,3,"[7891.677946981956,7891.51438240264,7888.80767061518]",7891.51438240264,"[7892.924985897026,7891.538071062872,7888.836435405942]",7891.538071062872,"[7.706716745099566,7.706557014065078,7.703913740835136]",7.706557014065078,1024.0,32.0,4.0,32.0,64.0,32.0
density-crossover-avx512,cross/2/unit32/draw4/stride32/spread/update/window,1,3,"[3561.6376146791263,3562.3483690113985,3551.4793577980877]",3561.6376146791263,"[3562.0660040764765,3562.361365957539,3551.4926095808146]",3562.0660040764765,"[3.4781617330850847,3.478855829112694,3.468241560349695]",3.4781617330850847,1024.0,32.0,4.0,32.0,64.0,32.0
density-crossover-avx512,cross/2/unit32/draw4/stride33/compact/sum/packet,1,3,"[1343.1597943240997,1349.5892415703227,1332.932364283622]",1343.1597943240997,"[1343.1638485135197,1349.7522990202167,1332.9363195890023]",1343.1638485135197,"[1.3116794866446286,1.3179582437210182,1.3016917619957247]",1.3116794866446286,1024.0,32.0,4.0,4.0,37.0,33.0
density-crossover-avx512,cross/2/unit32/draw4/stride33/compact/sum/point,1,3,"[4093.0394736839808,4093.010233918596,4091.560233918085]",4093.010233918596,"[4093.048830409901,4095.782748538302,4091.571929828602]",4093.048830409901,"[3.9971088610195125,3.997080306561129,3.99566429093563]",3.997080306561129,1024.0,32.0,4.0,4.0,37.0,33.0
density-crossover-avx512,cross/2/unit32/draw4/stride33/compact/sum/window,1,3,"[1554.1413295115242,1552.956123911501,1554.9240436556381]",1554.1413295115242,"[1555.832653511007,1553.162385623507,1554.928673795832]",1554.928673795832,"[1.5177161421010978,1.516558714757325,1.5184805113824593]",1.5177161421010978,1024.0,32.0,4.0,4.0,37.0,33.0
density-crossover-avx512,cross/2/unit32/draw4/stride33/compact/update/packet,1,3,"[2908.721465968643,2903.9216753925266,2910.432460732872]",2908.721465968643,"[2908.7300523560434,2908.9981151816396,2910.887329843627]",2908.9981151816396,"[2.840548306610003,2.8358610111255147,2.842219199934446]",2.840548306610003,1024.0,32.0,4.0,4.0,37.0,33.0
density-crossover-avx512,cross/2/unit32/draw4/stride33/compact/update/point,1,3,"[6801.648858668965,6795.4375910635945,6795.500242836307]",6795.500242836307,"[6804.005342402381,6795.457017974917,6796.472559499408]",6796.472559499408,"[6.642235213543911,6.6361695225230415,6.636230705894831]",6.636230705894831,1024.0,32.0,4.0,4.0,37.0,33.0
density-crossover-avx512,cross/2/unit32/draw4/stride33/compact/update/window,1,3,"[3092.841455347046,3087.3638368248116,3093.147960308749]",3092.841455347046,"[3092.8482910638972,3087.375082694758,3093.538478497257]",3092.8482910638972,"[3.0203529837373497,3.01500374689923,3.020652304989013]",3.0203529837373497,1024.0,32.0,4.0,4.0,37.0,33.0
density-crossover-avx512,cross/2/unit32/draw4/stride33/spread/sum/packet,1,3,"[2102.8367164180204,2095.1559701491024,2107.0262686566844]",2102.8367164180204,"[2102.8413432864613,2097.3055223899833,2107.287611936703]",2102.8413432864613,"[2.053551480876973,2.0460507520987328,2.057642840485043]",2.053551480876973,1024.0,32.0,4.0,32.0,65.0,33.0
density-crossover-avx512,cross/2/unit32/draw4/stride33/spread/sum/point,1,3,"[4097.023426061508,4099.102489018896,4097.635724743477]",4097.635724743477,"[4097.035724751051,4107.381259150602,4097.647730602027]",4097.647730602027,"[4.000999439513191,4.003029774432516,4.001597387444803]",4.001597387444803,1024.0,32.0,4.0,32.0,65.0,33.0
density-crossover-avx512,cross/2/unit32/draw4/stride33/spread/update/packet,1,3,"[4018.0522538041732,4022.4849267872987,4013.251794430174]",4018.0522538041732,"[4018.0640252629605,4022.4966982486367,4013.2664369819317]",4018.0640252629605,"[3.9238791541056375,3.9282079363157214,3.9191912054982168]",3.9238791541056375,1024.0,32.0,4.0,32.0,65.0,33.0
density-crossover-avx512,cross/2/unit32/draw4/stride33/spread/update/point,1,3,"[7899.504530011477,7901.577576444622,7898.360702151818]",7899.504530011477,"[7899.5339750865205,7902.710079276037,7898.3839184567505]",7899.5339750865205,"[7.714359892589333,7.7163843519967,7.713242873195135]",7.714359892589333,1024.0,32.0,4.0,32.0,65.0,33.0
density-crossover-avx512,cross/2/unit32/draw4/stride64/compact/sum/packet,1,3,"[1369.2911281702045,1379.415605869351,1362.7417160626405]",1369.2911281702045,"[1369.4837236427213,1379.4196871046845,1362.7457001242985]",1369.4837236427213,"[1.3371983673537151,1.3470855526067882,1.3308024570924224]",1.3371983673537151,1024.0,32.0,4.0,4.0,68.0,64.0
density-crossover-avx512,cross/2/unit32/draw4/stride64/compact/sum/point,1,3,"[4121.986745213504,4118.511045655525,4124.178497791133]",4121.986745213504,"[4122.594108981162,4118.523122241304,4124.1876288633375]",4122.594108981162,"[4.0253776808725625,4.0219834430229735,4.027518064249154]",4.0253776808725625,1024.0,32.0,4.0,4.0,68.0,64.0
density-crossover-avx512,cross/2/unit32/draw4/stride64/compact/update/packet,1,3,"[2902.9744329897608,2892.601030927751,2899.891752577244]",2899.891752577244,"[2903.4447422685676,2894.2282474195194,2899.9004123728732]",2899.9004123728732,"[2.8349359697165633,2.824805694265382,2.8319255396262144]",2.8319255396262144,1024.0,32.0,4.0,4.0,68.0,64.0
density-crossover-avx512,cross/2/unit32/draw4/stride64/compact/update/point,1,3,"[6830.237073170851,6831.665853658161,6831.431707317254]",6831.431707317254,"[6831.3985365776025,6831.686341462135,6833.9839024441435]",6831.686341462135,"[6.670153391768409,6.671548685213048,6.671320026677005]",6.671320026677005,1024.0,32.0,4.0,4.0,68.0,64.0
density-crossover-avx512,cross/2/unit32/draw4/stride64/spread/sum/packet,1,3,"[2083.3769173492365,2089.3320923307897,2083.996425912094]",2083.996425912094,"[2083.3845122833995,2089.66150409471,2084.001042442103]",2084.001042442103,"[2.0345477708488637,2.0403633714167864,2.035152759679779]",2.035152759679779,1024.0,32.0,4.0,32.0,96.0,64.0
density-crossover-avx512,cross/2/unit32/draw4/stride64/spread/sum/point,1,3,"[4102.717047451457,4095.982718219462,4103.235207967188]",4102.717047451457,"[4109.00322202602,4101.097539539445,4103.7451669533775]",4103.7451669533775,"[4.006559616651813,3.9999831232611935,4.007065632780457]",4.006559616651813,1024.0,32.0,4.0,32.0,96.0,64.0
density-crossover-avx512,cross/2/unit32/draw4/stride64/spread/update/packet,1,3,"[4031.7337175793778,4029.1541786745165,4020.4452449571377]",4029.1541786745165,"[4031.748414986422,4029.7195965385667,4020.457060518028]",4029.7195965385667,"[3.937239958573611,3.9347208776118325,3.926216059528455]",3.9347208776118325,1024.0,32.0,4.0,32.0,96.0,64.0
density-crossover-avx512,cross/2/unit32/draw4/stride64/spread/update/point,1,3,"[8002.850200114552,7993.759862778367,7998.24757003925]",7998.24757003925,"[8002.874213845776,7994.909662660634,7998.276729552247]",7998.276729552247,"[7.815283398549367,7.8064061159945,7.810788642616455]",7.810788642616455,1024.0,32.0,4.0,32.0,96.0,64.0
density-crossover-avx512,cross/2/unit32/draw8/stride32/compact/sum/packet,1,3,"[1284.7734318015546,1271.1200765865196,1271.1648431800636]",1271.1648431800636,"[1287.0766776065107,1271.1239059080135,1271.3636032086795]",1271.3636032086795,"[1.2546615544937056,1.241328199791523,1.2413719171680309]",1.2413719171680309,1024.0,32.0,8.0,8.0,40.0,32.0
density-crossover-avx512,cross/2/unit32/draw8/stride32/compact/sum/point,1,3,"[5528.724792408045,5527.752471332846,5529.2348754448785]",5528.724792408045,"[5529.4017398179085,5527.76433372652,5536.851324643553]",5529.4017398179085,"[5.399145305085981,5.398195772785983,5.399643433051639]",5.399145305085981,1024.0,32.0,8.0,8.0,40.0,32.0
density-crossover-avx512,cross/2/unit32/draw8/stride32/compact/sum/window,1,3,"[1378.6135532943777,1376.7229082286035,1375.6154302085706]",1376.7229082286035,"[1378.6186901107235,1376.7969969387009,1375.8744443327348]",1376.7969969387009,"[1.3463022981390407,1.3444559650669954,1.3433744435630572]",1.3444559650669954,1024.0,32.0,8.0,8.0,40.0,32.0
density-crossover-avx512,cross/2/unit32/draw8/stride32/compact/update/packet,1,3,"[2994.8219291018186,2989.7330997530694,2988.047403132765]",2989.7330997530694,"[2994.830585329701,2989.744229186617,2988.4311624075576]",2989.744229186617,"[2.924630790138495,2.9196612302276064,2.9180150421218407]",2.9196612302276064,1024.0,32.0,8.0,8.0,40.0,32.0
density-crossover-avx512,cross/2/unit32/draw8/stride32/compact/update/point,1,3,"[10445.92542878397,10455.36539895501,10439.24384787507]",10445.92542878397,"[10445.948545867992,10455.396718865464,10439.28113348591]",10445.948545867992,"[10.201099051546848,10.210317772417,10.1945740701905]",10.201099051546848,1024.0,32.0,8.0,8.0,40.0,32.0
density-crossover-avx512,cross/2/unit32/draw8/stride32/compact/update/window,1,3,"[2977.161726804188,2981.7023195872052,2971.2940292094845]",2977.161726804188,"[2977.5721649496672,2981.7130584212346,2971.3030498287876]",2977.5721649496672,"[2.907384498832215,2.91181867147188,2.901654325399887]",2.907384498832215,1024.0,32.0,8.0,8.0,40.0,32.0
density-crossover-avx512,cross/2/unit32/draw8/stride32/spread/sum/packet,1,3,"[2834.1412406548084,2829.7142857142394,2823.621943826848]",2829.7142857142394,"[2834.5457668257486,2832.395837547251,2824.3253182481267]",2832.395837547251,"[2.7677160553269613,2.763392857142812,2.7574433045184064]",2.763392857142812,1024.0,32.0,8.0,32.0,64.0,32.0
density-crossover-avx512,cross/2/unit32/draw8/stride32/spread/sum/point,1,3,"[5501.907480314922,5502.246062992128,5498.514173228685]",5501.907480314922,"[5502.998818906772,5502.266141735345,5498.530314960905]",5502.266141735345,"[5.372956523745041,5.37328717089075,5.369642747293637]",5.372956523745041,1024.0,32.0,8.0,32.0,64.0,32.0
density-crossover-avx512,cross/2/unit32/draw8/stride32/spread/sum/window,1,3,"[1267.406301219974,1266.6731924967694,1266.506556182924]",1266.6731924967694,"[1267.4099435431074,1266.849116734815,1266.5102895644836]",1266.849116734815,"[1.2377014660351309,1.2369855395476264,1.2368228087723867]",1.2369855395476264,1024.0,32.0,8.0,32.0,64.0,32.0
density-crossover-avx512,cross/2/unit32/draw8/stride32/spread/update/packet,1,3,"[5879.580876157746,5908.848357202646,5883.043386689152]",5883.043386689152,"[5879.598567817359,5909.598567815365,5883.064869419003]",5883.064869419003,"[5.741778199372798,5.770359723830709,5.745159557313625]",5.745159557313625,1024.0,32.0,8.0,32.0,64.0,32.0
density-crossover-avx512,cross/2/unit32/draw8/stride32/spread/update/point,1,3,"[13087.892523364557,13092.733644858685,13090.444859815158]",13090.444859815158,"[13087.941121492779,13094.567289740722,13090.492523367182]",13090.492523367182,"[12.7811450423482,12.785872700057308,12.78363755841324]",12.78363755841324,1024.0,32.0,8.0,32.0,64.0,32.0
density-crossover-avx512,cross/2/unit32/draw8/stride32/spread/update/window,1,3,"[4514.739298357972,4515.444480206587,4523.796266494852]",4515.444480206587,"[4529.190859350099,4516.294496301005,4523.809784357717]",4523.809784357717,"[4.408925096052707,4.409613750201745,4.417769791498879]",4.409613750201745,1024.0,32.0,8.0,32.0,64.0,32.0
density-crossover-avx512,cross/2/unit32/draw8/stride33/compact/sum/packet,1,3,"[1273.7386611030045,1273.2061865022276,1274.068033381851]",1273.7386611030045,"[1273.7415638611867,1273.356948475686,1274.4717888240898]",1273.7415638611867,"[1.2438854112334028,1.2433654165060817,1.2442070638494638]",1.2438854112334028,1024.0,32.0,8.0,8.0,41.0,33.0
density-crossover-avx512,cross/2/unit32/draw8/stride33/compact/sum/point,1,3,"[5507.955206286989,5499.0353634583425,5502.155206287304]",5502.155206287304,"[5507.975245582774,5499.051866409455,5502.898231827635]",5502.898231827635,"[5.378862506139638,5.370151722127288,5.373198443639946]",5.373198443639946,1024.0,32.0,8.0,8.0,41.0,33.0
density-crossover-avx512,cross/2/unit32/draw8/stride33/compact/sum/window,1,3,"[1498.328939042516,1492.889263868412,1487.8501371019863]",1492.889263868412,"[1498.332313855987,1492.8946424783412,1488.1224425205853]",1492.8946424783412,"[1.4632118545337072,1.457899671746496,1.4529786495136585]",1.457899671746496,1024.0,32.0,8.0,8.0,41.0,33.0
density-crossover-avx512,cross/2/unit32/draw8/stride33/compact/update/packet,1,3,"[3014.3762016659416,2992.2913907283896,2994.8675496686706]",2994.8675496686706,"[3133.9732963032075,2998.266823324031,2994.8786584100744]",2998.266823324031,"[2.9437267594393965,2.922159561258193,2.9246753414733107]",2.9246753414733107,1024.0,32.0,8.0,8.0,41.0,33.0
density-crossover-avx512,cross/2/unit32/draw8/stride33/compact/update/point,1,3,"[10493.376768430282,10421.96202531869,10441.918093819866]",10441.918093819866,"[10499.208488455839,10422.000744596495,10443.057334335805]",10443.057334335805,"[10.247438250420196,10.177697290350283,10.197185638495963]",10.197185638495963,1024.0,32.0,8.0,8.0,41.0,33.0
density-crossover-avx512,cross/2/unit32/draw8/stride33/compact/update/window,1,3,"[2908.138940044947,2900.557806425251,2904.2735829752173]",2904.2735829752173,"[2908.5999590768233,2900.566196029566,2904.2821772091515]",2904.2821772091515,"[2.8399794336376436,2.832575982837159,2.8362046708742357]",2.8362046708742357,1024.0,32.0,8.0,8.0,41.0,33.0
density-crossover-avx512,cross/2/unit32/draw8/stride33/spread/sum/packet,1,3,"[2844.103371243234,2831.932372055776,2839.509748172717]",2839.509748172717,"[2844.595247765958,2831.9427294852853,2839.5180747371755]",2839.5180747371755,"[2.7774446984797208,2.765558957085719,2.772958738449919]",2.772958738449919,1024.0,32.0,8.0,32.0,65.0,33.0
density-crossover-avx512,cross/2/unit32/draw8/stride33/spread/sum/point,1,3,"[5506.237214790904,5503.196695514738,5503.424468922181]",5503.424468922181,"[5508.019669558655,5503.212824549728,5504.0153422516405]",5504.0153422516405,"[5.377184780069242,5.3742155229636115,5.374437957931818]",5.374437957931818,1024.0,32.0,8.0,32.0,65.0,33.0
density-crossover-avx512,cross/2/unit32/draw8/stride33/spread/update/packet,1,3,"[5884.175755033566,5896.151845637495,5884.452600671703]",5884.452600671703,"[5895.535654367973,5896.172818795083,5884.474412745104]",5895.535654367973,"[5.746265385774968,5.757960786755366,5.74653574284346]",5.74653574284346,1024.0,32.0,8.0,32.0,65.0,33.0
density-crossover-avx512,cross/2/unit32/draw8/stride33/spread/update/point,1,3,"[13091.083489681077,13095.623827394547,13099.058161350813]",13095.623827394547,"[13091.12288931577,13097.538461529337,13099.096622879126]",13097.538461529337,"[12.784261220391675,12.788695143939988,12.792048985694153]",12.788695143939988,1024.0,32.0,8.0,32.0,65.0,33.0
density-crossover-avx512,cross/2/unit32/draw8/stride64/compact/sum/packet,1,3,"[1363.455598076691,1363.2582670984345,1364.215974879916]",1363.455598076691,"[1367.4503974108763,1363.8333823964201,1364.220096162348]",1364.220096162348,"[1.3314996074967689,1.331306901463315,1.332242162968668]",1.3314996074967689,1024.0,32.0,8.0,8.0,72.0,64.0
density-crossover-avx512,cross/2/unit32/draw8/stride64/compact/sum/point,1,3,"[5569.922403501728,5561.8010346194715,5563.062077199199]",5563.062077199199,"[5569.938718655757,5563.795065647754,5564.869478715266]",5564.869478715266,"[5.439377347169655,5.431446322870578,5.432677809764843]",5.432677809764843,1024.0,32.0,8.0,8.0,72.0,64.0
density-crossover-avx512,cross/2/unit32/draw8/stride64/compact/update/packet,1,3,"[2987.4266837176274,2987.7269820969514,2989.7858056263444]",2987.7269820969514,"[2987.437553286016,2987.7357203755946,2996.5530690500345]",2987.7357203755946,"[2.9174088708179955,2.9177021309540545,2.919712700806977]",2.9177021309540545,1024.0,32.0,8.0,8.0,72.0,64.0
density-crossover-avx512,cross/2/unit32/draw8/stride64/compact/update/point,1,3,"[10479.075598804693,10485.8727544893,10487.54865269594]",10485.8727544893,"[10479.107035927724,10485.910928137177,10492.325598800086]",10485.910928137177,"[10.233472264457708,10.24011011180596,10.241746731148378]",10.24011011180596,1024.0,32.0,8.0,8.0,72.0,64.0
density-crossover-avx512,cross/2/unit32/draw8/stride64/spread/sum/packet,1,3,"[2866.6761025638502,2884.4707692307556,2862.122051281765]",2866.6761025638502,"[2866.682256406141,2884.4814358961185,2862.130666670008]",2866.682256406141,"[2.79948838141001,2.81686598557691,2.795041065704848]",2.79948838141001,1024.0,32.0,8.0,32.0,96.0,64.0
density-crossover-avx512,cross/2/unit32/draw8/stride64/spread/sum/point,1,3,"[5526.294907225592,5516.820371102529,5515.173707067592]",5516.820371102529,"[5526.315436231644,5516.83260955036,5515.189893406434]",5516.83260955036,"[5.396772370337493,5.387519893654813,5.385911823308195]",5.387519893654813,1024.0,32.0,8.0,32.0,96.0,64.0
density-crossover-avx512,cross/2/unit32/draw8/stride64/spread/update/packet,1,3,"[6018.7030643083735,6003.994389296509,6003.56322831207]",6003.994389296509,"[6018.720759607011,6004.016832110817,6015.941303404484]",6015.941303404484,"[5.877639711238646,5.863275770797372,5.862854715148505]",5.863275770797372,1024.0,32.0,8.0,32.0,96.0,64.0
density-crossover-avx512,cross/2/unit32/draw8/stride64/spread/update/point,1,3,"[13169.290686737331,13143.993414861014,13154.83066791938]",13154.83066791938,"[13193.383819385685,13144.032925682723,13154.869238003894]",13154.869238003894,"[12.860635436266927,12.835931069200209,12.846514324140019]",12.846514324140019,1024.0,32.0,8.0,32.0,96.0,64.0
density-crossover-avx512,cross/4/unit12/draw2/stride12/compact/sum/packet,1,3,"[715.2225522274603,717.182230052894,715.7551472438925]",715.7551472438925,"[715.6445003785838,717.1843443240427,715.7577145732212]",715.7577145732212,"[0.6984595236596293,0.7003732715360294,0.6989796359803637]",0.6989796359803637,1024.0,12.0,2.0,2.0,38.0,12.0
density-crossover-avx512,cross/4/unit12/draw2/stride12/compact/sum/point,1,3,"[2703.2584811106112,2701.7417116424276,2701.1285659214764]",2701.7417116424276,"[2703.6306861978887,2701.7496144951338,2701.1366615280735]",2701.7496144951338,"[2.6399008604595817,2.638419640275808,2.6378208651576913]",2.638419640275808,1024.0,12.0,2.0,2.0,38.0,12.0
density-crossover-avx512,cross/4/unit12/draw2/stride12/compact/sum/window,1,3,"[735.8510381078852,736.7450722732941,735.9083311432502]",735.9083311432502,"[735.9540604461,736.7472798939069,737.6750065702784]",736.7472798939069,"[0.7186045294022317,0.7194776096418888,0.7186604796320802]",0.7186604796320802,1024.0,12.0,2.0,2.0,38.0,12.0
density-crossover-avx512,cross/4/unit12/draw2/stride12/compact/update/packet,1,3,"[1493.3840904244878,1493.2304329280078,1493.089677969692]",1493.2304329280078,"[1493.6550437187432,1493.2359778207676,1495.5690978880923]",1493.6550437187432,"[1.4583829008051639,1.4582328446562576,1.4580953886422776]",1.4582328446562576,1024.0,12.0,2.0,2.0,38.0,12.0
density-crossover-avx512,cross/4/unit12/draw2/stride12/compact/update/point,1,3,"[4142.163614884373,4137.2046662734365,4137.37891317216]",4137.37891317216,"[4165.312167751672,4138.457471945726,4138.4427052560495]",4138.457471945726,"[4.045081655160519,4.040238931907653,4.040409094894687]",4.040409094894687,1024.0,12.0,2.0,2.0,38.0,12.0
density-crossover-avx512,cross/4/unit12/draw2/stride12/compact/update/window,1,3,"[1537.5313870172483,1505.6010052399913,1547.697144690561]",1537.5313870172483,"[1537.5369479195258,1505.8140305838833,1547.702705593218]",1537.5369479195258,"[1.5014954951340316,1.4703134816796788,1.5114229928618759]",1.5014954951340316,1024.0,12.0,2.0,2.0,38.0,12.0
density-crossover-avx512,cross/4/unit12/draw2/stride12/spread/sum/packet,1,3,"[1063.2917488244466,1063.6361292278393,1062.5970726529297]",1063.2917488244466,"[1063.2949340203222,1063.6399969658617,1062.7397239513243]",1063.2949340203222,"[1.0383708484613736,1.0387071574490618,1.0376924537626266]",1.0383708484613736,1024.0,12.0,2.0,12.0,48.0,12.0
density-crossover-avx512,cross/4/unit12/draw2/stride12/spread/sum/point,1,3,"[2700.1571346044293,2700.9214326976303,2701.3433468128037]",2700.9214326976303,"[2700.166762950392,2700.9295205094977,2701.6689774717706]",2700.9295205094977,"[2.636872201762138,2.6376185866187796,2.6380306121218786]",2.6376185866187796,1024.0,12.0,2.0,12.0,48.0,12.0
density-crossover-avx512,cross/4/unit12/draw2/stride12/spread/sum/window,1,3,"[584.1230082590213,583.4877784267513,583.7951530825721]",583.7951530825721,"[585.1542087268994,583.4894469009216,583.9745974809947]",583.9745974809947,"[0.5704326252529506,0.5698122836198745,0.5701124541821995]",0.5701124541821995,1024.0,12.0,2.0,12.0,48.0,12.0
density-crossover-avx512,cross/4/unit12/draw2/stride12/spread/update/packet,1,3,"[2051.698384728472,2057.3502202641266,2053.154919236552]",2053.154919236552,"[2051.7042584409523,2057.356387662388,2053.6574155663648]",2053.6574155663648,"[2.0036117038363983,2.0091310744766866,2.005034100816945]",2.005034100816945,1024.0,12.0,2.0,12.0,48.0,12.0
density-crossover-avx512,cross/4/unit12/draw2/stride12/spread/update/point,1,3,"[4635.901291819277,4635.2616760525,4639.332560450397]",4635.901291819277,"[4638.253395165199,4635.275256703586,4647.060947336279]",4638.253395165199,"[4.527247355292262,4.526622730520019,4.530598203564841]",4.527247355292262,1024.0,12.0,2.0,12.0,48.0,12.0
density-crossover-avx512,cross/4/unit12/draw2/stride12/spread/update/window,1,3,"[1684.7568476693061,1687.6267419510548,1682.5426477653086]",1684.7568476693061,"[1684.9802979350184,1687.8178760233702,1682.550096108922]",1684.9802979350184,"[1.6452703590520568,1.648072990186577,1.6431080544583094]",1.6452703590520568,1024.0,12.0,2.0,12.0,48.0,12.0
density-crossover-avx512,cross/4/unit12/draw2/stride13/compact/sum/packet,1,3,"[705.0591818087817,704.4135113186089,708.3735661353892]",705.0591818087817,"[705.0612120595054,704.4155923268673,709.071008018744]",705.0612120595054,"[0.6885343572351383,0.687903819647079,0.691771060679091]",0.6885343572351383,1024.0,12.0,2.0,2.0,41.0,13.0
density-crossover-avx512,cross/4/unit12/draw2/stride13/compact/sum/point,1,3,"[2703.7497584536177,2701.123671497438,2702.9113043473017]",2702.9113043473017,"[2704.138550723366,2701.133719810881,2709.514202896514]",2704.138550723366,"[2.640380623489861,2.6378160854467168,2.639561820651662]",2.639561820651662,1024.0,12.0,2.0,2.0,41.0,13.0
density-crossover-avx512,cross/4/unit12/draw2/stride13/compact/sum/window,1,3,"[722.5119133947537,718.6069615663507,719.6723816430178]",719.6723816430178,"[722.6393867191669,718.6090334599817,719.6750751065969]",719.6750751065969,"[0.7055780404245642,0.7017646109046393,0.7028050601982597]",0.7028050601982597,1024.0,12.0,2.0,2.0,41.0,13.0
density-crossover-avx512,cross/4/unit12/draw2/stride13/compact/update/packet,1,3,"[1492.6174246459284,1488.3699009476895,1492.7123229310616]",1492.6174246459284,"[1492.8136116759115,1488.671530512673,1492.7188198957538]",1492.7188198957538,"[1.4576342037557894,1.4534862313942278,1.4577268778623649]",1.4576342037557894,1024.0,12.0,2.0,2.0,41.0,13.0
density-crossover-avx512,cross/4/unit12/draw2/stride13/compact/update/point,1,3,"[4134.831709477093,4134.760850310118,4135.118393858145]",4134.831709477093,"[4135.328314142169,4134.776203127846,4135.130203725602]",4135.130203725602,"[4.037921591286223,4.037852392880975,4.038201556502096]",4.037921591286223,1024.0,12.0,2.0,2.0,41.0,13.0
density-crossover-avx512,cross/4/unit12/draw2/stride13/compact/update/window,1,3,"[1506.469259179017,1514.4639365633595,1509.1000434501616]",1509.1000434501616,"[1508.5027156223887,1514.6618509664047,1509.105583317083]",1509.105583317083,"[1.4711613859170087,1.4789686880501558,1.4737305111817987]",1.4737305111817987,1024.0,12.0,2.0,2.0,41.0,13.0
density-crossover-avx512,cross/4/unit12/draw2/stride13/spread/sum/packet,1,3,"[1063.3123425693125,1062.449889321429,1060.958323792054]",1062.449889321429,"[1063.3155484328104,1062.5926265185683,1060.9615296539248]",1062.5926265185683,"[1.0383909595403442,1.037548720040458,1.0360921130781777]",1.037548720040458,1024.0,12.0,2.0,12.0,51.0,13.0
density-crossover-avx512,cross/4/unit12/draw2/stride13/spread/sum/point,1,3,"[2702.5599229287086,2702.2244701345003,2709.0028901732544]",2702.5599229287086,"[2702.569749521855,2702.2344894031517,2709.346050094457]",2702.569749521855,"[2.639218674735067,2.638891084115723,2.6455106349348187]",2.639218674735067,1024.0,12.0,2.0,12.0,51.0,13.0
density-crossover-avx512,cross/4/unit12/draw2/stride13/spread/sum/window,1,3,"[785.915043560369,772.3925420343012,772.9596026857621]",772.9596026857621,"[785.9179290840395,773.8525609013298,773.1033793901936]",773.8525609013298,"[0.7674951597269228,0.7542895918303723,0.7548433619978145]",0.7548433619978145,1024.0,12.0,2.0,12.0,51.0,13.0
density-crossover-avx512,cross/4/unit12/draw2/stride13/spread/update/packet,1,3,"[2057.2721268163737,2050.1520622340918,2058.6092763834645]",2057.2721268163737,"[2057.27829150048,2050.3957140775456,2061.5671510360794]",2057.27829150048,"[2.009054811344115,2.0021016232754802,2.010360621468227]",2.009054811344115,1024.0,12.0,2.0,12.0,51.0,13.0
density-crossover-avx512,cross/4/unit12/draw2/stride13/spread/update/point,1,3,"[4635.685657501912,4635.586618086106,4637.172904935506]",4635.685657501912,"[4635.699238161235,4635.603511094904,4637.912222584453]",4635.699238161235,"[4.527036774904211,4.526940056724713,4.52848916497608]",4.527036774904211,1024.0,12.0,2.0,12.0,51.0,13.0
density-crossover-avx512,cross/4/unit12/draw2/stride13/spread/update/window,1,3,"[1907.7700040752777,1896.7485396006116,1894.4416519497302]",1896.7485396006116,"[1907.775709824182,1896.7539736467968,1894.447357696704]",1896.7539736467968,"[1.8630566446047632,1.8522934957037225,1.8500406757321584]",1.8522934957037225,1024.0,12.0,2.0,12.0,51.0,13.0
density-crossover-avx512,cross/4/unit12/draw2/stride64/compact/sum/packet,1,3,"[751.4648158035287,748.5731446876008,746.9367859051279]",748.5731446876008,"[751.4670048055012,750.1776294702115,746.9383876137495]",750.1776294702115,"[0.7338523591831335,0.7310284616089853,0.7294304549854764]",0.7310284616089853,1024.0,12.0,2.0,2.0,194.0,64.0
density-crossover-avx512,cross/4/unit12/draw2/stride64/compact/sum/point,1,3,"[2711.2410246458426,2711.4119930141405,2711.0023287407885]",2711.2410246458426,"[2711.250921796712,2712.0700562782404,2711.0104793305936]",2711.250921796712,"[2.647696313130705,2.6478632744278716,2.6474632116609262]",2.647696313130705,1024.0,12.0,2.0,2.0,194.0,64.0
density-crossover-avx512,cross/4/unit12/draw2/stride64/compact/update/packet,1,3,"[1518.1789750904977,1521.242730165758,1527.8498847801523]",1521.242730165758,"[1520.6645451566153,1521.5819159466503,1527.854274114434]",1521.5819159466503,"[1.482596655361814,1.4855886036774981,1.4920409031056174]",1.4855886036774981,1024.0,12.0,2.0,2.0,194.0,64.0
density-crossover-avx512,cross/4/unit12/draw2/stride64/compact/update/point,1,3,"[4163.032718620249,4162.853955978968,4162.8602022614605]",4162.8602022614605,"[4164.445865554111,4162.866448538668,4162.872099936057]",4162.872099936057,"[4.065461639277588,4.065287066385711,4.0652931662709575]",4.0652931662709575,1024.0,12.0,2.0,2.0,194.0,64.0
density-crossover-avx512,cross/4/unit12/draw2/stride64/spread/sum/packet,1,3,"[1076.8501728774302,1138.3907798692596,1076.9893200153963]",1076.9893200153963,"[1076.852631578586,1138.6108336538193,1076.9931617348943]",1076.9931617348943,"[1.0516114969506154,1.1117097459660739,1.0517473828275354]",1.0517473828275354,1024.0,12.0,2.0,12.0,204.0,64.0
density-crossover-avx512,cross/4/unit12/draw2/stride64/spread/sum/point,1,3,"[2702.693644968054,2704.661966389259,2704.747150859215]",2704.661966389259,"[2702.7034962320213,2705.04095035797,2704.755070508569]",2704.755070508569,"[2.639349262664115,2.6412714515520106,2.641354639510952]",2.6412714515520106,1024.0,12.0,2.0,12.0,204.0,64.0
density-crossover-avx512,cross/4/unit12/draw2/stride64/spread/update/packet,1,3,"[2140.2309699203342,2150.2434008597897,2140.728207489099]",2140.728207489099,"[2141.1244628594745,2150.651626764135,2143.395794965433]",2143.395794965433,"[2.0900693065628264,2.0998470711521384,2.0905548901260733]",2.0905548901260733,1024.0,12.0,2.0,12.0,204.0,64.0
density-crossover-avx512,cross/4/unit12/draw2/stride64/spread/update/point,1,3,"[4648.742942544535,4647.564264363757,4649.061773496949]",4648.742942544535,"[4648.760212558287,4647.577881103508,4650.264363991753]",4648.760212558287,"[4.539788029828647,4.538636976917731,4.540099388180614]",4.539788029828647,1024.0,12.0,2.0,12.0,204.0,64.0
density-crossover-avx512,cross/4/unit12/draw4/stride12/compact/sum/packet,1,3,"[705.5846464645657,704.3098484847953,711.4199494948379]",705.5846464645657,"[705.5871717173,705.4048989898386,711.505404039468]",705.5871717173,"[0.6890475063130526,0.687802586410933,0.6947460444285526]",0.6890475063130526,1024.0,12.0,4.0,4.0,40.0,12.0
density-crossover-avx512,cross/4/unit12/draw4/stride12/compact/sum/point,1,3,"[3341.8884376493156,3341.9030100329614,3343.2978977547737]",3341.9030100329614,"[3342.301958905837,3341.9128045895914,3343.692546586305]",3342.301958905837,"[3.26356292739191,3.2635771582353144,3.264939353276146]",3.2635771582353144,1024.0,12.0,4.0,4.0,40.0,12.0
density-crossover-avx512,cross/4/unit12/draw4/stride12/compact/sum/window,1,3,"[692.3544134411585,691.7904544778049,692.9937552659087]",692.3544134411585,"[692.3564950193652,691.7924864953301,693.075085493786]",692.3564950193652,"[0.6761273568761313,0.6755766157009814,0.676751714126864]",0.6761273568761313,1024.0,12.0,4.0,4.0,40.0,12.0
density-crossover-avx512,cross/4/unit12/draw4/stride12/compact/update/packet,1,3,"[1578.1678140167028,1578.9476357068274,1580.0458187559957]",1578.9476357068274,"[1580.4713914899785,1582.312041530219,1580.5278185296738]",1580.5278185296738,"[1.541179505875686,1.541941050494949,1.5430134948789023]",1.541941050494949,1024.0,12.0,4.0,4.0,40.0,12.0
density-crossover-avx512,cross/4/unit12/draw4/stride12/compact/update/point,1,3,"[5737.899138991712,5739.51004510005,5742.675686757657]",5739.51004510005,"[5737.915949168487,5739.527265266393,5744.131201315245]",5739.527265266393,"[5.603417127921593,5.6049902784180174,5.608081725349274]",5.6049902784180174,1024.0,12.0,4.0,4.0,40.0,12.0
density-crossover-avx512,cross/4/unit12/draw4/stride12/compact/update/window,1,3,"[1567.6987103067063,1530.8773165710934,1525.6189444020822]",1530.8773165710934,"[1567.7043459401832,1531.1809905710238,1525.6233878823828]",1531.1809905710238,"[1.5309557717838929,1.4949973794639584,1.4898622503926584]",1.4949973794639584,1024.0,12.0,4.0,4.0,40.0,12.0
density-crossover-avx512,cross/4/unit12/draw4/stride12/spread/sum/packet,1,3,"[1342.5453495089773,1337.509628345854,1337.7512998268496]",1337.7512998268496,"[1342.7398420958502,1337.5136722507616,1337.7552474493168]",1337.7552474493168,"[1.3110794428798607,1.306161746431498,1.3063977537371578]",1.3063977537371578,1024.0,12.0,4.0,12.0,48.0,12.0
density-crossover-avx512,cross/4/unit12/draw4/stride12/spread/sum/point,1,3,"[3342.9298831390065,3340.9575482947084,3347.0608156450526]",3342.9298831390065,"[3343.3286429767804,3340.9675649874866,3351.5208681122103]",3343.3286429767804,"[3.264579964002936,3.2626538557565516,3.268614077778371]",3.264579964002936,1024.0,12.0,4.0,12.0,48.0,12.0
density-crossover-avx512,cross/4/unit12/draw4/stride12/spread/sum/window,1,3,"[584.7620760320019,583.8821044707911,584.1230396052733]",584.1230396052733,"[584.8720672491734,583.8842792010777,584.1247542979922]",584.1247542979922,"[0.5710567148750019,0.570197367647257,0.5704326558645247]",0.5704326558645247,1024.0,12.0,4.0,12.0,48.0,12.0
density-crossover-avx512,cross/4/unit12/draw4/stride12/spread/update/packet,1,3,"[2860.8382683272916,2859.1394731474797,2868.651215030116]",2860.8382683272916,"[2861.2307535228615,2859.1478456218406,2868.659791711876]",2861.2307535228615,"[2.7937873714133707,2.7921283917455852,2.8014172021778476]",2.7937873714133707,1024.0,12.0,4.0,12.0,48.0,12.0
density-crossover-avx512,cross/4/unit12/draw4/stride12/spread/update/point,1,3,"[7015.115172758656,7003.938908362426,7003.91337005641]",7003.938908362426,"[7017.990485731183,7003.958938400256,7003.944416614601]",7003.958938400256,"[6.850698410897125,6.839784090197682,6.839759150445713]",6.839784090197682,1024.0,12.0,4.0,12.0,48.0,12.0
density-crossover-avx512,cross/4/unit12/draw4/stride12/spread/update/window,1,3,"[2284.1517637407915,2292.8114848232003,2288.110746513539]",2288.110746513539,"[2284.15849056778,2293.1594749804626,2288.1174733381968]",2288.1174733381968,"[2.2306169567781167,2.239073715647656,2.2344831508921286]",2.2344831508921286,1024.0,12.0,4.0,12.0,48.0,12.0
density-crossover-avx512,cross/4/unit12/draw4/stride13/compact/sum/packet,1,3,"[707.1843575418358,706.3719865116032,703.4916201117106]",706.3719865116032,"[708.1311087614531,706.4767225329811,703.4942372538516]",706.4767225329811,"[0.690609724161949,0.6898163930777375,0.6870035352653424]",0.6898163930777375,1024.0,12.0,4.0,4.0,43.0,13.0
density-crossover-avx512,cross/4/unit12/draw4/stride13/compact/sum/point,1,3,"[3339.8057210965476,3340.752324195883,3339.1311084625368]",3339.8057210965476,"[3339.8178784268616,3341.174493447738,3339.14112038401]",3339.8178784268616,"[3.2615290245083473,3.262453441597542,3.260870223107946]",3.2615290245083473,1024.0,12.0,4.0,4.0,43.0,13.0
density-crossover-avx512,cross/4/unit12/draw4/stride13/compact/sum/window,1,3,"[776.5046157269524,778.617784451029,778.9548437325637]",778.617784451029,"[776.5074518966899,778.739072406795,778.958236014212]",778.739072406795,"[0.7583052887958518,0.760368930127958,0.7606980895825818]",0.760368930127958,1024.0,12.0,4.0,4.0,43.0,13.0
density-crossover-avx512,cross/4/unit12/draw4/stride13/compact/update/packet,1,3,"[1597.3290424570118,1589.8097335139785,1592.1190153569135]",1592.1190153569135,"[1597.3336720874258,1590.2311427268335,1592.3585140000532]",1592.3585140000532,"[1.5598916430244256,1.5525485678847448,1.5548037259344856]",1.5548037259344856,1024.0,12.0,4.0,4.0,43.0,13.0
density-crossover-avx512,cross/4/unit12/draw4/stride13/compact/update/point,1,3,"[5739.7556468172115,5744.864887063243,5743.353182751524]",5743.353182751524,"[5741.037782333106,5752.014784391603,5744.15071868469]",5744.15071868469,"[5.605230123844933,5.6102196162726985,5.6087433425307855]",5.6087433425307855,1024.0,12.0,4.0,4.0,43.0,13.0
density-crossover-avx512,cross/4/unit12/draw4/stride13/compact/update/window,1,3,"[1552.939181676836,1556.1392039139978,1547.6678897039565]",1552.939181676836,"[1552.9438514578658,1556.1436513233546,1547.9127195890794]",1552.9438514578658,"[1.5165421696062853,1.5196671913222632,1.5113944235390202]",1.5165421696062853,1024.0,12.0,4.0,4.0,43.0,13.0
density-crossover-avx512,cross/4/unit12/draw4/stride13/spread/sum/packet,1,3,"[1340.2655421687662,1338.588433734951,1335.2025060240624]",1338.588433734951,"[1340.2714216873248,1338.5934457828735,1335.2073253032818]",1338.5934457828735,"[1.3088530685241857,1.307215267319288,1.3039086972891234]",1.307215267319288,1024.0,12.0,4.0,12.0,51.0,13.0
density-crossover-avx512,cross/4/unit12/draw4/stride13/spread/sum/point,1,3,"[3338.62887828184,3339.602863962068,3338.3257756569]",3338.62887828184,"[3338.6389021524096,3339.6150357982406,3338.3355608563343]",3338.6389021524096,"[3.2603797639471095,3.261330921837957,3.2600837652899415]",3.2603797639471095,1024.0,12.0,4.0,12.0,51.0,13.0
density-crossover-avx512,cross/4/unit12/draw4/stride13/spread/sum/window,1,3,"[788.9980904987921,787.4461867838168,796.0319986112899]",788.9980904987921,"[789.0004050454999,787.4485591944081,796.034891794983]",789.0004050454999,"[0.7705059477527266,0.7689904167810709,0.7773749986438377]",0.7705059477527266,1024.0,12.0,4.0,12.0,51.0,13.0
density-crossover-avx512,cross/4/unit12/draw4/stride13/spread/update/packet,1,3,"[2861.3602865919793,2866.402251791291,2887.980757420735]",2866.402251791291,"[2864.19385874974,2866.4128966240146,2892.359672466927]",2866.4128966240146,"[2.7942971548749798,2.7992209490149325,2.8202937084186863]",2.7992209490149325,1024.0,12.0,4.0,12.0,51.0,13.0
density-crossover-avx512,cross/4/unit12/draw4/stride13/spread/update/point,1,3,"[7005.465698549499,7005.105658488084,7003.913370054631]",7005.105658488084,"[7006.257886833424,7008.766149229961,7003.944416614601]",7006.257886833424,"[6.841275096239745,6.84092349461727,6.839759150443975]",6.84092349461727,1024.0,12.0,4.0,12.0,51.0,13.0
density-crossover-avx512,cross/4/unit12/draw4/stride13/spread/update/window,1,3,"[2471.34284204982,2467.1077654517444,2471.5574925166948]",2471.34284204982,"[2471.6668427509485,2467.11516111748,2471.5648881836814]",2471.5648881836814,"[2.4134207441892768,2.409284927198969,2.4136303637858347]",2.4134207441892768,1024.0,12.0,4.0,12.0,51.0,13.0
density-crossover-avx512,cross/4/unit12/draw4/stride64/compact/sum/packet,1,3,"[750.4601177729967,750.364828693681,748.9671306210544]",750.364828693681,"[750.5672912197022,750.3675588875774,750.2653640257254]",750.3675588875774,"[0.7328712087626921,0.7327781530211729,0.7314132134971234]",0.7327781530211729,1024.0,12.0,4.0,4.0,196.0,64.0
density-crossover-avx512,cross/4/unit12/draw4/stride64/compact/sum/point,1,3,"[3374.3892779522384,3375.2704660710356,3375.2149239311498]",3375.2149239311498,"[3374.983578847729,3379.9603960390436,3375.2250664105095]",3375.2250664105095,"[3.295302029250233,3.2961625645224957,3.2961083241515134]",3.2961083241515134,1024.0,12.0,4.0,4.0,196.0,64.0
density-crossover-avx512,cross/4/unit12/draw4/stride64/compact/update/packet,1,3,"[1598.3714969242326,1593.48553201201,1594.9948735474895]",1594.9948735474895,"[1598.3774208261932,1593.7703349252445,1594.9996582360711]",1594.9996582360711,"[1.560909664965071,1.5561382148554785,1.5576121811987202]",1.5576121811987202,1024.0,12.0,4.0,4.0,196.0,64.0
density-crossover-avx512,cross/4/unit12/draw4/stride64/compact/update/point,1,3,"[5819.948111248806,5810.981735159068,5809.894562058204]",5810.981735159068,"[5821.107098378956,5811.916147781987,5809.911581569782]",5811.916147781987,"[5.683543077391412,5.674786850741277,5.673725158259964]",5.674786850741277,1024.0,12.0,4.0,4.0,196.0,64.0
density-crossover-avx512,cross/4/unit12/draw4/stride64/spread/sum/packet,1,3,"[1364.3532608697349,1360.4449728262962,1361.8037655281848]",1361.8037655281848,"[1364.3572399062966,1360.6382958081424,1361.806774066393]",1361.806774066393,"[1.3323762313181002,1.3285595437756799,1.329886489773618]",1.329886489773618,1024.0,12.0,4.0,12.0,204.0,64.0
density-crossover-avx512,cross/4/unit12/draw4/stride64/spread/sum/point,1,3,"[3371.391807229463,3370.965060241301,3369.220481927522]",3370.965060241301,"[3371.4014457870458,3371.7197590364326,3369.7390361487714]",3371.4014457870458,"[3.2923748117475227,3.291958066641896,3.290254376882346]",3.291958066641896,1024.0,12.0,4.0,12.0,204.0,64.0
density-crossover-avx512,cross/4/unit12/draw4/stride64/spread/update/packet,1,3,"[2941.23393045288,2944.169652265629,2941.97386722826]",2941.97386722826,"[2945.3879873511805,2944.1761854575066,2942.6168598521162]",2944.1761854575066,"[2.8722987602078907,2.875165676040653,2.873021354715098]",2.873021354715098,1024.0,12.0,4.0,12.0,204.0,64.0
density-crossover-avx512,cross/4/unit12/draw4/stride64/spread/update/point,1,3,"[7068.856060606887,7074.013131313612,7078.85101010165]",7074.013131313612,"[7068.877272733443,7086.281313134883,7080.270707063212]",7080.270707063212,"[6.903179746686413,6.908215948548449,6.912940439552393]",6.908215948548449,1024.0,12.0,4.0,12.0,204.0,64.0
density-crossover-avx512,cross/4/unit12/draw8/stride12/compact/sum/packet,1,3,"[739.4696858253752,740.6727435116774,745.1794683198748]",740.6727435116774,"[741.9159398969241,750.3229484075873,745.6629189879061]",745.6629189879061,"[0.722138365063843,0.7233132260856224,0.7277143245311277]",0.7233132260856224,1024.0,12.0,8.0,8.0,44.0,12.0
density-crossover-avx512,cross/4/unit12/draw8/stride12/compact/sum/point,1,3,"[4762.579054743167,4758.713022781491,4762.878612716063]",4762.579054743167,"[4762.596735797038,4758.727303644356,4764.143828632231]",4762.596735797038,"[4.650956108147624,4.64718068631005,4.65124864523053]",4.650956108147624,1024.0,12.0,8.0,8.0,44.0,12.0
density-crossover-avx512,cross/4/unit12/draw8/stride12/compact/sum/window,1,3,"[756.8083432786768,756.9559509602063,757.971953998107]",756.9559509602063,"[758.732613648861,756.9581208628615,758.1413149612954]",758.1413149612954,"[0.7390706477330828,0.7392147958595765,0.7402069863262765]",0.7392147958595765,1024.0,12.0,8.0,8.0,44.0,12.0
density-crossover-avx512,cross/4/unit12/draw8/stride12/compact/update/packet,1,3,"[1601.7011481185555,1604.3112424692038,1600.1813118105704]",1601.7011481185555,"[1601.7059224746522,1608.7128566581955,1600.4702739568381]",1601.7059224746522,"[1.564161277459527,1.5667101977238318,1.5626770623150101]",1.564161277459527,1024.0,12.0,8.0,8.0,44.0,12.0
density-crossover-avx512,cross/4/unit12/draw8/stride12/compact/update/point,1,3,"[9593.51336531739,9597.419465387698,9600.119945167786]",9597.419465387698,"[9593.548320757045,9598.886908846654,9602.657299527915]",9598.886908846654,"[9.368665395817764,9.372479946667674,9.375117133952916]",9.372479946667674,1024.0,12.0,8.0,8.0,44.0,12.0
density-crossover-avx512,cross/4/unit12/draw8/stride12/compact/update/window,1,3,"[1565.208699730307,1566.9169890961364,1563.1394067299411]",1565.208699730307,"[1565.2145620827678,1567.300386914157,1563.4944307658009]",1565.2145620827678,"[1.5285241208303781,1.5301923721641957,1.5265033268847084]",1.5285241208303781,1024.0,12.0,8.0,8.0,44.0,12.0
density-crossover-avx512,cross/4/unit12/draw8/stride12/spread/sum/packet,1,3,"[637.497651940016,635.041945926184,636.3965257830088]",636.3965257830088,"[637.5004331365568,635.0438152554979,637.3700360182851]",637.3700360182851,"[0.6225563007226719,0.620158150318539,0.6214809822099696]",0.6214809822099696,1024.0,12.0,8.0,12.0,48.0,12.0
density-crossover-avx512,cross/4/unit12/draw8/stride12/spread/sum/point,1,3,"[4756.842356145532,4756.644535239203,4756.069458631222]",4756.644535239203,"[4756.862785153995,4756.65883555408,4756.086482808168]",4756.65883555408,"[4.645353863423371,4.645160678944534,4.644599080694553]",4.645160678944534,1024.0,12.0,8.0,12.0,48.0,12.0
density-crossover-avx512,cross/4/unit12/draw8/stride12/spread/sum/window,1,3,"[583.8391068448341,583.3474958264219,584.4150667779661]",583.8391068448341,"[583.9155676122863,583.3496243741773,584.4167779635648]",583.9155676122863,"[0.5701553777781583,0.5696752888929901,0.5707178386503575]",0.5701553777781583,1024.0,12.0,8.0,12.0,48.0,12.0
density-crossover-avx512,cross/4/unit12/draw8/stride12/spread/update/packet,1,3,"[2846.1608448411725,2859.537977253878,2843.8619008934256]",2846.1608448411725,"[2846.5428513383717,2859.5485377746545,2843.870024374554]",2846.5428513383717,"[2.7794539500402076,2.7925175559119904,2.777208887591236]",2.7794539500402076,1024.0,12.0,8.0,12.0,48.0,12.0
density-crossover-avx512,cross/4/unit12/draw8/stride12/spread/update/point,1,3,"[12100.462867012437,12103.726252159275,12102.64680483596]",12102.64680483596,"[12102.156303987042,12103.762521576988,12106.05008635209]",12103.762521576988,"[11.816858268566833,11.820045168124292,11.818991020347617]",11.818991020347617,1024.0,12.0,8.0,12.0,48.0,12.0
density-crossover-avx512,cross/4/unit12/draw8/stride12/spread/update/window,1,3,"[2832.4376141208795,2831.691012375596,2838.6033678225813]",2832.4376141208795,"[2839.222357480741,2832.01582470952,2838.920064923082]",2838.920064923082,"[2.7660523575399214,2.765323254273043,2.77207360138924]",2.7660523575399214,1024.0,12.0,8.0,12.0,48.0,12.0
density-crossover-avx512,cross/4/unit12/draw8/stride13/compact/sum/packet,1,3,"[770.6367133827994,765.5012915635923,754.7295960429421]",765.5012915635923,"[770.6390217082821,765.6073646613679,754.7323990102414]",765.6073646613679,"[0.75257491541289,0.7475598550425707,0.7370406211356857]",0.7475598550425707,1024.0,12.0,8.0,8.0,47.0,13.0
density-crossover-avx512,cross/4/unit12/draw8/stride13/compact/sum/point,1,3,"[4757.331294597414,4757.629969418386,4754.7995242943625]",4757.331294597414,"[4757.352021749503,4758.241930011207,4754.813795445015]",4757.352021749503,"[4.645831342380286,4.646123017010143,4.643358910443713]",4.645831342380286,1024.0,12.0,8.0,8.0,47.0,13.0
density-crossover-avx512,cross/4/unit12/draw8/stride13/compact/sum/window,1,3,"[794.5493696879769,793.3554845700952,793.1941132849664]",793.3554845700952,"[794.5522788195984,793.4936398381916,793.3024927271481]",793.4936398381916,"[0.775927118835915,0.7747612154004835,0.77460362625485]",0.7747612154004835,1024.0,12.0,8.0,8.0,47.0,13.0
density-crossover-avx512,cross/4/unit12/draw8/stride13/compact/update/packet,1,3,"[1561.46898621603,1562.992996887557,1566.784793241659]",1562.992996887557,"[1561.4736549572895,1564.808470431892,1566.7893508212087]",1564.808470431892,"[1.5248720568515919,1.5263603485230048,1.5300632746500575]",1.5263603485230048,1024.0,12.0,8.0,8.0,47.0,13.0
density-crossover-avx512,cross/4/unit12/draw8/stride13/compact/update/point,1,3,"[9597.405757367373,9605.357093899682,9613.272789581579]",9605.357093899682,"[9599.126799177999,9606.947909529392,9613.29472242384]",9606.947909529392,"[9.372466559929075,9.380231537011408,9.38796170857576]",9.380231537011408,1024.0,12.0,8.0,8.0,47.0,13.0
density-crossover-avx512,cross/4/unit12/draw8/stride13/compact/update/window,1,3,"[1682.638083973823,1680.256179775534,1672.4949733886672]",1680.256179775534,"[1682.644352454951,1680.495209936492,1672.4999408622646]",1680.495209936492,"[1.6432012538806866,1.6408751755620452,1.6332958724498705]",1.6408751755620452,1024.0,12.0,8.0,8.0,47.0,13.0
density-crossover-avx512,cross/4/unit12/draw8/stride13/spread/sum/packet,1,3,"[1386.4538271605645,1383.7477530864537,1383.1807407408783]",1383.7477530864537,"[1386.4579753087048,1383.7526913577653,1383.385382715224]",1383.7526913577653,"[1.3539588155864886,1.3513161651234897,1.3507624421297642]",1.3513161651234897,1024.0,12.0,8.0,12.0,51.0,13.0
density-crossover-avx512,cross/4/unit12/draw8/stride13/spread/sum/point,1,3,"[4756.003060184199,4757.839510370952,4756.533492009301]",4756.533492009301,"[4756.020741248942,4757.8531111893335,4757.085005098606]",4757.085005098606,"[4.644534238461132,4.646327646846633,4.645052238290333]",4.645052238290333,1024.0,12.0,8.0,12.0,51.0,13.0
density-crossover-avx512,cross/4/unit12/draw8/stride13/spread/sum/window,1,3,"[792.1641620478147,788.4175189988293,789.0146848751456]",789.0146848751456,"[792.333923775146,789.9032055299203,789.3620935945659]",789.9032055299203,"[0.773597814499819,0.7699389833972942,0.7705221531983842]",0.7705221531983842,1024.0,12.0,8.0,12.0,51.0,13.0
density-crossover-avx512,cross/4/unit12/draw8/stride13/spread/update/packet,1,3,"[3803.7343453505778,3806.5342911358784,3809.5188397934885]",3806.5342911358784,"[3803.747899158393,3807.058010302885,3810.5738682513265]",3807.058010302885,"[3.7145843216314236,3.717318643687381,3.7202332419858286]",3.717318643687381,1024.0,12.0,8.0,12.0,51.0,13.0
density-crossover-avx512,cross/4/unit12/draw8/stride13/spread/update/point,1,3,"[12108.30017300881,12100.878892735684,12096.985294120304]",12100.878892735684,"[12108.344290659521,12100.931660887702,12097.021626306314]",12100.931660887702,"[11.824511887703917,11.817264543687193,11.81346220128936]",11.817264543687193,1024.0,12.0,8.0,12.0,51.0,13.0
density-crossover-avx512,cross/4/unit12/draw8/stride13/spread/update/window,1,3,"[3101.3890502794816,3120.3162011171403,3100.827932960665]",3101.3890502794816,"[3101.862793295744,3120.3275977669214,3100.8395530709768]",3101.862793295744,"[3.028700244413556,3.0471837901534573,3.0281522782818993]",3.028700244413556,1024.0,12.0,8.0,12.0,51.0,13.0
density-crossover-avx512,cross/4/unit12/draw8/stride64/compact/sum/packet,1,3,"[796.4138497252735,794.4445954363672,793.6518317196883]",794.4445954363672,"[796.4156616267508,797.0016986589137,793.6547760597649]",796.4156616267508,"[0.7777479001223374,0.7758248002308273,0.7750506169137582]",0.7758248002308273,1024.0,12.0,8.0,8.0,200.0,64.0
density-crossover-avx512,cross/4/unit12/draw8/stride64/compact/sum/point,1,3,"[4791.447260274967,4786.703767123576,4782.046232876106]",4786.703767123576,"[4792.36883561825,4786.7178082194105,4799.553767120975]",4792.36883561825,"[4.679147715112272,4.674515397581617,4.669967024293072]",4.674515397581617,1024.0,12.0,8.0,8.0,200.0,64.0
density-crossover-avx512,cross/4/unit12/draw8/stride64/compact/update/packet,1,3,"[1659.8530461682763,1655.661113755368,1660.4111137556586]",1659.8530461682763,"[1660.73488814727,1655.6659923854183,1660.4171822945289]",1660.4171822945289,"[1.6209502403987073,1.6168565564017263,1.6214952282770103]",1.6209502403987073,1024.0,12.0,8.0,8.0,200.0,64.0
density-crossover-avx512,cross/4/unit12/draw8/stride64/compact/update/point,1,3,"[9632.033012381362,9624.742090783588,9621.68844566568]",9624.742090783588,"[9633.498624482552,9624.763411295198,9621.72420907992]",9624.763411295198,"[9.406282238653674,9.399162198030847,9.396180122720391]",9.399162198030847,1024.0,12.0,8.0,8.0,200.0,64.0
density-crossover-avx512,cross/4/unit12/draw8/stride64/spread/sum/packet,1,3,"[1413.7607486090626,1423.9125948407661,1413.3611532625807]",1413.7607486090626,"[1413.9884673739436,1480.4703085482038,1417.187354577291]",1417.187354577291,"[1.3806257310635377,1.3905396433991857,1.380235501232989]",1.3806257310635377,1024.0,12.0,8.0,12.0,204.0,64.0
density-crossover-avx512,cross/4/unit12/draw8/stride64/spread/sum/point,1,3,"[4783.3646616536125,4783.4842788798915,4776.5570745052555]",4783.3646616536125,"[4783.375598079222,4787.9070403257965,4776.571086813544]",4783.375598079222,"[4.671254552396107,4.671371366093644,4.664606518071539]",4.671254552396107,1024.0,12.0,8.0,12.0,204.0,64.0
density-crossover-avx512,cross/4/unit12/draw8/stride64/spread/update/packet,1,3,"[3705.557707406746,3696.79010730186,3682.8568437583767]",3696.79010730186,"[3705.565820469615,3697.492017792276,3682.867573931822]",3697.492017792276,"[3.618708698639401,3.610146589161973,3.5965398864827898]",3.610146589161973,1024.0,12.0,8.0,12.0,204.0,64.0
density-crossover-avx512,cross/4/unit12/draw8/stride64/spread/update/point,1,3,"[12161.885615253326,12163.617850953864,12170.385615251616]",12163.617850953864,"[12161.92980935212,12165.75129982223,12170.421143838428]",12165.75129982223,"[11.876841421145825,11.878533057572131,11.885142202394157]",11.878533057572131,1024.0,12.0,8.0,12.0,204.0,64.0
density-crossover-avx512,cross/4/unit16/draw2/stride16/compact/sum/packet,1,3,"[693.8526895171536,698.0688016012766,697.7435576682592]",697.7435576682592,"[694.9214911184364,698.4286715036139,697.8211658751464]",697.8211658751464,"[0.6775905171065953,0.6817078140637467,0.6813901930354094]",0.6813901930354094,1024.0,16.0,2.0,2.0,50.0,16.0
density-crossover-avx512,cross/4/unit16/draw2/stride16/compact/sum/point,1,3,"[2698.4702139966207,2698.8519375363167,2699.04684788881]",2698.8519375363167,"[2703.1611721610416,2698.860034703663,2699.444187390727]",2699.444187390727,"[2.635224818356075,2.6355975952503092,2.635787937391416]",2.6355975952503092,1024.0,16.0,2.0,2.0,50.0,16.0
density-crossover-avx512,cross/4/unit16/draw2/stride16/compact/sum/window,1,3,"[719.7737985450052,717.836151244935,718.4114663387885]",718.4114663387885,"[719.7764627537161,717.8382518701728,718.5775694228486]",718.5775694228486,"[0.7029041001416066,0.7010118664501318,0.7015736975964731]",0.7015736975964731,1024.0,16.0,2.0,2.0,50.0,16.0
density-crossover-avx512,cross/4/unit16/draw2/stride16/compact/update/packet,1,3,"[1495.8823215047007,1497.6353142370053,1495.409897392235]",1495.8823215047007,"[1501.568619066629,1497.6396964519897,1495.7553441644627]",1497.6396964519897,"[1.4608225795944343,1.4625344865595755,1.4603612279221045]",1.4608225795944343,1024.0,16.0,2.0,2.0,50.0,16.0
density-crossover-avx512,cross/4/unit16/draw2/stride16/compact/update/point,1,3,"[4134.655936208476,4135.663024217315,4136.023626697527]",4135.663024217315,"[4134.668340226041,4135.675428236978,4136.56999409592]",4135.675428236978,"[4.03774993770359,4.038733422087222,4.039085572946804]",4.038733422087222,1024.0,16.0,2.0,2.0,50.0,16.0
density-crossover-avx512,cross/4/unit16/draw2/stride16/compact/update/window,1,3,"[1558.5906523423116,1553.7772732304995,1580.4082401153553]",1558.5906523423116,"[1558.5963008096196,1553.7819249076308,1583.495182188576]",1558.5963008096196,"[1.5220611839280387,1.5173606183891597,1.5433674219876514]",1.5220611839280387,1024.0,16.0,2.0,2.0,50.0,16.0
density-crossover-avx512,cross/4/unit16/draw2/stride16/spread/sum/packet,1,3,"[1064.5395596052379,1063.4088838267378,1062.634472285483]",1063.4088838267378,"[1064.7545178422915,1063.412832194836,1062.637509490426]",1063.412832194836,"[1.03958941367699,1.0384852381120486,1.037728976841292]",1.0384852381120486,1024.0,16.0,2.0,16.0,64.0,16.0
density-crossover-avx512,cross/4/unit16/draw2/stride16/spread/sum/point,1,3,"[2701.0325877360533,2700.0163902815493,2703.3949093714427]",2701.0325877360533,"[2701.3781334330924,2700.026417281562,2703.404743539117]",2701.3781334330924,"[2.6377271364609896,2.636734756134325,2.6400340911830495]",2.6377271364609896,1024.0,16.0,2.0,16.0,64.0,16.0
density-crossover-avx512,cross/4/unit16/draw2/stride16/spread/sum/window,1,3,"[625.6224658022655,627.9501403555207,625.908122800042]",625.908122800042,"[625.6951833535546,627.9520117629248,626.0053023206722]",626.0053023206722,"[0.6109594392600249,0.6132325589409381,0.6112384011719159]",0.6112384011719159,1024.0,16.0,2.0,16.0,64.0,16.0
density-crossover-avx512,cross/4/unit16/draw2/stride16/spread/update/packet,1,3,"[2062.2038263429035,2072.997056659334,2073.4843267103774]",2072.997056659334,"[2062.474760854031,2073.0032376768663,2073.4918322261024]",2073.0032376768663,"[2.0138709241629917,2.0244111881438807,2.024887037803103]",2.0244111881438807,1024.0,16.0,2.0,16.0,64.0,16.0
density-crossover-avx512,cross/4/unit16/draw2/stride16/spread/update/point,1,3,"[4645.773691185759,4637.497017892488,4643.914844267678]",4643.914844267678,"[4663.133532135531,4638.411530809395,4643.925115969288]",4643.925115969288,"[4.536888370298592,4.528805681535633,4.535073090105154]",4.535073090105154,1024.0,16.0,2.0,16.0,64.0,16.0
density-crossover-avx512,cross/4/unit16/draw2/stride16/spread/update/window,1,3,"[1713.6666666669535,1717.420917431381,1796.6415902137578]",1717.420917431381,"[1713.6718042820576,1717.6949235459238,1796.6481957201954]",1717.6949235459238,"[1.6735026041669467,1.6771688646790832,1.7545328029431229]",1.6771688646790832,1024.0,16.0,2.0,16.0,64.0,16.0
density-crossover-avx512,cross/4/unit16/draw2/stride17/compact/sum/packet,1,3,"[705.6014382659621,711.6041223539618,706.6881900131093]",706.6881900131093,"[705.6034639921394,711.6928491850367,706.6903170265311]",706.6903170265311,"[0.6890639045566035,0.6949259007362909,0.6901251855596771]",0.6901251855596771,1024.0,16.0,2.0,2.0,53.0,17.0
density-crossover-avx512,cross/4/unit16/draw2/stride17/compact/sum/point,1,3,"[2702.168500289041,2702.2843080488283,2701.9756803706096]",2702.168500289041,"[2702.176606832164,2702.6010422681134,2701.9835939007853]",2702.176606832164,"[2.6388364260635164,2.638949519578934,2.6386481253619234]",2.6388364260635164,1024.0,16.0,2.0,2.0,53.0,17.0
density-crossover-avx512,cross/4/unit16/draw2/stride17/compact/sum/window,1,3,"[763.4228239002986,756.6533463819131,756.8757135866838]",756.8757135866838,"[765.2425922903539,756.7556135491192,757.8653292022688]",757.8653292022688,"[0.7455301014651354,0.738919283576087,0.7391364390494959]",0.7391364390494959,1024.0,16.0,2.0,2.0,53.0,17.0
density-crossover-avx512,cross/4/unit16/draw2/stride17/compact/update/packet,1,3,"[1496.9622882708286,1495.5221050387563,1495.0841589431895]",1495.5221050387563,"[1496.966762542994,1498.8534142963465,1495.5648236934771]",1496.966762542994,"[1.461877234639481,1.4604708057019107,1.4600431239679588]",1.4604708057019107,1024.0,16.0,2.0,2.0,53.0,17.0
density-crossover-avx512,cross/4/unit16/draw2/stride17/compact/update/point,1,3,"[4137.171791838646,4136.370786517306,4137.423122413107]",4137.171791838646,"[4137.183914838536,4136.382909516146,4138.801596686136]",4137.183914838536,"[4.0402068279674275,4.039424596208307,4.04045226798155]",4.0402068279674275,1024.0,16.0,2.0,2.0,53.0,17.0
density-crossover-avx512,cross/4/unit16/draw2/stride17/compact/update/window,1,3,"[1614.407574704817,1622.4688441048477,1614.9473013666568]",1614.9473013666568,"[1614.412323375324,1622.4724345602458,1615.1535788756166]",1615.1535788756166,"[1.576569897172673,1.5844422305711405,1.577096973990876]",1.577096973990876,1024.0,16.0,2.0,2.0,53.0,17.0
density-crossover-avx512,cross/4/unit16/draw2/stride17/spread/sum/packet,1,3,"[1063.2245238636644,1062.0847560512816,1063.3292359055868]",1063.2245238636644,"[1063.2283177780002,1062.087942939507,1063.3331056984898]",1063.2283177780002,"[1.0383051990856098,1.0371921445813297,1.0384074569390496]",1.0383051990856098,1024.0,16.0,2.0,16.0,67.0,17.0
density-crossover-avx512,cross/4/unit16/draw2/stride17/spread/sum/point,1,3,"[2703.6787714897373,2705.8054858026453,2703.8740583350886]",2703.8740583350886,"[2704.0268495299333,2710.248599578327,2703.883716439723]",2704.0268495299333,"[2.6403113002829466,2.642388169729146,2.64050201009286]",2.64050201009286,1024.0,16.0,2.0,16.0,67.0,17.0
density-crossover-avx512,cross/4/unit16/draw2/stride17/spread/update/packet,1,3,"[2062.876541397637,2069.3901937754654,2072.741485613749]",2069.3901937754654,"[2063.161626541098,2069.39768056202,2072.7491192047746]",2069.39768056202,"[2.01452787245863,2.020888861108853,2.024161607044677]",2.020888861108853,1024.0,16.0,2.0,16.0,67.0,17.0
density-crossover-avx512,cross/4/unit16/draw2/stride17/spread/update/point,1,3,"[4641.291873962713,4638.731674958009,4639.082918739885]",4639.082918739885,"[4641.859369818954,4638.745273628899,4639.100165833264]",4639.100165833264,"[4.532511595666712,4.53001140132618,4.530354412831919]",4.530354412831919,1024.0,16.0,2.0,16.0,67.0,17.0
density-crossover-avx512,cross/4/unit16/draw2/stride64/compact/sum/packet,1,3,"[746.8243777373604,747.3264074352123,746.1935690632541]",746.8243777373604,"[746.9846170274401,747.4130434783274,746.1957590000284]",746.9846170274401,"[0.729320681384141,0.7298109447609495,0.7287046572883341]",0.729320681384141,1024.0,16.0,2.0,2.0,194.0,64.0
density-crossover-avx512,cross/4/unit16/draw2/stride64/compact/sum/point,1,3,"[2710.4493621960164,2710.283146501456,2714.3208349440365]",2710.4493621960164,"[2710.4555469630986,2710.6389640479088,2717.388287595754]",2710.6389640479088,"[2.6469232052695473,2.646760885255328,2.6507039403750356]",2.6469232052695473,1024.0,16.0,2.0,2.0,194.0,64.0
density-crossover-avx512,cross/4/unit16/draw2/stride64/compact/update/packet,1,3,"[1519.0239281076465,1524.82297531399,1516.1061065396282]",1519.0239281076465,"[1519.0284755299958,1525.081961886229,1516.1105456896046]",1519.0284755299958,"[1.4834218047926235,1.4890849368300683,1.4805723696676056]",1.4834218047926235,1024.0,16.0,2.0,2.0,194.0,64.0
density-crossover-avx512,cross/4/unit16/draw2/stride64/compact/update/point,1,3,"[4168.994056464024,4166.096582465864,4164.605052005358]",4166.096582465864,"[4177.565230308991,4166.828231799685,4164.62020802233]",4166.828231799685,"[4.071283258265648,4.0684536938143205,4.066997121098981]",4.0684536938143205,1024.0,16.0,2.0,2.0,194.0,64.0
density-crossover-avx512,cross/4/unit16/draw2/stride64/spread/sum/packet,1,3,"[1078.469919323828,1078.593545908394,1079.1129466000227]",1078.593545908394,"[1078.4723011891906,1078.5967729551962,1079.280522474504]",1078.5967729551962,"[1.0531932805896758,1.053314009676166,1.0538212369140847]",1.053314009676166,1024.0,16.0,2.0,16.0,208.0,64.0
density-crossover-avx512,cross/4/unit16/draw2/stride64/spread/sum/point,1,3,"[2703.8518733098213,2702.2180378520966,2704.9895712635202]",2703.8518733098213,"[2703.857860177833,2702.2242178476276,2705.9747006597154]",2703.857860177833,"[2.6404803450291223,2.638884802589938,2.641591378187032]",2.6404803450291223,1024.0,16.0,2.0,16.0,208.0,64.0
density-crossover-avx512,cross/4/unit16/draw2/stride64/spread/update/packet,1,3,"[2136.879945221965,2141.5499087038193,2153.2159160073]",2141.5499087038193,"[2136.886335970584,2144.6891357283575,2153.611838100814]",2144.6891357283575,"[2.0867968215058252,2.0913573327185735,2.102749917975879]",2.0913573327185735,1024.0,16.0,2.0,16.0,208.0,64.0
density-crossover-avx512,cross/4/unit16/draw2/stride64/spread/update/point,1,3,"[4641.29893828884,4643.021234239761,4642.108493695552]",4642.108493695552,"[4641.312541478638,4643.034837426023,4642.125746512437]",4642.125746512437,"[4.532518494422696,4.534200424062266,4.533309075874563]",4.533309075874563,1024.0,16.0,2.0,16.0,208.0,64.0
density-crossover-avx512,cross/4/unit16/draw4/stride16/compact/sum/packet,1,3,"[703.0762922088304,707.1115779880924,699.1512681619138]",703.0762922088304,"[703.0788740953398,707.113653622345,699.1538500475239]",703.0788740953398,"[0.6865979416101858,0.6905386503789964,0.6827649103143689]",0.6865979416101858,1024.0,16.0,4.0,4.0,52.0,16.0
density-crossover-avx512,cross/4/unit16/draw4/stride16/compact/sum/point,1,3,"[3343.3941780005885,3335.796945836823,3335.7542352664104]",3335.796945836823,"[3343.4039608660573,3335.806967308002,3342.063230735254]",3342.063230735254,"[3.2650333769536997,3.257614204918772,3.257572495377354]",3.257614204918772,1024.0,16.0,4.0,4.0,52.0,16.0
density-crossover-avx512,cross/4/unit16/draw4/stride16/compact/sum/window,1,3,"[748.8024226109602,749.9551009421743,756.7189771198421]",749.9551009421743,"[748.8051682377936,750.1532705235561,757.6935127865543]",750.1532705235561,"[0.7312523658310159,0.7323780282638421,0.7389833760935958]",0.7323780282638421,1024.0,16.0,4.0,4.0,52.0,16.0
density-crossover-avx512,cross/4/unit16/draw4/stride16/compact/update/packet,1,3,"[1577.9412759242782,1579.6929666366075,1578.771979260474]",1578.771979260474,"[1578.202998194224,1579.6974752052586,1578.7767132562562]",1578.7767132562562,"[1.540958277269803,1.5426689127310618,1.5417695109965566]",1.5417695109965566,1024.0,16.0,4.0,4.0,52.0,16.0
density-crossover-avx512,cross/4/unit16/draw4/stride16/compact/update/point,1,3,"[5742.232472325256,5740.797457974366,5740.396063960717]",5740.797457974366,"[5742.946289458398,5740.814678147993,5740.412874125839]",5740.814678147993,"[5.607648898755133,5.606247517553092,5.605855531211637]",5.606247517553092,1024.0,16.0,4.0,4.0,52.0,16.0
density-crossover-avx512,cross/4/unit16/draw4/stride16/compact/update/window,1,3,"[1633.7403314919002,1612.879258747892,1622.176104972612]",1622.176104972612,"[1633.9729511968596,1612.8852440158312,1625.6407688780878]",1625.6407688780878,"[1.5954495424725585,1.575077401120988,1.5841563525123166]",1.5841563525123166,1024.0,16.0,4.0,4.0,52.0,16.0
density-crossover-avx512,cross/4/unit16/draw4/stride16/spread/sum/packet,1,3,"[1339.1596833365045,1336.2874106970396,1336.3965051169205]",1336.3965051169205,"[1339.163641628567,1336.6688549906246,1336.6736821784255]",1336.6736821784255,"[1.3077731282583054,1.3049681745088277,1.3050747120282427]",1.3050747120282427,1024.0,16.0,4.0,16.0,64.0,16.0
density-crossover-avx512,cross/4/unit16/draw4/stride16/spread/sum/point,1,3,"[3342.2668733601745,3344.4135463871785,3350.482947770174]",3344.4135463871785,"[3342.2766515576645,3348.7042690209846,3350.492964468036]",3348.7042690209846,"[3.2639324935157954,3.266028853893729,3.2719560036818107]",3.266028853893729,1024.0,16.0,4.0,16.0,64.0,16.0
density-crossover-avx512,cross/4/unit16/draw4/stride16/spread/sum/window,1,3,"[624.3670857855914,625.3653914749794,622.941234171574]",624.3670857855914,"[624.4380684848493,625.4448457278784,623.0812823255327]",624.4380684848493,"[0.6097334822124916,0.6107083901122845,0.6083410489956778]",0.6097334822124916,1024.0,16.0,4.0,16.0,64.0,16.0
density-crossover-avx512,cross/4/unit16/draw4/stride16/spread/update/packet,1,3,"[2858.5771032794432,2868.6037889590425,2873.2745976777237]",2868.6037889590425,"[2858.585658993422,2868.9523324468605,2873.285190466632]",2868.9523324468605,"[2.7915792024213313,2.801370887655315,2.805932224294652]",2.801370887655315,1024.0,16.0,4.0,16.0,64.0,16.0
density-crossover-avx512,cross/4/unit16/draw4/stride16/spread/update/point,1,3,"[7002.004002001157,7009.2371185589745,7002.413706853714]",7002.413706853714,"[7002.024512243764,7010.16358179438,7002.444222110313]",7002.444222110313,"[6.837894533204254,6.844958123592749,6.83829463559933]",6.83829463559933,1024.0,16.0,4.0,16.0,64.0,16.0
density-crossover-avx512,cross/4/unit16/draw4/stride16/spread/update/window,1,3,"[2247.7565189570755,2242.2612382019893,2240.711246200908]",2242.2612382019893,"[2247.7630779098913,2242.2695568711224,2243.0980643097137]",2243.0980643097137,"[2.195074725544019,2.18970824043163,2.188194576368075]",2.18970824043163,1024.0,16.0,4.0,16.0,64.0,16.0
density-crossover-avx512,cross/4/unit16/draw4/stride17/compact/sum/packet,1,3,"[705.182416573043,704.0419940810395,707.1663435044554]",705.182416573043,"[705.1845086243317,704.045106644166,707.3985100516938]",705.1845086243317,"[0.6886547036846122,0.6875410098447652,0.6905921323285698]",0.6886547036846122,1024.0,16.0,4.0,4.0,55.0,17.0
density-crossover-avx512,cross/4/unit16/draw4/stride17/compact/sum/point,1,3,"[3339.7723480331565,3342.330393325948,3341.7723480334935]",3341.7723480334935,"[3339.7823599487015,3347.5725864097008,3342.4734207386664]",3342.4734207386664,"[3.2614964336261294,3.263994524732371,3.263449558626458]",3.263449558626458,1024.0,16.0,4.0,4.0,55.0,17.0
density-crossover-avx512,cross/4/unit16/draw4/stride17/compact/sum/window,1,3,"[832.2932709393217,818.1717805947534,817.065809738044]",818.1717805947534,"[832.4006041926654,818.1741499826732,817.245942425391]",818.1741499826732,"[0.8127863974016812,0.7989958794870637,0.7979158298223086]",0.7989958794870637,1024.0,16.0,4.0,4.0,55.0,17.0
density-crossover-avx512,cross/4/unit16/draw4/stride17/compact/update/packet,1,3,"[1581.0445996170833,1581.1842549836304,1584.6318279084733]",1581.1842549836304,"[1581.0504561333414,1581.1899988745834,1584.6386980532761]",1581.1899988745834,"[1.543988866813558,1.5441252490074515,1.5474920194418684]",1.5441252490074515,1024.0,16.0,4.0,4.0,55.0,17.0
density-crossover-avx512,cross/4/unit16/draw4/stride17/compact/update/point,1,3,"[5744.287592440717,5751.12366474896,5761.694741166723]",5751.12366474896,"[5752.303615441397,5762.7797863664,5761.711996708738]",5761.711996708738,"[5.609655851992888,5.616331703856407,5.626655020670629]",5.616331703856407,1024.0,16.0,4.0,4.0,55.0,17.0
density-crossover-avx512,cross/4/unit16/draw4/stride17/compact/update/window,1,3,"[1652.3465969832396,1665.6722888701343,1670.8023518229227]",1665.6722888701343,"[1652.3538424995115,1665.6796531636805,1670.808528331067]",1665.6796531636805,"[1.613619723616445,1.6266330945997403,1.631642921702073]",1.6266330945997403,1024.0,16.0,4.0,4.0,55.0,17.0
density-crossover-avx512,cross/4/unit16/draw4/stride17/spread/sum/packet,1,3,"[1336.2738640702507,1337.7850324550266,1341.8466017562657]",1337.7850324550266,"[1336.4477854144222,1337.7898052687945,1341.8506109197222]",1337.7898052687945,"[1.3049549453811042,1.306430695756862,1.3103970720276032]",1.306430695756862,1024.0,16.0,4.0,16.0,67.0,17.0
density-crossover-avx512,cross/4/unit16/draw4/stride17/spread/sum/point,1,3,"[3342.604390360332,3340.807683130242,3340.4333094727926]",3340.807683130242,"[3343.0293486028986,3341.409448818398,3340.4430923399573]",3341.409448818398,"[3.264262099961262,3.2625075030568764,3.262141903782024]",3.2625075030568764,1024.0,16.0,4.0,16.0,67.0,17.0
density-crossover-avx512,cross/4/unit16/draw4/stride17/spread/update/packet,1,3,"[2854.4072481572466,2874.8599508602374,2861.499795249607]",2861.499795249607,"[2854.415642911244,2907.702088450654,2865.810196555125]",2865.810196555125,"[2.7875070782785616,2.8074804207619506,2.7944333937984442]",2.7944333937984442,1024.0,16.0,4.0,16.0,67.0,17.0
density-crossover-avx512,cross/4/unit16/draw4/stride17/spread/update/point,1,3,"[7002.299149574483,7008.206603301388,7013.244122059922]",7008.206603301388,"[7002.319159579363,7011.229114552953,7013.264632311414]",7011.229114552953,"[6.838182763256331,6.843951761036512,6.848871212949143]",6.843951761036512,1024.0,16.0,4.0,16.0,67.0,17.0
density-crossover-avx512,cross/4/unit16/draw4/stride64/compact/sum/packet,1,3,"[747.9893124899044,744.7458393150887,744.3375338969239]",744.7458393150887,"[747.9914925298095,744.8629233790195,744.339660763622]",744.8629233790195,"[0.7304583129784221,0.7272908587061413,0.7268921229462146]",0.7272908587061413,1024.0,16.0,4.0,4.0,196.0,64.0
density-crossover-avx512,cross/4/unit16/draw4/stride64/compact/sum/point,1,3,"[3379.0770341840976,3374.95546461197,3380.665623496192]",3379.0770341840976,"[3386.443428021067,3375.5698122282415,3380.675493501823]",3380.675493501823,"[3.299879916195408,3.295854945910127,3.3014312729454995]",3.299879916195408,1024.0,16.0,4.0,4.0,196.0,64.0
density-crossover-avx512,cross/4/unit16/draw4/stride64/compact/update/packet,1,3,"[1582.2084557991063,1577.6808727108007,1580.8834501468446]",1580.8834501468446,"[1582.2130906627049,1578.0676011755122,1580.8869545559069]",1580.8869545559069,"[1.5451254451163148,1.5407039772566413,1.5438314942840277]",1.5438314942840277,1024.0,16.0,4.0,4.0,196.0,64.0
density-crossover-avx512,cross/4/unit16/draw4/stride64/compact/update/point,1,3,"[5811.618869493217,5810.127182044305,5809.727763923856]",5810.127182044305,"[5821.153782210359,5812.081047372818,5809.744804652341]",5812.081047372818,"[5.67540905223947,5.673952326215142,5.673562269456891]",5.673952326215142,1024.0,16.0,4.0,4.0,196.0,64.0
density-crossover-avx512,cross/4/unit16/draw4/stride64/spread/sum/packet,1,3,"[1366.7691037965105,1364.8999902902347,1365.3729488300514]",1365.3729488300514,"[1366.7731818619898,1364.9030002904199,1365.8041557441813]",1365.8041557441813,"[1.3347354529262798,1.3329101467678073,1.3333720203418469]",1.3333720203418469,1024.0,16.0,4.0,16.0,208.0,64.0
density-crossover-avx512,cross/4/unit16/draw4/stride64/spread/sum/point,1,3,"[3360.915547024973,3360.6465930901404,3363.129798464459]",3360.915547024973,"[3369.677783112452,3360.6540307107175,3364.0899712119112]",3364.0899712119112,"[3.282144088891575,3.2818814385645902,3.284306443812948]",3.282144088891575,1024.0,16.0,4.0,16.0,208.0,64.0
density-crossover-avx512,cross/4/unit16/draw4/stride64/spread/update/packet,1,3,"[2936.1895287955927,2937.0460732983993,2943.3101570677404]",2937.0460732983993,"[2936.196020945703,2937.054869107669,2944.905968588643]",2937.054869107669,"[2.867372586714446,2.868209055955468,2.8743263252614653]",2.868209055955468,1024.0,16.0,4.0,16.0,208.0,64.0
density-crossover-avx512,cross/4/unit16/draw4/stride64/spread/update/point,1,3,"[7068.315656564832,7071.917171718279,7069.068181818617]",7069.068181818617,"[7068.3414141445155,7082.7555555670515,7070.8974747485445]",7070.8974747485445,"[6.902652008364094,6.906169113006133,6.903386896307243]",6.903386896307243,1024.0,16.0,4.0,16.0,208.0,64.0
density-crossover-avx512,cross/4/unit16/draw8/stride16/compact/sum/packet,1,3,"[727.982785440124,725.9159493933728,730.7806180649492]",727.982785440124,"[728.1513014616834,725.9180752870589,730.9025718141098]",728.1513014616834,"[0.710920688906371,0.7089022943294656,0.7136529473290518]",0.710920688906371,1024.0,16.0,8.0,8.0,56.0,16.0
density-crossover-avx512,cross/4/unit16/draw8/stride16/compact/sum/point,1,3,"[4765.9036759696055,4761.863512593831,4761.673247107083]",4761.863512593831,"[4765.9210347124435,4761.884615385383,4761.6868618132985]",4761.884615385383,"[4.654202808564068,4.650257336517413,4.6500715303780105]",4.650257336517413,1024.0,16.0,8.0,8.0,56.0,16.0
density-crossover-avx512,cross/4/unit16/draw8/stride16/compact/sum/window,1,3,"[698.8701791149806,698.7200019955918,698.7834156563279]",698.7834156563279,"[698.8722247171057,698.7220974900971,698.7854113664272]",698.7854113664272,"[0.6824904092919732,0.68234375194882,0.6824056793518827]",0.6824056793518827,1024.0,16.0,8.0,8.0,56.0,16.0
density-crossover-avx512,cross/4/unit16/draw8/stride16/compact/update/packet,1,3,"[1595.627077840333,1597.708930413962,1606.3998624325952]",1597.708930413962,"[1595.8587641863937,1597.7147770256279,1606.4057090462975]",1597.7147770256279,"[1.5582295682034502,1.5602626273573847,1.568749865656831]",1.5602626273573847,1024.0,16.0,8.0,8.0,56.0,16.0
density-crossover-avx512,cross/4/unit16/draw8/stride16/compact/update/point,1,3,"[9612.763248449775,9615.434273915274,9615.956641429968]",9615.434273915274,"[9612.792154149814,9615.461803164935,9632.364762549478]",9615.461803164935,"[9.387464109814232,9.390072533120383,9.390582657646453]",9.390072533120383,1024.0,16.0,8.0,8.0,56.0,16.0
density-crossover-avx512,cross/4/unit16/draw8/stride16/compact/update/window,1,3,"[1598.0279181985125,1597.146714154546,1599.421645220785]",1598.0279181985125,"[1598.216452207179,1597.3249080908686,1599.4275045962695]",1598.216452207179,"[1.560574138865735,1.559713588041549,1.5619352004109228]",1.560574138865735,1024.0,16.0,8.0,8.0,56.0,16.0
density-crossover-avx512,cross/4/unit16/draw8/stride16/spread/sum/packet,1,3,"[715.3503940985431,707.7286782539055,707.8458468068576]",707.8458468068576,"[715.4414409859891,707.7306992719481,707.8484236050593]",707.8484236050593,"[0.6985843692368584,0.6911412873573296,0.6912557097723219]",0.6912557097723219,1024.0,16.0,8.0,16.0,64.0,16.0
density-crossover-avx512,cross/4/unit16/draw8/stride16/spread/sum/point,1,3,"[4757.590955457627,4753.439646378672,4757.526351580881]",4757.526351580881,"[4758.149268957936,4753.453247195846,4766.955457322197]",4758.149268957936,"[4.646084917439089,4.6420309046666715,4.646021827715704]",4.646021827715704,1024.0,16.0,8.0,16.0,64.0,16.0
density-crossover-avx512,cross/4/unit16/draw8/stride16/spread/sum/window,1,3,"[624.7441207910085,624.1865312666015,623.8871815428209]",624.1865312666015,"[625.5526011045265,624.1883128444363,623.8894975945599]",624.1883128444363,"[0.6101016804599694,0.6095571594400405,0.6092648257254111]",0.6095571594400405,1024.0,16.0,8.0,16.0,64.0,16.0
density-crossover-avx512,cross/4/unit16/draw8/stride16/spread/update/packet,1,3,"[1555.5720645523681,1563.1524763495067,1556.2722314966884]",1556.2722314966884,"[1555.8203672791187,1563.1571508089041,1556.2766833628568]",1556.2766833628568,"[1.519113344289422,1.5265160901850654,1.519797101070985]",1.519797101070985,1024.0,16.0,8.0,16.0,64.0,16.0
density-crossover-avx512,cross/4/unit16/draw8/stride16/spread/update/point,1,3,"[12101.863439930981,12106.823681935115,12101.448573897589]",12101.863439930981,"[12101.890233367558,12108.319792573162,12104.076923072886]",12104.076923072886,"[11.818226015557599,11.82307000188976,11.817820872946863]",11.818226015557599,1024.0,16.0,8.0,16.0,64.0,16.0
density-crossover-avx512,cross/4/unit16/draw8/stride16/spread/update/window,1,3,"[1443.4747495610964,1441.9844056593806,1442.1238252605385]",1442.1238252605385,"[1443.4788805144242,1442.1777341723896,1442.1280594876537]",1442.1777341723896,"[1.4096433101182582,1.408187896151739,1.4083240481059947]",1.4083240481059947,1024.0,16.0,8.0,16.0,64.0,16.0
density-crossover-avx512,cross/4/unit16/draw8/stride17/compact/sum/packet,1,3,"[741.039643418852,735.6012060828411,737.9934976403512]",737.9934976403512,"[741.042317777821,735.6972207644045,738.6076035656541]",738.6076035656541,"[0.7236715267762228,0.7183605528152746,0.7206967750394054]",0.7206967750394054,1024.0,16.0,8.0,8.0,59.0,17.0
density-crossover-avx512,cross/4/unit16/draw8/stride17/compact/sum/point,1,3,"[4762.549386920119,4762.069482288191,4762.832084469413]",4762.549386920119,"[4762.566757488923,4762.086512263561,4763.612738418405]",4762.566757488923,"[4.650927135664178,4.650458478797061,4.65120320748966]",4.650927135664178,1024.0,16.0,8.0,8.0,59.0,17.0
density-crossover-avx512,cross/4/unit16/draw8/stride17/compact/sum/window,1,3,"[792.6545413467885,790.8599751466732,791.5333258022199]",791.5333258022199,"[794.0909963862557,790.9820379574033,791.7157704465394]",791.7157704465394,"[0.774076700533973,0.772324194479173,0.7729817634787304]",0.7729817634787304,1024.0,16.0,8.0,8.0,59.0,17.0
density-crossover-avx512,cross/4/unit16/draw8/stride17/compact/update/packet,1,3,"[1604.2503990878838,1600.201254276014,1607.1921322691196]",1604.2503990878838,"[1604.255074117182,1600.2060433300019,1607.5183580402597]",1604.255074117182,"[1.5666507803592615,1.5626965373789197,1.5695235666690621]",1.5666507803592615,1024.0,16.0,8.0,8.0,59.0,17.0
density-crossover-avx512,cross/4/unit16/draw8/stride17/compact/update/point,1,3,"[9613.8469457804,9594.444063143897,9596.5586822236]",9596.5586822236,"[9613.881949215005,9594.485929982422,9598.06932051723]",9598.06932051723,"[9.388522407988672,9.369574280413962,9.371639338108984]",9.371639338108984,1024.0,16.0,8.0,8.0,59.0,17.0
density-crossover-avx512,cross/4/unit16/draw8/stride17/compact/update/window,1,3,"[1600.14323183946,1601.3370965902122,1607.8636104457885]",1601.3370965902122,"[1602.2403922903584,1624.7654236517071,1626.9924734878987]",1624.7654236517071,"[1.5626398748432226,1.5638057583888791,1.5701793070759653]",1.5638057583888791,1024.0,16.0,8.0,8.0,59.0,17.0
density-crossover-avx512,cross/4/unit16/draw8/stride17/spread/sum/packet,1,3,"[676.2964661581332,670.045621318979,669.8052524861412]",670.045621318979,"[678.0996427539949,670.0476006564458,670.0109104949106]",670.0476006564458,"[0.6604457677325518,0.6543414270693154,0.6541066918809972]",0.6543414270693154,1024.0,16.0,8.0,16.0,67.0,17.0
density-crossover-avx512,cross/4/unit16/draw8/stride17/spread/sum/point,1,3,"[4757.617187500543,4762.834918477293,4755.810122283273]",4757.617187500543,"[4757.631114134543,4782.814877721133,4758.918478262886]",4758.918478262886,"[4.646110534668499,4.651205975075481,4.644345822542259]",4.646110534668499,1024.0,16.0,8.0,16.0,67.0,17.0
density-crossover-avx512,cross/4/unit16/draw8/stride17/spread/update/packet,1,3,"[1510.3362573097704,1528.3134069740754,1528.7259042669625]",1528.3134069740754,"[1510.3417803756151,1528.3200129946938,1528.7315356317085]",1528.3200129946938,"[1.4749377512790727,1.4924935614981205,1.4928963908857058]",1.4924935614981205,1024.0,16.0,8.0,16.0,67.0,17.0
density-crossover-avx512,cross/4/unit16/draw8/stride17/spread/update/point,1,3,"[12093.698961935837,12098.897058821483,12094.391003460269]",12094.391003460269,"[12095.593425597523,12128.698961933645,12094.443771630726]",12095.593425597523,"[11.810252892515466,11.815329159005355,11.810928714316669]",11.810928714316669,1024.0,16.0,8.0,16.0,67.0,17.0
density-crossover-avx512,cross/4/unit16/draw8/stride64/compact/sum/packet,1,3,"[772.9702669902365,777.9670123566328,771.7743270079058]",772.9702669902365,"[773.1965467789058,777.969218888736,771.7766438656049]",773.1965467789058,"[0.7548537763576528,0.7597334105045243,0.753685866218658]",0.7548537763576528,1024.0,16.0,8.0,8.0,200.0,64.0
density-crossover-avx512,cross/4/unit16/draw8/stride64/compact/sum/point,1,3,"[4784.532285617359,4784.938503587603,4786.701400752145]",4784.938503587603,"[4785.188588998131,4784.9525111037765,4786.719166381525]",4785.188588998131,"[4.672394810173202,4.672791507409768,4.6745130866720155]",4.672791507409768,1024.0,16.0,8.0,8.0,200.0,64.0
density-crossover-avx512,cross/4/unit16/draw8/stride64/compact/update/packet,1,3,"[1622.5035656777068,1604.9522659304505,1605.4997699561573]",1605.4997699561573,"[1622.7268230983345,1604.9569818264524,1605.5044858517504]",1605.5044858517504,"[1.5844761383571355,1.5673361971977056,1.5678708690978096]",1.5678708690978096,1024.0,16.0,8.0,8.0,200.0,64.0
density-crossover-avx512,cross/4/unit16/draw8/stride64/compact/update/point,1,3,"[9651.206872851631,9641.096219931622,9633.3580756012]",9641.096219931622,"[9652.663917535849,9641.125085901182,9646.107216499597]",9646.107216499597,"[9.42500671176917,9.415133027276974,9.407576245704298]",9.415133027276974,1024.0,16.0,8.0,8.0,200.0,64.0
density-crossover-avx512,cross/4/unit16/draw8/stride64/spread/sum/packet,1,3,"[729.464743757375,733.7159608437618,734.4571533265721]",733.7159608437618,"[729.6213160240056,733.7966288018395,734.4592995861275]",733.7966288018395,"[0.7123679138255615,0.7165194930114862,0.7172433137954806]",0.7165194930114862,1024.0,16.0,8.0,16.0,208.0,64.0
density-crossover-avx512,cross/4/unit16/draw8/stride64/spread/sum/point,1,3,"[4789.172945205666,4792.101369863379,4790.638698631149]",4790.638698631149,"[4789.786643833047,4792.115068492216,4790.652739733067]",4790.652739733067,"[4.676926704302407,4.679786494007206,4.678358104131981]",4.678358104131981,1024.0,16.0,8.0,16.0,208.0,64.0
density-crossover-avx512,cross/4/unit16/draw8/stride64/spread/update/packet,1,3,"[1537.3154325711523,1542.5523351199843,1535.7437383790034]",1537.3154325711523,"[1538.1403259324456,1542.7721754329632,1539.937329102967]",1539.937329102967,"[1.501284602120266,1.5063987647656096,1.4997497445107455]",1.501284602120266,1024.0,16.0,8.0,16.0,208.0,64.0
density-crossover-avx512,cross/4/unit16/draw8/stride64/spread/update/point,1,3,"[12173.990426455823,12179.325500435556,12179.657093124459]",12179.325500435556,"[12174.034812882473,12181.737162752266,12187.69103567388]",12181.737162752266,"[11.888662525835766,11.893872559019098,11.894196380004354]",11.893872559019098,1024.0,16.0,8.0,16.0,208.0,64.0
density-crossover-avx512,cross/4/unit24/draw2/stride24/compact/sum/packet,1,3,"[697.528994845356,705.0558088817897,696.1887886598341]",697.528994845356,"[698.4786875494265,705.1812549563242,696.1908703412118]",698.4786875494265,"[0.681180659028668,0.6885310633611229,0.6798718639256194]",0.681180659028668,1024.0,24.0,2.0,2.0,74.0,24.0
density-crossover-avx512,cross/4/unit24/draw2/stride24/compact/sum/point,1,3,"[2702.0801541425885,2703.9161849710526,2703.6252408476244]",2703.6252408476244,"[2702.087861273005,2704.6776493256075,2703.6331406555996]",2703.6331406555996,"[2.638750150529871,2.6405431493857936,2.640259024265258]",2.640259024265258,1024.0,24.0,2.0,2.0,74.0,24.0
density-crossover-avx512,cross/4/unit24/draw2/stride24/compact/update/packet,1,3,"[1495.1806651033555,1496.5141760819663,1495.7967384354995]",1495.7967384354995,"[1495.561287572354,1496.5196120220653,1496.050522277448]",1496.050522277448,"[1.4601373682649958,1.461439625080045,1.4607390023784177]",1.4607390023784177,1024.0,24.0,2.0,2.0,74.0,24.0
density-crossover-avx512,cross/4/unit24/draw2/stride24/compact/update/point,1,3,"[4138.09193023877,4134.654448713673,4138.266331658407]",4138.09193023877,"[4138.107005616902,4134.66656814161,4139.478569313625]",4138.107005616902,"[4.041105400623799,4.037748485071947,4.041275714510163]",4.041105400623799,1024.0,24.0,2.0,2.0,74.0,24.0
density-crossover-avx512,cross/4/unit24/draw2/stride24/spread/sum/packet,1,3,"[1062.1379755486166,1062.6065001138013,1062.1251423798285]",1062.1379755486166,"[1062.1410889198391,1062.6104487803739,1062.1274204559709]",1062.1410889198391,"[1.037244116746696,1.037701660267384,1.0372315843553013]",1.037244116746696,1024.0,24.0,2.0,24.0,96.0,24.0
density-crossover-avx512,cross/4/unit24/draw2/stride24/spread/sum/point,1,3,"[2702.847369435204,2699.2360763155407,2698.719406436651]",2699.2360763155407,"[2703.441318170028,2699.243784929186,2704.759491227941]",2703.441318170028,"[2.639499384214067,2.635972730776895,2.635468170348292]",2.635972730776895,1024.0,24.0,2.0,24.0,96.0,24.0
density-crossover-avx512,cross/4/unit24/draw2/stride24/spread/update/packet,1,3,"[2052.6372896369503,2055.6002361975593,2056.153675819283]",2055.6002361975593,"[2053.0020667266313,2055.607764981572,2056.307351639244]",2055.607764981572,"[2.0045286031610843,2.007422105661679,2.0079625740422684]",2.007422105661679,1024.0,24.0,2.0,24.0,96.0,24.0
density-crossover-avx512,cross/4/unit24/draw2/stride24/spread/update/point,1,3,"[4635.690728476624,4630.862582781751,4633.971854304562]",4633.971854304562,"[4636.462251655743,4630.879801325046,4633.988741726707]",4633.988741726707,"[4.527041727027953,4.522326740997804,4.525363138969299]",4.525363138969299,1024.0,24.0,2.0,24.0,96.0,24.0
density-crossover-avx512,cross/4/unit24/draw2/stride25/compact/sum/packet,1,3,"[714.4768419985414,714.1261274957997,705.7867639606571]",714.1261274957997,"[714.5675990666073,714.1282558011917,705.7887909182934]",714.1282558011917,"[0.6977312910142007,0.6973887963826169,0.6892448866803293]",0.6973887963826169,1024.0,24.0,2.0,2.0,77.0,25.0
density-crossover-avx512,cross/4/unit24/draw2/stride25/compact/sum/point,1,3,"[2699.590005788098,2700.0436040900704,2700.662743585076]",2700.0436040900704,"[2699.943276095311,2703.9758826936486,2706.5861470193845]",2703.9758826936486,"[2.6363183650274395,2.6367613321192094,2.6373659605323008]",2.6367613321192094,1024.0,24.0,2.0,2.0,77.0,25.0
density-crossover-avx512,cross/4/unit24/draw2/stride25/compact/update/packet,1,3,"[1527.5205299463594,1530.4461841674297,1530.8317091865918]",1530.4461841674297,"[1527.5250191616656,1530.7342603750863,1530.8371838370701]",1530.7342603750863,"[1.4917192675257416,1.4945763517260053,1.4949528410025308]",1.4945763517260053,1024.0,24.0,2.0,2.0,77.0,25.0
density-crossover-avx512,cross/4/unit24/draw2/stride25/compact/update/point,1,3,"[4131.530401417293,4135.311393152135,4135.984651711886]",4135.311393152135,"[4131.542798106242,4135.807556081321,4135.9964580872565]",4135.807556081321,"[4.034697657634076,4.038390032375132,4.0390475114373885]",4.038390032375132,1024.0,24.0,2.0,2.0,77.0,25.0
density-crossover-avx512,cross/4/unit24/draw2/stride25/spread/sum/packet,1,3,"[1063.8616697137882,1064.5189670931543,1063.568327239501]",1063.8616697137882,"[1064.0567489325972,1064.6515843995521,1063.5722120645241]",1064.0567489325972,"[1.0389274118298713,1.0395693038019085,1.0386409445698253]",1.0389274118298713,1024.0,24.0,2.0,24.0,99.0,25.0
density-crossover-avx512,cross/4/unit24/draw2/stride25/spread/sum/point,1,3,"[2705.352565343937,2704.488867376924,2704.0011616649463]",2704.488867376924,"[2705.3624394990825,2705.124104552553,2704.3206195528182]",2705.124104552553,"[2.641945864593689,2.641102409547777,2.6406261344384236]",2.641102409547777,1024.0,24.0,2.0,24.0,99.0,25.0
density-crossover-avx512,cross/4/unit24/draw2/stride25/spread/update/packet,1,3,"[2070.4070705588897,2057.473375384852,2060.3307906705086]",2060.3307906705086,"[2159.567111633383,2057.48364383119,2061.3608625504357]",2061.3608625504357,"[2.0218819048426657,2.0092513431492693,2.0120417877641685]",2.0120417877641685,1024.0,24.0,2.0,24.0,99.0,25.0
density-crossover-avx512,cross/4/unit24/draw2/stride25/spread/update/point,1,3,"[4636.316749585381,4638.320398009561,4636.359867330024]",4636.359867330024,"[4636.333665009666,4640.0951907158005,4637.391708127757]",4637.391708127757,"[4.527653075766974,4.529609763681211,4.5276951829394765]",4.5276951829394765,1024.0,24.0,2.0,24.0,99.0,25.0
density-crossover-avx512,cross/4/unit24/draw2/stride64/compact/sum/packet,1,3,"[737.5521993979801,743.8329724877008,738.1309077467582]",738.1309077467582,"[737.5548397317492,743.8351375606072,738.3168928543425]",738.3168928543425,"[0.7202658197245899,0.7263993871950203,0.7208309645964436]",0.7208309645964436,1024.0,24.0,2.0,2.0,194.0,64.0
density-crossover-avx512,cross/4/unit24/draw2/stride64/compact/sum/point,1,3,"[2713.2943337844717,2713.3890930182583,2714.0448655960786]",2713.3890930182583,"[2713.3041964810914,2713.3972152396905,2718.7576871023825]",2713.3972152396905,"[2.649701497836398,2.649794036150643,2.6504344390586705]",2.649794036150643,1024.0,24.0,2.0,2.0,194.0,64.0
density-crossover-avx512,cross/4/unit24/draw2/stride64/compact/update/packet,1,3,"[1523.828853240563,1523.710708866591,1519.3644049425584]",1523.710708866591,"[1524.0415131143282,1527.1771081712884,1519.3688489067954]",1524.0415131143282,"[1.488114114492737,1.4879987391275304,1.4837543017017172]",1.4879987391275304,1024.0,24.0,2.0,2.0,194.0,64.0
density-crossover-avx512,cross/4/unit24/draw2/stride64/compact/update/point,1,3,"[4166.868491520014,4165.95209758992,4162.47128830648]",4165.95209758992,"[4167.5861350797195,4165.964296343415,4162.4861648240985]",4165.964296343415,"[4.0692075112500135,4.068312595302657,4.064913367486797]",4.068312595302657,1024.0,24.0,2.0,2.0,194.0,64.0
density-crossover-avx512,cross/4/unit24/draw2/stride64/spread/sum/packet,1,3,"[1074.3178441730624,1078.300181578062,1073.7904423900557]",1074.3178441730624,"[1074.4885275678491,1078.3033179278311,1077.2725321900048]",1077.2725321900048,"[1.0491385197002565,1.0530275210723261,1.048623478896539]",1.0491385197002565,1024.0,24.0,2.0,24.0,216.0,64.0
density-crossover-avx512,cross/4/unit24/draw2/stride64/spread/sum/point,1,3,"[2705.2767356412865,2709.0746470699837,2705.8665635275975]",2705.8665635275975,"[2705.284471086867,2710.20808353884,2705.874492363509]",2705.874492363509,"[2.641871812149694,2.645580710029281,2.6424478159449194]",2.6424478159449194,1024.0,24.0,2.0,24.0,216.0,64.0
density-crossover-avx512,cross/4/unit24/draw2/stride64/spread/update/packet,1,3,"[2145.9471669221125,2142.3070444103073,2139.8937212867995]",2142.3070444103073,"[2145.953445635173,2143.2261868276146,2139.8998468632108]",2143.2261868276146,"[2.0956515301973755,2.0920967230569407,2.08973996219414]",2.0920967230569407,1024.0,24.0,2.0,24.0,216.0,64.0
density-crossover-avx512,cross/4/unit24/draw2/stride64/spread/update/point,1,3,"[4655.679401992688,4655.084717607675,4652.623255813004]",4655.084717607675,"[4664.839534889114,4657.417275751357,4652.636877080131]",4657.417275751357,"[4.546561916008485,4.545981169538744,4.543577398254887]",4.545981169538744,1024.0,24.0,2.0,24.0,216.0,64.0
density-crossover-avx512,cross/4/unit24/draw4/stride24/compact/sum/packet,1,3,"[706.8969767089638,710.7764978118312,703.9783188289232]",706.8969767089638,"[706.8990391867688,711.2619850095131,703.9809346550642]",706.8990391867688,"[0.6903290788173475,0.6941176736443664,0.6874788269813703]",0.6903290788173475,1024.0,24.0,4.0,4.0,76.0,24.0
density-crossover-avx512,cross/4/unit24/draw4/stride24/compact/sum/point,1,3,"[3345.6047232822816,3342.835162213249,3344.8726145041]",3344.8726145041,"[3345.612118315976,3342.845181298895,3345.5644083951443]",3345.5644083951443,"[3.2671921125803527,3.264487463098876,3.26647716260166]",3.26647716260166,1024.0,24.0,4.0,4.0,76.0,24.0
density-crossover-avx512,cross/4/unit24/draw4/stride24/compact/update/packet,1,3,"[1582.3631454607626,1581.2852964338215,1584.9494881312482]",1582.3631454607626,"[1582.367757904288,1581.2899088741497,1585.283721453009]",1582.367757904288,"[1.5452765092390262,1.5442239222986538,1.5478022345031721]",1.5452765092390262,1024.0,24.0,4.0,4.0,76.0,24.0
density-crossover-avx512,cross/4/unit24/draw4/stride24/compact/update/point,1,3,"[5750.803615447192,5755.663516844785,5744.56655710766]",5750.803615447192,"[5750.8204601442885,5779.1972062435425,5746.149137226654]",5750.8204601442885,"[5.616019155710148,5.620765153168734,5.609928278425449]",5.616019155710148,1024.0,24.0,4.0,4.0,76.0,24.0
density-crossover-avx512,cross/4/unit24/draw4/stride24/spread/sum/packet,1,3,"[1338.8436069722773,1360.463141493822,1338.4609017431098]",1338.8436069722773,"[1338.8484759969917,1360.467134092891,1338.4647969630892]",1338.8484759969917,"[1.3074644599338645,1.3285772866150605,1.3070907243585057]",1.3074644599338645,1024.0,24.0,4.0,24.0,96.0,24.0
density-crossover-avx512,cross/4/unit24/draw4/stride24/spread/sum/point,1,3,"[3340.565082397726,3340.5266300454186,3340.1683783139247]",3340.5266300454186,"[3340.5770241222504,3340.538810601057,3340.178409362389]",3340.538810601057,"[3.262270588279029,3.262233037153729,3.261883181947192]",3.262233037153729,1024.0,24.0,4.0,24.0,96.0,24.0
density-crossover-avx512,cross/4/unit24/draw4/stride24/spread/update/packet,1,3,"[2866.730259130553,2873.955519281324,2867.330136706899]",2867.330136706899,"[2867.1428279955658,2873.9659253246687,2867.3385023487062]",2867.3385023487062,"[2.7995412686821806,2.806597186798168,2.800127086627831]",2.800127086627831,1024.0,24.0,4.0,24.0,96.0,24.0
density-crossover-avx512,cross/4/unit24/draw4/stride24/spread/update/point,1,3,"[7009.4622311143285,7001.213606803918,7006.3406703351375]",7006.3406703351375,"[7010.343671840085,7001.23861931935,7021.343671827838]",7010.343671840085,"[6.845177960072586,6.837122662894451,6.842129560874157]",6.842129560874157,1024.0,24.0,4.0,24.0,96.0,24.0
density-crossover-avx512,cross/4/unit24/draw4/stride25/compact/sum/packet,1,3,"[706.0009203395884,703.7358114327942,706.8644544431589]",706.0009203395884,"[706.9115451465401,703.7378566302242,708.4597607107219]",706.9115451465401,"[0.6894540237691293,0.6872420033523382,0.6902973187921474]",0.6894540237691293,1024.0,24.0,4.0,4.0,79.0,25.0
density-crossover-avx512,cross/4/unit24/draw4/stride25/compact/sum/point,1,3,"[3338.9377682407203,3336.486647591824,3333.964234620593]",3336.486647591824,"[3339.9704339577656,3336.496423462076,3333.97401048661]",3336.496423462076,"[3.2606814142975784,3.2582877417888905,3.2558244478716722]",3.2582877417888905,1024.0,24.0,4.0,4.0,79.0,25.0
density-crossover-avx512,cross/4/unit24/draw4/stride25/compact/update/packet,1,3,"[1589.9199727179782,1588.1169716947438,1586.3903603500712]",1588.1169716947438,"[1589.9245197226114,1588.3330680921606,1586.3950210298303]",1588.3330680921606,"[1.5526562233574006,1.5508954801706483,1.5492093362793666]",1.5508954801706483,1024.0,24.0,4.0,4.0,79.0,25.0
density-crossover-avx512,cross/4/unit24/draw4/stride25/compact/update/point,1,3,"[5745.05947497825,5744.366694011212,5739.788761279563]",5744.366694011212,"[5746.392945035258,5745.0849056539555,5739.801476623973]",5745.0849056539555,"[5.610409643533448,5.609733099620324,5.605262462187074]",5.609733099620324,1024.0,24.0,4.0,4.0,79.0,25.0
density-crossover-avx512,cross/4/unit24/draw4/stride25/spread/sum/packet,1,3,"[1333.1752349896353,1335.705543832706,1334.275369269024]",1334.275369269024,"[1333.1791674664619,1335.8762708614436,1335.6422405523188]",1335.6422405523188,"[1.3019289404195658,1.304399945149127,1.3030032903017812]",1.3030032903017812,1024.0,24.0,4.0,24.0,99.0,25.0
density-crossover-avx512,cross/4/unit24/draw4/stride25/spread/sum/point,1,3,"[3333.7496423459484,3334.5362422504313,3335.2396280394028]",3334.5362422504313,"[3333.761564138278,3334.5460181257663,3335.702670479485]",3334.5460181257663,"[3.255614885103465,3.256383049072687,3.2570699492572293]",3.256383049072687,1024.0,24.0,4.0,24.0,99.0,25.0
density-crossover-avx512,cross/4/unit24/draw4/stride25/spread/update/packet,1,3,"[2872.1060794048044,2865.5841604631296,2862.457816377026]",2865.5841604631296,"[2872.1186931325306,2865.5926385426856,2862.9828370546347]",2865.5926385426856,"[2.8047910931687543,2.798422031702275,2.7953689613056896]",2.798422031702275,1024.0,24.0,4.0,24.0,99.0,25.0
density-crossover-avx512,cross/4/unit24/draw4/stride25/spread/update/point,1,3,"[7011.303803803368,7013.846846845226,7012.269769769242]",7012.269769769242,"[7011.324824829685,7025.418418428266,7013.0715715822635]",7013.0715715822635,"[6.846976370901727,6.8494598113722915,6.847919697040276]",6.847919697040276,1024.0,24.0,4.0,24.0,99.0,25.0
density-crossover-avx512,cross/4/unit24/draw4/stride64/compact/sum/packet,1,3,"[745.7511115871918,753.9671613005636,744.4717951463809]",745.7511115871918,"[745.7527722713888,753.9688219849511,744.5597042901406]",745.7527722713888,"[0.728272569909367,0.7362960559575817,0.7270232374476376]",0.728272569909367,1024.0,24.0,4.0,4.0,196.0,64.0
density-crossover-avx512,cross/4/unit24/draw4/stride64/compact/sum/point,1,3,"[3371.3281061519074,3377.207720144313,3376.541616405467]",3376.541616405467,"[3374.6431845605007,3377.219782865488,3377.1572979464395]",3377.1572979464395,"[3.292312603663972,3.298054414203431,3.2974039222709632]",3.2974039222709632,1024.0,24.0,4.0,4.0,196.0,64.0
density-crossover-avx512,cross/4/unit24/draw4/stride64/compact/update/packet,1,3,"[1597.3263170001196,1599.9511157116553,1592.7819185643602]",1597.3263170001196,"[1597.329882675033,1603.3719806774895,1593.0039107444875]",1597.329882675033,"[1.5598889814454295,1.5624522614371634,1.555451092348008]",1.5598889814454295,1024.0,24.0,4.0,4.0,196.0,64.0
density-crossover-avx512,cross/4/unit24/draw4/stride64/compact/update/point,1,3,"[5810.579975073151,5808.348566680833,5806.150810137122]",5808.348566680833,"[5810.592438718924,5808.365600335567,5806.168259246813]",5808.365600335567,"[5.674394506907373,5.672215397149251,5.670069150524533]",5.672215397149251,1024.0,24.0,4.0,4.0,196.0,64.0
density-crossover-avx512,cross/4/unit24/draw4/stride64/spread/sum/packet,1,3,"[1365.0087591243916,1362.5339172748197,1362.8725060826137]",1362.8725060826137,"[1365.7319708032455,1362.5379075417525,1362.8774695877112]",1362.8774695877112,"[1.3330163663324137,1.3305995285886911,1.3309301817213026]",1.3309301817213026,1024.0,24.0,4.0,24.0,216.0,64.0
density-crossover-avx512,cross/4/unit24/draw4/stride64/spread/sum/point,1,3,"[3363.4729891959137,3365.969987994759,3361.8813925569298]",3363.4729891959137,"[3363.8957983161617,3370.7241296541106,3361.8888355330305]",3363.8957983161617,"[3.2846415910116344,3.2870800664011317,3.2830872974188767]",3.2846415910116344,1024.0,24.0,4.0,24.0,216.0,64.0
density-crossover-avx512,cross/4/unit24/draw4/stride64/spread/update/packet,1,3,"[2940.290905272093,2941.3371140517643,2950.1081705521556]",2941.3371140517643,"[2941.406427224763,2941.3436252879455,2950.116782189079]",2941.406427224763,"[2.8713778371797782,2.872399525441176,2.8809650103048394]",2.872399525441176,1024.0,24.0,4.0,24.0,216.0,64.0
density-crossover-avx512,cross/4/unit24/draw4/stride64/spread/update/point,1,3,"[7074.202122284394,7081.164729661684,7071.730672055375]",7074.202122284394,"[7075.339565438263,7081.190500247843,7071.746841848409]",7075.339565438263,"[6.908400510043353,6.915199931310239,6.905986984429078]",6.908400510043353,1024.0,24.0,4.0,24.0,216.0,64.0
density-crossover-avx512,cross/4/unit24/draw8/stride24/compact/sum/packet,1,3,"[729.8734670546276,734.1719496984753,735.2102473497548]",734.1719496984753,"[729.9821242991266,734.17413219802,735.2128975259141]",734.17413219802,"[0.7127670576705347,0.7169647946274172,0.7179787571774949]",0.7169647946274172,1024.0,24.0,8.0,8.0,80.0,24.0
density-crossover-avx512,cross/4/unit24/draw8/stride24/compact/sum/point,1,3,"[4764.426089918997,4767.096730245502,4761.909059946113]",4764.426089918997,"[4765.179155309847,4768.452316074981,4767.8906675791795]",4767.8906675791795,"[4.652759853436519,4.655367900630373,4.650301816353626]",4.652759853436519,1024.0,24.0,8.0,8.0,80.0,24.0
density-crossover-avx512,cross/4/unit24/draw8/stride24/compact/update/packet,1,3,"[1594.7173105080801,1597.1996846494405,1598.4598490818057]",1597.1996846494405,"[1594.7231670223375,1597.523031871572,1598.4657055980638]",1597.523031871572,"[1.557341123543047,1.5597653170404693,1.5609959463689507]",1.5597653170404693,1024.0,24.0,8.0,8.0,80.0,24.0
density-crossover-avx512,cross/4/unit24/draw8/stride24/compact/update/point,1,3,"[9617.100892244312,9608.287577215722,9598.253260124617]",9608.287577215722,"[9617.12903225549,9609.633493488536,9598.281400133357]",9609.633493488536,"[9.391700090082336,9.38309333712473,9.373294199340446]",9.38309333712473,1024.0,24.0,8.0,8.0,80.0,24.0
density-crossover-avx512,cross/4/unit24/draw8/stride24/spread/sum/packet,1,3,"[2379.1659905346955,2381.1536511154845,2377.7156862745665]",2379.1659905346955,"[2379.174611225664,2381.4732927670734,2377.724306963734]",2379.174611225664,"[2.323404287631538,2.3253453624174654,2.3219879748775063]",2.323404287631538,1024.0,24.0,8.0,24.0,96.0,24.0
density-crossover-avx512,cross/4/unit24/draw8/stride24/spread/sum/point,1,3,"[4758.6072280944145,4759.65734742583,4758.679168087491]",4758.679168087491,"[4758.621206953171,4760.7350835305315,4758.696215478228]",4758.696215478228,"[4.647077371185951,4.648102878345537,4.647147625085441]",4.647147625085441,1024.0,24.0,8.0,24.0,96.0,24.0
density-crossover-avx512,cross/4/unit24/draw8/stride24/spread/update/packet,1,3,"[5042.871804105474,5043.430320488939,5031.575441124369]",5042.871804105474,"[5048.554915368382,5044.204537274847,5031.59380626557]",5044.204537274847,"[4.924679496196752,4.92522492235248,4.913647891723016]",4.924679496196752,1024.0,24.0,8.0,24.0,96.0,24.0
density-crossover-avx512,cross/4/unit24/draw8/stride24/spread/update/point,1,3,"[12097.931778931803,12096.809153712,12108.925734025252]",12097.931778931803,"[12098.796200355133,12096.854058727418,12110.661485316941]",12098.796200355133,"[11.814386502863089,11.813290189171873,11.825122787134033]",11.814386502863089,1024.0,24.0,8.0,24.0,96.0,24.0
density-crossover-avx512,cross/4/unit24/draw8/stride25/compact/sum/packet,1,3,"[732.932818573493,740.0370837273784,734.5259481039742]",734.5259481039742,"[732.93502468739,740.0397100529575,734.7597961964559]",734.7597961964559,"[0.7157547056381768,0.722692464577518,0.7173104961952873]",0.7173104961952873,1024.0,24.0,8.0,8.0,83.0,25.0
density-crossover-avx512,cross/4/unit24/draw8/stride25/compact/sum/point,1,3,"[4759.062627638505,4759.4026548670245,4759.463921034718]",4759.4026548670245,"[4759.076582707509,4759.420013608653,4760.124574541961]",4759.420013608653,"[4.647522097303227,4.647854155143579,4.647913985385467]",4.647854155143579,1024.0,24.0,8.0,8.0,83.0,25.0
density-crossover-avx512,cross/4/unit24/draw8/stride25/compact/update/packet,1,3,"[1618.9787705589658,1614.9464598154839,1628.744313542248]",1618.9787705589658,"[1618.983436367719,1614.9511256271378,1631.6606788753863]",1618.983436367719,"[1.5810339556239899,1.5770961521635585,1.5905706186936015]",1.5810339556239899,1024.0,24.0,8.0,8.0,83.0,25.0
density-crossover-avx512,cross/4/unit24/draw8/stride25/compact/update/point,1,3,"[9596.979423867639,9598.542524005,9600.778463648161]",9598.542524005,"[9597.00754457109,9598.570644727943,9602.912208507669]",9598.570644727943,"[9.37205021862074,9.373576683598632,9.375760218406407]",9.373576683598632,1024.0,24.0,8.0,8.0,83.0,25.0
density-crossover-avx512,cross/4/unit24/draw8/stride25/spread/sum/packet,1,3,"[2371.9027118646136,2372.2161016945574,2382.0127118641235]",2372.2161016945574,"[2371.9113559313187,2372.223050850083,2385.82491525445]",2372.223050850083,"[2.3163112420552867,2.3166172868110912,2.326184288929808]",2.3166172868110912,1024.0,24.0,8.0,24.0,99.0,25.0
density-crossover-avx512,cross/4/unit24/draw8/stride25/spread/sum/point,1,3,"[4758.433673469567,4757.841836735449,4756.553061224951]",4757.841836735449,"[4758.968367343022,4757.855782310001,4756.570068029079]",4757.855782310001,"[4.646907884247624,4.646329918686962,4.645071348852491]",4.646329918686962,1024.0,24.0,8.0,24.0,99.0,25.0
density-crossover-avx512,cross/4/unit24/draw8/stride25/spread/update/packet,1,3,"[5028.843500363439,5043.5751633988575,5064.584241104657]",5043.5751633988575,"[5028.862018880909,5043.5933188119625,5064.599128539765]",5043.5933188119625,"[4.9109799808236705,4.925366370506697,4.9458830479537665]",4.925366370506697,1024.0,24.0,8.0,24.0,99.0,25.0
density-crossover-avx512,cross/4/unit24/draw8/stride25/spread/update/point,1,3,"[12106.552768164383,12097.867647057656,12108.084775085554]",12106.552768164383,"[12124.676470589404,12097.91262976034,12131.778546717675]",12124.676470589404,"[11.82280543766053,11.814323874079742,11.824301538169484]",11.82280543766053,1024.0,24.0,8.0,24.0,99.0,25.0
density-crossover-avx512,cross/4/unit24/draw8/stride64/compact/sum/packet,1,3,"[772.0943375419914,771.8093400230325,771.0004410874145]",771.8093400230325,"[772.2394001218908,771.8120968187615,771.0033081534056]",771.8120968187615,"[0.753998376505851,0.7537200586162427,0.7529301182494282]",0.7537200586162427,1024.0,24.0,8.0,8.0,200.0,64.0
density-crossover-avx512,cross/4/unit24/draw8/stride64/compact/sum/point,1,3,"[4787.895348837571,4776.790355677239,4777.1733926130455]",4777.1733926130455,"[4789.239398077312,4776.804377568655,4777.187414506891]",4777.187414506891,"[4.67567905159919,4.664834331716054,4.665208391223677]",4.665208391223677,1024.0,24.0,8.0,8.0,200.0,64.0
density-crossover-avx512,cross/4/unit24/draw8/stride64/compact/update/packet,1,3,"[1627.9186073325518,1621.563869033889,1687.1139036199588]",1627.9186073325518,"[1628.2137422199005,1621.5698639633927,1687.1187456758519]",1628.2137422199005,"[1.5897642649731951,1.5835584658534072,1.647572171503866]",1.5897642649731951,1024.0,24.0,8.0,8.0,200.0,64.0
density-crossover-avx512,cross/4/unit24/draw8/stride64/compact/update/point,1,3,"[9631.992429456313,9617.120440467379,9639.404679974508]",9631.992429456313,"[9635.771507238382,9632.392980045111,9639.439779773387]",9635.771507238382,"[9.406242606890931,9.391719180143925,9.413481132787606]",9.406242606890931,1024.0,24.0,8.0,8.0,200.0,64.0
density-crossover-avx512,cross/4/unit24/draw8/stride64/spread/sum/packet,1,3,"[2414.747258396323,2410.635023989243,2409.7404043864144]",2410.635023989243,"[2415.292494860328,2410.641877998797,2409.745887597588]",2410.641877998797,"[2.3581516195276593,2.3541357656144952,2.353262113658608]",2.3541357656144952,1024.0,24.0,8.0,24.0,216.0,64.0
density-crossover-avx512,cross/4/unit24/draw8/stride64/spread/sum/point,1,3,"[4781.451623931441,4784.4495726496625,4789.533333332588]",4784.4495726496625,"[4781.461880341332,4785.2639316233835,4790.719999997843]",4785.2639316233835,"[4.6693863514955485,4.672314035790686,4.677278645832605]",4.672314035790686,1024.0,24.0,8.0,24.0,216.0,64.0
density-crossover-avx512,cross/4/unit24/draw8/stride64/spread/update/packet,1,3,"[5204.127777777711,5188.1870370364795,5180.609629629761]",5188.1870370364795,"[5213.302592597689,5189.39851852346,5180.628518520212]",5189.39851852346,"[5.082156032986046,5.066588903355937,5.0591890914353135]",5.066588903355937,1024.0,24.0,8.0,24.0,216.0,64.0
density-crossover-avx512,cross/4/unit24/draw8/stride64/spread/update/point,1,3,"[12177.155516942581,12178.258036489424,12183.801911379616]",12178.258036489424,"[12177.199826236338,12180.265855798056,12183.846220688807]",12180.265855798056,"[11.89175343451424,11.892830113759203,11.898244054081657]",11.892830113759203,1024.0,24.0,8.0,24.0,216.0,64.0
density-crossover-avx512,cross/4/unit32/draw2/stride32/compact/sum/packet,1,3,"[697.6456286345029,701.6680870262749,697.4767395227303]",697.6456286345029,"[697.6476839787452,701.8014838580326,697.4792460389913]",697.6476839787452,"[0.6812945592133819,0.6852227412365965,0.6811296284401663]",0.6812945592133819,1024.0,32.0,2.0,2.0,98.0,32.0
density-crossover-avx512,cross/4/unit32/draw2/stride32/compact/sum/point,1,3,"[2699.1158360590816,2697.357321531578,2698.765634019179]",2698.765634019179,"[2699.123917643913,2697.366942463427,2699.175870691212]",2699.123917643913,"[2.635855308651447,2.634138009308182,2.6355133144718543]",2.6355133144718543,1024.0,32.0,2.0,2.0,98.0,32.0
density-crossover-avx512,cross/4/unit32/draw2/stride32/compact/update/packet,1,3,"[1499.5465686277198,1496.025788576396,1496.257992327366]",1496.257992327366,"[1502.596653878677,1496.0301577153389,1496.5170502982353]",1496.5170502982353,"[1.4644009459255076,1.4609626841566368,1.4611894456321932]",1.4611894456321932,1024.0,32.0,2.0,2.0,98.0,32.0
density-crossover-avx512,cross/4/unit32/draw2/stride32/compact/update/point,1,3,"[4133.819444444469,4138.633569739354,4134.87145390064]",4134.87145390064,"[4133.831560289965,4156.0626477499745,4137.233156025284]",4137.233156025284,"[4.036933051215302,4.041634345448588,4.037960404199843]",4.037960404199843,1024.0,32.0,2.0,2.0,98.0,32.0
density-crossover-avx512,cross/4/unit32/draw2/stride32/spread/sum/packet,1,3,"[1062.234927392947,1061.97103322436,1061.6198585872403]",1061.97103322436,"[1062.23796852585,1063.529689044178,1061.8191287149289]",1062.23796852585,"[1.0373387962821747,1.0370810871331642,1.0367381431516018]",1.0370810871331642,1024.0,32.0,2.0,32.0,128.0,32.0
density-crossover-avx512,cross/4/unit32/draw2/stride32/spread/sum/point,1,3,"[2699.931520061744,2698.9766589504393,2698.695216049904]",2698.9766589504393,"[2700.4756944415126,2698.982831790456,2698.702932098555]",2698.982831790456,"[2.6366518750602967,2.6357193935062884,2.6354445469237344]",2.6357193935062884,1024.0,32.0,2.0,32.0,128.0,32.0
density-crossover-avx512,cross/4/unit32/draw2/stride32/spread/update/packet,1,3,"[2060.1387665197717,2064.6837004409085,2065.8906020558748]",2064.6837004409085,"[2060.823201177587,2064.691189425182,2065.8980910438004]",2064.691189425182,"[2.0118542641794646,2.0162926762118247,2.01747129107019]",2.0162926762118247,1024.0,32.0,2.0,32.0,128.0,32.0
density-crossover-avx512,cross/4/unit32/draw2/stride32/spread/update/point,1,3,"[4637.523194167978,4635.515573226828,4633.162690523783]",4635.515573226828,"[4638.093439369453,4635.528827033686,4633.176607024751]",4635.528827033686,"[4.528831244304666,4.526870676979324,4.5245729399646315]",4.526870676979324,1024.0,32.0,2.0,32.0,128.0,32.0
density-crossover-avx512,cross/4/unit32/draw2/stride33/compact/sum/packet,1,3,"[707.7502269746299,718.5123070715125,708.632351457687]",708.632351457687,"[707.8364773527103,718.5144255007774,708.6344698880271]",708.6344698880271,"[0.6911623310299119,0.7016721748745239,0.6920237807203974]",0.6920237807203974,1024.0,32.0,2.0,2.0,101.0,33.0
density-crossover-avx512,cross/4/unit32/draw2/stride33/compact/sum/point,1,3,"[2703.0144787647723,2704.29633204638,2705.902702702607]",2704.29633204638,"[2703.0204633198805,2704.6384169852195,2705.912355212372]",2704.6384169852195,"[2.639662576918723,2.6409143867640426,2.6424831081080145]",2.6409143867640426,1024.0,32.0,2.0,2.0,101.0,33.0
density-crossover-avx512,cross/4/unit32/draw2/stride33/compact/update/packet,1,3,"[1537.302784477049,1537.1513922384415,1536.0980048234835]",1537.1513922384415,"[1539.936088579143,1537.3356720017096,1536.2669370766976]",1537.3356720017096,"[1.501272250465868,1.5011244064828528,1.5000957078354333]",1.5011244064828528,1024.0,32.0,2.0,2.0,101.0,33.0
density-crossover-avx512,cross/4/unit32/draw2/stride33/compact/update/point,1,3,"[4137.378290446014,4137.321798284512,4137.641526175853]",4137.378290446014,"[4137.3901212610235,4137.813368825464,4137.656314704334]",4137.656314704334,"[4.040408486763686,4.0403533186372185,4.040665552906106]",4.040408486763686,1024.0,32.0,2.0,2.0,101.0,33.0
density-crossover-avx512,cross/4/unit32/draw2/stride33/spread/sum/packet,1,3,"[1164.0702949730155,1162.1250519318182,1079.9663481514626]",1162.1250519318182,"[1164.0736186114946,1162.1284586604036,1080.119069379971]",1162.1284586604036,"[1.1367873974345852,1.1348877460271665,1.0546546368666627]",1.1348877460271665,1024.0,32.0,2.0,32.0,131.0,33.0
density-crossover-avx512,cross/4/unit32/draw2/stride33/spread/sum/point,1,3,"[2709.599729938466,2705.8788580247297,2709.8832947534424]",2709.599729938466,"[2716.662229938925,2705.888503089998,2713.86516203927]",2713.86516203927,"[2.6460934862680334,2.642459822289775,2.6463704050326586]",2.6460934862680334,1024.0,32.0,2.0,32.0,131.0,33.0
density-crossover-avx512,cross/4/unit32/draw2/stride33/spread/update/packet,1,3,"[2076.239597216213,2078.2800236932835,2078.4828964899834]",2078.2800236932835,"[2076.245520509002,2078.284762327304,2079.1168369617803]",2078.284762327304,"[2.027577731656458,2.029570335637972,2.0297684536035]",2.029570335637972,1024.0,32.0,2.0,32.0,131.0,33.0
density-crossover-avx512,cross/4/unit32/draw2/stride33/spread/update/point,1,3,"[4640.091421000666,4638.686651209616,4637.978138457265]",4638.686651209616,"[4640.104670416217,4638.700231866585,4637.99503147077]",4638.700231866585,"[4.531339278320964,4.5299674328218895,4.529275525837173]",4.5299674328218895,1024.0,32.0,2.0,32.0,131.0,33.0
density-crossover-avx512,cross/4/unit32/draw2/stride64/compact/sum/packet,1,3,"[747.3514018691,746.7640053403649,747.2504672898474]",747.2504672898474,"[747.3536448591809,746.7656074776276,747.2521228303258]",747.2521228303258,"[0.729835353387793,0.7292617239652001,0.7297367844627416]",0.7297367844627416,1024.0,32.0,2.0,2.0,194.0,64.0
density-crossover-avx512,cross/4/unit32/draw2/stride64/compact/sum/point,1,3,"[2718.4291820476537,2711.8993588498597,2710.144744511875]",2711.8993588498597,"[2718.9578395224216,2711.909073241877,2710.150767434898]",2711.909073241877,"[2.654715998093412,2.6483392176268157,2.646625727062378]",2.6483392176268157,1024.0,32.0,2.0,2.0,194.0,64.0
density-crossover-avx512,cross/4/unit32/draw2/stride64/compact/update/packet,1,3,"[1545.3009591002863,1541.3114320360867,1539.5838386064886]",1541.3114320360867,"[1547.1355969585952,1541.3169441064124,1539.5894609202107]",1541.3169441064124,"[1.509082967871373,1.505186945347741,1.503499842389149]",1.505186945347741,1024.0,32.0,2.0,2.0,194.0,64.0
density-crossover-avx512,cross/4/unit32/draw2/stride64/compact/update/point,1,3,"[4166.6314693636195,4163.624628197191,4162.511897680566]",4163.624628197191,"[4167.295062467148,4163.639797740386,4162.524092800356]",4163.639797740386,"[4.068976044300411,4.066039675973819,4.064953025078678]",4.066039675973819,1024.0,32.0,2.0,2.0,194.0,64.0
density-crossover-avx512,cross/4/unit32/draw2/stride64/spread/sum/packet,1,3,"[1076.8567341888213,1075.5933972475507,1077.6980052574359]",1076.8567341888213,"[1077.153703415963,1075.790629349651,1077.7018710381449]",1077.153703415963,"[1.0516179044812708,1.050384176999561,1.0524394582592147]",1.0516179044812708,1024.0,32.0,2.0,32.0,224.0,64.0
density-crossover-avx512,cross/4/unit32/draw2/stride64/spread/sum/point,1,3,"[2705.009658103238,2707.1578134055376,2706.7307320846567]",2706.7307320846567,"[2705.017577748475,2707.565578519895,2706.7367201056736]",2706.7367201056736,"[2.6416109942414434,2.643708802153845,2.6432917305514225]",2.6432917305514225,1024.0,32.0,2.0,32.0,224.0,64.0
density-crossover-avx512,cross/4/unit32/draw2/stride64/spread/update/packet,1,3,"[2146.3080815822555,2144.8222665234057,2147.2603895108286]",2146.3080815822555,"[2146.314368964191,2145.13832234361,2149.731022851025]",2146.314368964191,"[2.0960039859201713,2.0945529946517634,2.0969339741316686]",2.0960039859201713,1024.0,32.0,2.0,32.0,224.0,64.0
density-crossover-avx512,cross/4/unit32/draw2/stride64/spread/update/point,1,3,"[4648.509121060293,4648.303814261644,4650.542288557047]",4648.509121060293,"[4648.778109456251,4648.313764504154,4651.355555554334]",4648.778109456251,"[4.539559688535443,4.539359193614888,4.541545203668991]",4.539559688535443,1024.0,32.0,2.0,32.0,224.0,64.0
density-crossover-avx512,cross/4/unit32/draw4/stride32/compact/sum/packet,1,3,"[701.8120278030515,709.0291628890204,699.889442933329]",701.8120278030515,"[703.3200362636205,709.0312783313906,700.0078573584105]",703.3200362636205,"[0.6853633084014175,0.692411291883809,0.6834857841145789]",0.6853633084014175,1024.0,32.0,4.0,4.0,100.0,32.0
density-crossover-avx512,cross/4/unit32/draw4/stride32/compact/sum/point,1,3,"[3335.966896879978,3339.2845915695652,3347.955465587139]",3339.2845915695652,"[3335.976899264017,3339.2941176437603,3460.787806618261]",3339.2941176437603,"[3.2577801727343534,3.261020108954653,3.2694877593624403]",3.261020108954653,1024.0,32.0,4.0,4.0,100.0,32.0
density-crossover-avx512,cross/4/unit32/draw4/stride32/compact/update/packet,1,3,"[1547.4334056398732,1542.0058568331456,1536.0288503253878]",1542.0058568331456,"[1604.499891539997,1589.6560737528173,1591.4455531451533]",1591.4455531451533,"[1.5111654351951889,1.5058650945636185,1.5000281741458865]",1.5058650945636185,1024.0,32.0,4.0,4.0,100.0,32.0
density-crossover-avx512,cross/4/unit32/draw4/stride32/compact/update/point,1,3,"[5742.156750102005,5741.036109971275,5744.372589249609]",5742.156750102005,"[5752.283955685234,5741.053344274258,5746.608945414924]",5746.608945414924,"[5.6075749512714905,5.606480576143823,5.609738856689071]",5.6075749512714905,1024.0,32.0,4.0,4.0,100.0,32.0
density-crossover-avx512,cross/4/unit32/draw4/stride32/spread/sum/packet,1,3,"[1343.4603496574048,1347.0835506614665,1359.905824398423]",1347.0835506614665,"[1343.7251038352247,1347.087414275511,1359.909881192861]",1347.087414275511,"[1.3119729977123094,1.3155112799428381,1.328033031639085]",1.3155112799428381,1024.0,32.0,4.0,32.0,128.0,32.0
density-crossover-avx512,cross/4/unit32/draw4/stride32/spread/sum/point,1,3,"[3333.1103958028966,3335.6950405346975,3335.7620410111836]",3335.6950405346975,"[3333.120171672302,3337.1497377237706,3335.7715784464026]",3335.7715784464026,"[3.2549906209012662,3.257514688022166,3.2575801181749844]",3.257514688022166,1024.0,32.0,4.0,32.0,128.0,32.0
density-crossover-avx512,cross/4/unit32/draw4/stride32/spread/update/packet,1,3,"[2864.3615715165447,2859.1827296909814,2864.8649478205116]",2864.3615715165447,"[2864.7609985675135,2859.4426028234757,2864.8712911831517]",2864.7609985675135,"[2.797228097184126,2.7921706344638495,2.797719675605968]",2.797228097184126,1024.0,32.0,4.0,32.0,128.0,32.0
density-crossover-avx512,cross/4/unit32/draw4/stride32/spread/update/point,1,3,"[7000.617382616766,6996.925574424724,7005.901598401652]",7000.617382616766,"[7001.626873129926,6996.946053946898,7024.908591410785]",7001.626873129926,"[6.8365404127116856,6.832935131274145,6.841700779689114]",6.8365404127116856,1024.0,32.0,4.0,32.0,128.0,32.0
density-crossover-avx512,cross/4/unit32/draw4/stride33/compact/sum/packet,1,3,"[719.2045572510591,721.3752205958043,711.653482819582]",719.2045572510591,"[719.2845427165573,721.4541679641188,711.6550399675701]",719.2845427165573,"[0.7023482004404874,0.7044679888630901,0.694974104315998]",0.7023482004404874,1024.0,32.0,4.0,4.0,103.0,33.0
density-crossover-avx512,cross/4/unit32/draw4/stride33/compact/sum/point,1,3,"[3343.6920688006326,3342.1419015772954,3342.2133301478443]",3342.2133301478443,"[3344.127329193631,3342.1538461537484,3342.2231247019276]",3342.2231247019276,"[3.265324285938118,3.263810450759078,3.263880205222504]",3.263880205222504,1024.0,32.0,4.0,4.0,103.0,33.0
density-crossover-avx512,cross/4/unit32/draw4/stride33/compact/update/packet,1,3,"[1526.8673831151336,1540.4215599381257,1533.483935298057]",1533.483935298057,"[1527.0558386881655,1540.426102368718,1537.8125415462448]",1537.8125415462448,"[1.491081428823373,1.5043179296270761,1.4975429055645089]",1.4975429055645089,1024.0,32.0,4.0,4.0,103.0,33.0
density-crossover-avx512,cross/4/unit32/draw4/stride33/compact/update/point,1,3,"[5752.834911485939,5744.304240428506,5740.813091808415]",5744.304240428506,"[5752.85179087034,5746.330177028818,5740.825854260232]",5746.330177028818,"[5.618002843247988,5.609672109793464,5.606262784969156]",5.609672109793464,1024.0,32.0,4.0,4.0,103.0,33.0
density-crossover-avx512,cross/4/unit32/draw4/stride33/spread/sum/packet,1,3,"[1341.2007424329333,1359.3523700740448,1340.194650675785]",1341.2007424329333,"[1342.6572434797422,1359.5504473623555,1340.5251284972585]",1342.6572434797422,"[1.3097663500321612,1.3274925489004343,1.3087838385505712]",1.3097663500321612,1024.0,32.0,4.0,32.0,131.0,33.0
density-crossover-avx512,cross/4/unit32/draw4/stride33/spread/sum/point,1,3,"[3342.57875895047,3346.6386634852242,3341.8723150364426]",3342.57875895047,"[3342.588782820191,3347.070644392276,3341.884486870919]",3342.588782820191,"[3.2642370692875686,3.2682018198097897,3.263547182652776]",3.2642370692875686,1024.0,32.0,4.0,32.0,131.0,33.0
density-crossover-avx512,cross/4/unit32/draw4/stride33/spread/update/packet,1,3,"[2874.8101109738004,2878.313810110712,2874.127620222121]",2874.8101109738004,"[2874.82059186246,2878.3201808513368,2874.4771886551425]",2874.82059186246,"[2.8074317489978515,2.810853330186242,2.8067652541231656]",2.8074317489978515,1024.0,32.0,4.0,32.0,131.0,33.0
density-crossover-avx512,cross/4/unit32/draw4/stride33/spread/update/point,1,3,"[7003.084542271834,6997.566283142438,6998.9969984994195]",6998.9969984994195,"[7003.1050525322125,6997.5917958867085,6999.862931464682]",6999.862931464682,"[6.838949748312338,6.833560823381286,6.834958006347089]",6.834958006347089,1024.0,32.0,4.0,32.0,131.0,33.0
density-crossover-avx512,cross/4/unit32/draw4/stride64/compact/sum/packet,1,3,"[746.4261433047029,749.3315982366291,747.4130238487377]",747.4130238487377,"[746.4283210274218,749.9095448031861,747.5878791087929]",747.5878791087929,"[0.7289317805709989,0.7317691389029581,0.7298955311022829]",0.7298955311022829,1024.0,32.0,4.0,4.0,196.0,64.0
density-crossover-avx512,cross/4/unit32/draw4/stride64/compact/sum/point,1,3,"[3376.6432015428363,3374.398505303816,3373.3114754098815]",3374.398505303816,"[3376.653085824379,3381.4117647080875,3373.822806166895]",3376.653085824379,"[3.297503126506676,3.2953110403357577,3.2942494877049624]",3.2953110403357577,1024.0,32.0,4.0,4.0,196.0,64.0
density-crossover-avx512,cross/4/unit32/draw4/stride64/compact/update/packet,1,3,"[1572.0887897377893,1557.542108198792,1555.2063580590918]",1557.542108198792,"[1572.5171221433377,1557.5477969878118,1555.6962632464395]",1557.5477969878118,"[1.5352429587283098,1.5210372150378828,1.518756209042082]",1.5210372150378828,1024.0,32.0,4.0,4.0,196.0,64.0
density-crossover-avx512,cross/4/unit32/draw4/stride64/compact/update/point,1,3,"[5812.843788949203,5824.771915246998,5808.818030742974]",5812.843788949203,"[5812.861238066275,5824.788533451203,5808.83506439328]",5812.861238066275,"[5.676605262645706,5.688253823483397,5.672673858147435]",5.676605262645706,1024.0,32.0,4.0,4.0,196.0,64.0
density-crossover-avx512,cross/4/unit32/draw4/stride64/spread/sum/packet,1,3,"[1368.182659522562,1366.451631758374,1367.5679493426994]",1367.5679493426994,"[1368.1856794932403,1366.4556259129074,1367.5709693126853]",1367.5709693126853,"[1.336115878440002,1.334425421639037,1.33551557552998]",1.33551557552998,1024.0,32.0,4.0,32.0,224.0,64.0
density-crossover-avx512,cross/4/unit32/draw4/stride64/spread/sum/point,1,3,"[3353.914791766026,3352.0236955485825,3355.5064624217353]",3353.914791766026,"[3359.5083772172416,3352.036141692693,3387.2704643362968]",3359.5083772172416,"[3.2753074138340104,3.2734606401841626,3.2768617797087263]",3.2753074138340104,1024.0,32.0,4.0,32.0,224.0,64.0
density-crossover-avx512,cross/4/unit32/draw4/stride64/spread/update/packet,1,3,"[2952.9737455007676,2953.109464323496,2955.3006563624704]",2953.109464323496,"[2953.8210882915205,2953.1179335212673,2955.30933728934]",2953.8210882915205,"[2.8837634233405938,2.883895961253414,2.886035797228975]",2.883895961253414,1024.0,32.0,4.0,32.0,224.0,64.0
density-crossover-avx512,cross/4/unit32/draw4/stride64/spread/update/point,1,3,"[7071.635490392974,7067.82406471302,7074.441354904835]",7071.635490392974,"[7074.305358961421,7067.83923154587,7077.045500508184]",7074.305358961421,"[6.905894033586888,6.902171938196307,6.908634135649253]",6.905894033586888,1024.0,32.0,4.0,32.0,224.0,64.0
density-crossover-avx512,cross/4/unit32/draw8/stride32/compact/sum/packet,1,3,"[728.3203463202356,729.6143013611388,727.9744953841285]",728.3203463202356,"[728.4716006877161,729.6164397853263,727.9766338088718]",728.4716006877161,"[0.7112503382033551,0.7125139661729871,0.710912593148563]",0.7112503382033551,1024.0,32.0,8.0,8.0,104.0,32.0
density-crossover-avx512,cross/4/unit32/draw8/stride32/compact/sum/point,1,3,"[4751.118845500305,4782.976570457896,4747.213921902399]",4751.118845500305,"[4751.794906616468,4988.030220707786,4748.195585734983]",4751.794906616468,"[4.639764497558891,4.670875557087789,4.635951095607811]",4.639764497558891,1024.0,32.0,8.0,8.0,104.0,32.0
density-crossover-avx512,cross/4/unit32/draw8/stride32/compact/update/packet,1,3,"[1506.389586290002,1519.4700360224717,1514.8123567299215]",1514.8123567299215,"[1506.3940617831506,1520.220063312077,1514.8167230666113]",1514.8167230666113,"[1.47108358036133,1.483857457053195,1.4793089421190642]",1.4793089421190642,1024.0,32.0,8.0,8.0,104.0,32.0
density-crossover-avx512,cross/4/unit32/draw8/stride32/compact/update/point,1,3,"[9587.977335165944,9580.697115386049,9579.159340657981]",9580.697115386049,"[9589.695054944326,9580.732142851715,9579.186813185286]",9580.732142851715,"[9.363259116372992,9.356149526744188,9.35464779361131]",9.356149526744188,1024.0,32.0,8.0,8.0,104.0,32.0
density-crossover-avx512,cross/4/unit32/draw8/stride32/spread/sum/packet,1,3,"[2386.6641156462515,2389.1047619048913,2386.432823129442]",2386.6641156462515,"[2386.672959180773,2389.421088434487,2386.439965987176]",2386.672959180773,"[2.3307266754357925,2.3331101190477455,2.330500803837346]",2.3307266754357925,1024.0,32.0,8.0,32.0,128.0,32.0
density-crossover-avx512,cross/4/unit32/draw8/stride32/spread/sum/point,1,3,"[4752.0298913035795,4750.521399456444,4748.361073370549]",4750.521399456444,"[4758.001358694192,4751.550951085177,4763.03566576203]",4758.001358694192,"[4.640654190726152,4.639181054156683,4.637071360713427]",4.639181054156683,1024.0,32.0,8.0,32.0,128.0,32.0
density-crossover-avx512,cross/4/unit32/draw8/stride32/spread/update/packet,1,3,"[5029.890686803664,5059.21431139814,5050.189140596859]",5050.189140596859,"[5029.901833872708,5059.937432576084,5050.203883493762]",5050.203883493762,"[4.912002623831703,4.940638975974746,4.931825332614119]",4.931825332614119,1024.0,32.0,8.0,32.0,128.0,32.0
density-crossover-avx512,cross/4/unit32/draw8/stride32/spread/update/point,1,3,"[12089.5651423634,12090.202761000803,12092.877480587258]",12090.202761000803,"[12089.599654889305,12090.238136305828,12094.768766163112]",12090.238136305828,"[11.806215959339259,11.806838633789848,11.809450664635994]",11.806838633789848,1024.0,32.0,8.0,32.0,128.0,32.0
density-crossover-avx512,cross/4/unit32/draw8/stride33/compact/sum/packet,1,3,"[735.9298329102984,743.4895833332497,737.9508248731001]",737.9508248731001,"[738.1163282583024,743.4918041452405,738.0872461934769]",738.1163282583024,"[0.7186814774514634,0.7260640462238767,0.7206551024151369]",0.7206551024151369,1024.0,32.0,8.0,8.0,107.0,33.0
density-crossover-avx512,cross/4/unit32/draw8/stride33/compact/sum/point,1,3,"[4757.055120789347,4757.307247363323,4759.964273562548]",4757.307247363323,"[4757.0724736270495,4757.321197682881,4760.641714863518]",4757.321197682881,"[4.6455616413958465,4.645807858753245,4.648402610900926]",4.645807858753245,1024.0,32.0,8.0,8.0,107.0,33.0
density-crossover-avx512,cross/4/unit32/draw8/stride33/compact/update/packet,1,3,"[1536.1626256007257,1538.4234381826739,1537.1282219313505]",1537.1282219313505,"[1538.7238968971328,1538.785168195444,1537.415574486382]",1538.7238968971328,"[1.5001588140632087,1.5023666388502674,1.5011017792298345]",1.5011017792298345,1024.0,32.0,8.0,8.0,107.0,33.0
density-crossover-avx512,cross/4/unit32/draw8/stride33/compact/update/point,1,3,"[9607.657750346141,9596.101508916114,9609.248971196697]",9607.657750346141,"[9607.686556928013,9596.128943760632,9615.55967077856]",9607.686556928013,"[9.382478271822404,9.371192879800892,9.384032198434275]",9.382478271822404,1024.0,32.0,8.0,8.0,107.0,33.0
density-crossover-avx512,cross/4/unit32/draw8/stride33/spread/sum/packet,1,3,"[2379.047262835009,2382.544202651421,2383.018531111719]",2382.544202651421,"[2379.0559333565616,2383.1411084674423,2383.4386263129304]",2383.1411084674423,"[2.3232883426123134,2.3267033229017784,2.327166534288788]",2.3267033229017784,1024.0,32.0,8.0,32.0,131.0,33.0
density-crossover-avx512,cross/4/unit32/draw8/stride33/spread/sum/point,1,3,"[4763.442098090621,4762.467643052615,4762.437329702239]",4762.467643052615,"[4763.459468667896,4762.48501363231,4762.4509536791475]",4762.48501363231,"[4.651798923916622,4.65084730766857,4.650817704787342]",4.65084730766857,1024.0,32.0,8.0,32.0,131.0,33.0
density-crossover-avx512,cross/4/unit32/draw8/stride33/spread/update/packet,1,3,"[5056.3568840585995,5092.621739131133,5063.835144926481]",5063.835144926481,"[5056.3717391335795,5099.723550729834,5074.9913043443285]",5074.9913043443285,"[4.937848519588476,4.973263417120247,4.945151508717267]",4.945151508717267,1024.0,32.0,8.0,32.0,131.0,33.0
density-crossover-avx512,cross/4/unit32/draw8/stride33/spread/update/point,1,3,"[12116.827288426626,12110.10794472994,12099.737478412742]",12110.10794472994,"[12119.72107081938,12110.143350608132,12099.7720207238]",12110.143350608132,"[11.832839148854125,11.826277289775332,11.816149881262444]",11.826277289775332,1024.0,32.0,8.0,32.0,131.0,33.0
density-crossover-avx512,cross/4/unit32/draw8/stride64/compact/sum/packet,1,3,"[771.8004523890077,770.2254220454843,774.4116186691525]",771.8004523890077,"[771.9091912158193,770.2276839900361,774.4133289199591]",771.9091912158193,"[0.7537113792861404,0.7521732637162932,0.7562613463565943]",0.7537113792861404,1024.0,32.0,8.0,8.0,200.0,64.0
density-crossover-avx512,cross/4/unit32/draw8/stride64/compact/sum/point,1,3,"[4788.53830369367,4783.9620383030215,4775.713064295131]",4783.9620383030215,"[4789.307797545496,4783.976402182009,4775.727086187761]",4783.976402182009,"[4.67630693720085,4.671837928030294,4.6637822893507135]",4.671837928030294,1024.0,32.0,8.0,8.0,200.0,64.0
density-crossover-avx512,cross/4/unit32/draw8/stride64/compact/update/packet,1,3,"[1577.8724005424476,1585.4516274859106,1588.6646699818286]",1585.4516274859106,"[1578.1019439406007,1585.456261299838,1592.8024412294262]",1585.456261299838,"[1.5408910161547342,1.5482926049667094,1.5514303417791295]",1.5482926049667094,1024.0,32.0,8.0,8.0,200.0,64.0
density-crossover-avx512,cross/4/unit32/draw8/stride64/compact/update/point,1,3,"[9632.603851444375,9621.674690511245,9618.270976617903]",9621.674690511245,"[9634.825309494134,9621.696698761274,9638.883081152173]",9634.825309494134,"[9.406839698676146,9.396166689952388,9.392842750603421]",9.396166689952388,1024.0,32.0,8.0,8.0,200.0,64.0
density-crossover-avx512,cross/4/unit32/draw8/stride64/spread/sum/packet,1,3,"[2413.282197954885,2420.2660773090292,2413.6879875195054]",2413.6879875195054,"[2413.767724039044,2420.2716241943353,2413.696654532338]",2413.767724039044,"[2.3567208964403172,2.363541091122099,2.357117175312017]",2.357117175312017,1024.0,32.0,8.0,32.0,224.0,64.0
density-crossover-avx512,cross/4/unit32/draw8/stride64/spread/sum/point,1,3,"[4778.143149981743,4779.274000683438,4776.647078920454]",4778.143149981743,"[4778.153741037543,4780.019132217182,4776.6641612563035]",4778.153741037543,"[4.666155419904046,4.66725976629242,4.664694413008256]",4.666155419904046,1024.0,32.0,8.0,32.0,224.0,64.0
density-crossover-avx512,cross/4/unit32/draw8/stride64/spread/update/packet,1,3,"[5204.43717472294,5233.6858736068825,5224.25464683996]",5224.25464683996,"[5204.452044612646,5234.5007434941035,5224.273605942732]",5224.273605942732,"[5.082458178440372,5.111021360944221,5.101811178554649]",5.101811178554649,1024.0,32.0,8.0,32.0,224.0,64.0
density-crossover-avx512,cross/4/unit32/draw8/stride64/spread/update/point,1,3,"[12172.654213725942,12177.138140749617,12298.327541269691]",12177.138140749617,"[12175.252823626231,12196.973935712738,12298.346655103865]",12196.973935712738,"[11.88735763059174,11.891736465575796,12.010085489521181]",11.891736465575796,1024.0,32.0,8.0,32.0,224.0,64.0
retained-crossover-avx2,cross/2/unit12/draw2/stride12/compact/sum/packet,1,3,"[1727.8035361030245,1749.841246290569,1741.161597428085]",1741.161597428085,"[1727.8151582589494,1749.8516320481049,1742.1130069246055]",1742.1130069246055,"[1.6873081407256099,1.7088293420806338,1.7003531224883643]",1.7003531224883643,1024.0,12.0,2.0,2.0,14.0,12.0
retained-crossover-avx2,cross/2/unit12/draw2/stride12/compact/sum/point,1,3,"[2107.433714974395,2109.5790900877364,2118.7880385660087]",2109.5790900877364,"[2107.447875867937,2109.593100330804,2122.973787283412]",2109.593100330804,"[2.0580407372796827,2.060135830163805,2.069128943912118]",2.060135830163805,1024.0,12.0,2.0,2.0,14.0,12.0
retained-crossover-avx2,cross/2/unit12/draw2/stride12/compact/sum/window,1,3,"[1716.4931960276188,1715.2771852397711,1716.267622900308]",1716.267622900308,"[1716.504719873994,1715.2873605466789,1717.6117445155382]",1716.504719873994,"[1.6762628867457214,1.6750753762107142,1.6760426004885818]",1.6760426004885818,1024.0,12.0,2.0,2.0,14.0,12.0
retained-crossover-avx2,cross/2/unit12/draw2/stride12/compact/update/packet,1,3,"[3724.559798462109,3699.19252187684,3726.5038451338287]",3724.559798462109,"[3724.5847255382755,3699.2174489539484,3726.525855214437]",3724.5847255382755,"[3.6372654281856533,3.6124926971453513,3.6391639112635046]",3.6372654281856533,1024.0,12.0,2.0,2.0,14.0,12.0
retained-crossover-avx2,cross/2/unit12/draw2/stride12/compact/update/point,1,3,"[3769.541049797507,3767.1076716014504,3768.658411843874]",3768.658411843874,"[3776.88532974121,3767.1356662230555,3768.6834454923646]",3768.6834454923646,"[3.6811924314428777,3.6788160855482914,3.680330480316283]",3.680330480316283,1024.0,12.0,2.0,2.0,14.0,12.0
retained-crossover-avx2,cross/2/unit12/draw2/stride12/compact/update/window,1,3,"[3799.618500273414,3799.0106732348195,3829.853585111931]",3799.618500273414,"[3801.1406677557857,3799.0361247919977,3839.0147783186367]",3801.1406677557857,"[3.7105649416732556,3.7099713605808784,3.7400913917108705]",3.7105649416732556,1024.0,12.0,2.0,2.0,14.0,12.0
retained-crossover-avx2,cross/2/unit12/draw2/stride12/spread/sum/packet,1,3,"[2450.3495949275552,2442.746565691658,2439.814371257784]",2442.746565691658,"[2451.1849242672843,2442.761183513542,2439.8289890834217]",2442.761183513542,"[2.392919526296441,2.3854946930582597,2.3826312219314296]",2.3854946930582597,1024.0,12.0,2.0,12.0,24.0,12.0
retained-crossover-avx2,cross/2/unit12/draw2/stride12/spread/sum/point,1,3,"[2109.671034794408,2108.62705226723,2107.5713209822725]",2108.62705226723,"[2110.058593161591,2108.6412110272504,2107.5838228623743]",2108.6412110272504,"[2.0602256199164137,2.0592061057297166,2.05817511814675]",2.0592061057297166,1024.0,12.0,2.0,12.0,24.0,12.0
retained-crossover-avx2,cross/2/unit12/draw2/stride12/spread/sum/window,1,3,"[1965.6652288855166,1979.7168498678302,1955.6513148740412]",1965.6652288855166,"[1965.676777512482,1980.0571865878778,1958.523723389804]",1965.676777512482,"[1.9195949500835126,1.9333172361990527,1.9098157371816806]",1.9195949500835126,1024.0,12.0,2.0,12.0,24.0,12.0
retained-crossover-avx2,cross/2/unit12/draw2/stride12/spread/update/packet,1,3,"[5915.193778899262,5901.83480454005,5889.914249684378]",5901.83480454005,"[5915.237074402169,5904.106767557004,5889.953341731151]",5904.106767557004,"[5.77655642470631,5.763510551308642,5.751869384457401]",5.763510551308642,1024.0,12.0,2.0,12.0,24.0,12.0
retained-crossover-avx2,cross/2/unit12/draw2/stride12/spread/update/point,1,3,"[4612.91380999068,4611.493633692575,4600.89650669296]",4611.493633692575,"[4612.9415605538725,4613.636630754129,4600.92360430148]",4612.9415605538725,"[4.504798642569024,4.503411751652905,4.493062994817344]",4.503411751652905,1024.0,12.0,2.0,12.0,24.0,12.0
retained-crossover-avx2,cross/2/unit12/draw2/stride12/spread/update/window,1,3,"[5434.479753181999,5395.3740840720875,5385.2622445045035]",5395.3740840720875,"[5434.516004625719,5396.582722713201,5385.2981103027305]",5396.582722713201,"[5.3071091339667955,5.268920003976648,5.259045160648929]",5.268920003976648,1024.0,12.0,2.0,12.0,24.0,12.0
retained-crossover-avx2,cross/2/unit12/draw2/stride13/compact/sum/packet,1,3,"[1727.6592178772632,1727.0013656114088,1761.649286158006]",1727.6592178772632,"[1728.0036002513743,1727.0115456246658,1762.022470512905]",1728.0036002513743,"[1.6871672049582649,1.6865247711048914,1.7203606310136779]",1.6871672049582649,1024.0,12.0,2.0,2.0,15.0,13.0
retained-crossover-avx2,cross/2/unit12/draw2/stride13/compact/sum/point,1,3,"[2108.889792231561,2112.0287563982097,2147.7303523033797]",2112.0287563982097,"[2108.9022884686683,2114.7258355913336,2148.655675997925]",2114.7258355913336,"[2.0594626877261337,2.0625280824201266,2.0973929221712693]",2.0625280824201266,1024.0,12.0,2.0,2.0,15.0,13.0
retained-crossover-avx2,cross/2/unit12/draw2/stride13/compact/sum/window,1,3,"[1769.427669780444,1770.6418833624332,1769.3328704875646]",1769.427669780444,"[1769.4382731652022,1770.6550113606027,1769.8521837899593]",1769.8521837899593,"[1.7279567087699645,1.729142464221126,1.7278641313355125]",1.7279567087699645,1024.0,12.0,2.0,2.0,15.0,13.0
retained-crossover-avx2,cross/2/unit12/draw2/stride13/compact/update/packet,1,3,"[3735.2582728008406,3725.1589991928454,3708.605057842278]",3725.1589991928454,"[3735.280871671811,3725.181060000216,3715.2187247794336]",3725.181060000216,"[3.6477131570320713,3.6378505851492626,3.6216846267991]",3.6378505851492626,1024.0,12.0,2.0,2.0,15.0,13.0
retained-crossover-avx2,cross/2/unit12/draw2/stride13/compact/update/point,1,3,"[3768.5408245753533,3766.9428725407597,3769.8102937208646]",3768.5408245753533,"[3768.975747781997,3767.39396388983,3777.135273509792]",3768.975747781997,"[3.680215648999368,3.678655148965586,3.681455364961782]",3.680215648999368,1024.0,12.0,2.0,2.0,15.0,13.0
retained-crossover-avx2,cross/2/unit12/draw2/stride13/compact/update/window,1,3,"[4045.6011008104592,4043.8195249132223,4032.035341830552]",4043.8195249132223,"[4046.801564311435,4043.8438586255556,4039.681054461607]",4043.8438586255556,"[3.950782325010214,3.9490425047980686,3.9375345135063986]",3.9490425047980686,1024.0,12.0,2.0,2.0,15.0,13.0
retained-crossover-avx2,cross/2/unit12/draw2/stride13/spread/sum/packet,1,3,"[2626.9002063396674,2635.9418495589553,2628.7403864194303]",2628.7403864194303,"[2627.8182329723077,2635.957418866486,2628.7580191332027]",2628.7580191332027,"[2.5653322327535815,2.5741619624599172,2.567129283612725]",2.567129283612725,1024.0,12.0,2.0,12.0,25.0,13.0
retained-crossover-avx2,cross/2/unit12/draw2/stride13/spread/sum/point,1,3,"[2109.642157601482,2112.420671990234,2109.039475666789]",2109.642157601482,"[2110.0465571793416,2116.7664607495385,2109.053638692353]",2110.0465571793416,"[2.060197419532697,2.062910812490463,2.059608862955848]",2.060197419532697,1024.0,12.0,2.0,12.0,25.0,13.0
retained-crossover-avx2,cross/2/unit12/draw2/stride13/spread/sum/window,1,3,"[2066.867263236266,2057.619090230967,2062.573452646888]",2062.573452646888,"[2066.879642056945,2058.086204325426,2062.5858314654483]",2062.5858314654483,"[2.018425061754166,2.0093936428036785,2.0142318873504768]",2.0142318873504768,1024.0,12.0,2.0,12.0,25.0,13.0
retained-crossover-avx2,cross/2/unit12/draw2/stride13/spread/update/packet,1,3,"[6039.213945431393,6058.4733650930875,6044.498051103542]",6044.498051103542,"[6039.254655689712,6061.034647035988,6044.538328281602]",6044.538328281602,"[5.897669868585344,5.916477895598718,5.902830128030803]",5.902830128030803,1024.0,12.0,2.0,12.0,25.0,13.0
retained-crossover-avx2,cross/2/unit12/draw2/stride13/spread/update/point,1,3,"[4592.302980132693,4598.442052980121,4607.28344370842]",4598.442052980121,"[4592.333774830169,4606.019536430834,4607.3139072871]",4606.019536430834,"[4.484670879035833,4.490666067363399,4.499300237996504]",4.490666067363399,1024.0,12.0,2.0,12.0,25.0,13.0
retained-crossover-avx2,cross/2/unit12/draw2/stride13/spread/update/window,1,3,"[5472.224626278485,5482.457120377311,5475.95397324907]",5475.95397324907,"[5472.265145555203,5493.968922114543,5475.990952006219]",5475.990952006219,"[5.343969361600083,5.353962031618467,5.347611302001046]",5.347611302001046,1024.0,12.0,2.0,12.0,25.0,13.0
retained-crossover-avx2,cross/2/unit12/draw2/stride64/compact/sum/packet,1,3,"[1731.7552926523324,1734.7168119548785,1737.0105853048012]",1734.7168119548785,"[1731.7657534257448,1734.7257783317098,1738.2551681186958]",1734.7257783317098,"[1.6911672779807934,1.6940593866746858,1.69629939971172]",1.6940593866746858,1024.0,12.0,2.0,2.0,66.0,64.0
retained-crossover-avx2,cross/2/unit12/draw2/stride64/compact/sum/point,1,3,"[2120.2834536797877,2114.2826855122753,2117.7423567364353]",2117.7423567364353,"[2120.297741590019,2114.2951298211865,2118.25748962831]",2118.25748962831,"[2.070589310234168,2.064729185070582,2.068107770250425]",2.068107770250425,1024.0,12.0,2.0,2.0,66.0,64.0
retained-crossover-avx2,cross/2/unit12/draw2/stride64/compact/update/packet,1,3,"[3711.9073389647738,3713.351372756061,3722.380147835745]",3713.351372756061,"[3713.5240232314627,3713.376451953726,3722.3996832103535]",3713.5240232314627,"[3.624909510707787,3.6263196999570906,3.6351368631208443]",3.6263196999570906,1024.0,12.0,2.0,2.0,66.0,64.0
retained-crossover-avx2,cross/2/unit12/draw2/stride64/compact/update/point,1,3,"[3774.4008620690843,3776.0412176723494,3774.4251077578747]",3774.4251077578747,"[3774.420528017073,3776.0665409522207,3784.0274784476496]",3776.0665409522207,"[3.68593834186434,3.687540251633154,3.685962019294799]",3.685962019294799,1024.0,12.0,2.0,2.0,66.0,64.0
retained-crossover-avx2,cross/2/unit12/draw2/stride64/spread/sum/packet,1,3,"[2629.6150964600743,2624.580633076757,2624.529874508194]",2624.580633076757,"[2631.5412998672937,2624.598239368865,2625.053193481166]",2625.053193481166,"[2.5679834926367913,2.56306702448902,2.5630174555744083]",2.56306702448902,1024.0,12.0,2.0,12.0,76.0,64.0
retained-crossover-avx2,cross/2/unit12/draw2/stride64/spread/sum/point,1,3,"[2122.6043089060313,2124.458504020915,2122.445000758852]",2122.6043089060313,"[2123.1283568477406,2124.471096952249,2122.457745410626]",2123.1283568477406,"[2.072855770416046,2.074666507832925,2.0727001960535665]",2.072855770416046,1024.0,12.0,2.0,12.0,76.0,64.0
retained-crossover-avx2,cross/2/unit12/draw2/stride64/spread/update/packet,1,3,"[6055.18542475264,6049.89866321822,6052.594221647936]",6052.594221647936,"[6056.269512714774,6049.930573525495,6052.6347563584]",6052.6347563584,"[5.91326701636,5.9081041632990425,5.910736544578063]",5.910736544578063,1024.0,12.0,2.0,12.0,76.0,64.0
retained-crossover-avx2,cross/2/unit12/draw2/stride64/spread/update/point,1,3,"[4602.036250816782,4593.649902025088,4598.561397778624]",4598.561397778624,"[4602.935989552145,4601.312867412366,4598.592423253578]",4601.312867412366,"[4.494176026188263,4.485986232446375,4.490782615018188]",4.490782615018188,1024.0,12.0,2.0,12.0,76.0,64.0
retained-crossover-avx2,cross/2/unit12/draw4/stride12/compact/sum/packet,1,3,"[1896.6415989159677,1920.849051490332,1910.9261517615744]",1910.9261517615744,"[1896.6529810273605,1922.0813008160953,1910.9390243889586]",1910.9390243889586,"[1.8521890614413745,1.875829151846027,1.8661388200796625]",1.8661388200796625,1024.0,12.0,4.0,4.0,16.0,12.0
retained-crossover-avx2,cross/2/unit12/draw4/stride12/compact/sum/point,1,3,"[2757.000588350894,2710.7109237100667,2707.7456363987353]",2710.7109237100667,"[2757.472053348202,2711.519513633855,2707.7638752650373]",2711.519513633855,"[2.6923833870614198,2.647178636435612,2.64428284804564]",2.647178636435612,1024.0,12.0,4.0,4.0,16.0,12.0
retained-crossover-avx2,cross/2/unit12/draw4/stride12/compact/sum/window,1,3,"[1431.5240668977267,1432.1319600243214,1431.4394248420851]",1431.5240668977267,"[1431.5327350604312,1432.3831327765538,1431.447991026763]",1431.5327350604312,"[1.3979727215798112,1.3985663672112514,1.3978900633223488]",1.3979727215798112,1024.0,12.0,4.0,4.0,16.0,12.0
retained-crossover-avx2,cross/2/unit12/draw4/stride12/compact/update/packet,1,3,"[4096.057805164792,4103.120892018833,4115.315434272231]",4103.120892018833,"[4096.082453051028,4103.145246485112,4117.226819250536]",4103.145246485112,"[4.000056450356242,4.006953996112141,4.0188627287814755]",4.006953996112141,1024.0,12.0,4.0,4.0,16.0,12.0
retained-crossover-avx2,cross/2/unit12/draw4/stride12/compact/update/point,1,3,"[5169.828908554595,5187.494469026269,5188.623156340971]",5187.494469026269,"[5176.684734513322,5187.5258112117535,5190.858775810264]",5187.5258112117535,"[5.048661043510347,5.065912567408466,5.06701480111423]",5.065912567408466,1024.0,12.0,4.0,4.0,16.0,12.0
retained-crossover-avx2,cross/2/unit12/draw4/stride12/compact/update/window,1,3,"[3501.6577471970527,3491.278287462494,3448.8825178392635]",3491.278287462494,"[3501.678644240804,3497.2650356723652,3449.6396534144756]",3497.2650356723652,"[3.4195876437471218,3.4094514526000923,3.368049333827406]",3.4094514526000923,1024.0,12.0,4.0,4.0,16.0,12.0
retained-crossover-avx2,cross/2/unit12/draw4/stride12/spread/sum/packet,1,3,"[2618.464625722893,2621.768900503716,2625.9874929997254]",2621.768900503716,"[2618.8088482361204,2627.0860556294265,2626.460518947757]",2626.460518947757,"[2.5570943610575125,2.56032119189816,2.5644409111325444]",2.56032119189816,1024.0,12.0,4.0,12.0,24.0,12.0
retained-crossover-avx2,cross/2/unit12/draw4/stride12/spread/sum/point,1,3,"[2711.701353965091,2718.0319148936874,2718.0417794972977]",2718.0319148936874,"[2711.717408125027,2718.0483559015374,2718.0578336565463]",2718.0483559015374,"[2.6481458534815343,2.654328041888366,2.65433767529033]",2.654328041888366,1024.0,12.0,4.0,12.0,24.0,12.0
retained-crossover-avx2,cross/2/unit12/draw4/stride12/spread/sum/window,1,3,"[2023.4127443880795,2028.6408399708594,2024.87125271566]",2024.87125271566,"[2023.7971035480105,2028.6530050680778,2028.2040550338286]",2028.2040550338286,"[1.975989008191484,1.9810945702840426,1.9774133327301366]",1.9774133327301366,1024.0,12.0,4.0,12.0,24.0,12.0
retained-crossover-avx2,cross/2/unit12/draw4/stride12/spread/update/packet,1,3,"[6069.929096412316,6043.638132296067,6046.309987030068]",6046.309987030068,"[6093.679204496097,6043.683095543296,6046.3463034975075]",6046.3463034975075,"[5.927665133215151,5.901990363570378,5.90459959670905]",5.90459959670905,1024.0,12.0,4.0,12.0,24.0,12.0
retained-crossover-avx2,cross/2/unit12/draw4/stride12/spread/update/point,1,3,"[7867.603932583821,7871.424719101456,7866.525280898995]",7867.603932583821,"[7870.078089898301,7871.471348328776,7866.578089884146]",7870.078089898301,"[7.683206965413888,7.686938202247515,7.682153594627925]",7.683206965413888,1024.0,12.0,4.0,12.0,24.0,12.0
retained-crossover-avx2,cross/2/unit12/draw4/stride12/spread/update/window,1,3,"[5428.834042552981,5454.887814312468,5441.422050291074]",5441.422050291074,"[5429.744680851985,5456.1852998086015,5441.454545454049]",5441.454545454049,"[5.301595744680647,5.32703888116452,5.313888720987377]",5.313888720987377,1024.0,12.0,4.0,12.0,24.0,12.0
retained-crossover-avx2,cross/2/unit12/draw4/stride13/compact/sum/packet,1,3,"[2025.669361824757,2026.7116661857158,2023.1975166039972]",2025.669361824757,"[2026.1462604649491,2026.7252382336835,2023.2109442674446]",2026.1462604649491,"[1.9781927361569893,1.979210611509488,1.9757788248085912]",1.9781927361569893,1024.0,12.0,4.0,4.0,17.0,13.0
retained-crossover-avx2,cross/2/unit12/draw4/stride13/compact/sum/point,1,3,"[2753.9329857093862,2715.192352259616,2708.0928930088444]",2715.192352259616,"[2759.9692931660134,2721.365392041547,2708.1110467390267]",2721.365392041547,"[2.6893876813568225,2.6515550315035314,2.6446219658289496]",2.6515550315035314,1024.0,12.0,4.0,4.0,17.0,13.0
retained-crossover-avx2,cross/2/unit12/draw4/stride13/compact/sum/window,1,3,"[1925.6755820399876,1935.3680709534542,1931.0428215078352]",1931.0428215078352,"[1925.687222839177,1936.078021064472,1931.05432372362]",1931.05432372362,"[1.8805425605859254,1.8900078817904826,1.8857840053787454]",1.8857840053787454,1024.0,12.0,4.0,4.0,17.0,13.0
retained-crossover-avx2,cross/2/unit12/draw4/stride13/compact/update/packet,1,3,"[4281.124161074466,4253.531421598637,4260.0747406962255]",4260.0747406962255,"[4281.149786453581,4254.230933495487,4260.103416710808]",4260.103416710808,"[4.180785313549284,4.153839278904919,4.160229238961157]",4.160229238961157,1024.0,12.0,4.0,4.0,17.0,13.0
retained-crossover-avx2,cross/2/unit12/draw4/stride13/compact/update/point,1,3,"[5190.8885564700395,5176.916604338251,5246.47531787578]",5190.8885564700395,"[5190.919596109609,5177.706806284511,5246.51047120305]",5190.919596109609,"[5.069227105927773,5.055582621424072,5.123511052613066]",5.069227105927773,1024.0,12.0,4.0,4.0,17.0,13.0
retained-crossover-avx2,cross/2/unit12/draw4/stride13/compact/update/window,1,3,"[4256.051734632275,4258.683810103356,4240.6558125382935]",4256.051734632275,"[4265.221850273071,4265.447048087616,4242.537735852577]",4265.221850273071,"[4.15630052210183,4.158870908304058,4.141265441931927]",4.15630052210183,1024.0,12.0,4.0,4.0,17.0,13.0
retained-crossover-avx2,cross/2/unit12/draw4/stride13/spread/sum/packet,1,3,"[2627.406747891112,2632.002811621233,2637.09203373954]",2632.002811621233,"[2627.422492968748,2632.020431116599,2637.6719775091487]",2632.020431116599,"[2.5658269022374145,2.5703152457238603,2.5752851891987696]",2.5703152457238603,1024.0,12.0,4.0,12.0,25.0,13.0
retained-crossover-avx2,cross/2/unit12/draw4/stride13/spread/sum/point,1,3,"[2707.508700696164,2717.891724671182,2715.153712296996]",2715.153712296996,"[2707.5268754870444,2717.909706112559,2715.595514307972]",2715.595514307972,"[2.6440514655235976,2.6541911373742013,2.6515172971650354]",2.6515172971650354,1024.0,12.0,4.0,12.0,25.0,13.0
retained-crossover-avx2,cross/2/unit12/draw4/stride13/spread/sum/window,1,3,"[2126.454765873691,2124.718290650241,2130.2113956657304]",2126.454765873691,"[2126.4690104552287,2124.732535235009,2130.2241248692544]",2126.4690104552287,"[2.0766159822985264,2.074920205713126,2.080284566079815]",2.0766159822985264,1024.0,12.0,4.0,12.0,25.0,13.0
retained-crossover-avx2,cross/2/unit12/draw4/stride13/spread/update/packet,1,3,"[6055.261226251255,6034.182210707271,6052.208549222422]",6052.208549222422,"[6055.297927451001,6034.213298791211,6052.249568222555]",6052.249568222555,"[5.913341041260991,5.8927560651438196,5.910359911350022]",5.910359911350022,1024.0,12.0,4.0,12.0,25.0,13.0
retained-crossover-avx2,cross/2/unit12/draw4/stride13/spread/update/point,1,3,"[7880.59526493825,7867.9791431790345,7870.803833144617]",7870.803833144617,"[7882.29368657658,7868.026493801017,7870.8506200666925]",7870.8506200666925,"[7.6958938134162596,7.683573382010776,7.68633186830529]",7.68633186830529,1024.0,12.0,4.0,12.0,25.0,13.0
retained-crossover-avx2,cross/2/unit12/draw4/stride13/spread/update/window,1,3,"[5544.909697683168,5524.211228896652,5524.842952492304]",5524.842952492304,"[5544.946996464952,5524.251668630228,5524.884177470453]",5524.884177470453,"[5.414950876643719,5.3947375282193875,5.3953544457932665]",5.3953544457932665,1024.0,12.0,4.0,12.0,25.0,13.0
retained-crossover-avx2,cross/2/unit12/draw4/stride64/compact/sum/packet,1,3,"[2021.7965587049457,2029.0190861766132,2019.1230480048007]",2021.7965587049457,"[2022.1152400217416,2029.4836610758246,2019.1351937511977]",2022.1152400217416,"[1.9744107018602988,1.9814639513443488,1.9717998515671884]",1.9744107018602988,1024.0,12.0,4.0,4.0,68.0,64.0
retained-crossover-avx2,cross/2/unit12/draw4/stride64/compact/sum/point,1,3,"[2723.155373831568,2721.402842679178,2724.5202492211547]",2723.155373831568,"[2723.9561915905065,2721.41725078075,2725.190615260746]",2723.9561915905065,"[2.6593314197573905,2.6576199635538846,2.660664305880034]",2.6593314197573905,1024.0,12.0,4.0,4.0,68.0,64.0
retained-crossover-avx2,cross/2/unit12/draw4/stride64/compact/update/packet,1,3,"[4251.50243013409,4261.204434994183,4254.925880923312]",4254.925880923312,"[4253.316828678284,4266.862089910632,4254.951093564252]",4254.951093564252,"[4.151857841927822,4.161332456049007,4.155201055589172]",4.155201055589172,1024.0,12.0,4.0,4.0,68.0,64.0
retained-crossover-avx2,cross/2/unit12/draw4/stride64/compact/update/point,1,3,"[5265.19288389528,5232.43295880152,5231.78464419436]",5232.43295880152,"[5266.928464427505,5232.464044937099,5232.508988761043]",5232.508988761043,"[5.141789925678984,5.109797811329608,5.109164691596056]",5.109797811329608,1024.0,12.0,4.0,4.0,68.0,64.0
retained-crossover-avx2,cross/2/unit12/draw4/stride64/spread/sum/packet,1,3,"[2622.210467289822,2632.1037383176485,2623.1859813082133]",2623.1859813082133,"[2627.3364485947054,2632.904485982376,2623.201869158667]",2627.3364485947054,"[2.5607524094627174,2.5704138069508287,2.5617050598713016]",2.5617050598713016,1024.0,12.0,4.0,12.0,76.0,64.0
retained-crossover-avx2,cross/2/unit12/draw4/stride64/spread/sum/point,1,3,"[2733.012756627766,2746.1760015941895,2724.3422363964905]",2733.012756627766,"[2733.0310942819747,2746.732708788342,2724.3605740443263]",2733.0310942819747,"[2.6689577701443024,2.6818125015568257,2.660490465230948]",2.6689577701443024,1024.0,12.0,4.0,12.0,76.0,64.0
retained-crossover-avx2,cross/2/unit12/draw4/stride64/spread/update/packet,1,3,"[6055.919292188089,6047.0116529999905,6041.409149762558]",6047.0116529999905,"[6055.95554596599,6048.031937841977,6053.201985326335]",6053.201985326335,"[5.91398368377743,5.905284817382803,5.899813622814998]",5.905284817382803,1024.0,12.0,4.0,12.0,76.0,64.0
retained-crossover-avx2,cross/2/unit12/draw4/stride64/spread/update/point,1,3,"[7870.503091625828,7869.7948285560005,7868.6149522192145]",7869.7948285560005,"[7871.753232155804,7872.534569982795,7868.661607655458]",7871.753232155804,"[7.686038175415849,7.685346512261719,7.6841942892765775]",7.685346512261719,1024.0,12.0,4.0,12.0,76.0,64.0
retained-crossover-avx2,cross/2/unit12/draw8/stride12/compact/sum/packet,1,3,"[1850.634110787177,1861.103233501131,1859.4707129604935]",1859.4707129604935,"[1850.646567719032,1861.1170156356777,1859.7985687760822]",1859.7985687760822,"[1.8072598738156027,1.817483626465948,1.8158893681254822]",1.8158893681254822,1024.0,12.0,8.0,8.0,20.0,12.0
retained-crossover-avx2,cross/2/unit12/draw8/stride12/compact/sum/point,1,3,"[4158.5190136653755,4153.248663101801,4160.815805109278]",4158.5190136653755,"[4159.595662509264,4153.273618540586,4161.895424835569]",4159.595662509264,"[4.061053724282592,4.0559068975603525,4.06329668467703]",4.061053724282592,1024.0,12.0,8.0,8.0,20.0,12.0
retained-crossover-avx2,cross/2/unit12/draw8/stride12/compact/sum/window,1,3,"[2062.8948529409577,2062.88161764679,2062.794999999879]",2062.88161764679,"[2062.907205881589,2062.8954411789127,2066.694117647718]",2062.907205881589,"[2.0145457548251544,2.0145328297331933,2.0144482421873815]",2.0145328297331933,1024.0,12.0,8.0,8.0,20.0,12.0
retained-crossover-avx2,cross/2/unit12/draw8/stride12/compact/update/packet,1,3,"[4098.659324522313,4103.070484580848,4132.700734214456]",4103.070484580848,"[4098.683994127879,4110.217033776053,4135.145374449259]",4110.217033776053,"[4.002596996603821,4.006904770098484,4.035840560756304]",4.006904770098484,1024.0,12.0,8.0,8.0,20.0,12.0
retained-crossover-avx2,cross/2/unit12/draw8/stride12/compact/update/point,1,3,"[9032.71935483978,9033.061290322148,9054.565161290478]",9033.061290322148,"[9032.78000000609,9033.128387104185,9061.303225804852]",9033.128387104185,"[8.821014994960725,8.821348916330223,8.842348790322735]",8.821348916330223,1024.0,12.0,8.0,8.0,20.0,12.0
retained-crossover-avx2,cross/2/unit12/draw8/stride12/compact/update/window,1,3,"[4450.966859716386,4454.991956241883,4447.312097812146]",4450.966859716386,"[4450.993564995301,4455.01866152194,4447.341698836194]",4450.993564995301,"[4.3466473239417835,4.350578082267464,4.343078220519674]",4.3466473239417835,1024.0,12.0,8.0,8.0,20.0,12.0
retained-crossover-avx2,cross/2/unit12/draw8/stride12/spread/sum/packet,1,3,"[2620.6481481483875,2618.109988776886,2621.4543583986283]",2620.6481481483875,"[2621.8815937175386,2618.125514403478,2626.26823793297]",2621.8815937175386,"[2.5592267071761596,2.5567480359149277,2.5600140218736605]",2.5592267071761596,1024.0,12.0,8.0,12.0,24.0,12.0
retained-crossover-avx2,cross/2/unit12/draw8/stride12/spread/sum/point,1,3,"[4156.886056971709,4155.767916041273,4158.076461768734]",4156.886056971709,"[4158.464167917911,4155.79250375265,4164.020689655524]",4158.464167917911,"[4.059459040011435,4.058367105509055,4.060621544696029]",4.059459040011435,1024.0,12.0,8.0,12.0,24.0,12.0
retained-crossover-avx2,cross/2/unit12/draw8/stride12/spread/sum/window,1,3,"[2065.7148131738327,2056.916998966001,2065.172943435531]",2065.172943435531,"[2066.2057303180814,2056.9307340126097,2065.186678481091]",2065.186678481091,"[2.0172996222400714,2.008708006802735,2.016770452573761]",2.016770452573761,1024.0,12.0,8.0,12.0,24.0,12.0
retained-crossover-avx2,cross/2/unit12/draw8/stride12/spread/update/packet,1,3,"[6066.489425980836,6047.24859732422,6052.082865774593]",6052.082865774593,"[6067.250323701152,6047.284851105188,6052.11437202916]",6052.11437202916,"[5.924306080059409,5.905516208324434,5.910237173608002]",5.910237173608002,1024.0,12.0,8.0,12.0,24.0,12.0
retained-crossover-avx2,cross/2/unit12/draw8/stride12/spread/update/point,1,3,"[14036.10040160644,14016.731927713447,14014.292168675185]",14016.731927713447,"[14036.203815237513,14018.613453791626,14014.395582309826]",14018.613453791626,"[13.70712929844379,13.688214773157663,13.68583219597186]",13.688214773157663,1024.0,12.0,8.0,12.0,24.0,12.0
retained-crossover-avx2,cross/2/unit12/draw8/stride12/spread/update/window,1,3,"[5462.952138092853,5521.83836798798,5506.129854844834]",5506.129854844834,"[5462.9846998816965,5522.534327196468,5507.261278928762]",5507.261278928762,"[5.3349141973563015,5.392420281238261,5.377079936371908]",5.377079936371908,1024.0,12.0,8.0,12.0,24.0,12.0
retained-crossover-avx2,cross/2/unit12/draw8/stride13/compact/sum/packet,1,3,"[1862.6280608864813,1869.9690271343052,1861.013236267433]",1862.6280608864813,"[1864.5268034401809,1870.4101919284785,1861.0244870951606]",1864.5268034401809,"[1.8189727157094542,1.826141628060845,1.817395738542415]",1.8189727157094542,1024.0,12.0,8.0,8.0,21.0,13.0
retained-crossover-avx2,cross/2/unit12/draw8/stride13/compact/sum/point,1,3,"[4154.40787496315,4201.715058611584,4151.901112113486]",4154.40787496315,"[4154.994890287453,4202.4162909501865,4151.929065222439]",4154.994890287453,"[4.057038940393701,4.103237361925375,4.054590929798327]",4.057038940393701,1024.0,12.0,8.0,8.0,21.0,13.0
retained-crossover-avx2,cross/2/unit12/draw8/stride13/compact/sum/window,1,3,"[2049.5248268747437,2051.9898335053967,2047.7524679537223]",2049.5248268747437,"[2049.540150283706,2052.476499188707,2048.19787829619]",2049.540150283706,"[2.001489088744867,2.0038963217826136,1.999758269486057]",2.001489088744867,1024.0,12.0,8.0,8.0,21.0,13.0
retained-crossover-avx2,cross/2/unit12/draw8/stride13/compact/update/packet,1,3,"[4143.845583876831,4116.868701837923,4132.325429756846]",4132.325429756846,"[4143.876407830377,4116.896265554365,4133.070243035409]",4133.070243035409,"[4.046724203004717,4.020379591638597,4.0354740524969195]",4.0354740524969195,1024.0,12.0,8.0,8.0,21.0,13.0
retained-crossover-avx2,cross/2/unit12/draw8/stride13/compact/update/point,1,3,"[9027.31762427426,9058.44092963205,9134.32278889713]",9058.44092963205,"[9027.378308580273,9073.472562953655,9147.618463513638]",9073.472562953655,"[8.815739867455331,8.846133720343799,8.920237098532352]",8.846133720343799,1024.0,12.0,8.0,8.0,21.0,13.0
retained-crossover-avx2,cross/2/unit12/draw8/stride13/compact/update/window,1,3,"[4363.967441860964,4344.882480620174,4341.248062015551]",4344.882480620174,"[4364.514418601936,4352.8434108592655,4341.962480626436]",4352.8434108592655,"[4.261686954942348,4.243049297480639,4.239500060562062]",4.243049297480639,1024.0,12.0,8.0,8.0,21.0,13.0
retained-crossover-avx2,cross/2/unit12/draw8/stride13/spread/sum/packet,1,3,"[2629.8508722562333,2631.4548865125685,2635.6809229039463]",2631.4548865125685,"[2629.8666291498453,2631.937535171972,2636.1132995685252]",2631.937535171972,"[2.5682137424377274,2.56978016260993,2.573907151273385]",2.56978016260993,1024.0,12.0,8.0,12.0,25.0,13.0
retained-crossover-avx2,cross/2/unit12/draw8/stride13/spread/sum/point,1,3,"[4151.790801187652,4150.675370920015,4152.713649851739]",4151.790801187652,"[4151.815727001521,4150.699999999009,4152.7385756645535]",4151.815727001521,"[4.054483204284816,4.053393916914077,4.055384423683339]",4.054483204284816,1024.0,12.0,8.0,12.0,25.0,13.0
retained-crossover-avx2,cross/2/unit12/draw8/stride13/spread/sum/window,1,3,"[2261.795634600086,2261.6014551336516,2258.539207760344]",2261.6014551336516,"[2261.8106709739204,2261.6150363751276,2258.5527890041176]",2261.6150363751276,"[2.2087847994141465,2.2085951710289566,2.2056046950784607]",2.2085951710289566,1024.0,12.0,8.0,12.0,25.0,13.0
retained-crossover-avx2,cross/2/unit12/draw8/stride13/spread/update/packet,1,3,"[6048.098013815454,6050.658894646202,6048.452072539071]",6048.452072539071,"[6056.269430051493,6050.699050089938,6048.492659754103]",6050.699050089938,"[5.906345716616655,5.908846576802931,5.906691477088937]",5.906691477088937,1024.0,12.0,8.0,12.0,25.0,13.0
retained-crossover-avx2,cross/2/unit12/draw8/stride13/spread/update/point,1,3,"[14022.494999998968,14019.306000001563,14036.585000003044]",14022.494999998968,"[14026.398999988032,14019.398999977284,14039.608999979691]",14026.398999988032,"[13.693842773436494,13.690728515626528,13.707602539065471]",13.693842773436494,1024.0,12.0,8.0,12.0,25.0,13.0
retained-crossover-avx2,cross/2/unit12/draw8/stride13/spread/update/window,1,3,"[5517.961538461158,5502.333202510828,5514.299450550028]",5514.299450550028,"[5519.246075355942,5502.366169553495,5514.336734690568]",5514.336734690568,"[5.388634314903474,5.373372268076982,5.385058057177762]",5.385058057177762,1024.0,12.0,8.0,12.0,25.0,13.0
retained-crossover-avx2,cross/2/unit12/draw8/stride64/compact/sum/packet,1,3,"[1859.169990754001,1850.2133139613156,1853.9566767927251]",1853.9566767927251,"[1859.6235635986739,1853.605732399703,1853.9677717608135]",1853.9677717608135,"[1.815595694095704,1.8068489394153473,1.8105045671803954]",1.8105045671803954,1024.0,12.0,8.0,8.0,72.0,64.0
retained-crossover-avx2,cross/2/unit12/draw8/stride64/compact/sum/point,1,3,"[4171.654063709369,4168.376004763848,4167.384638285144]",4168.376004763848,"[4171.67877343905,4171.976481089385,4173.679368859116]",4171.976481089385,"[4.073880921591181,4.070679692152195,4.069711560825335]",4.070679692152195,1024.0,12.0,8.0,8.0,72.0,64.0
retained-crossover-avx2,cross/2/unit12/draw8/stride64/compact/update/packet,1,3,"[4136.266587676923,4130.143661137256,4115.439869669026]",4130.143661137256,"[4136.294135067305,4132.046504741898,4115.464454978065]",4132.046504741898,"[4.0393228395282454,4.033343419079351,4.018984247723658]",4.033343419079351,1024.0,12.0,8.0,8.0,72.0,64.0
retained-crossover-avx2,cross/2/unit12/draw8/stride64/compact/update/point,1,3,"[9078.032425421137,9077.11089494333,9076.410505835616]",9077.11089494333,"[9078.092736717086,9080.628404664783,9076.464980536774]",9078.092736717086,"[8.86526604045033,8.864366108343095,8.863682134605092]",8.864366108343095,1024.0,12.0,8.0,8.0,72.0,64.0
retained-crossover-avx2,cross/2/unit12/draw8/stride64/spread/sum/packet,1,3,"[2634.1406103722566,2627.1812394681547,2635.898895337426]",2634.1406103722566,"[2639.2304811857075,2628.5525182552783,2635.914622730602]",2635.914622730602,"[2.572402939816657,2.56560667916812,2.5741200149779555]",2.572402939816657,1024.0,12.0,8.0,12.0,76.0,64.0
retained-crossover-avx2,cross/2/unit12/draw8/stride64/spread/sum/point,1,3,"[4173.516860638692,4171.845717696901,4169.828707848657]",4171.845717696901,"[4173.541927783842,4173.356908384061,4169.850492389207]",4173.356908384061,"[4.075700059217473,4.07406808368838,4.0720983475084545]",4.07406808368838,1024.0,12.0,8.0,12.0,76.0,64.0
retained-crossover-avx2,cross/2/unit12/draw8/stride64/spread/update/packet,1,3,"[6047.038345540779,6034.470056009834,6055.517449374314]",6047.038345540779,"[6056.7815596766995,6037.565273587407,6055.557518316495]",6055.557518316495,"[5.905310884317168,5.893037164072103,5.913591259154604]",5.905310884317168,1024.0,12.0,8.0,12.0,76.0,64.0
retained-crossover-avx2,cross/2/unit12/draw8/stride64/spread/update/point,1,3,"[14025.080919082939,14035.389610389228,14039.685314685443]",14035.389610389228,"[14025.163836151421,14035.484515499082,14044.214785209922]",14035.484515499082,"[13.69636808504193,13.70643516639573,13.710630190122503]",13.70643516639573,1024.0,12.0,8.0,12.0,76.0,64.0
retained-crossover-avx2,cross/2/unit16/draw2/stride16/compact/sum/packet,1,3,"[1725.6531820420296,1746.067464232822,1746.3586581154009]",1746.067464232822,"[1725.663418843843,1749.2513566852533,1746.3703749375088]",1746.3703749375088,"[1.6852081855879195,1.705144008039865,1.7054283770658212]",1.705144008039865,1024.0,16.0,2.0,2.0,18.0,16.0
retained-crossover-avx2,cross/2/unit16/draw2/stride16/compact/sum/point,1,3,"[2105.964925485033,2129.8669275929983,2106.7748005421763]",2106.7748005421763,"[2105.9775703743667,2130.522354355555,2106.788950776676]",2106.788950776676,"[2.0566063725439774,2.0799481714775374,2.057397266154469]",2.057397266154469,1024.0,16.0,2.0,2.0,18.0,16.0
retained-crossover-avx2,cross/2/unit16/draw2/stride16/compact/sum/window,1,3,"[2040.6616683655523,2033.928665016602,2035.0232930556758]",2035.0232930556758,"[2044.6439074110833,2033.942204103278,2036.575775219529]",2036.575775219529,"[1.9928336605132344,1.9862584619302752,1.9873274346246836]",1.9873274346246836,1024.0,16.0,2.0,2.0,18.0,16.0
retained-crossover-avx2,cross/2/unit16/draw2/stride16/compact/update/packet,1,3,"[3719.716679968334,3731.7597765368623,3731.382282521507]",3731.382282521507,"[3719.7416866154376,3731.784783180185,3732.5990955051248]",3731.784783180185,"[3.6325358202815767,3.6442966567742796,3.6439280102749088]",3.6439280102749088,1024.0,16.0,2.0,2.0,18.0,16.0
retained-crossover-avx2,cross/2/unit16/draw2/stride16/compact/update/point,1,3,"[3765.981715515152,3767.285560634741,3766.83947297616]",3766.83947297616,"[3766.006722237548,3767.308147352514,3767.4990588864734]",3767.308147352514,"[3.677716519057766,3.6789898053073644,3.6785541728282807]",3.6785541728282807,1024.0,16.0,2.0,2.0,18.0,16.0
retained-crossover-avx2,cross/2/unit16/draw2/stride16/compact/update/window,1,3,"[4354.958794587162,4273.759225092769,4277.95694956993]",4277.95694956993,"[4361.568265682507,4273.788130379844,4279.162976630572]",4279.162976630572,"[4.252889447839025,4.173592993254657,4.1776923335643845]",4.1776923335643845,1024.0,16.0,2.0,2.0,18.0,16.0
retained-crossover-avx2,cross/2/unit16/draw2/stride16/spread/sum/packet,1,3,"[1973.0829754814195,1967.6915085195096,1981.3264995151937]",1973.0829754814195,"[1973.0946114430415,1967.7048067593948,1981.3382740026295]",1973.0946114430415,"[1.9268388432435735,1.9215737387885836,1.9348891596828066]",1.9268388432435735,1024.0,16.0,2.0,16.0,32.0,16.0
retained-crossover-avx2,cross/2/unit16/draw2/stride16/spread/sum/point,1,3,"[2111.4610046764415,2111.1006184947073,2158.7381203801033]",2111.4610046764415,"[2111.8734349065344,2111.114647757466,2159.276059740179]",2111.8734349065344,"[2.0619736373793374,2.061621697748738,2.1081426956836946]",2.0619736373793374,1024.0,16.0,2.0,16.0,32.0,16.0
retained-crossover-avx2,cross/2/unit16/draw2/stride16/spread/sum/window,1,3,"[1706.3822130047847,1708.086617054776,1707.1666463343765]",1707.1666463343765,"[1706.686470658327,1708.0979626708308,1707.1781139441266]",1707.1781139441266,"[1.666388879887485,1.6680533369675548,1.6671549280609146]",1.6671549280609146,1024.0,16.0,2.0,16.0,32.0,16.0
retained-crossover-avx2,cross/2/unit16/draw2/stride16/spread/update/packet,1,3,"[3653.3363518757296,3653.918499353459,3670.516429495794]",3653.918499353459,"[3653.8783958618524,3653.9404915905548,3675.3376455307325]",3653.9404915905548,"[3.567711281128642,3.568279784524863,3.5844887006794868]",3.568279784524863,1024.0,16.0,2.0,16.0,32.0,16.0
retained-crossover-avx2,cross/2/unit16/draw2/stride16/spread/update/point,1,3,"[4580.568369028057,4596.311696870824,4604.238879735412]",4596.311696870824,"[4582.220428337034,4596.342339377478,4604.269851729045]",4596.342339377478,"[4.4732112978789615,4.488585641475415,4.496327030991614]",4.488585641475415,1024.0,16.0,2.0,16.0,32.0,16.0
retained-crossover-avx2,cross/2/unit16/draw2/stride16/spread/update/window,1,3,"[3589.6374209862634,3612.964601770667,3604.514791403767]",3604.514791403767,"[3589.6589127705956,3613.5853350180796,3604.5337547428835]",3604.5337547428835,"[3.5055052939318982,3.5282857439166664,3.5200339759802413]",3.5200339759802413,1024.0,16.0,2.0,16.0,32.0,16.0
retained-crossover-avx2,cross/2/unit16/draw2/stride17/compact/sum/packet,1,3,"[1729.9004452142847,1727.9167697255396,1737.364086074388]",1729.9004452142847,"[1732.5326490236407,1728.2882760335988,1737.5722235947985]",1732.5326490236407,"[1.689355903529575,1.6874187204350972,1.6966446153070196]",1.689355903529575,1024.0,16.0,2.0,2.0,19.0,17.0
retained-crossover-avx2,cross/2/unit16/draw2/stride17/compact/sum/point,1,3,"[2108.96838729371,2108.3330788026306,2106.3646915087047]",2108.3330788026306,"[2112.802076971918,2108.7748930945627,2106.377214417499]",2108.7748930945627,"[2.0595394407165135,2.058919022268194,2.0569967690514694]",2.058919022268194,1024.0,16.0,2.0,2.0,19.0,17.0
retained-crossover-avx2,cross/2/unit16/draw2/stride17/compact/sum/window,1,3,"[2061.08427543672,2066.3669064752426,2067.029217442304]",2066.3669064752426,"[2064.4441344897946,2066.380854500607,2067.663926003906]",2066.380854500607,"[2.012777612731172,2.017936432104729,2.0185832201585]",2.017936432104729,1024.0,16.0,2.0,2.0,19.0,17.0
retained-crossover-avx2,cross/2/unit16/draw2/stride17/compact/update/packet,1,3,"[3720.398230088086,3717.6414588353446,3722.736926789716]",3720.398230088086,"[3720.4234379178306,3717.666398500469,3741.091177266625]",3720.4234379178306,"[3.633201396570396,3.6305092371438907,3.6354852800680812]",3.633201396570396,1024.0,16.0,2.0,2.0,19.0,17.0
retained-crossover-avx2,cross/2/unit16/draw2/stride17/compact/update/point,1,3,"[3539.6445737410204,3539.6600050593847,3540.669112066632]",3539.6600050593847,"[3539.668353150134,3539.683531493355,3541.4846951645554]",3539.683531493355,"[3.4566841540439652,3.456699223690806,3.4576846797525707]",3.456699223690806,1024.0,16.0,2.0,2.0,19.0,17.0
retained-crossover-avx2,cross/2/unit16/draw2/stride17/compact/update/window,1,3,"[4315.88929776132,4330.385157927905,4312.709291627676]",4315.88929776132,"[4315.91842992633,4330.417049987106,4312.735050600538]",4315.91842992633,"[4.2147356423450395,4.228891755788971,4.211630167605152]",4.2147356423450395,1024.0,16.0,2.0,2.0,19.0,17.0
retained-crossover-avx2,cross/2/unit16/draw2/stride17/spread/sum/packet,1,3,"[1940.6412001671238,1930.6980136133989,1933.9512432283452]",1933.9512432283452,"[1940.6527295441972,1930.7110709820777,1937.4827059315403]",1937.4827059315403,"[1.8951574220382066,1.8854472789193348,1.8886242609651809]",1.8886242609651809,1024.0,16.0,2.0,16.0,33.0,17.0
retained-crossover-avx2,cross/2/unit16/draw2/stride17/spread/sum/point,1,3,"[2111.5485429560918,2108.324777291387,2110.109467008652]",2110.109467008652,"[2112.358296843468,2108.337460367645,2110.1206401939335]",2110.1206401939335,"[2.0620591239805584,2.05891091532362,2.060653776375636]",2.060653776375636,1024.0,16.0,2.0,16.0,33.0,17.0
retained-crossover-avx2,cross/2/unit16/draw2/stride17/spread/sum/window,1,3,"[2206.61780434096,2204.8655237493185,2204.5619691724364]",2204.8655237493185,"[2211.563227428466,2204.8804655522426,2204.578326518308]",2204.8804655522426,"[2.1549001995517187,2.153188988036444,2.1528925480199574]",2.153188988036444,1024.0,16.0,2.0,16.0,33.0,17.0
retained-crossover-avx2,cross/2/unit16/draw2/stride17/spread/update/packet,1,3,"[4140.144128114326,4141.02461447167,4133.58689205164]",4140.144128114326,"[4140.975088965528,4141.052491099788,4133.611803086783]",4140.975088965528,"[4.043109500111647,4.0439693500699905,4.036705949269179]",4.043109500111647,1024.0,16.0,2.0,16.0,33.0,17.0
retained-crossover-avx2,cross/2/unit16/draw2/stride17/spread/update/point,1,3,"[4572.115648481003,4570.890231950041,4585.457693564468]",4572.115648481003,"[4572.142763806197,4571.718065983097,4585.488075788048]",4572.142763806197,"[4.464956687969729,4.463759992138712,4.477986028871551]",4.464956687969729,1024.0,16.0,2.0,16.0,33.0,17.0
retained-crossover-avx2,cross/2/unit16/draw2/stride17/spread/update/window,1,3,"[4448.697008274908,4476.522915339526,4462.573520050186]",4462.573520050186,"[4448.723424566793,4484.048376830919,4463.656588162218]",4463.656588162218,"[4.3444306721434645,4.371604409511256,4.35798195317401]",4.35798195317401,1024.0,16.0,2.0,16.0,33.0,17.0
retained-crossover-avx2,cross/2/unit16/draw2/stride64/compact/sum/packet,1,3,"[1737.9136993075056,1732.976632047821,1732.144658753739]",1732.976632047821,"[1741.8731454008423,1733.4556132550842,1732.154920872622]",1733.4556132550842,"[1.697181346979986,1.6923599922342,1.6915475183141981]",1.6923599922342,1024.0,16.0,2.0,2.0,66.0,64.0
retained-crossover-avx2,cross/2/unit16/draw2/stride64/compact/sum/point,1,3,"[2122.3607861490345,2115.438309156044,2114.440024957536]",2115.438309156044,"[2122.37498050311,2116.007955074929,2115.092185306588]",2116.007955074929,"[2.0726179552236665,2.0658577237851987,2.0648828368725938]",2.0658577237851987,1024.0,16.0,2.0,2.0,66.0,64.0
retained-crossover-avx2,cross/2/unit16/draw2/stride64/compact/update/packet,1,3,"[3731.9838110407486,3722.97664543526,3707.100583863954]",3722.97664543526,"[3732.0034501100768,3723.0015923597102,3707.924363058376]",3723.0015923597102,"[3.6445154404694806,3.6357193803078713,3.620215413929642]",3.6357193803078713,1024.0,16.0,2.0,2.0,66.0,64.0
retained-crossover-avx2,cross/2/unit16/draw2/stride64/compact/update/point,1,3,"[3564.8100458946137,3566.1664966858416,3570.1774604792486]",3566.1664966858416,"[3564.831463538633,3566.1853646110253,3570.986741460986]",3566.1853646110253,"[3.4812598104439583,3.4825844694197667,3.486501426249266]",3.4825844694197667,1024.0,16.0,2.0,2.0,66.0,64.0
retained-crossover-avx2,cross/2/unit16/draw2/stride64/spread/sum/packet,1,3,"[1912.1594062155225,1922.7975860156591,1918.564927857793]",1918.564927857793,"[1912.1723085448693,1922.80771365295,1918.5763041068542]",1918.5763041068542,"[1.8673431701323464,1.8777320175934173,1.8735985623611262]",1.8735985623611262,1024.0,16.0,2.0,16.0,80.0,64.0
retained-crossover-avx2,cross/2/unit16/draw2/stride64/spread/sum/point,1,3,"[2124.139520776446,2124.448741280196,2122.618441006639]",2124.139520776446,"[2125.1606005425965,2124.4629966629027,2122.6295116789393]",2124.4629966629027,"[2.0743550007582474,2.0746569739064413,2.072869571295546]",2.0743550007582474,1024.0,16.0,2.0,16.0,80.0,64.0
retained-crossover-avx2,cross/2/unit16/draw2/stride64/spread/update/packet,1,3,"[4137.7535545025285,4135.44283175405,4139.039099526305]",4137.7535545025285,"[4139.910841235139,4135.467417062036,4139.0666469177395]",4139.0666469177395,"[4.0407749555688754,4.038518390384814,4.042030370631156]",4.0407749555688754,1024.0,16.0,2.0,16.0,80.0,64.0
retained-crossover-avx2,cross/2/unit16/draw2/stride64/spread/update/point,1,3,"[4596.830754033157,4571.483371748225,4593.90055976337]",4593.90055976337,"[4597.556470199644,4571.514323339568,4593.930852814722]",4593.930852814722,"[4.489092533235505,4.464339230222876,4.486231015393916]",4.486231015393916,1024.0,16.0,2.0,16.0,80.0,64.0
retained-crossover-avx2,cross/2/unit16/draw4/stride16/compact/sum/packet,1,3,"[1899.9654186519142,1899.7392784206174,1902.4269571134876]",1899.9654186519142,"[1899.9780803275708,1903.3681415936921,1902.438257320094]",1902.438257320094,"[1.85543497915226,1.8552141390826344,1.85783882530614]",1.85543497915226,1024.0,16.0,4.0,4.0,20.0,16.0
retained-crossover-avx2,cross/2/unit16/draw4/stride16/compact/sum/point,1,3,"[2714.144048080963,2759.5727025976544,2713.215393563325]",2714.144048080963,"[2714.1603334607976,2760.9073284232177,2713.557580460298]",2714.1603334607976,"[2.6505312969540653,2.694895217380522,2.649624407776685]",2.6505312969540653,1024.0,16.0,4.0,4.0,20.0,16.0
retained-crossover-avx2,cross/2/unit16/draw4/stride16/compact/sum/window,1,3,"[2055.555799327501,2061.0378821123004,2059.0163814541784]",2059.0163814541784,"[2058.7757788520944,2061.472868217453,2059.2597630546866]",2059.2597630546866,"[2.0073787102807628,2.012732306750293,2.010758185013846]",2.010758185013846,1024.0,16.0,4.0,4.0,20.0,16.0
retained-crossover-avx2,cross/2/unit16/draw4/stride16/compact/update/packet,1,3,"[4141.82584269673,4145.723240686061,4140.202542874288]",4141.82584269673,"[4150.212596097693,4147.259018339741,4140.227380244375]",4147.259018339741,"[4.044751799508526,4.048557852232482,4.043166545775672]",4.044751799508526,1024.0,16.0,4.0,4.0,20.0,16.0
retained-crossover-avx2,cross/2/unit16/draw4/stride16/compact/update/point,1,3,"[5170.998523985283,5169.61070110759,5177.707011070678]",5170.998523985283,"[5171.03284132343,5169.64169740963,5178.660147595694]",5171.03284132343,"[5.049803246079378,5.048447950300381,5.056354502998709]",5.049803246079378,1024.0,16.0,4.0,4.0,20.0,16.0
retained-crossover-avx2,cross/2/unit16/draw4/stride16/compact/update/window,1,3,"[4475.844344183166,4464.577827909514,4465.071221398146]",4465.071221398146,"[4483.541089267673,4464.6048984806,4467.169835643182]",4467.169835643182,"[4.370941742366373,4.359939285067885,4.360421114646627]",4.360421114646627,1024.0,16.0,4.0,4.0,20.0,16.0
retained-crossover-avx2,cross/2/unit16/draw4/stride16/spread/sum/packet,1,3,"[1952.1756531408068,1967.9968037802823,1950.5511395220053]",1952.1756531408068,"[1952.1885769874702,1968.010144524763,1950.9879099496252]",1952.1885769874702,"[1.9064215362703192,1.921871878691682,1.904835097189458]",1.9064215362703192,1024.0,16.0,4.0,16.0,32.0,16.0
retained-crossover-avx2,cross/2/unit16/draw4/stride16/spread/sum/point,1,3,"[2713.068357862361,2724.6235476375214,2717.179512006733]",2717.179512006733,"[2713.0867544542966,2724.6396204471853,2717.195972116538]",2717.195972116538,"[2.649480818224962,2.660765183239767,2.6534956171940753]",2.6534956171940753,1024.0,16.0,4.0,16.0,32.0,16.0
retained-crossover-avx2,cross/2/unit16/draw4/stride16/spread/sum/window,1,3,"[1805.4754800205737,1804.562272963002,1804.7671250650712]",1804.7671250650712,"[1805.4875454077226,1804.5756357013524,1804.7791904540634]",1804.7791904540634,"[1.7631596484575918,1.7622678446904316,1.7624678955713586]",1.7624678955713586,1024.0,16.0,4.0,16.0,32.0,16.0
retained-crossover-avx2,cross/2/unit16/draw4/stride16/spread/update/packet,1,3,"[3645.5079822041616,3690.105993195782,3663.325307511243]",3663.325307511243,"[3647.081392304384,3690.1308557983225,3667.6862077982614]",3667.6862077982614,"[3.560066388871251,3.6036191339802564,3.5774661206164486]",3.5774661206164486,1024.0,16.0,4.0,16.0,32.0,16.0
retained-crossover-avx2,cross/2/unit16/draw4/stride16/spread/update/point,1,3,"[7874.5390668912705,7871.521079257686,7867.8611579543085]",7871.521079257686,"[7890.843170315185,7871.57897694583,7867.9083754961575]",7871.57897694583,"[7.6899795575110055,7.687032303962585,7.683458162064754]",7.687032303962585,1024.0,16.0,4.0,16.0,32.0,16.0
retained-crossover-avx2,cross/2/unit16/draw4/stride16/spread/update/window,1,3,"[3591.6853503179127,3612.419363057047,3621.089171973804]",3612.419363057047,"[3592.6471337600437,3612.443312101804,3621.1108280292665]",3612.443312101804,"[3.507505224919837,3.527753284235398,3.536219894505668]",3.527753284235398,1024.0,16.0,4.0,16.0,32.0,16.0
retained-crossover-avx2,cross/2/unit16/draw4/stride17/compact/sum/packet,1,3,"[1915.2885006093713,1910.1863741023935,1901.1695787620372]",1910.1863741023935,"[1915.5790329128104,1910.197751595048,1901.1823107158343]",1910.197751595048,"[1.8703989263763394,1.865416380959369,1.8566109167598024]",1.865416380959369,1024.0,16.0,4.0,4.0,21.0,17.0
retained-crossover-avx2,cross/2/unit16/draw4/stride17/compact/sum/point,1,3,"[2711.094427244244,2735.8407507739657,2716.133126934959]",2716.133126934959,"[2711.114357584388,2736.2151702793417,2716.151122287673]",2716.151122287673,"[2.647553151605707,2.671719483177701,2.652473756772421]",2.652473756772421,1024.0,16.0,4.0,4.0,21.0,17.0
retained-crossover-avx2,cross/2/unit16/draw4/stride17/compact/sum/window,1,3,"[2028.6278392547656,2038.6553581825672,2028.4720442630262]",2028.6278392547656,"[2035.12944088652,2039.590710539579,2028.4870413511762]",2035.12944088652,"[1.9810818742722318,1.9908743732251633,1.9809297307256113]",1.9810818742722318,1024.0,16.0,4.0,4.0,21.0,17.0
retained-crossover-avx2,cross/2/unit16/draw4/stride17/compact/update/packet,1,3,"[4163.071428571666,4140.603600944949,4138.859504132023]",4140.603600944949,"[4163.101829987801,4141.384297519632,4141.026859499744]",4141.384297519632,"[4.065499441964517,4.043558204047801,4.041854984503929]",4.043558204047801,1024.0,16.0,4.0,4.0,21.0,17.0
retained-crossover-avx2,cross/2/unit16/draw4/stride17/compact/update/point,1,3,"[5171.050978942237,5170.423346877787,5177.667159217061]",5171.050978942237,"[5171.085703726135,5171.340598446251,5177.698189879565]",5171.340598446251,"[5.049854471623278,5.049241549685338,5.056315585172912]",5.049854471623278,1024.0,16.0,4.0,4.0,21.0,17.0
retained-crossover-avx2,cross/2/unit16/draw4/stride17/compact/update/window,1,3,"[4361.790220820019,4361.784227129792,4358.481072555814]",4361.784227129792,"[4361.816403788606,4361.816403788606,4359.065615150584]",4361.816403788606,"[4.25956076251955,4.259554909306438,4.256329172417787]",4.259554909306438,1024.0,16.0,4.0,4.0,21.0,17.0
retained-crossover-avx2,cross/2/unit16/draw4/stride17/spread/sum/packet,1,3,"[1917.782953281828,1925.4581479423507,1926.2466629590724]",1925.4581479423507,"[1917.7944938794985,1925.4710789779035,1928.7413793095159]",1925.4710789779035,"[1.8728349153142854,1.8803302225999519,1.8811002567959692]",1.8803302225999519,1024.0,16.0,4.0,16.0,33.0,17.0
retained-crossover-avx2,cross/2/unit16/draw4/stride17/spread/sum/point,1,3,"[2708.332365466455,2707.9802555165343,2706.944444444399]",2707.9802555165343,"[2708.352497098009,2707.9963221057255,2707.3962446789956]",2707.9963221057255,"[2.6448558256508354,2.644511968277866,2.643500434027733]",2.644511968277866,1024.0,16.0,4.0,16.0,33.0,17.0
retained-crossover-avx2,cross/2/unit16/draw4/stride17/spread/sum/window,1,3,"[2206.3740157479037,2202.799370078811,2204.1929133859467]",2204.1929133859467,"[2206.899055118904,2202.812440944356,2204.2077165362184]",2204.2077165362184,"[2.1546621247538127,2.151171259842589,2.1525321419784635]",2.1525321419784635,1024.0,16.0,4.0,16.0,33.0,17.0
retained-crossover-avx2,cross/2/unit16/draw4/stride17/spread/update/packet,1,3,"[4160.721664699798,4145.323494686962,4147.852715465728]",4147.852715465728,"[4161.537780406886,4145.3479929169835,4147.880755609724]",4147.880755609724,"[4.063204750683396,4.048167475280236,4.050637417447]",4.050637417447,1024.0,16.0,4.0,16.0,33.0,17.0
retained-crossover-avx2,cross/2/unit16/draw4/stride17/spread/update/point,1,3,"[7865.77808988781,7874.693820224094,7862.28988764141]",7865.77808988781,"[7865.830898886931,7877.999438205683,7862.342134836744]",7865.830898886931,"[7.681423915906064,7.690130683812591,7.678017468399815]",7.681423915906064,1024.0,16.0,4.0,16.0,33.0,17.0
retained-crossover-avx2,cross/2/unit16/draw4/stride17/spread/update/window,1,3,"[4474.58200890009,4457.188493324312,4427.789574062876]",4457.188493324312,"[4480.530832802172,4457.218372538482,4434.624602663621]",4457.218372538482,"[4.369708993066494,4.352723138012024,4.324013255920778]",4.352723138012024,1024.0,16.0,4.0,16.0,33.0,17.0
retained-crossover-avx2,cross/2/unit16/draw4/stride64/compact/sum/packet,1,3,"[2023.4365079364295,2023.9920634923253,2029.9200577196784]",2023.9920634923253,"[2023.9551226538658,2024.2379509354878,2033.6724386718627]",2024.2379509354878,"[1.9760122147816692,1.9765547495042237,1.9823438063668735]",1.9765547495042237,1024.0,16.0,4.0,4.0,68.0,64.0
retained-crossover-avx2,cross/2/unit16/draw4/stride64/compact/sum/point,1,3,"[2725.617199688227,2908.811622464791,2884.2484399371256]",2884.2484399371256,"[2726.497464897539,2908.827028080905,2884.2656006235875]",2884.2656006235875,"[2.6617355465705343,2.8406363500632725,2.816648867126099]",2.816648867126099,1024.0,16.0,4.0,4.0,68.0,64.0
retained-crossover-avx2,cross/2/unit16/draw4/stride64/compact/update/packet,1,3,"[4247.708964263894,4248.39672925469,4252.115384616121]",4248.39672925469,"[4248.555420950453,4248.421865538888,4252.140823735269]",4248.555420950453,"[4.148153285413959,4.148824930912784,4.152456430289181]",4.148824930912784,1024.0,16.0,4.0,4.0,68.0,64.0
retained-crossover-avx2,cross/2/unit16/draw4/stride64/compact/update/point,1,3,"[5237.829323309232,5243.516917293318,5258.144736841106]",5243.516917293318,"[5237.864285712798,5252.894360910261,5258.180075179211]",5252.894360910261,"[5.115067698544172,5.120621989544256,5.134906969571394]",5.120621989544256,1024.0,16.0,4.0,4.0,68.0,64.0
retained-crossover-avx2,cross/2/unit16/draw4/stride64/spread/sum/packet,1,3,"[1988.3607389650424,1983.2357918488003,1981.0358200539108]",1983.2357918488003,"[1988.7632209852388,1984.035961077472,1981.047807080209]",1984.035961077472,"[1.941758534145549,1.936753702977344,1.9346052930213973]",1.936753702977344,1024.0,16.0,4.0,16.0,80.0,64.0
retained-crossover-avx2,cross/2/unit16/draw4/stride64/spread/sum/point,1,3,"[2727.507305669674,2812.9779855836255,2728.7716734851765]",2728.7716734851765,"[2727.523670364498,2813.4856808924546,2728.7880381869213]",2728.7880381869213,"[2.6635813531930417,2.7470488140465092,2.6648160873878677]",2.6648160873878677,1024.0,16.0,4.0,16.0,80.0,64.0
retained-crossover-avx2,cross/2/unit16/draw4/stride64/spread/update/packet,1,3,"[4146.14580265059,4144.534904271279,4158.204712813081]",4146.14580265059,"[4146.17083946628,4144.562592048665,4160.4238586204]",4146.17083946628,"[4.048970510400967,4.047397367452421,4.060746789856523]",4.048970510400967,1024.0,16.0,4.0,16.0,80.0,64.0
retained-crossover-avx2,cross/2/unit16/draw4/stride64/spread/update/point,1,3,"[7867.1438202241225,7866.221910113324,7872.9921348317475]",7867.1438202241225,"[7867.190449441464,7866.263483148477,7888.392696638343]",7867.190449441464,"[7.6827576369376205,7.681857334095043,7.688468881671628]",7.6827576369376205,1024.0,16.0,4.0,16.0,80.0,64.0
retained-crossover-avx2,cross/2/unit16/draw8/stride16/compact/sum/packet,1,3,"[1856.7229488702208,1859.8500462411862,1856.794292509017]",1856.794292509017,"[1860.0117584878094,1859.8612762606986,1857.7287620576014]",1859.8612762606986,"[1.8132060047560747,1.8162598107824084,1.8132756762783366]",1.8132756762783366,1024.0,16.0,8.0,8.0,24.0,16.0
retained-crossover-avx2,cross/2/unit16/draw8/stride16/compact/sum/point,1,3,"[4158.325178996892,4152.859486874181,4157.492840094767]",4157.492840094767,"[4158.3496420018355,4152.884546538946,4158.313842484679]",4158.313842484679,"[4.060864432614152,4.0555268426505675,4.060051601655047]",4.060051601655047,1024.0,16.0,8.0,8.0,24.0,16.0
retained-crossover-avx2,cross/2/unit16/draw8/stride16/compact/sum/window,1,3,"[2027.5605355067403,2034.0999708965214,2023.1686554131454]",2027.5605355067403,"[2027.575523863435,2034.1151047728235,2023.1821885928964]",2027.575523863435,"[1.980039585455801,1.9864257528286344,1.9757506400518998]",1.980039585455801,1024.0,16.0,8.0,8.0,24.0,16.0
retained-crossover-avx2,cross/2/unit16/draw8/stride16/compact/update/packet,1,3,"[4118.164126611616,4121.329132472762,4132.900351700569]",4121.329132472762,"[4118.1884525159385,4121.354044544646,4141.1488862807]",4121.354044544646,"[4.021644654894156,4.024735480930431,4.036035499707587]",4.024735480930431,1024.0,16.0,8.0,8.0,24.0,16.0
retained-crossover-avx2,cross/2/unit16/draw8/stride16/compact/update/point,1,3,"[9066.939883646428,9029.595992242681,9164.625727213443]",9066.939883646428,"[9071.519069152968,9040.63283775159,9164.680025853579]",9071.519069152968,"[8.854433480123465,8.817964836174493,8.949829811731878]",8.854433480123465,1024.0,16.0,8.0,8.0,24.0,16.0
retained-crossover-avx2,cross/2/unit16/draw8/stride16/compact/update/window,1,3,"[4451.174291237045,4462.910760309704,4455.8653350516115]",4455.8653350516115,"[4451.201030929979,4462.940721643232,4455.894974225887]",4455.894974225887,"[4.346849893786177,4.358311289364945,4.3514309912613385]",4.3514309912613385,1024.0,16.0,8.0,8.0,24.0,16.0
retained-crossover-avx2,cross/2/unit16/draw8/stride16/spread/sum/packet,1,3,"[1968.1002360127745,1949.646674996214,1966.1926974871624]",1966.1926974871624,"[1968.3452728025597,1949.6583368032796,1966.2043592942275]",1966.2043592942275,"[1.921972886731225,1.9039518310509902,1.920110056139807]",1.920110056139807,1024.0,16.0,8.0,16.0,32.0,16.0
retained-crossover-avx2,cross/2/unit16/draw8/stride16/spread/sum/point,1,3,"[4161.030420518317,4155.369818072712,4151.982105576924]",4155.369818072712,"[4161.550551752155,4155.394870263673,4152.009543686898]",4155.394870263673,"[4.063506270037419,4.057978337961633,4.054670024977464]",4.057978337961633,1024.0,16.0,8.0,16.0,32.0,16.0
retained-crossover-avx2,cross/2/unit16/draw8/stride16/spread/sum/window,1,3,"[1709.1089181284133,1706.212841130531,1712.735867446292]",1709.1089181284133,"[1709.3090886951284,1706.2230750464767,1712.7461013657005]",1709.3090886951284,"[1.6690516778597784,1.666223477666534,1.6725936205530196]",1.6690516778597784,1024.0,16.0,8.0,16.0,32.0,16.0
retained-crossover-avx2,cross/2/unit16/draw8/stride16/spread/update/packet,1,3,"[3621.752617800384,3654.4570680636157,3668.7814136127677]",3654.4570680636157,"[3621.77958115433,3655.1856020995065,3669.672513091325]",3655.1856020995065,"[3.5368677908206867,3.568805730530875,3.582794349231219]",3.568805730530875,1024.0,16.0,8.0,16.0,32.0,16.0
retained-crossover-avx2,cross/2/unit16/draw8/stride16/spread/update/point,1,3,"[14029.295000000277,14040.705999999404,14012.874999998816]",14029.295000000277,"[14029.378999993014,14042.758999977423,14012.969000020803]",14029.378999993014,"[13.700483398437768,13.711626953124417,13.684448242186342]",13.700483398437768,1024.0,16.0,8.0,16.0,32.0,16.0
retained-crossover-avx2,cross/2/unit16/draw8/stride16/spread/update/window,1,3,"[3618.2267591168643,3594.5287621984003,3634.4750898817247]",3618.2267591168643,"[3619.6635850031203,3595.2616846381397,3634.4992295876523]",3619.6635850031203,"[3.533424569450063,3.5102819943343753,3.5492920799626217]",3.533424569450063,1024.0,16.0,8.0,16.0,32.0,16.0
retained-crossover-avx2,cross/2/unit16/draw8/stride17/compact/sum/packet,1,3,"[1852.9422263349957,1856.1997620307936,1852.7876784770835]",1852.9422263349957,"[1852.95333157077,1856.210867265159,1853.0962453721343]",1853.0962453721343,"[1.8095138929052692,1.812695080108197,1.8093629672627767]",1.8095138929052692,1024.0,16.0,8.0,8.0,25.0,17.0
retained-crossover-avx2,cross/2/unit16/draw8/stride17/compact/sum/point,1,3,"[4151.990795724438,4159.953978622954,4153.707244656225]",4153.707244656225,"[4152.01870546441,4170.786817102461,4154.613717340419]",4154.613717340419,"[4.054678511449646,4.062455057248979,4.056354731109595]",4.056354731109595,1024.0,16.0,8.0,8.0,25.0,17.0
retained-crossover-avx2,cross/2/unit16/draw8/stride17/compact/sum/window,1,3,"[2148.8575576950266,2141.0570074888815,2139.3802537059373]",2141.0570074888815,"[2149.3533547314105,2145.336848539394,2139.665138315667]",2145.336848539394,"[2.0984937086865494,2.0908759838758604,2.0892385290097044]",2.0908759838758604,1024.0,16.0,8.0,8.0,25.0,17.0
retained-crossover-avx2,cross/2/unit16/draw8/stride17/compact/update/packet,1,3,"[4138.988481984842,4119.747489663203,4106.448907265412]",4119.747489663203,"[4139.016243349093,4120.292085053841,4106.473419962594]",4120.292085053841,"[4.0419809394383215,4.023190907874222,4.010204011001379]",4.023190907874222,1024.0,16.0,8.0,8.0,25.0,17.0
retained-crossover-avx2,cross/2/unit16/draw8/stride17/compact/update/point,1,3,"[9027.03548387163,9024.925806451916,9035.5522580639]",9027.03548387163,"[9027.096129021893,9024.986451615932,9036.560645159303]",9027.096129021893,"[8.815464339718389,8.8134041078632,8.823781502015528]",8.815464339718389,1024.0,16.0,8.0,8.0,25.0,17.0
retained-crossover-avx2,cross/2/unit16/draw8/stride17/compact/update/window,1,3,"[4467.566921606745,4453.032504780511,4466.116953474215]",4466.116953474215,"[4467.593690254804,4453.058954754229,4466.150414284571]",4466.150414284571,"[4.362858321881587,4.348664555449718,4.361442337377163]",4.361442337377163,1024.0,16.0,8.0,8.0,25.0,17.0
retained-crossover-avx2,cross/2/unit16/draw8/stride17/spread/sum/packet,1,3,"[2004.2048536762993,2002.4262669519412,1996.077801570223]",2002.4262669519412,"[2024.7009279083652,2002.4395431827816,1996.0897930023548]",2002.4395431827816,"[1.957231302418261,1.9554944013202553,1.949294728095921]",1.9554944013202553,1024.0,16.0,8.0,16.0,33.0,17.0
retained-crossover-avx2,cross/2/unit16/draw8/stride17/spread/sum/point,1,3,"[4155.507569012212,4153.82190560928,4154.1303057292735]",4154.1303057292735,"[4160.542891070538,4153.846542008267,4154.155238942776]",4154.155238942776,"[4.058112860363488,4.056466704696564,4.056767876688744]",4.056767876688744,1024.0,16.0,8.0,16.0,33.0,17.0
retained-crossover-avx2,cross/2/unit16/draw8/stride17/spread/sum/window,1,3,"[2207.1510531282393,2207.394844388917,2203.622288588314]",2207.1510531282393,"[2207.7082678386732,2208.046054699854,2203.63549198289]",2207.7082678386732,"[2.155420950320546,2.155659027723552,2.1519748911995253]",2.155420950320546,1024.0,16.0,8.0,16.0,33.0,17.0
retained-crossover-avx2,cross/2/unit16/draw8/stride17/spread/update/packet,1,3,"[4155.232872596551,4150.771033653364,4137.267127403741]",4150.771033653364,"[4165.281850961792,4150.7956730806145,4137.294771632528]",4150.7956730806145,"[4.057844602145069,4.053487337552113,4.040299929105217]",4.053487337552113,1024.0,16.0,8.0,16.0,33.0,17.0
retained-crossover-avx2,cross/2/unit16/draw8/stride17/spread/update/point,1,3,"[14038.960843371196,14024.603413655754,14014.845381525995]",14024.603413655754,"[14039.06526103625,14062.800200818687,14014.938755020561]",14039.06526103625,"[13.709922698604682,13.695901771148197,13.686372442896479]",13.695901771148197,1024.0,16.0,8.0,16.0,33.0,17.0
retained-crossover-avx2,cross/2/unit16/draw8/stride17/spread/update/window,1,3,"[4442.678855325863,4452.488076312093,4439.474085850807]",4442.678855325863,"[4442.705564386687,4454.762798094517,4439.500476952228]",4442.705564386687,"[4.338553569654163,4.348132887023528,4.335423911963678]",4.338553569654163,1024.0,16.0,8.0,16.0,33.0,17.0
retained-crossover-avx2,cross/2/unit16/draw8/stride64/compact/sum/packet,1,3,"[1852.4599893305115,1848.3802347295587,1855.504934649604]",1852.4599893305115,"[1852.4698586269647,1848.389970658998,1855.8492931452656]",1852.4698586269647,"[1.8090429583305778,1.8050588229780848,1.8120165377437538]",1.8090429583305778,1024.0,16.0,8.0,8.0,72.0,64.0
retained-crossover-avx2,cross/2/unit16/draw8/stride64/compact/sum/point,1,3,"[4189.814175104232,4174.977665277696,4166.999999999795]",4174.977665277696,"[4189.839189990827,4187.849612860953,4169.934484812706]",4187.849612860953,"[4.091615405375227,4.07712662624775,4.0693359374998]",4.07712662624775,1024.0,16.0,8.0,8.0,72.0,64.0
retained-crossover-avx2,cross/2/unit16/draw8/stride64/compact/update/packet,1,3,"[4110.974868497756,4111.9827586208285,4121.658679135287]",4111.9827586208285,"[4110.999415553488,4112.010227935138,4122.872589128137]",4112.010227935138,"[4.01462389501734,4.015608162715653,4.025057303843053]",4.015608162715653,1024.0,16.0,8.0,8.0,72.0,64.0
retained-crossover-avx2,cross/2/unit16/draw8/stride64/compact/update/point,1,3,"[9108.247051113793,9075.212975100356,9077.009174311277]",9077.009174311277,"[9108.307994755363,9075.267365673079,9085.424639566176]",9085.424639566176,"[8.894772510853313,8.862512670996441,8.864266771788357]",8.864266771788357,1024.0,16.0,8.0,8.0,72.0,64.0
retained-crossover-avx2,cross/2/unit16/draw8/stride64/spread/sum/packet,1,3,"[1982.995585303172,2007.4074337795207,1982.7322700083528]",1982.995585303172,"[1983.0061236122183,2007.4179720865434,1983.5857305601799]",1983.5857305601799,"[1.936519126272629,1.9603588220503132,1.936261982430032]",1.936519126272629,1024.0,16.0,8.0,16.0,80.0,64.0
retained-crossover-avx2,cross/2/unit16/draw8/stride64/spread/sum/point,1,3,"[4184.4066985643585,4182.160586124245,4179.601076555576]",4182.160586124245,"[4184.434509572507,4182.185705745674,4179.622906700923]",4182.185705745674,"[4.086334666566756,4.084141197386959,4.081641676323804]",4.084141197386959,1024.0,16.0,8.0,16.0,80.0,64.0
retained-crossover-avx2,cross/2/unit16/draw8/stride64/spread/update/packet,1,3,"[4139.742106816017,4135.047211567146,4138.178223665239]",4138.178223665239,"[4139.763647089926,4135.06904692071,4138.205665389683]",4138.205665389683,"[4.042716901187517,4.038132042546041,4.041189671548086]",4.041189671548086,1024.0,16.0,8.0,16.0,80.0,64.0
retained-crossover-avx2,cross/2/unit16/draw8/stride64/spread/update/point,1,3,"[14018.180541627748,14006.604814443415,14005.210631894446]",14006.604814443415,"[14021.573721186987,14029.076228674649,14005.30491474723]",14021.573721186987,"[13.689629435183347,13.678325014104898,13.67696350770942]",13.678325014104898,1024.0,16.0,8.0,16.0,80.0,64.0
retained-crossover-avx2,cross/2/unit24/draw2/stride24/compact/sum/packet,1,3,"[1729.5446096655473,1738.3822800496844,1763.712019826459]",1738.3822800496844,"[1729.5550185865807,1739.2662949200776,1763.7250309808326]",1739.2662949200776,"[1.689008407876511,1.6976389453610197,1.7223750193617766]",1.6976389453610197,1024.0,24.0,2.0,2.0,26.0,24.0
retained-crossover-avx2,cross/2/unit24/draw2/stride24/compact/sum/point,1,3,"[2104.5609939758665,2119.4768072286643,2104.904367469896]",2104.904367469896,"[2104.575150605149,2120.019578311362,2104.920030118584]",2104.920030118584,"[2.055235345679557,2.0698015695592424,2.05557067135732]",2.05557067135732,1024.0,24.0,2.0,2.0,26.0,24.0
retained-crossover-avx2,cross/2/unit24/draw2/stride24/compact/sum/window,1,3,"[2118.786986715155,2117.378623188442,2108.447312802064]",2117.378623188442,"[2118.79981884182,2121.3811896132784,2108.4599939614614]",2118.79981884182,"[2.069127916714018,2.0677525617074624,2.059030578908266]",2.0677525617074624,1024.0,24.0,2.0,2.0,26.0,24.0
retained-crossover-avx2,cross/2/unit24/draw2/stride24/compact/update/packet,1,3,"[3724.3111638951104,3723.6463446819107,3705.5991026650336]",3723.6463446819107,"[3724.333597258567,3731.343362362999,3706.90419635183]",3724.333597258567,"[3.6370226209913183,3.6363733834784284,3.6187491236963214]",3.6363733834784284,1024.0,24.0,2.0,2.0,26.0,24.0
retained-crossover-avx2,cross/2/unit24/draw2/stride24/compact/update/point,1,3,"[3768.908185244859,3765.6367797521616,3766.1432417875185]",3766.1432417875185,"[3769.547388264578,3765.6620893972854,3767.175282718783]",3767.175282718783,"[3.6805743996531826,3.6773796677267208,3.6778742595581235]",3.6778742595581235,1024.0,24.0,2.0,2.0,26.0,24.0
retained-crossover-avx2,cross/2/unit24/draw2/stride24/compact/update/window,1,3,"[4419.126809314255,4436.461611076381,4412.037759596686]",4419.126809314255,"[4419.156702334557,4438.121460045651,4413.476714917293]",4419.156702334557,"[4.315553524720952,4.332482042066778,4.308630624606138]",4.315553524720952,1024.0,24.0,2.0,2.0,26.0,24.0
retained-crossover-avx2,cross/2/unit24/draw2/stride24/spread/sum/packet,1,3,"[2774.699351542474,2830.6162310867553,2738.8023187262493]",2774.699351542474,"[2774.716054237333,2830.6348988001864,2744.360188642951]",2774.716054237333,"[2.709667335490697,2.7642736631706595,2.6746116393811024]",2.709667335490697,1024.0,24.0,2.0,24.0,48.0,24.0
retained-crossover-avx2,cross/2/unit24/draw2/stride24/spread/sum/point,1,3,"[2107.2639181464538,2107.8460728254827,2169.770689136448]",2107.8460728254827,"[2108.317634664513,2107.8602166736446,2169.7836292502693]",2108.317634664513,"[2.0578749200648963,2.0584434304936354,2.1189166886098123]",2.0584434304936354,1024.0,24.0,2.0,24.0,48.0,24.0
retained-crossover-avx2,cross/2/unit24/draw2/stride24/spread/sum/window,1,3,"[1999.8610517314821,1998.3504346587265,2001.5599258940435]",1999.8610517314821,"[2000.5686190667516,1998.362405586451,2001.571754309193]",2000.5686190667516,"[1.9529893083315255,1.9515140963464124,1.954648365130902]",1.9529893083315255,1024.0,24.0,2.0,24.0,48.0,24.0
retained-crossover-avx2,cross/2/unit24/draw2/stride24/spread/update/packet,1,3,"[6843.931520156108,6868.00679941698,6839.613890238598]",6843.931520156108,"[6845.03108305197,6868.052452643578,6841.136474015428]",6845.03108305197,"[6.683526875152448,6.707037890055645,6.679310439686131]",6.683526875152448,1024.0,24.0,2.0,24.0,48.0,24.0
retained-crossover-avx2,cross/2/unit24/draw2/stride24/spread/update/point,1,3,"[4595.580824608213,4609.59947644037,4592.992473822618]",4595.580824608213,"[4596.786321992502,4609.626963343177,4593.023232987467]",4596.786321992502,"[4.487871899031458,4.501561988711298,4.485344212717401]",4.487871899031458,1024.0,24.0,2.0,24.0,48.0,24.0
retained-crossover-avx2,cross/2/unit24/draw2/stride24/spread/update/window,1,3,"[5876.144753214585,5853.299875570818,5855.742430526016]",5855.742430526016,"[5886.876814605224,5853.334715877133,5855.773537955842]",5855.773537955842,"[5.738422610561118,5.716113159737127,5.718498467310562]",5.718498467310562,1024.0,24.0,2.0,24.0,48.0,24.0
retained-crossover-avx2,cross/2/unit24/draw2/stride25/compact/sum/packet,1,3,"[1733.9958786060854,1736.8846009738725,1728.6619208192978]",1733.9958786060854,"[1734.5907331061449,1736.895091794385,1728.67091295237]",1734.5907331061449,"[1.6933553502012553,1.6961763681385473,1.6881464070500956]",1.6933553502012553,1024.0,24.0,2.0,2.0,27.0,25.0
retained-crossover-avx2,cross/2/unit24/draw2/stride25/compact/sum/point,1,3,"[2114.7149189853535,2106.315346988615,2112.659125649863]",2112.659125649863,"[2118.38245184763,2106.5802506901578,2113.3702231748284]",2113.3702231748284,"[2.0651512880716343,2.0569485810435695,2.063143677392445]",2.063143677392445,1024.0,24.0,2.0,2.0,27.0,25.0
retained-crossover-avx2,cross/2/unit24/draw2/stride25/compact/sum/window,1,3,"[2345.61686143572,2337.2762938227143,2344.0677796332475]",2344.0677796332475,"[2350.0851419021806,2338.0716193640696,2344.0833055080275]",2344.0833055080275,"[2.29064146624582,2.2824963806862444,2.2891286910480932]",2.2891286910480932,1024.0,24.0,2.0,2.0,27.0,25.0
retained-crossover-avx2,cross/2/unit24/draw2/stride25/compact/update/packet,1,3,"[3711.643427355034,3713.338211815165,3707.0851516755865]",3711.643427355034,"[3711.66551357577,3714.1295902081747,3712.8307610449783]",3712.8307610449783,"[3.6246517845264004,3.6263068474757465,3.62020034343319]",3.6246517845264004,1024.0,24.0,2.0,2.0,27.0,25.0
retained-crossover-avx2,cross/2/unit24/draw2/stride25/compact/update/point,1,3,"[3764.755184486874,3766.8260166980926,3767.5531914892535]",3766.8260166980926,"[3764.7775383785415,3766.8486399109092,3769.9027740305287]",3766.8486399109092,"[3.676518734850463,3.678541031931731,3.679251163563724]",3.678541031931731,1024.0,24.0,2.0,2.0,27.0,25.0
retained-crossover-avx2,cross/2/unit24/draw2/stride25/compact/update/window,1,3,"[4440.377285851551,4412.552133461537,4432.982034007008]",4432.982034007008,"[4440.403593198256,4412.578440804823,4434.211742062208]",4434.211742062208,"[4.3363059432144055,4.309132942833532,4.329084017584969]",4.329084017584969,1024.0,24.0,2.0,2.0,27.0,25.0
retained-crossover-avx2,cross/2/unit24/draw2/stride25/spread/sum/packet,1,3,"[2797.2127966974367,2800.9277605785946,2753.9473684209106]",2797.2127966974367,"[2797.2313725496338,2800.9444788454985,2754.560371517743]",2797.2313725496338,"[2.7316531217748405,2.735281016190034,2.6894017269735455]",2.7316531217748405,1024.0,24.0,2.0,24.0,49.0,25.0
retained-crossover-avx2,cross/2/unit24/draw2/stride25/spread/sum/point,1,3,"[2107.0355582343486,2173.204158505433,2107.490583094622]",2107.490583094622,"[2107.048214552811,2173.2171161664933,2107.5032394146897]",2107.5032394146897,"[2.057651912338231,2.122269686040462,2.0580962725533416]",2.0580962725533416,1024.0,24.0,2.0,24.0,49.0,25.0
retained-crossover-avx2,cross/2/unit24/draw2/stride25/spread/sum/window,1,3,"[2667.930863254737,2669.657181054253,2654.7681436206813]",2667.930863254737,"[2668.4031703618357,2672.746180291452,2654.7839954172564]",2668.4031703618357,"[2.605401233647204,2.607087090873294,2.592547015254572]",2.605401233647204,1024.0,24.0,2.0,24.0,49.0,25.0
retained-crossover-avx2,cross/2/unit24/draw2/stride25/spread/update/packet,1,3,"[6811.013813519155,6981.625555007558,6792.25752343452]",6811.013813519155,"[6825.12481500644,6981.677355711284,6792.297977298317]",6825.12481500644,"[6.6513806772648,6.817993706062069,6.633063987729024]",6.6513806772648,1024.0,24.0,2.0,24.0,49.0,25.0
retained-crossover-avx2,cross/2/unit24/draw2/stride25/spread/update/point,1,3,"[4610.024760646992,4598.473093430213,4611.6691977549535]",4610.024760646992,"[4610.990095741197,4598.503796630439,4611.699900957526]",4610.990095741197,"[4.501977305319328,4.490696380302943,4.503583200932572]",4.501977305319328,1024.0,24.0,2.0,24.0,49.0,25.0
retained-crossover-avx2,cross/2/unit24/draw2/stride25/spread/update/window,1,3,"[6737.338320464639,6726.348938223031,6753.6756756759105]",6737.338320464639,"[6738.49855212142,6726.393822396629,6753.715733589139]",6738.49855212142,"[6.579431953578749,6.568700134983429,6.595386402027256]",6.579431953578749,1024.0,24.0,2.0,24.0,49.0,25.0
retained-crossover-avx2,cross/2/unit24/draw2/stride64/compact/sum/packet,1,3,"[1731.5819641751395,1730.0945027794676,1729.9883878937333]",1730.0945027794676,"[1731.8886967260212,1730.1048795583083,1732.6609017911314]",1731.8886967260212,"[1.690998011889785,1.689545412870574,1.6894417850524739]",1.689545412870574,1024.0,24.0,2.0,2.0,66.0,64.0
retained-crossover-avx2,cross/2/unit24/draw2/stride64/compact/sum/point,1,3,"[2113.652562935725,2114.594328177191,2114.1137397635875]",2114.1137397635875,"[2113.663785256206,2115.7869275099974,2114.1261753099284]",2114.1261753099284,"[2.064113830991919,2.065033523610538,2.0645641989878785]",2.0645641989878785,1024.0,24.0,2.0,2.0,66.0,64.0
retained-crossover-avx2,cross/2/unit24/draw2/stride64/compact/update/packet,1,3,"[3729.4386339380626,3714.4970651011345,3699.489060832167]",3714.4970651011345,"[3729.4581109922074,3715.7174493103334,3699.513874065101]",3715.7174493103334,"[3.6420299159551393,3.627438540137827,3.6127822859689127]",3.627438540137827,1024.0,24.0,2.0,2.0,66.0,64.0
retained-crossover-avx2,cross/2/unit24/draw2/stride64/compact/update/point,1,3,"[3771.516172506806,3773.405929918517,3772.777628032407]",3772.777628032407,"[3771.5388140152404,3774.236927225781,3772.8029649655573]",3772.8029649655573,"[3.6831212622136773,3.684966728436051,3.6843531523753974]",3.6843531523753974,1024.0,24.0,2.0,2.0,66.0,64.0
retained-crossover-avx2,cross/2/unit24/draw2/stride64/spread/sum/packet,1,3,"[2832.9742351048544,2817.7244363927957,2840.5366344607182]",2832.9742351048544,"[2832.9911433123775,2817.741344605325,2841.336553947245]",2832.9911433123775,"[2.7665764014695844,2.7516840199148396,2.773961557090545]",2.7665764014695844,1024.0,24.0,2.0,24.0,88.0,64.0
retained-crossover-avx2,cross/2/unit24/draw2/stride64/spread/sum/point,1,3,"[2114.470028687969,2118.963460667483,2115.406311339559]",2115.406311339559,"[2114.481201873251,2122.2859731221865,2116.1149026130915]",2116.1149026130915,"[2.0649121373905945,2.069300254558089,2.065826475917538]",2.065826475917538,1024.0,24.0,2.0,24.0,88.0,64.0
retained-crossover-avx2,cross/2/unit24/draw2/stride64/spread/update/packet,1,3,"[6803.524670249814,6869.147532974813,6821.023937470566]",6821.023937470566,"[6803.570102590111,6869.189057161714,6822.696140699516]",6822.696140699516,"[6.644067060790833,6.708151887670716,6.6611561889361]",6.6611561889361,1024.0,24.0,2.0,24.0,88.0,64.0
retained-crossover-avx2,cross/2/unit24/draw2/stride64/spread/update/point,1,3,"[4584.114856020595,4577.426701571483,4594.828206806508]",4584.114856020595,"[4584.145615184281,4577.453861250294,4596.84849476089]",4584.145615184281,"[4.476674664082612,4.4701432632534015,4.487136920709481]",4.476674664082612,1024.0,24.0,2.0,24.0,88.0,64.0
retained-crossover-avx2,cross/2/unit24/draw4/stride24/compact/sum/packet,1,3,"[1891.9758120248323,1895.6454733933435,1892.6573600551612]",1892.6573600551612,"[1891.9872840343835,1895.6554250162524,1892.6685556306882]",1892.6685556306882,"[1.8476326289305,1.851216282610687,1.8482982031788682]",1.8482982031788682,1024.0,24.0,4.0,4.0,28.0,24.0
retained-crossover-avx2,cross/2/unit24/draw4/stride24/compact/sum/point,1,3,"[2708.3872530028602,2710.9949631930517,2720.483339791055]",2710.9949631930517,"[2709.120302205929,2712.0358388254976,2720.5015497886875]",2712.0358388254976,"[2.6449094267606057,2.6474560187432146,2.6567220115147023]",2.6474560187432146,1024.0,24.0,4.0,4.0,28.0,24.0
retained-crossover-avx2,cross/2/unit24/draw4/stride24/compact/sum/window,1,3,"[2094.043809808319,2095.6812200959534,2090.263905502229]",2094.043809808319,"[2094.816088517138,2095.6936303840616,2092.937948564168]",2094.816088517138,"[2.0449646580159366,2.0465636914999545,2.0412733452170206]",2.0449646580159366,1024.0,24.0,4.0,4.0,28.0,24.0
retained-crossover-avx2,cross/2/unit24/draw4/stride24/compact/update/packet,1,3,"[4133.170839470597,4114.352282768589,4098.964653902968]",4114.352282768589,"[4134.05861561323,4114.806774668375,4107.118998522959]",4114.806774668375,"[4.036299647920504,4.017922151141201,4.0028951698271165]",4.017922151141201,1024.0,24.0,4.0,4.0,28.0,24.0
retained-crossover-avx2,cross/2/unit24/draw4/stride24/compact/update/point,1,3,"[5170.882722901452,5167.216056233707,5178.751387347497]",5170.882722901452,"[5172.137994826825,5167.250832407262,5178.78616352368]",5172.137994826825,"[5.0496901590834495,5.046109429915729,5.05737440170654]",5.0496901590834495,1024.0,24.0,4.0,4.0,28.0,24.0
retained-crossover-avx2,cross/2/unit24/draw4/stride24/compact/update/window,1,3,"[4287.833175951967,4273.671702863242,4257.5810513056695]",4273.671702863242,"[4288.507082155987,4274.635190437161,4257.609694680056]",4274.635190437161,"[4.187337085890593,4.173507522327385,4.157793995415693]",4.173507522327385,1024.0,24.0,4.0,4.0,28.0,24.0
retained-crossover-avx2,cross/2/unit24/draw4/stride24/spread/sum/packet,1,3,"[2754.8086769590755,2780.4367793629253,2833.9155755319675]",2780.4367793629253,"[2754.823138556782,2785.0891147159673,2833.9382450619128]",2785.0891147159673,"[2.690242848592847,2.715270292346607,2.767495679230437]",2.715270292346607,1024.0,24.0,4.0,24.0,48.0,24.0
retained-crossover-avx2,cross/2/unit24/draw4/stride24/spread/sum/point,1,3,"[2718.1933423654377,2713.494484226949,2709.5945422875106]",2713.494484226949,"[2718.213470098735,2714.2730791547224,2709.610799299719]",2714.2730791547224,"[2.654485685903748,2.64989695725288,2.646088420202647]",2.64989695725288,1024.0,24.0,4.0,24.0,48.0,24.0
retained-crossover-avx2,cross/2/unit24/draw4/stride24/spread/sum/window,1,3,"[1991.1692285800038,1995.046399089249,1993.419442072343]",1993.419442072343,"[1991.1811841719748,1995.058212354231,1993.6875889522528]",1993.6875889522528,"[1.94450119978516,1.948287499110595,1.9466986738987724]",1.9466986738987724,1024.0,24.0,4.0,24.0,48.0,24.0
retained-crossover-avx2,cross/2/unit24/draw4/stride24/spread/update/packet,1,3,"[6845.0843611253795,6772.098667981977,6637.600394672845]",6772.098667981977,"[7217.115441537431,8385.869758252837,6637.654168715346]",7217.115441537431,"[6.6846526964115025,6.6133776054511495,6.4820316354226994]",6.6133776054511495,1024.0,24.0,4.0,24.0,48.0,24.0
retained-crossover-avx2,cross/2/unit24/draw4/stride24/spread/update/point,1,3,"[7863.960089937315,7872.22372119158,7868.119730185327]",7868.119730185327,"[7864.012928609109,7907.824620571273,7891.893760527475]",7891.893760527475,"[7.67964852532941,7.687718477726153,7.683710674009109]",7.683710674009109,1024.0,24.0,4.0,24.0,48.0,24.0
retained-crossover-avx2,cross/2/unit24/draw4/stride24/spread/update/window,1,3,"[5650.737804879294,5664.347560975017,5629.043089430798]",5650.737804879294,"[5650.771544716596,5669.958943090985,5629.084552845974]",5650.771544716596,"[5.518298637577436,5.531589415014665,5.497112392022264]",5.518298637577436,1024.0,24.0,4.0,24.0,48.0,24.0
retained-crossover-avx2,cross/2/unit24/draw4/stride25/compact/sum/packet,1,3,"[1832.331625279343,1838.7485218765735,1851.7929312836316]",1838.7485218765735,"[1832.3425305456676,1838.7595585321553,1852.2361056382013]",1838.7595585321553,"[1.789386352811858,1.795652853395091,1.8083915344566717]",1.795652853395091,1024.0,24.0,4.0,4.0,29.0,25.0
retained-crossover-avx2,cross/2/unit24/draw4/stride25/compact/sum/point,1,3,"[2724.7912109765484,2714.9363690595105,2718.6748856631125]",2718.6748856631125,"[2724.807715252411,2714.9526744893747,2719.30542851023]",2719.30542851023,"[2.6609289169692856,2.6513050479096787,2.6549559430303833]",2.6549559430303833,1024.0,24.0,4.0,4.0,29.0,25.0
retained-crossover-avx2,cross/2/unit24/draw4/stride25/compact/sum/window,1,3,"[1953.6094789359995,1970.8626662971726,1964.9523281595687]",1964.9523281595687,"[1953.6209811503074,1978.5533536588207,1964.9641075392085]",1964.9641075392085,"[1.907821756773437,1.9246705725558324,1.9188987579683285]",1.9188987579683285,1024.0,24.0,4.0,4.0,29.0,25.0
retained-crossover-avx2,cross/2/unit24/draw4/stride25/compact/update/packet,1,3,"[4049.2795264215983,4050.7811146410395,4034.145538550251]",4049.2795264215983,"[4058.2728847848116,4050.808547497809,4034.172105113235]",4050.808547497809,"[3.9543745375210926,3.95584093226664,3.9395952524904794]",3.9543745375210926,1024.0,24.0,4.0,4.0,29.0,25.0
retained-crossover-avx2,cross/2/unit24/draw4/stride25/compact/update/point,1,3,"[5178.346908552936,5181.853387634197,5236.821547575941]",5181.853387634197,"[5178.378008137731,5181.887819335589,5236.853017403219]",5181.887819335589,"[5.056979402883727,5.06040369886152,5.114083542554629]",5.06040369886152,1024.0,24.0,4.0,4.0,29.0,25.0
retained-crossover-avx2,cross/2/unit24/draw4/stride25/compact/update/window,1,3,"[4351.6568322971325,4349.331055901367,4371.815217391085]",4351.6568322971325,"[4352.390993788981,4349.356832292189,4406.730124222641]",4352.390993788981,"[4.2496648752901685,4.247393609278679,4.269350798233481]",4.2496648752901685,1024.0,24.0,4.0,4.0,29.0,25.0
retained-crossover-avx2,cross/2/unit24/draw4/stride25/spread/sum/packet,1,3,"[2779.407868723029,2786.956306840993,2769.872676947468]",2779.407868723029,"[2787.6372083839537,2786.973111902268,2769.891063660998]",2786.973111902268,"[2.714265496799833,2.721637018399407,2.704953786081511]",2.714265496799833,1024.0,24.0,4.0,24.0,49.0,25.0
retained-crossover-avx2,cross/2/unit24/draw4/stride25/spread/sum/point,1,3,"[2721.8416405023286,2715.623233908911,2713.831436420228]",2715.623233908911,"[2725.254709577556,2715.641287283509,2720.417582418943]",2720.417582418943,"[2.6580484770530552,2.6519758143641705,2.6502260121291292]",2.6519758143641705,1024.0,24.0,4.0,24.0,49.0,25.0
retained-crossover-avx2,cross/2/unit24/draw4/stride25/spread/sum/window,1,3,"[2356.79821608897,2356.9919219118096,2351.4161898353073]",2356.79821608897,"[2364.0070683282297,2359.00521709898,2351.4303264931937]",2359.00521709898,"[2.301560757899385,2.3017499237420016,2.2963048728860422]",2.301560757899385,1024.0,24.0,4.0,24.0,49.0,25.0
retained-crossover-avx2,cross/2/unit24/draw4/stride25/spread/update/packet,1,3,"[6806.125060592263,6845.096946194789,6827.825981580496]",6827.825981580496,"[6806.165293254405,6849.6606883252625,6827.872031021699]",6827.872031021699,"[6.646606504484631,6.6846649865183485,6.667798810137202]",6.667798810137202,1024.0,24.0,4.0,24.0,49.0,25.0
retained-crossover-avx2,cross/2/unit24/draw4/stride25/spread/update/point,1,3,"[7881.973461322031,7886.141163183175,7880.403726709332]",7881.973461322031,"[7882.026538683848,7891.518351206087,7880.451157545301]",7882.026538683848,"[7.697239708322296,7.70130972967107,7.695706764364581]",7.697239708322296,1024.0,24.0,4.0,24.0,49.0,25.0
retained-crossover-avx2,cross/2/unit24/draw4/stride25/spread/update/window,1,3,"[6372.8854024561215,6379.94770350154,6341.548885857917]",6372.8854024561215,"[6372.923601639112,6382.7057753544,6341.590723061721]",6372.923601639112,"[6.223520900836056,6.230417679200722,6.1929188338456225]",6.223520900836056,1024.0,24.0,4.0,24.0,49.0,25.0
retained-crossover-avx2,cross/2/unit24/draw4/stride64/compact/sum/packet,1,3,"[1869.5708807192184,1857.2950277702864,1855.7069558317955]",1857.2950277702864,"[1877.6290663844613,1857.6962443823084,1855.9440624167712]",1857.6962443823084,"[1.8257528132023615,1.8137646755569206,1.8122138240544876]",1.8137646755569206,1024.0,24.0,4.0,4.0,68.0,64.0
retained-crossover-avx2,cross/2/unit24/draw4/stride64/compact/sum/point,1,3,"[2730.3298307061063,2735.708503600177,2842.414088344253]",2735.708503600177,"[2737.8089122395654,2737.21327106404,2842.4329636092284]",2737.8089122395654,"[2.6663377252989315,2.6715903355470485,2.7757950081486844]",2.6715903355470485,1024.0,24.0,4.0,4.0,68.0,64.0
retained-crossover-avx2,cross/2/unit24/draw4/stride64/compact/update/packet,1,3,"[3904.090170821025,3912.698123775271,3904.4399327915544]",3904.4399327915544,"[3905.2136656358634,3912.721646600951,3906.5161019315206]",3906.5161019315206,"[3.812588057442407,3.8209942614992882,3.8129296218667523]",3.8129296218667523,1024.0,24.0,4.0,4.0,68.0,64.0
retained-crossover-avx2,cross/2/unit24/draw4/stride64/compact/update/point,1,3,"[5239.5408545726505,5232.955397301028,5244.514992503781]",5239.5408545726505,"[5239.576086955378,5232.990629679762,5270.460644675242]",5239.576086955378,"[5.116739115793604,5.110308005176785,5.121596672366974]",5.116739115793604,1024.0,24.0,4.0,4.0,68.0,64.0
retained-crossover-avx2,cross/2/unit24/draw4/stride64/spread/sum/packet,1,3,"[2809.4313955763787,2752.641612839929,2760.179095713185]",2760.179095713185,"[2809.448228614724,2752.6600117453463,2768.179682914298]",2768.179682914298,"[2.7435853472425573,2.6881265750389933,2.695487398157407]",2.695487398157407,1024.0,24.0,4.0,24.0,88.0,64.0
retained-crossover-avx2,cross/2/unit24/draw4/stride64/spread/sum/point,1,3,"[2729.0215053761162,2733.3069403715776,2727.6512218966864]",2729.0215053761162,"[2729.037927664865,2733.323362658937,2728.8676441854004]",2729.037927664865,"[2.6650600638438635,2.669245058956619,2.6637218963834832]",2.6650600638438635,1024.0,24.0,4.0,24.0,88.0,64.0
retained-crossover-avx2,cross/2/unit24/draw4/stride64/spread/update/packet,1,3,"[6834.204211557574,6783.072967679649,6793.558276200095]",6793.558276200095,"[6834.249755144324,6783.109206660559,6793.598432912526]",6793.598432912526,"[6.674027550349193,6.624094694999657,6.634334254101655]",6.634334254101655,1024.0,24.0,4.0,24.0,88.0,64.0
retained-crossover-avx2,cross/2/unit24/draw4/stride64/spread/update/point,1,3,"[7877.528248588702,7876.381920902569,7879.398305084046]",7877.528248588702,"[7877.575706205697,7876.4288135557945,7884.485310731148]",7877.575706205697,"[7.692898680262404,7.691779219631415,7.694724907308639]",7.692898680262404,1024.0,24.0,4.0,24.0,88.0,64.0
retained-crossover-avx2,cross/2/unit24/draw8/stride24/compact/sum/packet,1,3,"[1836.6124357790388,1847.3937557632416,1853.7234883413082]",1847.3937557632416,"[1837.079304440014,1847.4060071140702,1854.194440785113]",1847.4060071140702,"[1.7935668318154676,1.8040954646125404,1.810276844083309]",1.8040954646125404,1024.0,24.0,8.0,8.0,32.0,24.0
retained-crossover-avx2,cross/2/unit24/draw8/stride24/compact/sum/point,1,3,"[4162.035437761154,4166.270399047843,4157.607206670888]",4162.035437761154,"[4164.853782006713,4166.298094100368,4157.632221555368]",4164.853782006713,"[4.064487732188627,4.068623436570159,4.0601632877645395]",4.064487732188627,1024.0,24.0,8.0,8.0,32.0,24.0
retained-crossover-avx2,cross/2/unit24/draw8/stride24/compact/sum/window,1,3,"[1713.1212711554533,1708.017289662583,1714.6042858884814]",1713.1212711554533,"[1713.480944844286,1708.02739559261,1714.6158529160234]",1713.480944844286,"[1.6729699913627472,1.667985634436116,1.67441824793797]",1.6729699913627472,1024.0,24.0,8.0,8.0,32.0,24.0
retained-crossover-avx2,cross/2/unit24/draw8/stride24/compact/update/packet,1,3,"[3962.897129866473,3946.0602443867647,3981.2205171921114]",3962.897129866473,"[3963.5629440147545,3946.0838306368278,3981.247229327441]",3963.5629440147545,"[3.8700167283852274,3.85357445740895,3.8879106613204213]",3.8700167283852274,1024.0,24.0,8.0,8.0,32.0,24.0
retained-crossover-avx2,cross/2/unit24/draw8/stride24/compact/update/point,1,3,"[9136.881060116748,9037.709114415327,9160.746606334875]",9136.881060116748,"[9140.361990946976,9037.762766647593,9160.808015507528]",9140.361990946976,"[8.922735410270262,8.825887807046218,8.946041607748901]",8.922735410270262,1024.0,24.0,8.0,8.0,32.0,24.0
retained-crossover-avx2,cross/2/unit24/draw8/stride24/compact/update/window,1,3,"[3884.1469261143757,3892.1982515513987,3884.9904117316305]",3884.9904117316305,"[3884.9881556662704,3898.79244218831,3885.0163564622335]",3885.0163564622335,"[3.7931122325335695,3.8009748550306623,3.7939359489566704]",3.7939359489566704,1024.0,24.0,8.0,8.0,32.0,24.0
retained-crossover-avx2,cross/2/unit24/draw8/stride24/spread/sum/packet,1,3,"[2790.2815934063055,2747.0537676610506,2771.9397566717125]",2771.9397566717125,"[2790.2982731551137,2748.0296310846097,2771.9564364212183]",2771.9564364212183,"[2.7248843685608453,2.6826696949814943,2.7069724186247193]",2.7069724186247193,1024.0,24.0,8.0,24.0,48.0,24.0
retained-crossover-avx2,cross/2/unit24/draw8/stride24/spread/sum/point,1,3,"[4219.09401963768,4161.810770604787,4153.893186551627]",4161.810770604787,"[4219.122285029823,4162.5316869907165,4153.921154421704]",4162.5316869907165,"[4.120209003552422,4.064268330668738,4.056536314991822]",4.064268330668738,1024.0,24.0,8.0,24.0,48.0,24.0
retained-crossover-avx2,cross/2/unit24/draw8/stride24/spread/sum/window,1,3,"[1874.8655698234224,1873.792937399782,1873.6001872657544]",1873.792937399782,"[1874.8768057803588,1874.098314606925,1873.612760837449]",1874.098314606925,"[1.8309234080306862,1.8298759154294744,1.8296876828767132]",1.8298759154294744,1024.0,24.0,8.0,24.0,48.0,24.0
retained-crossover-avx2,cross/2/unit24/draw8/stride24/spread/update/packet,1,3,"[6814.67641325462,6834.359161793728,6790.119395711499]",6814.67641325462,"[6814.721734904453,6835.243177390428,6797.1291423036455]",6814.721734904453,"[6.654957434818965,6.674178868939188,6.630975972374511]",6.654957434818965,1024.0,24.0,8.0,24.0,48.0,24.0
retained-crossover-avx2,cross/2/unit24/draw8/stride24/spread/update/point,1,3,"[14020.04499999876,14017.465999998536,14025.974999999136]",14020.04499999876,"[14020.13899999588,14017.548999987639,14030.75900000772]",14020.13899999588,"[13.69145019531129,13.688931640623569,13.697241210936657]",13.69145019531129,1024.0,24.0,8.0,24.0,48.0,24.0
retained-crossover-avx2,cross/2/unit24/draw8/stride24/spread/update/window,1,3,"[5811.117306898186,5800.377942998204,5788.618752580985]",5800.377942998204,"[5811.152416364394,5800.416769925099,5791.672449397807]",5800.416769925099,"[5.674919245017761,5.664431584959183,5.652948000567369]",5.664431584959183,1024.0,24.0,8.0,24.0,48.0,24.0
retained-crossover-avx2,cross/2/unit24/draw8/stride25/compact/sum/packet,1,3,"[1843.5275993181187,1851.1282286612807,1838.6319653862215]",1843.5275993181187,"[1843.5386128232187,1851.1406844106914,1839.358856693008]",1843.5386128232187,"[1.8003199212091006,1.8077424108020321,1.795539028697482]",1.8003199212091006,1024.0,24.0,8.0,8.0,33.0,25.0
retained-crossover-avx2,cross/2/unit24/draw8/stride25/compact/sum/point,1,3,"[4156.533551069201,4155.88034441812,4163.315320664295]",4156.533551069201,"[4156.561757718147,4155.905285031432,4171.344714963386]",4156.561757718147,"[4.059114795966017,4.058476898845821,4.065737617836225]",4.059114795966017,1024.0,24.0,8.0,8.0,33.0,25.0
retained-crossover-avx2,cross/2/unit24/draw8/stride25/compact/sum/window,1,3,"[2105.8890223758117,2102.8074786005245,2102.7445562394055]",2102.8074786005245,"[2105.9017870546486,2106.2470340911614,2107.112028834128]",2106.2470340911614,"[2.0565322484138786,2.053522928320825,2.0534614807025444]",2.053522928320825,1024.0,24.0,8.0,8.0,33.0,25.0
retained-crossover-avx2,cross/2/unit24/draw8/stride25/compact/update/packet,1,3,"[3982.093847462661,3961.024950382354,3983.1204990072097]",3982.093847462661,"[3983.8500141788527,3961.048766662808,3983.1443152856486]",3983.1443152856486,"[3.888763522912755,3.8681884281077674,3.889766112311728]",3.888763522912755,1024.0,24.0,8.0,8.0,33.0,25.0
retained-crossover-avx2,cross/2/unit24/draw8/stride25/compact/update/point,1,3,"[9264.967637541382,9035.272491908247,9037.67313915831]",9037.67313915831,"[9265.02330096951,9035.326213602437,9037.733980589594]",9037.733980589594,"[9.047819958536504,8.823508292879147,8.825852674959288]",8.825852674959288,1024.0,24.0,8.0,8.0,33.0,25.0
retained-crossover-avx2,cross/2/unit24/draw8/stride25/compact/update/window,1,3,"[4241.125075712243,4249.71411265902,4226.176559660761]",4241.125075712243,"[4249.230769226308,4249.739248937838,4226.205027254209]",4249.230769226308,"[4.141723706750239,4.150111438143575,4.127125546543712]",4.141723706750239,1024.0,24.0,8.0,8.0,33.0,25.0
retained-crossover-avx2,cross/2/unit24/draw8/stride25/spread/sum/packet,1,3,"[2774.3983532644797,2754.245246030487,2759.1717310329127]",2759.1717310329127,"[2774.8970790019175,2754.2636737857024,2763.80709664588]",2763.80709664588,"[2.7093733918598435,2.689692623076647,2.6945036435868293]",2.6945036435868293,1024.0,24.0,8.0,24.0,49.0,25.0
retained-crossover-avx2,cross/2/unit24/draw8/stride25/spread/sum/point,1,3,"[4156.245843231178,4153.478325415312,4154.775831353316]",4154.775831353316,"[4157.2710807592,4153.500296915676,4154.8007719687375]",4154.8007719687375,"[4.058833831280447,4.05613117716339,4.0573982728059725]",4.0573982728059725,1024.0,24.0,8.0,24.0,49.0,25.0
retained-crossover-avx2,cross/2/unit24/draw8/stride25/spread/sum/window,1,3,"[2545.5257319510383,2544.8999818152065,2547.4697217673443]",2545.5257319510383,"[2545.9027095809306,2545.326241134818,2547.486633931362]",2545.9027095809306,"[2.485864972608436,2.4852538884914126,2.4877634001634226]",2.485864972608436,1024.0,24.0,8.0,24.0,49.0,25.0
retained-crossover-avx2,cross/2/unit24/draw8/stride25/spread/update/packet,1,3,"[6766.369661266988,6764.032891506043,6746.865488463349]",6764.032891506043,"[6766.415316637598,6778.236622480931,6748.5846833622645]",6766.415316637598,"[6.607782872331043,6.605500870611371,6.588735828577489]",6.605500870611371,1024.0,24.0,8.0,24.0,49.0,25.0
retained-crossover-avx2,cross/2/unit24/draw8/stride25/spread/update/point,1,3,"[14016.725999997703,14023.385000001554,14012.98500000081]",14016.725999997703,"[14016.799999978957,14027.35900001062,14013.078999994377]",14016.799999978957,"[13.688208984372757,13.694711914064017,13.684555664063293]",13.688208984372757,1024.0,24.0,8.0,24.0,49.0,25.0
retained-crossover-avx2,cross/2/unit24/draw8/stride25/spread/update/window,1,3,"[6463.853400734736,6466.340073528884,6450.526194851745]",6463.853400734736,"[6473.327205877075,6467.816636020441,6450.565257341915]",6467.816636020441,"[6.312356836655016,6.314785228055551,6.299341987159907]",6.312356836655016,1024.0,24.0,8.0,24.0,49.0,25.0
retained-crossover-avx2,cross/2/unit24/draw8/stride64/compact/sum/packet,1,3,"[1864.425252657566,1843.239926499671,1844.7309358182772]",1844.7309358182772,"[1864.4364089763508,1843.2496390602453,1845.0346502150428]",1845.0346502150428,"[1.820727785798404,1.800038990722335,1.8014950545100363]",1.8014950545100363,1024.0,24.0,8.0,8.0,72.0,64.0
retained-crossover-avx2,cross/2/unit24/draw8/stride64/compact/sum/point,1,3,"[4165.829660511447,4217.077129243724,4195.0759380589]",4195.0759380589,"[4165.851399640507,4225.60780226036,4196.485705776989]",4196.485705776989,"[4.06819302784321,4.118239384027074,4.096753845760644]",4.096753845760644,1024.0,24.0,8.0,8.0,72.0,64.0
retained-crossover-avx2,cross/2/unit24/draw8/stride64/compact/update/packet,1,3,"[3961.582701487688,3957.667789946309,3971.124684077196]",3961.582701487688,"[3961.6062903651773,3957.6941870279647,3972.128615561367]",3961.6062903651773,"[3.8687331069215705,3.8649099511194422,3.8780514492941367]",3.8687331069215705,1024.0,24.0,8.0,8.0,72.0,64.0
retained-crossover-avx2,cross/2/unit24/draw8/stride64/compact/update/point,1,3,"[9086.303305250593,9159.607906674624,9074.060920284084]",9086.303305250593,"[9086.363577450296,9159.66947504611,9093.447180821628]",9093.447180821628,"[8.873343071533784,8.944929596361938,8.861387617464926]",8.873343071533784,1024.0,24.0,8.0,8.0,72.0,64.0
retained-crossover-avx2,cross/2/unit24/draw8/stride64/spread/sum/packet,1,3,"[2765.699568288945,2853.7315541601165,2769.4358320255083]",2769.4358320255083,"[2765.7182103599125,2853.7486263715437,2770.1864207183994]",2770.1864207183994,"[2.700878484657173,2.7868472208594888,2.7045271797124104]",2.7045271797124104,1024.0,24.0,8.0,24.0,88.0,64.0
retained-crossover-avx2,cross/2/unit24/draw8/stride64/spread/sum/point,1,3,"[4181.589552238487,4205.14507462738,4180.108955224076]",4181.589552238487,"[4181.611641792554,4205.169850745651,4180.886268651234]",4181.611641792554,"[4.0835835471078985,4.106586986940801,4.082137651586012]",4.0835835471078985,1024.0,24.0,8.0,24.0,88.0,64.0
retained-crossover-avx2,cross/2/unit24/draw8/stride64/spread/update/packet,1,3,"[6856.6859382649145,6828.052425280992,6837.998530132902]",6837.998530132902,"[6856.726604597865,6828.093091617423,6844.512003914358]",6844.512003914358,"[6.695982361586831,6.668019946563468,6.677732939582913]",6.677732939582913,1024.0,24.0,8.0,24.0,88.0,64.0
retained-crossover-avx2,cross/2/unit24/draw8/stride64/spread/update/point,1,3,"[14013.20820820845,14017.183183181583,14019.684684683796]",14017.183183181583,"[14013.292292281709,14017.266266250204,14019.758758756887]",14017.266266250204,"[13.684773640828565,13.688655452325767,13.69109832488652]",13.688655452325767,1024.0,24.0,8.0,24.0,88.0,64.0
retained-crossover-avx2,cross/2/unit32/draw2/stride32/compact/sum/packet,1,3,"[1731.9138608996368,1728.084910297656,1724.550995330494]",1728.084910297656,"[1735.3588105195447,1728.5082329819,1724.5624232011317]",1728.5082329819,"[1.6913221297848018,1.6875829202125547,1.6841318313774354]",1.6875829202125547,1024.0,32.0,2.0,2.0,34.0,32.0
retained-crossover-avx2,cross/2/unit32/draw2/stride32/compact/sum/point,1,3,"[2103.401766346514,2103.8913851884204,2133.3413387048513]",2103.8913851884204,"[2103.414316702269,2103.9054849721165,2133.6904245428]",2103.9054849721165,"[2.0541032874477674,2.0545814308480668,2.0833411510789563]",2.0545814308480668,1024.0,32.0,2.0,2.0,34.0,32.0
retained-crossover-avx2,cross/2/unit32/draw2/stride32/compact/sum/window,1,3,"[2231.8609387426754,2229.849642004749,2232.3669053298217]",2231.8609387426754,"[2231.872553700447,2229.8647573617127,2245.28385043705]",2231.872553700447,"[2.1795516979908944,2.1775875410202623,2.180045805986154]",2.1795516979908944,1024.0,32.0,2.0,2.0,34.0,32.0
retained-crossover-avx2,cross/2/unit32/draw2/stride32/compact/update/packet,1,3,"[3671.4710049855144,3681.848596168996,3657.602991339063]",3671.4710049855144,"[3672.3167147711647,3681.8758855910087,3658.4961952218837]",3672.3167147711647,"[3.585420903306167,3.5955552696962854,3.5718779212295537]",3.585420903306167,1024.0,32.0,2.0,2.0,34.0,32.0
retained-crossover-avx2,cross/2/unit32/draw2/stride32/compact/update/point,1,3,"[3766.5746971723916,3764.3811574696506,3764.3701211305283]",3764.3811574696506,"[3766.597308208689,3764.40349932214,3764.395423960914]",3764.40349932214,"[3.678295602707414,3.6761534740914557,3.676142696416531]",3.6761534740914557,1024.0,32.0,2.0,2.0,34.0,32.0
retained-crossover-avx2,cross/2/unit32/draw2/stride32/compact/update/window,1,3,"[4229.18290854517,4230.214692652198,4215.395802099624]",4229.18290854517,"[4229.208395806846,4230.242878559447,4218.758620688402]",4229.208395806846,"[4.130061434126143,4.131069035793162,4.116597462987914]",4.130061434126143,1024.0,32.0,2.0,2.0,34.0,32.0
retained-crossover-avx2,cross/2/unit32/draw2/stride32/spread/sum/packet,1,3,"[2310.9123625466686,2318.0714761752934,2321.711929356898]",2318.0714761752934,"[2311.399200266275,2318.0853048984204,2322.582305897852]",2318.0853048984204,"[2.256750354049481,2.263741675952435,2.2672968060125958]",2.263741675952435,1024.0,32.0,2.0,32.0,64.0,32.0
retained-crossover-avx2,cross/2/unit32/draw2/stride32/spread/sum/point,1,3,"[2127.1130173068327,2109.1264108354994,2105.564334085391]",2109.1264108354994,"[2135.2085778786113,2109.1405568100176,2105.576975169958]",2109.1405568100176,"[2.077258805963704,2.0596937605815424,2.0562151700052644]",2.0596937605815424,1024.0,32.0,2.0,32.0,64.0,32.0
retained-crossover-avx2,cross/2/unit32/draw2/stride32/spread/sum/window,1,3,"[2121.061836919697,2121.77099120886,2121.360412246566]",2121.360412246566,"[2122.891785386343,2121.782206726412,2121.374507427551]",2121.782206726412,"[2.071349450116892,2.072041983602402,2.071641027584537]",2.071641027584537,1024.0,32.0,2.0,32.0,64.0,32.0
retained-crossover-avx2,cross/2/unit32/draw2/stride32/spread/update/packet,1,3,"[4426.114713217884,4397.813279301052,4396.8004987539]",4397.813279301052,"[4426.141209476105,4398.883728181046,4396.82980049753]",4398.883728181046,"[4.32237764962684,4.294739530567433,4.293750487064355]",4.294739530567433,1024.0,32.0,2.0,32.0,64.0,32.0
retained-crossover-avx2,cross/2/unit32/draw2/stride32/spread/update/point,1,3,"[4580.511605100032,4575.899313501947,4587.880026153757]",4580.511605100032,"[4580.535796009451,4576.782935593647,4587.904543963936]",4580.535796009451,"[4.4731558643555,4.468651673341745,4.480351588040779]",4.4731558643555,1024.0,32.0,2.0,32.0,64.0,32.0
retained-crossover-avx2,cross/2/unit32/draw2/stride32/spread/update/window,1,3,"[4274.739963502315,4275.911192215681,4294.654805352529]",4275.911192215681,"[4284.881386859529,4277.493613140444,4301.57877128733]",4284.881386859529,"[4.174550745607729,4.175694523648126,4.193998833352079]",4.175694523648126,1024.0,32.0,2.0,32.0,64.0,32.0
retained-crossover-avx2,cross/2/unit32/draw2/stride33/compact/sum/packet,1,3,"[1728.349252230348,1730.3424657536436,1737.8818650247931]",1730.3424657536436,"[1728.3584265443728,1730.9272338820517,1737.8921704153388]",1730.9272338820517,"[1.687841066631199,1.6897875642125424,1.6971502588132743]",1.6897875642125424,1024.0,32.0,2.0,2.0,35.0,33.0
retained-crossover-avx2,cross/2/unit32/draw2/stride33/compact/sum/point,1,3,"[2117.4688016836735,2107.390617952393,2120.0941211843165]",2117.4688016836735,"[2117.481581718343,2107.404751161271,2120.5006765889707]",2117.481581718343,"[2.0678406266442124,2.0579986503441337,2.070404415219059]",2.0678406266442124,1024.0,32.0,2.0,2.0,35.0,33.0
retained-crossover-avx2,cross/2/unit32/draw2/stride33/compact/sum/window,1,3,"[2142.9250191284927,2145.5158377968255,2145.902830910772]",2145.5158377968255,"[2142.937872992279,2145.527008413684,2146.362662583638]",2145.527008413684,"[2.0927002139926687,2.0952303103484624,2.095608233311301]",2.0952303103484624,1024.0,32.0,2.0,2.0,35.0,33.0
retained-crossover-avx2,cross/2/unit32/draw2/stride33/compact/update/packet,1,3,"[3680.0275880187874,3693.2882291131177,3684.1240147135773]",3684.1240147135773,"[3680.0496584320135,3693.3079348378787,3684.800052543836]",3684.800052543836,"[3.5937769414245966,3.606726786243279,3.597777358118728]",3.597777358118728,1024.0,32.0,2.0,2.0,35.0,33.0
retained-crossover-avx2,cross/2/unit32/draw2/stride33/compact/update/point,1,3,"[3548.016730039126,3543.4182509503294,3545.37769328422]",3545.37769328422,"[3552.16704689439,3543.442078575008,3545.3989860562447]",3545.3989860562447,"[3.4648600879288334,3.460369385693681,3.462282903597872]",3.462282903597872,1024.0,32.0,2.0,2.0,35.0,33.0
retained-crossover-avx2,cross/2/unit32/draw2/stride33/compact/update/window,1,3,"[4277.193924516613,4249.6885547716665,4240.934642529278]",4249.6885547716665,"[4364.081006441107,4271.5431113805935,4273.374961638179]",4273.374961638179,"[4.176947191910755,4.150086479269206,4.141537736844998]",4.150086479269206,1024.0,32.0,2.0,2.0,35.0,33.0
retained-crossover-avx2,cross/2/unit32/draw2/stride33/spread/sum/packet,1,3,"[2254.977524481727,2252.224434097816,2249.018301493338]",2252.224434097816,"[2303.458179481991,2304.113340826407,2274.2831915227916]",2303.458179481991,"[2.2021264887516865,2.1994379239236483,2.196306935052088]",2.1994379239236483,1024.0,32.0,2.0,32.0,65.0,33.0
retained-crossover-avx2,cross/2/unit32/draw2/stride33/spread/sum/point,1,3,"[2118.3557605077217,2124.7029029327123,2124.1678258238608]",2124.1678258238608,"[2212.802086482984,2168.2825824020265,2187.3362564267936]",2187.3362564267936,"[2.0687067973708224,2.074905178645227,2.074382642406114]",2.074382642406114,1024.0,32.0,2.0,32.0,65.0,33.0
retained-crossover-avx2,cross/2/unit32/draw2/stride33/spread/update/packet,1,3,"[4489.48070739488,4499.866559485193,4453.442443730146]",4489.48070739488,"[4497.02508038916,4499.890353694811,4464.697106110908]",4497.02508038916,"[4.384258503315312,4.3944009369972585,4.349064886455221]",4.384258503315312,1024.0,32.0,2.0,32.0,65.0,33.0
retained-crossover-avx2,cross/2/unit32/draw2/stride33/spread/update/point,1,3,"[4573.53742613349,4571.892974391571,4580.008207484956]",4573.53742613349,"[4574.543335524438,4572.954366383742,4580.567301377026]",4574.543335524438,"[4.466345142708486,4.464739232804269,4.4726642651220265]",4.466345142708486,1024.0,32.0,2.0,32.0,65.0,33.0
retained-crossover-avx2,cross/2/unit32/draw2/stride64/compact/sum/packet,1,3,"[1852.1854347548665,1852.3164442138313,1862.9059219911737]",1852.3164442138313,"[1857.1337307263345,1878.8275236482343,1863.3059479056303]",1863.3059479056303,"[1.8087748386277993,1.80890277755257,1.8192440644445058]",1.80890277755257,1024.0,32.0,2.0,2.0,66.0,64.0
retained-crossover-avx2,cross/2/unit32/draw2/stride64/compact/sum/point,1,3,"[2113.8415871571287,2115.1499318490414,2113.679388156705]",2113.8415871571287,"[2113.854157202626,2118.8564288969055,2113.6936241090852]",2113.854157202626,"[2.0642984249581335,2.0655761053213295,2.0641400274967823]",2.0642984249581335,1024.0,32.0,2.0,2.0,66.0,64.0
retained-crossover-avx2,cross/2/unit32/draw2/stride64/compact/update/packet,1,3,"[3742.0824439697562,3734.33991461998,3737.0424226250993]",3737.0424226250993,"[3742.1075240145205,3735.8054962644032,3737.064834576204]",3737.064834576204,"[3.654377386689215,3.6468163228710737,3.6494554908448236]",3.6494554908448236,1024.0,32.0,2.0,2.0,66.0,64.0
retained-crossover-avx2,cross/2/unit32/draw2/stride64/compact/update/point,1,3,"[3565.4479326202645,3563.161306789264,3563.0410923941927]",3563.161306789264,"[3575.114599281546,3563.184788151998,3565.0022970877058]",3565.0022970877058,"[3.4818827466994775,3.479649713661391,3.479532316791204]",3.479649713661391,1024.0,32.0,2.0,2.0,66.0,64.0
retained-crossover-avx2,cross/2/unit32/draw2/stride64/spread/sum/packet,1,3,"[2259.5228516259967,2254.037013196123,2257.0252655292547]",2257.0252655292547,"[2259.5347602193374,2254.050370131464,2258.051174763871]",2258.051174763871,"[2.2065652847910124,2.201208020699339,2.2041262358684133]",2.2041262358684133,1024.0,32.0,2.0,32.0,96.0,64.0
retained-crossover-avx2,cross/2/unit32/draw2/stride64/spread/sum/point,1,3,"[2112.936519903745,2112.7180337754803,2114.851477684083]",2112.936519903745,"[2112.949185765135,2112.729041009206,2115.4583835941435]",2112.949185765135,"[2.063414570218501,2.0632012048588675,2.065284646175862]",2.063414570218501,1024.0,32.0,2.0,32.0,96.0,64.0
retained-crossover-avx2,cross/2/unit32/draw2/stride64/spread/update/packet,1,3,"[4534.42077922003,4580.378246754324,4617.706168831757]",4580.378246754324,"[4535.32759740421,4580.409090911568,4617.737337670119]",4580.409090911568,"[4.428145292207061,4.47302563159602,4.509478680499763]",4.47302563159602,1024.0,32.0,2.0,32.0,96.0,64.0
retained-crossover-avx2,cross/2/unit32/draw2/stride64/spread/update/point,1,3,"[4588.491170700849,4588.932308697701,4578.899934597571]",4588.491170700849,"[4588.5215827385355,4588.963047745373,4587.011118379758]",4588.5215827385355,"[4.480948408887547,4.4813792077126,4.471581967380439]",4.480948408887547,1024.0,32.0,2.0,32.0,96.0,64.0
retained-crossover-avx2,cross/2/unit32/draw4/stride32/compact/sum/packet,1,3,"[1902.2219783233297,1899.6988612980088,1892.8940869809576]",1899.6988612980088,"[1904.026341063799,1899.7102483170784,1892.905474001977]",1899.7102483170784,"[1.8576386507063767,1.855174669236337,1.8485293818173416]",1.855174669236337,1024.0,32.0,4.0,4.0,36.0,32.0
retained-crossover-avx2,cross/2/unit32/draw4/stride32/compact/sum/point,1,3,"[2734.634358676346,2707.9638227902424,2708.538595473679]",2708.538595473679,"[2735.236989748623,2707.9800735170656,2708.5546527387814]",2708.5546527387814,"[2.670541365894869,2.644495920693596,2.6450572221422646]",2.6450572221422646,1024.0,32.0,4.0,4.0,36.0,32.0
retained-crossover-avx2,cross/2/unit32/draw4/stride32/compact/sum/window,1,3,"[2123.679762448047,2120.1545606821,2124.016445865399]",2123.679762448047,"[2123.9849246240015,2120.1658291465624,2124.030607585873]",2123.9849246240015,"[2.073906018015671,2.0704634381661133,2.074234810415429]",2.073906018015671,1024.0,32.0,4.0,4.0,36.0,32.0
retained-crossover-avx2,cross/2/unit32/draw4/stride32/compact/update/packet,1,3,"[4088.666764878898,4072.1876841496905,4084.683559224108]",4084.683559224108,"[4088.69446080891,4073.5645256303005,4084.7106658851603]",4084.7106658851603,"[3.9928386375770493,3.976745785302432,3.988948788304793]",3.988948788304793,1024.0,32.0,4.0,4.0,36.0,32.0
retained-crossover-avx2,cross/2/unit32/draw4/stride32/compact/update/point,1,3,"[5185.9357593755985,5184.064611955895,5167.150018565817]",5184.064611955895,"[5185.970664693827,5195.053471968865,5167.181210550242]",5185.970664693827,"[5.064390390015232,5.062563097613179,5.0460449400056815]",5.062563097613179,1024.0,32.0,4.0,4.0,36.0,32.0
retained-crossover-avx2,cross/2/unit32/draw4/stride32/compact/update/window,1,3,"[4462.556017923834,4464.6530089627495,4448.321062740815]",4462.556017923834,"[4462.579705503545,4465.41549296158,4448.347631234699]",4462.579705503545,"[4.357964861253744,4.360012704065185,4.344063537832828]",4.357964861253744,1024.0,32.0,4.0,4.0,36.0,32.0
retained-crossover-avx2,cross/2/unit32/draw4/stride32/spread/sum/packet,1,3,"[2325.8213518418665,2316.424723185911,2323.0135514784747]",2323.0135514784747,"[2325.8368864655286,2316.440257811921,2323.480251198568]",2323.480251198568,"[2.271309913908073,2.262133518736241,2.268567921365698]",2.268567921365698,1024.0,32.0,4.0,32.0,64.0,32.0
retained-crossover-avx2,cross/2/unit32/draw4/stride32/spread/sum/point,1,3,"[2717.488525865143,2718.6201866978636,2717.879424348784]",2717.879424348784,"[2717.5066122178187,2718.638467523958,2718.403150527938]",2718.403150527938,"[2.6537973885401787,2.654902526072133,2.6541791253406095]",2.6541791253406095,1024.0,32.0,4.0,32.0,64.0,32.0
retained-crossover-avx2,cross/2/unit32/draw4/stride32/spread/sum/window,1,3,"[2120.4276634378825,2122.3736380144105,2123.840193704858]",2122.3736380144105,"[2120.4402239710716,2122.386349878794,2124.2327481844986]",2122.386349878794,"[2.070730140076057,2.0726305058734478,2.0740626891649003]",2.0726305058734478,1024.0,32.0,4.0,32.0,64.0,32.0
retained-crossover-avx2,cross/2/unit32/draw4/stride32/spread/update/packet,1,3,"[4414.550775070848,4355.34166403135,4387.967731732404]",4387.967731732404,"[4414.583676049778,4355.36760518911,4387.99683644851]",4387.99683644851,"[4.311084741280125,4.253263343780615,4.285124738019926]",4.285124738019926,1024.0,32.0,4.0,32.0,64.0,32.0
retained-crossover-avx2,cross/2/unit32/draw4/stride32/spread/update/point,1,3,"[7867.083802022299,7865.998875138309,7876.706974130743]",7867.083802022299,"[7867.131046120697,7866.045556792976,7885.516872899]",7867.131046120697,"[7.6826990254124015,7.681639526502255,7.692096654424553]",7.6826990254124015,1024.0,32.0,4.0,32.0,64.0,32.0
retained-crossover-avx2,cross/2/unit32/draw4/stride32/spread/update/window,1,3,"[4173.4579297823075,4153.987893461426,4168.663740919351]",4168.663740919351,"[4173.483050848687,4154.012409200878,4168.688559325493]",4168.688559325493,"[4.0756425095530355,4.056628802208424,4.070960684491554]",4.070960684491554,1024.0,32.0,4.0,32.0,64.0,32.0
retained-crossover-avx2,cross/2/unit32/draw4/stride33/compact/sum/packet,1,3,"[1897.2390595268348,1897.9512095676241,1904.254688773536]",1897.9512095676241,"[1897.8063332450338,1897.962625712329,1907.698967111596]",1897.962625712329,"[1.8527725190691748,1.853467978093383,1.8596237195054064]",1.853467978093383,1024.0,32.0,4.0,4.0,37.0,33.0
retained-crossover-avx2,cross/2/unit32/draw4/stride33/compact/sum/point,1,3,"[2794.9237703313,2796.7911032733505,2715.4232804225135]",2794.9237703313,"[2795.242210463751,2801.452282972932,2721.365471290075]",2795.242210463751,"[2.7294177444641603,2.7312413117903813,2.651780547287611]",2.7294177444641603,1024.0,32.0,4.0,4.0,37.0,33.0
retained-crossover-avx2,cross/2/unit32/draw4/stride33/compact/sum/window,1,3,"[2131.8613831090074,2128.8701040390606,2132.2467870255946]",2131.8613831090074,"[2132.371328030874,2128.8828029390634,2132.2596389227556]",2132.2596389227556,"[2.08189588194239,2.078974710975645,2.082272252954682]",2.08189588194239,1024.0,32.0,4.0,4.0,37.0,33.0
retained-crossover-avx2,cross/2/unit32/draw4/stride33/compact/update/packet,1,3,"[4141.43076016436,4104.998526812692,4110.360931055334]",4110.360931055334,"[4142.030053039753,4105.026222742705,4110.385385972571]",4110.385385972571,"[4.044365976723008,4.0087876238405205,4.014024346733724]",4.014024346733724,1024.0,32.0,4.0,4.0,37.0,33.0
retained-crossover-avx2,cross/2/unit32/draw4/stride33/compact/update/point,1,3,"[5167.225722757362,5182.644551517876,5170.276501112613]",5170.276501112613,"[5167.260192734025,5184.725352109256,5170.303558187586]",5170.303558187586,"[5.046118869880236,5.0611763198416755,5.049098145617786]",5.049098145617786,1024.0,32.0,4.0,4.0,37.0,33.0
retained-crossover-avx2,cross/2/unit32/draw4/stride33/compact/update/window,1,3,"[4419.957251425969,4434.1307789732855,4439.23875870806]",4434.1307789732855,"[4419.987017093909,4434.993350222531,4439.588030399777]",4434.993350222531,"[4.316364503345673,4.330205838841099,4.33519410030084]",4.330205838841099,1024.0,32.0,4.0,4.0,37.0,33.0
retained-crossover-avx2,cross/2/unit32/draw4/stride33/spread/sum/packet,1,3,"[2234.2734148690843,2234.794818152827,2240.5111039580765]",2234.794818152827,"[2234.2883810739504,2235.6709044101167,2240.5242999647503]",2235.6709044101167,"[2.18190763170809,2.1824168146023704,2.1879991249590596]",2.1824168146023704,1024.0,32.0,4.0,32.0,65.0,33.0
retained-crossover-avx2,cross/2/unit32/draw4/stride33/spread/sum/point,1,3,"[2888.1551857588042,2712.1197755417397,2793.950464396288]",2793.950464396288,"[2888.172407121771,2712.137964393609,2794.6327399367906]",2794.6327399367906,"[2.8204640485925823,2.64855446830248,2.7284672503870007]",2.7284672503870007,1024.0,32.0,4.0,32.0,65.0,33.0
retained-crossover-avx2,cross/2/unit32/draw4/stride33/spread/update/packet,1,3,"[4742.105529331959,4754.674645987659,4736.893459205002]",4742.105529331959,"[4742.133850300515,4754.70330412144,4746.230613615706]",4746.230613615706,"[4.630962430988241,4.643236958972323,4.625872518754885]",4.630962430988241,1024.0,32.0,4.0,32.0,65.0,33.0
retained-crossover-avx2,cross/2/unit32/draw4/stride33/spread/update/point,1,3,"[7869.205617977874,7867.77808988763,7872.4466292125435]",7869.205617977874,"[7869.252247201202,7867.825280894787,7878.190449449458]",7869.252247201202,"[7.684771111306517,7.6833770409058895,7.6879361613403745]",7.684771111306517,1024.0,32.0,4.0,32.0,65.0,33.0
retained-crossover-avx2,cross/2/unit32/draw4/stride64/compact/sum/packet,1,3,"[2029.347156227363,2015.01439884834,2029.8439164867207]",2029.347156227363,"[2029.3592512607615,2017.822750181377,2031.210943125157]",2029.3592512607615,"[1.9817843322532844,1.967787498875332,1.9822694496940632]",1.9817843322532844,1024.0,32.0,4.0,4.0,68.0,64.0
retained-crossover-avx2,cross/2/unit32/draw4/stride64/compact/sum/point,1,3,"[2763.2439547575145,2885.5218408746036,2783.1484009347682]",2783.1484009347682,"[2763.258775354336,2885.5409516406157,2783.896450860463]",2783.896450860463,"[2.6984804245678857,2.8178924227291056,2.71791836028786]",2.71791836028786,1024.0,32.0,4.0,4.0,68.0,64.0
retained-crossover-avx2,cross/2/unit32/draw4/stride64/compact/update/packet,1,3,"[4188.1557669446875,4201.071640905208,4179.326694411231]",4188.1557669446875,"[4188.1834126058475,4209.027942924858,4179.351664684669]",4188.1834126058475,"[4.089995866156921,4.1026090243214925,4.081373725010968]",4.089995866156921,1024.0,32.0,4.0,4.0,68.0,64.0
retained-crossover-avx2,cross/2/unit32/draw4/stride64/compact/update/point,1,3,"[5230.723364485729,5237.632149531675,5227.418691588695]",5230.723364485729,"[5230.754766354829,5237.663177567641,5227.453831770549]",5230.754766354829,"[5.1081282856305945,5.114875146027026,5.104901066004584]",5.1081282856305945,1024.0,32.0,4.0,4.0,68.0,64.0
retained-crossover-avx2,cross/2/unit32/draw4/stride64/spread/sum/packet,1,3,"[2249.4063154504897,2247.411954244655,2257.909618172771]",2249.4063154504897,"[2249.419848559391,2247.426937328938,2261.569034960838]",2249.419848559391,"[2.196685854932119,2.194738236567046,2.2049898614968466]",2.196685854932119,1024.0,32.0,4.0,32.0,96.0,64.0
retained-crossover-avx2,cross/2/unit32/draw4/stride64/spread/sum/point,1,3,"[2738.0937133930515,2730.8736821564585,2740.0927372114975]",2738.0937133930515,"[2739.361382273934,2730.888129636332,2740.111284654744]",2739.361382273934,"[2.673919641985402,2.6668688302309165,2.675871813683103]",2.673919641985402,1024.0,32.0,4.0,32.0,96.0,64.0
retained-crossover-avx2,cross/2/unit32/draw4/stride64/spread/update/packet,1,3,"[4601.528060385563,4566.00426649242,4605.036429276447]",4601.528060385563,"[4602.914013781588,4566.0351165113825,4605.063669178646]",4602.914013781588,"[4.493679746470276,4.458988541496504,4.49710588796528]",4.493679746470276,1024.0,32.0,4.0,32.0,96.0,64.0
retained-crossover-avx2,cross/2/unit32/draw4/stride64/spread/update/point,1,3,"[7865.039347946865,7863.449128724807,7864.634626191537]",7864.634626191537,"[7867.228218092024,7863.495784151067,7864.681843733386]",7864.681843733386,"[7.68070248822936,7.67914953977032,7.680307252140172]",7.680307252140172,1024.0,32.0,4.0,32.0,96.0,64.0
retained-crossover-avx2,cross/2/unit32/draw8/stride32/compact/sum/packet,1,3,"[1848.1836842795617,1861.736988477895,1847.3811415713355]",1848.1836842795617,"[1848.712620844734,1861.7479804008747,1847.392265923823]",1848.712620844734,"[1.8048668791792597,1.8181025278104443,1.8040831460657574]",1.8048668791792597,1024.0,32.0,8.0,8.0,40.0,32.0
retained-crossover-avx2,cross/2/unit32/draw8/stride32/compact/sum/point,1,3,"[4179.618694360696,4152.512166170302,4148.087537092009]",4152.512166170302,"[4185.175074185915,4154.014540064832,4148.112462903771]",4154.014540064832,"[4.0816588812116175,4.055187662275685,4.050866735441416]",4.055187662275685,1024.0,32.0,8.0,8.0,40.0,32.0
retained-crossover-avx2,cross/2/unit32/draw8/stride32/compact/sum/window,1,3,"[2003.91407599262,2007.608808290124,2005.990932642049]",2005.990932642049,"[2003.9261658005698,2008.022308576908,2007.0995970071206]",2007.0995970071206,"[1.9569473398365431,1.9605554768458242,1.958975520158251]",1.958975520158251,1024.0,32.0,8.0,8.0,40.0,32.0
retained-crossover-avx2,cross/2/unit32/draw8/stride32/compact/update/packet,1,3,"[4098.132920719665,4117.511346891506,4091.404361922459]",4098.132920719665,"[4098.160624814439,4119.268788681205,4091.4288240471583]",4098.160624814439,"[4.002082930390298,4.021007174698736,3.995512072189902]",4.002082930390298,1024.0,32.0,8.0,8.0,40.0,32.0
retained-crossover-avx2,cross/2/unit32/draw8/stride32/compact/update/point,1,3,"[9124.551033592747,9048.576227391113,9048.73062015268]",9048.73062015268,"[9139.980620163551,9050.529715773366,9049.76033591294]",9050.529715773366,"[8.910694368742917,8.836500222061634,8.836650996242852]",8.836650996242852,1024.0,32.0,8.0,8.0,40.0,32.0
retained-crossover-avx2,cross/2/unit32/draw8/stride32/compact/update/window,1,3,"[4353.806622930066,4348.380506092119,4361.035613871412]",4353.806622930066,"[4362.2239925059675,4349.7122774183335,4369.024992190246]",4362.2239925059675,"[4.251764280205142,4.246465337980585,4.258823841671301]",4.251764280205142,1024.0,32.0,8.0,8.0,40.0,32.0
retained-crossover-avx2,cross/2/unit32/draw8/stride32/spread/sum/packet,1,3,"[2324.375928678581,2310.6399207534846,2325.323592537218]",2324.375928678581,"[2324.3881459500403,2310.653623905062,2326.6666666642473]",2324.3881459500403,"[2.2698983678501765,2.256484297610825,2.2708238208371263]",2.2698983678501765,1024.0,32.0,8.0,32.0,64.0,32.0
retained-crossover-avx2,cross/2/unit32/draw8/stride32/spread/sum/point,1,3,"[4151.751186240617,4211.807829181805,4175.069691577895]",4175.069691577895,"[4151.776097270492,4211.83274021168,4185.495255041437]",4185.495255041437,"[4.054444517813103,4.113093583185356,4.077216495681538]",4.077216495681538,1024.0,32.0,8.0,32.0,64.0,32.0
retained-crossover-avx2,cross/2/unit32/draw8/stride32/spread/sum/window,1,3,"[2120.593063758802,2125.1696198690047,2123.9822807814708]",2123.9822807814708,"[2120.6056338010712,2125.182341360289,2124.461456910136]",2124.461456910136,"[2.070891663826955,2.075360956903325,2.0742014460756555]",2.0742014460756555,1024.0,32.0,8.0,32.0,64.0,32.0
retained-crossover-avx2,cross/2/unit32/draw8/stride32/spread/update/packet,1,3,"[4418.16613823782,4388.0516804075705,4450.3249841468905]",4418.16613823782,"[4418.1956246056525,4388.074825618535,4450.35478757358]",4418.1956246056525,"[4.314615369372871,4.285206719148018,4.346020492330949]",4.314615369372871,1024.0,32.0,8.0,32.0,64.0,32.0
retained-crossover-avx2,cross/2/unit32/draw8/stride32/spread/update/point,1,3,"[14021.676676677018,14034.05005005352,14014.689689695153]",14021.676676677018,"[14044.253253250992,14034.133133125695,14014.78378378992]",14034.133133125695,"[13.693043629567399,13.70512700200539,13.686220400092923]",13.693043629567399,1024.0,32.0,8.0,32.0,64.0,32.0
retained-crossover-avx2,cross/2/unit32/draw8/stride32/spread/update/window,1,3,"[4189.022134627571,4174.816858702679,4184.631594907358]",4184.631594907358,"[4191.2456033898225,4174.841419047542,4184.653729537314]",4184.653729537314,"[4.0908419283472375,4.076969588576835,4.086554291901717]",4.086554291901717,1024.0,32.0,8.0,32.0,64.0,32.0
retained-crossover-avx2,cross/2/unit32/draw8/stride33/compact/sum/packet,1,3,"[1854.256855211778,1853.9907272488501,1854.2144654915428]",1854.2144654915428,"[1858.362564578118,1854.001722079277,1854.2255927950341]",1854.2255927950341,"[1.810797710167752,1.810537819578955,1.8107563139565848]",1.8107563139565848,1024.0,32.0,8.0,8.0,41.0,33.0
retained-crossover-avx2,cross/2/unit32/draw8/stride33/compact/sum/point,1,3,"[4154.536679536588,4153.30412830335,4152.015147015343]",4153.30412830335,"[4155.696168694939,4154.445797448738,4152.043065039241]",4154.445797448738,"[4.057164726109949,4.05596106279624,4.054702292007172]",4.05596106279624,1024.0,32.0,8.0,8.0,41.0,33.0
retained-crossover-avx2,cross/2/unit32/draw8/stride33/compact/sum/window,1,3,"[2147.0562538320273,2148.314837523139,2149.108675659042]",2148.314837523139,"[2147.069129366306,2148.816523603786,2152.49846719691]",2148.816523603786,"[2.0967346228828387,2.09796370851869,2.0987389410732833]",2.09796370851869,1024.0,32.0,8.0,8.0,41.0,33.0
retained-crossover-avx2,cross/2/unit32/draw8/stride33/compact/update/packet,1,3,"[4107.232510288549,4093.8289241617263,4103.731628452896]",4103.731628452896,"[4107.254262196812,4095.3024691350097,4103.756319808786]",4103.756319808786,"[4.010969248328661,3.9978798087516862,4.007550418411032]",4.007550418411032,1024.0,32.0,8.0,8.0,41.0,33.0
retained-crossover-avx2,cross/2/unit32/draw8/stride33/compact/update/point,1,3,"[9079.389928985875,9059.074241445773,9031.52679148085]",9059.074241445773,"[9099.335054860983,9063.278889602856,9031.574564236833]",9063.278889602856,"[8.866591727525268,8.846752188911887,8.819850382305518]",8.846752188911887,1024.0,32.0,8.0,8.0,41.0,33.0
retained-crossover-avx2,cross/2/unit32/draw8/stride33/compact/update/window,1,3,"[4427.262206721324,4429.28852251062,4431.209575142323]",4429.28852251062,"[4427.292010145761,4430.285034871588,4431.236207991705]",4430.285034871588,"[4.323498248751293,4.3254770727642775,4.327353100724925]",4.3254770727642775,1024.0,32.0,8.0,8.0,41.0,33.0
retained-crossover-avx2,cross/2/unit32/draw8/stride33/spread/sum/packet,1,3,"[2241.4649936051565,2249.264066497062,2243.883471867371]",2243.883471867371,"[2241.478420716242,2249.707480816249,2243.8984974406544]",2243.8984974406544,"[2.1889306578175356,2.1965469399385373,2.191292452995479]",2.191292452995479,1024.0,32.0,8.0,32.0,65.0,33.0
retained-crossover-avx2,cross/2/unit32/draw8/stride33/spread/sum/point,1,3,"[4159.404691211938,4158.442992872078,4163.13390736239]",4159.404691211938,"[4165.872921616116,4158.467636582745,4164.206947751053]",4164.206947751053,"[4.061918643761659,4.060979485226639,4.065560456408584]",4.061918643761659,1024.0,32.0,8.0,32.0,65.0,33.0
retained-crossover-avx2,cross/2/unit32/draw8/stride33/spread/update/packet,1,3,"[4520.311814071589,4566.363783085767,4529.843447384218]",4529.843447384218,"[4520.338605548739,4566.3912201453495,4530.842156228699]",4530.842156228699,"[4.414367005929286,4.459339631919694,4.42367524158615]",4.42367524158615,1024.0,32.0,8.0,32.0,65.0,33.0
retained-crossover-avx2,cross/2/unit32/draw8/stride33/spread/update/point,1,3,"[14016.14499999937,14016.93600000442,14017.264999999668]",14016.93600000442,"[14016.239000000041,14017.028999973036,14019.549000011011]",14017.028999973036,"[13.687641601561884,13.688414062504318,13.688735351562176]",13.688414062504318,1024.0,32.0,8.0,32.0,65.0,33.0
retained-crossover-avx2,cross/2/unit32/draw8/stride64/compact/sum/packet,1,3,"[1860.5056998940486,1851.1010074225724,1857.3561770947765]",1857.3561770947765,"[1860.5155090137484,1851.1106839861172,1857.3659862135346]",1857.3659862135346,"[1.8169000975527818,1.8077158275611058,1.8138243916941177]",1.8138243916941177,1024.0,32.0,8.0,8.0,72.0,64.0
retained-crossover-avx2,cross/2/unit32/draw8/stride64/compact/sum/point,1,3,"[4166.487332340436,4170.025633383091,4163.289120713989]",4166.487332340436,"[4166.515350224392,4172.768703424976,4168.488524589077]",4168.488524589077,"[4.068835285488707,4.072290657600675,4.065712031947254]",4.068835285488707,1024.0,32.0,8.0,8.0,72.0,64.0
retained-crossover-avx2,cross/2/unit32/draw8/stride64/compact/update/packet,1,3,"[4096.84929494777,4090.7273795516876,4089.4198002346366]",4090.7273795516876,"[4099.044653352825,4091.656580494539,4089.447414808014]",4091.656580494539,"[4.000829389597432,3.994850956593445,3.9935740236666373]",3.994850956593445,1024.0,32.0,8.0,8.0,72.0,64.0
retained-crossover-avx2,cross/2/unit32/draw8/stride64/compact/update/point,1,3,"[9095.826848248718,9097.552529184812,9081.099221792107]",9095.826848248718,"[9098.664072625472,9097.60635539131,9095.680285335882]",9097.60635539131,"[8.882643406492889,8.884328641782043,8.868260958781354]",8.882643406492889,1024.0,32.0,8.0,8.0,72.0,64.0
retained-crossover-avx2,cross/2/unit32/draw8/stride64/spread/sum/packet,1,3,"[2256.5598773404145,2256.9667527437355,2259.778082634376]",2256.9667527437355,"[2256.830051646984,2257.2335377660424,2264.2057779198917]",2257.2335377660424,"[2.2036717552152485,2.2040690944763046,2.2068145338226324]",2.2040690944763046,1024.0,32.0,8.0,32.0,96.0,64.0
retained-crossover-avx2,cross/2/unit32/draw8/stride64/spread/sum/point,1,3,"[4179.450402144943,4164.085790884634,4165.065534705212]",4165.065534705212,"[4180.696753048669,4164.110515344098,4165.090557046542]",4165.090557046542,"[4.081494533344671,4.066490030160775,4.067446811235559]",4.067446811235559,1024.0,32.0,8.0,32.0,96.0,64.0
retained-crossover-avx2,cross/2/unit32/draw8/stride64/spread/update/packet,1,3,"[4548.688130082554,4570.6747967464125,4543.123577235288]",4548.688130082554,"[4558.913495940011,4570.702439023968,4543.154146341198]",4558.913495940011,"[4.4420782520337445,4.4635496061976685,4.436644118393836]",4.4420782520337445,1024.0,32.0,8.0,32.0,96.0,64.0
retained-crossover-avx2,cross/2/unit32/draw8/stride64/spread/update/point,1,3,"[14004.0150000047,14025.436000004276,14012.045000001193]",14012.045000001193,"[14004.108999984055,14087.530000011839,14012.139000016077]",14012.139000016077,"[13.67579589844209,13.696714843754176,13.683637695313667]",13.683637695313667,1024.0,32.0,8.0,32.0,96.0,64.0
retained-crossover-avx2,cross/4/unit12/draw2/stride12/compact/sum/packet,1,3,"[970.8452513191934,978.8125520689131,983.0453346290486]",978.8125520689131,"[970.8510830306222,979.0531102486023,1020.1085809500642]",979.0531102486023,"[0.9480910657413997,0.955871632879798,0.9600052095986803]",0.955871632879798,1024.0,12.0,2.0,2.0,38.0,12.0
retained-crossover-avx2,cross/4/unit12/draw2/stride12/compact/sum/point,1,3,"[1980.059833873429,1965.940588483824,1959.7318034633686]",1965.940588483824,"[2254.411093904072,1970.280022523201,1959.7464451642695]",1970.280022523201,"[1.9336521815170202,1.9198638559412344,1.9138005893196959]",1.9198638559412344,1024.0,12.0,2.0,2.0,38.0,12.0
retained-crossover-avx2,cross/4/unit12/draw2/stride12/compact/sum/window,1,3,"[1162.228711066459,1162.1450463885933,1159.555666003938]",1162.1450463885933,"[1162.2365805173715,1162.1529158383285,1159.9668654748475]",1162.1529158383285,"[1.1349889756508391,1.1349072718638606,1.1323785800819708]",1.1349072718638606,1024.0,12.0,2.0,2.0,38.0,12.0
retained-crossover-avx2,cross/4/unit12/draw2/stride12/compact/update/packet,1,3,"[1950.3176910293002,1949.5950996673855,1935.5697674421342]",1949.5950996673855,"[1956.270764121243,1955.8251661136305,1936.4147286815385]",1955.8251661136305,"[1.9046071201458012,1.903901464518931,1.8902048510177092]",1.903901464518931,1024.0,12.0,2.0,2.0,38.0,12.0
retained-crossover-avx2,cross/4/unit12/draw2/stride12/compact/update/point,1,3,"[3485.71364541728,3484.4982569704675,3480.972609561211]",3484.4982569704675,"[3486.5463147434207,3512.4078685272475,3484.970119519501]",3486.5463147434207,"[3.404017231852812,3.4028303290727218,3.39938731402462]",3.4028303290727218,1024.0,12.0,2.0,2.0,38.0,12.0
retained-crossover-avx2,cross/4/unit12/draw2/stride12/compact/update/window,1,3,"[2104.812321562784,2059.0555972959232,2086.308790383821]",2086.308790383821,"[2111.684447783198,2059.0680691221164,2086.3214124724527]",2086.3214124724527,"[2.055480782776156,2.0107964817343005,2.0374109281092]",2.0374109281092,1024.0,12.0,2.0,2.0,38.0,12.0
retained-crossover-avx2,cross/4/unit12/draw2/stride12/spread/sum/packet,1,3,"[977.5472029200058,977.2173089068671,982.5623640063127]",977.5472029200058,"[977.5538709897817,977.223204886453,982.5681897944305]",977.5538709897817,"[0.9546359403515682,0.9543137782293625,0.9595335585999147]",0.9546359403515682,1024.0,12.0,2.0,12.0,48.0,12.0
retained-crossover-avx2,cross/4/unit12/draw2/stride12/spread/sum/point,1,3,"[1964.5375354106143,1964.2018413590208,1961.908781869927]",1964.2018413590208,"[1964.5494334296022,1969.8029745029705,1961.920396599753]",1964.5494334296022,"[1.9184936869244278,1.918165860702169,1.9159265447948504]",1.918165860702169,1024.0,12.0,2.0,12.0,48.0,12.0
retained-crossover-avx2,cross/4/unit12/draw2/stride12/spread/sum/window,1,3,"[1004.0263478198527,989.5321114055191,1001.9836042100503]",1001.9836042100503,"[1004.3896327046809,989.538053983675,1006.5203694425692]",1004.3896327046809,"[0.9804944802928249,0.9663399525444522,0.9784996134863773]",0.9784996134863773,1024.0,12.0,2.0,12.0,48.0,12.0
retained-crossover-avx2,cross/4/unit12/draw2/stride12/spread/update/packet,1,3,"[3163.7758620680265,3213.2862068954705,3223.2956321836773]",3213.2862068954705,"[3166.3052873515053,3213.3057471261554,3224.185977007343]",3213.3057471261554,"[3.089624865300807,3.137974811421358,3.147749640804373]",3.137974811421358,1024.0,12.0,2.0,12.0,48.0,12.0
retained-crossover-avx2,cross/4/unit12/draw2/stride12/spread/update/point,1,3,"[4466.53882877206,4465.743157225022,4456.303309993097]",4465.743157225022,"[4467.8962444267245,4478.408656911049,4456.330044554758]",4467.8962444267245,"[4.361854324972714,4.36107730197756,4.351858701165133]",4.36107730197756,1024.0,12.0,2.0,12.0,48.0,12.0
retained-crossover-avx2,cross/4/unit12/draw2/stride12/spread/update/window,1,3,"[3112.3474783388374,3105.4176849584687,3087.994890025312]",3105.4176849584687,"[3147.5674294583973,3110.353032655309,3088.013552543139]",3110.353032655309,"[3.039401834315271,3.032634457967255,3.015620009790344]",3.032634457967255,1024.0,12.0,2.0,12.0,48.0,12.0
retained-crossover-avx2,cross/4/unit12/draw2/stride13/compact/sum/packet,1,3,"[972.2763578271513,970.9692318378486,972.7431587721039]",972.2763578271513,"[972.2828865117375,971.7280177792145,972.7489234599003]",972.2828865117375,"[0.9494886306905774,0.948212140466649,0.9499444909883826]",0.9494886306905774,1024.0,12.0,2.0,2.0,41.0,13.0
retained-crossover-avx2,cross/4/unit12/draw2/stride13/compact/sum/point,1,3,"[1980.3821879390107,1963.6837307145995,1986.0106591870706]",1980.3821879390107,"[1984.1151472637407,1963.9115007004857,1986.237166900264]",1984.1151472637407,"[1.9339669804091901,1.917659893275976,1.9394635343623736]",1.9339669804091901,1024.0,12.0,2.0,2.0,41.0,13.0
retained-crossover-avx2,cross/4/unit12/draw2/stride13/compact/sum/window,1,3,"[1165.357077013448,1165.167602446626,1161.66554931687]",1165.167602446626,"[1168.9641330768964,1165.5006285083753,1161.6725886190354]",1165.5006285083753,"[1.1380440205209454,1.1378589867642832,1.134439013004756]",1.1378589867642832,1024.0,12.0,2.0,2.0,41.0,13.0
retained-crossover-avx2,cross/4/unit12/draw2/stride13/compact/update/packet,1,3,"[1949.2157300239037,1963.694742713464,1946.790684701974]",1949.2157300239037,"[1949.2288383770863,1964.866824710766,1947.4534932371878]",1949.2288383770863,"[1.9035309863514684,1.9176706471811171,1.9011627780292715]",1.9035309863514684,1024.0,12.0,2.0,2.0,41.0,13.0
retained-crossover-avx2,cross/4/unit12/draw2/stride13/compact/update/point,1,3,"[3487.370453413356,3486.817638265769,3482.6444942687644]",3486.817638265769,"[3487.535874439289,3493.450423512127,3484.34977578206]",3487.535874439289,"[3.40563520841148,3.405095349868915,3.40102001393434]",3.405095349868915,1024.0,12.0,2.0,2.0,41.0,13.0
retained-crossover-avx2,cross/4/unit12/draw2/stride13/compact/update/window,1,3,"[2055.8791291292932,2072.3702702698433,2056.4557057055663]",2056.4557057055663,"[2055.8915915922535,2072.3840840837333,2057.020720720922]",2057.020720720922,"[2.0076944620403254,2.023799092060394,2.008257525103092]",2.008257525103092,1024.0,12.0,2.0,2.0,41.0,13.0
retained-crossover-avx2,cross/4/unit12/draw2/stride13/spread/sum/packet,1,3,"[1412.4722476824938,1421.0566249107005,1407.9617068947828]",1412.4722476824938,"[1412.4817191165755,1421.0663000308052,1407.9710764844056]",1412.4817191165755,"[1.3793674293774354,1.3877506102643562,1.3749626043894363]",1.3793674293774354,1024.0,12.0,2.0,12.0,51.0,13.0
retained-crossover-avx2,cross/4/unit12/draw2/stride13/spread/sum/point,1,3,"[1977.8485529648035,1968.3822703010044,1966.3101994943515]",1968.3822703010044,"[1978.2340545101345,1968.3942118541177,1966.3218600726332]",1968.3942118541177,"[1.931492727504691,1.9222483108408248,1.9202248041937025]",1.9222483108408248,1024.0,12.0,2.0,12.0,51.0,13.0
retained-crossover-avx2,cross/4/unit12/draw2/stride13/spread/sum/window,1,3,"[1212.4762400277598,1209.1861775932211,1213.5306104752644]",1212.4762400277598,"[1212.66389177953,1209.1943288234033,1213.5379812704937]",1212.66389177953,"[1.1840588281521092,1.18084587655588,1.1850884867922504]",1.1840588281521092,1024.0,12.0,2.0,12.0,51.0,13.0
retained-crossover-avx2,cross/4/unit12/draw2/stride13/spread/update/packet,1,3,"[3598.604262968453,3611.08012326673,3604.5364663582686]",3604.5364663582686,"[3603.1407293291486,3620.8500256807183,3604.55829480772]",3604.55829480772,"[3.51426197555513,3.526445432877666,3.5200551429279963]",3.5200551429279963,1024.0,12.0,2.0,12.0,51.0,13.0
retained-crossover-avx2,cross/4/unit12/draw2/stride13/spread/update/point,1,3,"[4459.6568783915,4462.143632301997,4462.009256303638]",4462.009256303638,"[4459.686881581275,4464.012128955494,4462.039578670662]",4462.039578670662,"[4.355133670304198,4.357562140919919,4.357430914359021]",4.357430914359021,1024.0,12.0,2.0,12.0,51.0,13.0
retained-crossover-avx2,cross/4/unit12/draw2/stride13/spread/update/window,1,3,"[3285.309205902772,3293.2080112446974,3274.5739048952382]",3285.309205902772,"[3285.33145935393,3293.993909584154,3278.1213398873087]",3285.33145935393,"[3.208309771389426,3.21602344848115,3.197826078999256]",3.208309771389426,1024.0,12.0,2.0,12.0,51.0,13.0
retained-crossover-avx2,cross/4/unit12/draw2/stride64/compact/sum/packet,1,3,"[1009.2089916693477,1002.1319304795354,1003.6128267737615]",1003.6128267737615,"[1009.2150244190569,1002.1380350474383,1004.065570239512]",1004.065570239512,"[0.9855556559270974,0.9786444633589214,0.9800906511462515]",0.9800906511462515,1024.0,12.0,2.0,2.0,194.0,64.0
retained-crossover-avx2,cross/4/unit12/draw2/stride64/compact/sum/point,1,3,"[1969.9741282341352,1977.954865016478,1969.9514904384853]",1969.9741282341352,"[1969.9845331843774,1982.2890888669408,1973.8737345343004]",1973.8737345343004,"[1.9238028596036476,1.9315965478676542,1.9237807523813333]",1.9238028596036476,1024.0,12.0,2.0,2.0,194.0,64.0
retained-crossover-avx2,cross/4/unit12/draw2/stride64/compact/update/packet,1,3,"[2034.0813500654142,2028.728544641415,2030.4018462430581]",2030.4018462430581,"[2034.0934660345554,2028.7422472238914,2032.0597144096369]",2032.0597144096369,"[1.986407568423256,1.981180219376382,1.9828143029717364]",1.9828143029717364,1024.0,12.0,2.0,2.0,194.0,64.0
retained-crossover-avx2,cross/4/unit12/draw2/stride64/compact/update/point,1,3,"[3495.7279319824875,3496.872968243011,3497.20805201325]",3496.872968243011,"[3495.7511877957,3496.8942235559334,3497.2265566356073]",3496.8942235559334,"[3.4137968085766484,3.4149150080498156,3.4152422382941894]",3.4149150080498156,1024.0,12.0,2.0,2.0,194.0,64.0
retained-crossover-avx2,cross/4/unit12/draw2/stride64/spread/sum/packet,1,3,"[1406.695058776638,1402.2271368793135,1415.3760709309609]",1406.695058776638,"[1407.0601713496972,1402.2365012946025,1415.3846383746757]",1407.0601713496972,"[1.3737256433365606,1.3693624383587046,1.3822031942685165]",1.3737256433365606,1024.0,12.0,2.0,12.0,204.0,64.0
retained-crossover-avx2,cross/4/unit12/draw2/stride64/spread/sum/point,1,3,"[1974.5456469596627,1970.791025822015,2023.773811203646]",1974.5456469596627,"[1974.938478904896,1970.8028785120187,2023.7860871984565]",1974.938478904896,"[1.9282672333590454,1.9246006111543115,1.9763416125035604]",1.9282672333590454,1024.0,12.0,2.0,12.0,204.0,64.0
retained-crossover-avx2,cross/4/unit12/draw2/stride64/spread/update/packet,1,3,"[3618.501791195779,3608.3229273291317,3608.41223132015]",3608.41223132015,"[3619.063459570275,3613.2755885312426,3608.4339815805624]",3613.2755885312426,"[3.533693155464628,3.523752858719855,3.5238400696485845]",3.5238400696485845,1024.0,12.0,2.0,12.0,204.0,64.0
retained-crossover-avx2,cross/4/unit12/draw2/stride64/spread/update/point,1,3,"[4465.33800573392,4456.650207071785,4472.620261228589]",4465.33800573392,"[4466.855686527319,4456.677285764901,4472.647339914914]",4466.855686527319,"[4.36068164622453,4.35219746784354,4.367793223856044]",4.36068164622453,1024.0,12.0,2.0,12.0,204.0,64.0
retained-crossover-avx2,cross/4/unit12/draw4/stride12/compact/sum/packet,1,3,"[985.4592924123798,983.4878516620963,985.9566638247252]",985.4592924123798,"[985.6833617491128,983.4930377952018,985.9632708141274]",985.6833617491128,"[0.9623625902464646,0.9604373551387658,0.9628483045163333]",0.9623625902464646,1024.0,12.0,4.0,4.0,40.0,12.0
retained-crossover-avx2,cross/4/unit12/draw4/stride12/compact/sum/point,1,3,"[2604.254548829861,2598.2909394735507,2599.2677311540574]",2599.2677311540574,"[2604.272187152235,2598.657630895095,2601.1917935408833]",2601.1917935408833,"[2.543217332841661,2.53739349557964,2.538347393705134]",2.538347393705134,1024.0,12.0,4.0,4.0,40.0,12.0
retained-crossover-avx2,cross/4/unit12/draw4/stride12/compact/sum/window,1,3,"[1102.234003944532,1101.0512820515648,1102.037475345203]",1102.037475345203,"[1102.2405522671438,1101.345167653634,1102.0448915171442]",1102.0448915171442,"[1.0764003944770821,1.0752453926284813,1.0762084720168]",1.0762084720168,1024.0,12.0,4.0,4.0,40.0,12.0
retained-crossover-avx2,cross/4/unit12/draw4/stride12/compact/update/packet,1,3,"[1994.895471376063,1981.8520364571887,1978.8343776707707]",1981.8520364571887,"[1997.916547992442,1982.490600968941,1978.84634007361]",1982.490600968941,"[1.9481401087656864,1.9354023793527233,1.9324554469441118]",1.9354023793527233,1024.0,12.0,4.0,4.0,40.0,12.0
retained-crossover-avx2,cross/4/unit12/draw4/stride12/compact/update/point,1,3,"[4982.246560464523,5000.248008687804,4983.148443156954]",4983.148443156954,"[4992.674873283641,5000.282042002389,4983.862418537019]",4992.674873283641,"[4.865475156703636,4.883054695984184,4.866355901520463]",4.866355901520463,1024.0,12.0,4.0,4.0,40.0,12.0
retained-crossover-avx2,cross/4/unit12/draw4/stride12/compact/update/window,1,3,"[2107.973218337935,2109.8509608108698,2127.6344378877016]",2109.8509608108698,"[2107.9874413640136,2109.8651838380238,2128.515660464933]",2109.8651838380238,"[2.0585675960331393,2.060401328916865,2.0777680057497085]",2.060401328916865,1024.0,12.0,4.0,4.0,40.0,12.0
retained-crossover-avx2,cross/4/unit12/draw4/stride12/spread/sum/packet,1,3,"[1052.8430654203814,1048.5581308410126,1052.160373831688]",1052.160373831688,"[1052.8500934588776,1048.565981308686,1054.5816822426973]",1052.8500934588776,"[1.0281670560745915,1.0239825496494264,1.0275003650700079]",1.0275003650700079,1024.0,12.0,4.0,12.0,48.0,12.0
retained-crossover-avx2,cross/4/unit12/draw4/stride12/spread/sum/point,1,3,"[2596.8945900723497,2599.0862613864283,2596.996839561637]",2596.996839561637,"[2596.9100204463966,2603.9728574047977,2597.014129020093]",2597.014129020093,"[2.536029873117529,2.5381701771351843,2.536129726134411]",2.536129726134411,1024.0,12.0,4.0,12.0,48.0,12.0
retained-crossover-avx2,cross/4/unit12/draw4/stride12/spread/sum/window,1,3,"[1011.9378666851574,992.0149855091677,1003.5403265709533]",1003.5403265709533,"[1011.944016398633,992.0215593418707,1003.5470417753926]",1003.5470417753926,"[0.988220572934724,0.9687646342862966,0.9800198501669466]",0.9800198501669466,1024.0,12.0,4.0,12.0,48.0,12.0
retained-crossover-avx2,cross/4/unit12/draw4/stride12/spread/update/packet,1,3,"[3146.772529236751,3190.409309791639,3199.964686998286]",3190.409309791639,"[3146.791561569545,3190.430864477826,3199.986012386581]",3190.430864477826,"[3.073020048082765,3.1156340915933973,3.1249655146467643]",3.1156340915933973,1024.0,12.0,4.0,12.0,48.0,12.0
retained-crossover-avx2,cross/4/unit12/draw4/stride12/spread/update/point,1,3,"[7821.567915035903,7810.126327557441,7807.632755727829]",7810.126327557441,"[7821.615427618679,7810.18390161997,7807.6914477374075]",7810.18390161997,"[7.638249917027249,7.6270764917553135,7.624641363015459]",7.6270764917553135,1024.0,12.0,4.0,12.0,48.0,12.0
retained-crossover-avx2,cross/4/unit12/draw4/stride12/spread/update/window,1,3,"[3097.1749832170976,3110.233833072579,3100.6144551355324]",3100.6144551355324,"[3104.8509733722244,3110.254866861049,3105.530991274733]",3105.530991274733,"[3.024584944547947,3.03733772760994,3.0279438038432933]",3.0279438038432933,1024.0,12.0,4.0,12.0,48.0,12.0
retained-crossover-avx2,cross/4/unit12/draw4/stride13/compact/sum/packet,1,3,"[995.4200935903531,992.0112024959485,992.174205898871]",992.174205898871,"[995.4267583648394,992.1993760621714,992.1795235384373]",992.1993760621714,"[0.9720899351468291,0.9687609399374497,0.9689201229481164]",0.9689201229481164,1024.0,12.0,4.0,4.0,43.0,13.0
retained-crossover-avx2,cross/4/unit12/draw4/stride13/compact/sum/point,1,3,"[2607.343370114464,2604.674770900406,2596.2100243128048]",2604.674770900406,"[2607.6639236945284,2604.6902936227193,2596.2294744733817]",2604.6902936227193,"[2.5462337598774063,2.543627705957428,2.5353613518679734]",2.543627705957428,1024.0,12.0,4.0,4.0,43.0,13.0
retained-crossover-avx2,cross/4/unit12/draw4/stride13/compact/sum/window,1,3,"[1203.4765961103699,1199.7698330755716,1206.7523662020799]",1203.4765961103699,"[1203.6516950607568,1199.7770607478267,1210.2899673039037]",1203.6516950607568,"[1.1752701133890329,1.1716502276128629,1.1784691076192189]",1.1752701133890329,1024.0,12.0,4.0,4.0,43.0,13.0
retained-crossover-avx2,cross/4/unit12/draw4/stride13/compact/update/packet,1,3,"[1983.7089961990366,1983.289595945433,1989.329156694457]",1983.7089961990366,"[1983.7211037602242,1983.6646487420487,1989.3426721135975]",1983.7211037602242,"[1.9372158166006217,1.936806246040462,1.9427042545844309]",1.9372158166006217,1024.0,12.0,4.0,4.0,43.0,13.0
retained-crossover-avx2,cross/4/unit12/draw4/stride13/compact/update/point,1,3,"[4998.84199288193,5020.087188610646,4995.197508896789]",4998.84199288193,"[4998.871886115251,5029.9185053383835,4995.772241986062]",4998.871886115251,"[4.881681633673759,4.902428895127584,4.878122567282021]",4.881681633673759,1024.0,12.0,4.0,4.0,43.0,13.0
retained-crossover-avx2,cross/4/unit12/draw4/stride13/compact/update/window,1,3,"[2236.335897855507,2242.3694549021507,2234.949255198132]",2236.335897855507,"[2236.3524308404153,2242.7922736936066,2234.964314942639]",2236.3524308404153,"[2.1839217752495186,2.1898139208028815,2.182567632029426]",2.1839217752495186,1024.0,12.0,4.0,4.0,43.0,13.0
retained-crossover-avx2,cross/4/unit12/draw4/stride13/spread/sum/packet,1,3,"[1410.5131684760997,1412.0743868109819,1406.763671089443]",1410.5131684760997,"[1410.5226176131007,1412.0828307178608,1406.9963811822506]",1410.5226176131007,"[1.3774542660899411,1.3789788933700995,1.3737926475482845]",1.3774542660899411,1024.0,12.0,4.0,12.0,51.0,13.0
retained-crossover-avx2,cross/4/unit12/draw4/stride13/spread/sum/point,1,3,"[2612.96230307542,2598.5326331573688,2614.6671042755206]",2612.96230307542,"[2612.978057013876,2598.5481995522537,2615.1067141823873]",2612.978057013876,"[2.55172099909709,2.537629524567743,2.553385844019063]",2.55172099909709,1024.0,12.0,4.0,12.0,51.0,13.0
retained-crossover-avx2,cross/4/unit12/draw4/stride13/spread/sum/window,1,3,"[1246.0152420001111,1247.8023888049404,1249.1635618145856]",1247.8023888049404,"[1246.024511988024,1247.810856584468,1249.1710491122717]",1247.810856584468,"[1.2168117597657333,1.2185570203173246,1.2198862908345562]",1.2185570203173246,1024.0,12.0,4.0,12.0,51.0,13.0
retained-crossover-avx2,cross/4/unit12/draw4/stride13/spread/update/packet,1,3,"[3610.612265583935,3587.9738976186595,3599.763304611683]",3599.763304611683,"[3614.290927521935,3587.9979726306215,3599.7873796254453]",3599.7873796254453,"[3.5259885406093114,3.503880759393222,3.5153938521598467]",3.5153938521598467,1024.0,12.0,4.0,12.0,51.0,13.0
retained-crossover-avx2,cross/4/unit12/draw4/stride13/spread/update/point,1,3,"[7812.45027933129,7822.053072626031,7811.790502793976]",7812.45027933129,"[7812.507821229538,7824.541899439201,7811.843016756863]",7812.507821229538,"[7.629345975909463,7.638723703736359,7.628701662884742]",7.629345975909463,1024.0,12.0,4.0,12.0,51.0,13.0
retained-crossover-avx2,cross/4/unit12/draw4/stride13/spread/update/window,1,3,"[3318.880368097563,3323.5313827271525,3302.7571967908784]",3318.880368097563,"[3318.9004247322237,3323.553563001025,3302.777017459293]",3318.9004247322237,"[3.2410941094702768,3.2456361159444844,3.225348824991092]",3.2410941094702768,1024.0,12.0,4.0,12.0,51.0,13.0
retained-crossover-avx2,cross/4/unit12/draw4/stride64/compact/sum/packet,1,3,"[1009.977399999684,1006.7053999996745,1006.9083999994177]",1006.9083999994177,"[1010.1644999991777,1006.7104000000882,1006.9133999991209]",1006.9133999991209,"[0.9863060546871916,0.9831107421871821,0.9833089843744314]",0.9833089843744314,1024.0,12.0,4.0,4.0,196.0,64.0
retained-crossover-avx2,cross/4/unit12/draw4/stride64/compact/sum/point,1,3,"[2607.951937407415,2616.148472429576,2624.8519001481254]",2616.148472429576,"[2612.2278315949034,2616.7045454565787,2629.2047317428787]",2616.7045454565787,"[2.5468280638744285,2.554832492607008,2.5633319337384037]",2.554832492607008,1024.0,12.0,4.0,4.0,196.0,64.0
retained-crossover-avx2,cross/4/unit12/draw4/stride64/compact/update/packet,1,3,"[2017.4804972136822,2009.1077296755748,2000.2280325757813]",2009.1077296755748,"[2021.5860837261528,2009.7913987723982,2000.2400342882593]",2009.7913987723982,"[1.9701957980602365,1.9620192672613035,1.9533476880622864]",1.9620192672613035,1024.0,12.0,4.0,4.0,196.0,64.0
retained-crossover-avx2,cross/4/unit12/draw4/stride64/compact/update/point,1,3,"[5062.648658446995,5052.380348080313,5084.436548225389]",5062.648658446995,"[5062.68310369101,5052.407179122092,5087.197244383732]",5062.68310369101,"[4.943992830514644,4.93396518367218,4.965270066626357]",4.943992830514644,1024.0,12.0,4.0,4.0,196.0,64.0
retained-crossover-avx2,cross/4/unit12/draw4/stride64/spread/sum/packet,1,3,"[1410.9742252223566,1403.0853022404617,1406.6272885342846]",1406.6272885342846,"[1410.9816917256283,1403.0937915531774,1414.5032218472888]",1410.9816917256283,"[1.3779045168187076,1.370200490469201,1.3736594614592623]",1.3736594614592623,1024.0,12.0,4.0,12.0,204.0,64.0
retained-crossover-avx2,cross/4/unit12/draw4/stride64/spread/sum/point,1,3,"[2613.805400372027,2616.120111731091,2610.099813780884]",2613.805400372027,"[2613.821229051838,2616.135940410902,2611.1545623815305]",2613.821229051838,"[2.552544336300808,2.554804796612394,2.5489255993953943]",2.552544336300808,1024.0,12.0,4.0,12.0,204.0,64.0
retained-crossover-avx2,cross/4/unit12/draw4/stride64/spread/update/packet,1,3,"[3608.9570837626948,3599.972854188222,3602.674508789508]",3602.674508789508,"[3608.981385729545,3608.8725439556197,3602.696225438899]",3608.8725439556197,"[3.524372152112006,3.5155984904181854,3.5182368249897538]",3.5182368249897538,1024.0,12.0,4.0,12.0,204.0,64.0
retained-crossover-avx2,cross/4/unit12/draw4/stride64/spread/update/point,1,3,"[7811.745810052848,7814.416759774205,7824.1312849177975]",7814.416759774205,"[7811.787150838391,7814.46927375297,7824.173184348711]",7814.46927375297,"[7.628658017629735,7.631266366966997,7.640753207927536]",7.631266366966997,1024.0,12.0,4.0,12.0,204.0,64.0
retained-crossover-avx2,cross/4/unit12/draw8/stride12/compact/sum/packet,1,3,"[1082.6420720927522,1079.0012297285334,1071.4092690799885]",1079.0012297285334,"[1083.0159096141058,1079.0077626624723,1071.965951887304]",1079.0077626624723,"[1.0572676485280783,1.053712138406771,1.0462981143359262]",1.053712138406771,1024.0,12.0,8.0,8.0,44.0,12.0
retained-crossover-avx2,cross/4/unit12/draw8/stride12/compact/sum/point,1,3,"[4045.790443294568,4036.299654575452,4029.3137593556376]",4036.299654575452,"[4054.0331030547045,4036.3238341974875,4029.340817497969]",4036.3238341974875,"[3.9509672297798515,3.9416988814213405,3.93487671812074]",3.9416988814213405,1024.0,12.0,8.0,8.0,44.0,12.0
retained-crossover-avx2,cross/4/unit12/draw8/stride12/compact/sum/window,1,3,"[1108.629605946686,1105.6810806494816,1108.726320837633]",1108.629605946686,"[1108.9799376545207,1105.6885141078012,1110.9143154022804]",1108.9799376545207,"[1.0826460995573104,1.0797666803217594,1.0827405476930012]",1.0826460995573104,1024.0,12.0,8.0,8.0,44.0,12.0
retained-crossover-avx2,cross/4/unit12/draw8/stride12/compact/update/packet,1,3,"[2073.1439393942123,2088.230243613022,2076.2841651806193]",2076.2841651806193,"[2073.1580511001403,2088.8057041014204,2076.2996137845257]",2076.2996137845257,"[2.0245546283146605,2.039287347278342,2.027621255059198]",2.027621255059198,1024.0,12.0,8.0,8.0,44.0,12.0
retained-crossover-avx2,cross/4/unit12/draw8/stride12/compact/update/point,1,3,"[8844.049873739254,8836.916666663732,8856.783459597269]",8844.049873739254,"[8844.10353533967,8838.257575771388,8861.5656565522]",8844.10353533967,"[8.63676745482349,8.6298014322888,8.649202597262958]",8.63676745482349,1024.0,12.0,8.0,8.0,44.0,12.0
retained-crossover-avx2,cross/4/unit12/draw8/stride12/compact/update/window,1,3,"[2111.500302938163,2112.419872765697,2128.3421690401738]",2112.419872765697,"[2116.3420175676406,2113.6911541925897,2128.3580733091558]",2116.3420175676406,"[2.0620120145880496,2.0629100319977516,2.0784591494532947]",2.0629100319977516,1024.0,12.0,8.0,8.0,44.0,12.0
retained-crossover-avx2,cross/4/unit12/draw8/stride12/spread/sum/packet,1,3,"[1050.2326191191783,1049.7449056041476,1052.1738088101051]",1050.2326191191783,"[1050.484716811016,1049.7520227745174,1052.7060233750024]",1050.484716811016,"[1.0256177921085725,1.0251415093790504,1.0275134851661183]",1.0256177921085725,1024.0,12.0,8.0,12.0,48.0,12.0
retained-crossover-avx2,cross/4/unit12/draw8/stride12/spread/sum/point,1,3,"[4027.7577764976136,4035.0936059919086,4029.258640553283]",4029.258640553283,"[4027.784850232573,4042.3905529975764,4030.8093317968983]",4030.8093317968983,"[3.933357203610951,3.9405210996014732,3.934822891165315]",3.934822891165315,1024.0,12.0,8.0,12.0,48.0,12.0
retained-crossover-avx2,cross/4/unit12/draw8/stride12/spread/sum/window,1,3,"[996.4965137616231,995.7244770643804,1001.819082568687]",996.4965137616231,"[996.5025321097019,995.7310825705571,1002.1268256886445]",996.5025321097019,"[0.973141126720335,0.9723871846331841,0.9783389478209833]",0.973141126720335,1024.0,12.0,8.0,12.0,48.0,12.0
retained-crossover-avx2,cross/4/unit12/draw8/stride12/spread/update/packet,1,3,"[3237.50137362643,3212.178342490038,3225.0196886433337]",3225.0196886433337,"[3237.5231227067848,3212.1978021994214,3225.0389194125287]",3225.0389194125287,"[3.1616224351820605,3.136892912587928,3.1494332896907555]",3.1494332896907555,1024.0,12.0,8.0,12.0,48.0,12.0
retained-crossover-avx2,cross/4/unit12/draw8/stride12/spread/update/point,1,3,"[13965.64035963984,13961.853146848049,13957.817182811768]",13961.853146848049,"[13968.251748254344,13961.937062938907,13957.90209790016]",13961.937062938907,"[13.638320663710779,13.634622213718798,13.630680842589618]",13.634622213718798,1024.0,12.0,8.0,12.0,48.0,12.0
retained-crossover-avx2,cross/4/unit12/draw8/stride12/spread/update/window,1,3,"[3108.197765363759,3070.2759776525136,3108.544357541833]",3108.197765363759,"[3108.7416759772414,3070.296536311845,3109.0724022298327]",3108.7416759772414,"[3.0353493802380456,2.9983163844262832,3.035687849161946]",3.0353493802380456,1024.0,12.0,8.0,12.0,48.0,12.0
retained-crossover-avx2,cross/4/unit12/draw8/stride13/compact/sum/packet,1,3,"[1079.6838150731926,1076.102507092208,1075.0521352449505]",1076.102507092208,"[1080.9614352526246,1076.1082573032527,1075.0586521486582]",1076.1082573032527,"[1.0543787256574146,1.0508813545822344,1.0498556008251472]",1.0508813545822344,1024.0,12.0,8.0,8.0,47.0,13.0
retained-crossover-avx2,cross/4/unit12/draw8/stride13/compact/sum/point,1,3,"[4026.4160437033415,4033.2392179410817,4023.5350776315404]",4026.4160437033415,"[4026.445945944398,4035.741518107146,4023.562392175241]",4026.445945944398,"[3.9320469176790445,3.9387101737705876,3.929233474249551]",3.9320469176790445,1024.0,12.0,8.0,8.0,47.0,13.0
retained-crossover-avx2,cross/4/unit12/draw8/stride13/compact/sum/window,1,3,"[1166.023487128185,1168.8696088260274,1173.194165830958]",1168.8696088260274,"[1166.0305081913616,1169.06887328712,1173.202106320043]",1169.06887328712,"[1.1386948116486182,1.1414742273691674,1.1456974275692948]",1.1414742273691674,1024.0,12.0,8.0,8.0,47.0,13.0
retained-crossover-avx2,cross/4/unit12/draw8/stride13/compact/update/packet,1,3,"[2112.1804680469054,2097.924692469261,2110.290279027233]",2110.290279027233,"[2115.1275127505864,2098.6063606359853,2110.5490549054466]",2110.5490549054466,"[2.062676238327056,2.048754582489513,2.0608303506125325]",2.0608303506125325,1024.0,12.0,8.0,8.0,47.0,13.0
retained-crossover-avx2,cross/4/unit12/draw8/stride13/compact/update/point,1,3,"[8849.338188725802,8881.416086130637,8844.037365417817]",8849.338188725802,"[8867.808106397937,8896.985433829273,8844.097530077222]",8867.808106397937,"[8.641931824927543,8.67325789661195,8.636755239665836]",8.641931824927543,1024.0,12.0,8.0,8.0,47.0,13.0
retained-crossover-avx2,cross/4/unit12/draw8/stride13/compact/update/window,1,3,"[2190.4273169206413,2210.5168574561753,2203.721969577779]",2203.721969577779,"[2190.4404892575926,2210.530186607246,2204.194762425531]",2204.194762425531,"[2.1390891766803137,2.158707868609546,2.1520722359157998]",2.1520722359157998,1024.0,12.0,8.0,8.0,47.0,13.0
retained-crossover-avx2,cross/4/unit12/draw8/stride13/spread/sum/packet,1,3,"[1403.392361463097,1407.7535204134076,1408.2012967274823]",1407.7535204134076,"[1403.72282443255,1407.760004055046,1409.7081349398557]",1407.760004055046,"[1.3705003529913056,1.3747592972787186,1.375196578835432]",1.3747592972787186,1024.0,12.0,8.0,12.0,51.0,13.0
retained-crossover-avx2,cross/4/unit12/draw8/stride13/spread/sum/point,1,3,"[4026.580840047929,4027.556386651152,4027.4266398162163]",4027.4266398162163,"[4026.6050057494617,4027.586306101268,4029.0937859652595]",4027.586306101268,"[3.9322078516093053,3.933160533839015,3.9330338279455237]",3.9330338279455237,1024.0,12.0,8.0,12.0,51.0,13.0
retained-crossover-avx2,cross/4/unit12/draw8/stride13/spread/sum/window,1,3,"[1248.8227724531146,1245.0564430242107,1244.133386581428]",1245.0564430242107,"[1248.8312034084136,1245.0638977645422,1244.1418175373576]",1245.0638977645422,"[1.2195534887237447,1.2158754326408308,1.214974010333426]",1.2158754326408308,1024.0,12.0,8.0,12.0,51.0,13.0
retained-crossover-avx2,cross/4/unit12/draw8/stride13/spread/update/packet,1,3,"[3586.0070440916024,3576.387946778164,3621.553613357729]",3586.0070440916024,"[3593.4641273168604,3576.409600839611,3621.5781372332526]",3593.4641273168604,"[3.5019600039957055,3.492566354275551,3.536673450544657]",3.5019600039957055,1024.0,12.0,8.0,12.0,51.0,13.0
retained-crossover-avx2,cross/4/unit12/draw8/stride13/spread/update/point,1,3,"[13973.411588411664,13968.08791209115,13953.591408591266]",13968.08791209115,"[13977.261738268047,13968.171828167811,13953.685314700042]",13968.171828167811,"[13.645909754308263,13.640710851651512,13.62655410995241]",13.640710851651512,1024.0,12.0,8.0,12.0,51.0,13.0
retained-crossover-avx2,cross/4/unit12/draw8/stride13/spread/update/window,1,3,"[3284.106377914973,3292.1216087577545,3290.4274155157673]",3290.4274155157673,"[3290.6304140919897,3292.1413612505894,3290.449547829624]",3290.6304140919897,"[3.207135134682591,3.2149625085524947,3.2133080229646165]",3.2133080229646165,1024.0,12.0,8.0,12.0,51.0,13.0
retained-crossover-avx2,cross/4/unit12/draw8/stride64/compact/sum/packet,1,3,"[1081.8107648284831,1088.0593921583763,1079.2742247316226]",1081.8107648284831,"[1081.8173381812628,1088.2592220240892,1079.5877349016464]",1081.8173381812628,"[1.0564558250278155,1.0625580001546644,1.053978735089475]",1.0564558250278155,1024.0,12.0,8.0,8.0,200.0,64.0
retained-crossover-avx2,cross/4/unit12/draw8/stride64/compact/sum/point,1,3,"[4044.1731714377133,4041.799942180516,4042.3402717560793]",4042.3402717560793,"[4044.2003469180436,4042.41399248147,4048.3633998228565]",4044.2003469180436,"[3.9493878627321424,3.94707025603566,3.9475979216367967]",3.9475979216367967,1024.0,12.0,8.0,8.0,200.0,64.0
retained-crossover-avx2,cross/4/unit12/draw8/stride64/compact/update/packet,1,3,"[2121.187904317173,2112.1746652628754,2105.179028132833]",2112.1746652628754,"[2121.7556792574537,2112.802768165496,2105.1933202953587]",2112.802768165496,"[2.0714725628097392,2.0626705715457767,2.05583889466097]",2.0626705715457767,1024.0,12.0,8.0,8.0,200.0,64.0
retained-crossover-avx2,cross/4/unit12/draw8/stride64/compact/update/point,1,3,"[8872.809373024444,8894.151361619935,8865.544648510418]",8872.809373024444,"[8896.155794807095,8897.872070942733,8865.604813183325]",8896.155794807095,"[8.664852903344183,8.68569468908197,8.657758445810956]",8.664852903344183,1024.0,12.0,8.0,8.0,200.0,64.0
retained-crossover-avx2,cross/4/unit12/draw8/stride64/spread/sum/packet,1,3,"[1406.5746268659946,1420.0344278607977,1413.4820895528255]",1413.4820895528255,"[1406.5820895535326,1420.0428855718799,1413.7334328359937]",1413.7334328359937,"[1.3736080340488228,1.3867523709578105,1.3803536030789312]",1.3803536030789312,1024.0,12.0,8.0,12.0,204.0,64.0
retained-crossover-avx2,cross/4/unit12/draw8/stride64/spread/sum/point,1,3,"[4051.6570355393374,4066.190696329453,4048.3198497538638]",4051.6570355393374,"[4052.7099104257177,4066.218145040836,4049.040450736325]",4052.7099104257177,"[3.9566963237688846,3.9708893518842316,3.953437353275258]",3.9566963237688846,1024.0,12.0,8.0,12.0,204.0,64.0
retained-crossover-avx2,cross/4/unit12/draw8/stride64/spread/update/packet,1,3,"[3571.5185471399664,3611.8923235449456,3621.1347243679797]",3611.8923235449456,"[3571.542761464484,3618.4904688350293,3622.233384854398]",3618.4904688350293,"[3.4878110811913734,3.527238597211861,3.5362643792656057]",3.527238597211861,1024.0,12.0,8.0,12.0,204.0,64.0
retained-crossover-avx2,cross/4/unit12/draw8/stride64/spread/update/point,1,3,"[13964.192422730146,13967.173479558365,13964.49252243108]",13964.49252243108,"[13964.28614158137,13967.258225324545,13964.576271184664]",13964.576271184664,"[13.636906662822408,13.639817851131216,13.637199728936602]",13.637199728936602,1024.0,12.0,8.0,12.0,204.0,64.0
retained-crossover-avx2,cross/4/unit16/draw2/stride16/compact/sum/packet,1,3,"[999.278608720199,993.1681247356663,988.4623959363621]",993.1681247356663,"[999.5632848880737,995.2843939606544,991.5740087493439]",995.2843939606544,"[0.9758580163283194,0.9698907468121741,0.9652953085316036]",0.9698907468121741,1024.0,16.0,2.0,2.0,50.0,16.0
retained-crossover-avx2,cross/4/unit16/draw2/stride16/compact/sum/point,1,3,"[2013.645833334647,1966.878591952947,1965.735057470005]",1966.878591952947,"[2013.6579022991211,1969.5873563187592,1967.7899425290504]",1969.5873563187592,"[1.9664510091158665,1.9207798749540501,1.9196631420605517]",1.9207798749540501,1024.0,16.0,2.0,2.0,50.0,16.0
retained-crossover-avx2,cross/4/unit16/draw2/stride16/compact/sum/window,1,3,"[1259.0440951953087,1262.1010327794218,1262.6578356533687]",1262.1010327794218,"[1259.0525370453915,1262.5235743172182,1262.6654692408295]",1262.5235743172182,"[1.2295352492141687,1.232520539823654,1.233064292630243]",1.232520539823654,1024.0,16.0,2.0,2.0,50.0,16.0
retained-crossover-avx2,cross/4/unit16/draw2/stride16/compact/update/packet,1,3,"[1950.827201783077,1949.8961817178724,1953.2824693422663]",1950.827201783077,"[1951.396181715242,1950.4988851746914,1953.2943143827604]",1951.396181715242,"[1.905104689241286,1.9041954899588598,1.907502411467057]",1.905104689241286,1024.0,16.0,2.0,2.0,50.0,16.0
retained-crossover-avx2,cross/4/unit16/draw2/stride16/compact/update/point,1,3,"[3715.307937351175,3709.7467480750515,3713.247942659755]",3713.247942659755,"[3715.3328908990597,3709.771701615391,3714.0294664230187]",3714.0294664230187,"[3.628230407569506,3.6227995586670425,3.6262186940036676]",3.6262186940036676,1024.0,16.0,2.0,2.0,50.0,16.0
retained-crossover-avx2,cross/4/unit16/draw2/stride16/compact/update/window,1,3,"[2112.5590490785266,2133.8567484644745,2128.64340490694]",2128.64340490694,"[2116.772699385726,2133.8679447827844,2129.516717793977]",2129.516717793977,"[2.0630459463657482,2.0838444809223384,2.0787533251044334]",2.0787533251044334,1024.0,16.0,2.0,2.0,50.0,16.0
retained-crossover-avx2,cross/4/unit16/draw2/stride16/spread/sum/packet,1,3,"[759.4634706940726,766.3451540523458,769.1537240745116]",766.3451540523458,"[759.4680129150169,766.3498057232354,769.329611994415]",766.3498057232354,"[0.7416635455996803,0.7483839395042439,0.7511266836665152]",0.7483839395042439,1024.0,16.0,2.0,16.0,64.0,16.0
retained-crossover-avx2,cross/4/unit16/draw2/stride16/spread/sum/point,1,3,"[1962.2769446393615,1961.0126138759726,1960.3666433081787]",1961.0126138759726,"[1962.2887175865972,1961.024526981871,1960.3796776435431]",1961.024526981871,"[1.9162860787493763,1.9150513807382545,1.914420550105643]",1.9150513807382545,1024.0,16.0,2.0,16.0,64.0,16.0
retained-crossover-avx2,cross/4/unit16/draw2/stride16/spread/sum/window,1,3,"[1089.5277777771296,1089.2758998434222,1091.9244913930852]",1089.5277777771296,"[1089.5344287951723,1089.282394367485,1092.4115023468546]",1089.5344287951723,"[1.0639919704854781,1.063745995940842,1.0663325111260598]",1.0639919704854781,1024.0,16.0,2.0,16.0,64.0,16.0
retained-crossover-avx2,cross/4/unit16/draw2/stride16/spread/update/packet,1,3,"[1706.2748566546861,1709.450530682309,1706.1296815898954]",1706.2748566546861,"[1706.7584482127115,1709.4632182519813,1708.4762718053817]",1708.4762718053817,"[1.6662840397018421,1.6693852838694423,1.666142267177632]",1.6662840397018421,1024.0,16.0,2.0,16.0,64.0,16.0
retained-crossover-avx2,cross/4/unit16/draw2/stride16/spread/update/point,1,3,"[4517.278725457786,4527.800450594977,4525.1029932404]",4525.1029932404,"[4518.474412617554,4527.8274863229935,4525.130350823466]",4525.130350823466,"[4.411405005329869,4.421680127534157,4.419045891836328]",4.419045891836328,1024.0,16.0,2.0,16.0,64.0,16.0
retained-crossover-avx2,cross/4/unit16/draw2/stride16/spread/update/window,1,3,"[1946.4424815681784,1942.348866323464,1946.59132007289]",1946.4424815681784,"[1947.1135067476812,1942.5817220777712,1946.8159688421451]",1946.8159688421451,"[1.9008227359064243,1.896825064769008,1.9009680860086817]",1.9008227359064243,1024.0,16.0,2.0,16.0,64.0,16.0
retained-crossover-avx2,cross/4/unit16/draw2/stride17/compact/sum/packet,1,3,"[988.5383528740166,988.7685407543883,989.5533267405496]",988.7685407543883,"[988.8754767616115,988.7752507409751,989.8262466449901]",988.8754767616115,"[0.9653694852285318,0.9655942780804574,0.9663606706450679]",0.9655942780804574,1024.0,16.0,2.0,2.0,53.0,17.0
retained-crossover-avx2,cross/4/unit16/draw2/stride17/compact/sum/point,1,3,"[1963.649425289274,1969.302635268285,1968.132324082692]",1968.132324082692,"[1963.6627417963775,1969.6846089158385,1968.145500419454]",1968.145500419454,"[1.9176263918840568,1.9231471047541844,1.9220042227370038]",1.9220042227370038,1024.0,16.0,2.0,2.0,53.0,17.0
retained-crossover-avx2,cross/4/unit16/draw2/stride17/compact/sum/window,1,3,"[1261.597753216205,1257.5724768974621,1260.987044755173]",1260.987044755173,"[1264.0287189702021,1257.8572205104992,1260.9938394645997]",1260.9938394645997,"[1.2320290558752003,1.2280981219701779,1.2314326608937236]",1.2314326608937236,1024.0,16.0,2.0,2.0,53.0,17.0
retained-crossover-avx2,cross/4/unit16/draw2/stride17/compact/update/packet,1,3,"[1951.781084840298,1963.0368567466037,1956.582058414176]",1956.582058414176,"[1951.7927677302187,1963.050069542752,1956.9721835872017]",1956.9721835872017,"[1.9060362156643538,1.917028180416605,1.9107246664200936]",1.9107246664200936,1024.0,16.0,2.0,2.0,53.0,17.0
retained-crossover-avx2,cross/4/unit16/draw2/stride17/compact/update/point,1,3,"[3711.370026523651,3713.444562335634,3709.476127321022]",3711.370026523651,"[3711.3978779857835,3713.469230766092,3710.12732095137]",3711.3978779857835,"[3.6243847915270027,3.6264107054058927,3.622535280586935]",3.6243847915270027,1024.0,16.0,2.0,2.0,53.0,17.0
retained-crossover-avx2,cross/4/unit16/draw2/stride17/compact/update/window,1,3,"[2174.5797531639423,2207.3482268399102,2216.3216684900503]",2207.3482268399102,"[2174.594438369484,2207.3630682738294,2216.663021401375]",2207.3630682738294,"[2.1236130401991624,2.15561350277335,2.164376629384815]",2.15561350277335,1024.0,16.0,2.0,2.0,53.0,17.0
retained-crossover-avx2,cross/4/unit16/draw2/stride17/spread/sum/packet,1,3,"[763.3126672860245,762.9281149290109,761.6079095423399]",762.9281149290109,"[763.317856558123,764.0082482118517,763.3839514941329]",763.3839514941329,"[0.7454225266465082,0.7450469872353622,0.7437577241624413]",0.7450469872353622,1024.0,16.0,2.0,16.0,67.0,17.0
retained-crossover-avx2,cross/4/unit16/draw2/stride17/spread/sum/point,1,3,"[1968.9272111718674,1964.953449006102,1963.925236282787]",1964.953449006102,"[1968.939201583039,1964.965298349132,1963.9383552010047]",1964.965298349132,"[1.9227804796600267,1.9188998525450214,1.9178957385574091]",1.9188998525450214,1024.0,16.0,2.0,16.0,67.0,17.0
retained-crossover-avx2,cross/4/unit16/draw2/stride17/spread/update/packet,1,3,"[1705.1173680367044,1710.3375091214164,1694.6115300399117]",1705.1173680367044,"[1705.1288007782116,1710.3490634865461,1694.622962781419]",1705.1288007782116,"[1.6651536797233442,1.6702514737513834,1.6548940723046013]",1.6651536797233442,1024.0,16.0,2.0,16.0,67.0,17.0
retained-crossover-avx2,cross/4/unit16/draw2/stride17/spread/update/point,1,3,"[4510.908057181884,4547.366796620229,4518.962313192703]",4518.962313192703,"[4511.636777129022,4547.397660814542,4518.989278755834]",4518.989278755834,"[4.405183649591684,4.440787887324443,4.413049133977249]",4.413049133977249,1024.0,16.0,2.0,16.0,67.0,17.0
retained-crossover-avx2,cross/4/unit16/draw2/stride64/compact/sum/packet,1,3,"[1018.9879342924678,1019.7292484381347,1019.0387410966291]",1019.0387410966291,"[1019.1452245979432,1019.7346271247604,1021.3206861463088]",1019.7346271247604,"[0.9951054045824881,0.9958293441778661,0.9951550206021768]",0.9951550206021768,1024.0,16.0,2.0,2.0,194.0,64.0
retained-crossover-avx2,cross/4/unit16/draw2/stride64/compact/sum/point,1,3,"[1978.9755274267036,1969.6715893115663,1968.1624472561743]",1969.6715893115663,"[1982.3895921239757,1970.2812939528962,1968.1729957837517]",1970.2812939528962,"[1.9325932885026402,1.9235074114370765,1.9220336398986078]",1.9235074114370765,1024.0,16.0,2.0,2.0,194.0,64.0
retained-crossover-avx2,cross/4/unit16/draw2/stride64/compact/update/packet,1,3,"[2025.9401858321057,2031.6688443655833,2034.07738095114]",2031.6688443655833,"[2025.952235772452,2032.2372241576472,2034.089576072037]",2032.2372241576472,"[1.978457212726666,1.9840516058257651,1.9864036923350976]",1.9840516058257651,1024.0,16.0,2.0,2.0,194.0,64.0
retained-crossover-avx2,cross/4/unit16/draw2/stride64/compact/update/point,1,3,"[3715.418215613074,3717.301115241464,3715.19782262191]",3715.418215613074,"[3716.4126394051023,3718.0135422173175,3715.222782795803]",3716.4126394051023,"[3.628338101184643,3.6301768703529915,3.6281228736542093]",3.628338101184643,1024.0,16.0,2.0,2.0,194.0,64.0
retained-crossover-avx2,cross/4/unit16/draw2/stride64/spread/sum/packet,1,3,"[762.2894855339151,779.21507373672,780.7550939995839]",779.21507373672,"[762.294607676759,779.4618372171462,780.7598221331627]",779.4618372171462,"[0.744423325716714,0.7609522204460156,0.7624561464839688]",0.7609522204460156,1024.0,16.0,2.0,16.0,208.0,64.0
retained-crossover-avx2,cross/4/unit16/draw2/stride64/spread/sum/point,1,3,"[1977.87630318415,1977.7197802194971,1972.6649760500097]",1977.7197802194971,"[1977.8879966173852,1977.731755421267,1976.396167937448]",1977.731755421267,"[1.9315198273282714,1.9313669728706027,1.9264306406738378]",1.9313669728706027,1024.0,16.0,2.0,16.0,208.0,64.0
retained-crossover-avx2,cross/4/unit16/draw2/stride64/spread/update/packet,1,3,"[1750.6432573770314,1748.7604283408089,1746.8629062381103]",1748.7604283408089,"[1750.6537168474524,1748.7710123274076,1747.693935996656]",1748.7710123274076,"[1.7096125560322573,1.7077738558015712,1.7059208068731544]",1.7077738558015712,1024.0,16.0,2.0,16.0,208.0,64.0
retained-crossover-avx2,cross/4/unit16/draw2/stride64/spread/update/point,1,3,"[4514.211457997273,4508.47924042773,4518.5246218221555]",4514.211457997273,"[4514.238493725291,4508.503057609836,4519.861602835914]",4514.238493725291,"[4.408409626950462,4.402811758230205,4.412621700998199]",4.408409626950462,1024.0,16.0,2.0,16.0,208.0,64.0
retained-crossover-avx2,cross/4/unit16/draw4/stride16/compact/sum/packet,1,3,"[991.6946428571041,992.4468571428844,996.3346428573265]",992.4468571428844,"[991.7006428586157,992.4527857135347,996.5499285706462]",992.4527857135347,"[0.9684517996651407,0.9691863839285981,0.9729830496653579]",0.9691863839285981,1024.0,16.0,4.0,4.0,52.0,16.0
retained-crossover-avx2,cross/4/unit16/draw4/stride16/compact/sum/point,1,3,"[2598.0138677816867,2596.9540273555263,2624.2809650449217]",2598.0138677816867,"[2598.0315349543757,2596.969414890069,2624.9409194541786]",2598.0315349543757,"[2.5371229177555534,2.536087917339381,2.562774379926681]",2.5371229177555534,1024.0,16.0,4.0,4.0,52.0,16.0
retained-crossover-avx2,cross/4/unit16/draw4/stride16/compact/sum/window,1,3,"[1239.6860413922693,1236.3588727428855,1235.9573756046927]",1236.3588727428855,"[1241.5059445181055,1236.52840158663,1238.1514751210227]",1238.1514751210227,"[1.2106308997971382,1.207381711662974,1.2069896246139578]",1.207381711662974,1024.0,16.0,4.0,4.0,52.0,16.0
retained-crossover-avx2,cross/4/unit16/draw4/stride16/compact/update/packet,1,3,"[1985.491218049021,1973.3321433661902,1997.0776809923052]",1985.491218049021,"[1985.745966014964,1973.574039697071,2040.5013565610332]",1985.745966014964,"[1.938956267625997,1.927082171256045,1.950271172844048]",1.938956267625997,1024.0,16.0,4.0,4.0,52.0,16.0
retained-crossover-avx2,cross/4/unit16/draw4/stride16/compact/update/point,1,3,"[4992.241132209996,4981.5352920094965,4972.162665710391]",4981.5352920094965,"[5043.489788608343,4981.568971694438,4972.195987099512]",4981.568971694438,"[4.875235480673824,4.864780558603024,4.855627603232804]",4.864780558603024,1024.0,16.0,4.0,4.0,52.0,16.0
retained-crossover-avx2,cross/4/unit16/draw4/stride16/compact/update/window,1,3,"[2264.750827814657,2292.095198677036,2265.1665562899957]",2265.1665562899957,"[2264.76622516516,2292.1089403994392,2265.7678807936522]",2265.7678807936522,"[2.211670730287751,2.238374217458043,2.2120767151269494]",2.2120767151269494,1024.0,16.0,4.0,4.0,52.0,16.0
retained-crossover-avx2,cross/4/unit16/draw4/stride16/spread/sum/packet,1,3,"[759.6603372074217,763.0739346315997,763.1235335843858]",763.0739346315997,"[759.6649206093397,765.0220985434519,763.1281715508061]",763.1281715508061,"[0.7418557980541227,0.7451893892886716,0.7452378257660017]",0.7451893892886716,1024.0,16.0,4.0,16.0,64.0,16.0
retained-crossover-avx2,cross/4/unit16/draw4/stride16/spread/sum/point,1,3,"[2598.373328237371,2594.8404661804666,2603.0063049294217]",2598.373328237371,"[2598.998280474913,2594.859954144038,2603.0219717233995]",2598.998280474913,"[2.537473953356807,2.5340238927543615,2.5419983446576384]",2.537473953356807,1024.0,16.0,4.0,16.0,64.0,16.0
retained-crossover-avx2,cross/4/unit16/draw4/stride16/spread/sum/window,1,3,"[1094.5823883633361,1093.6494095567793,1091.52389145246]",1093.6494095567793,"[1094.8775318689845,1093.6568389776216,1091.5303824189966]",1093.6568389776216,"[1.0689281136360702,1.0680170015202926,1.065941300246543]",1.0680170015202926,1024.0,16.0,4.0,16.0,64.0,16.0
retained-crossover-avx2,cross/4/unit16/draw4/stride16/spread/update/packet,1,3,"[1704.8998298077295,1714.91186481914,1722.7055677124497]",1714.91186481914,"[1704.9112569899166,1715.373206904942,1722.7159008039384]",1715.373206904942,"[1.664941240046611,1.6747186179874414,1.682329655969189]",1.6747186179874414,1024.0,16.0,4.0,16.0,64.0,16.0
retained-crossover-avx2,cross/4/unit16/draw4/stride16/spread/update/point,1,3,"[7812.08426339378,7814.462053572819,7809.193638392513]",7812.08426339378,"[7815.111049112667,7831.914062490191,7809.241071434134]",7815.111049112667,"[7.628988538470488,7.631310599192206,7.626165662492689]",7.628988538470488,1024.0,16.0,4.0,16.0,64.0,16.0
retained-crossover-avx2,cross/4/unit16/draw4/stride16/spread/update/window,1,3,"[1942.196235424826,1945.241747435906,1942.822727911657]",1942.822727911657,"[1945.2618345239603,1945.6523388106373,1942.8357915457698]",1945.2618345239603,"[1.8966760111570566,1.899650143980377,1.8972878202262276]",1.8972878202262276,1024.0,16.0,4.0,16.0,64.0,16.0
retained-crossover-avx2,cross/4/unit16/draw4/stride17/compact/sum/packet,1,3,"[998.1025786343246,990.1625814681663,986.057310852351]",990.1625814681663,"[998.1085293280579,990.4129356762339,986.0646783791718]",990.4129356762339,"[0.9747095494475825,0.9669556459650063,0.962946592629249]",0.9669556459650063,1024.0,16.0,4.0,4.0,55.0,17.0
retained-crossover-avx2,cross/4/unit16/draw4/stride17/compact/sum/point,1,3,"[2599.3123827401278,2632.389305815658,2601.2131332084673]",2601.2131332084673,"[2599.3279549707286,2632.91744840515,2601.228705436402]",2601.228705436402,"[2.538390998769656,2.5706926814606037,2.540247200398894]",2.540247200398894,1024.0,16.0,4.0,4.0,55.0,17.0
retained-crossover-avx2,cross/4/unit16/draw4/stride17/compact/sum/window,1,3,"[1251.3657183753467,1249.7186437645737,1249.8555197702626]",1249.8555197702626,"[1254.7781356248947,1249.727053140193,1250.1994990160176]",1250.1994990160176,"[1.2220368343509245,1.2204283630513415,1.2205620310256469]",1.2205620310256469,1024.0,16.0,4.0,4.0,55.0,17.0
retained-crossover-avx2,cross/4/unit16/draw4/stride17/compact/update/packet,1,3,"[1986.9794579177128,1989.0363766046983,1987.2674750351123]",1987.2674750351123,"[1986.9912981444038,1992.1054208247272,1988.2467902994676]",1988.2467902994676,"[1.9404096268727664,1.9424183365280259,1.9406908935889766]",1.9406908935889766,1024.0,16.0,4.0,4.0,55.0,17.0
retained-crossover-avx2,cross/4/unit16/draw4/stride17/compact/update/point,1,3,"[5012.645944983801,4982.399071099384,4985.121829225368]",4985.121829225368,"[5015.25902107776,4982.432654517198,4988.363344052478]",4988.363344052478,"[4.895162055648243,4.865624092870492,4.868283036352898]",4.868283036352898,1024.0,16.0,4.0,4.0,55.0,17.0
retained-crossover-avx2,cross/4/unit16/draw4/stride17/compact/update/window,1,3,"[2244.1270478639117,2274.0820751684555,2235.317378733086]",2244.1270478639117,"[2244.14053967129,2274.095888212821,2235.3307099253952]",2244.14053967129,"[2.191530320179601,2.220783276531695,2.18292712766903]",2.191530320179601,1024.0,16.0,4.0,4.0,55.0,17.0
retained-crossover-avx2,cross/4/unit16/draw4/stride17/spread/sum/packet,1,3,"[761.1618336417856,763.6027471931825,762.4176932305949]",762.4176932305949,"[761.1664122969121,763.6073258467597,762.4222718849468]",762.4222718849468,"[0.7433221031658063,0.7457058078058423,0.7445485285455028]",0.7445485285455028,1024.0,16.0,4.0,16.0,67.0,17.0
retained-crossover-avx2,cross/4/unit16/draw4/stride17/spread/sum/point,1,3,"[2649.5458937189433,2625.130992197166,2599.7967298408485]",2625.130992197166,"[2649.9576365625703,2625.1505016754713,2599.8104793761545]",2625.1505016754713,"[2.587447161834905,2.563604484567545,2.5388639939852036]",2.563604484567545,1024.0,16.0,4.0,16.0,67.0,17.0
retained-crossover-avx2,cross/4/unit16/draw4/stride17/spread/update/packet,1,3,"[1704.8373668918368,1697.7026863505164,1696.330590513546]",1697.7026863505164,"[1707.5231122918199,1697.71297192607,1696.339424005943]",1697.71297192607,"[1.6648802411053096,1.6579127796391762,1.6565728422983848]",1.6579127796391762,1024.0,16.0,4.0,16.0,67.0,17.0
retained-crossover-avx2,cross/4/unit16/draw4/stride17/spread/update/point,1,3,"[7815.184254606032,7808.3003908425035,7807.9480736978785]",7808.3003908425035,"[7817.359017311828,7808.347292010979,7808.000558343703]",7808.347292010979,"[7.632015873638702,7.625293350432132,7.6249492907205845]",7.625293350432132,1024.0,16.0,4.0,16.0,67.0,17.0
retained-crossover-avx2,cross/4/unit16/draw4/stride64/compact/sum/packet,1,3,"[1009.2435841348972,1006.9980314963402,1008.8718285215979]",1008.8718285215979,"[1009.4509332168409,1007.0048118985738,1008.8771507736825]",1008.8771507736825,"[0.9855894376317357,0.9833965151331447,0.9852263950406229]",0.9852263950406229,1024.0,16.0,4.0,4.0,196.0,64.0
retained-crossover-avx2,cross/4/unit16/draw4/stride64/compact/sum/point,1,3,"[2603.5090191665545,2607.979143180119,2605.9932356271383]",2605.9932356271383,"[2603.524802707883,2608.768883882365,2606.010522360209]",2606.010522360209,"[2.5424892765298384,2.546854632011835,2.5449152691671273]",2.5449152691671273,1024.0,16.0,4.0,4.0,196.0,64.0
retained-crossover-avx2,cross/4/unit16/draw4/stride64/compact/update/packet,1,3,"[2008.482309124716,2008.0912476734336,2005.747887123374]",2008.0912476734336,"[2011.8020340898042,2011.9223606923906,2006.2025497791137]",2011.8020340898042,"[1.9614085050046055,1.9610266090560877,1.9587381710189202]",1.9610266090560877,1024.0,16.0,4.0,4.0,196.0,64.0
retained-crossover-avx2,cross/4/unit16/draw4/stride64/compact/update/point,1,3,"[5061.314172090153,5063.357194503405,5075.880332611181]",5063.357194503405,"[5072.215835141834,5065.386840207259,5075.911062906328]",5072.215835141834,"[4.94268962118179,4.944684760257231,4.956914387315607]",4.944684760257231,1024.0,16.0,4.0,4.0,196.0,64.0
retained-crossover-avx2,cross/4/unit16/draw4/stride64/spread/sum/packet,1,3,"[779.0412771710111,770.4766865639453,768.7597139318739]",770.4766865639453,"[779.0459511209668,770.7702443975164,768.7643315681769]",770.7702443975164,"[0.7607824972373155,0.7524186392226029,0.7507419081365955]",0.7524186392226029,1024.0,16.0,4.0,16.0,208.0,64.0
retained-crossover-avx2,cross/4/unit16/draw4/stride64/spread/sum/point,1,3,"[2617.892823856831,2616.0624417527715,2631.413979496839]",2617.892823856831,"[2617.908667285792,2622.447530288127,2632.2907735332824]",2622.447530288127,"[2.556535960797687,2.554748478274191,2.569740214352382]",2.556535960797687,1024.0,16.0,4.0,16.0,208.0,64.0
retained-crossover-avx2,cross/4/unit16/draw4/stride64/spread/update/packet,1,3,"[1753.8886110770395,1752.0233779231276,1747.5379422425135]",1752.0233779231276,"[1753.9004875585856,1752.0352544064501,1748.1621452666852]",1752.0352544064501,"[1.7127818467549214,1.710960330003054,1.7065800217212046]",1.710960330003054,1024.0,16.0,4.0,16.0,208.0,64.0
retained-crossover-avx2,cross/4/unit16/draw4/stride64/spread/update/point,1,3,"[7812.086592180132,7807.919553072567,7811.226256984869]",7811.226256984869,"[7812.134078211627,7807.972067039424,7815.08882681533]",7812.134078211627,"[7.62899081267591,7.624921438547429,7.628150641586785]",7.628150641586785,1024.0,16.0,4.0,16.0,208.0,64.0
retained-crossover-avx2,cross/4/unit16/draw8/stride16/compact/sum/packet,1,3,"[1071.3202247190427,1071.5095428651393,1073.7275665684476]",1071.5095428651393,"[1071.3267662005408,1071.5160073888549,1074.1210558701305]",1071.5160073888549,"[1.0462111569521901,1.0463960379542374,1.0485620767269996]",1.0463960379542374,1024.0,16.0,8.0,8.0,56.0,16.0
retained-crossover-avx2,cross/4/unit16/draw8/stride16/compact/sum/point,1,3,"[4027.9196659936083,4027.5942988755182,4023.825511086199]",4027.5942988755182,"[4027.944140510272,4027.615606106508,4023.852577023623]",4027.615606106508,"[3.9335152988218827,3.9331975574956233,3.9295171006701164]",3.9331975574956233,1024.0,16.0,8.0,8.0,56.0,16.0
retained-crossover-avx2,cross/4/unit16/draw8/stride16/compact/sum/window,1,3,"[1195.844268573004,1177.8380563361056,1189.6302442341628]",1189.6302442341628,"[1198.3158880085641,1177.8460556553698,1189.638243553427]",1189.638243553427,"[1.1678166685283242,1.1502324768907282,1.1617482853849246]",1.1617482853849246,1024.0,16.0,8.0,8.0,56.0,16.0
retained-crossover-avx2,cross/4/unit16/draw8/stride16/compact/update/packet,1,3,"[2052.447633135608,2049.6545857979486,2058.923816568919]",2052.447633135608,"[2052.897781065585,2053.4643491125007,2058.93772189236]",2053.4643491125007,"[2.0043433917339923,2.001615806443309,2.010667789618085]",2.0043433917339923,1024.0,16.0,8.0,8.0,56.0,16.0
retained-crossover-avx2,cross/4/unit16/draw8/stride16/compact/update/point,1,3,"[8836.850220260432,8853.339207042794,8824.414726247538]",8836.850220260432,"[8841.428571425648,8853.39899306551,8824.473882932401]",8841.428571425648,"[8.629736543223078,8.645839069377729,8.61759250610111]",8.629736543223078,1024.0,16.0,8.0,8.0,56.0,16.0
retained-crossover-avx2,cross/4/unit16/draw8/stride16/compact/update/window,1,3,"[2234.4366429860247,2227.577234428887,2233.960845861176]",2233.960845861176,"[2234.7806046593832,2227.590616222385,2233.9760449372725]",2233.9760449372725,"[2.1820670341660393,2.17536839299696,2.1816023885363047]",2.1816023885363047,1024.0,16.0,8.0,8.0,56.0,16.0
retained-crossover-avx2,cross/4/unit16/draw8/stride16/spread/sum/packet,1,3,"[763.1296814173604,759.0944234251936,762.5187805007696]",762.5187805007696,"[763.2817349344634,759.0990294455225,765.4794648253071]",763.2817349344634,"[0.745243829509141,0.7413031478761656,0.7446472465827828]",0.7446472465827828,1024.0,16.0,8.0,16.0,64.0,16.0
retained-crossover-avx2,cross/4/unit16/draw8/stride16/spread/sum/point,1,3,"[4040.0964306273277,4032.0368451360423,4031.6681059276175]",4032.0368451360423,"[4040.1208980989386,4034.14219919511,4031.6954519277065]",4034.14219919511,"[3.9454066705344997,3.9375359815781663,3.9371758846949394]",3.9375359815781663,1024.0,16.0,8.0,16.0,64.0,16.0
retained-crossover-avx2,cross/4/unit16/draw8/stride16/spread/sum/window,1,3,"[1087.843083864127,1090.4562782017058,1090.2875369539793]",1090.2875369539793,"[1089.7323790269854,1090.994165239384,1090.2948498527403]",1090.2948498527403,"[1.0623467615860613,1.0648987091813533,1.0647339228066204]",1.0647339228066204,1024.0,16.0,8.0,16.0,64.0,16.0
retained-crossover-avx2,cross/4/unit16/draw8/stride16/spread/update/packet,1,3,"[1703.724570593621,1709.7691558048086,1708.542575221006]",1708.542575221006,"[1703.7360214403345,1709.7807284712137,1708.7757339520772]",1708.7757339520772,"[1.663793525970333,1.6696964412156334,1.6684986086142637]",1.6684986086142637,1024.0,16.0,8.0,16.0,64.0,16.0
retained-crossover-avx2,cross/4/unit16/draw8/stride16/spread/update/point,1,3,"[13960.576000002335,13962.005000010437,13973.866000000613]",13962.005000010437,"[13960.658999991438,13962.088999988964,13976.200000001882]",13962.088999988964,"[13.63337500000228,13.63477050782269,13.646353515625597]",13.63477050782269,1024.0,16.0,8.0,16.0,64.0,16.0
retained-crossover-avx2,cross/4/unit16/draw8/stride16/spread/update/window,1,3,"[1943.5909724156525,1944.5716076895742,1944.7791864046342]",1944.5716076895742,"[1943.6039286724435,1944.5848425725635,1945.1628587378189]",1944.5848425725635,"[1.8980380589996604,1.8989957106343498,1.8991984242232758]",1.8989957106343498,1024.0,16.0,8.0,16.0,64.0,16.0
retained-crossover-avx2,cross/4/unit16/draw8/stride17/compact/sum/packet,1,3,"[1074.731574507377,1077.8637932358506,1074.1210982434832]",1074.731574507377,"[1074.7388603436007,1077.87023544821,1075.3792468742574]",1075.3792468742574,"[1.0495425532298603,1.0526013605818856,1.0489463850034015]",1.0495425532298603,1024.0,16.0,8.0,8.0,59.0,17.0
retained-crossover-avx2,cross/4/unit16/draw8/stride17/compact/sum/point,1,3,"[4034.069332564205,4024.6421173741596,4030.217203682634]",4030.217203682634,"[4034.9626006980047,4024.665995399915,4031.2054085188406]",4031.2054085188406,"[3.9395208325822315,3.9303145677482028,3.9357589879713224]",3.9357589879713224,1024.0,16.0,8.0,8.0,59.0,17.0
retained-crossover-avx2,cross/4/unit16/draw8/stride17/compact/sum/window,1,3,"[1249.3969465652583,1253.7040862140404,1251.1590480464217]",1251.1590480464217,"[1249.6254153583918,1253.7125280641233,1251.1674000892629]",1251.1674000892629,"[1.220114205630135,1.2243203966933989,1.2218350078578337]",1.2218350078578337,1024.0,16.0,8.0,8.0,59.0,17.0
retained-crossover-avx2,cross/4/unit16/draw8/stride17/compact/update/packet,1,3,"[2087.8771325956586,2086.548189164054,2084.1074528592467]",2086.548189164054,"[2088.1815324724093,2086.559263692491,2084.1213708474297]",2086.559263692491,"[2.038942512300448,2.0376447159805218,2.035261184432858]",2.0376447159805218,1024.0,16.0,8.0,8.0,59.0,17.0
retained-crossover-avx2,cross/4/unit16/draw8/stride17/compact/update/point,1,3,"[8874.231984826894,8854.010745891028,8866.855878639473]",8866.855878639473,"[8877.250316058145,8854.064475336138,8887.951959557031]",8877.250316058145,"[8.666242172682514,8.646494869034207,8.65903894398386]",8.65903894398386,1024.0,16.0,8.0,8.0,59.0,17.0
retained-crossover-avx2,cross/4/unit16/draw8/stride17/compact/update/window,1,3,"[2280.4966730023084,2277.4249049434097,2250.7279784544585]",2277.4249049434097,"[2283.8342839008515,2278.0342205302704,2250.7416032937804]",2278.0342205302704,"[2.227047532228817,2.2240477587337986,2.1979765414594317]",2.2240477587337986,1024.0,16.0,8.0,8.0,59.0,17.0
retained-crossover-avx2,cross/4/unit16/draw8/stride17/spread/sum/packet,1,3,"[760.7326415298284,760.8956318594294,765.1236553295349]",760.8956318594294,"[760.7378028904883,761.0778550475419,765.1288166894228]",761.0778550475419,"[0.7429029702439729,0.7430621404877239,0.747191069657749]",0.7430621404877239,1024.0,16.0,8.0,16.0,67.0,17.0
retained-crossover-avx2,cross/4/unit16/draw8/stride17/spread/sum/point,1,3,"[4030.8930419798858,4035.605232888779,4025.591144336075]",4030.8930419798858,"[4030.9226567024184,4037.886716503933,4025.6181713632955]",4030.9226567024184,"[3.9364189863084817,3.9410207352429483,3.931241351890699]",3.9364189863084817,1024.0,16.0,8.0,16.0,67.0,17.0
retained-crossover-avx2,cross/4/unit16/draw8/stride17/spread/update/packet,1,3,"[1724.7899301368516,1697.3265478197686,1698.5950373404773]",1698.5950373404773,"[1724.800168633163,1697.6017827021658,1698.6064803633496]",1698.6064803633496,"[1.6843651661492693,1.6575454568552428,1.6587842161528097]",1.6587842161528097,1024.0,16.0,8.0,16.0,67.0,17.0
retained-crossover-avx2,cross/4/unit16/draw8/stride17/spread/update/point,1,3,"[13958.193227089767,13958.012948215159,13980.902390432831]",13958.193227089767,"[13958.276892435335,13958.107569705084,13998.217131457583]",13958.276892435335,"[13.63104807332985,13.630872019741364,13.653224990657062]",13.63104807332985,1024.0,16.0,8.0,16.0,67.0,17.0
retained-crossover-avx2,cross/4/unit16/draw8/stride64/compact/sum/packet,1,3,"[1083.770673813013,1079.1168453295,1076.9146248080576]",1079.1168453295,"[1083.7771822364882,1079.1233537507987,1077.3024502299963]",1079.1233537507987,"[1.0583697986455205,1.0538250442670896,1.0516744382891188]",1.0538250442670896,1024.0,16.0,8.0,8.0,200.0,64.0
retained-crossover-avx2,cross/4/unit16/draw8/stride64/compact/sum/point,1,3,"[4039.3486424036732,4038.066435588465,4045.5791450036863]",4039.3486424036732,"[4039.3729058331182,4038.090410174694,4052.9867128817345]",4039.3729058331182,"[3.9446764085973367,3.9434242535043604,3.9507608837926624]",3.9446764085973367,1024.0,16.0,8.0,8.0,200.0,64.0
retained-crossover-avx2,cross/4/unit16/draw8/stride64/compact/update/packet,1,3,"[2118.418914776697,2128.0573267924797,2115.7135193132153]",2118.418914776697,"[2118.4316370334896,2128.0700490492723,2115.7277743710074]",2118.4316370334896,"[2.068768471461618,2.078180983195781,2.066126483704312]",2.068768471461618,1024.0,16.0,8.0,8.0,200.0,64.0
retained-crossover-avx2,cross/4/unit16/draw8/stride64/compact/update/point,1,3,"[8881.33565990208,8856.761421325717,8903.531091362127]",8881.33565990208,"[8881.389593900914,8856.807741110722,8903.591370561695]",8881.389593900914,"[8.673179355373126,8.649181075513395,8.694854581408327]",8.673179355373126,1024.0,16.0,8.0,8.0,200.0,64.0
retained-crossover-avx2,cross/4/unit16/draw8/stride64/spread/sum/packet,1,3,"[786.4518731351591,771.230798983606,775.5910045313344]",775.5910045313344,"[787.6832246657156,771.2348878331483,775.5956459269875]",775.5956459269875,"[0.7680194073585538,0.7531550771324277,0.7574130903626313]",0.7574130903626313,1024.0,16.0,8.0,16.0,208.0,64.0
retained-crossover-avx2,cross/4/unit16/draw8/stride64/spread/sum/point,1,3,"[4057.0919640274365,4051.936466492448,4055.780678850615]",4055.780678850615,"[4057.1160429417173,4059.640266900091,4055.805047869168]",4057.1160429417173,"[3.962003871120544,3.9569692055590306,3.9607233191900537]",3.9607233191900537,1024.0,16.0,8.0,16.0,208.0,64.0
retained-crossover-avx2,cross/4/unit16/draw8/stride64/spread/update/packet,1,3,"[1744.9407055293086,1742.7239179378553,1750.572304228094]",1744.9407055293086,"[1745.3101075816353,1742.7356767570536,1750.5829372041492]",1745.3101075816353,"[1.7040436577434654,1.701878826111187,1.709543265847748]",1.7040436577434654,1024.0,16.0,8.0,16.0,208.0,64.0
retained-crossover-avx2,cross/4/unit16/draw8/stride64/spread/update/point,1,3,"[13967.427572429411,13971.634365640006,13964.430569425778]",13967.427572429411,"[13975.334665334143,13971.717282726235,13964.515484535465]",13971.717282726235,"[13.640065988700595,13.644174185195318,13.63713922795486]",13.640065988700595,1024.0,16.0,8.0,16.0,208.0,64.0
retained-crossover-avx2,cross/4/unit24/draw2/stride24/compact/sum/packet,1,3,"[986.4549165901694,993.1763215321265,988.1238122055549]",988.1238122055549,"[986.8459210246963,993.1823044980147,989.5488139643738]",989.5488139643738,"[0.9633348794825873,0.9698987514962172,0.9649646603569872]",0.9649646603569872,1024.0,24.0,2.0,2.0,74.0,24.0
retained-crossover-avx2,cross/4/unit24/draw2/stride24/compact/sum/point,1,3,"[1962.6390880416095,1962.3193289353756,1961.591052481352]",1962.3193289353756,"[1963.1012331489944,1962.5606538576299,1965.366647550901]",1963.1012331489944,"[1.9166397344156345,1.9163274696634527,1.9156162621888204]",1.9163274696634527,1024.0,24.0,2.0,2.0,74.0,24.0
retained-crossover-avx2,cross/4/unit24/draw2/stride24/compact/update/packet,1,3,"[1958.9458748627553,1960.7454318922942,1961.2480620158628]",1960.7454318922942,"[1959.6110188257958,1960.755952378462,1961.8467607985501]",1960.755952378462,"[1.9130330809206595,1.9147904608323185,1.915281310562366]",1.9147904608323185,1024.0,24.0,2.0,2.0,74.0,24.0
retained-crossover-avx2,cross/4/unit24/draw2/stride24/compact/update/point,1,3,"[3711.9403973497506,3711.1483443699613,3710.7671523202625]",3711.1483443699613,"[3711.965298008416,3712.304370861566,3717.12582781981]",3712.304370861566,"[3.6249417942868662,3.6241683050487907,3.623796047187757]",3.6241683050487907,1024.0,24.0,2.0,2.0,74.0,24.0
retained-crossover-avx2,cross/4/unit24/draw2/stride24/spread/sum/packet,1,3,"[1374.4324902713392,1376.6814202343041,1386.8254863799648]",1376.6814202343041,"[1374.4407587562418,1382.844455252211,1386.833754864867]",1382.844455252211,"[1.342219228780605,1.3444154494475626,1.3543217640429341]",1.3444154494475626,1024.0,24.0,2.0,24.0,96.0,24.0
retained-crossover-avx2,cross/4/unit24/draw2/stride24/spread/sum/point,1,3,"[1963.182272338969,1962.2973165865565,1968.1280331139126]",1963.182272338969,"[1963.1941193257092,1962.3091635773537,1968.6822723381617]",1963.1941193257092,"[1.917170187831024,1.9163059732290593,1.922000032337805]",1.917170187831024,1024.0,24.0,2.0,24.0,96.0,24.0
retained-crossover-avx2,cross/4/unit24/draw2/stride24/spread/update/packet,1,3,"[2653.682368521379,2656.3781687469645,2659.6416950433545]",2656.3781687469645,"[2653.7001513440564,2656.3961407519814,2660.240257281679]",2656.3961407519814,"[2.5914866880091596,2.5941193054169576,2.5973063428157754]",2.5941193054169576,1024.0,24.0,2.0,24.0,96.0,24.0
retained-crossover-avx2,cross/4/unit24/draw2/stride24/spread/update/point,1,3,"[4533.92027114394,4508.868947704348,4522.538734667439]",4522.538734667439,"[4533.944480307414,4508.895739188379,4523.7023886388415]",4523.7023886388415,"[4.427656514789004,4.403192331742527,4.416541733073671]",4.416541733073671,1024.0,24.0,2.0,24.0,96.0,24.0
retained-crossover-avx2,cross/4/unit24/draw2/stride25/compact/sum/packet,1,3,"[1034.6857016044617,1033.9651601453822,1033.488127820718]",1033.9651601453822,"[1034.691841112067,1036.2327095195303,1033.4943412985604]",1034.691841112067,"[1.0104352554731073,1.0097316017044748,1.00926574982492]",1.0097316017044748,1024.0,24.0,2.0,2.0,77.0,25.0
retained-crossover-avx2,cross/4/unit24/draw2/stride25/compact/sum/point,1,3,"[1963.5377371940751,1962.664431444551,1967.478242260121]",1963.5377371940751,"[1963.5494364378587,1962.6777001007424,1967.488657437917]",1963.5494364378587,"[1.9175173214785888,1.916664483832569,1.9213654709571495]",1.9175173214785888,1024.0,24.0,2.0,2.0,77.0,25.0
retained-crossover-avx2,cross/4/unit24/draw2/stride25/compact/update/packet,1,3,"[1985.703946430541,1986.7495369714761,1993.9556916933461]",1986.7495369714761,"[1986.0719475698775,1986.7643538941406,1993.9678016779826]",1986.7643538941406,"[1.9391640101860754,1.9401850946987071,1.9472223551692835]",1.9401850946987071,1024.0,24.0,2.0,2.0,77.0,25.0
retained-crossover-avx2,cross/4/unit24/draw2/stride25/compact/update/point,1,3,"[3713.038461537375,3710.1554376664562,3709.4814323612486]",3710.1554376664562,"[3713.615384612088,3710.177453582455,3709.5066313013835]",3710.177453582455,"[3.6260141225950933,3.6231986695961487,3.6225404612902823]",3.6231986695961487,1024.0,24.0,2.0,2.0,77.0,25.0
retained-crossover-avx2,cross/4/unit24/draw2/stride25/spread/sum/packet,1,3,"[1371.9073821581787,1376.6902999606334,1386.0727502912996]",1376.6902999606334,"[1371.916634203787,1376.8932606138949,1386.0812232172489]",1376.8932606138949,"[1.3397533028888462,1.344424121055306,1.3535866702063473]",1.344424121055306,1024.0,24.0,2.0,24.0,99.0,25.0
retained-crossover-avx2,cross/4/unit24/draw2/stride25/spread/sum/point,1,3,"[1965.5047739403067,1965.4585790509004,1963.7707104741783]",1965.4585790509004,"[1973.9974726192834,1965.9281100804521,1963.7825049169135]",1965.9281100804521,"[1.919438255801081,1.9193931436043947,1.9177448344474397]",1.9193931436043947,1024.0,24.0,2.0,24.0,99.0,25.0
retained-crossover-avx2,cross/4/unit24/draw2/stride25/spread/update/packet,1,3,"[2661.185580773558,2656.481975967598,2654.5403394991913]",2656.481975967598,"[2661.201411405508,2656.9862674048672,2654.558458894594]",2656.9862674048672,"[2.5988140437241776,2.5942206796558573,2.5923245502921786]",2.5942206796558573,1024.0,24.0,2.0,24.0,99.0,25.0
retained-crossover-avx2,cross/4/unit24/draw2/stride25/spread/update/point,1,3,"[4521.390826877402,4517.569444445551,4516.6844315258695]",4517.569444445551,"[4521.421188625545,4517.596576230741,4517.416020675165]",4517.596576230741,"[4.415420729372463,4.411688910591359,4.410824640161982]",4.411688910591359,1024.0,24.0,2.0,24.0,99.0,25.0
retained-crossover-avx2,cross/4/unit24/draw2/stride64/compact/sum/packet,1,3,"[1061.5703260947896,1065.3148218198878,1067.342437769886]",1065.3148218198878,"[1061.8158432319644,1065.3204206697794,1067.615192555647]",1065.3204206697794,"[1.0366897715769428,1.0403465056834842,1.0423265993846542]",1.0403465056834842,1024.0,24.0,2.0,2.0,194.0,64.0
retained-crossover-avx2,cross/4/unit24/draw2/stride64/compact/sum/point,1,3,"[1968.9552345547334,1977.914187641879,1977.4363558347031]",1977.4363558347031,"[1968.967105260525,1977.9274885567868,1979.809496564652]",1977.9274885567868,"[1.9228078462448568,1.9315568238690224,1.9310901912448275]",1.9310901912448275,1024.0,24.0,2.0,2.0,194.0,64.0
retained-crossover-avx2,cross/4/unit24/draw2/stride64/compact/update/packet,1,3,"[2046.9511661807312,2033.9177842569072,2042.8097667640027]",2042.8097667640027,"[2046.965014575789,2033.9313411098587,2042.8236151632036]",2042.8236151632036,"[1.9989757482233703,1.9862478361883862,1.9949314128554714]",1.9949314128554714,1024.0,24.0,2.0,2.0,194.0,64.0
retained-crossover-avx2,cross/4/unit24/draw2/stride64/compact/update/point,1,3,"[3713.7354033961396,3713.2656581739434,3714.4256900218293]",3713.7354033961396,"[3714.50079617667,3713.2908704893116,3714.447717623558]",3714.447717623558,"[3.6266947298790426,3.626235994310491,3.627368837911942]",3.6266947298790426,1024.0,24.0,2.0,2.0,194.0,64.0
retained-crossover-avx2,cross/4/unit24/draw2/stride64/spread/sum/packet,1,3,"[1398.9100687171037,1396.4142017727643,1394.2302559507368]",1396.4142017727643,"[1399.138532018784,1396.423662982236,1394.2375261424886]",1396.423662982236,"[1.3661231139815466,1.3636857439187149,1.3615529843268914]",1.3636857439187149,1024.0,24.0,2.0,24.0,216.0,64.0
retained-crossover-avx2,cross/4/unit24/draw2/stride64/spread/sum/point,1,3,"[1983.7686346344308,1975.5762998435482,1972.1919120768785]",1975.5762998435482,"[1984.8541637309422,1975.5882767346818,1972.2050162029632]",1975.5882767346818,"[1.937274057260186,1.9292737303159653,1.9259686641375764]",1.9292737303159653,1024.0,24.0,2.0,24.0,216.0,64.0
retained-crossover-avx2,cross/4/unit24/draw2/stride64/spread/update/packet,1,3,"[2749.6660137110516,2749.8464250713832,2745.489715966161]",2749.6660137110516,"[2749.6846229185558,2754.2546522968787,2745.508325170881]",2749.6846229185558,"[2.685220716514699,2.6853968994837727,2.6811423007482036]",2.685220716514699,1024.0,24.0,2.0,24.0,216.0,64.0
retained-crossover-avx2,cross/4/unit24/draw2/stride64/spread/update/point,1,3,"[4516.709208402652,4561.220032313748,4520.679806140024]",4520.679806140024,"[6048.765751211837,8951.0006462033,8551.36025847969]",8551.36025847969,"[4.410848836330715,4.454316437806394,4.414726373183617]",4.414726373183617,1024.0,24.0,2.0,24.0,216.0,64.0
retained-crossover-avx2,cross/4/unit24/draw4/stride24/compact/sum/packet,1,3,"[991.8247371406742,989.1449275368092,997.6346263138868]",991.8247371406742,"[1992.1546604155837,1187.5594629150207,997.6420858182786]",1187.5594629150207,"[0.9685788448639396,0.9659618432976653,0.974252564759655]",0.9685788448639396,1024.0,24.0,4.0,4.0,76.0,24.0
retained-crossover-avx2,cross/4/unit24/draw4/stride24/compact/sum/point,1,3,"[2597.915814904099,2599.5846496912823,2597.456978257625]",2597.915814904099,"[2602.209626462695,2609.6747816393245,2597.474261284686]",2602.209626462695,"[2.537027162992284,2.538656884464143,2.536579080329712]",2.537027162992284,1024.0,24.0,4.0,4.0,76.0,24.0
retained-crossover-avx2,cross/4/unit24/draw4/stride24/compact/update/packet,1,3,"[1987.0763487817312,1988.8020848010478,1986.9213973793155]",1987.0763487817312,"[1987.0883222966156,1989.5620509937926,1986.9333708962017]",1987.0883222966156,"[1.9405042468571596,1.9421895359385233,1.9403529271282378]",1.9405042468571596,1024.0,24.0,4.0,4.0,76.0,24.0
retained-crossover-avx2,cross/4/unit24/draw4/stride24/compact/update/point,1,3,"[5010.338467049333,5035.227793693589,4996.706661893785]",5010.338467049333,"[5010.372492828662,5036.371776507192,4996.740329515803]",5010.372492828662,"[4.8929086592278646,4.917214642278895,4.87959634950565]",4.8929086592278646,1024.0,24.0,4.0,4.0,76.0,24.0
retained-crossover-avx2,cross/4/unit24/draw4/stride24/spread/sum/packet,1,3,"[1854.076549208738,1821.4642905360695,1848.241528283275]",1848.241528283275,"[1854.087754827413,1821.475226138912,1848.5752666396384]",1848.5752666396384,"[1.8106216300866582,1.7787737212266301,1.8049233674641358]",1.8049233674641358,1024.0,24.0,4.0,24.0,96.0,24.0
retained-crossover-avx2,cross/4/unit24/draw4/stride24/spread/sum/point,1,3,"[2600.1462642068254,2606.8373392975427,2641.7635550595883]",2606.8373392975427,"[2600.163964968908,2606.8528041734703,2647.495994040202]",2606.8528041734703,"[2.539205336139478,2.5457395891577566,2.579847221737879]",2.5457395891577566,1024.0,24.0,4.0,24.0,96.0,24.0
retained-crossover-avx2,cross/4/unit24/draw4/stride24/spread/update/packet,1,3,"[3444.021004346272,3439.7358763867373,3434.2141477569576]",3439.7358763867373,"[3450.1330275214173,3439.7566393100674,3434.9978271368377]",3439.7566393100674,"[3.363301762056907,3.3591170667839236,3.353724753668904]",3.3591170667839236,1024.0,24.0,4.0,24.0,96.0,24.0
retained-crossover-avx2,cross/4/unit24/draw4/stride24/spread/update/point,1,3,"[7806.171779138155,7807.978248746994,7821.408812044424]",7807.978248746994,"[7806.218070264258,7808.03123256746,7822.8499721037815]",7808.03123256746,"[7.623214628064604,7.624978758541986,7.638094543012134]",7.624978758541986,1024.0,24.0,4.0,24.0,96.0,24.0
retained-crossover-avx2,cross/4/unit24/draw4/stride25/compact/sum/packet,1,3,"[988.1215644818433,987.6924594786179,990.5909090907376]",988.1215644818433,"[988.1275546164865,987.6983791388384,990.7505285414928]",988.1275546164865,"[0.9649624653143002,0.9645434174595879,0.9673739346589233]",0.9649624653143002,1024.0,24.0,4.0,4.0,79.0,25.0
retained-crossover-avx2,cross/4/unit24/draw4/stride25/compact/sum/point,1,3,"[2596.4254385955924,2637.8863463027465,2603.452517161716]",2603.452517161716,"[2596.4429824594026,2645.371472156909,2604.5915331800957]",2604.5915331800957,"[2.535571717378508,2.5760608850612754,2.542434098790739]",2.542434098790739,1024.0,24.0,4.0,4.0,79.0,25.0
retained-crossover-avx2,cross/4/unit24/draw4/stride25/compact/update/packet,1,3,"[1988.9680397728264,2008.944034090102,1983.2464488626786]",1988.9680397728264,"[1988.9813920476677,2012.4816761380903,1983.2583806818475]",1988.9813920476677,"[1.9423516013406508,1.9618594082911152,1.9367641102174595]",1.9423516013406508,1024.0,24.0,4.0,4.0,79.0,25.0
retained-crossover-avx2,cross/4/unit24/draw4/stride25/compact/update/point,1,3,"[4983.647605430346,5017.625089346281,4976.9567548265795]",4983.647605430346,"[4983.680843461529,5017.659042176345,4976.990350247044]",4983.680843461529,"[4.866843364678073,4.900024501314728,4.860309330885331]",4.866843364678073,1024.0,24.0,4.0,4.0,79.0,25.0
retained-crossover-avx2,cross/4/unit24/draw4/stride25/spread/sum/packet,1,3,"[1854.504428288075,1850.4897554534373,1854.3337739584267]",1854.3337739584267,"[1854.798413747331,1850.5009914098928,1854.8473231962244]",1854.798413747331,"[1.8110394807500731,1.8071189018099973,1.8108728261312763]",1.8108728261312763,1024.0,24.0,4.0,24.0,99.0,25.0
retained-crossover-avx2,cross/4/unit24/draw4/stride25/spread/sum/point,1,3,"[2619.6138097889125,2601.6759724563203,2600.099758049481]",2601.6759724563203,"[2620.0576958837805,2601.691606176501,2600.117066812337]",2601.691606176501,"[2.558216611121985,2.5406991918518753,2.539159919970196]",2.5406991918518753,1024.0,24.0,4.0,24.0,99.0,25.0
retained-crossover-avx2,cross/4/unit24/draw4/stride25/spread/update/packet,1,3,"[3384.782063645267,3410.9245419484687,3477.2796528445865]",3410.9245419484687,"[3385.3519768556444,3410.9452748283625,3477.300385731332]",3410.9452748283625,"[3.305451234028581,3.3309809979965515,3.3957809109810415]",3.3309809979965515,1024.0,24.0,4.0,24.0,99.0,25.0
retained-crossover-avx2,cross/4/unit24/draw4/stride25/spread/update/point,1,3,"[7824.609592860004,7811.743446739633,7812.635248190193]",7812.635248190193,"[7826.179587283868,7811.7958728256635,7812.682654777245]",7812.682654777245,"[7.641220305527349,7.628655709706674,7.6295266095607355]",7.6295266095607355,1024.0,24.0,4.0,24.0,99.0,25.0
retained-crossover-avx2,cross/4/unit24/draw4/stride64/compact/sum/packet,1,3,"[1011.6506076075168,1011.0487524264347,1011.937585388477]",1011.6506076075168,"[1011.656719638191,1011.2842453434847,1011.9429064507643]",1011.656719638191,"[0.9879400464917156,0.9873522972914401,0.9882202982309347]",0.9879400464917156,1024.0,24.0,4.0,4.0,196.0,64.0
retained-crossover-avx2,cross/4/unit24/draw4/stride64/compact/sum/point,1,3,"[2615.898991782455,2606.9111277073553,2606.6663554882653]",2606.9111277073553,"[2615.9128080657315,2607.662434653975,2606.6839059017984]",2607.662434653975,"[2.554588859162554,2.5458116481517137,2.545572612781509]",2.5458116481517137,1024.0,24.0,4.0,4.0,196.0,64.0
retained-crossover-avx2,cross/4/unit24/draw4/stride64/compact/update/packet,1,3,"[2006.179279410091,2011.4073216618149,2011.8702069179772]",2011.4073216618149,"[2006.1914339452871,2011.4193314975685,2012.7490956437575]",2011.4193314975685,"[1.9591594525489173,1.9642649625603659,1.964716998943337]",1.9642649625603659,1024.0,24.0,4.0,4.0,196.0,64.0
retained-crossover-avx2,cross/4/unit24/draw4/stride64/compact/update/point,1,3,"[5065.640969960423,5063.476293883317,5080.642417660037]",5065.640969960423,"[5065.671009768278,5080.003619260087,5081.234165756171]",5080.003619260087,"[4.946915009726975,4.944801068245427,4.961564860996129]",4.946915009726975,1024.0,24.0,4.0,4.0,196.0,64.0
retained-crossover-avx2,cross/4/unit24/draw4/stride64/spread/sum/packet,1,3,"[1915.474923097558,1852.0349070482973,1840.8700013373586]",1852.0349070482973,"[1915.7913601717746,1855.9675003328543,1841.1927243532798]",1855.9675003328543,"[1.870580979587459,1.8086278389143529,1.797724610681014]",1.8086278389143529,1024.0,24.0,4.0,24.0,216.0,64.0
retained-crossover-avx2,cross/4/unit24/draw4/stride64/spread/sum/point,1,3,"[2606.0935585680454,2616.0506775583503,2615.239651011149]",2615.239651011149,"[2606.1091516611846,2616.0645999619965,2615.652496750758]",2615.652496750758,"[2.545013240789107,2.5547369898030765,2.5539449716905747]",2.5539449716905747,1024.0,24.0,4.0,24.0,216.0,64.0
retained-crossover-avx2,cross/4/unit24/draw4/stride64/spread/update/packet,1,3,"[3549.6746896367013,3588.924499618032,3540.350899418017]",3549.6746896367013,"[3550.5396503713287,3588.948568532222,3546.6024829042403]",3550.5396503713287,"[3.466479189098341,3.5048090816582342,3.4573739252129077]",3.466479189098341,1024.0,24.0,4.0,24.0,216.0,64.0
retained-crossover-avx2,cross/4/unit24/draw4/stride64/spread/update/point,1,3,"[7810.912388391981,7815.48883928483,7811.230468755616]",7811.230468755616,"[7810.959821433602,7818.292410715395,7813.090959826344]",7813.090959826344,"[7.627844129289043,7.632313319614091,7.628154754644156]",7.628154754644156,1024.0,24.0,4.0,24.0,216.0,64.0
retained-crossover-avx2,cross/4/unit24/draw8/stride24/compact/sum/packet,1,3,"[1073.511212145057,1075.5933574783646,1072.4910225790857]",1073.511212145057,"[1075.3308931179806,1075.5998304695759,1072.4974185106041]",1075.3308931179806,"[1.0483507931104075,1.0503841381624655,1.0473545142373883]",1.0483507931104075,1024.0,24.0,8.0,8.0,80.0,24.0
retained-crossover-avx2,cross/4/unit24/draw8/stride24/compact/sum/point,1,3,"[4039.297095195332,4042.3885533523226,4026.9732528066047]",4039.297095195332,"[4040.5924647677166,4042.415875753846,4026.9974115661535]",4040.5924647677166,"[3.944626069526692,3.947645071633128,3.93259106719395]",3.944626069526692,1024.0,24.0,8.0,8.0,80.0,24.0
retained-crossover-avx2,cross/4/unit24/draw8/stride24/compact/update/packet,1,3,"[2066.8132125118864,2065.735895936401,2068.4750073081063]",2066.8132125118864,"[2067.2977199638763,2065.7483192059985,2068.4888921377333]",2067.2977199638763,"[2.018372277843639,2.0173202108753916,2.0199951243243226]",2.018372277843639,1024.0,24.0,8.0,8.0,80.0,24.0
retained-crossover-avx2,cross/4/unit24/draw8/stride24/compact/update/point,1,3,"[8859.820075758935,8831.259469694718,8834.353535358328]",8834.353535358328,"[8877.626262613887,8833.175505052028,8834.412878784124]",8834.412878784124,"[8.652168042733335,8.624276825873748,8.627298374373368]",8.627298374373368,1024.0,24.0,8.0,8.0,80.0,24.0
retained-crossover-avx2,cross/4/unit24/draw8/stride24/spread/sum/packet,1,3,"[2945.3940731386124,2921.7288776803084,2930.7219419941857]",2930.7219419941857,"[2945.9541824275325,2926.5004203421113,2930.7416981914243]",2930.7416981914243,"[2.876361399549426,2.853250857109676,2.862033146478697]",2.862033146478697,1024.0,24.0,8.0,24.0,96.0,24.0
retained-crossover-avx2,cross/4/unit24/draw8/stride24/spread/sum/point,1,3,"[4027.971494384245,4026.0685286496755,4026.5318168715507]",4026.5318168715507,"[4027.995680968452,4027.716671462931,4026.5588828089744]",4027.716671462931,"[3.9335659124846143,3.9317075475094483,3.9321599774136238]",3.9321599774136238,1024.0,24.0,8.0,24.0,96.0,24.0
retained-crossover-avx2,cross/4/unit24/draw8/stride24/spread/update/packet,1,3,"[5602.273306769947,5606.340637451146,5593.532270914834]",5602.273306769947,"[5602.307171310336,5607.3027888444985,5593.565338645239]",5602.307171310336,"[5.470970026142527,5.474942028760886,5.462433858315268]",5.470970026142527,1024.0,24.0,8.0,24.0,96.0,24.0
retained-crossover-avx2,cross/4/unit24/draw8/stride24/spread/update/point,1,3,"[13973.235999998224,13967.875000005846,13994.504999999435]",13973.235999998224,"[14004.479999982777,13971.438999988095,13997.169999981907]",13997.169999981907,"[13.645738281248265,13.64050292969321,13.66650878906195]",13.645738281248265,1024.0,24.0,8.0,24.0,96.0,24.0
retained-crossover-avx2,cross/4/unit24/draw8/stride25/compact/sum/packet,1,3,"[1084.2768387750689,1083.1470247738362,1079.7719379488767]",1083.1470247738362,"[1084.283398936417,1083.1535077565445,1080.1072007404136]",1083.1535077565445,"[1.0588641003662782,1.0577607663806994,1.0544647831532001]",1.0577607663806994,1024.0,24.0,8.0,8.0,83.0,25.0
retained-crossover-avx2,cross/4/unit24/draw8/stride25/compact/sum/point,1,3,"[4029.9899251584466,4041.944732299471,4031.4723661465528]",4031.4723661465528,"[4035.9553828468197,4041.968911917416,4032.987910191704]",4035.9553828468197,"[3.935537036287545,3.9472116526362027,3.936984732564993]",3.936984732564993,1024.0,24.0,8.0,8.0,83.0,25.0
retained-crossover-avx2,cross/4/unit24/draw8/stride25/compact/update/packet,1,3,"[2100.3063211503436,2116.1333133621933,2109.5528759755343]",2109.5528759755343,"[2100.3190533247557,2116.1460455344763,2110.8463151564724]",2110.8463151564724,"[2.0510803917483824,2.0665364388302665,2.0601102304448577]",2.0601102304448577,1024.0,24.0,8.0,8.0,83.0,25.0
retained-crossover-avx2,cross/4/unit24/draw8/stride25/compact/update/point,1,3,"[8826.73514538773,8948.922882426876,8847.550568895349]",8847.550568895349,"[8826.795195959354,8948.976611880968,8855.151074584419]",8855.151074584419,"[8.619858540417706,8.739182502369996,8.640186102436864]",8.640186102436864,1024.0,24.0,8.0,8.0,83.0,25.0
retained-crossover-avx2,cross/4/unit24/draw8/stride25/spread/sum/packet,1,3,"[2938.2899345836877,2940.9274108460713,2932.653724412721]",2938.2899345836877,"[2938.309558976394,2940.945136100034,2933.627136528305]",2938.309558976394,"[2.869423764241882,2.8719994246543665,2.8639196527467985]",2.869423764241882,1024.0,24.0,8.0,24.0,99.0,25.0
retained-crossover-avx2,cross/4/unit24/draw8/stride25/spread/sum/point,1,3,"[4039.1892826266744,4026.768942668005,4025.48977240068]",4026.768942668005,"[4039.216364159568,4032.2039757959346,4025.5139729171706]",4032.2039757959346,"[3.944520783815112,3.9323915455742235,3.931142355860039]",3.9323915455742235,1024.0,24.0,8.0,24.0,99.0,25.0
retained-crossover-avx2,cross/4/unit24/draw8/stride25/spread/update/packet,1,3,"[5608.686116697644,5593.072837021573,5592.356136822541]",5593.072837021573,"[5608.7239436654045,5593.114285710008,5594.051911464911]",5594.051911464911,"[5.477232535837543,5.46198519240388,5.461285289865764]",5.46198519240388,1024.0,24.0,8.0,24.0,99.0,25.0
retained-crossover-avx2,cross/4/unit24/draw8/stride25/spread/update/point,1,3,"[13962.335000002213,13959.615000004533,13953.826000005165]",13959.615000004533,"[13965.59899998806,13959.708999976783,13953.909999997904]",13959.708999976783,"[13.635092773439661,13.632436523441926,13.626783203130046]",13.632436523441926,1024.0,24.0,8.0,24.0,99.0,25.0
retained-crossover-avx2,cross/4/unit24/draw8/stride64/compact/sum/packet,1,3,"[1077.7289683460867,1085.4519774013943,1078.28921910056]",1078.28921910056,"[1078.0674096428822,1085.4577819069946,1078.2964940782292]",1078.2964940782292,"[1.0524696956504755,1.0600116966810489,1.0530168155278907]",1.0530168155278907,1024.0,24.0,8.0,8.0,200.0,64.0
retained-crossover-avx2,cross/4/unit24/draw8/stride64/compact/sum/point,1,3,"[4047.0403132240763,4041.707076567959,4038.615139211644]",4041.707076567959,"[4047.9231438535076,4042.6012180980465,4039.123839910636]",4042.6012180980465,"[3.952187805882887,3.9469795669608976,3.943960096886371]",3.9469795669608976,1024.0,24.0,8.0,8.0,200.0,64.0
retained-crossover-avx2,cross/4/unit24/draw8/stride64/compact/update/packet,1,3,"[2116.628541130439,2115.5394637176955,2112.782154220809]",2115.5394637176955,"[2119.7773064695994,2116.2155733996296,2112.796545978133]",2116.2155733996296,"[2.067020059697694,2.065956507536812,2.0632638224812587]",2.065956507536812,1024.0,24.0,8.0,8.0,200.0,64.0
retained-crossover-avx2,cross/4/unit24/draw8/stride64/compact/update/point,1,3,"[8940.731475618231,8869.421152625946,8847.444585184576]",8869.421152625946,"[8940.78594047841,8871.37998732478,8847.491450279449]",8871.37998732478,"[8.731183081658429,8.661544094361275,8.640082602719312]",8.661544094361275,1024.0,24.0,8.0,8.0,200.0,64.0
retained-crossover-avx2,cross/4/unit24/draw8/stride64/spread/sum/packet,1,3,"[2935.199332778149,2944.094036695489,2923.937864888346]",2935.199332778149,"[2935.2189324446776,2944.816722271777,2923.9553794852914]",2935.2189324446776,"[2.8664055984161605,2.8750918327104387,2.855408071180025]",2.8664055984161605,1024.0,24.0,8.0,24.0,216.0,64.0
retained-crossover-avx2,cross/4/unit24/draw8/stride64/spread/sum/point,1,3,"[4043.9053664202515,4044.926428160251,4042.710905942555]",4043.9053664202515,"[4043.929601848047,4047.281881130064,4042.7351413785514]",4043.929601848047,"[3.949126334394777,3.950123465000245,3.9479598690845266]",3.949126334394777,1024.0,24.0,8.0,24.0,216.0,64.0
retained-crossover-avx2,cross/4/unit24/draw8/stride64/spread/update/packet,1,3,"[5761.761589405969,5757.15024834568,5767.754552976549]",5761.761589405969,"[5761.7959437060945,5766.2164735084925,5767.785182115215]",5766.2164735084925,"[5.626720302154267,5.622217039400079,5.6325728056411615]",5.626720302154267,1024.0,24.0,8.0,24.0,216.0,64.0
retained-crossover-avx2,cross/4/unit24/draw8/stride64/spread/update/point,1,3,"[13967.514940240591,13979.159362548786,13988.461155379237]",13979.159362548786,"[13967.609561744672,13979.243027908507,13994.731075689491]",13979.243027908507,"[13.640151308828703,13.651522814989049,13.660606597050037]",13.651522814989049,1024.0,24.0,8.0,24.0,216.0,64.0
retained-crossover-avx2,cross/4/unit32/draw2/stride32/compact/sum/packet,1,3,"[979.0734194896261,975.9584352080263,977.5093258816595]",977.5093258816595,"[979.0792176057097,975.9643031771865,979.5074397485172]",979.0792176057097,"[0.956126386220338,0.9530844093828381,0.9545989510563082]",0.9545989510563082,1024.0,32.0,2.0,2.0,98.0,32.0
retained-crossover-avx2,cross/4/unit32/draw2/stride32/compact/sum/point,1,3,"[1960.2452936232125,1962.0785332957323,1962.5126439999704]",1962.0785332957323,"[1960.2568137130804,1962.3235459380448,1966.8781961241943]",1962.3235459380448,"[1.9143020445539185,1.9160923176716138,1.9165162539062213]",1.9160923176716138,1024.0,32.0,2.0,2.0,98.0,32.0
retained-crossover-avx2,cross/4/unit32/draw2/stride32/compact/update/packet,1,3,"[1965.7296995107681,1957.247379454638,1949.187421383323]",1957.247379454638,"[1966.8719776356402,1957.2591194955519,1949.1990216633108]",1957.2591194955519,"[1.9196579096784847,1.9113743939986698,1.9035033411946511]",1.9113743939986698,1024.0,32.0,2.0,2.0,98.0,32.0
retained-crossover-avx2,cross/4/unit32/draw2/stride32/compact/update/point,1,3,"[3714.217276100904,3713.2816640170713,3710.859830417953]",3713.2816640170713,"[3714.976152619498,3720.985426602353,3711.070217279627]",3714.976152619498,"[3.6271653086922897,3.626251625016671,3.6238865531425324]",3.626251625016671,1024.0,32.0,2.0,2.0,98.0,32.0
retained-crossover-avx2,cross/4/unit32/draw2/stride32/spread/sum/packet,1,3,"[1377.841064119524,1382.863574351917,1382.1579614117873]",1382.1579614117873,"[1378.2391346725055,1382.8717598914754,1382.1681933338123]",1382.1681933338123,"[1.3455479141792226,1.3504527093280438,1.3497636341911985]",1.3497636341911985,1024.0,32.0,2.0,32.0,128.0,32.0
retained-crossover-avx2,cross/4/unit32/draw2/stride32/spread/sum/point,1,3,"[1962.0092566617761,1998.0553997185677,1961.3401122026883]",1962.0092566617761,"[1962.0208976139647,1998.5119214590966,1961.8399719517301]",1962.0208976139647,"[1.9160246647087658,1.9512259762876636,1.9153712033229375]",1.9160246647087658,1024.0,32.0,2.0,32.0,128.0,32.0
retained-crossover-avx2,cross/4/unit32/draw2/stride32/spread/update/packet,1,3,"[2670.8159556140627,2677.2077673608287,2665.7597092035758]",2670.8159556140627,"[2670.831834704041,2678.224411708686,2665.775588290835]",2670.831834704041,"[2.6082187066543585,2.614460710313309,2.603280966019117]",2.6082187066543585,1024.0,32.0,2.0,32.0,128.0,32.0
retained-crossover-avx2,cross/4/unit32/draw2/stride32/spread/update/point,1,3,"[4503.885668277368,4528.201288247845,4528.691143320793]",4528.201288247845,"[4503.909500805231,4529.25571658265,4528.721417068446]",4528.721417068446,"[4.398325847927117,4.422071570554536,4.422549944649212]",4.422071570554536,1024.0,32.0,2.0,32.0,128.0,32.0
retained-crossover-avx2,cross/4/unit32/draw2/stride33/compact/sum/packet,1,3,"[1006.6990627250897,1007.4307858678895,1009.0133381403105]",1007.4307858678895,"[1008.072674837488,1007.4361211247914,1013.0648161500766]",1008.072674837488,"[0.9831045534424704,0.9838191268241109,0.9853645880276469]",0.9838191268241109,1024.0,32.0,2.0,2.0,101.0,33.0
retained-crossover-avx2,cross/4/unit32/draw2/stride33/compact/sum/point,1,3,"[1990.5839645565861,1978.1427754763838,1994.0481634987414]",1990.5839645565861,"[1990.5958267816973,1978.4704873520911,1994.4816349863372]",1990.5958267816973,"[1.9439296528872911,1.9317800541761558,1.9473126596667396]",1.9439296528872911,1024.0,32.0,2.0,2.0,101.0,33.0
retained-crossover-avx2,cross/4/unit32/draw2/stride33/compact/update/packet,1,3,"[1976.0272379069152,1981.1696694560862,1983.449425449975]",1981.1696694560862,"[1976.038870762594,1981.181586043001,1983.4627606769413]",1981.181586043001,"[1.9297140995184718,1.9347360053282094,1.9369623295409915]",1.9347360053282094,1024.0,32.0,2.0,2.0,101.0,33.0
retained-crossover-avx2,cross/4/unit32/draw2/stride33/compact/update/point,1,3,"[3714.437799044626,3710.3498139254457,3709.9880382773154]",3710.3498139254457,"[3714.4598617743186,3710.3689526867875,3710.0103668278075]",3710.3689526867875,"[3.6273806631295176,3.6233884901615676,3.6230351936301908]",3.6233884901615676,1024.0,32.0,2.0,2.0,101.0,33.0
retained-crossover-avx2,cross/4/unit32/draw2/stride33/spread/sum/packet,1,3,"[1389.477538583042,1385.2065270802989,1387.3916248891644]",1387.3916248891644,"[1389.7100167100516,1385.2157672258481,1392.760247713922]",1389.7100167100516,"[1.3569116587725016,1.3527407491018544,1.3548746336808246]",1.3548746336808246,1024.0,32.0,2.0,32.0,131.0,33.0
retained-crossover-avx2,cross/4/unit32/draw2/stride33/spread/sum/point,1,3,"[1985.7009411433896,1967.4499227424471,1966.2459615106332]",1967.4499227424471,"[1986.207332488971,1967.4615816837754,1966.2563562288547]",1967.4615816837754,"[1.9391610753353414,1.9213378151781713,1.9201620717877277]",1.9213378151781713,1024.0,32.0,2.0,32.0,131.0,33.0
retained-crossover-avx2,cross/4/unit32/draw2/stride33/spread/update/packet,1,3,"[2686.0420569689304,2675.768495505288,2675.5486522652627]",2675.768495505288,"[2686.0600267672257,2676.197476582546,2675.5666220608414]",2676.197476582546,"[2.6230879462587215,2.613055171391882,2.6128404807277956]",2.613055171391882,1024.0,32.0,2.0,32.0,131.0,33.0
retained-crossover-avx2,cross/4/unit32/draw2/stride33/spread/update/point,1,3,"[4509.065153970398,4511.716369526657,4509.784440840838]",4509.784440840838,"[4509.091734192592,4512.706320910193,4509.811345222532]",4509.811345222532,"[4.4033839394242165,4.405973017115876,4.404086368008631]",4.404086368008631,1024.0,32.0,2.0,32.0,131.0,33.0
retained-crossover-avx2,cross/4/unit32/draw2/stride64/compact/sum/packet,1,3,"[1025.2295094010128,1027.678172738652,1032.6869124564507]",1027.678172738652,"[1025.2364130427918,1027.8825646304954,1032.949397767128]",1027.8825646304954,"[1.0012006927744266,1.0035919655650898,1.0084833129457527]",1.0035919655650898,1024.0,32.0,2.0,2.0,194.0,64.0
retained-crossover-avx2,cross/4/unit32/draw2/stride64/compact/sum/point,1,3,"[1970.241413287546,1969.411036035102,1978.414273647996]",1970.241413287546,"[1970.2546452716228,1971.7974380640412,1978.9384853610727]",1971.7974380640412,"[1.9240638801636192,1.9232529648780292,1.932045189109371]",1.9240638801636192,1024.0,32.0,2.0,2.0,194.0,64.0
retained-crossover-avx2,cross/4/unit32/draw2/stride64/compact/update/packet,1,3,"[2029.485710139351,2030.4941244731883,2032.5221238931792]",2030.4941244731883,"[2029.4978964162915,2030.5076164231737,2033.0884955740394]",2030.5076164231737,"[1.98191963880796,1.982904418430848,1.9848848866144326]",1.982904418430848,1024.0,32.0,2.0,2.0,194.0,64.0
retained-crossover-avx2,cross/4/unit32/draw2/stride64/compact/update/point,1,3,"[3714.52532484743,3712.9981437310735,3715.448156988432]",3714.52532484743,"[3714.5502519226543,3713.014850175428,3716.1705118047203]",3714.5502519226543,"[3.6274661375463184,3.625974749737377,3.628367340809016]",3.6274661375463184,1024.0,32.0,2.0,2.0,194.0,64.0
retained-crossover-avx2,cross/4/unit32/draw2/stride64/spread/sum/packet,1,3,"[1386.2532082919624,1386.854392893504,1389.0835143146373]",1386.854392893504,"[1386.2615004940305,1386.8617966449997,1389.6770977320018]",1386.8617966449997,"[1.3537628987226196,1.3543499930600627,1.3565268694478878]",1.3543499930600627,1024.0,32.0,2.0,32.0,224.0,64.0
retained-crossover-avx2,cross/4/unit32/draw2/stride64/spread/sum/point,1,3,"[1973.0373963159345,1966.8740334606894,1981.5599606351984]",1973.0373963159345,"[1973.511879659095,1966.8872486984878,1981.5730352888254]",1973.511879659095,"[1.9267943323397798,1.9207754233014545,1.935117149057811]",1.9267943323397798,1024.0,32.0,2.0,32.0,224.0,64.0
retained-crossover-avx2,cross/4/unit32/draw2/stride64/spread/update/packet,1,3,"[2746.670925890256,2740.4336544139805,2750.4452526020286]",2746.670925890256,"[2751.3070572006627,2740.449970511701,2750.46176527998]",2750.46176527998,"[2.6822958260647027,2.6762047406386524,2.6859816919941686]",2.6822958260647027,1024.0,32.0,2.0,32.0,224.0,64.0
retained-crossover-avx2,cross/4/unit32/draw2/stride64/spread/update/point,1,3,"[4523.620343373245,4522.1687722716515,4519.703595725726]",4522.1687722716515,"[4524.677356662796,4522.195983153653,4528.687722709746]",4524.677356662796,"[4.417597991575435,4.416180441671535,4.413773042700904]",4.416180441671535,1024.0,32.0,2.0,32.0,224.0,64.0
retained-crossover-avx2,cross/4/unit32/draw4/stride32/compact/sum/packet,1,3,"[993.4564091652109,991.4098744420406,987.3424132794896]",991.4098744420406,"[993.6574448475701,991.4158331571538,987.34830105525]",991.4158331571538,"[0.9701722745754013,0.9681737055098053,0.9642015754682516]",0.9681737055098053,1024.0,32.0,4.0,4.0,100.0,32.0
retained-crossover-avx2,cross/4/unit32/draw4/stride32/compact/sum/point,1,3,"[2605.9318730292557,2593.444588824138,2593.808242063829]",2593.808242063829,"[2606.2500464056047,2593.4618526067693,2593.8255058464606]",2593.8255058464606,"[2.5448553447551325,2.5326607312735723,2.533015861390458]",2.533015861390458,1024.0,32.0,4.0,4.0,100.0,32.0
retained-crossover-avx2,cross/4/unit32/draw4/stride32/compact/update/packet,1,3,"[2081.276831975509,2062.49533678692,2055.1924500364244]",2062.49533678692,"[2081.287786825728,2066.8318282742935,2055.20621761766]",2066.8318282742935,"[2.032496906226083,2.0141556023309763,2.0070238769886957]",2.0141556023309763,1024.0,32.0,4.0,4.0,100.0,32.0
retained-crossover-avx2,cross/4/unit32/draw4/stride32/compact/update/point,1,3,"[4980.318959370674,4987.1724875232085,4981.388096935405]",4981.388096935405,"[4980.348538849478,4988.053813252006,4982.993228796839]",4982.993228796839,"[4.863592733760424,4.870285632346883,4.864636813413482]",4.864636813413482,1024.0,32.0,4.0,4.0,100.0,32.0
retained-crossover-avx2,cross/4/unit32/draw4/stride32/spread/sum/packet,1,3,"[1842.0920584754588,1874.2441722647798,1846.5119188720662]",1846.5119188720662,"[1842.1031212973937,1874.4975635466014,1846.5229816940011]",1846.5229816940011,"[1.7989180258549404,1.830316574477324,1.8032342957735021]",1.8032342957735021,1024.0,32.0,4.0,32.0,128.0,32.0
retained-crossover-avx2,cross/4/unit32/draw4/stride32/spread/sum/point,1,3,"[2600.149647233192,2598.7402525062603,2611.9617526928882]",2600.149647233192,"[2601.3830300787317,2598.7577051587787,2612.3559227610954]",2601.3830300787317,"[2.539208639876164,2.5378322778381452,2.5507438991141487]",2.539208639876164,1024.0,32.0,4.0,32.0,128.0,32.0
retained-crossover-avx2,cross/4/unit32/draw4/stride32/spread/update/packet,1,3,"[3380.0061289533783,3388.3956852154133,3400.717087521205]",3388.3956852154133,"[3380.0264770822155,3388.413336598533,3407.2831576353483]",3388.413336598533,"[3.3007872353060335,3.308980161343177,3.3210127807824272]",3.308980161343177,1024.0,32.0,4.0,32.0,128.0,32.0
retained-crossover-avx2,cross/4/unit32/draw4/stride32/spread/update/point,1,3,"[7810.466778340211,7811.085985484731,7811.974316026434]",7811.085985484731,"[7810.513121167299,7811.138470122622,7814.767727527429]",7811.138470122622,"[7.627408963222862,7.628013657699933,7.628881167994565]",7.628013657699933,1024.0,32.0,4.0,32.0,128.0,32.0
retained-crossover-avx2,cross/4/unit32/draw4/stride33/compact/sum/packet,1,3,"[1015.7441167928213,1009.5857059852339,1009.9938262635899]",1009.9938262635899,"[1015.7502178963032,1009.5910081348112,1009.9998547346173]",1009.9998547346173,"[0.9919376140554895,0.9859235410012048,0.9863220959605371]",0.9863220959605371,1024.0,32.0,4.0,4.0,103.0,33.0
retained-crossover-avx2,cross/4/unit32/draw4/stride33/compact/sum/point,1,3,"[2601.3156331240234,2601.5660972906558,2618.9407723711824]",2601.5660972906558,"[2601.3310434424216,2601.5816932789107,2618.9546973650304]",2601.5816932789107,"[2.540347297972679,2.540591891885406,2.557559348018733]",2.540591891885406,1024.0,32.0,4.0,4.0,103.0,33.0
retained-crossover-avx2,cross/4/unit32/draw4/stride33/compact/update/packet,1,3,"[2056.777136087342,2057.5869983709663,2064.232933511549]",2057.5869983709663,"[2057.1491189132125,2057.5992892030563,2068.2110173270153]",2057.5992892030563,"[2.0085714219602955,2.0093623030966468,2.0158524741323722]",2.0093623030966468,1024.0,32.0,4.0,4.0,103.0,33.0
retained-crossover-avx2,cross/4/unit32/draw4/stride33/compact/update/point,1,3,"[4991.549371635028,4996.091561935911,5003.215798923687]",4996.091561935911,"[4992.419748655356,5001.76588869024,5003.249192100361]",5001.76588869024,"[4.874559933237332,4.878995665953037,4.885952928636413]",4.878995665953037,1024.0,32.0,4.0,4.0,103.0,33.0
retained-crossover-avx2,cross/4/unit32/draw4/stride33/spread/sum/packet,1,3,"[1864.2568917307076,1859.3361299788342,1852.0277000941767]",1859.3361299788342,"[1864.5770408831575,1859.345984815776,1852.039952055715]",1859.345984815776,"[1.8205633708307694,1.8157579394324554,1.8086208008732194]",1.8157579394324554,1024.0,32.0,4.0,32.0,131.0,33.0
retained-crossover-avx2,cross/4/unit32/draw4/stride33/spread/sum/point,1,3,"[2605.898510243747,2608.2189944145457,2608.4608938540687]",2608.2189944145457,"[2605.914152703142,2608.5733705779685,2608.47653631611]",2608.47653631611,"[2.544822763909909,2.5470888617329543,2.547325091654364]",2.5470888617329543,1024.0,32.0,4.0,32.0,131.0,33.0
retained-crossover-avx2,cross/4/unit32/draw4/stride33/spread/update/packet,1,3,"[3394.6143952500656,3438.33415780579,3419.3408360129415]",3419.3408360129415,"[3394.6344298803538,3438.8026218124864,3419.36136531665]",3419.36136531665,"[3.3150531203613918,3.3577482009822166,3.339200035168888]",3.339200035168888,1024.0,32.0,4.0,32.0,131.0,33.0
retained-crossover-avx2,cross/4/unit32/draw4/stride33/spread/update/point,1,3,"[7812.359017312709,7814.737576775133,7808.942490229874]",7812.359017312709,"[7812.4115019426645,7815.739251808641,7808.994416534312]",7812.4115019426645,"[7.629256852844442,7.631579664819466,7.625920400615112]",7.629256852844442,1024.0,32.0,4.0,32.0,131.0,33.0
retained-crossover-avx2,cross/4/unit32/draw4/stride64/compact/sum/packet,1,3,"[1022.8490566042681,1028.6611880889584,1025.864165683866]",1025.864165683866,"[1024.043189859858,1028.8361586092112,1025.8710937510007]",1025.8710937510007,"[0.9988760318401056,1.0045519414931234,1.0018204743006505]",1.0018204743006505,1024.0,32.0,4.0,4.0,196.0,64.0
retained-crossover-avx2,cross/4/unit32/draw4/stride64/compact/sum/point,1,3,"[2607.5596347381243,2614.661759226669,2617.792769287571]",2614.661759226669,"[2607.575102496064,2614.67946328744,2619.1779724197913]",2614.67946328744,"[2.5464449557989495,2.553380624244794,2.5564382512573935]",2.553380624244794,1024.0,32.0,4.0,4.0,196.0,64.0
retained-crossover-avx2,cross/4/unit32/draw4/stride64/compact/update/packet,1,3,"[2054.3488710857655,2060.2279679539156,2059.5565914060335]",2059.5565914060335,"[2054.361252729198,2060.2416605957887,2060.3523670788245]",2060.2416605957887,"[2.006200069419693,2.0119413749549957,2.0112857337949546]",2.0112857337949546,1024.0,32.0,4.0,4.0,196.0,64.0
retained-crossover-avx2,cross/4/unit32/draw4/stride64/compact/update/point,1,3,"[5063.797395081502,5076.481548481729,5070.844790156795]",5070.844790156795,"[5065.705137478425,5076.551736618107,5073.715267723965]",5073.715267723965,"[4.945114643634279,4.9575015121891886,4.951996865387495]",4.951996865387495,1024.0,32.0,4.0,4.0,196.0,64.0
retained-crossover-avx2,cross/4/unit32/draw4/stride64/spread/sum/packet,1,3,"[1851.5484084889883,1850.5856763934707,1872.1770557031]",1851.5484084889883,"[1851.559416445103,1850.5966843495853,1878.558355437644]",1851.559416445103,"[1.808152742665028,1.8072125746029988,1.8282979059600588]",1.808152742665028,1024.0,32.0,4.0,32.0,224.0,64.0
retained-crossover-avx2,cross/4/unit32/draw4/stride64/spread/sum/point,1,3,"[2627.906185761684,2621.0717622876336,2615.265557839484]",2621.0717622876336,"[2628.3629228181326,2621.3733881490293,2620.3586245557894]",2621.3733881490293,"[2.566314634532895,2.5596403928590172,2.553970271327621]",2.5596403928590172,1024.0,32.0,4.0,32.0,224.0,64.0
retained-crossover-avx2,cross/4/unit32/draw4/stride64/spread/update/packet,1,3,"[3542.9256365018027,3622.411141920237,3540.251071338226]",3542.9256365018027,"[3544.824552552505,3622.4328207671742,3540.2694731591996]",3544.824552552505,"[3.4598883168962917,3.5375108807814817,3.4572764368537365]",3.4598883168962917,1024.0,32.0,4.0,32.0,224.0,64.0
retained-crossover-avx2,cross/4/unit32/draw4/stride64/spread/update/point,1,3,"[7812.006138395246,7814.049107141801,7815.025111609522]",7814.049107141801,"[7813.66573660807,7814.101004461576,7815.071986613401]",7814.101004461576,"[7.6289122445266075,7.630907331193164,7.631860460556174]",7.630907331193164,1024.0,32.0,4.0,32.0,224.0,64.0
retained-crossover-avx2,cross/4/unit32/draw8/stride32/compact/sum/packet,1,3,"[1081.3356217225555,1074.332381980518,1075.980098735287]",1075.980098735287,"[1083.9100586226311,1074.339555693203,1076.236423943663]",1076.236423943663,"[1.0559918180884331,1.0491527167778498,1.0507618151711786]",1.0507618151711786,1024.0,32.0,8.0,8.0,104.0,32.0
retained-crossover-avx2,cross/4/unit32/draw8/stride32/compact/sum/point,1,3,"[4033.5038848914387,4030.657553958891,4030.004604316719]",4030.657553958891,"[4042.5119424454224,4030.681726614583,4031.0328057598745]",4031.0328057598745,"[3.938968637589296,3.93618901753798,3.935551371403046]",3.93618901753798,1024.0,32.0,8.0,8.0,104.0,32.0
retained-crossover-avx2,cross/4/unit32/draw8/stride32/compact/update/packet,1,3,"[2089.309033988809,2101.449761478736,2095.954979128549]",2095.954979128549,"[2089.3215563512044,2101.9870304092005,2095.9689922451953]",2095.9689922451953,"[2.0403408535046963,2.052197032694078,2.046831034305224]",2.046831034305224,1024.0,32.0,8.0,8.0,104.0,32.0
retained-crossover-avx2,cross/4/unit32/draw8/stride32/compact/update/point,1,3,"[8919.204689478078,8843.317490494499,8854.484157159772]",8854.484157159772,"[8919.25792141264,8847.103295304261,8854.536755387475]",8854.536755387475,"[8.710160829568435,8.636052236811034,8.646957184726341]",8.646957184726341,1024.0,32.0,8.0,8.0,104.0,32.0
retained-crossover-avx2,cross/4/unit32/draw8/stride32/spread/sum/packet,1,3,"[2940.0551853389507,2958.2436484816126,2939.1680549771836]",2940.0551853389507,"[2940.072886299089,2965.43107038753,2939.1857559373225]",2940.072886299089,"[2.8711476419325686,2.8889098129703252,2.870281303688656]",2.8711476419325686,1024.0,32.0,8.0,32.0,128.0,32.0
retained-crossover-avx2,cross/4/unit32/draw8/stride32/spread/sum/point,1,3,"[4040.4731090005716,4025.3971814811316,4027.0046016700962]",4027.0046016700962,"[4040.4943917152737,4026.2608570563143,4034.6531492659005]",4034.6531492659005,"[3.9457745205083707,3.9310519350401676,3.9326216813184534]",3.9326216813184534,1024.0,32.0,8.0,32.0,128.0,32.0
retained-crossover-avx2,cross/4/unit32/draw8/stride32/spread/update/packet,1,3,"[5648.3226709300225,5687.371451417061,5592.477009196388]",5648.3226709300225,"[5648.356257503857,5689.372650939473,5592.510595753178]",5648.356257503857,"[5.5159401083301,5.554073683024473,5.461403329293348]",5.5159401083301,1024.0,32.0,8.0,32.0,128.0,32.0
retained-crossover-avx2,cross/4/unit32/draw8/stride32/spread/update/point,1,3,"[13957.22777221618,13952.242757237504,13975.320679311902]",13957.22777221618,"[13957.311688307038,13952.326673342559,13978.67032965832]",13957.311688307038,"[13.630105246304861,13.625237067614748,13.64777410089053]",13.630105246304861,1024.0,32.0,8.0,32.0,128.0,32.0
retained-crossover-avx2,cross/4/unit32/draw8/stride33/compact/sum/packet,1,3,"[1111.1031733374805,1111.3375059807788,1117.4386062820897]",1111.3375059807788,"[1111.1097113696667,1113.9315101267619,1117.828017858552]",1113.9315101267619,"[1.0850616927123833,1.0852905331843543,1.0912486389473532]",1.0852905331843543,1024.0,32.0,8.0,8.0,107.0,33.0
retained-crossover-avx2,cross/4/unit32/draw8/stride33/compact/sum/point,1,3,"[4031.984104045048,4030.611560692856,4027.761560694236]",4030.611560692856,"[4032.008381503704,4030.638439312931,4027.7884393060963]",4030.638439312931,"[3.937484476606492,3.9361441022391173,3.9333608991154647]",3.9361441022391173,1024.0,32.0,8.0,8.0,107.0,33.0
retained-crossover-avx2,cross/4/unit32/draw8/stride33/compact/update/packet,1,3,"[2130.7196703810273,2127.1806806058385,2128.2504196551686]",2128.2504196551686,"[2134.103311460036,2127.1933465608686,2128.2646116300266]",2128.2646116300266,"[2.080780928106472,2.077324883404139,2.0783695504445]",2.0783695504445,1024.0,32.0,8.0,8.0,107.0,33.0
retained-crossover-avx2,cross/4/unit32/draw8/stride33/compact/update/point,1,3,"[8856.19062697334,8852.967701080952,8877.2292590227]",8856.19062697334,"[8856.243825195468,8853.020265997553,8877.288790372082]",8856.243825195468,"[8.648623659153653,8.645476270586867,8.669169198264356]",8.648623659153653,1024.0,32.0,8.0,8.0,107.0,33.0
retained-crossover-avx2,cross/4/unit32/draw8/stride33/spread/sum/packet,1,3,"[2927.4650723711147,2927.90119572168,2934.551290120148]",2927.90119572168,"[2927.897839315741,2927.9188168685123,2935.311306901727]",2927.9188168685123,"[2.8588526097374167,2.859278511446953,2.8657727442579572]",2.859278511446953,1024.0,32.0,8.0,32.0,131.0,33.0
retained-crossover-avx2,cross/4/unit32/draw8/stride33/spread/sum/point,1,3,"[4033.3023390122735,4035.196361535845,4030.0822985862324]",4033.3023390122735,"[4033.8431995384663,4035.2235056348586,4030.1091539090235]",4033.8431995384663,"[3.938771815441673,3.9406214468123486,3.935627244713118]",3.938771815441673,1024.0,32.0,8.0,32.0,131.0,33.0
retained-crossover-avx2,cross/4/unit32/draw8/stride33/spread/update/packet,1,3,"[5613.275225594044,5629.813781787717,5617.696882694481]",5617.696882694481,"[5614.002050856675,5636.668170631306,5617.730926988618]",5617.730926988618,"[5.481714087494184,5.497865021277068,5.486032112006329]",5.486032112006329,1024.0,32.0,8.0,32.0,131.0,33.0
retained-crossover-avx2,cross/4/unit32/draw8/stride33/spread/update/point,1,3,"[13960.334995023546,13956.87437686439,13972.149551347393]",13960.334995023546,"[13963.957128614282,13956.958125625059,13975.731804604244]",13963.957128614282,"[13.63313964357768,13.629760133656632,13.64467729623769]",13.63313964357768,1024.0,32.0,8.0,32.0,131.0,33.0
retained-crossover-avx2,cross/4/unit32/draw8/stride64/compact/sum/packet,1,3,"[1101.630641329463,1109.4256532070333,1102.887965162125]",1102.887965162125,"[1101.638083928758,1109.6499604118133,1102.893745050912]",1102.893745050912,"[1.0758111731733038,1.0834234894599934,1.0770390284786377]",1.0770390284786377,1024.0,32.0,8.0,8.0,200.0,64.0
retained-crossover-avx2,cross/4/unit32/draw8/stride64/compact/sum/point,1,3,"[4043.026581913575,4043.6654146193373,4042.6105171908184]",4043.026581913575,"[4043.0508523576514,4044.966483678498,4042.631898294261]",4043.0508523576514,"[3.948268146399975,3.9488920064641966,3.947861833194158]",3.948268146399975,1024.0,32.0,8.0,8.0,200.0,64.0
retained-crossover-avx2,cross/4/unit32/draw8/stride64/compact/update/packet,1,3,"[2123.5855565793695,2129.3508126339975,2117.251609935011]",2123.5855565793695,"[2123.596749464279,2132.9359092271657,2117.4958601639664]",2123.596749464279,"[2.07381402009704,2.079444152962888,2.067628525327159]",2.07381402009704,1024.0,32.0,8.0,8.0,200.0,64.0
retained-crossover-avx2,cross/4/unit32/draw8/stride64/compact/update/point,1,3,"[8876.476766385455,8860.398472315957,8888.189051555322]",8876.476766385455,"[8907.879694463432,8862.761298537787,8888.242520687689]",8888.242520687689,"[8.668434342173295,8.652732883121052,8.679872120659493]",8.668434342173295,1024.0,32.0,8.0,8.0,200.0,64.0
retained-crossover-avx2,cross/4/unit32/draw8/stride64/spread/sum/packet,1,3,"[2942.7666319081086,2952.1574556841306,2932.074035452677]",2942.7666319081086,"[2942.786235662159,2952.1730969776972,2932.8777893598567]",2942.786235662159,"[2.8737955389727623,2.8829662653165333,2.863353550246755]",2.8737955389727623,1024.0,32.0,8.0,32.0,224.0,64.0
retained-crossover-avx2,cross/4/unit32/draw8/stride64/spread/sum/point,1,3,"[4043.3795302988933,4046.513482169757,4049.786894749959]",4046.513482169757,"[4043.4035952462154,4046.5407364465536,4067.2597854424075]",4046.5407364465536,"[3.9486128225575126,3.9516733224314033,3.954870014404257]",3.9516733224314033,1024.0,32.0,8.0,32.0,224.0,64.0
retained-crossover-avx2,cross/4/unit32/draw8/stride64/spread/update/packet,1,3,"[5811.663240137091,5762.140624999748,5764.993832237474]",5764.993832237474,"[5811.698190787652,5762.1788651301085,5766.710115125213]",5766.710115125213,"[5.675452382946378,5.6270904541013165,5.629876789294408]",5.629876789294408,1024.0,32.0,8.0,32.0,224.0,64.0
retained-crossover-avx2,cross/4/unit32/draw8/stride64/spread/update/point,1,3,"[13970.834165826835,13964.090909100603,13960.495504495195]",13964.090909100603,"[13970.92707291678,13996.262737265368,13960.587412608904]",13970.92707291678,"[13.643392740065266,13.636807528418558,13.633296391108589]",13.636807528418558,1024.0,32.0,8.0,32.0,224.0,64.0
retained-crossover-avx512,cross/2/unit12/draw2/stride12/compact/sum/packet,1,3,"[1302.6804235677075,1269.5198660511883,1269.7579871482083]",1269.7579871482083,"[1302.6892931471482,1270.1286089218027,1269.7664947051926]",1270.1286089218027,"[1.2721488511403394,1.2397654941906135,1.2399980343244221]",1.2399980343244221,1024.0,12.0,2.0,2.0,14.0,12.0
retained-crossover-avx512,cross/2/unit12/draw2/stride12/compact/sum/point,1,3,"[13792.313534565697,13669.722492695651,13719.712755599641]",13719.712755599641,"[13792.416747799396,13676.98247319947,13739.650438155957]",13739.650438155957,"[13.469056186099316,13.349338371773097,13.398156987890273]",13.398156987890273,1024.0,12.0,2.0,2.0,14.0,12.0
retained-crossover-avx512,cross/2/unit12/draw2/stride12/compact/sum/window,1,3,"[1444.7531003379322,1446.150968535358,1449.7729834989907]",1446.150968535358,"[1444.7619145233493,1446.7173311441572,1449.9817566865388]",1446.7173311441572,"[1.410891699548762,1.4122568052103106,1.4157939291982329]",1.4122568052103106,1024.0,12.0,2.0,2.0,14.0,12.0
retained-crossover-avx512,cross/2/unit12/draw2/stride12/compact/update/packet,1,3,"[2815.5794902911966,2816.3561893206324,2819.9263754041135]",2816.3561893206324,"[2815.596682848535,2820.8456715212296,2820.2629449839433]",2820.2629449839433,"[2.7495893459874963,2.75034784113343,2.75383435098058]",2.75034784113343,1024.0,12.0,2.0,2.0,14.0,12.0
retained-crossover-avx512,cross/2/unit12/draw2/stride12/compact/update/point,1,3,"[15297.514563108467,15306.359223302448,15333.253505933164]",15306.359223302448,"[15299.473570672331,15306.454153203138,15335.10463863061]",15306.454153203138,"[14.938979065535614,14.947616429006297,14.973880376887855]",14.947616429006297,1024.0,12.0,2.0,2.0,14.0,12.0
retained-crossover-avx512,cross/2/unit12/draw2/stride12/compact/update/window,1,3,"[2680.235576922959,2672.7973076923204,2665.791346153549]",2672.7973076923204,"[2680.2557692371042,2672.8153846114274,2666.269230764748]",2672.8153846114274,"[2.617417555588827,2.610153620793282,2.6033118614780753]",2.610153620793282,1024.0,12.0,2.0,2.0,14.0,12.0
retained-crossover-avx512,cross/2/unit12/draw2/stride12/spread/sum/packet,1,3,"[1814.6472571654813,1813.1728699261143,1815.549863830866]",1814.6472571654813,"[1817.1780573227118,1816.094021523388,1815.5623135794713]",1816.094021523388,"[1.7721164620756653,1.7706766307872213,1.77299791389733]",1.7721164620756653,1024.0,12.0,2.0,12.0,24.0,12.0
retained-crossover-avx512,cross/2/unit12/draw2/stride12/spread/sum/point,1,3,"[13810.415444770746,13714.296187683603,13779.996089932934]",13779.996089932934,"[13816.462365612932,13714.380254154776,13780.089931569035]",13780.089931569035,"[13.486733832783932,13.392867370784767,13.457027431575131]",13.457027431575131,1024.0,12.0,2.0,12.0,24.0,12.0
retained-crossover-avx512,cross/2/unit12/draw2/stride12/spread/sum/window,1,3,"[1495.635069075642,1483.0504782144978,1481.4639744951687]",1483.0504782144978,"[1495.8619553633189,1483.0585547295125,1481.4750265634386]",1483.0585547295125,"[1.4605811221441816,1.4482914826313456,1.4467421625929382]",1.4482914826313456,1024.0,12.0,2.0,12.0,24.0,12.0
retained-crossover-avx512,cross/2/unit12/draw2/stride12/spread/update/packet,1,3,"[4739.094726235303,4708.490090695105,4687.885791065147]",4708.490090695105,"[4739.987235472647,4731.2230433345285,4786.729257637528]",4739.987235472647,"[4.628022193589163,4.598134854194439,4.578013467837057]",4.598134854194439,1024.0,12.0,2.0,12.0,24.0,12.0
retained-crossover-avx512,cross/2/unit12/draw2/stride12/spread/update/point,1,3,"[15951.75347222253,15915.954861110025,15905.168981480258]",15915.954861110025,"[15951.863425898324,15960.63541663705,15905.265046290684]",15951.863425898324,"[15.577884250217316,15.54292466905276,15.532391583476814]",15.54292466905276,1024.0,12.0,2.0,12.0,24.0,12.0
retained-crossover-avx512,cross/2/unit12/draw2/stride12/spread/update/window,1,3,"[4146.053086787788,4199.2827318813725,4195.507306889019]",4195.507306889019,"[4154.995824631665,4202.368326863466,4196.597375492914]",4196.597375492914,"[4.048879967566199,4.100862042852903,4.097175104383808]",4.097175104383808,1024.0,12.0,2.0,12.0,24.0,12.0
retained-crossover-avx512,cross/2/unit12/draw2/stride13/compact/sum/packet,1,3,"[1271.0549030316831,1276.8128016024584,1276.8892834378812]",1276.8128016024584,"[1271.0626422647138,1276.8206318878886,1277.3860511704988]",1276.8206318878886,"[1.241264553741878,1.2468875015649008,1.2469621908573056]",1.2468875015649008,1024.0,12.0,2.0,2.0,15.0,13.0
retained-crossover-avx512,cross/2/unit12/draw2/stride13/compact/sum/point,1,3,"[13730.410628020303,13705.938164252544,13954.835748792044]",13730.410628020303,"[13730.494685950216,13706.021256026264,13957.259903341712]",13730.494685950216,"[13.408604128926077,13.384705238527877,13.62776928592973]",13.408604128926077,1024.0,12.0,2.0,2.0,15.0,13.0
retained-crossover-avx512,cross/2/unit12/draw2/stride13/compact/sum/window,1,3,"[1457.2574919075823,1461.1460791479635,1462.5284535864737]",1461.1460791479635,"[1457.5108071418126,1461.4378197765789,1462.8266680554989]",1461.4378197765789,"[1.4231030194409984,1.4269004679179331,1.4282504429555405]",1.4269004679179331,1024.0,12.0,2.0,2.0,15.0,13.0
retained-crossover-avx512,cross/2/unit12/draw2/stride13/compact/update/packet,1,3,"[2816.777344475281,2810.4319405756937,2805.6129990719387]",2810.4319405756937,"[2816.796471678105,2813.849210765118,2805.631940575045]",2813.849210765118,"[2.7507591254641417,2.744562441968451,2.7398564444061897]",2.744562441968451,1024.0,12.0,2.0,2.0,15.0,13.0
retained-crossover-avx512,cross/2/unit12/draw2/stride13/compact/update/point,1,3,"[15376.313725489075,15302.70697167766,15260.572984750297]",15302.70697167766,"[15376.417211301588,15302.800653560053,15260.66557731959]",15302.800653560053,"[15.015931372547925,14.944049777028967,14.902903305420212]",14.944049777028967,1024.0,12.0,2.0,2.0,15.0,13.0
retained-crossover-avx512,cross/2/unit12/draw2/stride13/compact/update/window,1,3,"[2688.55418195874,2694.9905350590075,2702.81726868829]",2694.9905350590075,"[2689.1925825761523,2695.0088854544492,2702.8377438624825]",2695.0088854544492,"[2.6255411933190818,2.6318266943935624,2.639469988953408]",2.6318266943935624,1024.0,12.0,2.0,2.0,15.0,13.0
retained-crossover-avx512,cross/2/unit12/draw2/stride13/spread/sum/packet,1,3,"[1924.7914093592747,1927.4359818855983,1924.95745848746]",1924.95745848746,"[1925.063949498398,1933.418553592677,1926.754631534377]",1926.754631534377,"[1.8796791107024167,1.8822617010601546,1.8798412680541603]",1.8798412680541603,1024.0,12.0,2.0,12.0,25.0,13.0
retained-crossover-avx512,cross/2/unit12/draw2/stride13/spread/sum/point,1,3,"[13754.827060020722,13905.925737539124,13726.434384537486]",13754.827060020722,"[13754.911495418695,13915.105798595425,13726.527975629184]",13754.911495418695,"[13.432448300801486,13.580005603065551,13.404721078649887]",13.432448300801486,1024.0,12.0,2.0,12.0,25.0,13.0
retained-crossover-avx512,cross/2/unit12/draw2/stride13/spread/sum/window,1,3,"[1443.9433807721698,1442.6759496263667,1438.7493600901116]",1442.6759496263667,"[1446.0819084709058,1443.0522166470928,1443.3603972552996]",1443.3603972552996,"[1.410100957785322,1.4088632320569987,1.4050286719629996]",1.4088632320569987,1024.0,12.0,2.0,12.0,25.0,13.0
retained-crossover-avx512,cross/2/unit12/draw2/stride13/spread/update/packet,1,3,"[4661.258291456786,4704.755443885435,4697.485762144131]",4697.485762144131,"[4661.289782250231,4707.692127305085,4697.521273039602]",4697.521273039602,"[4.552010050250766,4.594487738169371,4.587388439593878]",4.587388439593878,1024.0,12.0,2.0,12.0,25.0,13.0
retained-crossover-avx512,cross/2/unit12/draw2/stride13/spread/update/point,1,3,"[16092.225255969899,15912.053469851908,15890.756541524357]",15912.053469851908,"[16092.334470963668,15912.150170692645,15902.071672345292]",15912.150170692645,"[15.715063726533105,15.539114716652254,15.51831693508238]",15.539114716652254,1024.0,12.0,2.0,12.0,25.0,13.0
retained-crossover-avx512,cross/2/unit12/draw2/stride13/spread/update/window,1,3,"[4282.25920245408,4202.6549079757515,4203.170245399201]",4203.170245399201,"[4282.285582826541,4202.683742333965,4204.886196307765]",4204.886196307765,"[4.181893752396563,4.10415518357007,4.104658442772658]",4.104658442772658,1024.0,12.0,2.0,12.0,25.0,13.0
retained-crossover-avx512,cross/2/unit12/draw2/stride64/compact/sum/packet,1,3,"[1299.4009152037795,1297.0073776614543,1306.6581994771664]",1299.4009152037795,"[1299.4079193117775,1297.015315653394,1308.6216847190756]",1299.4079193117775,"[1.268946206253691,1.266608767247514,1.2760333979269203]",1.268946206253691,1024.0,12.0,2.0,2.0,66.0,64.0
retained-crossover-avx512,cross/2/unit12/draw2/stride64/compact/sum/point,1,3,"[13704.423114591908,13605.861900097601,13701.238981390161]",13701.238981390161,"[13704.506366337158,13605.94515177674,13727.287952994997]",13704.506366337158,"[13.383225697843658,13.286974511814062,13.380116192763827]",13.380116192763827,1024.0,12.0,2.0,2.0,66.0,64.0
retained-crossover-avx512,cross/2/unit12/draw2/stride64/compact/update/packet,1,3,"[2813.3911039875097,2806.9114405925625,2815.8016429570825]",2813.3911039875097,"[2813.7489481059247,2807.231216188756,2815.8206772217522]",2813.7489481059247,"[2.7474522499878025,2.7411244537036743,2.749806291950276]",2.7474522499878025,1024.0,12.0,2.0,2.0,66.0,64.0
retained-crossover-avx512,cross/2/unit12/draw2/stride64/compact/update/point,1,3,"[15383.235942667292,15370.72216096808,15289.67585446321]",15370.72216096808,"[15385.424476315118,15370.805953698276,15289.768467445543]",15370.805953698276,"[15.022691350261029,15.01047086032039,14.93132407662423]",15.01047086032039,1024.0,12.0,2.0,2.0,66.0,64.0
retained-crossover-avx512,cross/2/unit12/draw2/stride64/spread/sum/packet,1,3,"[1909.2157291098406,1912.3354724195744,1908.878481703797]",1909.2157291098406,"[1909.2259694165316,1912.6488257718215,1908.887356639658]",1909.2259694165316,"[1.8644684854588287,1.8675151097847407,1.864139142288864]",1.8644684854588287,1024.0,12.0,2.0,12.0,76.0,64.0
retained-crossover-avx512,cross/2/unit12/draw2/stride64/spread/sum/point,1,3,"[13755.123529410928,13770.779411767031,13644.897058824628]",13755.123529410928,"[13804.510784303138,13801.677451007052,13644.980392164858]",13801.677451007052,"[13.43273782169036,13.448026769303741,13.325094784008424]",13.43273782169036,1024.0,12.0,2.0,12.0,76.0,64.0
retained-crossover-avx512,cross/2/unit12/draw2/stride64/spread/update/packet,1,3,"[4841.855509355339,4815.601178100227,4813.5086625081485]",4815.601178100227,"[4843.229729726316,4816.957726955764,4813.541233547108]",4816.957726955764,"[4.728374520854822,4.702735525488502,4.700692053230615]",4.702735525488502,1024.0,12.0,2.0,12.0,76.0,64.0
retained-crossover-avx512,cross/2/unit12/draw2/stride64/spread/update/point,1,3,"[15914.844186049822,15922.040697674167,15842.796511626959]",15914.844186049822,"[15914.940697685715,15933.2662790771,15846.113953443819]",15914.940697685715,"[15.541840025439281,15.54886786882243,15.471480968385702]",15.541840025439281,1024.0,12.0,2.0,12.0,76.0,64.0
retained-crossover-avx512,cross/2/unit12/draw4/stride12/compact/sum/packet,1,3,"[1286.2525945312452,1326.9114700839305,1284.3339951268172]",1286.2525945312452,"[1289.1943867870389,1326.9195018513224,1284.682970852652]",1289.1943867870389,"[1.256106049346919,1.2958119825038383,1.2542324171160324]",1.256106049346919,1024.0,12.0,4.0,4.0,16.0,12.0
retained-crossover-avx512,cross/2/unit12/draw4/stride12/compact/sum/point,1,3,"[4084.2067658212745,4082.215223096368,4083.690580344229]",4083.690580344229,"[4085.9028871285136,4082.2400116665144,4093.666083403896]",4085.9028871285136,"[3.9884831697473384,3.986538303805047,3.9879790823674113]",3.9879790823674113,1024.0,12.0,4.0,4.0,16.0,12.0
retained-crossover-avx512,cross/2/unit12/draw4/stride12/compact/sum/window,1,3,"[1079.9386242571231,1080.221184281619,1083.5139349958254]",1080.221184281619,"[1082.419593917327,1080.4154249976702,1083.5204971830087]",1082.419593917327,"[1.0546275627510966,1.0549035002750184,1.0581190771443607]",1.0549035002750184,1024.0,12.0,4.0,4.0,16.0,12.0
retained-crossover-avx512,cross/2/unit12/draw4/stride12/compact/update/packet,1,3,"[2730.6741028123633,2734.573423860675,2721.669253152466]",2730.6741028123633,"[2731.600581958982,2734.5920465565596,2721.687875846972]",2731.600581958982,"[2.6666739285276986,2.6704818592389405,2.657880130031705]",2.6666739285276986,1024.0,12.0,4.0,4.0,16.0,12.0
retained-crossover-avx512,cross/2/unit12/draw4/stride12/compact/update/point,1,3,"[6774.942428639605,6772.537493952045,6774.588776004611]",6774.588776004611,"[6775.772133527532,6772.583938048585,6774.629898411064]",6774.629898411064,"[6.616154715468365,6.613806146437544,6.615809351567002]",6.615809351567002,1024.0,12.0,4.0,4.0,16.0,12.0
retained-crossover-avx512,cross/2/unit12/draw4/stride12/compact/update/window,1,3,"[2413.201858544246,2420.255549819173,2427.951471347629]",2420.255549819173,"[2413.619170532917,2420.270349335496,2427.9695405282673]",2420.270349335496,"[2.3566424399846153,2.3635308103702863,2.371046358737919]",2.3635308103702863,1024.0,12.0,4.0,4.0,16.0,12.0
retained-crossover-avx512,cross/2/unit12/draw4/stride12/spread/sum/packet,1,3,"[1918.6550875273547,1922.9287472646602,1917.04814004345]",1918.6550875273547,"[1918.8937363231928,1923.3152352305315,1919.7908916885078]",1919.7908916885078,"[1.873686608913432,1.8778601047506447,1.8721173242611817]",1.873686608913432,1024.0,12.0,4.0,12.0,24.0,12.0
retained-crossover-avx512,cross/2/unit12/draw4/stride12/spread/sum/point,1,3,"[4084.2473684205243,4085.4839181286366,4095.8146198828517]",4085.4839181286366,"[4084.2722222279053,4086.4883040821205,4095.8394736746513]",4086.4883040821205,"[3.988522820723168,3.9897303887974966,3.9998189647293474]",3.9897303887974966,1024.0,12.0,4.0,12.0,24.0,12.0
retained-crossover-avx512,cross/2/unit12/draw4/stride12/spread/sum/window,1,3,"[1329.463076923131,1334.6581730770797,1346.390865384692]",1334.6581730770797,"[1329.472115384734,1334.8990384597616,1346.400096157761]",1334.8990384597616,"[1.298303786057745,1.3033771221455857,1.3148348294772383]",1.3033771221455857,1024.0,12.0,4.0,12.0,24.0,12.0
retained-crossover-avx512,cross/2/unit12/draw4/stride12/spread/update/packet,1,3,"[4709.765856950459,4705.032051281517,4723.604925776736]",4709.765856950459,"[4709.801282045016,4705.732118749899,4723.6406882616275]",4709.801282045016,"[4.599380719678183,4.594757862579606,4.612895435328844]",4.599380719678183,1024.0,12.0,4.0,12.0,24.0,12.0
retained-crossover-avx512,cross/2/unit12/draw4/stride12/spread/update/point,1,3,"[7891.803601576867,7883.3967360713705,7889.715813168631]",7889.715813168631,"[7891.851997762193,7884.468767595886,7908.030951029405]",7891.851997762193,"[7.706839454664908,7.698629625069698,7.704800598797491]",7.704800598797491,1024.0,12.0,4.0,12.0,24.0,12.0
retained-crossover-avx512,cross/2/unit12/draw4/stride12/spread/update/window,1,3,"[4221.754956629607,4232.68122676527,4198.3135068151705]",4221.754956629607,"[4226.195477066711,4232.710037177677,4199.5935563872235]",4226.195477066711,"[4.122807574833601,4.133477760512959,4.09991553399919]",4.122807574833601,1024.0,12.0,4.0,12.0,24.0,12.0
retained-crossover-avx512,cross/2/unit12/draw4/stride13/compact/sum/packet,1,3,"[1273.8758246725374,1304.3267058293666,1271.5468594668807]",1273.8758246725374,"[1273.8844102984767,1304.3347492074904,1271.784997740514]",1273.8844102984767,"[1.2440193600317748,1.2737565486614906,1.2417449799481257]",1.2440193600317748,1024.0,12.0,4.0,4.0,17.0,13.0
retained-crossover-avx512,cross/2/unit12/draw4/stride13/compact/sum/point,1,3,"[4080.1858019281995,4084.4595384173863,4081.441717791603]",4081.441717791603,"[4080.9731229871986,4085.4718083692155,4082.0949459426947]",4082.0949459426947,"[3.9845564471955073,3.9887300179857292,3.9857829275308623]",3.9857829275308623,1024.0,12.0,4.0,4.0,17.0,13.0
retained-crossover-avx512,cross/2/unit12/draw4/stride13/compact/sum/window,1,3,"[1385.5509941636208,1384.8477594224544,1385.2690671677426]",1385.2690671677426,"[1385.5603917284632,1384.8571569904598,1385.2775744420069]",1385.2775744420069,"[1.353077142737911,1.3523903900609906,1.3528018234059989]",1.3528018234059989,1024.0,12.0,4.0,4.0,17.0,13.0
retained-crossover-avx512,cross/2/unit12/draw4/stride13/compact/update/packet,1,3,"[2826.5561797752366,2792.731741572889,2758.841292134827]",2792.731741572889,"[2826.9945826572734,2792.7487961432366,2766.5750401296095]",2792.7487961432366,"[2.7603087693117545,2.7272770913797744,2.6941809493504167]",2.7272770913797744,1024.0,12.0,4.0,4.0,17.0,13.0
retained-crossover-avx512,cross/2/unit12/draw4/stride13/compact/update/point,1,3,"[6778.559806295151,6781.508474575695,6782.709927361541]",6781.508474575695,"[6779.317675547038,6782.286198537009,6782.7607748268165]",6782.286198537009,"[6.619687310835109,6.622566869702826,6.623740163439006]",6.622566869702826,1024.0,12.0,4.0,4.0,17.0,13.0
retained-crossover-avx512,cross/2/unit12/draw4/stride13/compact/update/window,1,3,"[2814.8397305016406,2835.421600653302,2854.186606777922]",2835.421600653302,"[2815.250918743845,2835.438954673886,2854.2060024439766]",2835.438954673886,"[2.7488669243180084,2.7689664068879902,2.787291608181565]",2.7689664068879902,1024.0,12.0,4.0,4.0,17.0,13.0
retained-crossover-avx512,cross/2/unit12/draw4/stride13/spread/sum/packet,1,3,"[1920.5712522287781,1918.7457138938537,1918.704704430149]",1918.7457138938537,"[1920.818954871521,1918.7588808106252,1918.7163626349916]",1918.7588808106252,"[1.875557863504666,1.8737751112244665,1.8737350629200673]",1.8737751112244665,1024.0,12.0,4.0,12.0,25.0,13.0
retained-crossover-avx512,cross/2/unit12/draw4/stride13/spread/sum/point,1,3,"[4087.010504815599,4087.59994163982,4086.9436825206653]",4087.010504815599,"[4087.6014006544233,4088.2553253711535,4086.9684855439655]",4087.6014006544233,"[3.991221196108983,3.9917968180076366,3.9911559399615877]",3.991221196108983,1024.0,12.0,4.0,12.0,25.0,13.0
retained-crossover-avx512,cross/2/unit12/draw4/stride13/spread/sum/window,1,3,"[1516.254865717008,1516.0340328366046,1514.030227248135]",1516.0340328366046,"[1516.2650864404575,1517.5557246899152,1514.0405566980662]",1516.2650864404575,"[1.4807176423017656,1.4805019851919967,1.478545143797007]",1.4805019851919967,1024.0,12.0,4.0,12.0,25.0,13.0
retained-crossover-avx512,cross/2/unit12/draw4/stride13/spread/update/packet,1,3,"[4652.162207357812,4700.653846153468,4704.841471572248]",4700.653846153468,"[4652.193979933315,4701.341806008883,4714.609030104437]",4701.341806008883,"[4.543127155622863,4.590482271634246,4.594571749582274]",4.590482271634246,1024.0,12.0,4.0,12.0,25.0,13.0
retained-crossover-avx512,cross/2/unit12/draw4/stride13/spread/update/point,1,3,"[7888.466216215722,7881.269707205391,7878.88231981851]",7881.269707205391,"[7888.519707197137,7884.3811936972725,7878.93074324394]",7884.3811936972725,"[7.703580289273166,7.696552448442764,7.694221015447764]",7.696552448442764,1024.0,12.0,4.0,12.0,25.0,13.0
retained-crossover-avx512,cross/2/unit12/draw4/stride13/spread/update/window,1,3,"[4281.652241112917,4306.122102008906,4283.129829984988]",4283.129829984988,"[4289.131375570336,4306.921483761249,4283.162287480514]",4289.131375570336,"[4.181301016711833,4.205197365243072,4.182743974594714]",4.182743974594714,1024.0,12.0,4.0,12.0,25.0,13.0
retained-crossover-avx512,cross/2/unit12/draw4/stride64/compact/sum/packet,1,3,"[1355.9570255915582,1359.2608401738007,1360.9063254468995]",1359.2608401738007,"[1356.2212457718606,1359.269048767989,1363.653500725748]",1359.269048767989,"[1.3241767828042563,1.3274031642322273,1.3290100834442378]",1.3274031642322273,1024.0,12.0,4.0,4.0,68.0,64.0
retained-crossover-avx512,cross/2/unit12/draw4/stride64/compact/sum/point,1,3,"[4078.599941725492,4082.4289044284665,4086.700174825149]",4082.4289044284665,"[4078.6220862422224,4082.4533799601427,4088.5055361318573]",4082.4533799601427,"[3.9830077555913004,3.986746976980924,3.990918139477685]",3.986746976980924,1024.0,12.0,4.0,4.0,68.0,64.0
retained-crossover-avx512,cross/2/unit12/draw4/stride64/compact/update/packet,1,3,"[2937.4845317721506,2926.4600752509286,2931.154891304499]",2931.154891304499,"[2937.500209037656,2926.478051836589,2932.2807274267097]",2932.2807274267097,"[2.8686372380587404,2.857871167237235,2.8624559485395498]",2.8624559485395498,1024.0,12.0,4.0,4.0,68.0,64.0
retained-crossover-avx512,cross/2/unit12/draw4/stride64/compact/update/point,1,3,"[6803.580943122047,6799.214876033776,6804.091395235834]",6803.580943122047,"[6803.616917867943,6799.251823028043,6806.733592616831]",6803.616917867943,"[6.644122014767624,6.639858277376734,6.644620503159994]",6.644122014767624,1024.0,12.0,4.0,4.0,68.0,64.0
retained-crossover-avx512,cross/2/unit12/draw4/stride64/spread/sum/packet,1,3,"[1911.910995481697,1915.675065041763,1913.8580035601558]",1913.8580035601558,"[1911.9226345292666,1915.6853347869858,1913.8682733117025]",1913.8682733117025,"[1.8671005815250947,1.8707764307048464,1.8690019566017146]",1.8690019566017146,1024.0,12.0,4.0,12.0,76.0,64.0
retained-crossover-avx512,cross/2/unit12/draw4/stride64/spread/sum/point,1,3,"[4098.316005874076,4106.700440528878,4097.745961820999]",4098.316005874076,"[4103.686049924691,4106.722760649242,4097.773861953457]",4103.686049924691,"[4.002261724486402,4.0104496489539825,4.001705040840819]",4.002261724486402,1024.0,12.0,4.0,12.0,76.0,64.0
retained-crossover-avx512,cross/2/unit12/draw4/stride64/spread/update/packet,1,3,"[4744.902660828962,4730.688784101795,4748.5975075780925]",4744.902660828962,"[4747.875042099161,4730.714381943519,4748.626473556319]",4747.875042099161,"[4.6336940047157835,4.619813265724409,4.637302253494232]",4.6336940047157835,1024.0,12.0,4.0,12.0,76.0,64.0
retained-crossover-avx512,cross/2/unit12/draw4/stride64/spread/update/point,1,3,"[7994.632420092202,7996.172945206068,7988.735730593263]",7994.632420092202,"[7997.09531961022,7996.216324192925,7988.789954317708]",7996.216324192925,"[7.80725822274629,7.808762641802801,7.801499736907483]",7.80725822274629,1024.0,12.0,4.0,12.0,76.0,64.0
retained-crossover-avx512,cross/2/unit12/draw8/stride12/compact/sum/packet,1,3,"[1266.125836801143,1266.0517459742691,1267.9857969964921]",1266.125836801143,"[1266.425818708218,1268.447711235333,1267.9935769849944]",1267.9935769849944,"[1.2364510125011159,1.236378658177997,1.2382673798793868]",1.2364510125011159,1024.0,12.0,8.0,8.0,20.0,12.0
retained-crossover-avx512,cross/2/unit12/draw8/stride12/compact/sum/point,1,3,"[5489.027027026883,5489.990207599132,5492.7285546415715]",5489.990207599132,"[5491.312573434366,5490.0238934742165,5500.779866821526]",5491.312573434366,"[5.3603779560809395,5.3613185621085275,5.363992729142159]",5.3613185621085275,1024.0,12.0,8.0,8.0,20.0,12.0
retained-crossover-avx512,cross/2/unit12/draw8/stride12/compact/sum/window,1,3,"[1431.8842554922867,1420.2191822619898,1420.2629170056891]",1420.2629170056891,"[1431.892900730505,1420.6500203419657,1420.556346625501]",1420.6500203419657,"[1.398324468254186,1.3869327951777246,1.3869755048883683]",1.3869755048883683,1024.0,12.0,8.0,8.0,20.0,12.0
retained-crossover-avx512,cross/2/unit12/draw8/stride12/compact/update/packet,1,3,"[2776.029958880204,2759.207949873107,2769.088701781697]",2769.088701781697,"[2776.0469943182948,2760.4076757400476,2769.1092618025414]",2769.1092618025414,"[2.7109667567189493,2.6945390135479563,2.7041881853336887]",2.7041881853336887,1024.0,12.0,8.0,8.0,20.0,12.0
retained-crossover-avx512,cross/2/unit12/draw8/stride12/compact/update/point,1,3,"[10381.161721067094,10383.230712164896,10387.348664690522]",10383.230712164896,"[10381.232195882,10386.439911014191,10387.419139476438]",10386.439911014191,"[10.137853243229584,10.13987374234853,10.143895180361838]",10.13987374234853,1024.0,12.0,8.0,8.0,20.0,12.0
retained-crossover-avx512,cross/2/unit12/draw8/stride12/compact/update/window,1,3,"[2993.8339373270182,2990.5128970364767,2968.866766147657]",2990.5128970364767,"[2993.852270295976,2995.327435512891,2969.2048603698317]",2993.852270295976,"[2.9236659544209163,2.9204227510121843,2.8992839513160713]",2.9204227510121843,1024.0,12.0,8.0,8.0,20.0,12.0
retained-crossover-avx512,cross/2/unit12/draw8/stride12/spread/sum/packet,1,3,"[1912.8777716944383,1918.2844237612094,1914.0316178484445]",1914.0316178484445,"[1913.1070353090097,1920.7762113267381,1914.375992339834]",1914.375992339834,"[1.8680446989203499,1.8733246325793063,1.8691715018051216]",1.8691715018051216,1024.0,12.0,8.0,12.0,24.0,12.0
retained-crossover-avx512,cross/2/unit12/draw8/stride12/spread/sum/point,1,3,"[5489.998428290467,5489.707269154547,5490.71709233845]",5489.998428290467,"[5490.031827113053,5489.744990173695,5491.6738703243445]",5490.031827113053,"[5.361326590127409,5.3610422550337375,5.362028410486768]",5.361326590127409,1024.0,12.0,8.0,12.0,24.0,12.0
retained-crossover-avx512,cross/2/unit12/draw8/stride12/spread/sum/window,1,3,"[1367.95790394713,1354.2694925140743,1351.2371184135557]",1354.2694925140743,"[1367.967237018875,1354.2786311536677,1351.2453820694377]",1354.2786311536677,"[1.3358963905733694,1.3225288012832757,1.3195674984507382]",1.3225288012832757,1024.0,12.0,8.0,12.0,24.0,12.0
retained-crossover-avx512,cross/2/unit12/draw8/stride12/spread/update/packet,1,3,"[4765.728940216936,4759.594089673906,4770.755774456862]",4765.728940216936,"[4766.793817928308,4759.626698373462,4770.788383147971]",4766.793817928308,"[4.654032168180602,4.648041103197174,4.658941185993029]",4.654032168180602,1024.0,12.0,8.0,12.0,24.0,12.0
retained-crossover-avx512,cross/2/unit12/draw8/stride12/spread/update/point,1,3,"[13102.334575953098,13053.453867660246,13078.904939425001]",13078.904939425001,"[13104.418452927155,13053.542404473623,13095.499534031813]",13095.499534031813,"[12.795248609329198,12.747513542636957,12.772368104907228]",12.772368104907228,1024.0,12.0,8.0,12.0,24.0,12.0
retained-crossover-avx512,cross/2/unit12/draw8/stride12/spread/update/window,1,3,"[4272.589759600505,4255.752731814087,4268.3718389004525]",4268.3718389004525,"[4273.5557290042525,4263.511707760578,4268.397752101201]",4268.397752101201,"[4.172450937109869,4.156008527162195,4.168331873926223]",4.168331873926223,1024.0,12.0,8.0,12.0,24.0,12.0
retained-crossover-avx512,cross/2/unit12/draw8/stride13/compact/sum/packet,1,3,"[1270.8754552078485,1279.1983794610132,1272.7399854332969]",1272.7399854332969,"[1271.657957027764,1279.8635287675297,1296.6097960644036]",1279.8635287675297,"[1.2410893117264146,1.2492171674423957,1.242910142024704]",1.242910142024704,1024.0,12.0,8.0,8.0,21.0,13.0
retained-crossover-avx512,cross/2/unit12/draw8/stride13/compact/sum/point,1,3,"[5489.645098039347,5490.845490195219,5487.013725489949]",5489.645098039347,"[5500.670980386441,5497.796470598249,5487.043529429309]",5497.796470598249,"[5.36098154105405,5.362153799018769,5.358411841298779]",5.36098154105405,1024.0,12.0,8.0,8.0,21.0,13.0
retained-crossover-avx512,cross/2/unit12/draw8/stride13/compact/sum/window,1,3,"[1468.2119891008729,1465.9645776566438,1465.029427792952]",1465.9645776566438,"[1468.5173841975018,1466.3495367824855,1465.0383651210684]",1466.3495367824855,"[1.4338007706063212,1.431606032867816,1.430692800579055]",1.431606032867816,1024.0,12.0,8.0,8.0,21.0,13.0
retained-crossover-avx512,cross/2/unit12/draw8/stride13/compact/update/packet,1,3,"[2758.8771399801158,2765.376636455119,2775.0968781469383]",2765.376636455119,"[2758.894058403363,2772.8578046331177,2775.746223564924]",2772.8578046331177,"[2.6942159570118314,2.700563121538202,2.710055545065369]",2.700563121538202,1024.0,12.0,8.0,8.0,21.0,13.0
retained-crossover-avx512,cross/2/unit12/draw8/stride13/compact/update/point,1,3,"[10384.699554895164,10381.547477746579,10402.94139465958]",10384.699554895164,"[10384.755192850336,10381.6031157202,10404.614985152279]",10384.755192850336,"[10.141308159077308,10.138229958736893,10.159122455722246]",10.141308159077308,1024.0,12.0,8.0,8.0,21.0,13.0
retained-crossover-avx512,cross/2/unit12/draw8/stride13/compact/update/window,1,3,"[3022.814583781202,2991.037857603121,2995.7121961713965]",2995.7121961713965,"[3022.8332974899713,2991.058292110676,2996.098085602176]",2996.098085602176,"[2.9519673669738307,2.9209354078155476,2.925500191573629]",2.925500191573629,1024.0,12.0,8.0,8.0,21.0,13.0
retained-crossover-avx512,cross/2/unit12/draw8/stride13/spread/sum/packet,1,3,"[1920.057064471869,1920.3614540464723,1922.1585733880916]",1920.3614540464723,"[1920.0687242822517,1920.3759945096815,1922.1716049324157]",1920.3759945096815,"[1.8750557270233092,1.8753529824672581,1.8771079818243082]",1.8753529824672581,1024.0,12.0,8.0,12.0,25.0,13.0
retained-crossover-avx512,cross/2/unit12/draw8/stride13/spread/sum/point,1,3,"[5493.590498625244,5493.480957989902,5486.9670200231185]",5493.480957989902,"[5494.601884563904,5493.513937971864,5487.004318803507]",5493.513937971864,"[5.364834471313714,5.364727498037014,5.358366230491327]",5.364727498037014,1024.0,12.0,8.0,12.0,25.0,13.0
retained-crossover-avx512,cross/2/unit12/draw8/stride13/spread/sum/window,1,3,"[1434.7975415764276,1435.332610267546,1442.7348414419885]",1435.332610267546,"[1438.4454085306556,1435.6409461823464,1442.7435182341292]",1438.4454085306556,"[1.4011694741957301,1.4016920022144004,1.4089207435956919]",1.4016920022144004,1024.0,12.0,8.0,12.0,25.0,13.0
retained-crossover-avx512,cross/2/unit12/draw8/stride13/spread/update/packet,1,3,"[4631.767910201109,4666.109607131469,4716.389897655156]",4666.109607131469,"[4633.186200072847,4666.141300763525,4716.418620016354]",4666.141300763525,"[4.5232108498057695,4.556747663214326,4.605849509428864]",4.556747663214326,1024.0,12.0,8.0,12.0,25.0,13.0
retained-crossover-avx512,cross/2/unit12/draw8/stride13/spread/update/point,1,3,"[13075.972871844366,13116.955098221852,13068.910196444023]",13075.972871844366,"[13254.18334894497,13345.821328359827,13113.976613653007]",13254.18334894497,"[12.769504757660512,12.809526463107279,12.762607613714867]",12.769504757660512,1024.0,12.0,8.0,12.0,25.0,13.0
retained-crossover-avx512,cross/2/unit12/draw8/stride13/spread/update/window,1,3,"[4289.287450622293,4250.184138560081,4215.1185050133845]",4250.184138560081,"[4289.313886347505,4253.801276205229,4215.144333036719]",4253.801276205229,"[4.188757275998333,4.150570447812579,4.116326665052133]",4.150570447812579,1024.0,12.0,8.0,12.0,25.0,13.0
retained-crossover-avx512,cross/2/unit12/draw8/stride64/compact/sum/packet,1,3,"[1277.07267097712,1283.8452782078002,1286.1019943539138]",1283.8452782078002,"[1277.0805026896724,1284.2220198516013,1289.6977506559192]",1284.2220198516013,"[1.2471412802510937,1.253755154499805,1.2559589788612442]",1.253755154499805,1024.0,12.0,8.0,8.0,72.0,64.0
retained-crossover-avx512,cross/2/unit12/draw8/stride64/compact/sum/point,1,3,"[5500.827504911089,5504.913555991899,5501.023575638872]",5501.023575638872,"[5502.275049117921,5508.743025531626,5501.049508848959]",5502.275049117921,"[5.371901860264735,5.3758921445233385,5.372093335584836]",5.372093335584836,1024.0,12.0,8.0,8.0,72.0,64.0
retained-crossover-avx512,cross/2/unit12/draw8/stride64/compact/update/packet,1,3,"[2934.8361169105665,2929.7590814196838,2934.740083507115]",2934.740083507115,"[2934.854070977841,2929.7789143985524,2936.885386215407]",2934.854070977841,"[2.8660508954204746,2.86109285294891,2.865957112799917]",2.865957112799917,1024.0,12.0,8.0,8.0,72.0,64.0
retained-crossover-avx512,cross/2/unit12/draw8/stride64/compact/update/point,1,3,"[10430.988077496875,10426.963487333509,10456.919523101695]",10430.988077496875,"[10432.705663173145,10448.137853934059,10552.490312956972]",10448.137853934059,"[10.186511794430542,10.182581530599128,10.211835471778999]",10.186511794430542,1024.0,12.0,8.0,8.0,72.0,64.0
retained-crossover-avx512,cross/2/unit12/draw8/stride64/spread/sum/packet,1,3,"[1841.1500789890504,1845.4482622435696,1813.6841758822084]",1841.1500789890504,"[1898.4576092700331,2946.650210632819,3500.504607688616]",2946.650210632819,"[1.7979981240127445,1.802195568597236,1.7711759530099693]",1.7979981240127445,1024.0,12.0,8.0,12.0,76.0,64.0
retained-crossover-avx512,cross/2/unit12/draw8/stride64/spread/sum/point,1,3,"[5543.578189300862,5528.927983539397,5509.989711934787]",5528.927983539397,"[5792.424279832878,5614.069135804822,5511.282304521754]",5614.069135804822,"[5.413650575489123,5.399343733925193,5.380849328061316]",5.399343733925193,1024.0,12.0,8.0,12.0,76.0,64.0
retained-crossover-avx512,cross/2/unit12/draw8/stride64/spread/update/packet,1,3,"[4531.3817523055595,4526.358695651878,4538.22661396561]",4531.3817523055595,"[4531.41271408474,4532.22628458103,4538.253952572469]",4532.22628458103,"[4.425177492485899,4.4202721637225375,4.431861927700791]",4.425177492485899,1024.0,12.0,8.0,12.0,76.0,64.0
retained-crossover-avx512,cross/2/unit12/draw8/stride64/spread/update/point,1,3,"[13124.509363296465,13129.058988765171,13127.888576779782]",13127.888576779782,"[13124.588014941795,13129.148876406405,13133.362359541834]",13129.148876406405,"[12.816903675094203,12.821346668715988,12.820203688261506]",12.820203688261506,1024.0,12.0,8.0,12.0,76.0,64.0
retained-crossover-avx512,cross/2/unit16/draw2/stride16/compact/sum/packet,1,3,"[1275.2977099237032,1275.9355688839094,1269.7550890584212]",1275.2977099237032,"[1275.3055252622892,1276.5449836386854,1269.7628135222458]",1275.3055252622892,"[1.2454079198473664,1.246030828988193,1.2399952041586144]",1.2454079198473664,1024.0,16.0,2.0,2.0,18.0,16.0
retained-crossover-avx512,cross/2/unit16/draw2/stride16/compact/sum/point,1,3,"[13738.137550198671,13940.457831326947,13724.623493975645]",13738.137550198671,"[13738.22188756218,13971.435742950596,13726.323293173962]",13738.22188756218,"[13.416149951365892,13.613728350905221,13.40295263083559]",13.416149951365892,1024.0,16.0,2.0,2.0,18.0,16.0
retained-crossover-avx512,cross/2/unit16/draw2/stride16/compact/sum/window,1,3,"[1397.9285073285791,1396.8775550902587,1396.8397646825026]",1396.8775550902587,"[1398.1714029294653,1396.8861302209596,1397.0147572083958]",1397.0147572083958,"[1.3651645579380656,1.3641382373928308,1.3641013326977567]",1.3641382373928308,1024.0,16.0,2.0,2.0,18.0,16.0
retained-crossover-avx512,cross/2/unit16/draw2/stride16/compact/update/packet,1,3,"[2654.0315006849683,2659.852279396755,2671.7620817849074]",2659.852279396755,"[2654.0516533069904,2659.868518889907,2671.780277834848]",2659.868518889907,"[2.591827637387664,2.5975119915983935,2.6091426579930737]",2.5975119915983935,1024.0,16.0,2.0,2.0,18.0,16.0
retained-crossover-avx512,cross/2/unit16/draw2/stride16/compact/update/point,1,3,"[15191.29230769489,15272.467032967119,15255.478021977899]",15255.478021977899,"[15216.50549452116,15272.560439568255,15320.495604438183]",15272.560439568255,"[14.835246394233291,14.914518586881952,14.897927755837793]",14.897927755837793,1024.0,16.0,2.0,2.0,18.0,16.0
retained-crossover-avx512,cross/2/unit16/draw2/stride16/compact/update/window,1,3,"[2657.1523497690637,2685.9562788900516,2656.7209167951432]",2657.1523497690637,"[2658.559129423995,2685.974576278994,2656.73728813839]",2658.559129423995,"[2.5948753415713517,2.623004178603566,2.594454020307757]",2.5948753415713517,1024.0,16.0,2.0,2.0,18.0,16.0
retained-crossover-avx512,cross/2/unit16/draw2/stride16/spread/sum/packet,1,3,"[1292.3375011490841,1285.2759032820804,1288.9560540590303]",1288.9560540590303,"[1292.543072539585,1285.2846373051364,1288.9638687144532]",1288.9638687144532,"[1.2620483409659025,1.2551522492989067,1.258746146542022]",1.258746146542022,1024.0,16.0,2.0,16.0,32.0,16.0
retained-crossover-avx512,cross/2/unit16/draw2/stride16/spread/sum/point,1,3,"[13767.61738261886,13744.030969029389,13798.717282715283]",13767.61738261886,"[13767.71128869924,13746.54345653681,13798.810189822976]",13767.71128869924,"[13.44493885021373,13.421905243192763,13.475309846401643]",13.44493885021373,1024.0,16.0,2.0,16.0,32.0,16.0
retained-crossover-avx512,cross/2/unit16/draw2/stride16/spread/sum/window,1,3,"[1146.6361185983847,1144.596504124936,1146.9472351549898]",1146.6361185983847,"[1147.2605570562173,1144.837131424956,1148.6262353999512]",1147.2605570562173,"[1.1197618345687348,1.1177700235595078,1.1200656593310447]",1.1197618345687348,1024.0,16.0,2.0,16.0,32.0,16.0
retained-crossover-avx512,cross/2/unit16/draw2/stride16/spread/update/packet,1,3,"[2571.234895642314,2580.013731234143,2589.2339802271044]",2580.013731234143,"[2571.250640784759,2589.355913587783,2590.7931160730445]",2589.355913587783,"[2.510971577775697,2.5195446594083433,2.5285488088155317]",2.5195446594083433,1024.0,16.0,2.0,16.0,32.0,16.0
retained-crossover-avx512,cross/2/unit16/draw2/stride16/spread/update/point,1,3,"[15899.193912062947,15877.378804961761,15766.421645994504]",15877.378804961761,"[15899.302142048611,15877.47688836111,15774.408117257855]",15877.47688836111,"[15.526556554748973,15.50525273922047,15.396896138666508]",15.50525273922047,1024.0,16.0,2.0,16.0,32.0,16.0
retained-crossover-avx512,cross/2/unit16/draw2/stride16/spread/update/window,1,3,"[2413.0392670157826,2387.8106457245153,2386.1476439793614]",2387.8106457245153,"[2413.0541012223234,2387.8270506105746,2386.16195462503]",2387.8270506105746,"[2.3564836591951,2.331846333715347,2.330222308573595]",2.331846333715347,1024.0,16.0,2.0,16.0,32.0,16.0
retained-crossover-avx512,cross/2/unit16/draw2/stride17/compact/sum/packet,1,3,"[1272.68822886312,1271.970207725918,1272.047649416814]",1272.047649416814,"[1272.6959730315623,1271.979774049356,1272.0563957722518]",1272.0563957722518,"[1.2428595984991406,1.2421584059823418,1.2422340326336074]",1.2422340326336074,1024.0,16.0,2.0,2.0,19.0,17.0
retained-crossover-avx512,cross/2/unit16/draw2/stride17/compact/sum/point,1,3,"[13646.453033267795,13809.624266147128,13802.950097846695]",13802.950097846695,"[13648.210371812102,13809.707436356272,13824.727984358884]",13809.707436356272,"[13.32661429030058,13.485961197409306,13.479443454928413]",13.479443454928413,1024.0,16.0,2.0,2.0,19.0,17.0
retained-crossover-avx512,cross/2/unit16/draw2/stride17/compact/sum/window,1,3,"[1447.4267456360494,1445.3861180382369,1439.4030548628332]",1445.3861180382369,"[1447.7015793830171,1445.3948462170335,1439.4129260209404]",1445.3948462170335,"[1.4135026812852045,1.4115098808967157,1.4056670457644855]",1.4115098808967157,1024.0,16.0,2.0,2.0,19.0,17.0
retained-crossover-avx512,cross/2/unit16/draw2/stride17/compact/update/packet,1,3,"[2654.3805814169377,2661.6636899106675,2658.499904997261]",2658.499904997261,"[2654.3948318409043,2662.0026600733922,2658.518145547337]",2658.518145547337,"[2.5921685365399783,2.5992809471783866,2.596191313473888]",2.596191313473888,1024.0,16.0,2.0,2.0,19.0,17.0
retained-crossover-avx512,cross/2/unit16/draw2/stride17/compact/update/point,1,3,"[15276.538876889108,15234.758099351153,15169.973002162185]",15234.758099351153,"[15276.631749443968,15236.611231123496,15171.826133930692]",15236.611231123496,"[14.91849499696202,14.87769345639761,14.814426759924007]",14.87769345639761,1024.0,16.0,2.0,2.0,19.0,17.0
retained-crossover-avx512,cross/2/unit16/draw2/stride17/compact/update/window,1,3,"[2722.1401761779803,2748.1644963611366,2731.1846036003935]",2731.1846036003935,"[2722.1585599364303,2748.7979701260056,2731.2010723944654]",2731.2010723944654,"[2.658340015798809,2.6837543909776724,2.6671724644535098]",2.6671724644535098,1024.0,16.0,2.0,2.0,19.0,17.0
retained-crossover-avx512,cross/2/unit16/draw2/stride17/spread/sum/packet,1,3,"[1240.3175137242683,1241.0461306886032,1242.7418098105798]",1241.0461306886032,"[1240.3268106965666,1242.1162564201725,1243.0061094407513]",1242.1162564201725,"[1.2112475719963558,1.2119591120005888,1.213615048643144]",1.2119591120005888,1024.0,16.0,2.0,16.0,33.0,17.0
retained-crossover-avx512,cross/2/unit16/draw2/stride17/spread/sum/point,1,3,"[13958.166505324529,13731.069699905247,13905.397870282679]",13905.397870282679,"[13958.251694095272,13731.14424009942,13907.58276862173]",13907.58276862173,"[13.631021977855985,13.409247753813718,13.579490107697929]",13.579490107697929,1024.0,16.0,2.0,16.0,33.0,17.0
retained-crossover-avx512,cross/2/unit16/draw2/stride17/spread/sum/window,1,3,"[1512.601861875131,1511.317925957791,1511.0126650789373]",1511.317925957791,"[1512.6132279680141,1511.3271270827986,1511.0219744551848]",1511.3271270827986,"[1.4771502557374325,1.475896412068155,1.4755983057411497]",1.475896412068155,1024.0,16.0,2.0,16.0,33.0,17.0
retained-crossover-avx512,cross/2/unit16/draw2/stride17/spread/update/packet,1,3,"[2653.5786993406255,2653.3581526863595,2639.5713477850823]",2653.3581526863595,"[2654.1229029316864,2653.3743638153114,2639.587370405238]",2653.3743638153114,"[2.59138544857483,2.591170070982773,2.5777063943213694]",2.591170070982773,1024.0,16.0,2.0,16.0,33.0,17.0
retained-crossover-avx512,cross/2/unit16/draw2/stride17/spread/update/point,1,3,"[15843.880000001524,15942.142857146076,16026.76114285779]",15942.142857146076,"[15848.879999988898,15947.062857126833,16026.869714291282]",15947.062857126833,"[15.472539062501488,15.568498883931715,15.65113392857206]",15.568498883931715,1024.0,16.0,2.0,16.0,33.0,17.0
retained-crossover-avx512,cross/2/unit16/draw2/stride17/spread/update/window,1,3,"[2845.8688490840004,2867.948527897771,2852.0290302656667]",2852.0290302656667,"[2849.0506485405817,2867.9680872989265,2852.3224212581317]",2852.3224212581317,"[2.7791687979335946,2.800730984275167,2.7851845998688147]",2.7851845998688147,1024.0,16.0,2.0,16.0,33.0,17.0
retained-crossover-avx512,cross/2/unit16/draw2/stride64/compact/sum/packet,1,3,"[1296.398561416451,1294.200940612317,1297.4562891922217]",1296.398561416451,"[1298.5588343793015,1294.3518074495169,1297.6015307977586]",1297.6015307977586,"[1.2660142201332527,1.2638681060667156,1.2670471574142788]",1.2660142201332527,1024.0,16.0,2.0,2.0,66.0,64.0
retained-crossover-avx512,cross/2/unit16/draw2/stride64/compact/sum/point,1,3,"[13924.80834272746,13756.319052988394,13765.045095826465]",13765.045095826465,"[13924.90417135522,13763.471251457091,13765.128523128362]",13765.128523128362,"[13.598445647194785,13.433905325183979,13.442426851393034]",13.442426851393034,1024.0,16.0,2.0,2.0,66.0,64.0
retained-crossover-avx512,cross/2/unit16/draw2/stride64/compact/update/packet,1,3,"[2725.830577707999,2731.977436295799,2728.182260261115]",2728.182260261115,"[2725.8473059772045,2731.9939700392456,2729.0879206380837]",2729.0879206380837,"[2.661943923542968,2.6679467151326164,2.664240488536245]",2.664240488536245,1024.0,16.0,2.0,2.0,66.0,64.0
retained-crossover-avx512,cross/2/unit16/draw2/stride64/compact/update/point,1,3,"[15255.71349557595,15303.766592919861,15257.716814160718]",15257.716814160718,"[15255.806415937623,15337.477876061463,15290.586283167695]",15290.586283167695,"[14.898157710523389,14.945084563398304,14.900114076328828]",14.900114076328828,1024.0,16.0,2.0,2.0,66.0,64.0
retained-crossover-avx512,cross/2/unit16/draw2/stride64/spread/sum/packet,1,3,"[1254.4358307939956,1253.8560673956456,1253.7107904640563]",1253.8560673956456,"[1254.4434486488794,1253.8636852479824,1253.7193941590967]",1253.8636852479824,"[1.225034991009761,1.2244688158160602,1.2243269438125552]",1.2244688158160602,1024.0,16.0,2.0,16.0,80.0,64.0
retained-crossover-avx512,cross/2/unit16/draw2/stride64/spread/sum/point,1,3,"[13857.447968283497,13731.700693758032,13800.896927649594]",13800.896927649594,"[13863.1526263293,13731.793855297741,13800.991080294309]",13800.991080294309,"[13.532664031526851,13.409863958748078,13.477438405907805]",13.477438405907805,1024.0,16.0,2.0,16.0,80.0,64.0
retained-crossover-avx512,cross/2/unit16/draw2/stride64/spread/update/packet,1,3,"[2779.764198274034,2789.3128637366995,2791.498093518382]",2789.3128637366995,"[2780.4073851140092,2799.787276742029,2791.515352205024]",2791.515352205024,"[2.714613474876986,2.7239383434928706,2.7260723569515446]",2.7239383434928706,1024.0,16.0,2.0,16.0,80.0,64.0
retained-crossover-avx512,cross/2/unit16/draw2/stride64/spread/update/point,1,3,"[15922.100225225062,15794.657657654967,16002.257882881662]",15922.100225225062,"[15922.197072107929,15809.066441414696,16002.368243223147]",15922.197072107929,"[15.54892600119635,15.424470368803679,15.627204963751623]",15.54892600119635,1024.0,16.0,2.0,16.0,80.0,64.0
retained-crossover-avx512,cross/2/unit16/draw4/stride16/compact/sum/packet,1,3,"[1266.2863743610742,1312.14068029889,1320.9580220212026]",1312.14068029889,"[1269.1844278455978,1314.943570587001,1320.9671647653515]",1314.943570587001,"[1.2366077874619865,1.2813873831043847,1.2899980683800807]",1.2813873831043847,1024.0,16.0,4.0,4.0,20.0,16.0
retained-crossover-avx512,cross/2/unit16/draw4/stride16/compact/sum/point,1,3,"[4087.9932964151703,4081.4065870006784,4081.8347420577325]",4081.8347420577325,"[4088.0186534456775,4082.3200233176453,4082.874089193114]",4082.874089193114,"[3.99218095353044,3.9857486201178496,3.9861667402907544]",3.9861667402907544,1024.0,16.0,4.0,4.0,20.0,16.0
retained-crossover-avx512,cross/2/unit16/draw4/stride16/compact/sum/window,1,3,"[1426.8289684659906,1422.5702832709655,1421.0587920896608]",1422.5702832709655,"[1426.839871726042,1422.5800106895035,1421.346552644258]",1422.5800106895035,"[1.3933876645175687,1.3892287922568023,1.3877527266500596]",1.3892287922568023,1024.0,16.0,4.0,4.0,20.0,16.0
retained-crossover-avx512,cross/2/unit16/draw4/stride16/compact/update/packet,1,3,"[2730.0307753009834,2720.217991714172,2749.6853422762233]",2730.0307753009834,"[2730.047346615392,2720.2345630292816,2750.26060367595]",2730.047346615392,"[2.6660456790048666,2.656462882533371,2.6852395920666243]",2.6660456790048666,1024.0,16.0,4.0,4.0,20.0,16.0
retained-crossover-avx512,cross/2/unit16/draw4/stride16/compact/update/point,1,3,"[6786.8118331726,6785.729873908097,6784.682347236162]",6785.729873908097,"[6786.857904953112,6785.771096027683,6786.193501430504]",6786.193501430504,"[6.627745930832618,6.626689329988377,6.6256663547228145]",6.626689329988377,1024.0,16.0,4.0,4.0,20.0,16.0
retained-crossover-avx512,cross/2/unit16/draw4/stride16/compact/update/window,1,3,"[2930.3225465311,2911.5450507614983,2901.9894247038264]",2911.5450507614983,"[2933.4115905289464,2911.5628172581755,2902.0069796885527]",2911.5628172581755,"[2.8616431118467776,2.8433057136342756,2.8339740475623305]",2.8433057136342756,1024.0,16.0,4.0,4.0,20.0,16.0
retained-crossover-avx512,cross/2/unit16/draw4/stride16/spread/sum/packet,1,3,"[1287.7607756640666,1285.6130870324257,1285.8124253283797]",1285.8124253283797,"[1288.1362926212605,1285.6208988157305,1285.8203290166423]",1285.8203290166423,"[1.25757888248444,1.2554815303051032,1.2556761966097458]",1.2556761966097458,1024.0,16.0,4.0,16.0,32.0,16.0
retained-crossover-avx512,cross/2/unit16/draw4/stride16/spread/sum/point,1,3,"[4085.5180969066337,4098.215411558367,4093.422358435778]",4093.422358435778,"[4086.2729130179155,4098.243140693953,4093.4532983119816]",4093.4532983119816,"[3.9897637665103844,4.002163487849968,3.997482771909939]",3.997482771909939,1024.0,16.0,4.0,16.0,32.0,16.0
retained-crossover-avx512,cross/2/unit16/draw4/stride16/spread/sum/window,1,3,"[1204.1888755160483,1195.556654057854,1195.8120701514479]",1195.8120701514479,"[1204.363050204781,1195.5648211812581,1195.8202372760738]",1195.8202372760738,"[1.1759656987461409,1.1675357949783731,1.1677852247572733]",1.1677852247572733,1024.0,16.0,4.0,16.0,32.0,16.0
retained-crossover-avx512,cross/2/unit16/draw4/stride16/spread/update/packet,1,3,"[2602.273486817567,2588.0386186410956,2580.5170813218074]",2588.0386186410956,"[2602.2894541330015,2588.917564059256,2588.7023765320946]",2588.917564059256,"[2.5412827019702804,2.527381463516695,2.520036212228328]",2.527381463516695,1024.0,16.0,4.0,16.0,32.0,16.0
retained-crossover-avx512,cross/2/unit16/draw4/stride16/spread/update/point,1,3,"[7887.580845069293,7908.926760563072,7885.637183098766]",7887.580845069293,"[7887.62873241121,7913.1498591457685,7886.355492957309]",7887.62873241121,"[7.702715669012982,7.723561289612375,7.70081756161989]",7.702715669012982,1024.0,16.0,4.0,16.0,32.0,16.0
retained-crossover-avx512,cross/2/unit16/draw4/stride16/spread/update/window,1,3,"[2427.823135097807,2402.62031625977,2414.2791337226563]",2414.2791337226563,"[2427.8396356117605,2403.0974561695684,2414.2954623592773]",2414.2954623592773,"[2.3709210303689523,2.346308902597431,2.3576944665260315]",2.3576944665260315,1024.0,16.0,4.0,16.0,32.0,16.0
retained-crossover-avx512,cross/2/unit16/draw4/stride17/compact/sum/packet,1,3,"[1276.1360642424952,1294.3702066228839,1300.825227826575]",1294.3702066228839,"[1276.5290986196128,1294.3790489922503,1301.4070197573365]",1294.3790489922503,"[1.2462266252368117,1.2640334049051603,1.2703371365493896]",1.2640334049051603,1024.0,16.0,4.0,4.0,21.0,17.0
retained-crossover-avx512,cross/2/unit16/draw4/stride17/compact/sum/point,1,3,"[4080.167687373206,4093.7025371824875,4083.87722368038]",4083.87722368038,"[4080.1924759288477,4093.727325747454,4084.8209390589946]",4084.8209390589946,"[3.9845387572003967,3.997756383967273,3.9881613512503713]",3.9881613512503713,1024.0,16.0,4.0,4.0,21.0,17.0
retained-crossover-avx512,cross/2/unit16/draw4/stride17/compact/sum/window,1,3,"[1556.367883051325,1586.8845900195288,1548.493624972451]",1556.367883051325,"[1556.3774455960674,1591.5337436793195,1548.8493075398]",1556.3774455960674,"[1.5198905107923093,1.549691982440946,1.5122008056371594]",1.5198905107923093,1024.0,16.0,4.0,4.0,21.0,17.0
retained-crossover-avx512,cross/2/unit16/draw4/stride17/compact/update/packet,1,3,"[2753.4142388584696,2749.103800887286,2751.965271078572]",2751.965271078572,"[2753.7262203286045,2749.1225159235382,2752.325487169969]",2752.325487169969,"[2.6888810926352242,2.6846716805539903,2.6874660850376686]",2.6874660850376686,1024.0,16.0,4.0,4.0,21.0,17.0
retained-crossover-avx512,cross/2/unit16/draw4/stride17/compact/update/point,1,3,"[6775.707707222643,6776.769268056387,6777.71982549644]",6776.769268056387,"[6775.749394062329,6776.815317499312,6778.778962685444]",6776.815317499312,"[6.616902057834612,6.617938738336314,6.618867017086366]",6.617938738336314,1024.0,16.0,4.0,4.0,21.0,17.0
retained-crossover-avx512,cross/2/unit16/draw4/stride17/compact/update/window,1,3,"[2804.732989690647,2799.669072165617,2886.368247422586]",2804.732989690647,"[2804.752164947036,2800.3604123667396,2886.3876288652914]",2804.752164947036,"[2.7389970602447726,2.7340518282867348,2.8187189916236193]",2.7389970602447726,1024.0,16.0,4.0,4.0,21.0,17.0
retained-crossover-avx512,cross/2/unit16/draw4/stride17/spread/sum/packet,1,3,"[1250.5045576408113,1241.90303842703,1245.8771224308196]",1245.8771224308196,"[1250.7972296694948,1241.9115281532393,1247.1429848056857]",1247.1429848056857,"[1.2211958570711046,1.2127959359638965,1.2166768773738472]",1.2166768773738472,1024.0,16.0,4.0,16.0,33.0,17.0
retained-crossover-avx512,cross/2/unit16/draw4/stride17/spread/sum/point,1,3,"[4087.369711117108,4084.104172745737,4084.6264954766652]",4084.6264954766652,"[4088.103589137874,4084.1292675725795,4084.6515903035074]",4084.6515903035074,"[3.991571983512801,3.9883829811970086,3.988893061988931]",3.988893061988931,1024.0,16.0,4.0,16.0,33.0,17.0
retained-crossover-avx512,cross/2/unit16/draw4/stride17/spread/sum/window,1,3,"[1614.0788103226407,1616.8459669016875,1614.8877444741063]",1614.8877444741063,"[1614.266867259198,1619.7825483142176,1614.9000115721924]",1614.9000115721924,"[1.5762488382057036,1.5789511395524292,1.5770388129629944]",1.5770388129629944,1024.0,16.0,4.0,16.0,33.0,17.0
retained-crossover-avx512,cross/2/unit16/draw4/stride17/spread/update/packet,1,3,"[2786.2410164784483,2784.3011713321334,2785.6930712727726]",2785.6930712727726,"[2786.2578916109796,2785.416120702383,2785.7079610893707]",2785.7079610893707,"[2.7209384926547346,2.719044112629036,2.7204033899148166]",2.7204033899148166,1024.0,16.0,4.0,16.0,33.0,17.0
retained-crossover-avx512,cross/2/unit16/draw4/stride17/spread/update/point,1,3,"[7893.241690139739,7887.501971831338,7898.419718308858]",7893.241690139739,"[7906.316056351885,7889.820281716184,7898.467605608743]",7898.467605608743,"[7.708243838027089,7.70263864436654,7.713300506160994]",7.708243838027089,1024.0,16.0,4.0,16.0,33.0,17.0
retained-crossover-avx512,cross/2/unit16/draw4/stride17/spread/update/window,1,3,"[2972.759247380501,2965.872354073471,2973.6403677575513]",2972.759247380501,"[2975.0930083279,2971.0027795612823,2974.2976266861824]",2974.2976266861824,"[2.9030852025200207,2.896359720774874,2.903945671638234]",2.9030852025200207,1024.0,16.0,4.0,16.0,33.0,17.0
retained-crossover-avx512,cross/2/unit16/draw4/stride64/compact/sum/packet,1,3,"[1300.8139207212862,1331.4189366897774,1286.9777381176511]",1300.8139207212862,"[1300.8219049387021,1331.8299830928208,1286.985628405736]",1300.8219049387021,"[1.2703260944543808,1.3002138053611105,1.2568141973805187]",1.2703260944543808,1024.0,16.0,4.0,4.0,68.0,64.0
retained-crossover-avx512,cross/2/unit16/draw4/stride64/compact/sum/point,1,3,"[4080.252628504069,4080.1769859817086,4079.221670560962]",4080.1769859817086,"[4080.274532718752,4080.1988901818654,4080.2018107615318]",4080.2018107615318,"[3.984621707523505,3.9845478378727623,3.9836149126571896]",3.9845478378727623,1024.0,16.0,4.0,4.0,68.0,64.0
retained-crossover-avx512,cross/2/unit16/draw4/stride64/compact/update/packet,1,3,"[2926.7554269172383,2916.730411411522,2926.45978912573]",2926.45978912573,"[2926.773206533439,2916.7502584323856,2927.3748191103914]",2926.773206533439,"[2.8581595965988655,2.8483695423940647,2.8578708878180956]",2.8578708878180956,1024.0,16.0,4.0,4.0,68.0,64.0
retained-crossover-avx512,cross/2/unit16/draw4/stride64/compact/update/point,1,3,"[6802.954766537212,6802.701848249084,6809.511673151936]",6802.954766537212,"[6803.00145914808,6802.743190659772,6819.582198440665]",6803.00145914808,"[6.643510514196497,6.643263523680745,6.649913743312437]",6.643510514196497,1024.0,16.0,4.0,4.0,68.0,64.0
retained-crossover-avx512,cross/2/unit16/draw4/stride64/spread/sum/packet,1,3,"[1259.1614240650088,1260.780982424786,1258.8287516900778]",1259.1614240650088,"[1259.16899503875,1260.788733662803,1258.8365029319373]",1259.16899503875,"[1.2296498281884851,1.231231428149205,1.2293249528223416]",1.2296498281884851,1024.0,16.0,4.0,16.0,80.0,64.0
retained-crossover-avx512,cross/2/unit16/draw4/stride64/spread/sum/point,1,3,"[4101.515133705548,4102.352336174325,4103.856890978117]",4102.352336174325,"[4101.539817801501,4102.377607996444,4103.882162791883]",4102.377607996444,"[4.005385872759324,4.00620345329524,4.007672745095817]",4.00620345329524,1024.0,16.0,4.0,16.0,80.0,64.0
retained-crossover-avx512,cross/2/unit16/draw4/stride64/spread/update/packet,1,3,"[2780.955280495123,2774.4669594730317,2794.860451187966]",2780.955280495123,"[2782.010580944443,2774.4839289187776,2794.8794170460196]",2782.010580944443,"[2.7157766411085187,2.7094403901103825,2.7293559093632482]",2.7157766411085187,1024.0,16.0,4.0,16.0,80.0,64.0
retained-crossover-avx512,cross/2/unit16/draw4/stride64/spread/update/point,1,3,"[7987.821245003841,7994.817818389093,7991.973158196938]",7991.973158196938,"[7990.400342662676,8010.257567113502,7992.027412906934]",7992.027412906934,"[7.8006066845740625,7.807439275770598,7.804661287301697]",7.804661287301697,1024.0,16.0,4.0,16.0,80.0,64.0
retained-crossover-avx512,cross/2/unit16/draw8/stride16/compact/sum/packet,1,3,"[1266.6082903429092,1272.2966784325731,1266.401031767687]",1266.6082903429092,"[1267.0803692619813,1274.0366549019118,1266.4097203323627]",1267.0803692619813,"[1.2369221585379973,1.2424772250318097,1.236719757585632]",1.2369221585379973,1024.0,16.0,8.0,8.0,24.0,16.0
retained-crossover-avx512,cross/2/unit16/draw8/stride16/compact/sum/point,1,3,"[5490.786050156193,5490.969827586944,5486.640282131948]",5490.786050156193,"[5492.198667723522,5491.003526645117,5486.677507857062]",5491.003526645117,"[5.362095752105656,5.362275222252874,5.3580471505194796]",5.362095752105656,1024.0,16.0,8.0,8.0,24.0,16.0
retained-crossover-avx512,cross/2/unit16/draw8/stride16/compact/sum/window,1,3,"[1352.136311349869,1336.5351802147754,1330.9466065952224]",1336.5351802147754,"[1352.4454562888966,1336.767733893884,1331.2145322107947]",1336.767733893884,"[1.3204456165526064,1.3052101369284919,1.299752545503147]",1.3052101369284919,1024.0,16.0,8.0,8.0,24.0,16.0
retained-crossover-avx512,cross/2/unit16/draw8/stride16/compact/update/packet,1,3,"[2777.0165811291067,2777.975720489663,2772.8298460324063]",2777.0165811291067,"[2777.031583102188,2778.383537315461,2773.282866167651]",2777.031583102188,"[2.7119302550088933,2.7128669145406867,2.7078416465160218]",2.7119302550088933,1024.0,16.0,8.0,8.0,24.0,16.0
retained-crossover-avx512,cross/2/unit16/draw8/stride16/compact/update/point,1,3,"[10399.321455083993,10392.943578323244,10387.932442465248]",10392.943578323244,"[10413.579064589945,10396.422420215522,10388.002969539324]",10396.422420215522,"[10.155587358480462,10.149358963206295,10.144465275844968]",10.149358963206295,1024.0,16.0,8.0,8.0,24.0,16.0
retained-crossover-avx512,cross/2/unit16/draw8/stride16/compact/update/window,1,3,"[2902.2715053762777,2910.7640612079053,2917.238626964151]",2910.7640612079053,"[2906.02998345095,2910.7818445013536,2917.872621995792]",2910.7818445013536,"[2.8342495169690207,2.842543028523345,2.848865846644679]",2.842543028523345,1024.0,16.0,8.0,8.0,24.0,16.0
retained-crossover-avx512,cross/2/unit16/draw8/stride16/spread/sum/packet,1,3,"[1288.657265818428,1285.1144583828575,1288.0629978938719]",1288.0629978938719,"[1288.6659646552748,1285.1232487870689,1288.2923724937034]",1288.2923724937034,"[1.2584543611508088,1.2549945882645093,1.2578740213807342]",1.2578740213807342,1024.0,16.0,8.0,16.0,32.0,16.0
retained-crossover-avx512,cross/2/unit16/draw8/stride16/spread/sum/point,1,3,"[5484.402429467364,5488.619122256798,5489.5082288396525]",5488.619122256798,"[5484.428291531508,5488.6524294723695,5490.278605019081]",5488.6524294723695,"[5.355861747526721,5.359979611578905,5.360847879726223]",5.359979611578905,1024.0,16.0,8.0,16.0,32.0,16.0
retained-crossover-avx512,cross/2/unit16/draw8/stride16/spread/sum/window,1,3,"[1302.428985236648,1297.4822463090334,1300.9368342365337]",1300.9368342365337,"[1302.5864324411984,1297.4911231532255,1300.9457110847095]",1300.9457110847095,"[1.271903305895164,1.2670725061611654,1.2704461271841148]",1.2704461271841148,1024.0,16.0,8.0,16.0,32.0,16.0
retained-crossover-avx512,cross/2/unit16/draw8/stride16/spread/update/packet,1,3,"[2596.586864795619,2564.273711245054,2581.0869565214407]",2581.0869565214407,"[2597.022931572591,2564.289304716084,2583.0638414901346]",2583.0638414901346,"[2.5357293601519717,2.504173546137748,2.5205927309779694]",2.5205927309779694,1024.0,16.0,8.0,16.0,32.0,16.0
retained-crossover-avx512,cross/2/unit16/draw8/stride16/spread/update/point,1,3,"[13073.493919550121,13074.935453693812,13071.838166512482]",13073.493919550121,"[13075.351730572698,13101.357343293019,13073.461178654792]",13075.351730572698,"[12.767083905810665,12.768491653997863,12.765466959484845]",12.767083905810665,1024.0,16.0,8.0,16.0,32.0,16.0
retained-crossover-avx512,cross/2/unit16/draw8/stride16/spread/update/window,1,3,"[2415.1364742694627,2404.529902642907,2404.6583796944974]",2404.6583796944974,"[2415.945757997734,2404.5462447941522,2404.6731571545447]",2404.6731571545447,"[2.358531713153772,2.348173733049714,2.3482991989204076]",2.3482991989204076,1024.0,16.0,8.0,16.0,32.0,16.0
retained-crossover-avx512,cross/2/unit16/draw8/stride17/compact/sum/packet,1,3,"[1268.9354867897741,1275.015834238214,1267.0798045601073]",1268.9354867897741,"[1271.1872059358163,1275.8171371705334,1267.0874954744863]",1271.1872059358163,"[1.239194811318139,1.2451326506232558,1.2373826216407298]",1.239194811318139,1024.0,16.0,8.0,8.0,25.0,17.0
retained-crossover-avx512,cross/2/unit16/draw8/stride17/compact/sum/point,1,3,"[5484.424206815821,5485.110066588331,5487.236584409719]",5485.110066588331,"[5484.457892661682,5485.856247556588,5488.370544457311]",5485.856247556588,"[5.355883014468576,5.356552799402667,5.358629476962616]",5.356552799402667,1024.0,16.0,8.0,8.0,25.0,17.0
retained-crossover-avx512,cross/2/unit16/draw8/stride17/compact/sum/window,1,3,"[1432.6008807863316,1434.8275297011962,1432.7360712823001]",1432.7360712823001,"[1435.0379967250406,1435.0513109394446,1432.744879147566]",1435.0379967250406,"[1.399024297642902,1.4011987594738244,1.399156319611621]",1.399156319611621,1024.0,16.0,8.0,8.0,25.0,17.0
retained-crossover-avx512,cross/2/unit16/draw8/stride17/compact/update/packet,1,3,"[2935.8105395233397,2938.752613968924,2924.5953575910708]",2935.8105395233397,"[2935.8283145136115,2938.770807196507,2925.215391049914]",2935.8283145136115,"[2.8670024800032614,2.8698755995790273,2.85605015389753]",2.8670024800032614,1024.0,16.0,8.0,8.0,25.0,17.0
retained-crossover-avx512,cross/2/unit16/draw8/stride17/compact/update/point,1,3,"[10389.350408316557,10387.32442464768,10389.20935412093]",10389.20935412093,"[10389.414253888794,10387.394951737582,10390.809948033888]",10389.414253888794,"[10.145850008121638,10.143871508445,10.145712259883721]",10.145712259883721,1024.0,16.0,8.0,8.0,25.0,17.0
retained-crossover-avx512,cross/2/unit16/draw8/stride17/compact/update/window,1,3,"[2917.0828524320323,2957.8926215990195,2946.7489694973565]",2946.7489694973565,"[2917.10057709045,2957.9128194565124,2946.7710222543387]",2946.7710222543387,"[2.8487137230781565,2.888567013280293,2.877684540524762]",2.877684540524762,1024.0,16.0,8.0,8.0,25.0,17.0
retained-crossover-avx512,cross/2/unit16/draw8/stride17/spread/sum/packet,1,3,"[1252.6142895757334,1252.3186773582847,1255.3829173799306]",1252.6142895757334,"[1252.6218578270318,1252.3254347262925,1255.391566808843]",1252.6218578270318,"[1.2232561421638022,1.2229674583576997,1.2259598802538385]",1.2232561421638022,1024.0,16.0,8.0,16.0,33.0,17.0
retained-crossover-avx512,cross/2/unit16/draw8/stride17/spread/sum/point,1,3,"[5488.7034131036535,5492.00706159203,5486.581012162114]",5488.7034131036535,"[5489.43546489488,5492.0439387837105,5486.614750881791]",5489.43546489488,"[5.3600619268590375,5.363288146085967,5.357989269689565]",5.3600619268590375,1024.0,16.0,8.0,16.0,33.0,17.0
retained-crossover-avx512,cross/2/unit16/draw8/stride17/spread/sum/window,1,3,"[1637.5392156865394,1617.6050749709896,1614.2012687429062]",1617.6050749709896,"[1637.746482119596,1617.6148788925498,1614.2123414090017]",1617.6148788925498,"[1.5991593903188863,1.579692456026357,1.5763684265067444]",1.579692456026357,1024.0,16.0,8.0,16.0,33.0,17.0
retained-crossover-avx512,cross/2/unit16/draw8/stride17/spread/update/packet,1,3,"[2784.763564356681,2784.5594059408318,2774.8227722773686]",2784.5594059408318,"[2785.0932673289317,2789.566534647297,2774.839801975417]",2785.0932673289317,"[2.7194956683170712,2.7192962948640935,2.7097878635521178]",2.7192962948640935,1024.0,16.0,8.0,16.0,33.0,17.0
retained-crossover-avx512,cross/2/unit16/draw8/stride17/spread/update/point,1,3,"[13070.060747662425,13059.052336449713,13063.014018691785]",13063.014018691785,"[13072.225233670091,13061.252336492289,13063.103738278893]",13063.103738278893,"[12.763731198889086,12.752980797314173,12.756849627628696]",12.756849627628696,1024.0,16.0,8.0,16.0,33.0,17.0
retained-crossover-avx512,cross/2/unit16/draw8/stride17/spread/update/window,1,3,"[2983.092983939353,2965.504015215472,2968.496618765618]",2968.496618765618,"[2983.1109467450115,2968.981614537911,3004.9433643222073]",2983.1109467450115,"[2.9131767421282744,2.8960000148588594,2.8989224792632986]",2.8989224792632986,1024.0,16.0,8.0,16.0,33.0,17.0
retained-crossover-avx512,cross/2/unit16/draw8/stride64/compact/sum/packet,1,3,"[1363.5349961328052,1361.5675754061704,1360.6705336424511]",1361.5675754061704,"[1373.0241686037102,1377.119392882673,1362.9099961319241]",1373.0241686037102,"[1.3315771446609428,1.3296558353575882,1.3287798180102062]",1.3296558353575882,1024.0,16.0,8.0,8.0,72.0,64.0
retained-crossover-avx512,cross/2/unit16/draw8/stride64/compact/sum/point,1,3,"[5498.835885354933,5494.808009422567,5498.737730663387]",5498.737730663387,"[5500.353356876142,5494.845308191797,5501.959560272578]",5500.353356876142,"[5.369956919291927,5.366023446701726,5.369861065100964]",5.369861065100964,1024.0,16.0,8.0,8.0,72.0,64.0
retained-crossover-avx512,cross/2/unit16/draw8/stride64/compact/update/packet,1,3,"[2934.1225766105226,2925.214717531801,2930.960183447908]",2930.960183447908,"[2934.140296014027,2930.86950177991,2931.365645193572]",2931.365645193572,"[2.8653540787212135,2.856654997589649,2.8622658041483477]",2.8622658041483477,1024.0,16.0,8.0,8.0,72.0,64.0
retained-crossover-avx512,cross/2/unit16/draw8/stride64/compact/update/point,1,3,"[10431.513069454302,10424.350261387604,10421.138909634834]",10424.350261387604,"[10433.65197907695,10424.41448842006,10422.808065724257]",10424.41448842006,"[10.187024481888967,10.180029552136332,10.176893466440267]",10.180029552136332,1024.0,16.0,8.0,8.0,72.0,64.0
retained-crossover-avx512,cross/2/unit16/draw8/stride64/spread/sum/packet,1,3,"[1261.1858655325593,1264.1277712425012,1259.686453714655]",1261.1858655325593,"[1264.3372545465093,1264.1344674680336,1259.7982083072445]",1264.1344674680336,"[1.23162682180914,1.234499776604005,1.2301625524557178]",1.23162682180914,1024.0,16.0,8.0,16.0,80.0,64.0
retained-crossover-avx512,cross/2/unit16/draw8/stride64/spread/sum/point,1,3,"[5516.778216259941,5515.479479084608,5517.661799526303]",5516.778216259941,"[5516.8117600697815,5515.516969212072,5540.422651939503]",5516.8117600697815,"[5.387478726816349,5.386210428793563,5.3883416010999055]",5.387478726816349,1024.0,16.0,8.0,16.0,80.0,64.0
retained-crossover-avx512,cross/2/unit16/draw8/stride64/spread/update/packet,1,3,"[2784.3419226961128,2782.661248761193,2793.917740337418]",2784.3419226961128,"[2785.873339949313,2782.6780971237836,2793.9349851356733]",2785.873339949313,"[2.7190839088829226,2.7174426257433524,2.7284352932982596]",2.7190839088829226,1024.0,16.0,8.0,16.0,80.0,64.0
retained-crossover-avx512,cross/2/unit16/draw8/stride64/spread/update/point,1,3,"[13150.708255160403,13133.850844276905,13131.225140711553]",13133.850844276905,"[13154.17542213336,13133.939962479819,13131.314258901139]",13133.939962479819,"[12.84248853043008,12.826026215114164,12.823462051476126]",12.826026215114164,1024.0,16.0,8.0,16.0,80.0,64.0
retained-crossover-avx512,cross/2/unit24/draw2/stride24/compact/sum/packet,1,3,"[1269.1640509601957,1269.4494091581234,1275.7694793203968]",1269.4494091581234,"[1269.7395679508984,1272.0207717852966,1275.9019571646177]",1272.0207717852966,"[1.239418018515816,1.2396966886309801,1.245868632148825]",1.2396966886309801,1024.0,24.0,2.0,2.0,26.0,24.0
retained-crossover-avx512,cross/2/unit24/draw2/stride24/compact/sum/point,1,3,"[13824.834146343548,13673.975609753914,13768.425365853778]",13768.425365853778,"[13827.904390271258,13674.069268301715,13768.518048791742]",13768.518048791742,"[13.50081459603862,13.353491806400305,13.44572789634158]",13.44572789634158,1024.0,24.0,2.0,2.0,26.0,24.0
retained-crossover-avx512,cross/2/unit24/draw2/stride24/compact/sum/window,1,3,"[1408.8806910569704,1408.604166666954,1409.35924796742]",1408.8806910569704,"[1408.983739836236,1408.8150406482837,1409.3689024372363]",1408.983739836236,"[1.3758600498603226,1.375590006510697,1.3763273905931837]",1.3758600498603226,1024.0,24.0,2.0,2.0,26.0,24.0
retained-crossover-avx512,cross/2/unit24/draw2/stride24/compact/update/packet,1,3,"[2730.2996876220527,2735.018547442369,2726.5962514644575]",2730.2996876220527,"[2730.3164779404187,2736.079851622228,2726.6146036790815]",2730.3164779404187,"[2.6663082886934113,2.670916550236688,2.6626916518207597]",2.6663082886934113,1024.0,24.0,2.0,2.0,26.0,24.0
retained-crossover-avx512,cross/2/unit24/draw2/stride24/compact/update/point,1,3,"[15306.182599353457,15318.45864661513,15378.599355534066]",15318.45864661513,"[15326.790547810604,15324.858216964847,15378.703544544751]",15326.790547810604,"[14.94744394468111,14.959432272085088,15.018163433138737]",14.959432272085088,1024.0,24.0,2.0,2.0,26.0,24.0
retained-crossover-avx512,cross/2/unit24/draw2/stride24/compact/update/window,1,3,"[2878.8112582784865,2873.8814155626847,2878.1798427155313]",2878.1798427155313,"[2878.828642385885,2879.151490065307,2878.4977235056544]",2878.828642385885,"[2.8113391194125845,2.806524819885434,2.8107225026518865]",2.8107225026518865,1024.0,24.0,2.0,2.0,26.0,24.0
retained-crossover-avx512,cross/2/unit24/draw2/stride24/spread/sum/packet,1,3,"[2010.628563201805,2001.1035128131707,2005.4441405126547]",2005.4441405126547,"[2010.8796429648578,2001.1157500730371,2005.694068526442]",2005.694068526442,"[1.9635044562517627,1.954202649231612,1.9584415434693896]",1.9584415434693896,1024.0,24.0,2.0,24.0,48.0,24.0
retained-crossover-avx512,cross/2/unit24/draw2/stride24/spread/sum/point,1,3,"[13791.557377047768,13637.961427194117,13644.527483126663]",13644.527483126663,"[13791.642237235219,13638.043394393459,13646.453230486806]",13646.453230486806,"[13.468317751023212,13.318321706244257,13.324733870240884]",13.324733870240884,1024.0,24.0,2.0,24.0,48.0,24.0
retained-crossover-avx512,cross/2/unit24/draw2/stride24/spread/sum/window,1,3,"[1203.2022858123703,1204.1905989517552,1205.4906762910757]",1204.1905989517552,"[1203.2096760353554,1206.308412819467,1207.2107072278484]",1206.308412819467,"[1.1750022322386429,1.1759673817888234,1.1772369885655036]",1.1759673817888234,1024.0,24.0,2.0,24.0,48.0,24.0
retained-crossover-avx512,cross/2/unit24/draw2/stride24/spread/update/packet,1,3,"[5046.901287553776,5048.893061516196,5069.572603720094]",5048.893061516196,"[5048.190629455499,5048.927753930453,5069.60371959106]",5048.927753930453,"[4.928614538626734,4.93055963038691,4.950754495820403]",4.93055963038691,1024.0,24.0,2.0,24.0,48.0,24.0
retained-crossover-avx512,cross/2/unit24/draw2/stride24/spread/update/point,1,3,"[15839.497690531376,15736.554272516609,15872.961893764324]",15839.497690531376,"[15843.463048494841,15736.661662829827,15873.058891430062]",15843.463048494841,"[15.468259463409545,15.3677287817545,15.500939349379223]",15.468259463409545,1024.0,24.0,2.0,24.0,48.0,24.0
retained-crossover-avx512,cross/2/unit24/draw2/stride24/spread/update/window,1,3,"[4053.4613155605753,4051.827006664241,4061.3288901769674]",4053.4613155605753,"[4054.1585047811263,4060.6059113219103,4061.35641842369]",4060.6059113219103,"[3.9584583159771243,3.9568623111955477,3.9661414943134448]",3.9584583159771243,1024.0,24.0,2.0,24.0,48.0,24.0
retained-crossover-avx512,cross/2/unit24/draw2/stride25/compact/sum/packet,1,3,"[1275.8133575647375,1274.7546569743088,1275.206360745248]",1275.206360745248,"[1275.821989999764,1275.193184913375,1275.2140845055537]",1275.2140845055537,"[1.245911481996814,1.2448775947014732,1.245318711665281]",1.245318711665281,1024.0,24.0,2.0,2.0,27.0,25.0
retained-crossover-avx512,cross/2/unit24/draw2/stride25/compact/sum/point,1,3,"[13683.73879142341,13689.809941521116,13835.853801172658]",13689.809941521116,"[13709.786549730197,13716.336257320432,13835.927875263247]",13716.336257320432,"[13.363026163499423,13.368955021016715,13.511575977707672]",13.368955021016715,1024.0,24.0,2.0,2.0,27.0,25.0
retained-crossover-avx512,cross/2/unit24/draw2/stride25/compact/sum/window,1,3,"[1548.8729982208565,1545.961410142273,1552.163589857515]",1548.8729982208565,"[1548.8824510670333,1545.971975088186,1552.5077846977995]",1548.8824510670333,"[1.5125712873250554,1.5097279395920635,1.5157847557202295]",1.5125712873250554,1024.0,24.0,2.0,2.0,27.0,25.0
retained-crossover-avx512,cross/2/unit24/draw2/stride25/compact/update/packet,1,3,"[2739.514597119568,2733.111132736372,2733.609575710737]",2733.609575710737,"[2740.4011288433403,2733.7351109377755,2734.2216815866054]",2734.2216815866054,"[2.6753072237495785,2.669053840562863,2.669540601280017]",2.669540601280017,1024.0,24.0,2.0,2.0,27.0,25.0
retained-crossover-avx512,cross/2/unit24/draw2/stride25/compact/update/point,1,3,"[15255.980306345036,15400.147702405582,15341.144420133869]",15341.144420133869,"[15256.072210088101,15407.550328247824,15345.493435433958]",15345.493435433958,"[14.898418267915075,15.039206740630451,14.981586347786982]",14.981586347786982,1024.0,24.0,2.0,2.0,27.0,25.0
retained-crossover-avx512,cross/2/unit24/draw2/stride25/compact/update/window,1,3,"[2926.468413268631,2881.8540038033425,2887.9032326221213]",2887.9032326221213,"[2926.4884851018332,2881.869427424499,2887.9228819008276]",2887.9228819008276,"[2.8578793098326476,2.814310550589202,2.8202180006075404]",2.8202180006075404,1024.0,24.0,2.0,2.0,27.0,25.0
retained-crossover-avx512,cross/2/unit24/draw2/stride25/spread/sum/packet,1,3,"[2093.870367614304,2092.958029468343,2082.9685965174563]",2092.958029468343,"[2096.724363749226,2092.9738056246993,2082.9827355263496]",2092.9738056246993,"[2.044795280873344,2.0439043256526785,2.0341490200365784]",2.0439043256526785,1024.0,24.0,2.0,24.0,49.0,25.0
retained-crossover-avx512,cross/2/unit24/draw2/stride25/spread/sum/point,1,3,"[13813.805118109854,13711.776574805577,13669.32578740236]",13711.776574805577,"[13817.530511800676,13711.85137791941,13669.40944886507]",13711.85137791941,"[13.490044060654153,13.39040681133357,13.348950964260117]",13.39040681133357,1024.0,24.0,2.0,24.0,49.0,25.0
retained-crossover-avx512,cross/2/unit24/draw2/stride25/spread/sum/window,1,3,"[1650.6486676839452,1642.1604648432046,1647.5296396290837]",1647.5296396290837,"[1650.8910670287148,1642.169386074242,1647.5397347098333]",1647.5397347098333,"[1.611961589535103,1.603672328948442,1.608915663700277]",1.608915663700277,1024.0,24.0,2.0,24.0,49.0,25.0
retained-crossover-avx512,cross/2/unit24/draw2/stride25/spread/update/packet,1,3,"[5068.521379806454,5060.321595400545,5008.845131154086]",5060.321595400545,"[5068.552281714707,5061.294286743435,5008.875314422275]",5061.294286743435,"[4.94972790996724,4.941720308008344,4.891450323392662]",4.941720308008344,1024.0,24.0,2.0,24.0,49.0,25.0
retained-crossover-avx512,cross/2/unit24/draw2/stride25/spread/update/point,1,3,"[15851.868331442514,15959.960272417955,16041.062429058326]",15959.960272417955,"[15851.964812689519,15963.043132825067,16081.80703747801]",15963.043132825067,"[15.48034016742433,15.585898703533159,15.665100028377271]",15.585898703533159,1024.0,24.0,2.0,24.0,49.0,25.0
retained-crossover-avx512,cross/2/unit24/draw2/stride25/spread/update/window,1,3,"[4591.448582729256,4591.521094265327,4579.6130520763045]",4591.448582729256,"[4591.483190509459,4594.838497036769,4579.641067887612]",4591.483190509459,"[4.4838365065715395,4.483907318618484,4.472278371168266]",4.4838365065715395,1024.0,24.0,2.0,24.0,49.0,25.0
retained-crossover-avx512,cross/2/unit24/draw2/stride64/compact/sum/packet,1,3,"[1312.697047970443,1299.0142988931818,1306.623247232314]",1306.623247232314,"[1312.704151293375,1299.021309967478,1307.0001845053446]",1307.0001845053446,"[1.2819307109086358,1.268568651262873,1.2759992648753067]",1.2759992648753067,1024.0,24.0,2.0,2.0,66.0,64.0
retained-crossover-avx512,cross/2/unit24/draw2/stride64/compact/sum/point,1,3,"[13722.745596871684,13731.296477496258,13737.265166341886]",13731.296477496258,"[13726.654598863535,13731.370841484155,13742.476516597322]",13731.370841484155,"[13.401118746945002,13.40946921630494,13.415298014005746]",13.40946921630494,1024.0,24.0,2.0,2.0,66.0,64.0
retained-crossover-avx512,cross/2/unit24/draw2/stride64/compact/update/packet,1,3,"[2734.7515588464566,2728.23363211222,2729.075604053422]",2729.075604053422,"[2734.768511300273,2728.2501948495456,2729.715705380176]",2729.715705380176,"[2.670655819185993,2.6642906563595896,2.6651128945834204]",2.6651128945834204,1024.0,24.0,2.0,2.0,66.0,64.0
retained-crossover-avx512,cross/2/unit24/draw2/stride64/compact/update/point,1,3,"[15352.32441471323,15286.159420290445,15273.539576367697]",15286.159420290445,"[15352.41806021385,15309.530657706015,15296.108138258309]",15309.530657706015,"[14.992504311243389,14.927890058877388,14.915565992546577]",14.927890058877388,1024.0,24.0,2.0,2.0,66.0,64.0
retained-crossover-avx512,cross/2/unit24/draw2/stride64/spread/sum/packet,1,3,"[2079.939836187913,2080.7364110201524,2086.4504839909077]",2080.7364110201524,"[2080.1714072995997,2081.102010430384,2086.463291138556]",2081.102010430384,"[2.0311912462772588,2.0319691513868676,2.037549300772371]",2.0319691513868676,1024.0,24.0,2.0,24.0,88.0,64.0
retained-crossover-avx512,cross/2/unit24/draw2/stride64/spread/sum/point,1,3,"[13651.678149605064,13739.946850394605,13714.404527558625]",13714.404527558625,"[13654.458661408367,13740.02952751085,13714.488188975876]",13714.488188975876,"[13.331716942973696,13.41791684608848,13.392973171443968]",13.392973171443968,1024.0,24.0,2.0,24.0,88.0,64.0
retained-crossover-avx512,cross/2/unit24/draw2/stride64/spread/update/packet,1,3,"[5055.504335260889,5070.142702312477,5039.499638728146]",5055.504335260889,"[5057.09934972693,5070.170158953163,5039.534320814508]",5057.09934972693,"[4.937015952403212,4.951311232727028,4.921386365945455]",4.937015952403212,1024.0,24.0,2.0,24.0,88.0,64.0
retained-crossover-avx512,cross/2/unit24/draw2/stride64/spread/update/point,1,3,"[15869.605504586487,15975.751146790924,16036.70298165261]",15975.751146790924,"[15869.701834906356,15981.743119274859,16036.790137602753]",15981.743119274859,"[15.497661625572741,15.60131947928801,15.660842755520127]",15.60131947928801,1024.0,24.0,2.0,24.0,88.0,64.0
retained-crossover-avx512,cross/2/unit24/draw4/stride24/compact/sum/packet,1,3,"[1288.151142831382,1280.4468334989829,1311.9473303820112]",1288.151142831382,"[1290.0111121151213,1281.0454422274433,1311.9562742785174]",1290.0111121151213,"[1.2579601004212713,1.2504363608388502,1.2811985648261828]",1.2579601004212713,1024.0,24.0,4.0,4.0,28.0,24.0
retained-crossover-avx512,cross/2/unit24/draw4/stride24/compact/sum/point,1,3,"[4082.8380507731117,4084.331777064555,4088.8576014009345]",4084.331777064555,"[4082.862853806778,4084.3568719059103,4089.778523501112]",4084.3568719059103,"[3.987146533958117,3.988605251039604,3.9930250013681]",3.988605251039604,1024.0,24.0,4.0,4.0,28.0,24.0
retained-crossover-avx512,cross/2/unit24/draw4/stride24/compact/sum/window,1,3,"[1403.1438819844902,1414.8404567037423,1402.3153480853387]",1403.1438819844902,"[1403.1534808489616,1414.8480347543764,1402.7432555358557]",1403.1534808489616,"[1.3702576972504785,1.3816801334997486,1.3694485821145885]",1.3702576972504785,1024.0,24.0,4.0,4.0,28.0,24.0
retained-crossover-avx512,cross/2/unit24/draw4/stride24/compact/update/packet,1,3,"[2804.507397041409,2825.3128748500717,2804.465213914721]",2804.507397041409,"[2804.522391052862,2830.34026389279,2805.076169537568]",2805.076169537568,"[2.7387767549232516,2.759094604345773,2.738735560463595]",2.7387767549232516,1024.0,24.0,4.0,4.0,28.0,24.0
retained-crossover-avx512,cross/2/unit24/draw4/stride24/compact/update/point,1,3,"[6785.937984495523,6778.762112402606,6784.450581395611]",6784.450581395611,"[6785.984011641442,6778.808624025754,6786.158430219215]",6785.984011641442,"[6.626892562983909,6.619884875393169,6.6254400208941515]",6.6254400208941515,1024.0,24.0,4.0,4.0,28.0,24.0
retained-crossover-avx512,cross/2/unit24/draw4/stride24/compact/update/window,1,3,"[2889.1116336130867,2904.5115518303487,2911.8902065010975]",2904.5115518303487,"[2889.1314659620307,2904.5291351386554,2911.907994275304]",2904.5291351386554,"[2.8213980797002796,2.836437062334325,2.843642779786228]",2.836437062334325,1024.0,24.0,4.0,4.0,28.0,24.0
retained-crossover-avx512,cross/2/unit24/draw4/stride24/spread/sum/packet,1,3,"[2087.381521901284,2085.460606966717,2083.857826281647]",2085.460606966717,"[2087.8576767846503,2085.4733143920353,2083.8735236897055]",2085.4733143920353,"[2.0384585174817222,2.0365826239909346,2.035017408478171]",2.0365826239909346,1024.0,24.0,4.0,24.0,48.0,24.0
retained-crossover-avx512,cross/2/unit24/draw4/stride24/spread/sum/point,1,3,"[4088.114778037764,4087.954439252939,4086.7537967288044]",4087.954439252939,"[4088.715245321136,4087.979264009935,4086.7789135533126]",4087.979264009935,"[3.9922995879275036,3.992143007082949,3.990970504617973]",3.992143007082949,1024.0,24.0,4.0,24.0,48.0,24.0
retained-crossover-avx512,cross/2/unit24/draw4/stride24/spread/sum/window,1,3,"[1245.0975066785306,1244.2666963489644,1244.2685663402144]",1244.2685663402144,"[1245.2966162075534,1244.2742653614832,1244.2761353530495]",1244.2761353530495,"[1.2159155338657526,1.2151041956532855,1.2151060218166156]",1.2151060218166156,1024.0,24.0,4.0,24.0,48.0,24.0
retained-crossover-avx512,cross/2/unit24/draw4/stride24/spread/update/packet,1,3,"[5110.235611510813,5054.822302158679,5054.303956835501]",5054.822302158679,"[5116.389208647699,5054.852877708445,5054.334892074523]",5054.852877708445,"[4.9904644643660285,4.936349904451835,4.935843707847168]",4.936349904451835,1024.0,24.0,4.0,24.0,48.0,24.0
retained-crossover-avx512,cross/2/unit24/draw4/stride24/spread/update/point,1,3,"[7897.019176538486,7889.737732656725,7892.270727581769]",7892.270727581769,"[7898.184433181935,7889.7856739970375,7892.324309098508]",7892.324309098508,"[7.711932789588365,7.704822004547583,7.7072956324040724]",7.7072956324040724,1024.0,24.0,4.0,24.0,48.0,24.0
retained-crossover-avx512,cross/2/unit24/draw4/stride24/spread/update/window,1,3,"[4281.4410146704795,4248.8676650359475,4231.016503667507]",4248.8676650359475,"[4281.467298289064,4249.578239610407,4231.042176051042]",4249.578239610407,"[4.181094740889139,4.149284829136668,4.1318520543628]",4.149284829136668,1024.0,24.0,4.0,24.0,48.0,24.0
retained-crossover-avx512,cross/2/unit24/draw4/stride25/compact/sum/packet,1,3,"[1329.2386471592101,1328.225821774689,1339.1520995628564]",1329.2386471592101,"[1329.2467223987603,1328.4087972605298,1341.5809424299703]",1329.2467223987603,"[1.2980846163664161,1.2970955290768447,1.307765722229352]",1.2980846163664161,1024.0,24.0,4.0,4.0,29.0,25.0
retained-crossover-avx512,cross/2/unit24/draw4/stride25/compact/sum/point,1,3,"[4086.3815635937585,4084.499708285329,4084.1088098009964]",4084.499708285329,"[4086.40635938371,4085.242415398305,4088.416277722565]",4086.40635938371,"[3.99060699569703,3.988769246372391,3.9883875095712855]",3.988769246372391,1024.0,24.0,4.0,4.0,29.0,25.0
retained-crossover-avx512,cross/2/unit24/draw4/stride25/compact/sum/window,1,3,"[1483.5642370215194,1470.5847928683004,1472.305715783932]",1472.305715783932,"[1483.5743051903899,1470.5938122727396,1472.573780807726]",1472.573780807726,"[1.4487932002163277,1.4361179617854496,1.4377985505702462]",1.4377985505702462,1024.0,24.0,4.0,4.0,29.0,25.0
retained-crossover-avx512,cross/2/unit24/draw4/stride25/compact/update/packet,1,3,"[2814.7100722310765,2831.072431781814,2834.475521669462]",2831.072431781814,"[2814.727327449198,2832.073033700952,2835.0042134885175]",2832.073033700952,"[2.748740304913161,2.7647191716619277,2.768042501630334]",2.7647191716619277,1024.0,24.0,4.0,4.0,29.0,25.0
retained-crossover-avx512,cross/2/unit24/draw4/stride25/compact/update/point,1,3,"[6784.650993698112,6786.822588463597,6790.860882210608]",6786.822588463597,"[6784.692680579128,6786.864275330837,6793.523994185101]",6786.864275330837,"[6.6256357360333125,6.62775643404648,6.631700080283797]",6.62775643404648,1024.0,24.0,4.0,4.0,29.0,25.0
retained-crossover-avx512,cross/2/unit24/draw4/stride25/compact/update/window,1,3,"[2998.50370531795,2975.2955536179975,2987.4727550130588]",2987.4727550130588,"[2998.5220139522253,2980.1044027896205,2988.173278112047]",2988.173278112047,"[2.928226274724561,2.9055620640800757,2.9174538623174406]",2.9174538623174406,1024.0,24.0,4.0,4.0,29.0,25.0
retained-crossover-avx512,cross/2/unit24/draw4/stride25/spread/sum/packet,1,3,"[2087.8375354314344,2093.244219006499,2086.9692674924777]",2087.8375354314344,"[2090.482022969994,2093.2583917576576,2086.9820975685648]",2090.482022969994,"[2.0389038431947606,2.044183807623534,2.038055925285623]",2.0389038431947606,1024.0,24.0,4.0,24.0,49.0,25.0
retained-crossover-avx512,cross/2/unit24/draw4/stride25/spread/sum/point,1,3,"[4092.4063779985536,4093.173200701932,4091.4291983615603]",4092.4063779985536,"[4092.428613230868,4093.1977764823905,4091.451433583481]",4092.428613230868,"[3.996490603514212,3.99723945381048,3.9955363265249617]",3.996490603514212,1024.0,24.0,4.0,24.0,49.0,25.0
retained-crossover-avx512,cross/2/unit24/draw4/stride25/spread/sum/window,1,3,"[1751.0014975666966,1746.6511918131714,1751.1637339322808]",1751.0014975666966,"[1751.293023836687,1746.6617995768786,1758.230500435728]",1751.293023836687,"[1.7099623999674771,1.7057140545050502,1.710120833918243]",1.7099623999674771,1024.0,24.0,4.0,24.0,49.0,25.0
retained-crossover-avx512,cross/2/unit24/draw4/stride25/spread/update/packet,1,3,"[5048.591784805723,5026.20319883645,5051.1286804794245]",5048.591784805723,"[5050.3380589006365,5026.237368241264,5051.159578338598]",5050.3380589006365,"[4.930265414849338,4.90840156136372,4.932742852030688]",4.930265414849338,1024.0,24.0,4.0,24.0,49.0,25.0
retained-crossover-avx512,cross/2/unit24/draw4/stride25/spread/update/point,1,3,"[7901.299323561614,7896.310597518552,7907.697857947899]",7901.299323561614,"[7902.576662893252,7907.875422763813,7907.745772249763]",7907.745772249763,"[7.716112620665639,7.71124081788921,7.722361189402245]",7.716112620665639,1024.0,24.0,4.0,24.0,49.0,25.0
retained-crossover-avx512,cross/2/unit24/draw4/stride25/spread/update/window,1,3,"[4694.363484087112,4648.142713568793,4659.90787269646]",4659.90787269646,"[4695.266666675946,4658.613065341732,4660.830820773925]",4660.830820773925,"[4.58433933992882,4.539201868719524,4.550691281930137]",4.550691281930137,1024.0,24.0,4.0,24.0,49.0,25.0
retained-crossover-avx512,cross/2/unit24/draw4/stride64/compact/sum/packet,1,3,"[1364.2048507104168,1357.6814184943019,1365.338293554856]",1364.2048507104168,"[1364.2130640647001,1358.012464975583,1365.914774372523]",1364.2130640647001,"[1.3322312995218912,1.3258607602483419,1.333338177299664]",1.3322312995218912,1024.0,24.0,4.0,4.0,68.0,64.0
retained-crossover-avx512,cross/2/unit24/draw4/stride64/compact/sum/point,1,3,"[4080.8991547646124,4079.8120081612947,4080.6633634513264]",4080.6633634513264,"[4088.659574474677,4081.1573885194684,4080.6907607117964]",4081.1573885194684,"[3.9852530808248168,3.9841914142200143,3.9850228158704364]",3.9850228158704364,1024.0,24.0,4.0,4.0,68.0,64.0
retained-crossover-avx512,cross/2/unit24/draw4/stride64/compact/update/packet,1,3,"[2826.0571254319293,2822.172392763384,2816.55316121172]",2822.172392763384,"[2826.074405366861,2823.1490140292276,2816.5704411415963]",2823.1490140292276,"[2.759821411554619,2.756027727307992,2.750540196495821]",2.756027727307992,1024.0,24.0,4.0,4.0,68.0,64.0
retained-crossover-avx512,cross/2/unit24/draw4/stride64/compact/update/point,1,3,"[6806.665856030854,6807.318093385338,6807.993677041802]",6807.318093385338,"[6817.777723738708,6809.69406612512,6809.791342411584]",6809.791342411584,"[6.647134625030131,6.647771575571619,6.648431325236134]",6.647771575571619,1024.0,24.0,4.0,4.0,68.0,64.0
retained-crossover-avx512,cross/2/unit24/draw4/stride64/spread/sum/packet,1,3,"[2035.7691187183984,2037.0860888565533,2039.852148579912]",2037.0860888565533,"[2035.7816460308543,2037.0999271695202,2040.888565189871]",2037.0999271695202,"[1.988055779998436,1.9893418836489778,1.9920431138475703]",1.9893418836489778,1024.0,24.0,4.0,24.0,88.0,64.0
retained-crossover-avx512,cross/2/unit24/draw4/stride64/spread/sum/point,1,3,"[4106.24633000572,4107.303581913976,4112.241632412785]",4107.303581913976,"[4106.26834997231,4109.280974752081,4113.626247792011]",4109.280974752081,"[4.010006181646211,4.011038654212867,4.015860969153111]",4.011038654212867,1024.0,24.0,4.0,24.0,88.0,64.0
retained-crossover-avx512,cross/2/unit24/draw4/stride64/spread/update/packet,1,3,"[5098.89026162852,5073.7409156971535,5068.388444766853]",5073.7409156971535,"[5098.921148271893,5073.772165695866,5070.668604649465]",5073.772165695866,"[4.979385021121602,4.954825112985501,4.94959809059263]",4.954825112985501,1024.0,24.0,4.0,24.0,88.0,64.0
retained-crossover-avx512,cross/2/unit24/draw4/stride64/spread/update/point,1,3,"[7995.028555112171,7985.486007995949,7987.587093089535]",7987.587093089535,"[7995.077098817681,7998.064534529779,7992.005139895908]",7995.077098817681,"[7.807645073351729,7.798326179683545,7.800378020595248]",7.800378020595248,1024.0,24.0,4.0,24.0,88.0,64.0
retained-crossover-avx512,cross/2/unit24/draw8/stride24/compact/sum/packet,1,3,"[1273.156679941772,1271.9799963792127,1270.5961259954101]",1271.9799963792127,"[1273.1653692980303,1271.9886857332203,1270.9613504720273]",1271.9886857332203,"[1.2433170702556366,1.2421679652140751,1.2408165292923927]",1.2421679652140751,1024.0,24.0,8.0,8.0,32.0,24.0
retained-crossover-avx512,cross/2/unit24/draw8/stride24/compact/sum/point,1,3,"[5496.340659340264,5493.243720565067,5497.305729984281]",5496.340659340264,"[5496.370094175438,5493.277472512057,5497.33948196334]",5496.370094175438,"[5.367520175136978,5.364495820864322,5.368462626937775]",5.367520175136978,1024.0,24.0,8.0,8.0,32.0,24.0
retained-crossover-avx512,cross/2/unit24/draw8/stride24/compact/sum/window,1,3,"[1164.8486223396674,1152.9620524664927,1151.9151130176845]",1152.9620524664927,"[1167.413958095255,1152.96906451129,1151.9222075565401]",1152.96906451129,"[1.1375474827535814,1.1259395043618092,1.1249171025563325]",1.1259395043618092,1024.0,24.0,8.0,8.0,32.0,24.0
retained-crossover-avx512,cross/2/unit24/draw8/stride24/compact/update/packet,1,3,"[2889.2157512955637,2889.690155440133,2888.564766839493]",2889.2157512955637,"[2890.20725388728,2889.7079792780137,2888.582383416108]",2889.7079792780137,"[2.821499757124574,2.821963042422005,2.8208640301166925]",2.821499757124574,1024.0,24.0,8.0,8.0,32.0,24.0
retained-crossover-avx512,cross/2/unit24/draw8/stride24/compact/update/point,1,3,"[10401.667904902988,10381.921248142196,10392.447994055981]",10392.447994055981,"[10422.697622585612,10381.976968800596,10392.51931649873]",10392.51931649873,"[10.157878813381824,10.138594968888864,10.148874994195292]",10.148874994195292,1024.0,24.0,8.0,8.0,32.0,24.0
retained-crossover-avx512,cross/2/unit24/draw8/stride24/compact/update/window,1,3,"[2669.211396343991,2632.078179696189,2625.9266822253103]",2632.078179696189,"[2669.2296771693946,2632.891481910044,2626.5902372694904]",2632.891481910044,"[2.606651754242179,2.5703888473595597,2.5643815256106546]",2.5703888473595597,1024.0,24.0,8.0,8.0,32.0,24.0
retained-crossover-avx512,cross/2/unit24/draw8/stride24/spread/sum/packet,1,3,"[2067.2759082788307,2075.976027397775,2080.6471113755983]",2075.976027397775,"[2067.2870756396924,2076.584276357676,2081.0483919043563]",2076.584276357676,"[2.0188241291785456,2.0273203392556396,2.0318819447027328]",2.0273203392556396,1024.0,24.0,8.0,24.0,48.0,24.0
retained-crossover-avx512,cross/2/unit24/draw8/stride24/spread/sum/point,1,3,"[5517.205178500447,5511.406433895779,5506.051785012643]",5511.406433895779,"[5716.172616698423,5548.792075341046,5571.130639471468]",5571.130639471468,"[5.3878956821293436,5.382232845601346,5.37700369630141]",5.382232845601346,1024.0,24.0,8.0,24.0,48.0,24.0
retained-crossover-avx512,cross/2/unit24/draw8/stride24/spread/sum/window,1,3,"[1205.2345551538158,1205.6801755291547,1210.5924969883372]",1205.6801755291547,"[1228.4935467177056,1233.347444501996,1271.095766650959]",1233.347444501996,"[1.1769868702673982,1.1774220464151899,1.182219235340173]",1.1774220464151899,1024.0,24.0,8.0,24.0,48.0,24.0
retained-crossover-avx512,cross/2/unit24/draw8/stride24/spread/update/packet,1,3,"[5074.3398835520275,5058.342430858096,5064.215793304662]",5064.215793304662,"[5279.320960695951,5076.106623002866,5073.442503643977]",5076.106623002866,"[4.955410042531277,4.9397875301348595,4.945523235649083]",4.945523235649083,1024.0,24.0,8.0,24.0,48.0,24.0
retained-crossover-avx512,cross/2/unit24/draw8/stride24/spread/update/point,1,3,"[13061.172897196857,13057.061682245412,13064.060747664027]",13061.172897196857,"[13061.253271061843,13057.150467309448,13071.794392483063]",13061.253271061843,"[12.755051657418804,12.751036799067785,12.757871823890651]",12.755051657418804,1024.0,24.0,8.0,24.0,48.0,24.0
retained-crossover-avx512,cross/2/unit24/draw8/stride24/spread/update/window,1,3,"[4060.5095818819314,4034.923344947892,4047.6292102209527]",4047.6292102209527,"[4060.534552835614,4034.950638791423,4049.7938443730936]",4049.7938443730936,"[3.965341388556573,3.940354829050676,3.952762900606399]",3.952762900606399,1024.0,24.0,8.0,24.0,48.0,24.0
retained-crossover-avx512,cross/2/unit24/draw8/stride25/compact/sum/packet,1,3,"[1267.2229087450962,1269.7200570343437,1267.7609315590607]",1267.7609315590607,"[1267.2306083617905,1269.7288022812024,1267.7686311808204]",1267.7686311808204,"[1.2375223718213832,1.2399609931976012,1.2380477847256453]",1.2380477847256453,1024.0,24.0,8.0,8.0,33.0,25.0
retained-crossover-avx512,cross/2/unit24/draw8/stride25/compact/sum/point,1,3,"[5498.804868472549,5496.276010993152,5499.970946211301]",5498.804868472549,"[5511.8574793891,5511.36670592021,5500.004318800904]",5511.36670592021,"[5.369926629367724,5.3674570419855,5.371065377159474]",5.369926629367724,1024.0,24.0,8.0,8.0,33.0,25.0
retained-crossover-avx512,cross/2/unit24/draw8/stride25/compact/sum/window,1,3,"[1402.8057582726142,1399.595621313402,1399.3996800962477]",1399.595621313402,"[1403.7309807082079,1399.6042187363078,1399.4092772175504]",1399.6042187363078,"[1.3699274983130998,1.3667925989388692,1.366601250093992]",1.3667925989388692,1024.0,24.0,8.0,8.0,33.0,25.0
retained-crossover-avx512,cross/2/unit24/draw8/stride25/compact/update/packet,1,3,"[2924.2834629123754,2938.7507879810187,2927.572179029581]",2927.572179029581,"[2925.411010715021,2938.7709602877944,2927.589829805475]",2927.589829805475,"[2.8557455692503666,2.869873816387714,2.8589572060835753]",2.8589572060835753,1024.0,24.0,8.0,8.0,33.0,25.0
retained-crossover-avx512,cross/2/unit24/draw8/stride25/compact/update/point,1,3,"[10394.89269746671,10427.313710880311,10505.063338302096]",10427.313710880311,"[10394.955290603213,10430.462742201822,10505.135618476323]",10430.462742201822,"[10.151262399869832,10.182923545781552,10.25885091631064]",10.182923545781552,1024.0,24.0,8.0,8.0,33.0,25.0
retained-crossover-avx512,cross/2/unit24/draw8/stride25/compact/update/window,1,3,"[2917.431352458947,2892.1569672126925,2896.066598360479]",2896.066598360479,"[2917.4491803321866,2892.824180331691,2901.9676229511256]",2901.9676229511256,"[2.84905405513569,2.8243720382936446,2.8281900374614053]",2.8281900374614053,1024.0,24.0,8.0,8.0,33.0,25.0
retained-crossover-avx512,cross/2/unit24/draw8/stride25/spread/sum/packet,1,3,"[2032.737018669603,2035.2765460910941,2043.973891482366]",2035.2765460910941,"[2032.7494165645787,2036.8131563596553,2044.8542882180434]",2036.8131563596553,"[1.9850947447945344,1.9875747520420843,1.9960682534007481]",1.9875747520420843,1024.0,24.0,8.0,24.0,49.0,25.0
retained-crossover-avx512,cross/2/unit24/draw8/stride25/spread/sum/point,1,3,"[5492.0745682882425,5491.618916796823,5496.450549450881]",5492.0745682882425,"[5492.104003130387,5491.656200938758,5497.492543175397]",5492.104003130387,"[5.363354070593987,5.362909098434398,5.367627489698126]",5.363354070593987,1024.0,24.0,8.0,24.0,49.0,25.0
retained-crossover-avx512,cross/2/unit24/draw8/stride25/spread/sum/window,1,3,"[1538.4407267892907,1552.7714380676043,1539.6493463328566]",1539.6493463328566,"[1538.4489253255592,1552.7820740087068,1539.9811655205874]",1539.9811655205874,"[1.5023835222551667,1.5163783574878948,1.5035638147781802]",1.5035638147781802,1024.0,24.0,8.0,24.0,49.0,25.0
retained-crossover-avx512,cross/2/unit24/draw8/stride25/spread/update/packet,1,3,"[5032.425707124813,5047.047977085603,5066.829931972515]",5047.047977085603,"[5032.45649838106,5047.08234874329,5067.802363053076]",5047.08234874329,"[4.914478229614076,4.928757790122659,4.94807610544191]",4.928757790122659,1024.0,24.0,8.0,24.0,49.0,25.0
retained-crossover-avx512,cross/2/unit24/draw8/stride25/spread/update/point,1,3,"[13108.821994406424,13070.67567567636,13064.264678471573]",13070.67567567636,"[13265.016775411605,13092.622553567038,13064.355079191515]",13092.622553567038,"[12.801583978912522,12.764331714527696,12.758070975069895]",12.764331714527696,1024.0,24.0,8.0,24.0,49.0,25.0
retained-crossover-avx512,cross/2/unit24/draw8/stride25/spread/update/window,1,3,"[4514.436800000112,4490.043200000855,4510.609919999524]",4510.609919999524,"[4514.468479992502,4490.07167999298,4510.641279994161]",4510.641279994161,"[4.40862968750011,4.384807812500835,4.404892499999535]",4.404892499999535,1024.0,24.0,8.0,24.0,49.0,25.0
retained-crossover-avx512,cross/2/unit24/draw8/stride64/compact/sum/packet,1,3,"[1358.0586640852891,1358.0894482089957,1358.1922555664598]",1358.0894482089957,"[1358.4291384325843,1362.201742496558,1358.200774443534]",1358.4291384325843,"[1.32622916414579,1.3262592267665974,1.326359624576621]",1.3262592267665974,1024.0,24.0,8.0,8.0,72.0,64.0
retained-crossover-avx512,cross/2/unit24/draw8/stride64/compact/sum/point,1,3,"[5495.766666666167,5495.437647058964,5494.786274510386]",5495.437647058964,"[5497.315294111531,5495.4717647130265,5494.821176469878]",5495.4717647130265,"[5.366959635416178,5.3666383272060205,5.3660022212015495]",5.3666383272060205,1024.0,24.0,8.0,8.0,72.0,64.0
retained-crossover-avx512,cross/2/unit24/draw8/stride64/compact/update/packet,1,3,"[2921.125546532945,2927.9752238181204,2932.0645429939505]",2927.9752238181204,"[2921.732875289458,2927.9937539124135,2933.150947317568]",2927.9937539124135,"[2.852661666536079,2.8593508045098828,2.8633442802675297]",2.8593508045098828,1024.0,24.0,8.0,8.0,72.0,64.0
retained-crossover-avx512,cross/2/unit24/draw8/stride64/compact/update/point,1,3,"[10433.657738094316,10426.246279763665,10416.17187500087]",10426.246279763665,"[10452.55431546332,10430.144345245177,10416.237351212623]",10430.144345245177,"[10.18911888485773,10.181881132581704,10.172042846680535]",10.181881132581704,1024.0,24.0,8.0,8.0,72.0,64.0
retained-crossover-avx512,cross/2/unit24/draw8/stride64/spread/sum/packet,1,3,"[2042.555652936396,2046.309523809646,2035.0956763069757]",2042.555652936396,"[2042.9583698468207,2046.7636576090595,2035.109991232953]",2042.9583698468207,"[1.9946832548206992,1.9983491443453574,1.987398121393531]",1.9946832548206992,1024.0,24.0,8.0,24.0,88.0,64.0
retained-crossover-avx512,cross/2/unit24/draw8/stride64/spread/sum/point,1,3,"[5522.969613258469,5524.651144436207,5518.7352012631745]",5522.969613258469,"[5532.8113654413055,5527.404498804702,5518.770323598102]",5527.404498804702,"[5.393525012947722,5.395167133238483,5.389389844983569]",5.393525012947722,1024.0,24.0,8.0,24.0,88.0,64.0
retained-crossover-avx512,cross/2/unit24/draw8/stride64/spread/update/packet,1,3,"[5041.253485877396,5052.475867000065,5047.095101895224]",5047.095101895224,"[5041.284948149583,5053.165892029354,5047.126921713684]",5047.126921713684,"[4.923099107302145,4.934058463867251,4.928803810444554]",4.928803810444554,1024.0,24.0,8.0,24.0,88.0,64.0
retained-crossover-avx512,cross/2/unit24/draw8/stride64/spread/update/point,1,3,"[13129.620431117019,13140.642924084324,13149.35801312089]",13140.642924084324,"[13129.713214599884,13163.43298968658,13152.487347743]",13152.487347743,"[12.821894952262715,12.832659105551098,12.841169934688368]",12.832659105551098,1024.0,24.0,8.0,24.0,88.0,64.0
retained-crossover-avx512,cross/2/unit32/draw2/stride32/compact/sum/packet,1,3,"[1273.4525428341578,1269.3886320369782,1269.4583446646752]",1269.4583446646752,"[1273.4615175415763,1269.3965188983796,1269.9123379558678]",1269.9123379558678,"[1.2436059988614823,1.2396373359736115,1.239705414711597]",1.239705414711597,1024.0,32.0,2.0,2.0,34.0,32.0
retained-crossover-avx512,cross/2/unit32/draw2/stride32/compact/sum/point,1,3,"[13782.82393669933,13869.431256182226,13912.71612265165]",13869.431256182226,"[13789.2017803909,13895.868447055891,13915.93867460811]",13895.868447055891,"[13.459789000682937,13.544366461115457,13.586636838527003]",13.544366461115457,1024.0,32.0,2.0,2.0,34.0,32.0
retained-crossover-avx512,cross/2/unit32/draw2/stride32/compact/sum/window,1,3,"[1424.6287516536825,1422.2866008749597,1419.1387730184094]",1422.2866008749597,"[1424.6377047509527,1424.8166649750358,1419.1477261171258]",1424.6377047509527,"[1.3912390152867993,1.388951758666953,1.3858777080257905]",1.388951758666953,1024.0,32.0,2.0,2.0,34.0,32.0
retained-crossover-avx512,cross/2/unit32/draw2/stride32/compact/update/packet,1,3,"[2669.674307544644,2668.583572110759,2663.8043935054397]",2668.583572110759,"[2669.691117481891,2668.6003820398632,2663.8229226425733]",2668.6003820398632,"[2.607103815961566,2.6060386446394133,2.601371478032656]",2.6060386446394133,1024.0,32.0,2.0,2.0,34.0,32.0
retained-crossover-avx512,cross/2/unit32/draw2/stride32/compact/update/point,1,3,"[15264.525405406268,15364.39459459717,15346.990270265413]",15346.990270265413,"[15266.934054039124,15364.502702706543,15347.086486501114]",15347.086486501114,"[14.906763091217057,15.004291596286299,14.987295185806069]",14.987295185806069,1024.0,32.0,2.0,2.0,34.0,32.0
retained-crossover-avx512,cross/2/unit32/draw2/stride32/compact/update/window,1,3,"[2661.6888098803342,2642.0220808379618,2630.988959581698]",2642.0220808379618,"[2662.093001499963,2642.0404191615025,2631.0056137726983]",2642.0404191615025,"[2.599305478398764,2.580099688318322,2.569325155841502]",2.580099688318322,1024.0,32.0,2.0,2.0,34.0,32.0
retained-crossover-avx512,cross/2/unit32/draw2/stride32/spread/sum/packet,1,3,"[1420.3539867949173,1426.2037582526027,1424.2788217371979]",1424.2788217371979,"[1420.3639410872597,1426.4229558113016,1424.2868461139142]",1424.2868461139142,"[1.3870644402294117,1.3927771076685573,1.3908972868527323]",1.3908972868527323,1024.0,32.0,2.0,32.0,64.0,32.0
retained-crossover-avx512,cross/2/unit32/draw2/stride32/spread/sum/point,1,3,"[13909.887804877932,13944.200975610018,13784.54146341377]",13909.887804877932,"[13925.33170729155,13946.093658554806,13784.628292685784]",13925.33170729155,"[13.583874809451105,13.617383765244158,13.46146627286501]",13.583874809451105,1024.0,32.0,2.0,32.0,64.0,32.0
retained-crossover-avx512,cross/2/unit32/draw2/stride32/spread/sum/window,1,3,"[1263.3941934903426,1263.7476332160204,1263.0561716707496]",1263.3941934903426,"[1264.0125326841935,1263.9152465950517,1263.0640158697172]",1263.9152465950517,"[1.2337833920804127,1.2341285480625201,1.2334532926472164]",1.2337833920804127,1024.0,32.0,2.0,32.0,64.0,32.0
retained-crossover-avx512,cross/2/unit32/draw2/stride32/spread/update/packet,1,3,"[3059.290103138071,3049.8784287910244,3055.109721308183]",3055.109721308183,"[3059.309414088296,3049.8994952792023,3055.815887643304]",3055.815887643304,"[2.987587991345772,2.9783969031162347,2.9835055872150225]",2.9835055872150225,1024.0,32.0,2.0,32.0,64.0,32.0
retained-crossover-avx512,cross/2/unit32/draw2/stride32/spread/update/point,1,3,"[15960.85600907093,15874.98412698109,15800.504535148786]",15874.98412698109,"[15960.968253966093,15875.07142862798,15803.438775520754]",15875.07142862798,"[15.58677344635833,15.50291418650497,15.430180210106236]",15.50291418650497,1024.0,32.0,2.0,32.0,64.0,32.0
retained-crossover-avx512,cross/2/unit32/draw2/stride32/spread/update/window,1,3,"[2933.5383005440362,2927.55860192507,2949.7501046461653]",2933.5383005440362,"[2939.3143574721707,2927.579112596228,2953.2469652581317]",2939.3143574721707,"[2.864783496625035,2.8589439471924516,2.880615336568521]",2.864783496625035,1024.0,32.0,2.0,32.0,64.0,32.0
retained-crossover-avx512,cross/2/unit32/draw2/stride33/compact/sum/packet,1,3,"[1289.1862945107432,1285.2305267064241,1286.6464206235373]",1286.6464206235373,"[1289.196216616083,1285.2376669130826,1286.6544881319526]",1286.6544881319526,"[1.2589709907331477,1.255107936236742,1.2564906451401732]",1.2564906451401732,1024.0,32.0,2.0,2.0,35.0,33.0
retained-crossover-avx512,cross/2/unit32/draw2/stride33/compact/sum/point,1,3,"[13685.570175438175,13785.03508771784,13714.692982455323]",13714.692982455323,"[13687.45029239698,13785.111111129796,13718.43469783557]",13718.43469783557,"[13.364814624451343,13.461948327849454,13.393254865679028]",13.393254865679028,1024.0,32.0,2.0,2.0,35.0,33.0
retained-crossover-avx512,cross/2/unit32/draw2/stride33/compact/sum/window,1,3,"[1586.5982229928275,1594.4388341092808,1595.7943439158466]",1594.4388341092808,"[1586.8714920386537,1594.4510781248848,1595.805396033544]",1594.4510781248848,"[1.549412327141433,1.5570691739348446,1.5583929139803188]",1.5570691739348446,1024.0,32.0,2.0,2.0,35.0,33.0
retained-crossover-avx512,cross/2/unit32/draw2/stride33/compact/update/packet,1,3,"[2675.9394572022948,2655.0324539768667,2664.7134181059855]",2664.7134181059855,"[2676.5010438370214,2655.512051627425,2664.7322072522643]",2664.7322072522643,"[2.613222126174116,2.592805130836784,2.6022591973691265]",2.6022591973691265,1024.0,32.0,2.0,2.0,35.0,33.0
retained-crossover-avx512,cross/2/unit32/draw2/stride33/compact/update/point,1,3,"[15448.878656558916,15282.834236189392,15337.481040088529]",15337.481040088529,"[15476.91765981969,15308.985915450421,15340.590465884945]",15340.590465884945,"[15.086795563045817,14.924642808778703,14.978008828211454]",14.978008828211454,1024.0,32.0,2.0,2.0,35.0,33.0
retained-crossover-avx512,cross/2/unit32/draw2/stride33/compact/update/window,1,3,"[2827.140596470196,2805.8581862435026,2790.5751673767413]",2805.8581862435026,"[2827.1602759235925,2806.3018867912333,2790.5948468186048]",2806.3018867912333,"[2.760879488740426,2.7400958850034205,2.725171061891349]",2.7400958850034205,1024.0,32.0,2.0,2.0,35.0,33.0
retained-crossover-avx512,cross/2/unit32/draw2/stride33/spread/sum/packet,1,3,"[1246.4749577441482,1254.4592118138312,1250.0965216613515]",1250.0965216613515,"[1246.4828751882903,1254.4679299020283,1250.3535272665567]",1250.3535272665567,"[1.2172607009220198,1.2250578240369445,1.2207973844349136]",1.2207973844349136,1024.0,32.0,2.0,32.0,65.0,33.0
retained-crossover-avx512,cross/2/unit32/draw2/stride33/spread/sum/point,1,3,"[13717.428146680346,13624.514370659643,13759.341922695956]",13717.428146680346,"[13717.505450948387,13626.721506440688,13762.89593659754]",13717.505450948387,"[13.395925924492525,13.30518981509731,13.436857346382768]",13.395925924492525,1024.0,32.0,2.0,32.0,65.0,33.0
retained-crossover-avx512,cross/2/unit32/draw2/stride33/spread/update/packet,1,3,"[2629.836018957175,2634.5488151650143,2669.1859715646133]",2634.5488151650143,"[2629.8527014203164,2634.5654976281558,2669.2045497584677]",2634.5654976281558,"[2.5681992372628666,2.5728015773095843,2.6066269253560677]",2.5728015773095843,1024.0,32.0,2.0,32.0,65.0,33.0
retained-crossover-avx512,cross/2/unit32/draw2/stride33/spread/update/point,1,3,"[15897.357541903135,15898.396648047034,16031.85027933474]",15898.396648047034,"[15914.307262546927,15898.508379907791,16031.949720671839]",15914.307262546927,"[15.52476322451478,15.525777976608431,15.65610378841283]",15.525777976608431,1024.0,32.0,2.0,32.0,65.0,33.0
retained-crossover-avx512,cross/2/unit32/draw2/stride64/compact/sum/packet,1,3,"[1302.9410405693857,1305.9832732652949,1293.0899177521085]",1302.9410405693857,"[1303.2865724049993,1308.5383975602942,1293.0979576721918]",1303.2865724049993,"[1.2724033599310407,1.2753742902981395,1.2627831228047932]",1.2724033599310407,1024.0,32.0,2.0,2.0,66.0,64.0
retained-crossover-avx512,cross/2/unit32/draw2/stride64/compact/sum/point,1,3,"[13762.312805470927,13724.530791788618,13727.1417399844]",13727.1417399844,"[13770.756598255266,13724.617790787042,13727.217986297235]",13727.217986297235,"[13.439758599092704,13.402862101356071,13.405411855453513]",13.405411855453513,1024.0,32.0,2.0,2.0,66.0,64.0
retained-crossover-avx512,cross/2/unit32/draw2/stride64/compact/update/packet,1,3,"[2655.086732747818,2664.2005337407336,2692.0768204345522]",2664.2005337407336,"[2659.670796803431,2664.973884862342,2692.0939763724245]",2664.973884862342,"[2.592858137449041,2.601758333731185,2.6289812699556174]",2.601758333731185,1024.0,32.0,2.0,2.0,66.0,64.0
retained-crossover-avx512,cross/2/unit32/draw2/stride64/compact/update/point,1,3,"[15331.41693811079,15153.805646038225,15412.753528771676]",15331.41693811079,"[15331.525515714206,15168.504885968916,15511.351791521378]",15331.525515714206,"[14.972086853623818,14.798638326209206,15.051517117941092]",14.972086853623818,1024.0,32.0,2.0,2.0,66.0,64.0
retained-crossover-avx512,cross/2/unit32/draw2/stride64/spread/sum/packet,1,3,"[1275.4875045602337,1278.6423750453214,1280.3635534475243]",1278.6423750453214,"[1275.4947099619392,1278.649489239107,1281.6120029155343]",1278.649489239107,"[1.2455932661721032,1.2486741943801967,1.250355032663598]",1.2486741943801967,1024.0,32.0,2.0,32.0,96.0,64.0
retained-crossover-avx512,cross/2/unit32/draw2/stride64/spread/sum/point,1,3,"[13799.344521222654,13724.782823295467,13916.9644619923]",13799.344521222654,"[13799.420533064424,13724.859822300643,13924.900296128011]",13799.420533064424,"[13.475922384006497,13.40310822587448,13.590785607414356]",13.475922384006497,1024.0,32.0,2.0,32.0,96.0,64.0
retained-crossover-avx512,cross/2/unit32/draw2/stride64/spread/update/packet,1,3,"[2697.4750671263682,2680.6242807817735,2676.1403912539336]",2680.6242807817735,"[2697.492136551473,2680.6411584162124,2677.206175678037]",2680.6411584162124,"[2.634252995240594,2.6177971492009506,2.6134183508339195]",2.6177971492009506,1024.0,32.0,2.0,32.0,96.0,64.0
retained-crossover-avx512,cross/2/unit32/draw2/stride64/spread/update/point,1,3,"[15838.35520361418,15811.306561088797,15863.864253392656]",15838.35520361418,"[15838.453619859669,15811.407239842214,15873.71380091916]",15838.453619859669,"[15.467143753529472,15.440729063563278,15.492054934953764]",15.467143753529472,1024.0,32.0,2.0,32.0,96.0,64.0
retained-crossover-avx512,cross/2/unit32/draw4/stride32/compact/sum/packet,1,3,"[1268.288446897657,1302.685192234788,1262.522363913568]",1268.288446897657,"[1268.8379330049934,1302.6932813074047,1264.3175675697287]",1268.8379330049934,"[1.2385629364234931,1.2721535080417852,1.2329319960093437]",1.2385629364234931,1024.0,32.0,4.0,4.0,36.0,32.0
retained-crossover-avx512,cross/2/unit32/draw4/stride32/compact/sum/point,1,3,"[4089.5560734046544,4082.896883192615,4082.8534809200632]",4082.896883192615,"[4091.2682784719636,4082.925720947274,4082.8788231894346]",4082.925720947274,"[3.993707102934233,3.987203987492788,3.9871616024609997]",3.987203987492788,1024.0,32.0,4.0,4.0,36.0,32.0
retained-crossover-avx512,cross/2/unit32/draw4/stride32/compact/sum/window,1,3,"[1472.7517021278702,1475.0813829785614,1478.266489362025]",1475.0813829785614,"[1472.7608510640416,1475.3758510630876,1478.275744677782]",1475.3758510630876,"[1.4382340841092482,1.4405091630650013,1.4436196185176022]",1.4405091630650013,1024.0,32.0,4.0,4.0,36.0,32.0
retained-crossover-avx512,cross/2/unit32/draw4/stride32/compact/update/packet,1,3,"[2728.286129972053,2758.0805043651635,2785.7334626573384]",2758.0805043651635,"[2728.30339475323,2758.5305528562767,2791.853734234729]",2758.5305528562767,"[2.664341923800833,2.693437992544105,2.720442834626307]",2.693437992544105,1024.0,32.0,4.0,4.0,36.0,32.0
retained-crossover-avx512,cross/2/unit32/draw4/stride32/compact/update/point,1,3,"[6780.836160928081,6784.782355794408,6782.270964613649]",6782.270964613649,"[6780.883664553718,6788.290353847812,6782.318952972022]",6782.318952972022,"[6.62191031340633,6.625764019330477,6.623311488880517]",6.623311488880517,1024.0,32.0,4.0,4.0,36.0,32.0
retained-crossover-avx512,cross/2/unit32/draw4/stride32/compact/update/window,1,3,"[3010.5475578411097,2965.0096401020733,2957.6188946011816]",2965.0096401020733,"[3014.8978149089485,2966.167952009094,2957.639674379346]",2966.167952009094,"[2.9399878494542087,2.8955172266621805,2.8882997017589664]",2.8955172266621805,1024.0,32.0,4.0,4.0,36.0,32.0
retained-crossover-avx512,cross/2/unit32/draw4/stride32/spread/sum/packet,1,3,"[1418.0934189081895,1424.071515892575,1423.2798492251914]",1423.2798492251914,"[1418.1023838597634,1424.0813977150024,1424.0610228238772]",1424.0610228238772,"[1.384856854402529,1.3906948397388428,1.3899217277589757]",1.3899217277589757,1024.0,32.0,4.0,32.0,64.0,32.0
retained-crossover-avx512,cross/2/unit32/draw4/stride32/spread/sum/point,1,3,"[4095.326405152664,4098.482435595634,4096.570550352745]",4096.570550352745,"[4095.3524590158677,4098.504976588386,4097.834894602131]",4097.834894602131,"[3.999342192531898,4.002424253511362,4.000557178078854]",4.000557178078854,1024.0,32.0,4.0,32.0,64.0,32.0
retained-crossover-avx512,cross/2/unit32/draw4/stride32/spread/sum/window,1,3,"[1262.8486901535225,1265.2217705509324,1262.5055103885595]",1262.8486901535225,"[1262.8567298996472,1267.1131887964045,1262.9335140001142]",1262.9335140001142,"[1.2332506739780493,1.235568135303645,1.2329155374888277]",1.2332506739780493,1024.0,32.0,4.0,32.0,64.0,32.0
retained-crossover-avx512,cross/2/unit32/draw4/stride32/spread/update/packet,1,3,"[3051.557127312272,3061.7771490740456,3055.2067464639586]",3055.2067464639586,"[3052.2574537563337,3061.7963003223513,3059.8681175193256]",3059.8681175193256,"[2.9800362571408905,2.9900167471426227,2.983600338343709]",2.983600338343709,1024.0,32.0,4.0,32.0,64.0,32.0
retained-crossover-avx512,cross/2/unit32/draw4/stride32/spread/update/point,1,3,"[7890.668358711104,7899.145516071588,7880.663282572719]",7890.668358711104,"[7890.723632279366,7899.195713479264,7880.7067117783035]",7890.723632279366,"[7.705730819053811,7.714009293038659,7.695960236887421]",7.705730819053811,1024.0,32.0,4.0,32.0,64.0,32.0
retained-crossover-avx512,cross/2/unit32/draw4/stride32/spread/update/window,1,3,"[2923.0208772668125,2928.506115563474,2932.856389708981]",2928.506115563474,"[2923.037115147715,2928.524462257899,2932.8747363929174]",2928.524462257899,"[2.854512575455872,2.859869253479955,2.864117568075177]",2.859869253479955,1024.0,32.0,4.0,32.0,64.0,32.0
retained-crossover-avx512,cross/2/unit32/draw4/stride33/compact/sum/packet,1,3,"[1308.7994337383536,1305.5681797422455,1275.6512010228314]",1305.5681797422455,"[1309.0132432217608,1305.8375194059179,1275.6593296168026]",1305.8375194059179,"[1.2781244470101112,1.2749689255295367,1.2457531259988588]",1.2749689255295367,1024.0,32.0,4.0,4.0,37.0,33.0
retained-crossover-avx512,cross/2/unit32/draw4/stride33/compact/sum/point,1,3,"[4087.654014599394,4086.574014598204,4086.4832116782436]",4086.574014598204,"[4088.190948905786,4086.596496350852,4086.512116784938]",4086.596496350852,"[3.9918496236322207,3.9907949361310586,3.990706261404535]",3.9907949361310586,1024.0,32.0,4.0,4.0,37.0,33.0
retained-crossover-avx512,cross/2/unit32/draw4/stride33/compact/sum/window,1,3,"[1544.9295380828755,1551.186108936568,1545.4396599928677]",1545.4396599928677,"[1544.9403869840935,1552.9351302973212,1548.3919024724285]",1548.3919024724285,"[1.5087202520340581,1.5148301845083672,1.5092184179617847]",1.5092184179617847,1024.0,32.0,4.0,4.0,37.0,33.0
retained-crossover-avx512,cross/2/unit32/draw4/stride33/compact/update/packet,1,3,"[2781.912638668407,2804.660459587117,2768.3013074479736]",2781.912638668407,"[2781.9302694140115,2805.7396988946534,2768.3207210717014]",2781.9302694140115,"[2.7167115611996158,2.7389262300655446,2.7034192455546613]",2.7167115611996158,1024.0,32.0,4.0,4.0,37.0,33.0
retained-crossover-avx512,cross/2/unit32/draw4/stride33/compact/update/point,1,3,"[6784.0043604628845,6784.731589148424,6778.762112404327]",6784.0043604628845,"[6797.225775213155,6788.451065868155,6778.8100775262965]",6788.451065868155,"[6.625004258264536,6.625714442527757,6.619884875394851]",6.625004258264536,1024.0,32.0,4.0,4.0,37.0,33.0
retained-crossover-avx512,cross/2/unit32/draw4/stride33/compact/update/window,1,3,"[2942.639803640597,2979.575782368055,2980.119656371592]",2979.575782368055,"[2942.660257722878,2980.2284720820626,2980.140519535519]",2980.140519535519,"[2.8736716832427707,2.909741974968804,2.9102731019253825]",2.909741974968804,1024.0,32.0,4.0,4.0,37.0,33.0
retained-crossover-avx512,cross/2/unit32/draw4/stride33/spread/sum/packet,1,3,"[1248.7387347194995,1253.281520477983,1248.7476577135267]",1248.7476577135267,"[1248.747479252987,1253.2884804130451,1250.862228961708]",1250.862228961708,"[1.2194714206245112,1.2239077348417802,1.2194801344858661]",1.2194801344858661,1024.0,32.0,4.0,32.0,65.0,33.0
retained-crossover-avx512,cross/2/unit32/draw4/stride33/spread/sum/point,1,3,"[4088.0925277281044,4089.382661996445,4090.11266783545]",4089.382661996445,"[4088.1185055396904,4089.405429061191,4092.44716871968]",4089.405429061191,"[3.992277859109477,3.993537755855903,3.9942506521830556]",3.993537755855903,1024.0,32.0,4.0,32.0,65.0,33.0
retained-crossover-avx512,cross/2/unit32/draw4/stride33/spread/update/packet,1,3,"[2629.7305728872707,2639.2202684818444,2621.5362072231137]",2629.7305728872707,"[2629.7472111918783,2639.238608426814,2622.3221781059533]",2629.7472111918783,"[2.5680962625852253,2.5773635434393007,2.560093952366322]",2.5680962625852253,1024.0,32.0,4.0,32.0,65.0,33.0
retained-crossover-avx512,cross/2/unit32/draw4/stride33/spread/update/point,1,3,"[7893.627959412908,7895.200112738634,7896.108229988828]",7895.200112738634,"[7893.677564812491,7895.255355125273,7897.967305517948]",7895.255355125273,"[7.708621054114169,7.710156360096322,7.711043193348464]",7.710156360096322,1024.0,32.0,4.0,32.0,65.0,33.0
retained-crossover-avx512,cross/2/unit32/draw4/stride64/compact/sum/packet,1,3,"[1368.3015551046128,1375.114942529168,1362.979426253332]",1368.3015551046128,"[1369.5001448874107,1375.1246015646227,1362.9879262084853]",1369.5001448874107,"[1.3362319874068482,1.3428856860636404,1.3310345959505197]",1.3362319874068482,1024.0,32.0,4.0,4.0,68.0,64.0
retained-crossover-avx512,cross/2/unit32/draw4/stride64/compact/sum/point,1,3,"[4082.8105109483618,4089.6423357679,4085.955036496664]",4085.955036496664,"[4087.469489047054,4091.0522627704945,4085.9775182555354]",4087.469489047054,"[3.9871196395980095,3.9937913435233403,3.9901904653287734]",3.9901904653287734,1024.0,32.0,4.0,4.0,68.0,64.0
retained-crossover-avx512,cross/2/unit32/draw4/stride64/compact/update/packet,1,3,"[2843.365422786779,2807.3572846367924,2817.946605795604]",2817.946605795604,"[2844.7133783198656,2807.374751882915,2817.96447002892]",2817.96447002892,"[2.776724045690214,2.7415598482781176,2.7519009822222693]",2.7519009822222693,1024.0,32.0,4.0,4.0,68.0,64.0
retained-crossover-avx512,cross/2/unit32/draw4/stride64/compact/update/point,1,3,"[6806.646400779782,6808.79669260851,6803.407101166974]",6806.646400779782,"[6808.45038912975,6822.725194543558,6803.450389116938]",6808.45038912975,"[6.647115625761506,6.649215520125498,6.643952247233373]",6.647115625761506,1024.0,32.0,4.0,4.0,68.0,64.0
retained-crossover-avx512,cross/2/unit32/draw4/stride64/spread/sum/packet,1,3,"[1277.9148761085562,1278.2377251528355,1277.732010606595]",1277.9148761085562,"[1278.3224833166482,1278.244765473637,1277.7391423585314]",1278.244765473637,"[1.247963746199762,1.248279028469566,1.2477851666080029]",1.247963746199762,1024.0,32.0,4.0,32.0,96.0,64.0
retained-crossover-avx512,cross/2/unit32/draw4/stride64/spread/sum/point,1,3,"[4110.092511013451,4111.625844345317,4107.657856093099]",4110.092511013451,"[4110.858737153321,4112.855506611405,4113.446108664946]",4112.855506611405,"[4.0137622177865735,4.015259613618474,4.011384625090917]",4.0137622177865735,1024.0,32.0,4.0,32.0,96.0,64.0
retained-crossover-avx512,cross/2/unit32/draw4/stride64/spread/update/packet,1,3,"[2683.8821959586353,2665.5804422421725,2657.986084635126]",2665.5804422421725,"[2683.900876861269,2666.338734281406,2658.004765541823]",2666.338734281406,"[2.620978706990855,2.6031059006271215,2.595689535776491]",2.6031059006271215,1024.0,32.0,4.0,32.0,96.0,64.0
retained-crossover-avx512,cross/2/unit32/draw4/stride64/spread/update/point,1,3,"[8003.635065677502,8002.218732154292,8003.601370645331]",8003.601370645331,"[8003.685893777908,8003.702455729667,8003.663049703157]",8003.685893777908,"[7.816049868825686,7.814666730619427,7.816016963520832]",7.816016963520832,1024.0,32.0,4.0,32.0,96.0,64.0
retained-crossover-avx512,cross/2/unit32/draw8/stride32/compact/sum/packet,1,3,"[1273.3031207602646,1267.6558118499552,1267.2018091356438]",1267.6558118499552,"[1275.2938941667835,1268.2725463601225,1267.6186341027885]",1268.2725463601225,"[1.243460078867446,1.2379451287597218,1.2375017667340271]",1.2379451287597218,1024.0,32.0,8.0,8.0,40.0,32.0
retained-crossover-avx512,cross/2/unit32/draw8/stride32/compact/sum/point,1,3,"[5486.997649822671,5488.404230317087,5491.596161379675]",5488.404230317087,"[5487.032510760935,5489.245201713538,5491.63493927592]",5489.245201713538,"[5.358396142404952,5.3597697561690305,5.36288687634734]",5.3597697561690305,1024.0,32.0,8.0,8.0,40.0,32.0
retained-crossover-avx512,cross/2/unit32/draw8/stride32/compact/sum/window,1,3,"[1490.308077045439,1487.6317973822067,1490.7422581674593]",1490.308077045439,"[1492.523571356617,1487.6421198237472,1491.0325635801246]",1491.0325635801246,"[1.4553789814896865,1.452765427131061,1.4558029864916595]",1.4553789814896865,1024.0,32.0,8.0,8.0,40.0,32.0
retained-crossover-avx512,cross/2/unit32/draw8/stride32/compact/update/packet,1,3,"[2871.8226093838225,2853.412195605288,2847.1126509606324]",2853.412195605288,"[2876.150663240263,2853.43219163678,2848.407444071127]",2853.43219163678,"[2.804514266976389,2.786535347270789,2.7803834482037426]",2.786535347270789,1024.0,32.0,8.0,8.0,40.0,32.0
retained-crossover-avx512,cross/2/unit32/draw8/stride32/compact/update/point,1,3,"[10449.121257484625,10393.776197606945,10401.650449101302]",10401.650449101302,"[10449.186377242515,10393.842065870549,10405.743263470822]",10405.743263470822,"[10.204219978012329,10.150172067975532,10.15786176670049]",10.15786176670049,1024.0,32.0,8.0,8.0,40.0,32.0
retained-crossover-avx512,cross/2/unit32/draw8/stride32/compact/update/window,1,3,"[3034.7387727882883,2947.0909293026175,2924.1918630503164]",2947.0909293026175,"[3034.7601155996067,2947.1118274781547,2924.212316583754]",2947.1118274781547,"[2.963612082801063,2.8780184856470874,2.8556561162600747]",2.8780184856470874,1024.0,32.0,8.0,8.0,40.0,32.0
retained-crossover-avx512,cross/2/unit32/draw8/stride32/spread/sum/packet,1,3,"[1425.6586431031985,1424.0113751775953,1425.108165752629]",1425.108165752629,"[1426.1216737752552,1427.1748933551912,1425.1181190339726]",1426.1216737752552,"[1.392244768655467,1.3906361085718704,1.3917071931178018]",1.3917071931178018,1024.0,32.0,8.0,32.0,64.0,32.0
retained-crossover-avx512,cross/2/unit32/draw8/stride32/spread/sum/point,1,3,"[5512.865718799478,5513.2247235362465,5507.024486571359]",5512.865718799478,"[5515.85821485489,5513.2634281320325,5518.014612941139]",5515.85821485489,"[5.383657928515115,5.384008519078366,5.377953600167343]",5.383657928515115,1024.0,32.0,8.0,32.0,64.0,32.0
retained-crossover-avx512,cross/2/unit32/draw8/stride32/spread/sum/window,1,3,"[1263.3588096965598,1263.0830318377377,1262.7500904482129]",1263.0830318377377,"[1263.7439399429547,1263.0909008703861,1262.7580499278872]",1263.0909008703861,"[1.2337488375942967,1.2334795232790405,1.2331543852033329]",1.2334795232790405,1024.0,32.0,8.0,32.0,64.0,32.0
retained-crossover-avx512,cross/2/unit32/draw8/stride32/spread/update/packet,1,3,"[3062.2271836190052,3051.8220431278737,3054.908734479772]",3054.908734479772,"[3062.2463515547643,3052.5732955886315,3054.927684598818]",3054.927684598818,"[2.9904562340029344,2.980294963992064,2.9833093110154025]",2.9833093110154025,1024.0,32.0,8.0,32.0,64.0,32.0
retained-crossover-avx512,cross/2/unit32/draw8/stride32/spread/update/point,1,3,"[13083.62921348768,13065.070224714926,13070.97846441848]",13070.97846441848,"[13087.175093634822,13068.148876428846,13071.060861415737]",13071.060861415737,"[12.776981653796565,12.758857641323171,12.764627406658672]",12.764627406658672,1024.0,32.0,8.0,32.0,64.0,32.0
retained-crossover-avx512,cross/2/unit32/draw8/stride32/spread/update/window,1,3,"[2925.7072506276204,2931.2458088852613,2931.9019279128624]",2931.2458088852613,"[2925.725691535916,2935.8032271618695,2932.6412405761075]",2932.6412405761075,"[2.857135986941036,2.862544735239513,2.8631854764774047]",2.862544735239513,1024.0,32.0,8.0,32.0,64.0,32.0
retained-crossover-avx512,cross/2/unit32/draw8/stride33/compact/sum/packet,1,3,"[1276.767120798985,1279.5345140780169,1274.8098092646992]",1276.767120798985,"[1276.7750227073184,1279.5416893683114,1275.2419618496444]",1276.7750227073184,"[1.2468428914052587,1.2495454239043136,1.2449314543600578]",1.2468428914052587,1024.0,32.0,8.0,8.0,41.0,33.0
retained-crossover-avx512,cross/2/unit32/draw8/stride33/compact/sum/point,1,3,"[5496.573055774439,5498.022780831905,5502.66103691992]",5498.022780831905,"[5496.611940295424,5498.0569520907275,5503.634721117516]",5498.0569520907275,"[5.367747124779726,5.369162871906157,5.373692418867108]",5.369162871906157,1024.0,32.0,8.0,8.0,41.0,33.0
retained-crossover-avx512,cross/2/unit32/draw8/stride33/compact/sum/window,1,3,"[1534.4830051695574,1532.522934770264,1536.9282807174748]",1534.4830051695574,"[1534.492685071996,1533.3200967993384,1537.2195578030119]",1534.492685071996,"[1.4985185597358956,1.496604428486586,1.5009065241381592]",1.4985185597358956,1024.0,32.0,8.0,8.0,41.0,33.0
retained-crossover-avx512,cross/2/unit32/draw8/stride33/compact/update/packet,1,3,"[2912.433333332819,2890.0936213989935,2934.2296296298755]",2912.433333332819,"[2912.453497952313,2890.113991765932,2934.249999999738]",2912.453497952313,"[2.8441731770828307,2.822357052147454,2.8654586226854253]",2.8441731770828307,1024.0,32.0,8.0,8.0,41.0,33.0
retained-crossover-avx512,cross/2/unit32/draw8/stride33/compact/update/point,1,3,"[10411.08841009912,10461.460624071817,10418.97102526332]",10418.97102526332,"[10423.910846962113,10461.518573535435,10419.036404153338]",10423.910846962113,"[10.16707852548742,10.216270140695134,10.17477639185871]",10.17477639185871,1024.0,32.0,8.0,8.0,41.0,33.0
retained-crossover-avx512,cross/2/unit32/draw8/stride33/compact/update/window,1,3,"[3010.4777682764197,2956.3392475423843,2899.111799914593]",2956.3392475423843,"[3011.971782818446,2962.121205645603,2899.1321077332946]",2962.121205645603,"[2.9399196955824407,2.88705004642811,2.831163867104095]",2.88705004642811,1024.0,32.0,8.0,8.0,41.0,33.0
retained-crossover-avx512,cross/2/unit32/draw8/stride33/spread/sum/packet,1,3,"[1252.0870298089226,1251.4554648689982,1252.1375975872604]",1252.0870298089226,"[1252.7265791305547,1251.4632718268226,1252.380677784033]",1252.380677784033,"[1.2227412400477762,1.222124477411131,1.2227906226438092]",1.2227412400477762,1024.0,32.0,8.0,32.0,65.0,33.0
retained-crossover-avx512,cross/2/unit32/draw8/stride33/spread/sum/point,1,3,"[5497.04670329756,5498.333987442529,5495.814756672609]",5497.04670329756,"[5497.085164841993,5499.6091051772855,5495.848901106619]",5497.085164841993,"[5.368209671189024,5.369466784611846,5.367006598313095]",5.368209671189024,1024.0,32.0,8.0,32.0,65.0,33.0
retained-crossover-avx512,cross/2/unit32/draw8/stride33/spread/update/packet,1,3,"[2597.094419807698,2610.6644493712315,2589.884515889985]",2597.094419807698,"[2597.8240946011438,2611.288617882146,2592.9663710250393]",2597.8240946011438,"[2.5362250193434552,2.5494770013390933,2.5291840975488133]",2.5362250193434552,1024.0,32.0,8.0,32.0,65.0,33.0
retained-crossover-avx512,cross/2/unit32/draw8/stride33/spread/update/point,1,3,"[13060.284514926605,13069.707089554286,13063.381529856355]",13063.381529856355,"[13060.375932818104,13075.134328371847,13063.47294776111]",13063.47294776111,"[12.754184096608013,12.763385829642857,12.757208525250347]",12.757208525250347,1024.0,32.0,8.0,32.0,65.0,33.0
retained-crossover-avx512,cross/2/unit32/draw8/stride64/compact/sum/packet,1,3,"[1356.731405763009,1358.4983450155883,1358.4244548284382]",1358.4244548284382,"[1356.7399727384525,1360.8083138666098,1358.574084893094]",1358.574084893094,"[1.3249330134404387,1.3266585400542854,1.3265863816683967]",1.3265863816683967,1024.0,32.0,8.0,8.0,72.0,64.0
retained-crossover-avx512,cross/2/unit32/draw8/stride64/compact/sum/point,1,3,"[5497.2340007848225,5495.632508833511,5497.1122889680855]",5497.1122889680855,"[5499.310168818895,5495.666666670476,5497.98350999666]",5497.98350999666,"[5.368392578891428,5.366828621907725,5.368273719695396]",5.368273719695396,1024.0,32.0,8.0,8.0,72.0,64.0
retained-crossover-avx512,cross/2/unit32/draw8/stride64/compact/update/packet,1,3,"[2935.5053247022515,2917.6978492375597,2912.740864480925]",2917.6978492375597,"[2935.525997077411,2918.426185012397,2914.0787220817815]",2918.426185012397,"[2.8667044186545425,2.8493143058960544,2.8444735004696535]",2.8493143058960544,1024.0,32.0,8.0,8.0,72.0,64.0
retained-crossover-avx512,cross/2/unit32/draw8/stride64/compact/update/point,1,3,"[10417.304412865931,10427.640239345339,10417.700074793818]",10417.700074793818,"[10417.369483923258,10495.170531071732,10417.765893812964]",10417.765893812964,"[10.173148840689386,10.183242421235683,10.173535229290838]",10.173535229290838,1024.0,32.0,8.0,8.0,72.0,64.0
retained-crossover-avx512,cross/2/unit32/draw8/stride64/spread/sum/packet,1,3,"[1275.3651762138659,1276.6839085691881,1275.3697295323182]",1275.3697295323182,"[1276.7465622482537,1276.6927420130553,1275.3778344417906]",1276.6927420130553,"[1.2454738048963534,1.2467616294620978,1.2454782514964047]",1.2454782514964047,1024.0,32.0,8.0,32.0,96.0,64.0
retained-crossover-avx512,cross/2/unit32/draw8/stride64/spread/sum/point,1,3,"[5523.247532568549,5524.640742203062,5528.000789576617]",5524.640742203062,"[5524.742992500602,5524.6715357226585,5528.035530978809]",5524.742992500602,"[5.393796418523974,5.395156974807677,5.398438271070915]",5.395156974807677,1024.0,32.0,8.0,32.0,96.0,64.0
retained-crossover-avx512,cross/2/unit32/draw8/stride64/spread/update/packet,1,3,"[2683.2376893943865,2686.957575756964,2684.9782196974365]",2684.9782196974365,"[2684.1977272792665,2693.832196975381,2684.9933712124957]",2684.9933712124957,"[2.620349306049206,2.6239820075751603,2.622049042673278]",2.622049042673278,1024.0,32.0,8.0,32.0,96.0,64.0
retained-crossover-avx512,cross/2/unit32/draw8/stride64/spread/update/point,1,3,"[13144.840375588408,13134.389671365689,13146.080751174479]",13144.840375588408,"[13144.933333352585,13144.725821621678,13151.459154948365]",13144.933333352585,"[12.836758179285553,12.826552413443055,12.837969483568825]",12.836758179285553,1024.0,32.0,8.0,32.0,96.0,64.0
retained-crossover-avx512,cross/4/unit12/draw2/stride12/compact/sum/packet,1,3,"[717.4193795286733,723.1246045514545,718.3373303397948]",718.3373303397948,"[717.5512807411257,723.1294009592855,718.3416675157852]",718.3416675157852,"[0.70060486282097,0.7061763716322798,0.7015012991599558]",0.7015012991599558,1024.0,12.0,2.0,2.0,38.0,12.0
retained-crossover-avx512,cross/4/unit12/draw2/stride12/compact/sum/point,1,3,"[2700.907446604889,2700.224167789026,2696.4798922453147]",2700.224167789026,"[2701.3007504296484,2700.244371753839,2696.4958629914736]",2700.244371753839,"[2.637604928325087,2.6369376638564708,2.6332811447708155]",2.6369376638564708,1024.0,12.0,2.0,2.0,38.0,12.0
retained-crossover-avx512,cross/4/unit12/draw2/stride12/compact/sum/window,1,3,"[885.2943109986356,884.586283185771,886.6407079645157]",885.2943109986356,"[886.5499367893628,884.5922250284343,886.6466498121197]",886.5499367893628,"[0.8645452255846051,0.8638537921736045,0.8658600663715974]",0.8645452255846051,1024.0,12.0,2.0,2.0,38.0,12.0
retained-crossover-avx512,cross/4/unit12/draw2/stride12/compact/update/packet,1,3,"[1497.93816884675,1509.3746621984317,1499.1746838178765]",1499.1746838178765,"[1498.23467733189,1509.3837422940232,1499.1848448793137]",1499.1848448793137,"[1.4628302430144042,1.4739986935531562,1.464037777165895]",1.464037777165895,1024.0,12.0,2.0,2.0,38.0,12.0
retained-crossover-avx512,cross/4/unit12/draw2/stride12/compact/update/point,1,3,"[4133.299705014365,4128.523598821689,4127.485250739116]",4128.523598821689,"[4133.3241887806735,4129.112094394251,4127.510324486455]",4129.112094394251,"[4.036425493178091,4.031761326974306,4.030747315174917]",4.031761326974306,1024.0,12.0,2.0,2.0,38.0,12.0
retained-crossover-avx512,cross/4/unit12/draw2/stride12/compact/update/window,1,3,"[1570.8650422784885,1583.9826435249254,1566.8118602578465]",1570.8650422784885,"[1570.8757231872494,1584.6429684022326,1566.8213173105023]",1570.8757231872494,"[1.5340478928500865,1.54685805031731,1.530089707283053]",1.5340478928500865,1024.0,12.0,2.0,2.0,38.0,12.0
retained-crossover-avx512,cross/4/unit12/draw2/stride12/spread/sum/packet,1,3,"[633.2529167042325,633.4831328571476,635.0119833588333]",633.4831328571476,"[633.2572126252419,633.5981731033461,635.6516234056097]",633.5981731033461,"[0.6184110514689771,0.6186358719308082,0.6201288899988606]",0.6186358719308082,1024.0,12.0,2.0,12.0,48.0,12.0
retained-crossover-avx512,cross/4/unit12/draw2/stride12/spread/sum/point,1,3,"[2695.165545087267,2696.295904633452,2696.622957123778]",2696.295904633452,"[2698.5368198409988,2697.1966929393698,2701.64391463617]",2698.5368198409988,"[2.6319976026242844,2.6331014693686057,2.6334208565661896]",2.6331014693686057,1024.0,12.0,2.0,12.0,48.0,12.0
retained-crossover-avx512,cross/4/unit12/draw2/stride12/spread/sum/window,1,3,"[611.6151271462521,609.2655944360008,607.1464898936096]",609.2655944360008,"[611.6965876985599,609.2692892844802,607.2227341881503]",609.2692892844802,"[0.5972803976037618,0.594985932066407,0.592916494036728]",0.594985932066407,1024.0,12.0,2.0,12.0,48.0,12.0
retained-crossover-avx512,cross/4/unit12/draw2/stride12/spread/update/packet,1,3,"[2878.7883467153574,2871.3598929371005,2897.946469013143]",2878.7883467153574,"[2878.805641344564,2871.375128674737,2898.315832811949]",2878.805641344564,"[2.8113167448392162,2.8040623954463872,2.8300258486456475]",2.8113167448392162,1024.0,12.0,2.0,12.0,48.0,12.0
retained-crossover-avx512,cross/4/unit12/draw2/stride12/spread/update/point,1,3,"[4628.13264968645,4627.861726762116,4629.783327821005]",4628.13264968645,"[4628.160436648288,4627.892821687038,4630.456169361345]",4628.160436648288,"[4.519660790709424,4.519396217541129,4.521272781075201]",4.519660790709424,1024.0,12.0,2.0,12.0,48.0,12.0
retained-crossover-avx512,cross/4/unit12/draw2/stride12/spread/update/window,1,3,"[2863.1618342590427,2865.0555212831273,2851.199876618436]",2863.1618342590427,"[2867.6886695405633,2865.0748509195632,2852.64219617087]",2865.0748509195632,"[2.7960564787685964,2.7979057825030536,2.784374879510192]",2.7960564787685964,1024.0,12.0,2.0,12.0,48.0,12.0
retained-crossover-avx512,cross/4/unit12/draw2/stride13/compact/sum/packet,1,3,"[711.0036751748817,704.6073100739519,706.9609827316215]",706.9609827316215,"[711.0084579373753,704.6120424924735,707.1071842145564]",707.1071842145564,"[0.6943395265379703,0.6880930762440935,0.6903915846988491]",0.6903915846988491,1024.0,12.0,2.0,2.0,41.0,13.0
retained-crossover-avx512,cross/4/unit12/draw2/stride13/compact/sum/point,1,3,"[2695.449026787242,2696.6997494706256,2694.8460204277226]",2695.449026787242,"[2695.4671420297873,2696.716130276847,2694.8620158031927]",2695.4671420297873,"[2.632274440221916,2.633495849092408,2.631685566823948]",2.632274440221916,1024.0,12.0,2.0,2.0,41.0,13.0
retained-crossover-avx512,cross/4/unit12/draw2/stride13/compact/sum/window,1,3,"[822.7896535468908,830.9447914211316,822.1998585906749]",822.7896535468908,"[822.794602876443,830.9497996697985,823.5457812883453]",823.5457812883453,"[0.8035055210418856,0.8114695228721989,0.802929549404956]",0.8035055210418856,1024.0,12.0,2.0,2.0,41.0,13.0
retained-crossover-avx512,cross/4/unit12/draw2/stride13/compact/update/packet,1,3,"[1500.0594017091507,1498.6084401709577,1490.7847222224375]",1498.6084401709577,"[1500.5876068385485,1498.6196581202244,1492.5415598311617]",1498.6196581202244,"[1.4649017594815925,1.4634848048544509,1.4558444552953493]",1.4634848048544509,1024.0,12.0,2.0,2.0,41.0,13.0
retained-crossover-avx512,cross/4/unit12/draw2/stride13/compact/update/point,1,3,"[4130.656637169148,4128.116519173429,4127.0958702052685]",4128.116519173429,"[4132.174041294541,4128.144542775616,4127.123598821132]",4128.144542775616,"[4.033844372235497,4.031363788255303,4.0303670607473325]",4.031363788255303,1024.0,12.0,2.0,2.0,41.0,13.0
retained-crossover-avx512,cross/4/unit12/draw2/stride13/compact/update/window,1,3,"[1517.5253279302394,1516.5133838116542,1518.887170736882]",1517.5253279302394,"[1517.750986456148,1516.523514985646,1518.897408552904]",1517.750986456148,"[1.4819583280568744,1.4809701013785688,1.4832882526727362]",1.4819583280568744,1024.0,12.0,2.0,2.0,41.0,13.0
retained-crossover-avx512,cross/4/unit12/draw2/stride13/spread/sum/packet,1,3,"[1387.940769306811,1389.6604370611954,1383.096509442937]",1387.940769306811,"[1387.9480866168462,1392.437555623952,1383.1058044091753]",1387.9480866168462,"[1.3554109075261827,1.3570902705675736,1.3506801850028682]",1.3554109075261827,1024.0,12.0,2.0,12.0,51.0,13.0
retained-crossover-avx512,cross/4/unit12/draw2/stride13/spread/sum/point,1,3,"[2697.0331278894646,2696.3684514632564,2696.447611710181]",2696.447611710181,"[2697.051040066941,2697.2322804359983,2696.46379045488]",2697.051040066941,"[2.633821413954555,2.633172315882086,2.6332496208107234]",2.6332496208107234,1024.0,12.0,2.0,12.0,51.0,13.0
retained-crossover-avx512,cross/4/unit12/draw2/stride13/spread/sum/window,1,3,"[853.2064437689262,852.8617021277888,851.3699088148225]",852.8617021277888,"[854.2285714275476,853.1774468071205,851.3756838932319]",853.1774468071205,"[0.833209417743092,0.8328727559841687,0.831415926576975]",0.8328727559841687,1024.0,12.0,2.0,12.0,51.0,13.0
retained-crossover-avx512,cross/4/unit12/draw2/stride13/spread/update/packet,1,3,"[3656.947521096775,3684.0443037972,3704.218090717604]",3684.0443037972,"[3656.9720464255656,3684.831223624203,3704.2431434594823]",3684.831223624203,"[3.5712378135710687,3.597699515426953,3.6174004792164105]",3.597699515426953,1024.0,12.0,2.0,12.0,51.0,13.0
retained-crossover-avx512,cross/4/unit12/draw2/stride13/spread/update/point,1,3,"[4636.054966886771,4632.928807947697,4629.279801324417]",4632.928807947697,"[4636.0827814703725,4634.64205298375,4629.311258284192]",4634.64205298375,"[4.527397428600362,4.524344539011423,4.520781055980876]",4.524344539011423,1024.0,12.0,2.0,12.0,51.0,13.0
retained-crossover-avx512,cross/4/unit12/draw2/stride13/spread/update/window,1,3,"[3118.5516230833305,3097.052524797303,3104.171776375702]",3104.171776375702,"[3118.5725879142437,3097.0712353432896,3104.6614066673283]",3104.6614066673283,"[3.045460569417315,3.0244653562473656,3.0314177503668964]",3.0314177503668964,1024.0,12.0,2.0,12.0,51.0,13.0
retained-crossover-avx512,cross/4/unit12/draw2/stride64/compact/sum/packet,1,3,"[746.2575757575695,749.3442849550322,745.658958001012]",746.2575757575695,"[746.2620414684234,750.1754917574922,745.9128123353638]",746.2620414684234,"[0.7287671638257516,0.7317815282763986,0.7281825761728634]",0.7287671638257516,1024.0,12.0,2.0,2.0,194.0,64.0
retained-crossover-avx512,cross/4/unit12/draw2/stride64/compact/sum/point,1,3,"[2701.226080247131,2701.6560570982374,2701.156442901858]",2701.226080247131,"[2701.2422839549167,2701.6722607991696,2701.8807870324877]",2701.6722607991696,"[2.637916093991339,2.638335993259997,2.637848088771346]",2.637916093991339,1024.0,12.0,2.0,2.0,194.0,64.0
retained-crossover-avx512,cross/4/unit12/draw2/stride64/compact/update/packet,1,3,"[1528.8171515751492,1526.9560858663338,1537.491010133752]",1528.8171515751492,"[1529.2186989251918,1526.9663288667568,1538.309905197506]",1529.2186989251918,"[1.4929854995851068,1.4911680526038413,1.5014560645837423]",1.4929854995851068,1024.0,12.0,2.0,2.0,194.0,64.0
retained-crossover-avx512,cross/4/unit12/draw2/stride64/compact/update/point,1,3,"[4166.570026761147,4163.129943501694,4163.819506393035]",4163.819506393035,"[4166.5953018015425,4163.154921198018,4163.844484097811]",4163.844484097811,"[4.068916041758933,4.065556585450873,4.0662299867119485]",4.0662299867119485,1024.0,12.0,2.0,2.0,194.0,64.0
retained-crossover-avx512,cross/4/unit12/draw2/stride64/spread/sum/packet,1,3,"[1411.9870116791994,1410.8161498193226,1410.046818365095]",1410.8161498193226,"[1412.6107531185992,1410.824506646076,1412.0177205013586]",1412.0177205013586,"[1.3788935660929682,1.3777501463079322,1.3769988460596632]",1.3777501463079322,1024.0,12.0,2.0,12.0,204.0,64.0
retained-crossover-avx512,cross/4/unit12/draw2/stride64/spread/sum/point,1,3,"[2706.0426687349154,2707.5669123360044,2703.8101241273234]",2706.0426687349154,"[2709.881497281399,2712.874321177529,2703.8264158262846]",2709.881497281399,"[2.642619793686441,2.6441083128281293,2.6404395743430893]",2.642619793686441,1024.0,12.0,2.0,12.0,204.0,64.0
retained-crossover-avx512,cross/4/unit12/draw2/stride64/spread/update/packet,1,3,"[3633.239051095847,3674.417622524241,3662.0789885292857]",3662.0789885292857,"[3633.9885297267824,3674.439520334419,3662.098540136983]",3662.098540136983,"[3.548085010835788,3.5882984594963285,3.5762490122356305]",3.5762490122356305,1024.0,12.0,2.0,12.0,204.0,64.0
retained-crossover-avx512,cross/4/unit12/draw2/stride64/spread/update/point,1,3,"[4640.213505460596,4640.409136047393,4637.810327705967]",4640.213505460596,"[4641.340615691703,4640.436941409805,4637.838133061323]",4640.436941409805,"[4.531458501426363,4.531649546921282,4.529111648150359]",4.531458501426363,1024.0,12.0,2.0,12.0,204.0,64.0
retained-crossover-avx512,cross/4/unit12/draw4/stride12/compact/sum/packet,1,3,"[710.9076200942174,707.3781583942294,699.2342954158818]",707.3781583942294,"[711.1605412964699,707.382402877286,699.2384899611887]",707.382402877286,"[0.6942457227482591,0.6907989828068647,0.682845991617072]",0.6907989828068647,1024.0,12.0,4.0,4.0,40.0,12.0
retained-crossover-avx512,cross/4/unit12/draw4/stride12/compact/sum/point,1,3,"[3332.1448965028185,3335.5569831067733,3331.4525339048673]",3332.1448965028185,"[3332.1651201551113,3341.582203195934,3331.4748988942583]",3332.1651201551113,"[3.254047750491034,3.2573798663152083,3.253371615141472]",3.254047750491034,1024.0,12.0,4.0,4.0,40.0,12.0
retained-crossover-avx512,cross/4/unit12/draw4/stride12/compact/sum/window,1,3,"[795.2564540949209,798.3948823159745,797.7002336583123]",797.7002336583123,"[795.261811135239,799.0425713811877,797.7055337102441]",797.7055337102441,"[0.7766176309520711,0.7796825022616938,0.7790041344319456]",0.7790041344319456,1024.0,12.0,4.0,4.0,40.0,12.0
retained-crossover-avx512,cross/4/unit12/draw4/stride12/compact/update/packet,1,3,"[1512.3485196115805,1516.3438216978109,1512.8455151317646]",1512.8455151317646,"[1512.3586802143377,1516.8577515551474,1512.854583194137]",1512.854583194137,"[1.476902851183184,1.4808045133767687,1.4773881983708639]",1.4773881983708639,1024.0,12.0,4.0,4.0,40.0,12.0
retained-crossover-avx512,cross/4/unit12/draw4/stride12/compact/update/point,1,3,"[5736.2997129976675,5734.307503075331,5730.740057398484]",5734.307503075331,"[5746.834358344699,5735.416154166175,5730.778597775425]",5735.416154166175,"[5.601855188474285,5.5999096709720035,5.596425837303208]",5.5999096709720035,1024.0,12.0,4.0,4.0,40.0,12.0
retained-crossover-avx512,cross/4/unit12/draw4/stride12/compact/update/window,1,3,"[1560.2469906880692,1573.8899613898561,1530.0040881218813]",1560.2469906880692,"[1560.2564160850652,1573.8995003421676,1530.2300704076335]",1560.2564160850652,"[1.5236787018438174,1.5370019154197812,1.494144617306525]",1.5236787018438174,1024.0,12.0,4.0,4.0,40.0,12.0
retained-crossover-avx512,cross/4/unit12/draw4/stride12/spread/sum/packet,1,3,"[638.9867301180705,636.422851651898,636.3876178274375]",636.422851651898,"[638.9905738073554,636.4271529243322,636.536515055755]",636.536515055755,"[0.6240104786309282,0.6215066910663066,0.6214722830346068]",0.6215066910663066,1024.0,12.0,4.0,12.0,48.0,12.0
retained-crossover-avx512,cross/4/unit12/draw4/stride12/spread/sum/point,1,3,"[3336.1491791580306,3333.2276945033923,3332.6992624304494]",3333.2276945033923,"[3336.171782063435,3333.2474423016815,3333.1501308587217]",3333.2474423016815,"[3.2579581827715143,3.255105170413469,3.254589123467236]",3.255105170413469,1024.0,12.0,4.0,12.0,48.0,12.0
retained-crossover-avx512,cross/4/unit12/draw4/stride12/spread/sum/window,1,3,"[582.0439491773878,583.3982503645127,583.2424911476712]",583.2424911476712,"[582.0470735262963,583.4017496354915,583.3609664656442]",583.3609664656442,"[0.5684022941185428,0.5697248538715944,0.5695727452613977]",0.5695727452613977,1024.0,12.0,4.0,12.0,48.0,12.0
retained-crossover-avx512,cross/4/unit12/draw4/stride12/spread/update/packet,1,3,"[2868.0030800831155,2888.641889117903,2897.797741272099]",2888.641889117903,"[2868.6075975402437,2888.659137576371,2898.283572893621]",2888.659137576371,"[2.800784257893667,2.820939344841702,2.8298806067110345]",2.820939344841702,1024.0,12.0,4.0,12.0,48.0,12.0
retained-crossover-avx512,cross/4/unit12/draw4/stride12/spread/update/point,1,3,"[6992.651674161844,6992.231384305731,6992.146426788115]",6992.231384305731,"[6992.6981509290845,7000.7996002054115,6992.193403300194]",6992.6981509290845,"[6.828761400548676,6.828350961236065,6.828267994910268]",6.828350961236065,1024.0,12.0,4.0,12.0,48.0,12.0
retained-crossover-avx512,cross/4/unit12/draw4/stride12/spread/update/window,1,3,"[2877.6268262986337,2844.4795048712776,2859.2585227278337]",2859.2585227278337,"[2877.644277601663,2844.4987824681125,2859.2796266300093]",2859.2796266300093,"[2.81018244755726,2.777812016475857,2.7922446511014]",2.7922446511014,1024.0,12.0,4.0,12.0,48.0,12.0
retained-crossover-avx512,cross/4/unit12/draw4/stride13/compact/sum/packet,1,3,"[705.2084078252444,717.9381927771478,710.9529039178009]",710.9529039178009,"[705.353169534689,717.9429943303878,710.9571946664158]",710.9571946664158,"[0.6886800857668404,0.7011115163839334,0.6942899452322274]",0.6942899452322274,1024.0,12.0,4.0,4.0,43.0,13.0
retained-crossover-avx512,cross/4/unit12/draw4/stride13/compact/sum/point,1,3,"[3330.7269267365696,3329.0425784968725,3329.8158896297305]",3329.8158896297305,"[3331.2295432924084,3329.06279733183,3329.835632734017]",3329.835632734017,"[3.252663014391181,3.2510181430633516,3.251773329716533]",3.251773329716533,1024.0,12.0,4.0,4.0,43.0,13.0
retained-crossover-avx512,cross/4/unit12/draw4/stride13/compact/sum/window,1,3,"[774.9469149528729,775.1026125623074,775.5994997220741]",775.1026125623074,"[775.0427459705296,775.1078376854393,776.3412451367407]",775.1078376854393,"[0.756784096633665,0.7569361450803783,0.7574213864473379]",0.7569361450803783,1024.0,12.0,4.0,4.0,43.0,13.0
retained-crossover-avx512,cross/4/unit12/draw4/stride13/compact/update/packet,1,3,"[1517.2363302360156,1519.8969094443949,1533.1213529279585]",1519.8969094443949,"[1517.4778474151074,1519.9070672163841,1533.1306462065415]",1519.9070672163841,"[1.481676103746109,1.4842743256292918,1.4971888212187092]",1.4842743256292918,1024.0,12.0,4.0,4.0,43.0,13.0
retained-crossover-avx512,cross/4/unit12/draw4/stride13/compact/update/point,1,3,"[5738.472233648137,5735.324969146198,5735.687371451994]",5735.687371451994,"[5739.259563971566,5735.359522810209,5735.721513790387]",5735.721513790387,"[5.603976790672009,5.600903290181833,5.601257198683588]",5.601257198683588,1024.0,12.0,4.0,4.0,43.0,13.0
retained-crossover-avx512,cross/4/unit12/draw4/stride13/compact/update/window,1,3,"[1568.5559897290777,1539.8297421009797,1579.9145919398118]",1568.5559897290777,"[1568.5653678682693,1540.0477838538438,1579.9240817286927]",1568.5653678682693,"[1.5317929587198025,1.5037399825204882,1.5428853436912222]",1.5317929587198025,1024.0,12.0,4.0,4.0,43.0,13.0
retained-crossover-avx512,cross/4/unit12/draw4/stride13/spread/sum/packet,1,3,"[1343.57068410046,1341.8377866211888,1337.467784726466]",1341.8377866211888,"[1345.5913397776048,1342.0021792716927,1339.8986166380284]",1342.0021792716927,"[1.3120807461918556,1.3103884634972547,1.3061208835219396]",1.3103884634972547,1024.0,12.0,4.0,12.0,51.0,13.0
retained-crossover-avx512,cross/4/unit12/draw4/stride13/spread/sum/point,1,3,"[3329.0425784968725,3329.278306375151,3329.073501426593]",3329.073501426593,"[3329.0627973453516,3334.3910561411535,3329.09348239368]",3329.09348239368,"[3.2510181430633516,3.2512483460694837,3.251048341236907]",3.251048341236907,1024.0,12.0,4.0,12.0,51.0,13.0
retained-crossover-avx512,cross/4/unit12/draw4/stride13/spread/sum/window,1,3,"[803.9970126961374,806.7154018497278,820.4783133222161]",806.7154018497278,"[804.0017808934384,806.8323088400239,820.483253864603]",806.8323088400239,"[0.7851533327110717,0.7878080096188748,0.8012483528537266]",0.7878080096188748,1024.0,12.0,4.0,12.0,51.0,13.0
retained-crossover-avx512,cross/4/unit12/draw4/stride13/spread/update/packet,1,3,"[3619.729393467872,3643.7130637633063,3604.6824779685617]",3619.729393467872,"[3632.1355624633916,3644.4219803010133,3604.709175727823]",3632.1355624633916,"[3.5348919858084686,3.558313538831354,3.520197732391173]",3.5348919858084686,1024.0,12.0,4.0,12.0,51.0,13.0
retained-crossover-avx512,cross/4/unit12/draw4/stride13/spread/update/point,1,3,"[6989.843235147446,6990.936095856347,6992.174737894677]",6990.936095856347,"[6989.889665496887,6991.932101867691,7140.949076385356]",6991.932101867691,"[6.826018784323677,6.827086031109714,6.82829564247527]",6.827086031109714,1024.0,12.0,4.0,12.0,51.0,13.0
retained-crossover-avx512,cross/4/unit12/draw4/stride13/spread/update/window,1,3,"[3125.2884187080567,3094.5314031184616,3095.5178173724767]",3095.5178173724767,"[3125.3095768461044,3129.559020044022,3098.2536748272396]",3125.3095768461044,"[3.052039471394586,3.0220033233578727,3.0229666185278092]",3.0229666185278092,1024.0,12.0,4.0,12.0,51.0,13.0
retained-crossover-avx512,cross/4/unit12/draw4/stride64/compact/sum/packet,1,3,"[739.8068175794327,742.8582410008537,740.6979801727744]",740.6979801727744,"[739.8118008804865,744.2209616705065,741.0962731287372]",741.0962731287372,"[0.7224675952924148,0.7254475009773962,0.7233378712624748]",0.7233378712624748,1024.0,12.0,4.0,4.0,196.0,64.0
retained-crossover-avx512,cross/4/unit12/draw4/stride64/compact/sum/point,1,3,"[3355.051509342384,3357.2870148529523,3353.803306182216]",3355.051509342384,"[3355.069477716976,3357.304743651736,3354.915908003144]",3355.069477716976,"[3.2764174895921725,3.2786006004423363,3.275198541193571]",3.2764174895921725,1024.0,12.0,4.0,4.0,196.0,64.0
retained-crossover-avx512,cross/4/unit12/draw4/stride64/compact/update/packet,1,3,"[1550.220539465091,1560.144373203645,1542.5309529074937]",1550.220539465091,"[1550.2299358798548,1560.1536590774076,1542.855295155986]",1550.2299358798548,"[1.5138872455713779,1.5235784894566846,1.5063778836987243]",1.5138872455713779,1024.0,12.0,4.0,4.0,196.0,64.0
retained-crossover-avx512,cross/4/unit12/draw4/stride64/compact/update/point,1,3,"[5811.435993349875,5812.624688280116,5809.125519533727]",5811.435993349875,"[5811.4754779645855,5812.6554447101225,5809.156275972593]",5811.4754779645855,"[5.675230462255738,5.676391297148551,5.6729741401696545]",5.675230462255738,1024.0,12.0,4.0,4.0,196.0,64.0
retained-crossover-avx512,cross/4/unit12/draw4/stride64/spread/sum/packet,1,3,"[1339.2538191475976,1335.1954644652906,1338.529841540716]",1338.529841540716,"[1343.6787171482324,1335.4293576248463,1338.536863075623]",1338.536863075623,"[1.3078650577613258,1.3039018207668855,1.3071580483796055]",1.3071580483796055,1024.0,12.0,4.0,12.0,204.0,64.0
retained-crossover-avx512,cross/4/unit12/draw4/stride64/spread/sum/point,1,3,"[3354.8033101461824,3355.3768289762215,3354.2588150643946]",3354.8033101461824,"[3355.6800191789966,3355.3943391677008,3354.276804983855]",3355.3943391677008,"[3.2761751075646313,3.2767351845470913,3.2756433740863224]",3.2761751075646313,1024.0,12.0,4.0,12.0,204.0,64.0
retained-crossover-avx512,cross/4/unit12/draw4/stride64/spread/update/packet,1,3,"[3807.669306388279,3806.771163297461,3802.6529219010386]",3806.771163297461,"[3808.394320048649,3806.7965592551445,3802.675860189967]",3806.7965592551445,"[3.7184270570198037,3.7175499641576772,3.7135282440439834]",3.7175499641576772,1024.0,12.0,4.0,12.0,204.0,64.0
retained-crossover-avx512,cross/4/unit12/draw4/stride64/spread/update/point,1,3,"[7076.928319033505,7074.101968702883,7077.327107521295]",7076.928319033505,"[7079.167087322101,7085.456335178804,7077.370015145464]",7079.167087322101,"[6.911062811556158,6.908302703811409,6.911452253438765]",6.911062811556158,1024.0,12.0,4.0,12.0,204.0,64.0
retained-crossover-avx512,cross/4/unit12/draw8/stride12/compact/sum/packet,1,3,"[736.1599832917423,730.8737990810608,738.4140559733355]",736.1599832917423,"[736.5648496243488,731.0886069358468,738.4190162921336]",736.5648496243488,"[0.718906233683342,0.7137439444150984,0.7211074765364603]",0.718906233683342,1024.0,12.0,8.0,8.0,44.0,12.0
retained-crossover-avx512,cross/4/unit12/draw8/stride12/compact/sum/point,1,3,"[4751.036295794763,4750.025440976247,4748.048168248067]",4750.025440976247,"[4752.303256441213,4750.054274070158,4748.07971506569]",4750.054274070158,"[4.639683882612073,4.638696719703367,4.636765789304753]",4.638696719703367,1024.0,12.0,8.0,8.0,44.0,12.0
retained-crossover-avx512,cross/4/unit12/draw8/stride12/compact/sum/window,1,3,"[756.7556248975225,756.8635243881944,754.712596485407]",756.7556248975225,"[756.8778671913997,756.8675206653818,754.7176876336054]",756.8675206653818,"[0.7390191649389869,0.7391245355353461,0.7370240200052801]",0.7390191649389869,1024.0,12.0,8.0,8.0,44.0,12.0
retained-crossover-avx512,cross/4/unit12/draw8/stride12/compact/update/packet,1,3,"[1613.1966928765105,1614.6467391299993,1615.9049491209175]",1614.6467391299993,"[1613.2064061033414,1614.871646619897,1617.808626272695]",1614.871646619897,"[1.5753873953872173,1.5768034561816398,1.5780321768758963]",1.5768034561816398,1024.0,12.0,8.0,8.0,44.0,12.0
retained-crossover-avx512,cross/4/unit12/draw8/stride12/compact/update/point,1,3,"[9590.940492473954,9591.27633378828,9576.987004104043]",9590.940492473954,"[9590.998632001498,9597.078659371045,9577.045143641306]",9590.998632001498,"[9.366152824681597,9.366480794715118,9.352526371195353]",9.366152824681597,1024.0,12.0,8.0,8.0,44.0,12.0
retained-crossover-avx512,cross/4/unit12/draw8/stride12/compact/update/window,1,3,"[1614.4657354351373,1631.8690305636053,1621.564708691132]",1621.564708691132,"[1614.4767191974822,1632.2238538645597,1621.5743791828556]",1621.5743791828556,"[1.5766266947608762,1.593622100159771,1.5835592858311835]",1.5835592858311835,1024.0,12.0,8.0,8.0,44.0,12.0
retained-crossover-avx512,cross/4/unit12/draw8/stride12/spread/sum/packet,1,3,"[633.7670228180259,641.2900670044269,633.7547989857129]",633.7670228180259,"[634.8397319810215,641.4406012305832,635.0968851870708]",635.0968851870708,"[0.6189131082207284,0.6262598310590106,0.6189011708844853]",0.6189131082207284,1024.0,12.0,8.0,12.0,48.0,12.0
retained-crossover-avx512,cross/4/unit12/draw8/stride12/spread/sum/point,1,3,"[4749.503052916708,4749.265603798298,4746.9491180476025]",4749.265603798298,"[4749.53188602026,4749.863975569847,4746.977272744329]",4749.53188602026,"[4.638186575113973,4.637954691209274,4.635692498093363]",4.637954691209274,1024.0,12.0,8.0,12.0,48.0,12.0
retained-crossover-avx512,cross/4/unit12/draw8/stride12/spread/sum/window,1,3,"[607.7602415966852,607.642900910498,607.237613795394]",607.642900910498,"[608.5136116950167,607.8251488085656,607.2417279401487]",607.8251488085656,"[0.5935158609342629,0.5934012704204081,0.5930054822220645]",0.5934012704204081,1024.0,12.0,8.0,12.0,48.0,12.0
retained-crossover-avx512,cross/4/unit12/draw8/stride12/spread/update/packet,1,3,"[2890.579034596426,2915.111870726472,2891.708307438135]",2891.708307438135,"[2890.5985083824517,2915.129480003904,2892.2581313437117]",2892.2581313437117,"[2.8228310884730723,2.8467889362563197,2.8239338939825536]",2.8239338939825536,1024.0,12.0,8.0,12.0,48.0,12.0
retained-crossover-avx512,cross/4/unit12/draw8/stride12/spread/update/point,1,3,"[12065.336778644543,12065.344530573988,12068.592592598134]",12065.344530573988,"[12065.416881964442,12065.417743281776,12070.447889731782]",12065.417743281776,"[11.782555447895062,11.78256301813866,11.785734953709115]",11.78256301813866,1024.0,12.0,8.0,12.0,48.0,12.0
retained-crossover-avx512,cross/4/unit12/draw8/stride12/spread/update/window,1,3,"[2892.6992419581925,2908.706412620393,2901.4208154072953]",2901.4208154072953,"[2893.446220040031,2908.727924596504,2902.192173737461]",2902.192173737461,"[2.8249016034747974,2.8405336060746027,2.833418765046187]",2.833418765046187,1024.0,12.0,8.0,12.0,48.0,12.0
retained-crossover-avx512,cross/4/unit12/draw8/stride13/compact/sum/packet,1,3,"[734.7282620069317,731.2218792508598,734.0930731401778]",734.0930731401778,"[734.7326566907045,731.2262739342609,735.4190645595717]",734.7326566907045,"[0.7175080683661442,0.7140838664559178,0.7168877667384548]",0.7168877667384548,1024.0,12.0,8.0,8.0,47.0,13.0
retained-crossover-avx512,cross/4/unit12/draw8/stride13/compact/sum/point,1,3,"[4747.074864499942,4748.121612467379,4747.786585367068]",4747.786585367068,"[4747.107046070811,4748.150406504091,4756.686991863797]",4748.150406504091,"[4.635815297363226,4.636837512175175,4.636510337272528]",4.636510337272528,1024.0,12.0,8.0,8.0,47.0,13.0
retained-crossover-avx512,cross/4/unit12/draw8/stride13/compact/sum/window,1,3,"[791.5451512583941,795.7661860331305,792.9988690979187]",792.9988690979187,"[791.7076053126743,795.7715578173718,793.1139383661406]",793.1139383661406,"[0.7729933117757756,0.777115416047979,0.7744129581034361]",0.7744129581034361,1024.0,12.0,8.0,8.0,47.0,13.0
retained-crossover-avx512,cross/4/unit12/draw8/stride13/compact/update/packet,1,3,"[1539.2242324562985,1546.1991228065754,1531.334978070463]",1539.2242324562985,"[1539.2335526305606,1546.2105263209655,1531.3442982439458]",1539.2335526305606,"[1.5031486645081042,1.5099600808657963,1.4954443145219365]",1.5031486645081042,1024.0,12.0,8.0,8.0,47.0,13.0
retained-crossover-avx512,cross/4/unit12/draw8/stride13/compact/update/point,1,3,"[9571.94798083634,9570.913757701037,9572.645448321278]",9571.94798083634,"[9572.011635865112,9570.971937052102,9584.331964415009]",9572.011635865112,"[9.347605450035488,9.34659546650492,9.348286570626248]",9.347605450035488,1024.0,12.0,8.0,8.0,47.0,13.0
retained-crossover-avx512,cross/4/unit12/draw8/stride13/compact/update/window,1,3,"[1670.4455933634579,1671.6887098717239,1669.3585427435783]",1670.4455933634579,"[1673.9628471784981,1671.6988096664502,1669.3697246589243]",1671.6988096664502,"[1.6312945247690018,1.6325085057341053,1.6302329518980256]",1.6312945247690018,1024.0,12.0,8.0,8.0,47.0,13.0
retained-crossover-avx512,cross/4/unit12/draw8/stride13/spread/sum/packet,1,3,"[1388.0534351144954,1381.824724893332,1377.372360464239]",1381.824724893332,"[1388.42262318071,1381.8320610713272,1377.3816793903595]",1381.8320610713272,"[1.3555209327289992,1.3494382079036444,1.3450901957658583]",1.3494382079036444,1024.0,12.0,8.0,12.0,51.0,13.0
retained-crossover-avx512,cross/4/unit12/draw8/stride13/spread/sum/point,1,3,"[4749.99830393435,4747.325644506039,4747.9426729991665]",4747.9426729991665,"[4750.630596999234,4748.168249654667,4747.971166888458]",4748.168249654667,"[4.638670218685888,4.636060199712929,4.6366627666007485]",4.6366627666007485,1024.0,12.0,8.0,12.0,51.0,13.0
retained-crossover-avx512,cross/4/unit12/draw8/stride13/spread/sum/window,1,3,"[808.0354526810665,807.6897157924057,807.7759156168692]",807.7759156168692,"[808.1522414281806,807.6952241445352,807.7801347817441]",807.7801347817441,"[0.7890971217588539,0.788759488078521,0.7888436675945988]",0.7888436675945988,1024.0,12.0,8.0,12.0,51.0,13.0
retained-crossover-avx512,cross/4/unit12/draw8/stride13/spread/update/packet,1,3,"[3804.3048813737796,3807.443414233496,3804.059176439818]",3804.3048813737796,"[3804.856831197625,3812.2413416982713,3804.807472058905]",3804.856831197625,"[3.7151414857165816,3.718206459212398,3.71490153949201]",3.7151414857165816,1024.0,12.0,8.0,12.0,51.0,13.0
retained-crossover-avx512,cross/4/unit12/draw8/stride13/spread/update/point,1,3,"[12064.896462470417,12072.196721314403,12068.891285587146]",12068.891285587146,"[12064.977566889735,12075.591026742832,12068.96376185966]",12068.96376185966,"[11.782125451631266,11.789254610658599,11.786026646081197]",11.786026646081197,1024.0,12.0,8.0,12.0,51.0,13.0
retained-crossover-avx512,cross/4/unit12/draw8/stride13/spread/update/window,1,3,"[3103.6346371237883,3097.832918832531,3096.053583541922]",3097.832918832531,"[3103.655437488861,3098.3016052422827,3096.07438389575]",3098.3016052422827,"[3.0308932003161995,3.025227459797393,3.023489827677658]",3.025227459797393,1024.0,12.0,8.0,12.0,51.0,13.0
retained-crossover-avx512,cross/4/unit12/draw8/stride64/compact/sum/packet,1,3,"[770.7435671386038,771.5937517220417,769.6515510498427]",770.7435671386038,"[770.7481954935577,771.7582235930887,769.655573311334]",770.7481954935577,"[0.7526792647837929,0.7535095231660563,0.7516128428221122]",0.7526792647837929,1024.0,12.0,8.0,8.0,200.0,64.0
retained-crossover-avx512,cross/4/unit12/draw8/stride64/compact/sum/point,1,3,"[4799.078586137335,4788.639670558061,4787.959849005542]",4788.639670558061,"[4853.281400135637,4791.719629367825,4799.139327387845]",4799.139327387845,"[4.6866001817747405,4.676405928279356,4.675742040044476]",4.676405928279356,1024.0,12.0,8.0,8.0,200.0,64.0
retained-crossover-avx512,cross/4/unit12/draw8/stride64/compact/update/packet,1,3,"[1582.6011985530467,1577.5457937583271,1579.58118498411]",1579.58118498411,"[1582.6110357271896,1577.555517869888,1580.969244684759]",1580.969244684759,"[1.5455089829619597,1.5405720642171166,1.5425597509610451]",1.5425597509610451,1024.0,12.0,8.0,8.0,200.0,64.0
retained-crossover-avx512,cross/4/unit12/draw8/stride64/compact/update/point,1,3,"[9660.438233265926,9699.251897859296,9673.654244308002]",9673.654244308002,"[9660.490683221047,9717.579020013662,9700.2146307822]",9700.2146307822,"[9.434021712173756,9.471925681503219,9.446927972957033]",9.446927972957033,1024.0,12.0,8.0,8.0,200.0,64.0
retained-crossover-avx512,cross/4/unit12/draw8/stride64/spread/sum/packet,1,3,"[1383.5537797822583,1379.4946563390774,1390.5240709871525]",1383.5537797822583,"[1383.9103833693487,1379.5021080513427,1390.6826159406799]",1383.9103833693487,"[1.3511267380686114,1.3471627503311303,1.3579336630733914]",1.3511267380686114,1024.0,12.0,8.0,12.0,204.0,64.0
retained-crossover-avx512,cross/4/unit12/draw8/stride64/spread/sum/point,1,3,"[4785.711452990281,4784.206837606277,4785.420512820774]",4785.420512820774,"[4785.74393162909,4784.239999993681,4786.403760687643]",4785.74393162909,"[4.673546340810821,4.67207698984988,4.673262219551538]",4.673262219551538,1024.0,12.0,8.0,12.0,204.0,64.0
retained-crossover-avx512,cross/4/unit12/draw8/stride64/spread/update/packet,1,3,"[3799.7440459895242,3801.838488912357,3797.039419654908]",3799.7440459895242,"[3807.9006296290736,3802.693950180747,3797.062961950861]",3802.693950180747,"[3.7106875449116443,3.7127328993284743,3.7080463082567463]",3.7106875449116443,1024.0,12.0,8.0,12.0,204.0,64.0
retained-crossover-avx512,cross/4/unit12/draw8/stride64/spread/update/point,1,3,"[12163.055797736997,12165.68003487148,12158.653879688096]",12163.055797736997,"[12163.130775971991,12165.755884893473,12158.719267659024]",12163.130775971991,"[11.877984177477535,11.88054690905418,11.873685429382908]",11.877984177477535,1024.0,12.0,8.0,12.0,204.0,64.0
retained-crossover-avx512,cross/4/unit16/draw2/stride16/compact/sum/packet,1,3,"[695.1187078874223,693.9370293304178,697.0573721754945]",695.1187078874223,"[695.1234145853066,695.1893579078051,697.0616329782414]",695.1893579078051,"[0.6788268631713108,0.6776728802054861,0.6807200900151313]",0.6788268631713108,1024.0,16.0,2.0,2.0,50.0,16.0
retained-crossover-avx512,cross/4/unit16/draw2/stride16/compact/sum/point,1,3,"[2700.6338976531933,2699.2085417460157,2698.5927279717953]",2699.2085417460157,"[2705.3235859926244,2699.5307810674717,2704.1154290130944]",2704.1154290130944,"[2.6373377906769466,2.6359458415488435,2.6353444609099563]",2.6359458415488435,1024.0,16.0,2.0,2.0,50.0,16.0
retained-crossover-avx512,cross/4/unit16/draw2/stride16/compact/sum/window,1,3,"[773.6713279010224,764.7013323058167,763.4906958824866]",764.7013323058167,"[773.6760625417526,764.9009579386334,763.4959810639646]",764.9009579386334,"[0.7555384061533422,0.7467786448298991,0.7455963826977409]",0.7467786448298991,1024.0,16.0,2.0,2.0,50.0,16.0
retained-crossover-avx512,cross/4/unit16/draw2/stride16/compact/update/packet,1,3,"[1497.5813379143226,1503.0458498884432,1502.3843015150162]",1502.3843015150162,"[1497.5905723193716,1503.2988295922737,1502.394717064418]",1502.394717064418,"[1.4624817753069557,1.4678182127816828,1.4671721694482582]",1.4671721694482582,1024.0,16.0,2.0,2.0,50.0,16.0
retained-crossover-avx512,cross/4/unit16/draw2/stride16/compact/update/point,1,3,"[4137.110159482384,4135.226225637598,4136.6346721780665]",4136.6346721780665,"[4137.138806857333,4135.2513290075285,4143.470761970094]",4137.138806857333,"[4.040146640119516,4.038306860974217,4.039682297048893]",4.039682297048893,1024.0,16.0,2.0,2.0,50.0,16.0
retained-crossover-avx512,cross/4/unit16/draw2/stride16/compact/update/window,1,3,"[1624.0140683970428,1631.5813793894433,1624.7060505553757]",1624.7060505553757,"[1624.0241335961393,1631.59144458854,1625.4858744131573]",1625.4858744131573,"[1.5859512386689871,1.5933411908100035,1.586627002495484]",1.586627002495484,1024.0,16.0,2.0,2.0,50.0,16.0
retained-crossover-avx512,cross/4/unit16/draw2/stride16/spread/sum/packet,1,3,"[711.6027860499462,699.1058900726537,703.0028264276027]",703.0028264276027,"[711.6076313517839,699.2596275157821,703.165648814994]",703.165648814994,"[0.6949245957519006,0.6827205957740757,0.6865261976832057]",0.6865261976832057,1024.0,16.0,2.0,16.0,64.0,16.0
retained-crossover-avx512,cross/4/unit16/draw2/stride16/spread/sum/point,1,3,"[2694.5292645362324,2698.183480938429,2697.8448209461535]",2697.8448209461535,"[2694.543896810917,2705.1236041619813,2699.155179049271]",2699.155179049271,"[2.631376234898665,2.634944805603934,2.6346140829552276]",2.6346140829552276,1024.0,16.0,2.0,16.0,64.0,16.0
retained-crossover-avx512,cross/4/unit16/draw2/stride16/spread/sum/window,1,3,"[623.0270173875614,623.5664288901365,626.0671422200737]",623.5664288901365,"[623.0308069555767,624.6318323678669,626.6995987528325]",624.6318323678669,"[0.6084248216675404,0.6089515907130241,0.6113936935742906]",0.6089515907130241,1024.0,16.0,2.0,16.0,64.0,16.0
retained-crossover-avx512,cross/4/unit16/draw2/stride16/spread/update/packet,1,3,"[1555.2071229837322,1554.2921535901164,1555.853644963344]",1555.2071229837322,"[1555.216583193211,1557.0963828574852,1555.8633277731692]",1555.8633277731692,"[1.518756956038801,1.5178634312403478,1.5193883251595157]",1.518756956038801,1024.0,16.0,2.0,16.0,64.0,16.0
retained-crossover-avx512,cross/4/unit16/draw2/stride16/spread/update/point,1,3,"[4637.285572141668,4636.946932008081,4638.0351575487175]",4637.285572141668,"[4637.317081259445,4636.97910446876,4638.063349923704]",4637.317081259445,"[4.528599191544598,4.528268488289141,4.529331208543669]",4.528599191544598,1024.0,16.0,2.0,16.0,64.0,16.0
retained-crossover-avx512,cross/4/unit16/draw2/stride16/spread/update/window,1,3,"[1444.2507210551325,1445.5876596629323,1460.926555418284]",1445.5876596629323,"[1444.5789039985732,1445.5966213443958,1460.9356201079504]",1445.5966213443958,"[1.4104010947804029,1.4117066988895823,1.4266860892756676]",1.4117066988895823,1024.0,16.0,2.0,16.0,64.0,16.0
retained-crossover-avx512,cross/4/unit16/draw2/stride17/compact/sum/packet,1,3,"[710.9559240001663,712.5366870907474,709.2459193653783]",710.9559240001663,"[711.0782143056308,714.1568920262637,709.2502960686244]",711.0782143056308,"[0.6942928945314124,0.695836608487058,0.6926229681302521]",0.6942928945314124,1024.0,16.0,2.0,2.0,53.0,17.0
retained-crossover-avx512,cross/4/unit16/draw2/stride17/compact/sum/point,1,3,"[2704.759187622255,2703.3046421683034,2704.078529978618]",2704.078529978618,"[2705.8282398464344,2703.32127658946,2707.909477759242]",2705.8282398464344,"[2.6413663941623584,2.6399459396174842,2.640701689432244]",2.640701689432244,1024.0,16.0,2.0,2.0,53.0,17.0
retained-crossover-avx512,cross/4/unit16/draw2/stride17/compact/sum/window,1,3,"[815.6856697072408,833.4490518481393,805.5721915507407]",815.6856697072408,"[815.9792966873349,833.4548127720691,805.5777124353917]",815.9792966873349,"[0.7965680368234773,0.8139150896954486,0.7866915933112703]",0.7965680368234773,1024.0,16.0,2.0,2.0,53.0,17.0
retained-crossover-avx512,cross/4/unit16/draw2/stride17/compact/update/packet,1,3,"[1501.3128827651326,1496.3238188987143,1506.6202974622288]",1501.3128827651326,"[1501.3243657029955,1496.6732283418644,1506.9378827654773]",1501.3243657029955,"[1.4661258620753248,1.4612537293932757,1.471308884240458]",1.4661258620753248,1024.0,16.0,2.0,2.0,53.0,17.0
retained-crossover-avx512,cross/4/unit16/draw2/stride17/compact/update/point,1,3,"[4139.77369667929,4138.792950237886,4133.150473933896]",4138.792950237886,"[4139.80509477984,4139.819608995893,4133.175947871757]",4139.80509477984,"[4.04274775066337,4.041789990466685,4.03627975970107]",4.041789990466685,1024.0,16.0,2.0,2.0,53.0,17.0
retained-crossover-avx512,cross/4/unit16/draw2/stride17/compact/update/window,1,3,"[1671.1661731614647,1676.62264597999,1675.759327254942]",1675.759327254942,"[1671.612341587843,1676.9645860496269,1675.7684472354836]",1675.7684472354836,"[1.6319982159779927,1.6373268027148342,1.6364837180224043]",1.6364837180224043,1024.0,16.0,2.0,2.0,53.0,17.0
retained-crossover-avx512,cross/4/unit16/draw2/stride17/spread/sum/packet,1,3,"[672.6695017056204,670.5124693677286,676.5578780453288]",672.6695017056204,"[673.3853250675722,670.7352361737395,676.5624909887391]",673.3853250675722,"[0.6569038102593948,0.6547973333669225,0.6607010527786414]",0.6569038102593948,1024.0,16.0,2.0,16.0,67.0,17.0
retained-crossover-avx512,cross/4/unit16/draw2/stride17/spread/sum/point,1,3,"[2699.0509750920023,2698.970071444873,2703.880092682591]",2699.0509750920023,"[2699.0695114960117,2698.988607835163,2705.184591616043]",2699.0695114960117,"[2.635791967863284,2.635712960395384,2.6405079030103424]",2.635791967863284,1024.0,16.0,2.0,16.0,67.0,17.0
retained-crossover-avx512,cross/4/unit16/draw2/stride17/spread/update/packet,1,3,"[1508.6272512855776,1510.5334476847029,1507.0545668946286]",1508.6272512855776,"[1508.6376500891797,1510.542667235688,1507.4873499192167]",1508.6376500891797,"[1.4732688000835719,1.4751303200045929,1.4717329754830357]",1.4732688000835719,1024.0,16.0,2.0,16.0,67.0,17.0
retained-crossover-avx512,cross/4/unit16/draw2/stride17/spread/update/point,1,3,"[4633.2357804206795,4629.539021162182,4630.150462961197]",4630.150462961197,"[4634.011904756555,4629.570767182457,4631.296626990257]",4631.296626990257,"[4.52464431681707,4.521034200353694,4.521631311485543]",4.521631311485543,1024.0,16.0,2.0,16.0,67.0,17.0
retained-crossover-avx512,cross/4/unit16/draw2/stride64/compact/sum/packet,1,3,"[752.0716038844938,744.2436773025229,746.7124639847644]",746.7124639847644,"[752.0767260711417,745.468573255032,747.9944509678807]",747.9944509678807,"[0.7344449256684511,0.726800466115745,0.7292113906101214]",0.7292113906101214,1024.0,16.0,2.0,2.0,194.0,64.0
retained-crossover-avx512,cross/4/unit16/draw2/stride64/compact/sum/point,1,3,"[2705.217684454034,2702.316509341392,2701.289924870244]",2702.316509341392,"[2711.4528992439477,2702.331342706006,2701.3062993720755]",2702.331342706006,"[2.6418141449746426,2.638980966153703,2.6379784422560975]",2.638980966153703,1024.0,16.0,2.0,2.0,194.0,64.0
retained-crossover-avx512,cross/4/unit16/draw2/stride64/compact/update/packet,1,3,"[1525.539587851988,1540.3552060737566,1524.4149674621156]",1525.539587851988,"[1525.8321041224374,1540.3658351411107,1524.4242950109235]",1525.8321041224374,"[1.4897847537617073,1.504253130931403,1.4886864916622222]",1.4897847537617073,1024.0,16.0,2.0,2.0,194.0,64.0
retained-crossover-avx512,cross/4/unit16/draw2/stride64/compact/update/point,1,3,"[4162.589895987606,4162.129271914067,4169.490638927336]",4162.589895987606,"[4163.507280834644,4162.157800891168,4185.6353640432535]",4163.507280834644,"[4.065029195300396,4.0645793671035815,4.071768202077476]",4.065029195300396,1024.0,16.0,2.0,2.0,194.0,64.0
retained-crossover-avx512,cross/4/unit16/draw2/stride64/spread/sum/packet,1,3,"[722.6551706362466,731.4040622744606,721.2591504274877]",722.6551706362466,"[723.1540364984082,731.408495719743,721.2636354268617]",723.1540364984082,"[0.7057179400744596,0.7142617795649029,0.7043546390893435]",0.7057179400744596,1024.0,16.0,2.0,16.0,208.0,64.0
retained-crossover-avx512,cross/4/unit16/draw2/stride64/spread/sum/point,1,3,"[2706.5367504849446,2705.058994197351,2704.515667309808]",2705.058994197351,"[2712.7624758156117,2705.0775628642646,2704.5323017364617]",2705.0775628642646,"[2.6431022953954537,2.6416591740208504,2.6411285813572345]",2.6416591740208504,1024.0,16.0,2.0,16.0,208.0,64.0
retained-crossover-avx512,cross/4/unit16/draw2/stride64/spread/update/packet,1,3,"[1503.9344368016104,1506.77719260594,1504.9672184012231]",1504.9672184012231,"[1504.3369518489853,1507.4368013778605,1504.9776440243281]",1504.9776440243281,"[1.4686859734390727,1.4714621021542382,1.4696945492199445]",1.4696945492199445,1024.0,16.0,2.0,16.0,208.0,64.0
retained-crossover-avx512,cross/4/unit16/draw2/stride64/spread/update/point,1,3,"[4639.441459371453,4642.84079601646,4638.794693202989]",4639.441459371453,"[4639.466666651534,4644.793034816634,4640.740298503442]",4640.740298503442,"[4.530704550167434,4.534024214859824,4.530072942581044]",4.530704550167434,1024.0,16.0,2.0,16.0,208.0,64.0
retained-crossover-avx512,cross/4/unit16/draw4/stride16/compact/sum/packet,1,3,"[706.0050162143999,703.7000912040083,709.3968382654763]",706.0050162143999,"[707.310042562882,704.0525435727894,709.6013376578095]",707.310042562882,"[0.6894580236468749,0.6872071203164144,0.6927703498686291]",0.6894580236468749,1024.0,16.0,4.0,4.0,52.0,16.0
retained-crossover-avx512,cross/4/unit16/draw4/stride16/compact/sum/point,1,3,"[3331.4497027352654,3336.2175980978686,3333.7324613581136]",3333.7324613581136,"[3331.469916768699,3337.2727705187035,3338.885136730711]",3337.2727705187035,"[3.253368850327408,3.25802499814245,3.255598106795033]",3.255598106795033,1024.0,16.0,4.0,4.0,52.0,16.0
retained-crossover-avx512,cross/4/unit16/draw4/stride16/compact/sum/window,1,3,"[803.7480424040867,804.123900734692,806.9542826164715]",804.123900734692,"[803.7541862422589,804.4528972405393,806.9586796776443]",804.4528972405393,"[0.784910197660241,0.7852772468112227,0.7880412916176479]",0.7852772468112227,1024.0,16.0,4.0,4.0,52.0,16.0
retained-crossover-avx512,cross/4/unit16/draw4/stride16/compact/update/packet,1,3,"[1523.098770900379,1520.3848964663744,1533.592625400413]",1523.098770900379,"[1523.1081829236502,1520.3953050590742,1537.9372162579866]",1523.1081829236502,"[1.4874011434574013,1.4847508754554437,1.4976490482425908]",1.4874011434574013,1024.0,16.0,4.0,4.0,52.0,16.0
retained-crossover-avx512,cross/4/unit16/draw4/stride16/compact/update/point,1,3,"[5734.7809680029795,5746.6919606246865,5736.442165706484]",5736.442165706484,"[5734.815832638814,5746.727645602218,5738.6759638971125]",5738.6759638971125,"[5.60037203906541,5.612003867797545,5.601994302447737]",5.601994302447737,1024.0,16.0,4.0,4.0,52.0,16.0
retained-crossover-avx512,cross/4/unit16/draw4/stride16/compact/update/window,1,3,"[1694.5555280726376,1711.5724709366673,1704.4218402175245]",1704.4218402175245,"[1694.5670294361619,1711.5843433114082,1704.8095473656872]",1704.8095473656872,"[1.6548393828834351,1.6714574911490894,1.6644744533374263]",1.6644744533374263,1024.0,16.0,4.0,4.0,52.0,16.0
retained-crossover-avx512,cross/4/unit16/draw4/stride16/spread/sum/packet,1,3,"[699.8854965711774,706.6073152142053,695.2448564901672]",699.8854965711774,"[701.0134620280318,706.6116840236654,695.440690879811]",701.0134620280318,"[0.6834819302452905,0.6900462062638723,0.6789500551661789]",0.6834819302452905,1024.0,16.0,4.0,16.0,64.0,16.0
retained-crossover-avx512,cross/4/unit16/draw4/stride16/spread/sum/point,1,3,"[3333.6479409683207,3334.9928588429743,3332.5770054769578]",3333.6479409683207,"[3333.668650320721,3335.013568195375,3332.597238743738]",3333.668650320721,"[3.2555155673518756,3.256828963713842,3.254469731911092]",3.2555155673518756,1024.0,16.0,4.0,16.0,64.0,16.0
retained-crossover-avx512,cross/4/unit16/draw4/stride16/spread/sum/window,1,3,"[622.306680928349,622.1529170570685,624.7477826803288]",622.306680928349,"[622.3105584535114,622.1567500096637,624.8871061172014]",622.3105584535114,"[0.6077213680940908,0.6075712080635435,0.6101052565237585]",0.6077213680940908,1024.0,16.0,4.0,16.0,64.0,16.0
retained-crossover-avx512,cross/4/unit16/draw4/stride16/spread/update/packet,1,3,"[1562.636353505108,1553.0731082130912,1555.7477989515567]",1555.7477989515567,"[1562.9801627076702,1553.0828039674261,1555.7573832616226]",1555.7573832616226,"[1.526012063969832,1.5166729572393471,1.5192849599136296]",1.5192849599136296,1024.0,16.0,4.0,16.0,64.0,16.0
retained-crossover-avx512,cross/4/unit16/draw4/stride16/spread/update/point,1,3,"[6995.382617385421,6997.085414588916,6995.502497508121]",6995.502497508121,"[6995.425574435482,7009.451548457844,6995.5454545368875]",6995.5454545368875,"[6.831428337290451,6.833091225184489,6.831545407722775]",6.831545407722775,1024.0,16.0,4.0,16.0,64.0,16.0
retained-crossover-avx512,cross/4/unit16/draw4/stride16/spread/update/window,1,3,"[1439.7856849040268,1439.755758946981,1446.0175853558985]",1439.7856849040268,"[1440.1430481290117,1439.7647058856962,1446.3453311370506]",1440.1430481290117,"[1.4060407079140886,1.406011483346661,1.4121265481991194]",1.4060407079140886,1024.0,16.0,4.0,16.0,64.0,16.0
retained-crossover-avx512,cross/4/unit16/draw4/stride17/compact/sum/packet,1,3,"[712.4566193731563,709.9058385226002,708.1926099827438]",709.9058385226002,"[712.6733693961195,709.9107379805731,708.1968970104646]",709.9107379805731,"[0.6957584173565978,0.6932674204322268,0.6915943456862733]",0.6932674204322268,1024.0,16.0,4.0,4.0,55.0,17.0
retained-crossover-avx512,cross/4/unit16/draw4/stride17/compact/sum/point,1,3,"[3332.178937336265,3329.868000952387,3329.7486299725506]",3329.868000952387,"[3332.673814623959,3329.8882535230337,3329.7693590723998]",3329.8882535230337,"[3.2540809934924466,3.251824219680065,3.2517076464575685]",3.251824219680065,1024.0,16.0,4.0,4.0,55.0,17.0
retained-crossover-avx512,cross/4/unit16/draw4/stride17/compact/sum/window,1,3,"[837.6480063220894,834.9000121566175,835.4136883053748]",835.4136883053748,"[837.8379528335361,836.735959154905,836.6186481899]",836.735959154905,"[0.8180156311739154,0.8153320431216968,0.8158336799857175]",0.8158336799857175,1024.0,16.0,4.0,4.0,55.0,17.0
retained-crossover-avx512,cross/4/unit16/draw4/stride17/compact/update/packet,1,3,"[1527.8869357636547,1525.4953342018023,1518.3600260426645]",1525.4953342018023,"[1527.8962673577942,1525.9627821216802,1518.3703342043962]",1525.9627821216802,"[1.492077085706694,1.4897415373064473,1.4827734629322893]",1.4897415373064473,1024.0,16.0,4.0,4.0,55.0,17.0
retained-crossover-avx512,cross/4/unit16/draw4/stride17/compact/update/point,1,3,"[5734.7031122036215,5734.785421782558,5730.870188367806]",5734.7031122036215,"[5734.738738734922,5736.073710058143,5730.909500398732]",5734.738738734922,"[5.60029600801135,5.600376388459529,5.5965529183279354]",5.60029600801135,1024.0,16.0,4.0,4.0,55.0,17.0
retained-crossover-avx512,cross/4/unit16/draw4/stride17/compact/update/window,1,3,"[1746.0754403881567,1751.4176665824352,1736.811973449124]",1746.0754403881567,"[1746.0848863871845,1751.8572887423456,1736.822695945342]",1746.0848863871845,"[1.7051517972540593,1.7103688150219092,1.6961054428214102]",1.7051517972540593,1024.0,16.0,4.0,4.0,55.0,17.0
retained-crossover-avx512,cross/4/unit16/draw4/stride17/spread/sum/packet,1,3,"[684.6785003158753,681.9385168277778,681.9331261228275]",681.9385168277778,"[684.6827254615808,682.0913020250679,681.9373512692232]",682.0913020250679,"[0.668631347964722,0.6659555828396267,0.6659503184793237]",0.6659555828396267,1024.0,16.0,4.0,16.0,67.0,17.0
retained-crossover-avx512,cross/4/unit16/draw4/stride17/spread/sum/point,1,3,"[3331.973828218476,3333.936473948658,3332.5567451817533]",3332.5567451817533,"[3331.9966690449646,3339.6316916456312,3332.5769688205214]",3332.5769688205214,"[3.2538806916196052,3.2557973378404865,3.254449946466556]",3.254449946466556,1024.0,16.0,4.0,16.0,67.0,17.0
retained-crossover-avx512,cross/4/unit16/draw4/stride17/spread/update/packet,1,3,"[1507.823453329801,1507.784544081579,1507.723108427621]",1507.784544081579,"[1507.8326147927473,1507.7949989207004,1508.2044621684208]",1507.8326147927473,"[1.4724838411423837,1.472445843829667,1.4723858480738485]",1.472445843829667,1024.0,16.0,4.0,16.0,67.0,17.0
retained-crossover-avx512,cross/4/unit16/draw4/stride17/spread/update/point,1,3,"[7000.173000001552,6996.617500000469,7005.058000004283]",7000.173000001552,"[7004.3059999989055,7008.755500010011,7007.505999979458]",7007.505999979458,"[6.836106445314016,6.832634277344207,6.840876953129182]",6.836106445314016,1024.0,16.0,4.0,16.0,67.0,17.0
retained-crossover-avx512,cross/4/unit16/draw4/stride64/compact/sum/packet,1,3,"[743.3067338276127,751.4902439025033,742.2924178157303]",743.3067338276127,"[743.3118239666453,751.9344114506318,742.6247083749322]",743.3118239666453,"[0.725885482253528,0.7338771913110385,0.7248949392731742]",0.725885482253528,1024.0,16.0,4.0,4.0,196.0,64.0
retained-crossover-avx512,cross/4/unit16/draw4/stride64/compact/sum/point,1,3,"[3356.4109621806947,3353.088798470033,3356.100047869962]",3356.100047869962,"[3356.4293920538216,3353.10698899672,3362.580660612326]",3356.4293920538216,"[3.2777450802545847,3.274500779755891,3.27744145299801]",3.27744145299801,1024.0,16.0,4.0,4.0,196.0,64.0
retained-crossover-avx512,cross/4/unit16/draw4/stride64/compact/update/packet,1,3,"[1546.7556675060353,1550.8230204794004,1553.6366224950298]",1550.8230204794004,"[1546.7650859737203,1550.8326579819416,1553.6461504770302]",1550.8326579819416,"[1.5105035815488623,1.5144756059369144,1.5172232641553027]",1.5144756059369144,1024.0,16.0,4.0,4.0,196.0,64.0
retained-crossover-avx512,cross/4/unit16/draw4/stride64/compact/update/point,1,3,"[5818.879833677671,5810.833679834956,5810.064449064122]",5810.833679834956,"[5830.94054052882,5811.971309772171,5810.096465694355]",5811.971309772171,"[5.6824998375758495,5.674642265463823,5.673891063539181]",5.674642265463823,1024.0,16.0,4.0,4.0,196.0,64.0
retained-crossover-avx512,cross/4/unit16/draw4/stride64/spread/sum/packet,1,3,"[722.8124066158069,740.3403060435433,721.7706218762355]",722.8124066158069,"[722.8163223260701,740.344891544945,721.7750012898584]",722.8163223260701,"[0.705871490835749,0.7229885801206478,0.7048541229260114]",0.705871490835749,1024.0,16.0,4.0,16.0,208.0,64.0
retained-crossover-avx512,cross/4/unit16/draw4/stride64/spread/sum/point,1,3,"[3361.8791366890728,3355.053956833096,3355.432853716269]",3355.432853716269,"[3361.8973621034293,3355.0772182335754,3355.453477214063]",3355.453477214063,"[3.283085094422923,3.2764198797198203,3.276789896207294]",3.276789896207294,1024.0,16.0,4.0,16.0,208.0,64.0
retained-crossover-avx512,cross/4/unit16/draw4/stride64/spread/update/packet,1,3,"[1515.5155888505576,1521.0274319706052,1519.4882670496927]",1519.4882670496927,"[1518.419081191021,1521.0378979840796,1519.497631370452]",1519.497631370452,"[1.4799956922368727,1.4853783515337942,1.4838752607907155]",1.4838752607907155,1024.0,16.0,4.0,16.0,208.0,64.0
retained-crossover-avx512,cross/4/unit16/draw4/stride64/spread/update/point,1,3,"[7072.866161618634,7072.2454545450155,7071.654040406703]",7072.2454545450155,"[7076.571717166786,7073.6621212015025,7071.70303031154]",7073.6621212015025,"[6.907095860955697,6.906489701704117,6.90591214883467]",6.906489701704117,1024.0,16.0,4.0,16.0,208.0,64.0
retained-crossover-avx512,cross/4/unit16/draw8/stride16/compact/sum/packet,1,3,"[729.1572734396569,733.9663097417911,728.1021676674612]",729.1572734396569,"[729.662627317272,733.9718986679384,728.1071297995333]",729.662627317272,"[0.712067649843415,0.7167639743572178,0.7110372731127551]",0.712067649843415,1024.0,16.0,8.0,8.0,56.0,16.0
retained-crossover-avx512,cross/4/unit16/draw8/stride16/compact/sum/point,1,3,"[4752.606112055001,4751.723259762314,4754.779626483918]",4752.606112055001,"[4754.156876073086,4751.752801354652,4754.805093368207]",4754.156876073086,"[4.641216906303712,4.640354745861635,4.643339478988201]",4.641216906303712,1024.0,16.0,8.0,8.0,56.0,16.0
retained-crossover-avx512,cross/4/unit16/draw8/stride16/compact/sum/window,1,3,"[763.2229380023936,760.797599382737,761.5590243365361]",761.5590243365361,"[763.4286422182321,761.8830525268842,761.5637594970801]",761.8830525268842,"[0.7453349003929625,0.742966405647204,0.7437099847036486]",0.7437099847036486,1024.0,16.0,8.0,8.0,56.0,16.0
retained-crossover-avx512,cross/4/unit16/draw8/stride16/compact/update/packet,1,3,"[1608.8975424026044,1620.7748932730804,1613.7158186229806]",1613.7158186229806,"[1608.9074650978864,1621.7563170645135,1613.7270104982724]",1613.7270104982724,"[1.571189006252543,1.5827879817119923,1.5758943541240042]",1.5758943541240042,1024.0,16.0,8.0,8.0,56.0,16.0
retained-crossover-avx512,cross/4/unit16/draw8/stride16/compact/update/point,1,3,"[9577.160958908642,9587.510958906027,9572.407534247146]",9577.160958908642,"[9580.857534247925,9587.576027402127,9572.47397261124]",9580.857534247925,"[9.352696248934219,9.362803670806667,9.348054232663229]",9.352696248934219,1024.0,16.0,8.0,8.0,56.0,16.0
retained-crossover-avx512,cross/4/unit16/draw8/stride16/compact/update/window,1,3,"[1625.8050351292156,1612.1622950830354,1611.224238876293]",1612.1622950830354,"[1628.4919203786105,1612.3618266938372,1614.8396955470557]",1614.8396955470557,"[1.5877002296183746,1.5743772412920267,1.5734611707776296]",1.5743772412920267,1024.0,16.0,8.0,8.0,56.0,16.0
retained-crossover-avx512,cross/4/unit16/draw8/stride16/spread/sum/packet,1,3,"[705.3241856890664,700.3028981791216,704.8738650941409]",704.8738650941409,"[705.328545779754,700.4206206699636,705.9876891508089]",705.328545779754,"[0.688793150086979,0.6838895490030485,0.6883533838809971]",0.6883533838809971,1024.0,16.0,8.0,16.0,64.0,16.0
retained-crossover-avx512,cross/4/unit16/draw8/stride16/spread/sum/point,1,3,"[4752.404139805679,4754.152019003614,4747.0020359679365]",4752.404139805679,"[4752.433322015244,4756.030539519621,4747.0383440700325]",4752.433322015244,"[4.641019667778983,4.642726581058217,4.635744175749937]",4.641019667778983,1024.0,16.0,8.0,16.0,64.0,16.0
retained-crossover-avx512,cross/4/unit16/draw8/stride16/spread/sum/window,1,3,"[625.852803216451,623.0920259096984,624.2437346440859]",624.2437346440859,"[625.8566897465034,623.2026356926648,624.3886977891401]",624.3886977891401,"[0.6111843781410654,0.6084883065524398,0.6096130221133651]",0.6096130221133651,1024.0,16.0,8.0,16.0,64.0,16.0
retained-crossover-avx512,cross/4/unit16/draw8/stride16/spread/update/packet,1,3,"[1551.8798978797652,1551.4690864676943,1552.0763680759285]",1551.8798978797652,"[1551.8905538928802,1551.479742479232,1552.5132645111164]",1551.8905538928802,"[1.5155077127732082,1.5151065297536077,1.515699578199149]",1.5155077127732082,1024.0,16.0,8.0,16.0,64.0,16.0
retained-crossover-avx512,cross/4/unit16/draw8/stride16/spread/update/point,1,3,"[12067.9879310296,12066.064655170721,12074.7887931008]",12067.9879310296,"[12068.070689669388,12066.147413761506,12079.78620689393]",12068.070689669388,"[11.785144463896096,11.783266264815158,11.7917859307625]",11.785144463896096,1024.0,16.0,8.0,16.0,64.0,16.0
retained-crossover-avx512,cross/4/unit16/draw8/stride16/spread/update/window,1,3,"[1440.735839341005,1445.3301750780768,1441.3805355311556]",1441.3805355311556,"[1440.7446961910794,1446.9878475802361,1441.926055613678]",1441.926055613678,"[1.4069685931064502,1.4114552490996841,1.4075981792296444]",1.4075981792296444,1024.0,16.0,8.0,16.0,64.0,16.0
retained-crossover-avx512,cross/4/unit16/draw8/stride17/compact/sum/packet,1,3,"[750.7731092439277,748.8918732046855,732.5223380496079]",748.8918732046855,"[750.7776832261754,750.1617912979534,732.7274226123972]",750.1617912979534,"[0.7331768644960232,0.7313397199264506,0.7153538457515701]",0.7313397199264506,1024.0,16.0,8.0,8.0,59.0,17.0
retained-crossover-avx512,cross/4/unit16/draw8/stride17/compact/sum/point,1,3,"[4747.1620244572505,4746.72724184637,4746.904211956435]",4746.904211956435,"[4747.191236399294,4746.760190224696,4746.933084232985]",4746.933084232985,"[4.635900414509034,4.6354758221155965,4.635648644488706]",4.635648644488706,1024.0,16.0,8.0,8.0,59.0,17.0
retained-crossover-avx512,cross/4/unit16/draw8/stride17/compact/sum/window,1,3,"[819.3018642446709,811.2024976098941,817.7279517210961]",817.7279517210961,"[819.306883364696,811.2081142464318,817.7329708428194]",817.7329708428194,"[0.8000994768014363,0.7921899390721623,0.798562452852633]",0.798562452852633,1024.0,16.0,8.0,8.0,59.0,17.0
retained-crossover-avx512,cross/4/unit16/draw8/stride17/compact/update/packet,1,3,"[1564.0263187623332,1551.5966339102386,1544.8577883210046]",1551.5966339102386,"[1564.0371625417888,1551.606235174937,1546.71862645564]",1551.606235174937,"[1.527369451916341,1.5152310878029673,1.508650183907231]",1.5152310878029673,1024.0,16.0,8.0,8.0,59.0,17.0
retained-crossover-avx512,cross/4/unit16/draw8/stride17/compact/update/point,1,3,"[9582.989726022664,9581.756849315394,9579.236986300037]",9581.756849315394,"[9600.597260283108,9581.822602735758,9579.30273973987]",9581.822602735758,"[9.358388404319008,9.357184423159564,9.354723619433631]",9.357184423159564,1024.0,16.0,8.0,8.0,59.0,17.0
retained-crossover-avx512,cross/4/unit16/draw8/stride17/compact/update/window,1,3,"[1677.5941833358079,1679.6606945625192,1680.2337710148215]",1679.6606945625192,"[1678.1063934243343,1679.6711252915152,1680.2465333145126]",1679.6711252915152,"[1.6382755696638747,1.6402936470337104,1.6408532920066616]",1.6402936470337104,1024.0,16.0,8.0,8.0,59.0,17.0
retained-crossover-avx512,cross/4/unit16/draw8/stride17/spread/sum/packet,1,3,"[701.1340935123438,697.9124134837796,696.3111088985257]",697.9124134837796,"[701.3355574363892,697.9167455053617,696.315839267709]",697.9167455053617,"[0.6847012631956484,0.6815550912927535,0.6799913172837165]",0.6815550912927535,1024.0,16.0,8.0,16.0,67.0,17.0
retained-crossover-avx512,cross/4/unit16/draw8/stride17/spread/sum/point,1,3,"[4750.70749915363,4752.424499490359,4752.604682731608]",4752.424499490359,"[4751.374957582088,4752.453681699924,4752.633864941174]",4752.453681699924,"[4.639362792142217,4.641039550283554,4.6412155104800865]",4.641039550283554,1024.0,16.0,8.0,16.0,67.0,17.0
retained-crossover-avx512,cross/4/unit16/draw8/stride17/spread/update/packet,1,3,"[1511.07494529516,1476.4742888403073,1469.7303063443958]",1476.4742888403073,"[1513.9846827124734,1476.483369801916,1469.7392778979713]",1476.483369801916,"[1.4756591262648047,1.4418694226956126,1.435283502289449]",1.4418694226956126,1024.0,16.0,8.0,16.0,67.0,17.0
retained-crossover-avx512,cross/4/unit16/draw8/stride17/spread/update/point,1,3,"[12080.142241372458,12069.762931026393,12067.893103441673]",12069.762931026393,"[12080.225000012246,12072.207758594373,12070.691379296382]",12072.207758594373,"[11.79701390759029,11.786877862330462,11.78505185882976]",11.786877862330462,1024.0,16.0,8.0,16.0,67.0,17.0
retained-crossover-avx512,cross/4/unit16/draw8/stride64/compact/sum/packet,1,3,"[772.4140474479788,771.2426377497351,769.8643144163815]",771.2426377497351,"[772.4187813060737,771.6085209425449,769.8696537662437]",771.6085209425449,"[0.7543105932109168,0.7531666384274756,0.7518206195472475]",0.7531666384274756,1024.0,16.0,8.0,8.0,200.0,64.0
retained-crossover-avx512,cross/4/unit16/draw8/stride64/compact/sum/point,1,3,"[4789.861785834835,4789.868286005215,4794.565856997311]",4789.868286005215,"[4789.891207656868,4791.663017450592,4795.775573035605]",4791.663017450592,"[4.677599400229331,4.677605748051968,4.682193219723937]",4.677605748051968,1024.0,16.0,8.0,8.0,200.0,64.0
retained-crossover-avx512,cross/4/unit16/draw8/stride64/compact/update/packet,1,3,"[1651.3972280949372,1658.0954897820586,1656.0014094420287]",1656.0014094420287,"[1651.4073291000323,1658.1057082461934,1658.9913084289458]",1658.1057082461934,"[1.612692605561462,1.6192338767402914,1.6171888764082312]",1.6171888764082312,1024.0,16.0,8.0,8.0,200.0,64.0
retained-crossover-avx512,cross/4/unit16/draw8/stride64/compact/update/point,1,3,"[9671.224137930729,9687.1903448228,9663.286206900999]",9671.224137930729,"[9671.284137962646,9693.573793097601,9663.339310346319]",9671.284137962646,"[9.444554822197977,9.460146821116018,9.436802936426757]",9.444554822197977,1024.0,16.0,8.0,8.0,200.0,64.0
retained-crossover-avx512,cross/4/unit16/draw8/stride64/spread/sum/packet,1,3,"[724.1639572689246,724.0664705576933,722.7272023532341]",724.0664705576933,"[725.4354131184195,724.4564174026186,724.2752748109327]",724.4564174026186,"[0.7071913645204341,0.7070961626539972,0.7057882835480801]",0.7070961626539972,1024.0,16.0,8.0,16.0,208.0,64.0
retained-crossover-avx512,cross/4/unit16/draw8/stride64/spread/sum/point,1,3,"[4783.759753593247,4781.993497602744,4784.457563310778]",4783.759753593247,"[4783.7926078054115,4782.019507187374,4785.123887756242]",4783.7926078054115,"[4.671640384368406,4.66991552500268,4.672321839170682]",4.671640384368406,1024.0,16.0,8.0,16.0,208.0,64.0
retained-crossover-avx512,cross/4/unit16/draw8/stride64/spread/update/packet,1,3,"[1515.8817262747857,1515.4880965319085,1517.1426241989104]",1515.8817262747857,"[1515.8910751155074,1515.4974453710852,1517.5520165248226]",1515.8910751155074,"[1.4803532483152202,1.4799688442694416,1.4815845939442487]",1.4803532483152202,1024.0,16.0,8.0,16.0,208.0,64.0
retained-crossover-avx512,cross/4/unit16/draw8/stride64/spread/update/point,1,3,"[12168.632812503689,12150.93402778194,12157.868923612368]",12157.868923612368,"[12189.983506950675,12151.016493088127,12162.89236113018]",12162.89236113018,"[11.883430480960632,11.866146511505802,11.872918870715205]",11.872918870715205,1024.0,16.0,8.0,16.0,208.0,64.0
retained-crossover-avx512,cross/4/unit24/draw2/stride24/compact/sum/packet,1,3,"[695.9937057042987,693.4284581451205,693.6628339200691]",693.6628339200691,"[695.9980175446935,693.4332160374599,693.944689497401]",693.944689497401,"[0.6796813532268543,0.6771762286573443,0.6774051112500675]",0.6774051112500675,1024.0,24.0,2.0,2.0,74.0,24.0
retained-crossover-avx512,cross/4/unit24/draw2/stride24/compact/sum/point,1,3,"[2703.0877192995713,2700.7335646826796,2700.6892230570916]",2700.7335646826796,"[2708.5139772449547,2700.7482166903246,2700.7079236487525]",2700.7482166903246,"[2.639734100878488,2.637435121760429,2.637391819391691]",2.637435121760429,1024.0,24.0,2.0,2.0,74.0,24.0
retained-crossover-avx512,cross/4/unit24/draw2/stride24/compact/update/packet,1,3,"[1503.9897904932557,1493.2335424871085,1500.6460704034541]",1500.6460704034541,"[1504.671168775352,1495.7132829984937,1500.6553227640625]",1500.6553227640625,"[1.4687400297785702,1.4582358813350669,1.465474678128373]",1.465474678128373,1024.0,24.0,2.0,2.0,74.0,24.0
retained-crossover-avx512,cross/4/unit24/draw2/stride24/compact/update/point,1,3,"[4137.095688127509,4134.354695809177,4132.866213823088]",4134.354695809177,"[4138.804489073366,4134.383047832539,4132.89190785003]",4134.383047832539,"[4.04013250793702,4.03745575762615,4.036002161936611]",4.03745575762615,1024.0,24.0,2.0,2.0,74.0,24.0
retained-crossover-avx512,cross/4/unit24/draw2/stride24/spread/sum/packet,1,3,"[1058.4430841769197,1060.1609003117994,1059.8642688758869]",1059.8642688758869,"[1058.703596687038,1060.167363699419,1059.8708843459103]",1059.8708843459103,"[1.0336358243915231,1.0353133792107414,1.0350237000741083]",1.0350237000741083,1024.0,24.0,2.0,24.0,96.0,24.0
retained-crossover-avx512,cross/4/unit24/draw2/stride24/spread/sum/point,1,3,"[2704.2392353737623,2698.8522880861274,2696.201004055294]",2698.8522880861274,"[2704.257964852223,2699.3630044396755,2696.2176095721093]",2699.3630044396755,"[2.6408586282946898,2.6355979375841088,2.6330087930227477]",2.6355979375841088,1024.0,24.0,2.0,24.0,96.0,24.0
retained-crossover-avx512,cross/4/unit24/draw2/stride24/spread/update/packet,1,3,"[2052.299028267596,2055.536808010118,2056.450971732983]",2055.536808010118,"[2052.3131625443834,2055.9499411033553,2056.465106003494]",2055.9499411033553,"[2.0041982697925738,2.007360164072381,2.008252902082991]",2.007360164072381,1024.0,24.0,2.0,24.0,96.0,24.0
retained-crossover-avx512,cross/4/unit24/draw2/stride24/spread/update/point,1,3,"[4628.798280421244,4630.448082009944,4629.9718915366475]",4629.9718915366475,"[4634.732804235409,4632.249338630582,4630.003637580419]",4632.249338630582,"[4.5203108207238705,4.521921955087836,4.521456925328757]",4.521456925328757,1024.0,24.0,2.0,24.0,96.0,24.0
retained-crossover-avx512,cross/4/unit24/draw2/stride25/compact/sum/packet,1,3,"[709.20107238555,706.0450705652277,703.3019373769101]",706.0450705652277,"[709.2064343137725,706.3777125799921,703.3062370363747]",706.3777125799921,"[0.6925791722515136,0.6894971392238552,0.6868182982196388]",0.6894971392238552,1024.0,24.0,2.0,2.0,77.0,25.0
retained-crossover-avx512,cross/4/unit24/draw2/stride25/compact/sum/point,1,3,"[2694.979776578876,2695.15504622667,2697.6610169495043]",2695.15504622667,"[2694.996533128114,2695.171802781382,2698.214753460352]",2695.171802781382,"[2.631816188065309,2.6319873498307325,2.6344345868647503]",2.6319873498307325,1024.0,24.0,2.0,2.0,77.0,25.0
retained-crossover-avx512,cross/4/unit24/draw2/stride25/compact/update/packet,1,3,"[1519.315715215183,1515.9284784028491,1511.597134794349]",1515.9284784028491,"[1519.3250488379322,1515.9390058623214,1512.0936618190399]",1515.9390058623214,"[1.4837067531398274,1.4803989046902823,1.4761690769476064]",1.4803989046902823,1024.0,24.0,2.0,2.0,77.0,25.0
retained-crossover-avx512,cross/4/unit24/draw2/stride25/compact/update/point,1,3,"[4134.756645008311,4137.0953927927085,4137.346721793241]",4137.0953927927085,"[4134.778795038627,4147.838747784054,4138.772002371188]",4138.772002371188,"[4.037848286140928,4.040132219524129,4.040377658001212]",4.040132219524129,1024.0,24.0,2.0,2.0,77.0,25.0
retained-crossover-avx512,cross/4/unit24/draw2/stride25/spread/sum/packet,1,3,"[1060.9805928280582,1061.4954135394607,1061.546888029324]",1061.4954135394607,"[1062.987036615327,1061.7232961877999,1061.5534076270967]",1061.7232961877999,"[1.0361138601836506,1.0366166147846299,1.0366668828411367]",1.0366166147846299,1024.0,24.0,2.0,24.0,99.0,25.0
retained-crossover-avx512,cross/4/unit24/draw2/stride25/spread/sum/point,1,3,"[2699.8468954889213,2699.1255302747977,2699.129579636749]",2699.129579636749,"[2700.303123788436,2699.14230620249,2699.1459699175766]",2699.1459699175766,"[2.6365692338758993,2.635864775658982,2.6358687301140122]",2.6358687301140122,1024.0,24.0,2.0,24.0,99.0,25.0
retained-crossover-avx512,cross/4/unit24/draw2/stride25/spread/update/packet,1,3,"[2056.8306878300737,2055.382863023005,2057.2289829511724]",2056.8306878300737,"[2057.118018812126,2055.3971193445186,2057.242945333145]",2057.118018812126,"[2.0086237185840563,2.0072098271709033,2.0090126786632547]",2.0086237185840563,1024.0,24.0,2.0,24.0,99.0,25.0
retained-crossover-avx512,cross/4/unit24/draw2/stride25/spread/update/point,1,3,"[4632.8469927299075,4630.37508261496,4629.4401850617405]",4630.37508261496,"[4633.688367492968,4630.407138132927,4629.465300728062]",4630.407138132927,"[4.5242646413378,4.521850666616172,4.520937680724357]",4.521850666616172,1024.0,24.0,2.0,24.0,99.0,25.0
retained-crossover-avx512,cross/4/unit24/draw2/stride64/compact/sum/packet,1,3,"[746.7573690103189,746.679601300523,746.1763765263162]",746.679601300523,"[748.0865092459144,746.6841852779236,746.1804807849225]",746.6841852779236,"[0.7292552431741396,0.7291792981450421,0.7286878677014806]",0.7291792981450421,1024.0,24.0,2.0,2.0,194.0,64.0
retained-crossover-avx512,cross/4/unit24/draw2/stride64/compact/sum/point,1,3,"[2702.0015447006417,2703.2969685284916,2701.4937246586765]",2702.0015447006417,"[2702.0179571430067,2704.062753433418,2701.508399302018]",2702.0179571430067,"[2.6386733834967204,2.639938445828605,2.6381774654869883]",2.6386733834967204,1024.0,24.0,2.0,2.0,194.0,64.0
retained-crossover-avx512,cross/4/unit24/draw2/stride64/compact/update/packet,1,3,"[1539.1547384547544,1533.198183408852,1531.2207266369473]",1533.198183408852,"[1539.4847887948683,1533.6595535094593,1531.2313416477753]",1533.6595535094593,"[1.503080799272221,1.4972638509852068,1.495332740856394]",1.4972638509852068,1024.0,24.0,2.0,2.0,194.0,64.0
retained-crossover-avx512,cross/4/unit24/draw2/stride64/compact/update/point,1,3,"[4164.402971770955,4166.569093612139,4162.592867758165]",4164.402971770955,"[4171.682615157183,4167.821991084222,4162.618424956259]",4167.821991084222,"[4.066799777120074,4.068915130480604,4.065032097420083]",4.066799777120074,1024.0,24.0,2.0,2.0,194.0,64.0
retained-crossover-avx512,cross/4/unit24/draw2/stride64/spread/sum/packet,1,3,"[1074.4009057411577,1074.2113908505623,1074.4784310716311]",1074.4009057411577,"[1074.4075069056946,1074.2179920161902,1076.3494780451126]",1074.4075069056946,"[1.0492196345128493,1.0490345613775023,1.0492953428433898]",1.0492196345128493,1024.0,24.0,2.0,24.0,216.0,64.0
retained-crossover-avx512,cross/4/unit24/draw2/stride64/spread/sum/point,1,3,"[2709.861735090935,2708.7713013171915,2708.335592565387]",2708.7713013171915,"[2709.8762587192973,2708.7862122353754,2709.510263362718]",2709.510263362718,"[2.646349350674741,2.64528447394257,2.6448589771146356]",2.64528447394257,1024.0,24.0,2.0,24.0,216.0,64.0
retained-crossover-avx512,cross/4/unit24/draw2/stride64/spread/update/packet,1,3,"[2144.1919950917068,2148.6574145065406,2146.5733783165883]",2146.5733783165883,"[2144.2034963934157,2148.6707560191376,2148.6845575855464]",2148.6707560191376,"[2.093937495206745,2.0982982563540435,2.0962630647622933]",2.0962630647622933,1024.0,24.0,2.0,24.0,216.0,64.0
retained-crossover-avx512,cross/4/unit24/draw2/stride64/spread/update/point,1,3,"[4644.2048392468505,4643.627775937107,4640.641697047483]",4643.627775937107,"[4652.592641684733,4643.656281060534,4640.670202175619]",4643.656281060534,"[4.5353562883270016,4.534792749938581,4.5318766572729325]",4.534792749938581,1024.0,24.0,2.0,24.0,216.0,64.0
retained-crossover-avx512,cross/4/unit24/draw4/stride24/compact/sum/packet,1,3,"[713.4637113192487,712.2971803750225,712.9191775244292]",712.9191775244292,"[713.4681392510303,712.3016083068042,712.9240126223683]",712.9240126223683,"[0.6967419055852038,0.695602715209983,0.6962101343012004]",0.6962101343012004,1024.0,24.0,4.0,4.0,76.0,24.0
retained-crossover-avx512,cross/4/unit24/draw4/stride24/compact/sum/point,1,3,"[3335.100405437597,3335.751252087246,3333.2494633932374]",3335.100405437597,"[3340.3916050582943,3335.771762461682,3333.2702122646556]",3335.771762461682,"[3.2569339896851535,3.257569582116451,3.255126429094958]",3.2569339896851535,1024.0,24.0,4.0,4.0,76.0,24.0
retained-crossover-avx512,cross/4/unit24/draw4/stride24/compact/update/packet,1,3,"[1581.2880870569934,1588.795647194209,1581.5904925542513]",1581.5904925542513,"[1581.9153493706635,1588.805269184877,1581.6014891171073]",1581.9153493706635,"[1.5442266475165953,1.551558249213095,1.544521965385011]",1.544521965385011,1024.0,24.0,4.0,4.0,76.0,24.0
retained-crossover-avx512,cross/4/unit24/draw4/stride24/compact/update/point,1,3,"[5739.177267126615,5747.240459575817,5740.20352892864]",5740.20352892864,"[5740.36151005584,5747.272055804756,5740.238818212923]",5740.36151005584,"[5.604665299928334,5.612539511304509,5.6056675087193755]",5.6056675087193755,1024.0,24.0,4.0,4.0,76.0,24.0
retained-crossover-avx512,cross/4/unit24/draw4/stride24/spread/sum/packet,1,3,"[1341.141316904778,1341.2355602617463,1334.0695995372666]",1341.141316904778,"[1341.4527339238487,1341.244801693565,1334.077878320479]",1341.244801693565,"[1.3097083172898223,1.3098003518181116,1.302802343298112]",1.3097083172898223,1024.0,24.0,4.0,24.0,96.0,24.0
retained-crossover-avx512,cross/4/unit24/draw4/stride24/spread/sum/point,1,3,"[3332.333412661673,3333.961446927959,3334.47762970104]",3333.961446927959,"[3332.989290811708,3335.2572584596514,3337.6753926760757]",3335.2572584596514,"[3.254231848302415,3.255821725515585,3.2563258102549217]",3.255821725515585,1024.0,24.0,4.0,24.0,96.0,24.0
retained-crossover-avx512,cross/4/unit24/draw4/stride24/spread/update/packet,1,3,"[2884.329397392237,2862.431799673796,2893.0305374598333]",2884.329397392237,"[2884.3511807838313,2863.632328991447,2893.0482491898524]",2884.3511807838313,"[2.8167279271408567,2.7953435543689413,2.825225134238118]",2.8167279271408567,1024.0,24.0,4.0,24.0,96.0,24.0
retained-crossover-avx512,cross/4/unit24/draw4/stride24/spread/update/point,1,3,"[7009.190881761671,6999.351202400458,6997.548096190136]",6999.351202400458,"[7009.228957924246,7002.415831643775,6997.590681365779]",7002.415831643775,"[6.844912970470381,6.835303908594196,6.833543062685679]",6.835303908594196,1024.0,24.0,4.0,24.0,96.0,24.0
retained-crossover-avx512,cross/4/unit24/draw4/stride25/compact/sum/packet,1,3,"[711.3119792728548,708.6911196910224,710.4955801669352]",710.4955801669352,"[711.7771794351095,708.9530075170856,710.5000000004875]",710.5000000004875,"[0.6946406047586473,0.6920811715732641,0.6938433400067726]",0.6938433400067726,1024.0,24.0,4.0,4.0,79.0,25.0
retained-crossover-avx512,cross/4/unit24/draw4/stride25/compact/sum/point,1,3,"[3335.177873153135,3334.4384835479045,3333.9642346180517]",3334.4384835479045,"[3339.7618025767447,3335.5083452682347,3340.2195994266094]",3339.7618025767447,"[3.2570096417511083,3.2562875815897505,3.255824447869191]",3.2562875815897505,1024.0,24.0,4.0,4.0,79.0,25.0
retained-crossover-avx512,cross/4/unit24/draw4/stride25/compact/update/packet,1,3,"[1586.8246531726134,1611.866613600079,1591.4265408246968]",1591.4265408246968,"[1589.4269956845142,1611.8766204269727,1591.745735730465]",1591.745735730465,"[1.54963345036388,1.5740884898438272,1.554127481274118]",1.554127481274118,1024.0,24.0,4.0,4.0,79.0,25.0
retained-crossover-avx512,cross/4/unit24/draw4/stride25/compact/update/point,1,3,"[5736.879098356124,5741.0516393428015,5741.280737703484]",5741.0516393428015,"[5736.918442627499,5741.090983608352,5742.529508198146]",5741.090983608352,"[5.602420994488403,5.606495741545705,5.606719470413559]",5.606495741545705,1024.0,24.0,4.0,4.0,79.0,25.0
retained-crossover-avx512,cross/4/unit24/draw4/stride25/spread/sum/packet,1,3,"[1343.9549885329322,1338.8546444959118,1341.1186926606242]",1341.1186926606242,"[1343.9642584117146,1339.1611238529254,1341.4183868532944]",1341.4183868532944,"[1.3124560434891916,1.3074752387655386,1.3096862233013908]",1.3096862233013908,1024.0,24.0,4.0,24.0,99.0,25.0
retained-crossover-avx512,cross/4/unit24/draw4/stride25/spread/sum/point,1,3,"[3334.162136386992,3333.0126371012175,3336.334048640175]",3334.162136386992,"[3334.185026221353,3333.033142575079,3336.352408193654]",3334.185026221353,"[3.2560177113154216,3.2548951534191572,3.2581387193751703]",3.2560177113154216,1024.0,24.0,4.0,24.0,99.0,25.0
retained-crossover-avx512,cross/4/unit24/draw4/stride25/spread/update/packet,1,3,"[2854.2644032924554,2865.1862139921886,2876.1226337429744]",2865.1862139921886,"[2854.2841563805096,2865.203909474214,2879.2679012283006]",2865.203909474214,"[2.7873675813402885,2.798033412101747,2.808713509514623]",2.798033412101747,1024.0,24.0,4.0,24.0,99.0,25.0
retained-crossover-avx512,cross/4/unit24/draw4/stride25/spread/update/point,1,3,"[6996.7992992936615,6995.253253253056,6998.5710710697795]",6996.7992992936615,"[6996.847347338573,6995.29579580801,7000.22122123733]",6996.847347338573,"[6.832811815716467,6.831302005129938,6.834542061591582]",6.832811815716467,1024.0,24.0,4.0,24.0,99.0,25.0
retained-crossover-avx512,cross/4/unit24/draw4/stride64/compact/sum/packet,1,3,"[742.9617858091358,744.3345734782729,742.0279032685686]",742.9617858091358,"[742.9663034802579,744.3391974487031,743.2049428657243]",743.2049428657243,"[0.7255486189542342,0.7268892319123759,0.7246366242857115]",0.7255486189542342,1024.0,24.0,4.0,4.0,196.0,64.0
retained-crossover-avx512,cross/4/unit24/draw4/stride64/compact/sum/point,1,3,"[3357.774712092253,3357.237523993174,3355.8025431867813]",3357.237523993174,"[3358.8824376239427,3357.2603167005414,3356.600767762151]",3357.2603167005414,"[3.279076867277591,3.278552269524584,3.277150921080841]",3.278552269524584,1024.0,24.0,4.0,4.0,196.0,64.0
retained-crossover-avx512,cross/4/unit24/draw4/stride64/compact/update/packet,1,3,"[1599.304223745305,1615.967465753442,1601.2175799078038]",1601.2175799078038,"[1599.8461187231044,1615.9786529697906,1601.2285388144421]",1601.2285388144421,"[1.5618205310012743,1.5780932282748457,1.5636890428787145]",1.5636890428787145,1024.0,24.0,4.0,4.0,196.0,64.0
retained-crossover-avx512,cross/4/unit24/draw4/stride64/compact/update/point,1,3,"[5814.417427382446,5814.450207466671,5815.239004154942]",5814.450207466671,"[5827.652282152515,5814.490456434131,5815.27468878456]",5815.27468878456,"[5.6781420189281695,5.6781740307291715,5.678944339995061]",5.6781740307291715,1024.0,24.0,4.0,4.0,196.0,64.0
retained-crossover-avx512,cross/4/unit24/draw4/stride64/spread/sum/packet,1,3,"[1348.326361445091,1347.9339759036718,1344.3648192770272]",1347.9339759036718,"[1348.3336867455318,1350.911903610251,1344.5833252996845]",1348.3336867455318,"[1.3167249623487216,1.3163417733434295,1.312856268825222]",1.3163417733434295,1024.0,24.0,4.0,24.0,216.0,64.0
retained-crossover-avx512,cross/4/unit24/draw4/stride64/spread/sum/point,1,3,"[3348.5637278372574,3355.8663152858057,3351.3811691421656]",3351.3811691421656,"[3348.5819358029785,3357.3243890723083,3351.4041686649125]",3351.4041686649125,"[3.270081765466071,3.2772131985212942,3.2728331729903966]",3.2728331729903966,1024.0,24.0,4.0,24.0,216.0,64.0
retained-crossover-avx512,cross/4/unit24/draw4/stride64/spread/update/packet,1,3,"[2936.2483742389554,2942.2729179770413,2945.883155025496]",2942.2729179770413,"[2936.2664149413745,2943.5603104759653,2945.903503246378]",2943.5603104759653,"[2.86743005296773,2.873313396461954,2.8768390185795853]",2.873313396461954,1024.0,24.0,4.0,24.0,216.0,64.0
retained-crossover-avx512,cross/4/unit24/draw4/stride64/spread/update/point,1,3,"[7068.6962663964,7080.613017155131,7070.764883960672]",7070.764883960672,"[7068.7391523683345,7094.208879924636,7070.8183652648195]",7070.8183652648195,"[6.903023697652734,6.914661149565557,6.9050438319928436]",6.9050438319928436,1024.0,24.0,4.0,24.0,216.0,64.0
retained-crossover-avx512,cross/4/unit24/draw8/stride24/compact/sum/packet,1,3,"[728.2044686929339,733.7597297998786,725.8199532346043]",728.2044686929339,"[728.2094570012598,734.1539620679442,725.8244219285103]",728.2094570012598,"[0.7111371764579433,0.7165622361326941,0.7088085480806684]",0.7111371764579433,1024.0,24.0,8.0,8.0,80.0,24.0
retained-crossover-avx512,cross/4/unit24/draw8/stride24/compact/sum/point,1,3,"[4750.330844929174,4748.861893450903,4748.75975568367]",4748.861893450903,"[4750.360366477747,4748.887682381295,4749.979979635111]",4749.979979635111,"[4.638994965751147,4.6375604428231485,4.637460698909835]",4.6375604428231485,1024.0,24.0,8.0,8.0,80.0,24.0
retained-crossover-avx512,cross/4/unit24/draw8/stride24/compact/update/packet,1,3,"[1626.9121699198108,1620.7848450059475,1630.0774971299495]",1626.9121699198108,"[1626.921125141985,1621.1231917336972,1630.589207812553]",1626.921125141985,"[1.588781415937315,1.5827977002011209,1.5918725557909665]",1.588781415937315,1024.0,24.0,8.0,8.0,80.0,24.0
retained-crossover-avx512,cross/4/unit24/draw8/stride24/compact/update/point,1,3,"[9575.526999317268,9573.742310322517,9583.872180455175]",9575.526999317268,"[9575.578263824602,9573.801777173949,9598.620642508533]",9575.578263824602,"[9.35110058527077,9.349357724924332,9.359250176225757]",9.35110058527077,1024.0,24.0,8.0,8.0,80.0,24.0
retained-crossover-avx512,cross/4/unit24/draw8/stride24/spread/sum/packet,1,3,"[2374.172875042954,2373.2179139867912,2376.9278699645415]",2374.172875042954,"[2374.1892990109077,2373.2324754448996,2379.0860142215156]",2374.1892990109077,"[2.3185281982841346,2.317595619127726,2.3212186230122476]",2.3185281982841346,1024.0,24.0,8.0,24.0,96.0,24.0
retained-crossover-avx512,cross/4/unit24/draw8/stride24/spread/sum/point,1,3,"[4745.651068160652,4747.580874874238,4750.378094267167]",4747.580874874238,"[4745.683960670513,4747.606307215449,4751.635130557079]",4747.606307215449,"[4.634424871250638,4.636309448119373,4.63904110768278]",4.636309448119373,1024.0,24.0,8.0,24.0,96.0,24.0
retained-crossover-avx512,cross/4/unit24/draw8/stride24/spread/update/packet,1,3,"[5049.420258618082,5030.1921695405545,5038.1950431023515]",5038.1950431023515,"[5049.451149417579,5036.081896555717,5039.932471260273]",5039.932471260273,"[4.93107447130672,4.912297040566948,4.92011234677964]",4.92011234677964,1024.0,24.0,8.0,24.0,96.0,24.0
retained-crossover-avx512,cross/4/unit24/draw8/stride24/spread/update/point,1,3,"[12080.782195329659,12079.38288677088,12083.107173724042]",12080.782195329659,"[12103.80466724394,12083.838375099876,12083.191011244855]",12083.838375099876,"[11.79763886262662,11.796272350362186,11.799909349339885]",11.79763886262662,1024.0,24.0,8.0,24.0,96.0,24.0
retained-crossover-avx512,cross/4/unit24/draw8/stride25/compact/sum/packet,1,3,"[735.3237879668181,735.1094909722173,737.7204295413063]",735.3237879668181,"[736.4142759398117,735.1145444021242,737.7250092119725]",736.4142759398117,"[0.7180896366863458,0.7178803622775558,0.720430106973932]",0.7180896366863458,1024.0,24.0,8.0,8.0,83.0,25.0
retained-crossover-avx512,cross/4/unit24/draw8/stride25/compact/sum/point,1,3,"[4750.107336958387,4747.705502714817,4749.227241845658]",4749.227241845658,"[4750.136209244592,4747.735054356145,4749.25645380701]",4749.25645380701,"[4.638776696248425,4.636431154994939,4.6379172283649]",4.6379172283649,1024.0,24.0,8.0,8.0,83.0,25.0
retained-crossover-avx512,cross/4/unit24/draw8/stride25/compact/update/packet,1,3,"[1620.744191449881,1604.1722815997157,1609.9262314119935]",1609.9262314119935,"[1621.0630808521673,1604.1821561329596,1609.9362221183144]",1609.9362221183144,"[1.5827579994627745,1.5665744937497224,1.572193585363275]",1.572193585363275,1024.0,24.0,8.0,8.0,83.0,25.0
retained-crossover-avx512,cross/4/unit24/draw8/stride25/compact/update/point,1,3,"[9585.751714683676,9602.49314128931,9580.840192040734]",9585.751714683676,"[9587.559670781571,9602.552812073702,9580.906035657834]",9587.559670781571,"[9.361085658870778,9.37743470829034,9.35628925003978]",9.361085658870778,1024.0,24.0,8.0,8.0,83.0,25.0
retained-crossover-avx512,cross/4/unit24/draw8/stride25/spread/sum/packet,1,3,"[2375.936386767802,2377.1424936377825,2381.604071246849]",2377.1424936377825,"[2376.415776083079,2377.155555553934,2383.8374893933815]",2377.155555553934,"[2.320250377702932,2.321428216443147,2.325785225827001]",2.321428216443147,1024.0,24.0,8.0,24.0,99.0,25.0
retained-crossover-avx512,cross/4/unit24/draw8/stride25/spread/sum/point,1,3,"[4751.558242505287,4748.2888283332595,4748.101158038575]",4748.2888283332595,"[4754.554495908713,4748.317779280863,4748.130449586872]",4748.317779280863,"[4.64019359619657,4.637000808919198,4.636817537147046]",4.637000808919198,1024.0,24.0,8.0,24.0,99.0,25.0
retained-crossover-avx512,cross/4/unit24/draw8/stride25/spread/update/packet,1,3,"[5022.226015090076,5027.188645351131,5047.048149478484]",5027.188645351131,"[5022.2608695678255,5028.573841168644,5047.079410688259]",5028.573841168644,"[4.904517592861402,4.9093639114757135,4.9287579584750825]",4.9093639114757135,1024.0,24.0,8.0,24.0,99.0,25.0
retained-crossover-avx512,cross/4/unit24/draw8/stride25/spread/update/point,1,3,"[12077.37726098907,12080.763135230973,12071.347975880757]",12077.37726098907,"[12077.442721779651,12083.481481501038,12071.422911284417]",12077.442721779651,"[11.794313731434638,11.797620249248997,11.788425757696054]",11.794313731434638,1024.0,24.0,8.0,24.0,99.0,25.0
retained-crossover-avx512,cross/4/unit24/draw8/stride64/compact/sum/packet,1,3,"[770.4790359853508,770.8817541544478,773.232915153121]",770.8817541544478,"[770.4842632325225,771.077473313655,773.2371519747186]",771.077473313655,"[0.7524209335794442,0.7528142130414529,0.7551102687042198]",0.7528142130414529,1024.0,24.0,8.0,8.0,200.0,64.0
retained-crossover-avx512,cross/4/unit24/draw8/stride64/compact/sum/point,1,3,"[4789.943570452381,4792.80950752387,4790.997264023749]",4790.997264023749,"[4797.907660731566,4794.774965796369,4800.236662119724]",4797.907660731566,"[4.6776792680199035,4.680478034691279,4.678708265648193]",4.678708265648193,1024.0,24.0,8.0,8.0,200.0,64.0
retained-crossover-avx512,cross/4/unit24/draw8/stride64/compact/update/packet,1,3,"[1623.3533712435096,1631.15295346398,1622.3228501793365]",1623.3533712435096,"[1623.3633515183653,1631.9835209417843,1623.294766156922]",1623.3633515183653,"[1.5853060266049896,1.5929228061171683,1.5842996583782583]",1.5853060266049896,1024.0,24.0,8.0,8.0,200.0,64.0
retained-crossover-avx512,cross/4/unit24/draw8/stride64/compact/update/point,1,3,"[9672.793508288094,9669.81767955549,9667.551795574125]",9669.81767955549,"[9672.853591143912,9673.544198876974,9667.611187839324]",9672.853591143912,"[9.446087410437592,9.443181327690908,9.440968550365355]",9.443181327690908,1024.0,24.0,8.0,8.0,200.0,64.0
retained-crossover-avx512,cross/4/unit24/draw8/stride64/spread/sum/packet,1,3,"[2371.377057524986,2370.8443916501556,2376.471237061924]",2371.377057524986,"[2371.393517738799,2370.857118612389,2377.185134905003]",2371.393517738799,"[2.315797907739244,2.3152777262208555,2.320772692443285]",2.315797907739244,1024.0,24.0,8.0,24.0,216.0,64.0
retained-crossover-avx512,cross/4/unit24/draw8/stride64/spread/sum/point,1,3,"[4781.101399798046,4782.347217480817,4782.173096618178]",4782.173096618178,"[4781.134175501825,4790.0583816958515,4783.913280971381]",4783.913280971381,"[4.66904433574028,4.670260954571111,4.670090914666189]",4.670090914666189,1024.0,24.0,8.0,24.0,216.0,64.0
retained-crossover-avx512,cross/4/unit24/draw8/stride64/spread/update/packet,1,3,"[5114.3660681526935,5129.741663610494,5121.914987176877]",5121.914987176877,"[5114.393917194361,5129.776841339389,5123.782337847858]",5123.782337847858,"[4.994498113430365,5.0095133433696235,5.001870104664919]",5.001870104664919,1024.0,24.0,8.0,24.0,216.0,64.0
retained-crossover-avx512,cross/4/unit24/draw8/stride64/spread/update/point,1,3,"[12140.937282224164,12144.141986059027,12138.17508711196]",12140.937282224164,"[12141.011324045232,12144.22648085501,12138.249999991576]",12141.011324045232,"[11.856384064672037,11.859513658260767,11.853686608507774]",11.856384064672037,1024.0,24.0,8.0,24.0,216.0,64.0
retained-crossover-avx512,cross/4/unit32/draw2/stride32/compact/sum/packet,1,3,"[703.0411811970007,703.5177280033024,708.6448372835372]",703.5177280033024,"[703.0449477714822,703.52209722736,708.940437925488]",703.52209722736,"[0.686563653512696,0.6870290312532249,0.6920359739097043]",0.6870290312532249,1024.0,32.0,2.0,2.0,98.0,32.0
retained-crossover-avx512,cross/4/unit32/draw2/stride32/compact/sum/point,1,3,"[2694.7771373697415,2692.884918347946,2693.7877041311453]",2693.7877041311453,"[2699.6833813684516,2692.901248798739,2693.8044188319823]",2693.8044188319823,"[2.631618298212638,2.629770428074166,2.6306520548155716]",2.6306520548155716,1024.0,32.0,2.0,2.0,98.0,32.0
retained-crossover-avx512,cross/4/unit32/draw2/stride32/compact/update/packet,1,3,"[1559.6007309775828,1560.4878724109583,1559.2874072433885]",1559.6007309775828,"[1562.9041975811085,1560.4964004866822,1559.969321078321]",1560.4964004866822,"[1.5230475888452957,1.5239139379013262,1.5227416086361214]",1.5230475888452957,1024.0,32.0,2.0,2.0,98.0,32.0
retained-crossover-avx512,cross/4/unit32/draw2/stride32/compact/update/point,1,3,"[4139.0791962191215,4134.366134752937,4135.8676122936085]",4135.8676122936085,"[4140.940307335142,4134.391843973873,4135.892730500046]",4135.892730500046,"[4.042069527557736,4.037466928469665,4.038933215130477]",4.038933215130477,1024.0,32.0,2.0,2.0,98.0,32.0
retained-crossover-avx512,cross/4/unit32/draw2/stride32/spread/sum/packet,1,3,"[1069.9468280724436,1068.2075543974506,1069.160665032304]",1069.160665032304,"[1070.1840331017877,1068.2141434270416,1069.1680202307853]",1069.1680202307853,"[1.0448699492894955,1.0431714398412602,1.0441022119456094]",1.0441022119456094,1024.0,32.0,2.0,32.0,128.0,32.0
retained-crossover-avx512,cross/4/unit32/draw2/stride32/spread/sum/point,1,3,"[2694.9046610171,2694.752503851958,2693.2234206471]",2694.752503851958,"[2694.919491530223,2695.179506936792,2693.239791986926]",2694.919491530223,"[2.6317428330245116,2.631594242042928,2.630100996725684]",2.631594242042928,1024.0,32.0,2.0,32.0,128.0,32.0
retained-crossover-avx512,cross/4/unit32/draw2/stride32/spread/update/packet,1,3,"[2068.0579001927945,2067.517399675029,2067.830001479615]",2067.830001479615,"[2068.0706352735006,2067.933066792452,2070.5125129501494]",2068.0706352735006,"[2.019587793157026,2.0190599606201456,2.019365235819937]",2.019365235819937,1024.0,32.0,2.0,32.0,128.0,32.0
retained-crossover-avx512,cross/4/unit32/draw2/stride32/spread/update/point,1,3,"[4627.29332010732,4628.328703705109,4628.278769839718]",4628.278769839718,"[4627.3220899356975,4630.017195769677,4629.160383601135]",4629.160383601135,"[4.518841132917305,4.51985224971202,4.519803486171599]",4.519803486171599,1024.0,32.0,2.0,32.0,128.0,32.0
retained-crossover-avx512,cross/4/unit32/draw2/stride33/compact/sum/packet,1,3,"[749.9859327541495,752.2600841903637,750.8725422279446]",750.8725422279446,"[749.9905152675205,752.4730644205015,750.8777641593557]",750.8777641593557,"[0.7324081374552242,0.7346289884671522,0.7332739670194771]",0.7332739670194771,1024.0,32.0,2.0,2.0,101.0,33.0
retained-crossover-avx512,cross/4/unit32/draw2/stride33/compact/sum/point,1,3,"[2691.807425932949,2691.8420546364277,2697.6156213941963]",2691.8420546364277,"[2691.822046936771,2691.858791843747,2698.9326664124937]",2691.858791843747,"[2.6287181893876457,2.6287520064808865,2.63439025526777]",2.6287520064808865,1024.0,32.0,2.0,2.0,101.0,33.0
retained-crossover-avx512,cross/4/unit32/draw2/stride33/compact/update/packet,1,3,"[1595.236492673168,1597.3139880959093,1607.2625915753968]",1597.3139880959093,"[1595.246222526233,1597.3249771078074,1607.749771062218]",1597.3249771078074,"[1.5578481373761404,1.5598769414999114,1.5695923745853484]",1.5598769414999114,1024.0,32.0,2.0,2.0,101.0,33.0
retained-crossover-avx512,cross/4/unit32/draw2/stride33/compact/update/point,1,3,"[4133.36559457127,4140.24343464193,4137.172027147704]",4137.172027147704,"[4133.393921517906,4151.582177644384,4138.138388905572]",4138.138388905572,"[4.036489838448505,4.04320647914251,4.04020705776143]",4.04020705776143,1024.0,32.0,2.0,2.0,101.0,33.0
retained-crossover-avx512,cross/4/unit32/draw2/stride33/spread/sum/packet,1,3,"[1070.9523990856717,1068.6767707539157,1069.5396039605419]",1069.5396039605419,"[1073.2453922301045,1068.684082253819,1069.5469916221844]",1069.5469916221844,"[1.0458519522321013,1.0436296589393708,1.0444722694927167]",1.0444722694927167,1024.0,32.0,2.0,32.0,131.0,33.0
retained-crossover-avx512,cross/4/unit32/draw2/stride33/spread/sum/point,1,3,"[2697.8642237217723,2697.551591128606,2699.191128254235]",2697.8642237217723,"[2697.882545802794,2697.5683703082163,2699.2096431972477]",2697.882545802794,"[2.6346330309782933,2.6343277257115294,2.6359288361857764]",2.6346330309782933,1024.0,32.0,2.0,32.0,131.0,33.0
retained-crossover-avx512,cross/4/unit32/draw2/stride33/spread/update/packet,1,3,"[2081.714498586068,2089.506034869134,2074.693190285524]",2081.714498586068,"[2082.0387423621214,2089.518998654116,2074.7058560597134]",2082.0387423621214,"[2.0329243150254572,2.0405332371768883,2.026067568638207]",2.0329243150254572,1024.0,32.0,2.0,32.0,131.0,33.0
retained-crossover-avx512,cross/4/unit32/draw2/stride33/spread/update/point,1,3,"[4633.037367724648,4629.55191799217,4630.6600529140305]",4630.6600529140305,"[4633.873015870273,4630.764219574044,4630.691798934306]",4630.764219574044,"[4.5244505544186016,4.52104679491423,4.522128957923858]",4.522128957923858,1024.0,32.0,2.0,32.0,131.0,33.0
retained-crossover-avx512,cross/4/unit32/draw2/stride64/compact/sum/packet,1,3,"[790.5473102515936,790.8128453815852,786.9073531074557]",790.5473102515936,"[790.8515845273312,790.8177512115974,786.912766439031]",790.8177512115974,"[0.7720188576675718,0.7722781693179543,0.7684642120189997]",0.7720188576675718,1024.0,32.0,2.0,2.0,194.0,64.0
retained-crossover-avx512,cross/4/unit32/draw2/stride64/compact/sum/point,1,3,"[2703.688319198462,2702.4084425609967,2706.581727063173]",2703.688319198462,"[2704.705474176885,2702.4232845058546,2706.5963762466067]",2704.705474176885,"[2.640320624217248,2.6390707446884734,2.6431462178351297]",2.640320624217248,1024.0,32.0,2.0,2.0,194.0,64.0
retained-crossover-avx512,cross/4/unit32/draw2/stride64/compact/update/packet,1,3,"[1598.0346409732551,1601.414888734594,1604.2516632253655]",1601.414888734594,"[1598.0455379652128,1602.1095434674526,1604.6205551758712]",1602.1095434674526,"[1.5605807040754445,1.5638817272798768,1.566652014868521]",1.5638817272798768,1024.0,32.0,2.0,2.0,194.0,64.0
retained-crossover-avx512,cross/4/unit32/draw2/stride64/compact/update/point,1,3,"[4163.439096850898,4161.478015445755,4161.962566843111]",4161.962566843111,"[4171.070112902344,4163.241532976349,4161.987819354621]",4163.241532976349,"[4.065858493018455,4.063943374458746,4.064416569182725]",4.064416569182725,1024.0,32.0,2.0,2.0,194.0,64.0
retained-crossover-avx512,cross/4/unit32/draw2/stride64/spread/sum/packet,1,3,"[1083.285294799348,1085.4984931611523,1086.9689359399647]",1085.4984931611523,"[1083.2927130807423,1087.300208639918,1087.429255851149]",1087.300208639918,"[1.0578957957024884,1.0600571222276876,1.0614931015038718]",1.0600571222276876,1024.0,32.0,2.0,32.0,224.0,64.0
retained-crossover-avx512,cross/4/unit32/draw2/stride64/spread/sum/point,1,3,"[2699.4552469125665,2699.8273533953675,2701.384259258858]",2699.8273533953675,"[2699.471643519547,2699.8441358007367,2702.249614196085]",2699.8441358007367,"[2.6361867645630532,2.6365501498001636,2.6380705656824786]",2.6365501498001636,1024.0,32.0,2.0,32.0,224.0,64.0
retained-crossover-avx512,cross/4/unit32/draw2/stride64/spread/update/packet,1,3,"[2153.6583307753385,2147.851334764564,2171.383246394521]",2153.6583307753385,"[2153.6716784285522,2147.8645290046456,2172.2081926961014]",2153.6716784285522,"[2.1031819636477915,2.0975110691060195,2.1204914515571494]",2.1031819636477915,1024.0,32.0,2.0,32.0,224.0,64.0
retained-crossover-avx512,cross/4/unit32/draw2/stride64/spread/update/point,1,3,"[4639.776341946043,4637.414181576079,4643.023525511595]",4639.776341946043,"[4648.082173611813,4637.445990728548,4645.619946980997]",4645.619946980997,"[4.531031583931682,4.528724786695389,4.534202661632417]",4.531031583931682,1024.0,32.0,2.0,32.0,224.0,64.0
retained-crossover-avx512,cross/4/unit32/draw4/stride32/compact/sum/packet,1,3,"[703.5048689142022,703.9893133584568,707.9722846444444]",703.9893133584568,"[703.5092134822534,703.9936079901677,709.5137578042195]",703.9936079901677,"[0.6870164735490256,0.687489563826618,0.6913791842230902]",0.687489563826618,1024.0,32.0,4.0,4.0,100.0,32.0
retained-crossover-avx512,cross/4/unit32/draw4/stride32/compact/sum/point,1,3,"[3327.5130703426025,3327.7245722426687,3328.238117869478]",3327.7245722426687,"[3327.531368824048,3327.745009505029,3328.258555131838]",3327.745009505029,"[3.249524482756448,3.249731027580731,3.2502325369819123]",3.249731027580731,1024.0,32.0,4.0,4.0,100.0,32.0
retained-crossover-avx512,cross/4/unit32/draw4/stride32/compact/update/packet,1,3,"[1618.9974604627232,1616.1427911804076,1610.9622532620756]",1616.1427911804076,"[1619.5950594491926,1616.1539882266477,1610.972065103489]",1616.1539882266477,"[1.5810522074831284,1.5782644445121168,1.573205325451246]",1.5782644445121168,1024.0,32.0,4.0,4.0,100.0,32.0
retained-crossover-avx512,cross/4/unit32/draw4/stride32/compact/update/point,1,3,"[5747.064913721735,5740.934675430125,5736.854971243487]",5740.934675430125,"[5748.583401804385,5740.970419069344,5736.890304023192]",5740.970419069344,"[5.612368079806382,5.606381518974732,5.602397432854969]",5.606381518974732,1024.0,32.0,4.0,4.0,100.0,32.0
retained-crossover-avx512,cross/4/unit32/draw4/stride32/spread/sum/packet,1,3,"[1337.0996019718978,1334.1969294919627,1337.421815769955]",1337.0996019718978,"[1337.470811218711,1334.2051743721013,1337.4300606554807]",1337.4300606554807,"[1.3057613300506814,1.3029266889569946,1.3060759919628466]",1.3057613300506814,1024.0,32.0,4.0,32.0,128.0,32.0
retained-crossover-avx512,cross/4/unit32/draw4/stride32/spread/sum/point,1,3,"[3340.8579952265427,3338.7482100220864,3338.528878282893]",3338.7482100220864,"[3341.6064439079883,3343.107875883395,3339.2653938009976]",3341.6064439079883,"[3.26255663596342,3.2604962988496937,3.2602821076981376]",3.2604962988496937,1024.0,32.0,4.0,32.0,128.0,32.0
retained-crossover-avx512,cross/4/unit32/draw4/stride32/spread/update/packet,1,3,"[2891.479162389157,2869.2847464590213,2881.150687744981]",2881.150687744981,"[2891.497023195857,2870.6984192149666,2881.878874973784]",2881.878874973784,"[2.823710119520661,2.8020358852138876,2.813623718500958]",2.813623718500958,1024.0,32.0,4.0,32.0,128.0,32.0
retained-crossover-avx512,cross/4/unit32/draw4/stride32/spread/update/point,1,3,"[6996.604697654039,7007.738630683729,6996.2493753159915]",6996.604697654039,"[6996.647676186094,7010.475762118998,6996.297351331956]",6996.647676186094,"[6.832621775052773,6.843494756527079,6.832274780582023]",6.832621775052773,1024.0,32.0,4.0,32.0,128.0,32.0
retained-crossover-avx512,cross/4/unit32/draw4/stride33/compact/sum/packet,1,3,"[753.5824217077284,753.3271664526908,752.2193264690632]",753.3271664526908,"[753.5876233377888,753.532925782376,752.2239382213893]",753.532925782376,"[0.7359203336989535,0.735671060988956,0.7345891860049445]",0.735671060988956,1024.0,32.0,4.0,4.0,103.0,33.0
retained-crossover-avx512,cross/4/unit32/draw4/stride33/compact/sum/point,1,3,"[3331.883555132898,3329.66135931475,3332.337452473397]",3331.883555132898,"[3337.3887832710643,3330.4731463899957,3344.083174907785]",3337.3887832710643,"[3.2537925343094707,3.2516224212058105,3.254235793431052]",3.2537925343094707,1024.0,32.0,4.0,4.0,103.0,33.0
retained-crossover-avx512,cross/4/unit32/draw4/stride33/compact/update/packet,1,3,"[1617.654951344944,1663.417859187227,1662.9405838588668]",1662.9405838588668,"[1617.6659416100053,1663.941156265275,1664.1688609015193]",1663.941156265275,"[1.579741163422797,1.6244315031125263,1.6239654139246746]",1.6239654139246746,1024.0,32.0,4.0,4.0,103.0,33.0
retained-crossover-avx512,cross/4/unit32/draw4/stride33/compact/update/point,1,3,"[5734.01475409999,5734.985655733761,5733.793032786185]",5734.01475409999,"[5734.049590152429,5736.988114744027,5733.832786883468]",5734.049590152429,"[5.599623783300771,5.600571929427501,5.599407258580259]",5.599623783300771,1024.0,32.0,4.0,4.0,103.0,33.0
retained-crossover-avx512,cross/4/unit32/draw4/stride33/spread/sum/packet,1,3,"[1346.732848531121,1348.2801645773004,1349.3239881345362]",1348.2801645773004,"[1346.7421299434259,1348.2893503032742,1349.659649794285]",1348.2893503032742,"[1.3151687973936728,1.3166798482200197,1.317699207162633]",1.3166798482200197,1024.0,32.0,4.0,32.0,131.0,33.0
retained-crossover-avx512,cross/4/unit32/draw4/stride33/spread/sum/point,1,3,"[3333.497495825046,3334.2346768435564,3337.0677319350825]",3334.2346768435564,"[3333.518244693075,3334.252563798637,3337.8349630412463]",3334.252563798637,"[3.2553686482666464,3.2560885516050355,3.2588552069678545]",3.2560885516050355,1024.0,32.0,4.0,32.0,131.0,33.0
retained-crossover-avx512,cross/4/unit32/draw4/stride33/spread/update/packet,1,3,"[2873.4557403968765,2892.159581022648,2876.491065928062]",2876.491065928062,"[2873.4734031671437,2896.0837954491412,2876.508934080058]",2876.508934080058,"[2.8061091214813247,2.82437459084243,2.8090733065703732]",2.8090733065703732,1024.0,32.0,4.0,32.0,131.0,33.0
retained-crossover-avx512,cross/4/unit32/draw4/stride33/spread/update/point,1,3,"[6992.934467238686,6997.306153078986,7002.409204602216]",6997.306153078986,"[6992.982491254665,6997.349174596856,7002.451725882359]",6997.349174596856,"[6.829037565662778,6.833306790116198,6.838290238869351]",6.833306790116198,1024.0,32.0,4.0,32.0,131.0,33.0
retained-crossover-avx512,cross/4/unit32/draw4/stride64/compact/sum/packet,1,3,"[779.5063888885857,778.6842222219864,780.9580555549663]",779.5063888885857,"[779.5106666669149,780.2578888881978,780.9628888885022]",780.2578888881978,"[0.7612367078990095,0.7604338107636586,0.7626543511278967]",0.7612367078990095,1024.0,32.0,4.0,4.0,196.0,64.0
retained-crossover-avx512,cross/4/unit32/draw4/stride64/compact/sum/point,1,3,"[3348.0783045983053,3351.411637931798,3346.790229882026]",3348.0783045983053,"[3348.101293105954,3351.4348658903073,3346.8108237517604]",3348.101293105954,"[3.269607719334282,3.2728629276677714,3.268349833869166]",3.269607719334282,1024.0,32.0,4.0,4.0,196.0,64.0
retained-crossover-avx512,cross/4/unit32/draw4/stride64/compact/update/packet,1,3,"[1661.7080863166848,1661.9640739861834,1662.6981266298997]",1661.9640739861834,"[1662.1640977040581,1661.9755750563506,1665.3393407592914]",1662.1640977040581,"[1.6227618030436373,1.6230117910021322,1.6237286392870114]",1.6230117910021322,1024.0,32.0,4.0,4.0,196.0,64.0
retained-crossover-avx512,cross/4/unit32/draw4/stride64/compact/update/point,1,3,"[5819.8447488565935,5808.935242841823,5810.068493149587]",5810.068493149587,"[5821.843503537108,5808.971357419597,5810.108758812998]",5810.108758812998,"[5.683442137555266,5.672788323087718,5.673895012841393]",5.673895012841393,1024.0,32.0,4.0,4.0,196.0,64.0
retained-crossover-avx512,cross/4/unit32/draw4/stride64/spread/sum/packet,1,3,"[1355.7917959657175,1354.4759503486114,1353.6515709851137]",1354.4759503486114,"[1356.1618502716813,1357.1278122621907,1353.660880528165]",1356.1618502716813,"[1.324015425747771,1.3227304202623156,1.3219253622901501]",1.3227304202623156,1024.0,32.0,4.0,32.0,224.0,64.0
retained-crossover-avx512,cross/4/unit32/draw4/stride64/spread/sum/point,1,3,"[3359.0762224356267,3357.645014383587,3358.97555129317]",3358.97555129317,"[3359.0989932967796,3358.677372960607,3361.5632790012196]",3359.0989932967796,"[3.2803478734722917,3.278950209358972,3.2802495618097365]",3.2802495618097365,1024.0,32.0,4.0,32.0,224.0,64.0
retained-crossover-avx512,cross/4/unit32/draw4/stride64/spread/update/packet,1,3,"[2939.788732393304,2939.5030481395297,2941.470464576195]",2939.788732393304,"[2939.806811014286,2940.3031322221354,2941.4885431941893]",2940.3031322221354,"[2.870887433977836,2.8706084454487595,2.8725297505626903]",2.870887433977836,1024.0,32.0,4.0,32.0,224.0,64.0
retained-crossover-avx512,cross/4/unit32/draw4/stride64/spread/update/point,1,3,"[7071.341414141535,7075.977272728781,7073.664141418045]",7073.664141418045,"[7084.0212121118275,7078.238383834987,7073.703030290413]",7078.238383834987,"[6.905606849747593,6.9101340553992,6.907875138103559]",6.907875138103559,1024.0,32.0,4.0,32.0,224.0,64.0
retained-crossover-avx512,cross/4/unit32/draw8/stride32/compact/sum/packet,1,3,"[727.17574180113,728.4422175949146,734.6015616866479]",728.4422175949146,"[727.1802186361123,728.7819364902106,734.6060905765606]",728.7819364902106,"[0.710132560352666,0.7113693531200338,0.7173843375846172]",0.7113693531200338,1024.0,32.0,8.0,8.0,104.0,32.0
retained-crossover-avx512,cross/4/unit32/draw8/stride32/compact/sum/point,1,3,"[4751.4162143837375,4750.8259837182495,4750.273405700533]",4750.8259837182495,"[4751.445386708779,4752.293758480527,4750.302578020753]",4751.445386708779,"[4.640054896859119,4.639478499724852,4.6389388727544265]",4.639478499724852,1024.0,32.0,8.0,8.0,104.0,32.0
retained-crossover-avx512,cross/4/unit32/draw8/stride32/compact/update/packet,1,3,"[1674.296716417764,1676.0005970140742,1664.0568358206342]",1674.296716417764,"[1674.3071044795977,1676.4456119419074,1664.068179109821]",1674.3071044795977,"[1.6350553871267226,1.6367193330215568,1.6250555037310879]",1.6350553871267226,1024.0,32.0,8.0,8.0,104.0,32.0
retained-crossover-avx512,cross/4/unit32/draw8/stride32/compact/update/point,1,3,"[9596.229452060239,9599.469863012286,9601.325342464563]",9599.469863012286,"[9598.322602704224,9613.843835621718,9601.384931517889]",9601.384931517889,"[9.371317824277577,9.374482288097935,9.37629427975055]",9.374482288097935,1024.0,32.0,8.0,8.0,104.0,32.0
retained-crossover-avx512,cross/4/unit32/draw8/stride32/spread/sum/packet,1,3,"[2369.171602640436,2369.9925537319773,2367.044339142423]",2369.171602640436,"[2369.1861567129054,2370.604501608227,2367.776611956103]",2369.1861567129054,"[2.313644143203551,2.3144458532538836,2.3115667374437723]",2.313644143203551,1024.0,32.0,8.0,32.0,128.0,32.0
retained-crossover-avx512,cross/4/unit32/draw8/stride32/spread/sum/point,1,3,"[4758.359183673527,4759.86904761715,4762.335034015149]",4759.86904761715,"[4758.388095232087,4759.895238101549,4763.803401354281]",4759.895238101549,"[4.6468351403061785,4.648309616813623,4.650717806655418]",4.648309616813623,1024.0,32.0,8.0,32.0,128.0,32.0
retained-crossover-avx512,cross/4/unit32/draw8/stride32/spread/update/packet,1,3,"[5036.945945946442,5034.34414414445,5150.964324327089]",5036.945945946442,"[5036.980540554142,5042.389909908911,5152.069909911973]",5042.389909908911,"[4.9188925253383236,4.916351703266065,5.030238597975673]",4.9188925253383236,1024.0,32.0,8.0,32.0,128.0,32.0
retained-crossover-avx512,cross/4/unit32/draw8/stride32/spread/update/point,1,3,"[12072.03454231258,12066.092400685246,12069.29706391433]",12069.29706391433,"[12097.946459425815,12066.17530224651,12070.839378248145]",12070.839378248145,"[11.789096232727129,11.783293360044183,11.786422913978837]",11.786422913978837,1024.0,32.0,8.0,32.0,128.0,32.0
retained-crossover-avx512,cross/4/unit32/draw8/stride33/compact/sum/packet,1,3,"[760.6749754556703,761.1004690738284,764.1783026069983]",761.1004690738284,"[760.6796661926392,761.1056507022721,764.5059452364119]",761.1056507022721,"[0.742846655718428,0.7432621768299106,0.7462678736396468]",0.7432621768299106,1024.0,32.0,8.0,8.0,107.0,33.0
retained-crossover-avx512,cross/4/unit32/draw8/stride33/compact/sum/point,1,3,"[4742.555894309423,4749.1111111087885,4743.941395661131]",4743.941395661131,"[4742.588753377494,4764.648373988866,4743.970867216709]",4743.970867216709,"[4.631402240536545,4.637803819442176,4.632755269200323]",4.632755269200323,1024.0,32.0,8.0,8.0,107.0,33.0
retained-crossover-avx512,cross/4/unit32/draw8/stride33/compact/update/packet,1,3,"[1677.8095181282863,1671.472566793112,1669.8741650767834]",1671.472566793112,"[1677.819895035423,1671.4816316793583,1669.8857347346532]",1671.4816316793583,"[1.6384858575471546,1.6322974285088985,1.6307364893327962]",1.6322974285088985,1024.0,32.0,8.0,8.0,107.0,33.0
retained-crossover-avx512,cross/4/unit32/draw8/stride33/compact/update/point,1,3,"[9573.971272235529,9574.100547195014,9594.134746921769]",9574.100547195014,"[9574.030095764947,9574.16621067514,9594.20109441835]",9574.16621067514,"[9.349581320542509,9.349707565620132,9.36927221379079]",9.349707565620132,1024.0,32.0,8.0,8.0,107.0,33.0
retained-crossover-avx512,cross/4/unit32/draw8/stride33/spread/sum/packet,1,3,"[2379.6956079349607,2377.306257418865,2386.382228251172]",2379.6956079349607,"[2380.0919111396347,2381.068678991396,2386.398507714243]",2381.068678991396,"[2.3239214921239846,2.32158814201061,2.330451394776535]",2.3239214921239846,1024.0,32.0,8.0,32.0,131.0,33.0
retained-crossover-avx512,cross/4/unit32/draw8/stride33/spread/sum/point,1,3,"[4746.287313433779,4746.711668929192,4745.883649935854]",4746.287313433779,"[4748.049864326592,4748.647218452955,4754.189959294863]",4748.647218452955,"[4.635046204525175,4.6354606141886645,4.634652001890482]",4.635046204525175,1024.0,32.0,8.0,32.0,131.0,33.0
retained-crossover-avx512,cross/4/unit32/draw8/stride33/spread/update/packet,1,3,"[5050.873919307276,5052.3288904901965,5051.129322767425]",5051.129322767425,"[5052.594380396273,5052.360230559385,5051.156700270827]",5052.360230559385,"[4.932494061823513,4.9339149321193325,4.9327434792650635]",4.9327434792650635,1024.0,32.0,8.0,32.0,131.0,33.0
retained-crossover-avx512,cross/4/unit32/draw8/stride33/spread/update/point,1,3,"[12069.31583476597,12067.14802065951,12070.39156626067]",12069.31583476597,"[12075.27624785696,12067.230636808657,12070.46643717603]",12070.46643717603,"[11.78644124488864,11.784324238925302,11.787491763926438]",11.78644124488864,1024.0,32.0,8.0,32.0,131.0,33.0
retained-crossover-avx512,cross/4/unit32/draw8/stride64/compact/sum/packet,1,3,"[793.854235360592,792.8894258100657,798.440363842836]",793.854235360592,"[794.0222853899955,792.8943149500082,799.67606594352]",794.0222853899955,"[0.7752482767193282,0.7743060798926423,0.7797269178152695]",0.7752482767193282,1024.0,32.0,8.0,8.0,200.0,64.0
retained-crossover-avx512,cross/4/unit32/draw8/stride64/compact/sum/point,1,3,"[4795.626069107152,4795.044474855168,4788.8559698966]",4795.044474855168,"[4795.655490934046,4806.842969555046,4788.88539171377]",4795.655490934046,"[4.683228583112453,4.68266061997575,4.6766171581021485]",4.68266061997575,1024.0,32.0,8.0,8.0,200.0,64.0
retained-crossover-avx512,cross/4/unit32/draw8/stride64/compact/update/packet,1,3,"[1666.369210618965,1685.0690558394058,1672.1390641736468]",1672.1390641736468,"[1666.3794499348624,1685.8367662837347,1672.1493034827763]",1672.1493034827763,"[1.627313682245083,1.64557524984317,1.6329483048570772]",1.6329483048570772,1024.0,32.0,8.0,8.0,200.0,64.0
retained-crossover-avx512,cross/4/unit32/draw8/stride64/compact/update/point,1,3,"[9672.0545580145,9679.596685084713,9674.982734807007]",9674.982734807007,"[9672.113950269888,9683.94475136988,9675.035911589812]",9675.035911589812,"[9.445365779311036,9.45273113777804,9.448225326959967]",9.448225326959967,1024.0,32.0,8.0,8.0,200.0,64.0
retained-crossover-avx512,cross/4/unit32/draw8/stride64/spread/sum/packet,1,3,"[2383.7680027164997,2384.301120923085,2386.271229620038]",2384.301120923085,"[2383.7843070680883,2385.233016297962,2386.286005433461]",2385.233016297962,"[2.3278984401528318,2.32841906340145,2.3303429976758188]",2.32841906340145,1024.0,32.0,8.0,32.0,224.0,64.0
retained-crossover-avx512,cross/4/unit32/draw8/stride64/spread/sum/point,1,3,"[4795.938377266757,4788.693940427836,4788.735364602285]",4788.735364602285,"[4803.937692562655,4791.222526540668,4788.761383086393]",4791.222526540668,"[4.683533571549567,4.676458926199059,4.676499379494419]",4.676499379494419,1024.0,32.0,8.0,32.0,224.0,64.0
retained-crossover-avx512,cross/4/unit32/draw8/stride64/spread/update/packet,1,3,"[5127.2212032276775,5143.611885548166,5188.611518707547]",5143.611885548166,"[5127.252751273014,5146.086573729614,5188.643800431266]",5146.086573729614,"[5.007051956277029,5.023058481980631,5.067003436237838]",5.023058481980631,1024.0,32.0,8.0,32.0,224.0,64.0
retained-crossover-avx512,cross/4/unit32/draw8/stride64/spread/update/point,1,3,"[12151.04419410525,12152.647313692647,12166.928942811324]",12152.647313692647,"[12151.119584019474,12152.722703643813,12172.090121316889]",12152.722703643813,"[11.866254095805909,11.867819642277976,11.881766545714186]",11.867819642277976,1024.0,32.0,8.0,32.0,224.0,64.0
