case,repetition,cpu_ns,real_ns,logical_values,selected_values,write_records
overwrite-all/local/k1/ikea2,0,141.51136853320307,141.50754452525447,8192.0,8192.0,0.0
overwrite-all/local/k1/ikea2,1,142.22593878195016,142.2223658634954,8192.0,8192.0,0.0
overwrite-all/local/k1/ikea2,2,143.12574096506137,143.12191017163636,8192.0,8192.0,0.0
overwrite-all/local/k1/ikea,0,146.06197662076724,146.34942829966366,8192.0,8192.0,0.0
overwrite-all/local/k1/ikea,1,146.10349552542925,146.0995197066847,8192.0,8192.0,0.0
overwrite-all/local/k1/ikea,2,150.25077830197054,150.29738057295907,8192.0,8192.0,0.0
overwrite-all/local/k1/prior,0,131.99491194844103,132.00282355544843,8192.0,8192.0,0.0
overwrite-all/local/k1/prior,1,131.7707236025917,131.76720279835635,8192.0,8192.0,0.0
overwrite-all/local/k1/prior,2,131.64878624844135,131.64530627363698,8192.0,8192.0,0.0
overwrite-all/striped/k1/ikea2,0,157.48287501873224,157.47866401979482,8192.0,8192.0,0.0
overwrite-all/striped/k1/ikea2,1,157.1725385883411,157.16842874287434,8192.0,8192.0,0.0
overwrite-all/striped/k1/ikea2,2,157.0497377491383,157.04556046890968,8192.0,8192.0,0.0
overwrite-all/striped/k1/ikea,0,95.65777812223612,95.65523419510875,8192.0,8192.0,0.0
overwrite-all/striped/k1/ikea,1,95.68264978618271,95.68012181567991,8192.0,8192.0,0.0
overwrite-all/striped/k1/ikea,2,95.63173935243861,95.62919314754024,8192.0,8192.0,0.0
overwrite-all/striped/k1/prior,0,91.19111416416496,91.1886316247659,8192.0,8192.0,0.0
overwrite-all/striped/k1/prior,1,91.1408025425368,91.1383221781789,8192.0,8192.0,0.0
overwrite-all/striped/k1/prior,2,91.22708706058324,91.23076739270628,8192.0,8192.0,0.0
overwrite-all/local/k2/ikea2,0,1343.9393619404202,1344.006367795251,8192.0,8192.0,0.0
overwrite-all/local/k2/ikea2,1,1343.7650955169433,1343.7291926567004,8192.0,8192.0,0.0
overwrite-all/local/k2/ikea2,2,1343.8551406355004,1343.822469689444,8192.0,8192.0,0.0
overwrite-all/local/k2/ikea,0,1322.351874625547,1322.3165263624537,8192.0,8192.0,0.0
overwrite-all/local/k2/ikea,1,1320.3381893860615,1320.3953583709397,8192.0,8192.0,0.0
overwrite-all/local/k2/ikea,2,1321.7045060385315,1321.6693469622169,8192.0,8192.0,0.0
overwrite-all/local/k2/prior,0,1395.993598981197,1396.015282008939,8192.0,8192.0,0.0
overwrite-all/local/k2/prior,1,1404.2576158718489,1406.749723513658,8192.0,8192.0,0.0
overwrite-all/local/k2/prior,2,1395.2062401555024,1395.5272964809074,8192.0,8192.0,0.0
overwrite-all/striped/k2/ikea2,0,154.74608884891688,154.74194360302613,8192.0,8192.0,0.0
overwrite-all/striped/k2/ikea2,1,155.99116914456113,155.98710532173806,8192.0,8192.0,0.0
overwrite-all/striped/k2/ikea2,2,155.3972774613326,155.39313591537987,8192.0,8192.0,0.0
overwrite-all/striped/k2/ikea,0,107.98037948944949,107.98963765234403,8192.0,8192.0,0.0
overwrite-all/striped/k2/ikea,1,107.85094795146686,107.84794425957611,8192.0,8192.0,0.0
overwrite-all/striped/k2/ikea,2,108.02500244516388,108.02199360487211,8192.0,8192.0,0.0
overwrite-all/striped/k2/prior,0,86.15447846384886,86.1521626178809,8192.0,8192.0,0.0
overwrite-all/striped/k2/prior,1,86.00842051857016,86.0061517248918,8192.0,8192.0,0.0
overwrite-all/striped/k2/prior,2,86.08174408661121,86.0794446066997,8192.0,8192.0,0.0
overwrite-all/local/k3/ikea2,0,1415.0606428138271,1415.120409660623,8192.0,8192.0,0.0
overwrite-all/local/k3/ikea2,1,1415.3149383464704,1415.2756215714476,8192.0,8192.0,0.0
overwrite-all/local/k3/ikea2,2,1416.3301664308296,1416.2909507294237,8192.0,8192.0,0.0
overwrite-all/local/k3/ikea,0,1415.7177818978605,1415.679083110614,8192.0,8192.0,0.0
overwrite-all/local/k3/ikea,1,1415.6702511377023,1415.6321591011601,8192.0,8192.0,0.0
overwrite-all/local/k3/ikea,2,1415.6042811393936,1415.5668296046574,8192.0,8192.0,0.0
overwrite-all/local/k3/prior,0,1415.7214507213182,1415.680733437026,8192.0,8192.0,0.0
overwrite-all/local/k3/prior,1,1415.4348456249147,1415.3966563168626,8192.0,8192.0,0.0
overwrite-all/local/k3/prior,2,1415.6235000674087,1415.583086145967,8192.0,8192.0,0.0
overwrite-all/striped/k3/ikea2,0,172.57548837438853,172.89576824518642,8192.0,8192.0,0.0
overwrite-all/striped/k3/ikea2,1,172.43701696977624,172.43240865740023,8192.0,8192.0,0.0
overwrite-all/striped/k3/ikea2,2,172.59389285361868,172.63192274644362,8192.0,8192.0,0.0
overwrite-all/striped/k3/ikea,0,128.7967428808021,128.80161629072597,8192.0,8192.0,0.0
overwrite-all/striped/k3/ikea,1,129.12995660241398,129.12596340953183,8192.0,8192.0,0.0
overwrite-all/striped/k3/ikea,2,128.8180675039491,128.81440554550147,8192.0,8192.0,0.0
overwrite-all/striped/k3/prior,0,124.65780234533737,124.65438948608116,8192.0,8192.0,0.0
overwrite-all/striped/k3/prior,1,124.72079615526205,124.71758230814258,8192.0,8192.0,0.0
overwrite-all/striped/k3/prior,2,124.86277876127289,124.85959461582799,8192.0,8192.0,0.0
overwrite-all/local/k4/ikea2,0,1382.4086839160034,1382.3712555128202,8192.0,8192.0,0.0
overwrite-all/local/k4/ikea2,1,1382.3699387714867,1382.3324116042693,8192.0,8192.0,0.0
overwrite-all/local/k4/ikea2,2,1381.3052538020868,1381.2690104474366,8192.0,8192.0,0.0
overwrite-all/local/k4/ikea,0,1381.8317049902919,1381.7946314243168,8192.0,8192.0,0.0
overwrite-all/local/k4/ikea,1,1381.6872923451403,1381.649166095546,8192.0,8192.0,0.0
overwrite-all/local/k4/ikea,2,1381.5004111977275,1381.4632389185176,8192.0,8192.0,0.0
overwrite-all/local/k4/prior,0,1365.2748163557208,1365.3515569111246,8192.0,8192.0,0.0
overwrite-all/local/k4/prior,1,1365.01274133784,1364.975459922271,8192.0,8192.0,0.0
overwrite-all/local/k4/prior,2,1364.9791328089495,1364.9422414308885,8192.0,8192.0,0.0
overwrite-all/striped/k4/ikea2,0,148.04183355272048,148.03758895797154,8192.0,8192.0,0.0
overwrite-all/striped/k4/ikea2,1,148.0595967986033,148.0653653645762,8192.0,8192.0,0.0
overwrite-all/striped/k4/ikea2,2,148.06205345515716,148.05825232317824,8192.0,8192.0,0.0
overwrite-all/striped/k4/ikea,0,114.75778973201669,114.75465083231298,8192.0,8192.0,0.0
overwrite-all/striped/k4/ikea,1,114.90481407629751,115.0962404425309,8192.0,8192.0,0.0
overwrite-all/striped/k4/ikea,2,115.01826916756184,115.06003352511543,8192.0,8192.0,0.0
overwrite-all/striped/k4/prior,0,88.4484329093257,88.44609679486723,8192.0,8192.0,0.0
overwrite-all/striped/k4/prior,1,88.46324303164464,88.46593903229652,8192.0,8192.0,0.0
overwrite-all/striped/k4/prior,2,88.40160118531469,88.39925033922282,8192.0,8192.0,0.0
overwrite-all/local/k5/ikea2,0,1454.5821066121673,1454.6661355543004,8192.0,8192.0,0.0
overwrite-all/local/k5/ikea2,1,1454.001454746968,1453.9629732289638,8192.0,8192.0,0.0
overwrite-all/local/k5/ikea2,2,1454.3911537529095,1454.4574486541899,8192.0,8192.0,0.0
overwrite-all/local/k5/ikea,0,1483.5953499876443,1483.5546447207698,8192.0,8192.0,0.0
overwrite-all/local/k5/ikea,1,1484.0420479841719,1484.0017667261618,8192.0,8192.0,0.0
overwrite-all/local/k5/ikea,2,1483.8718773188198,1483.8321260878645,8192.0,8192.0,0.0
overwrite-all/local/k5/prior,0,1425.734977776283,1425.7805788267335,8192.0,8192.0,0.0
overwrite-all/local/k5/prior,1,1426.294201472545,1426.2565059278684,8192.0,8192.0,0.0
overwrite-all/local/k5/prior,2,1428.4699555525294,1428.4321921917556,8192.0,8192.0,0.0
overwrite-all/striped/k5/ikea2,0,168.68990171230263,168.68539100378933,8192.0,8192.0,0.0
overwrite-all/striped/k5/ikea2,1,168.71827540638589,168.71375264568357,8192.0,8192.0,0.0
overwrite-all/striped/k5/ikea2,2,168.5019139390192,168.4973028139556,8192.0,8192.0,0.0
overwrite-all/striped/k5/ikea,0,152.71063363807792,152.706569941933,8192.0,8192.0,0.0
overwrite-all/striped/k5/ikea,1,152.7111647924659,152.7070792692894,8192.0,8192.0,0.0
overwrite-all/striped/k5/ikea,2,152.6781531834705,152.67397671019438,8192.0,8192.0,0.0
overwrite-all/striped/k5/prior,0,148.56503051207142,148.56082426706848,8192.0,8192.0,0.0
overwrite-all/striped/k5/prior,1,148.68630759706184,148.89050676422667,8192.0,8192.0,0.0
overwrite-all/striped/k5/prior,2,148.56899265941485,148.61121429215066,8192.0,8192.0,0.0
overwrite-all/local/k6/ikea2,0,1415.1934103695783,1415.2537816262702,8192.0,8192.0,0.0
overwrite-all/local/k6/ikea2,1,1415.111781154181,1415.0737122462072,8192.0,8192.0,0.0
overwrite-all/local/k6/ikea2,2,1414.7864771081083,1414.7485429338353,8192.0,8192.0,0.0
overwrite-all/local/k6/ikea,0,1416.3199392712502,1416.2805330715794,8192.0,8192.0,0.0
overwrite-all/local/k6/ikea,1,1415.9747300944566,1415.9371457371176,8192.0,8192.0,0.0
overwrite-all/local/k6/ikea,2,1416.21356275304,1416.1740553294962,8192.0,8192.0,0.0
overwrite-all/local/k6/prior,0,1415.560064716194,1415.5196507911746,8192.0,8192.0,0.0
overwrite-all/local/k6/prior,1,1415.2010583793933,1415.1633746658592,8192.0,8192.0,0.0
overwrite-all/local/k6/prior,2,1415.328400970736,1415.2904813327284,8192.0,8192.0,0.0
overwrite-all/striped/k6/ikea2,0,152.09462371822693,152.0906466561567,8192.0,8192.0,0.0
overwrite-all/striped/k6/ikea2,1,152.1854188776542,152.18133315055115,8192.0,8192.0,0.0
overwrite-all/striped/k6/ikea2,2,152.238308769463,152.23428824015008,8192.0,8192.0,0.0
overwrite-all/striped/k6/ikea,0,175.16879696432423,175.19664478093577,8192.0,8192.0,0.0
overwrite-all/striped/k6/ikea,1,174.87342204026012,174.86894924439235,8192.0,8192.0,0.0
overwrite-all/striped/k6/ikea,2,174.89526175200416,174.89067245847795,8192.0,8192.0,0.0
overwrite-all/striped/k6/prior,0,137.63132469353124,137.6276074173685,8192.0,8192.0,0.0
overwrite-all/striped/k6/prior,1,137.67510013722753,137.67810998581675,8192.0,8192.0,0.0
overwrite-all/striped/k6/prior,2,137.73535933134804,137.73870651835128,8192.0,8192.0,0.0
overwrite-all/local/k7/ikea2,0,1480.2328964982885,1482.0754597403322,8192.0,8192.0,0.0
overwrite-all/local/k7/ikea2,1,1478.75558373846,1478.716656108808,8192.0,8192.0,0.0
overwrite-all/local/k7/ikea2,2,1479.1260128232375,1479.3684210433223,8192.0,8192.0,0.0
overwrite-all/local/k7/ikea,0,1480.7510567845745,1480.7945610678057,8192.0,8192.0,0.0
overwrite-all/local/k7/ikea,1,1480.1821896576068,1480.1411159724246,8192.0,8192.0,0.0
overwrite-all/local/k7/ikea,2,1480.0888755812123,1480.049633646256,8192.0,8192.0,0.0
overwrite-all/local/k7/prior,0,1421.071740528827,1421.0340251026973,8192.0,8192.0,0.0
overwrite-all/local/k7/prior,1,1421.2346886955443,1421.309306951181,8192.0,8192.0,0.0
overwrite-all/local/k7/prior,2,1421.1187662931345,1421.0822019949803,8192.0,8192.0,0.0
overwrite-all/striped/k7/ikea2,0,190.26187709902734,190.2568530462632,8192.0,8192.0,0.0
overwrite-all/striped/k7/ikea2,1,190.50947626395546,190.50444313289853,8192.0,8192.0,0.0
overwrite-all/striped/k7/ikea2,2,190.39513025324433,190.3901198181209,8192.0,8192.0,0.0
overwrite-all/striped/k7/ikea,0,195.59099309314897,195.59955198884805,8192.0,8192.0,0.0
overwrite-all/striped/k7/ikea,1,195.34210378943723,195.33680697872978,8192.0,8192.0,0.0
overwrite-all/striped/k7/ikea,2,195.3970645883882,195.39177711354344,8192.0,8192.0,0.0
overwrite-all/striped/k7/prior,0,192.21251509566022,192.20714422035138,8192.0,8192.0,0.0
overwrite-all/striped/k7/prior,1,190.91440647955383,190.90931708695928,8192.0,8192.0,0.0
overwrite-all/striped/k7/prior,2,191.50607912395228,191.50088530984738,8192.0,8192.0,0.0
overwrite-all/local/k8/ikea2,0,139.94421416120178,139.9401289436847,8192.0,8192.0,0.0
overwrite-all/local/k8/ikea2,1,139.74807715338954,139.7444343917223,8192.0,8192.0,0.0
overwrite-all/local/k8/ikea2,2,139.8505169729468,139.84675112059625,8192.0,8192.0,0.0
overwrite-all/local/k8/ikea,0,110.94796322156914,110.94486403430861,8192.0,8192.0,0.0
overwrite-all/local/k8/ikea,1,112.23228592773803,112.37712409104424,8192.0,8192.0,0.0
overwrite-all/local/k8/ikea,2,110.88120662391756,110.89975423130102,8192.0,8192.0,0.0
overwrite-all/local/k9/ikea2,0,1819.0213540087302,1819.086975344502,8192.0,8192.0,0.0
overwrite-all/local/k9/ikea2,1,1818.6056655260718,1818.5557239954437,8192.0,8192.0,0.0
overwrite-all/local/k9/ikea2,2,1818.6708970416162,1818.6214320035338,8192.0,8192.0,0.0
overwrite-all/local/k9/ikea,0,987.3408341963993,987.313459187738,8192.0,8192.0,0.0
overwrite-all/local/k9/ikea,1,987.7765982487614,987.750329542964,8192.0,8192.0,0.0
overwrite-all/local/k9/ikea,2,987.5716269654504,987.5450757874098,8192.0,8192.0,0.0
overwrite-all/local/k10/ikea2,0,1818.6746351392123,1818.6233164294467,8192.0,8192.0,0.0
overwrite-all/local/k10/ikea2,1,1818.3675891039802,1818.3177428311383,8192.0,8192.0,0.0
overwrite-all/local/k10/ikea2,2,1818.5298168117438,1818.4814429759026,8192.0,8192.0,0.0
overwrite-all/local/k10/ikea,0,1590.5728563316459,1590.5288661646105,8192.0,8192.0,0.0
overwrite-all/local/k10/ikea,1,1589.9981449933834,1589.9557827244757,8192.0,8192.0,0.0
overwrite-all/local/k10/ikea,2,1592.0803710012945,1592.1383304723067,8192.0,8192.0,0.0
overwrite-all/striped/k10/ikea2,0,459.82920346206885,459.81655024101866,8192.0,8192.0,0.0
overwrite-all/striped/k10/ikea2,1,460.0019111638375,459.9897302335546,8192.0,8192.0,0.0
overwrite-all/striped/k10/ikea2,2,459.865306884582,459.8526756334998,8192.0,8192.0,0.0
overwrite-all/striped/k10/ikea,0,307.5884746748027,307.58023399729393,8192.0,8192.0,0.0
overwrite-all/striped/k10/ikea,1,307.87205144974814,307.86341108463785,8192.0,8192.0,0.0
overwrite-all/striped/k10/ikea,2,306.9337257466758,306.9468279949014,8192.0,8192.0,0.0
overwrite-all/local/k11/ikea2,0,1848.6756828077412,1851.1048071639784,8192.0,8192.0,0.0
overwrite-all/local/k11/ikea2,1,1847.071689316977,1847.0242776031555,8192.0,8192.0,0.0
overwrite-all/local/k11/ikea2,2,1847.2312530237095,1847.6649954002116,8192.0,8192.0,0.0
overwrite-all/local/k11/ikea,0,1799.5692819943458,1799.6190130691207,8192.0,8192.0,0.0
overwrite-all/local/k11/ikea,1,1803.7385810637816,1803.6744215638673,8192.0,8192.0,0.0
overwrite-all/local/k11/ikea,2,1793.134892854082,1793.0795697075798,8192.0,8192.0,0.0
overwrite-all/local/k12/ikea2,0,2051.2035843344242,2051.3406582628495,8192.0,8192.0,0.0
overwrite-all/local/k12/ikea2,1,2050.7024123449687,2050.646205673309,8192.0,8192.0,0.0
overwrite-all/local/k12/ikea2,2,2050.5906826838627,2050.5373083169407,8192.0,8192.0,0.0
overwrite-all/local/k12/ikea,0,1599.3871839780738,1599.3425982579445,8192.0,8192.0,0.0
overwrite-all/local/k12/ikea,1,1600.4165016752822,1600.371382865183,8192.0,8192.0,0.0
overwrite-all/local/k12/ikea,2,1599.1071809320765,1599.0637374308687,8192.0,8192.0,0.0
overwrite-all/striped/k12/ikea2,0,407.1138998573897,407.1363111639279,8192.0,8192.0,0.0
overwrite-all/striped/k12/ikea2,1,407.40390790992353,407.3928963024414,8192.0,8192.0,0.0
overwrite-all/striped/k12/ikea2,2,407.44699387812693,407.43625390984596,8192.0,8192.0,0.0
overwrite-all/striped/k12/ikea,0,309.3855712603002,309.37709805711154,8192.0,8192.0,0.0
overwrite-all/striped/k12/ikea,1,309.3282759128389,309.3198395139096,8192.0,8192.0,0.0
overwrite-all/striped/k12/ikea,2,309.31219817432,309.30342314123794,8192.0,8192.0,0.0
overwrite-all/local/k13/ikea2,0,1926.5509061711216,1926.500894676821,8192.0,8192.0,0.0
overwrite-all/local/k13/ikea2,1,1926.7121358110028,1926.657582023439,8192.0,8192.0,0.0
overwrite-all/local/k13/ikea2,2,1926.7337462721125,1926.679788925434,8192.0,8192.0,0.0
overwrite-all/local/k13/ikea,0,1793.1803348710512,1793.1318127315396,8192.0,8192.0,0.0
overwrite-all/local/k13/ikea,1,1795.0359217495384,1797.0513838713166,8192.0,8192.0,0.0
overwrite-all/local/k13/ikea,2,1793.9509226037865,1794.5671023177558,8192.0,8192.0,0.0
overwrite-all/local/k14/ikea2,0,1930.3467230444335,1930.4196157458578,8192.0,8192.0,0.0
overwrite-all/local/k14/ikea2,1,1929.484143763234,1929.4304623415971,8192.0,8192.0,0.0
overwrite-all/local/k14/ikea2,2,1929.620001838399,1929.5665502620539,8192.0,8192.0,0.0
overwrite-all/local/k14/ikea,0,1795.2946680338025,1795.2448090492207,8192.0,8192.0,0.0
overwrite-all/local/k14/ikea,1,1795.6223617875603,1795.5719901121363,8192.0,8192.0,0.0
overwrite-all/local/k14/ikea,2,1795.2413483721673,1795.1911475795239,8192.0,8192.0,0.0
overwrite-all/striped/k14/ikea2,0,440.33984338144256,440.3273369599694,8192.0,8192.0,0.0
overwrite-all/striped/k14/ikea2,1,440.3040643247187,440.29172564348346,8192.0,8192.0,0.0
overwrite-all/striped/k14/ikea2,2,439.93905085384944,439.9271524550339,8192.0,8192.0,0.0
overwrite-all/striped/k14/ikea,0,352.5831155559916,352.5732653222899,8192.0,8192.0,0.0
overwrite-all/striped/k14/ikea,1,353.05201527791445,353.04239957546594,8192.0,8192.0,0.0
overwrite-all/striped/k14/ikea,2,352.7118052065522,352.7023318900225,8192.0,8192.0,0.0
overwrite-all/local/k15/ikea2,0,1929.7547681419512,1929.6998942961059,8192.0,8192.0,0.0
overwrite-all/local/k15/ikea2,1,1929.6639551449455,1929.7271933068685,8192.0,8192.0,0.0
overwrite-all/local/k15/ikea2,2,1929.9814329702758,1929.9282136219986,8192.0,8192.0,0.0
overwrite-all/local/k15/ikea,0,1818.457400846774,1818.4062904836953,8192.0,8192.0,0.0
overwrite-all/local/k15/ikea,1,1817.61993432989,1817.5711137901635,8192.0,8192.0,0.0
overwrite-all/local/k15/ikea,2,1817.8385898210993,1817.7893372714816,8192.0,8192.0,0.0
overwrite-all/striped/k15/ikea2,0,463.787766839959,463.80080743190825,8192.0,8192.0,0.0
overwrite-all/striped/k15/ikea2,1,463.89605132176416,463.8830881530772,8192.0,8192.0,0.0
overwrite-all/striped/k15/ikea2,2,464.2705452936712,464.40163698482905,8192.0,8192.0,0.0
overwrite-all/striped/k15/ikea,0,426.13194761455605,426.26519370186315,8192.0,8192.0,0.0
overwrite-all/striped/k15/ikea,1,426.0359718798569,426.02409284445986,8192.0,8192.0,0.0
overwrite-all/striped/k15/ikea,2,425.9268592064973,425.9153555042703,8192.0,8192.0,0.0
overwrite-all/local/k16/ikea2,0,270.96955577062005,270.9619863774777,8192.0,8192.0,0.0
overwrite-all/local/k16/ikea2,1,272.31950417566907,272.33377130258367,8192.0,8192.0,0.0
overwrite-all/local/k16/ikea2,2,269.4188292751713,269.4113624289256,8192.0,8192.0,0.0
overwrite-all/local/k16/ikea,0,272.23719176094227,272.22938465021036,8192.0,8192.0,0.0
overwrite-all/local/k16/ikea,1,269.90043516100957,269.8933629850388,8192.0,8192.0,0.0
overwrite-all/local/k16/ikea,2,271.92335364084363,271.91600425634596,8192.0,8192.0,0.0
overwrite-all/local/k17/ikea2,0,1951.229943791528,1951.315557206813,8192.0,8192.0,0.0
overwrite-all/local/k17/ikea2,1,1951.0012077856352,1950.948158146195,8192.0,8192.0,0.0
overwrite-all/local/k17/ikea2,2,1950.7051145073528,1950.6534119829382,8192.0,8192.0,0.0
overwrite-all/local/k17/ikea,0,1221.0395173015029,1221.0066007384992,8192.0,8192.0,0.0
overwrite-all/local/k17/ikea,1,1221.8504507124292,1221.8163128961953,8192.0,8192.0,0.0
overwrite-all/local/k17/ikea,2,1222.103896481547,1222.07057283768,8192.0,8192.0,0.0
overwrite-all/local/k18/ikea2,0,1949.416933426091,1949.3627000545255,8192.0,8192.0,0.0
overwrite-all/local/k18/ikea2,1,1950.2390628623689,1950.1846903111227,8192.0,8192.0,0.0
overwrite-all/local/k18/ikea2,2,1950.1903038738214,1950.1364880623942,8192.0,8192.0,0.0
overwrite-all/local/k18/ikea,0,1679.4850665706933,1679.5931390134115,8192.0,8192.0,0.0
overwrite-all/local/k18/ikea,1,1679.030186717834,1678.9843268746054,8192.0,8192.0,0.0
overwrite-all/local/k18/ikea,2,1679.0337851345444,1679.4761505255583,8192.0,8192.0,0.0
overwrite-all/local/k19/ikea2,0,2074.4848903811653,2074.5412304807355,8192.0,8192.0,0.0
overwrite-all/local/k19/ikea2,1,2073.9224274145818,2073.8658404427233,8192.0,8192.0,0.0
overwrite-all/local/k19/ikea2,2,2073.973484100355,2073.9168971274444,8192.0,8192.0,0.0
overwrite-all/local/k19/ikea,0,1887.161876964522,1887.1076784662555,8192.0,8192.0,0.0
overwrite-all/local/k19/ikea,1,1886.7293219578107,1886.6780871180606,8192.0,8192.0,0.0
overwrite-all/local/k19/ikea,2,1887.9371351594173,1887.8844184696302,8192.0,8192.0,0.0
overwrite-all/local/k20/ikea2,0,2238.8265877459553,2238.764037791688,8192.0,8192.0,0.0
overwrite-all/local/k20/ikea2,1,2238.755559110533,2238.6924225405874,8192.0,8192.0,0.0
overwrite-all/local/k20/ikea2,2,2238.8192289234207,2238.756465604477,8192.0,8192.0,0.0
overwrite-all/local/k20/ikea,0,1686.3875698043535,1686.341207660664,8192.0,8192.0,0.0
overwrite-all/local/k20/ikea,1,1686.3607327949846,1686.313968931953,8192.0,8192.0,0.0
overwrite-all/local/k20/ikea,2,1685.7988429553227,1685.7523201270224,8192.0,8192.0,0.0
overwrite-all/striped/k20/ikea2,0,696.3848944099215,696.4126211112871,8192.0,8192.0,0.0
overwrite-all/striped/k20/ikea2,1,695.5910559006218,695.5711138613067,8192.0,8192.0,0.0
overwrite-all/striped/k20/ikea2,2,693.839320910997,693.820306417141,8192.0,8192.0,0.0
overwrite-all/striped/k20/ikea,0,609.8054541390427,609.7878697571275,8192.0,8192.0,0.0
overwrite-all/striped/k20/ikea,1,606.2229342075985,606.2064078629415,8192.0,8192.0,0.0
overwrite-all/striped/k20/ikea,2,606.5554578645371,606.5387080060383,8192.0,8192.0,0.0
overwrite-all/local/k21/ikea2,0,2160.9314179796447,2161.0840799468324,8192.0,8192.0,0.0
overwrite-all/local/k21/ikea2,1,2160.8955823293127,2160.832663992952,8192.0,8192.0,0.0
overwrite-all/local/k21/ikea2,2,2160.0263103697353,2160.4776541949423,8192.0,8192.0,0.0
overwrite-all/local/k21/ikea,0,1889.078419891046,1889.1289131188903,8192.0,8192.0,0.0
overwrite-all/local/k21/ikea,1,1889.2725102473128,1889.2216116488528,8192.0,8192.0,0.0
overwrite-all/local/k21/ikea,2,1889.5777667672623,1889.527769007275,8192.0,8192.0,0.0
overwrite-all/local/k22/ikea2,0,2160.464432565733,2160.406301433607,8192.0,8192.0,0.0
overwrite-all/local/k22/ikea2,1,2163.2998560855212,2163.371761918965,8192.0,8192.0,0.0
overwrite-all/local/k22/ikea2,2,2163.532432154579,2163.4735300099956,8192.0,8192.0,0.0
overwrite-all/local/k22/ikea,0,1891.8630976522043,1891.8104186347916,8192.0,8192.0,0.0
overwrite-all/local/k22/ikea,1,1891.1626785633866,1891.1108106864926,8192.0,8192.0,0.0
overwrite-all/local/k22/ikea,2,1891.3845252580174,1891.4529764379804,8192.0,8192.0,0.0
overwrite-all/local/k23/ikea2,0,2167.936401240961,2167.8745604866813,8192.0,8192.0,0.0
overwrite-all/local/k23/ikea2,1,2168.665149948348,2168.6059462639473,8192.0,8192.0,0.0
overwrite-all/local/k23/ikea2,2,2169.2263702170885,2169.1680454974744,8192.0,8192.0,0.0
overwrite-all/local/k23/ikea,0,1894.1686470429597,1894.1171572617968,8192.0,8192.0,0.0
overwrite-all/local/k23/ikea,1,1892.7930056710486,1892.7386803767229,8192.0,8192.0,0.0
overwrite-all/local/k23/ikea,2,1891.1155369519931,1891.0626969187267,8192.0,8192.0,0.0
overwrite-all/local/k24/ikea2,0,770.5798565900557,770.5592987235826,8192.0,8192.0,0.0
overwrite-all/local/k24/ikea2,1,779.2972179941161,779.2758348665062,8192.0,8192.0,0.0
overwrite-all/local/k24/ikea2,2,770.8283115406664,770.8069100863733,8192.0,8192.0,0.0
overwrite-all/local/k24/ikea,0,807.7641694562815,807.7411597301525,8192.0,8192.0,0.0
overwrite-all/local/k24/ikea,1,806.6104890530634,806.6542767988964,8192.0,8192.0,0.0
overwrite-all/local/k24/ikea,2,807.8232713840574,808.0170264214585,8192.0,8192.0,0.0
overwrite-all/local/k25/ikea2,0,2270.50453759722,2270.428046656106,8192.0,8192.0,0.0
overwrite-all/local/k25/ikea2,1,2266.3370246327045,2266.2810609246294,8192.0,8192.0,0.0
overwrite-all/local/k25/ikea2,2,2264.8757562661435,2264.8151469250115,8192.0,8192.0,0.0
overwrite-all/local/k25/ikea,0,1480.5709347443,1480.5312169203187,8192.0,8192.0,0.0
overwrite-all/local/k25/ikea,1,1480.209029982402,1480.1673721372724,8192.0,8192.0,0.0
overwrite-all/local/k25/ikea,2,1478.4603527336535,1478.4194708927973,8192.0,8192.0,0.0
overwrite-all/local/k26/ikea2,0,2272.0276737750737,2271.9651093383272,8192.0,8192.0,0.0
overwrite-all/local/k26/ikea2,1,2273.908622280109,2283.179608219252,8192.0,8192.0,0.0
overwrite-all/local/k26/ikea2,2,2269.6619458461946,2269.6031797774026,8192.0,8192.0,0.0
overwrite-all/local/k26/ikea,0,1751.8795577805608,1751.8315811382386,8192.0,8192.0,0.0
overwrite-all/local/k26/ikea,1,1750.0128911138854,1749.9638297662714,8192.0,8192.0,0.0
overwrite-all/local/k26/ikea,2,1751.5505214851646,1751.6659157107629,8192.0,8192.0,0.0
overwrite-all/local/k27/ikea2,0,2406.325047253585,2406.2583767982374,8192.0,8192.0,0.0
overwrite-all/local/k27/ikea2,1,2410.9910647803094,2410.9245088130374,8192.0,8192.0,0.0
overwrite-all/local/k27/ikea2,2,2409.7365255742498,2409.670313327193,8192.0,8192.0,0.0
overwrite-all/local/k27/ikea,0,1950.4356141491355,1950.3814873110084,8192.0,8192.0,0.0
overwrite-all/local/k27/ikea,1,1951.4458731779841,1951.550459559277,8192.0,8192.0,0.0
overwrite-all/local/k27/ikea,2,1951.424705226985,1951.544146335285,8192.0,8192.0,0.0
overwrite-all/local/k28/ikea2,0,2641.998052029728,2642.952368948572,8192.0,8192.0,0.0
overwrite-all/local/k28/ikea2,1,2638.2674374763565,2638.1946084802025,8192.0,8192.0,0.0
overwrite-all/local/k28/ikea2,2,2636.774475304833,2636.8359306674365,8192.0,8192.0,0.0
overwrite-all/local/k28/ikea,0,1751.302980961921,1751.2537157447646,8192.0,8192.0,0.0
overwrite-all/local/k28/ikea,1,1751.0317718770418,1750.9835504423293,8192.0,8192.0,0.0
overwrite-all/local/k28/ikea,2,1751.4481880427493,1751.400551105083,8192.0,8192.0,0.0
overwrite-all/local/k29/ikea2,0,2465.4445684086973,2465.3740458070674,8192.0,8192.0,0.0
overwrite-all/local/k29/ikea2,1,2464.6460951263193,2464.5780974867,8192.0,8192.0,0.0
overwrite-all/local/k29/ikea2,2,2464.028420434603,2463.96054022354,8192.0,8192.0,0.0
overwrite-all/local/k29/ikea,0,1952.387230282732,1952.3317987031014,8192.0,8192.0,0.0
overwrite-all/local/k29/ikea,1,1955.0629185267833,1955.0082310275452,8192.0,8192.0,0.0
overwrite-all/local/k29/ikea,2,1954.6745721726184,1954.6211867261748,8192.0,8192.0,0.0
overwrite-all/local/k30/ikea2,0,2468.7139835487224,2468.642185663472,8192.0,8192.0,0.0
overwrite-all/local/k30/ikea2,1,2468.6378378378604,2468.568625122813,8192.0,8192.0,0.0
overwrite-all/local/k30/ikea2,2,2468.4521739130464,2468.383078745334,8192.0,8192.0,0.0
overwrite-all/local/k30/ikea,0,1956.38974597994,1956.3347471652914,8192.0,8192.0,0.0
overwrite-all/local/k30/ikea,1,1952.7169890468776,1952.6610580057072,8192.0,8192.0,0.0
overwrite-all/local/k30/ikea,2,1954.4644138895949,1954.4108599366089,8192.0,8192.0,0.0
overwrite-all/local/k31/ikea2,0,2471.759197127518,2471.690093603038,8192.0,8192.0,0.0
overwrite-all/local/k31/ikea2,1,2472.910648066483,2473.0547413388363,8192.0,8192.0,0.0
overwrite-all/local/k31/ikea2,2,2470.8438401318836,2470.7772676741583,8192.0,8192.0,0.0
overwrite-all/local/k31/ikea,0,1960.3637594546378,1960.3077784906952,8192.0,8192.0,0.0
overwrite-all/local/k31/ikea,1,1963.4557381641036,1963.5076104121056,8192.0,8192.0,0.0
overwrite-all/local/k31/ikea,2,1959.294145111556,1959.2419460319759,8192.0,8192.0,0.0
overwrite-all/local/k32/ikea2,0,604.3104636636482,604.2932037165099,8192.0,8192.0,0.0
overwrite-all/local/k32/ikea2,1,604.4639508335594,604.4474088625066,8192.0,8192.0,0.0
overwrite-all/local/k32/ikea2,2,604.1567611033855,604.1406929828721,8192.0,8192.0,0.0
overwrite-all/local/k32/ikea,0,616.6855915819303,616.6679407790195,8192.0,8192.0,0.0
overwrite-all/local/k32/ikea,1,616.6882185392426,616.7293791266131,8192.0,8192.0,0.0
overwrite-all/local/k32/ikea,2,616.5976475449874,616.5791998189922,8192.0,8192.0,0.0
overwrite-all/local/k33/ikea2,0,2640.128654970784,2640.2712695843843,8192.0,8192.0,0.0
overwrite-all/local/k33/ikea2,1,2637.9480601144387,2637.8747406366083,8192.0,8192.0,0.0
overwrite-all/local/k33/ikea2,2,2639.157643211966,2639.0825001882868,8192.0,8192.0,0.0
overwrite-all/local/k33/ikea,0,1868.5000889996802,1868.4494926940056,8192.0,8192.0,0.0
overwrite-all/local/k33/ikea,1,1868.3571110715397,1868.3065147602529,8192.0,8192.0,0.0
overwrite-all/local/k33/ikea,2,1866.3673015307966,1866.3163937214413,8192.0,8192.0,0.0
overwrite-all/local/k34/ikea2,0,2638.1836747517013,2638.1102174418143,8192.0,8192.0,0.0
overwrite-all/local/k34/ikea2,1,2634.754178710578,2634.6804071928127,8192.0,8192.0,0.0
overwrite-all/local/k34/ikea2,2,2636.634284278073,2636.6995098912066,8192.0,8192.0,0.0
overwrite-all/local/k34/ikea,0,2238.1025913903595,2238.1899643460583,8192.0,8192.0,0.0
overwrite-all/local/k34/ikea,1,2235.6686532219346,2235.7540041388183,8192.0,8192.0,0.0
overwrite-all/local/k34/ikea,2,2236.389293885994,2236.791730963372,8192.0,8192.0,0.0
overwrite-all/local/k35/ikea2,0,2804.099518780902,2804.0173105316935,8192.0,8192.0,0.0
overwrite-all/local/k35/ikea2,1,2802.5811388851453,2802.5042106630026,8192.0,8192.0,0.0
overwrite-all/local/k35/ikea2,2,2802.401015906871,2802.3257585872093,8192.0,8192.0,0.0
overwrite-all/local/k35/ikea,0,2516.278207666062,2516.209465550695,8192.0,8192.0,0.0
overwrite-all/local/k35/ikea,1,2514.8131485813556,2514.7455461847844,8192.0,8192.0,0.0
overwrite-all/local/k35/ikea,2,2513.8233459299818,2513.75532363999,8192.0,8192.0,0.0
overwrite-all/local/k36/ikea2,0,3008.2551372322587,3008.157637568506,8192.0,8192.0,0.0
overwrite-all/local/k36/ikea2,1,3004.560856444797,3004.4799540703452,8192.0,8192.0,0.0
overwrite-all/local/k36/ikea2,2,3004.390285960586,3004.306796943701,8192.0,8192.0,0.0
overwrite-all/local/k36/ikea,0,2035.7961903838293,2035.737058958641,8192.0,8192.0,0.0
overwrite-all/local/k36/ikea,1,2035.869038386932,2035.816304767815,8192.0,8192.0,0.0
overwrite-all/local/k36/ikea,2,2036.241518030201,2036.1859732358112,8192.0,8192.0,0.0
overwrite-all/local/k37/ikea2,0,2916.407170650374,2916.324207895309,8192.0,8192.0,0.0
overwrite-all/local/k37/ikea2,1,2910.9086297943427,2910.8279600291135,8192.0,8192.0,0.0
overwrite-all/local/k37/ikea2,2,2910.3254585881245,2910.2466648195054,8192.0,8192.0,0.0
overwrite-all/local/k37/ikea,0,2528.685462979649,2528.616181652316,8192.0,8192.0,0.0
overwrite-all/local/k37/ikea,1,2527.9658413156526,2527.899391558054,8192.0,8192.0,0.0
overwrite-all/local/k37/ikea,2,2529.327549852399,2529.258690264006,8192.0,8192.0,0.0
overwrite-all/local/k38/ikea2,0,2918.956558003668,2919.561479146262,8192.0,8192.0,0.0
overwrite-all/local/k38/ikea2,1,2912.799749774035,2912.7212761403366,8192.0,8192.0,0.0
overwrite-all/local/k38/ikea2,2,2912.981372071907,2913.036699801423,8192.0,8192.0,0.0
overwrite-all/local/k38/ikea,0,2244.8208971203267,2244.758002378063,8192.0,8192.0,0.0
overwrite-all/local/k38/ikea,1,2246.5476929664655,2246.485440541599,8192.0,8192.0,0.0
overwrite-all/local/k38/ikea,2,2244.7596617066274,2244.6999250413824,8192.0,8192.0,0.0
overwrite-all/local/k39/ikea2,0,2917.198666759204,2917.1150614167555,8192.0,8192.0,0.0
overwrite-all/local/k39/ikea2,1,2909.4512186652196,2909.371918649029,8192.0,8192.0,0.0
overwrite-all/local/k39/ikea2,2,2910.169918755502,2910.093257395095,8192.0,8192.0,0.0
overwrite-all/local/k39/ikea,0,2249.8904682724137,2249.827602851605,8192.0,8192.0,0.0
overwrite-all/local/k39/ikea,1,2248.022474923503,2247.9652952442852,8192.0,8192.0,0.0
overwrite-all/local/k39/ikea,2,2248.224641956854,2248.1659067588357,8192.0,8192.0,0.0
overwrite-all/local/k40/ikea2,0,1384.4700865958014,1384.429883785192,8192.0,8192.0,0.0
overwrite-all/local/k40/ikea2,1,1384.9881465871745,1385.0385894445112,8192.0,8192.0,0.0
overwrite-all/local/k40/ikea2,2,1384.9185407131224,1384.881235391727,8192.0,8192.0,0.0
overwrite-all/local/k40/ikea,0,1346.252042418268,1346.2158716039273,8192.0,8192.0,0.0
overwrite-all/local/k40/ikea,1,1348.2997469003221,1348.2624547355865,8192.0,8192.0,0.0
overwrite-all/local/k40/ikea,2,1350.1829365969172,1350.1466055751425,8192.0,8192.0,0.0
overwrite-all/local/k41/ikea2,0,3233.1372640048903,3233.0440266258643,8192.0,8192.0,0.0
overwrite-all/local/k41/ikea2,1,3228.1257350666388,3228.2163416980216,8192.0,8192.0,0.0
overwrite-all/local/k41/ikea2,2,3229.320256886382,3229.484138044416,8192.0,8192.0,0.0
overwrite-all/local/k41/ikea,0,2188.7033642327974,2189.2289865636303,8192.0,8192.0,0.0
overwrite-all/local/k41/ikea,1,2188.7237787731583,2188.664097519249,8192.0,8192.0,0.0
overwrite-all/local/k41/ikea,2,2191.882356004608,2191.8136652619683,8192.0,8192.0,0.0
overwrite-all/local/k42/ikea2,0,3226.9585420359595,3226.8686137025334,8192.0,8192.0,0.0
overwrite-all/local/k42/ikea2,1,3222.672497495522,3222.5848809717745,8192.0,8192.0,0.0
overwrite-all/local/k42/ikea2,2,3222.8401787779762,3223.116128482237,8192.0,8192.0,0.0
overwrite-all/local/k42/ikea,0,2525.408509104064,2525.3379604650554,8192.0,8192.0,0.0
overwrite-all/local/k42/ikea,1,2520.8675560361507,2520.79887025544,8192.0,8192.0,0.0
overwrite-all/local/k42/ikea,2,2520.5782705366705,2520.509404506071,8192.0,8192.0,0.0
overwrite-all/local/k43/ikea2,0,3240.949191864637,3240.856004975555,8192.0,8192.0,0.0
overwrite-all/local/k43/ikea2,1,3241.572964194656,3241.666073781238,8192.0,8192.0,0.0
overwrite-all/local/k43/ikea2,2,3238.6439563839454,3238.5547135068064,8192.0,8192.0,0.0
overwrite-all/local/k43/ikea,0,2733.6304163678938,2733.5541799235443,8192.0,8192.0,0.0
overwrite-all/local/k43/ikea,1,2733.7065224473045,2733.6330227492554,8192.0,8192.0,0.0
overwrite-all/local/k43/ikea,2,2734.8957450966946,2734.820746678035,8192.0,8192.0,0.0
overwrite-all/local/k44/ikea2,0,3367.4267383111014,3367.332424445574,8192.0,8192.0,0.0
overwrite-all/local/k44/ikea2,1,3360.7744807120334,3360.682011437444,8192.0,8192.0,0.0
overwrite-all/local/k44/ikea2,2,3361.3446948432456,3361.253588922602,8192.0,8192.0,0.0
overwrite-all/local/k44/ikea,0,2521.5459407485896,2521.4765338231505,8192.0,8192.0,0.0
overwrite-all/local/k44/ikea,1,2521.2142299142124,2521.400096152276,8192.0,8192.0,0.0
overwrite-all/local/k44/ikea,2,2517.848025959995,2517.777176830709,8192.0,8192.0,0.0
overwrite-all/local/k45/ikea2,0,3487.1729779105394,3488.3333333115193,8192.0,8192.0,0.0
overwrite-all/local/k45/ikea2,1,3486.195731606214,3486.3017770509823,8192.0,8192.0,0.0
overwrite-all/local/k45/ikea2,2,3485.3690416873465,3485.273874779314,8192.0,8192.0,0.0
overwrite-all/local/k45/ikea,0,2756.1821163813347,2756.105097415673,8192.0,8192.0,0.0
overwrite-all/local/k45/ikea,1,2762.8343501934687,2762.7625795394074,8192.0,8192.0,0.0
overwrite-all/local/k45/ikea,2,2760.3724988518798,2760.29784167797,8192.0,8192.0,0.0
overwrite-all/local/k46/ikea2,0,3490.0441409178065,3489.943283091917,8192.0,8192.0,0.0
overwrite-all/local/k46/ikea2,1,3491.550179062264,3491.456233853194,8192.0,8192.0,0.0
overwrite-all/local/k46/ikea2,2,3489.762555176232,3489.662530174838,8192.0,8192.0,0.0
overwrite-all/local/k46/ikea,0,2761.018392012687,2760.942722043885,8192.0,8192.0,0.0
overwrite-all/local/k46/ikea,1,2754.501510772399,2754.4276143379143,8192.0,8192.0,0.0
overwrite-all/local/k46/ikea,2,2752.099908039987,2752.0260116134364,8192.0,8192.0,0.0
overwrite-all/local/k47/ikea2,0,3485.432412185973,3485.3362743550947,8192.0,8192.0,0.0
overwrite-all/local/k47/ikea2,1,3486.1389212586264,3486.2686865216233,8192.0,8192.0,0.0
overwrite-all/local/k47/ikea2,2,3485.5244714500927,3485.431496572939,8192.0,8192.0,0.0
overwrite-all/local/k47/ikea,0,2707.712028378006,2707.635472428852,8192.0,8192.0,0.0
overwrite-all/local/k47/ikea,1,2704.907320219168,2704.832570129385,8192.0,8192.0,0.0
overwrite-all/local/k47/ikea,2,2704.428635923813,2704.352982926685,8192.0,8192.0,0.0
overwrite-all/local/k48/ikea2,0,1229.4800834262821,1229.5206509728362,8192.0,8192.0,0.0
overwrite-all/local/k48/ikea2,1,1230.8847012513847,1230.8511250758022,8192.0,8192.0,0.0
overwrite-all/local/k48/ikea2,2,1230.3472181422712,1230.4204805902043,8192.0,8192.0,0.0
overwrite-all/local/k48/ikea,0,1319.2914757390968,1319.726633611296,8192.0,8192.0,0.0
overwrite-all/local/k48/ikea,1,1318.8823363254196,1318.8952043091124,8192.0,8192.0,0.0
overwrite-all/local/k48/ikea,2,1319.20726884682,1319.1696378128834,8192.0,8192.0,0.0
overwrite-all/local/k49/ikea2,0,3097.271788821852,3097.1856658661927,8192.0,8192.0,0.0
overwrite-all/local/k49/ikea2,1,3098.735584721989,3098.8832030560034,8192.0,8192.0,0.0
overwrite-all/local/k49/ikea2,2,3099.0892936144096,3099.001917128707,8192.0,8192.0,0.0
overwrite-all/local/k49/ikea,0,2069.2451110784164,2069.188069567374,8192.0,8192.0,0.0
overwrite-all/local/k49/ikea,1,2067.9922663909024,2067.9386237021135,8192.0,8192.0,0.0
overwrite-all/local/k49/ikea,2,2067.2001379242342,2067.1418649477096,8192.0,8192.0,0.0
overwrite-all/local/k50/ikea2,0,3056.8207052308076,3056.7351741117805,8192.0,8192.0,0.0
overwrite-all/local/k50/ikea2,1,3057.7802710185565,3057.6929185477757,8192.0,8192.0,0.0
overwrite-all/local/k50/ikea2,2,3056.769269998546,3056.9519160552272,8192.0,8192.0,0.0
overwrite-all/local/k50/ikea,0,2459.034324942712,2458.9659684241337,8192.0,8192.0,0.0
overwrite-all/local/k50/ikea,1,2462.6624420584667,2462.5980167579696,8192.0,8192.0,0.0
overwrite-all/local/k50/ikea,2,2460.5886874375688,2460.521093685763,8192.0,8192.0,0.0
overwrite-all/local/k51/ikea2,0,3196.7333231918215,3196.6430364336716,8192.0,8192.0,0.0
overwrite-all/local/k51/ikea2,1,3196.265535863852,3196.1761618872115,8192.0,8192.0,0.0
overwrite-all/local/k51/ikea2,2,3195.0184072411225,3194.9291093371967,8192.0,8192.0,0.0
overwrite-all/local/k51/ikea,0,2730.9333506729304,2730.859353663444,8192.0,8192.0,0.0
overwrite-all/local/k51/ikea,1,2731.5804018467825,2731.505624548269,8192.0,8192.0,0.0
overwrite-all/local/k51/ikea,2,2734.9212562585467,2735.066649304857,8192.0,8192.0,0.0
overwrite-all/local/k52/ikea2,0,3341.8627779106073,3342.930592059271,8192.0,8192.0,0.0
overwrite-all/local/k52/ikea2,1,3341.432145987785,3341.3405849242754,8192.0,8192.0,0.0
overwrite-all/local/k52/ikea2,2,3341.5446649135633,3341.668499473899,8192.0,8192.0,0.0
overwrite-all/local/k52/ikea,0,2479.0223219556533,2478.9541159602304,8192.0,8192.0,0.0
overwrite-all/local/k52/ikea,1,2478.1055273415686,2478.0372623216704,8192.0,8192.0,0.0
overwrite-all/local/k52/ikea,2,2480.085980866822,2480.0184835274245,8192.0,8192.0,0.0
overwrite-all/local/k53/ikea2,0,3323.664525338996,3323.5687206980156,8192.0,8192.0,0.0
overwrite-all/local/k53/ikea2,1,3322.096359742852,3322.004837814106,8192.0,8192.0,0.0
overwrite-all/local/k53/ikea2,2,3322.3025616622717,3322.210722486253,8192.0,8192.0,0.0
overwrite-all/local/k53/ikea,0,2755.5006559096987,2755.4258821786266,8192.0,8192.0,0.0
overwrite-all/local/k53/ikea,1,2755.1580086580393,2755.0823166476525,8192.0,8192.0,0.0
overwrite-all/local/k53/ikea,2,2752.623376623414,2752.548274945364,8192.0,8192.0,0.0
overwrite-all/local/k54/ikea2,0,3324.522879949316,3324.4285939941215,8192.0,8192.0,0.0
overwrite-all/local/k54/ikea2,1,3323.6607128745773,3323.7908005736663,8192.0,8192.0,0.0
overwrite-all/local/k54/ikea2,2,3322.9941515846463,3322.899075341167,8192.0,8192.0,0.0
overwrite-all/local/k54/ikea,0,2753.377260812485,2753.297051105195,8192.0,8192.0,0.0
overwrite-all/local/k54/ikea,1,2752.053473132399,2751.9786369767203,8192.0,8192.0,0.0
overwrite-all/local/k54/ikea,2,2753.5838138925274,2753.6471166291058,8192.0,8192.0,0.0
overwrite-all/local/k55/ikea2,0,3329.616596721994,3329.7211180495988,8192.0,8192.0,0.0
overwrite-all/local/k55/ikea2,1,3328.1254256077273,3328.034919625592,8192.0,8192.0,0.0
overwrite-all/local/k55/ikea2,2,3330.5765302082277,3330.7268984183115,8192.0,8192.0,0.0
overwrite-all/local/k55/ikea,0,2754.9897792046477,2755.489418839241,8192.0,8192.0,0.0
overwrite-all/local/k55/ikea,1,2757.5136604862137,2757.5820612131997,8192.0,8192.0,0.0
overwrite-all/local/k55/ikea,2,2755.8137325558628,2755.7364869511903,8192.0,8192.0,0.0
overwrite-all/local/k56/ikea2,0,1468.049617119518,1468.0087065925502,8192.0,8192.0,0.0
overwrite-all/local/k56/ikea2,1,1468.7795027798734,1468.7390817842786,8192.0,8192.0,0.0
overwrite-all/local/k56/ikea2,2,1467.3865519773012,1467.4906465293327,8192.0,8192.0,0.0
overwrite-all/local/k56/ikea,0,1658.62680615879,1658.5813264883327,8192.0,8192.0,0.0
overwrite-all/local/k56/ikea,1,1657.3425187524645,1657.2970390735918,8192.0,8192.0,0.0
overwrite-all/local/k56/ikea,2,1656.3281089616437,1656.2836162363087,8192.0,8192.0,0.0
overwrite-all/local/k56/prior,0,2112.275297319077,2112.217345298686,8192.0,8192.0,0.0
overwrite-all/local/k56/prior,1,2115.7341261841375,2115.793136465983,8192.0,8192.0,0.0
overwrite-all/local/k56/prior,2,2113.28683733108,2113.229187670362,8192.0,8192.0,0.0
overwrite-all/local/k57/ikea2,0,3094.998592905232,3094.9136487880246,8192.0,8192.0,0.0
overwrite-all/local/k57/ikea2,1,3093.3337776791054,3093.2485373608743,8192.0,8192.0,0.0
overwrite-all/local/k57/ikea2,2,3092.832703843773,3092.7487965938017,8192.0,8192.0,0.0
overwrite-all/local/k57/ikea,0,2321.8672194581636,2321.801050346772,8192.0,8192.0,0.0
overwrite-all/local/k57/ikea,1,2323.1843007187035,2323.121448319465,8192.0,8192.0,0.0
overwrite-all/local/k57/ikea,2,2323.3917081259897,2323.32951903823,8192.0,8192.0,0.0
overwrite-all/local/k58/ikea2,0,3185.725170068117,3185.6351473784866,8192.0,8192.0,0.0
overwrite-all/local/k58/ikea2,1,3189.300755857909,3189.21073319916,8192.0,8192.0,0.0
overwrite-all/local/k58/ikea2,2,3191.8312169311416,3191.9980348011823,8192.0,8192.0,0.0
overwrite-all/local/k58/ikea,0,2651.3477464964726,2651.792134844276,8192.0,8192.0,0.0
overwrite-all/local/k58/ikea,1,2648.4475445017683,2648.5213357317366,8192.0,8192.0,0.0
overwrite-all/local/k58/ikea,2,2654.283486933542,2654.1906324903066,8192.0,8192.0,0.0
overwrite-all/local/k59/ikea2,0,3380.930551079484,3380.834917823738,8192.0,8192.0,0.0
overwrite-all/local/k59/ikea2,1,3379.825088623924,3379.7329197606277,8192.0,8192.0,0.0
overwrite-all/local/k59/ikea2,2,3378.9802610379425,3378.8874475652046,8192.0,8192.0,0.0
overwrite-all/local/k59/ikea,0,2918.3595833331347,2918.2781944175276,8192.0,8192.0,0.0
overwrite-all/local/k59/ikea,1,2915.943958333352,2915.8631250286107,8192.0,8192.0,0.0
overwrite-all/local/k59/ikea,2,2917.6656250001147,2917.587708376838,8192.0,8192.0,0.0
overwrite-all/local/k60/ikea2,0,3259.076629248446,3258.9830838764638,8192.0,8192.0,0.0
overwrite-all/local/k60/ikea2,1,3259.2425943247254,3259.148815109241,8192.0,8192.0,0.0
overwrite-all/local/k60/ikea2,2,3258.7444652321656,3258.658013752023,8192.0,8192.0,0.0
overwrite-all/local/k60/ikea,0,2660.7008098191063,2660.8390484651063,8192.0,8192.0,0.0
overwrite-all/local/k60/ikea,1,2660.9339491332503,2660.860622524136,8192.0,8192.0,0.0
overwrite-all/local/k60/ikea,2,2659.862520561731,2659.7890674437776,8192.0,8192.0,0.0
overwrite-all/local/k61/ikea2,0,3539.7159493668787,3539.6168776536074,8192.0,8192.0,0.0
overwrite-all/local/k61/ikea2,1,3539.0930801685968,3538.9933333051135,8192.0,8192.0,0.0
overwrite-all/local/k61/ikea2,2,3536.989282700361,3536.889789027839,8192.0,8192.0,0.0
overwrite-all/local/k61/ikea,0,2924.290772233031,2924.2085307869647,8192.0,8192.0,0.0
overwrite-all/local/k61/ikea,1,2925.7181488708816,2925.8493866393583,8192.0,8192.0,0.0
overwrite-all/local/k61/ikea,2,2926.929119040854,2927.010524097944,8192.0,8192.0,0.0
overwrite-all/local/k62/ikea2,0,3535.9774149889217,3537.097868335371,8192.0,8192.0,0.0
overwrite-all/local/k62/ikea2,1,3538.605227541641,3538.663001165643,8192.0,8192.0,0.0
overwrite-all/local/k62/ikea2,2,3531.778886821109,3531.6869396204893,8192.0,8192.0,0.0
overwrite-all/local/k62/ikea,0,2921.2195783759844,2921.138871506146,8192.0,8192.0,0.0
overwrite-all/local/k62/ikea,1,2921.598552842209,2921.7292145001597,8192.0,8192.0,0.0
overwrite-all/local/k62/ikea,2,2923.0237250398472,2922.941696228064,8192.0,8192.0,0.0
overwrite-all/local/k63/ikea2,0,3536.0334009807543,3535.9335362375623,8192.0,8192.0,0.0
overwrite-all/local/k63/ikea2,1,3532.8630136984384,3532.7672078011456,8192.0,8192.0,0.0
overwrite-all/local/k63/ikea2,2,3532.541349568978,3532.4444444663986,8192.0,8192.0,0.0
overwrite-all/local/k63/ikea,0,2918.7858136299446,2918.7030598176116,8192.0,8192.0,0.0
overwrite-all/local/k63/ikea,1,2922.203616133329,2922.3401947173456,8192.0,8192.0,0.0
overwrite-all/local/k63/ikea,2,2922.5780250346766,2922.49805282866,8192.0,8192.0,0.0
overwrite-all/local/k64/ikea2,0,1298.3887528287598,1298.3518306208184,8192.0,8192.0,0.0
overwrite-all/local/k64/ikea2,1,1299.9888086307149,1299.952475431797,8192.0,8192.0,0.0
overwrite-all/local/k64/ikea2,2,1299.0626530674965,1299.0277769120457,8192.0,8192.0,0.0
overwrite-all/local/k64/ikea,0,1315.4287814337943,1315.3927811635951,8192.0,8192.0,0.0
overwrite-all/local/k64/ikea,1,1315.8380770674473,1315.8018265763972,8192.0,8192.0,0.0
overwrite-all/local/k64/ikea,2,1316.2403352934532,1316.203615659739,8192.0,8192.0,0.0
overwrite/local/k3/all/ikea2-raw,0,1415.152119700705,1415.1162296985249,8192.0,8192.0,0.0
overwrite/local/k3/all/ikea2-raw,1,1416.1594998988808,1416.255543572565,8192.0,8192.0,0.0
overwrite/local/k3/all/ikea2-raw,2,1414.3177866145497,1414.2799083417983,8192.0,8192.0,0.0
overwrite/local/k3/all/ikea2-coverage,0,1416.5815099945953,1416.5433887082888,8192.0,8192.0,1.0
overwrite/local/k3/all/ikea2-coverage,1,1416.9402687736874,1416.982340621224,8192.0,8192.0,1.0
overwrite/local/k3/all/ikea2-coverage,2,1416.8420786061233,1416.8029106076672,8192.0,8192.0,1.0
overwrite/local/k3/all/ikea2-sum-coverage,0,3262.0291579192485,3261.9386516987897,8192.0,8192.0,1.0
overwrite/local/k3/all/ikea2-sum-coverage,1,3262.0939273774106,3262.0066869375514,8192.0,8192.0,1.0
overwrite/local/k3/all/ikea2-sum-coverage,2,3262.022237773326,3261.932742422974,8192.0,8192.0,1.0
overwrite/local/k3/all/ikea-materialized-sum-coverage,0,4387.247200418526,4387.116064838987,8192.0,8192.0,1.0
overwrite/local/k3/all/ikea-materialized-sum-coverage,1,4387.396336996304,4387.279434835581,8192.0,8192.0,1.0
overwrite/local/k3/all/ikea-materialized-sum-coverage,2,4387.998534798505,4387.888121422615,8192.0,8192.0,1.0
overwrite/local/k3/all/ikea,0,1415.6929247985486,1415.6538578157863,8192.0,8192.0,0.0
overwrite/local/k3/all/ikea,1,1415.4982303569707,1415.459365621898,8192.0,8192.0,0.0
overwrite/local/k3/all/ikea,2,1415.4627700811836,1415.425792952574,8192.0,8192.0,0.0
overwrite/local/k3/all/prior,0,1415.428099507932,1415.389873924391,8192.0,8192.0,0.0
overwrite/local/k3/all/prior,1,1415.3470639790453,1415.3931436721975,8192.0,8192.0,0.0
overwrite/local/k3/all/prior,2,1415.3872783657396,1415.3490864930995,8192.0,8192.0,0.0
overwrite/local/k3/prefilter75/ikea2-raw,0,4227.483666061662,4227.361161488529,8192.0,6144.0,0.0
overwrite/local/k3/prefilter75/ikea2-raw,1,4226.8766888484415,4226.765376067039,8192.0,6144.0,0.0
overwrite/local/k3/prefilter75/ikea2-raw,2,4227.1487194997235,4227.036297647295,8192.0,6144.0,0.0
overwrite/local/k3/prefilter75/ikea2-coverage,0,3852.3216352778745,3852.2158015562586,8192.0,6144.0,1.0
overwrite/local/k3/prefilter75/ikea2-coverage,1,3853.098208543793,3853.2091870132426,8192.0,6144.0,1.0
overwrite/local/k3/prefilter75/ikea2-coverage,2,3852.228295820016,3852.1262287360314,8192.0,6144.0,1.0
overwrite/local/k3/prefilter75/ikea2-sum-coverage,0,4237.297597415897,4237.46698974252,8192.0,6144.0,1.0
overwrite/local/k3/prefilter75/ikea2-sum-coverage,1,4233.900868160671,4234.683020400768,8192.0,6144.0,1.0
overwrite/local/k3/prefilter75/ikea2-sum-coverage,2,4234.11881687872,4234.005047463539,8192.0,6144.0,1.0
overwrite/local/k3/prefilter75/ikea-materialized-sum-coverage,0,7634.400873045024,7634.704074306543,8192.0,6144.0,1.0
overwrite/local/k3/prefilter75/ikea-materialized-sum-coverage,1,7633.203164786598,7632.993997803361,8192.0,6144.0,1.0
overwrite/local/k3/prefilter75/ikea-materialized-sum-coverage,2,7632.876500545813,7632.663695894583,8192.0,6144.0,1.0
overwrite/local/k7/all/ikea2-raw,0,1478.527861923296,1478.4882705002049,8192.0,8192.0,0.0
overwrite/local/k7/all/ikea2-raw,1,1478.8486086651158,1478.808207125947,8192.0,8192.0,0.0
overwrite/local/k7/all/ikea2-raw,2,1478.4711165903675,1478.4316308606958,8192.0,8192.0,0.0
overwrite/local/k7/all/ikea2-coverage,0,1478.6025428803318,1478.562603469353,8192.0,8192.0,1.0
overwrite/local/k7/all/ikea2-coverage,1,1478.8521114359653,1478.8134047135286,8192.0,8192.0,1.0
overwrite/local/k7/all/ikea2-coverage,2,1478.82386503712,1478.8634874953127,8192.0,8192.0,1.0
overwrite/local/k7/all/ikea2-sum-coverage,0,3224.0240565675763,3223.9358235684667,8192.0,8192.0,1.0
overwrite/local/k7/all/ikea2-sum-coverage,1,3223.8003996619436,3223.714011224895,8192.0,8192.0,1.0
overwrite/local/k7/all/ikea2-sum-coverage,2,3223.739297517464,3223.656213958524,8192.0,8192.0,1.0
overwrite/local/k7/all/ikea-materialized-sum-coverage,0,4423.167017913267,4423.042149625399,8192.0,8192.0,1.0
overwrite/local/k7/all/ikea-materialized-sum-coverage,1,4422.744994731241,4422.622023163082,8192.0,8192.0,1.0
overwrite/local/k7/all/ikea-materialized-sum-coverage,2,4422.821285563645,4422.705900904645,8192.0,8192.0,1.0
overwrite/local/k7/all/ikea,0,1479.470540559649,1479.4312848006543,8192.0,8192.0,0.0
overwrite/local/k7/all/ikea,1,1479.7964972866191,1479.7581224806827,8192.0,8192.0,0.0
overwrite/local/k7/all/ikea,2,1479.9091549792552,1479.8684896851773,8192.0,8192.0,0.0
overwrite/local/k7/all/prior,0,1419.0581978319237,1419.0205961879933,8192.0,8192.0,0.0
overwrite/local/k7/all/prior,1,1418.8996612465587,1418.8622290058129,8192.0,8192.0,0.0
overwrite/local/k7/all/prior,2,1419.1097899729018,1419.3317411959752,8192.0,8192.0,0.0
overwrite/local/k7/prefilter75/ikea2-raw,0,4009.718274839968,4009.6130821037414,8192.0,6144.0,0.0
overwrite/local/k7/prefilter75/ikea2-raw,1,4009.9337286028185,4009.8282489634726,8192.0,6144.0,0.0
overwrite/local/k7/prefilter75/ikea2-raw,2,4008.9919671035636,4008.885435549083,8192.0,6144.0,0.0
overwrite/local/k7/prefilter75/ikea2-coverage,0,3684.9847992269124,3684.884017279656,8192.0,6144.0,1.0
overwrite/local/k7/prefilter75/ikea2-coverage,1,3684.711976100552,3684.6120726899726,8192.0,6144.0,1.0
overwrite/local/k7/prefilter75/ikea2-coverage,2,3684.41824092794,3684.3203584776475,8192.0,6144.0,1.0
overwrite/local/k7/prefilter75/ikea2-sum-coverage,0,4316.199464800494,4316.081514994494,8192.0,6144.0,1.0
overwrite/local/k7/prefilter75/ikea2-sum-coverage,1,4316.518114450227,4316.403252395956,8192.0,6144.0,1.0
overwrite/local/k7/prefilter75/ikea2-sum-coverage,2,4316.424866200247,4316.311033321348,8192.0,6144.0,1.0
overwrite/local/k7/prefilter75/ikea-materialized-sum-coverage,0,7696.115878254018,7695.904290426694,8192.0,6144.0,1.0
overwrite/local/k7/prefilter75/ikea-materialized-sum-coverage,1,7694.568573523844,7694.363586391007,8192.0,6144.0,1.0
overwrite/local/k7/prefilter75/ikea-materialized-sum-coverage,2,7694.270443710949,7694.066739927205,8192.0,6144.0,1.0
overwrite/local/k12/all/ikea2-raw,0,2050.002978806481,2050.080769601697,8192.0,8192.0,0.0
overwrite/local/k12/all/ikea2-raw,1,2050.063043266013,2050.0070807669535,8192.0,8192.0,0.0
overwrite/local/k12/all/ikea2-raw,2,2049.9271901553943,2049.8740599940784,8192.0,8192.0,0.0
overwrite/local/k12/all/ikea2-coverage,0,2155.408470926124,2155.350425606847,8192.0,8192.0,1.0
overwrite/local/k12/all/ikea2-coverage,1,2153.643575017904,2153.5856835375776,8192.0,8192.0,1.0
overwrite/local/k12/all/ikea2-coverage,2,2229.3023792431804,2238.716541878921,8192.0,8192.0,1.0
overwrite/local/k12/all/ikea2-sum-coverage,0,4976.664447878302,4976.528467814188,8192.0,8192.0,1.0
overwrite/local/k12/all/ikea2-sum-coverage,1,4982.050041602393,4982.409009858335,8192.0,8192.0,1.0
overwrite/local/k12/all/ikea2-sum-coverage,2,4977.690716747943,4979.822179904161,8192.0,8192.0,1.0
overwrite/local/k12/all/ikea-materialized-sum-coverage,0,4785.340476462032,4785.205288946152,8192.0,8192.0,1.0
overwrite/local/k12/all/ikea-materialized-sum-coverage,1,5105.9138265132115,5113.6660206916185,8192.0,8192.0,1.0
overwrite/local/k12/all/ikea-materialized-sum-coverage,2,4810.226832326502,4810.262282036971,8192.0,8192.0,1.0
overwrite/local/k12/all/ikea,0,1599.3066884796817,1599.411467025453,8192.0,8192.0,0.0
overwrite/local/k12/all/ikea,1,1601.741972302503,1601.6985618362567,8192.0,8192.0,0.0
overwrite/local/k12/all/ikea,2,1600.077499619517,1600.0292573226354,8192.0,8192.0,0.0
overwrite/local/k12/prefilter75/ikea2-raw,0,6291.098024543485,6290.9266686802675,8192.0,6144.0,0.0
overwrite/local/k12/prefilter75/ikea2-raw,1,6290.749476205068,6290.579916271048,8192.0,6144.0,0.0
overwrite/local/k12/prefilter75/ikea2-raw,2,6285.961837773435,6285.790781227142,8192.0,6144.0,0.0
overwrite/local/k12/prefilter75/ikea2-coverage,0,6099.5873200522965,6099.422277153394,8192.0,6144.0,1.0
overwrite/local/k12/prefilter75/ikea2-coverage,1,6099.968154718572,6099.799040326104,8192.0,6144.0,1.0
overwrite/local/k12/prefilter75/ikea2-coverage,2,6099.766467936389,6100.108332005506,8192.0,6144.0,1.0
overwrite/local/k12/prefilter75/ikea2-sum-coverage,0,7089.332432888892,7089.52405869864,8192.0,6144.0,1.0
overwrite/local/k12/prefilter75/ikea2-sum-coverage,1,7085.082728347145,7084.882660782851,8192.0,6144.0,1.0
overwrite/local/k12/prefilter75/ikea2-sum-coverage,2,7085.732905621988,7085.531149699347,8192.0,6144.0,1.0
overwrite/local/k12/prefilter75/ikea-materialized-sum-coverage,0,7818.640595902984,7818.421601440362,8192.0,6144.0,1.0
overwrite/local/k12/prefilter75/ikea-materialized-sum-coverage,1,7817.691247672252,7817.470949816895,8192.0,6144.0,1.0
overwrite/local/k12/prefilter75/ikea-materialized-sum-coverage,2,7817.955865921847,7817.7378026757615,8192.0,6144.0,1.0
overwrite/local/k31/all/ikea2-raw,0,2484.3267760858434,2484.708597519826,8192.0,8192.0,0.0
overwrite/local/k31/all/ikea2-raw,1,2477.168631865996,2485.8305386407824,8192.0,8192.0,0.0
overwrite/local/k31/all/ikea2-raw,2,2478.5452983351774,2478.832434648863,8192.0,8192.0,0.0
overwrite/local/k31/all/ikea2-coverage,0,2683.302143629581,4213.447236222695,8192.0,8192.0,1.0
overwrite/local/k31/all/ikea2-coverage,1,2679.7526238790215,2798.801984621118,8192.0,8192.0,1.0
overwrite/local/k31/all/ikea2-coverage,2,2739.624324152526,2739.9377901961825,8192.0,8192.0,1.0
overwrite/local/k31/all/ikea2-sum-coverage,0,6365.669801304005,6365.490520349362,8192.0,8192.0,1.0
overwrite/local/k31/all/ikea2-sum-coverage,1,6360.281359017066,6360.104049772711,8192.0,8192.0,1.0
overwrite/local/k31/all/ikea2-sum-coverage,2,6359.648718337482,6359.4785378596525,8192.0,8192.0,1.0
overwrite/local/k31/all/ikea-materialized-sum-coverage,0,5301.236128705116,5301.085381320156,8192.0,8192.0,1.0
overwrite/local/k31/all/ikea-materialized-sum-coverage,1,5299.692677983157,5299.545097546758,8192.0,8192.0,1.0
overwrite/local/k31/all/ikea-materialized-sum-coverage,2,5301.6795034203205,5301.533823156026,8192.0,8192.0,1.0
overwrite/local/k31/all/ikea,0,1959.070880867722,1961.553067111065,8192.0,8192.0,0.0
overwrite/local/k31/all/ikea,1,1965.2408359827948,1965.1886571550713,8192.0,8192.0,0.0
overwrite/local/k31/all/ikea,2,1961.0359547408934,1960.9824668129274,8192.0,8192.0,0.0
overwrite/local/k31/prefilter75/ikea2-raw,0,8141.983116630613,8142.443042917633,8192.0,6144.0,0.0
overwrite/local/k31/prefilter75/ikea2-raw,1,8141.393557150867,8143.753929771601,8192.0,6144.0,0.0
overwrite/local/k31/prefilter75/ikea2-raw,2,8140.611682514849,8141.583931716064,8192.0,6144.0,0.0
overwrite/local/k31/prefilter75/ikea2-coverage,0,8246.171479080718,8245.937536860576,8192.0,6144.0,1.0
overwrite/local/k31/prefilter75/ikea2-coverage,1,8244.115497937684,8243.878805832717,8192.0,6144.0,1.0
overwrite/local/k31/prefilter75/ikea2-coverage,2,8243.696916126904,8243.473973680542,8192.0,6144.0,1.0
overwrite/local/k31/prefilter75/ikea2-sum-coverage,0,9184.582003829339,9341.026164683224,8192.0,6144.0,1.0
overwrite/local/k31/prefilter75/ikea2-sum-coverage,1,8926.30972133589,8926.975324517623,8192.0,6144.0,1.0
overwrite/local/k31/prefilter75/ikea2-sum-coverage,2,8919.613699212861,8919.363326893894,8192.0,6144.0,1.0
overwrite/local/k31/prefilter75/ikea-materialized-sum-coverage,0,9138.972826087062,9142.223478430305,8192.0,6144.0,1.0
overwrite/local/k31/prefilter75/ikea-materialized-sum-coverage,1,9136.771086956724,9137.282391234095,8192.0,6144.0,1.0
overwrite/local/k31/prefilter75/ikea-materialized-sum-coverage,2,9138.023695652526,9138.543695687827,8192.0,6144.0,1.0
overwrite/local/k56/all/ikea2-raw,0,1468.320582687078,1468.2791169005768,8192.0,8192.0,0.0
overwrite/local/k56/all/ikea2-raw,1,1469.5285055544387,1469.4878432385976,8192.0,8192.0,0.0
overwrite/local/k56/all/ikea2-raw,2,1468.3299797387424,1468.2891776733975,8192.0,8192.0,0.0
overwrite/local/k56/all/ikea2-coverage,0,1481.0623873952866,1481.0213374814346,8192.0,8192.0,1.0
overwrite/local/k56/all/ikea2-coverage,1,1483.1111739144799,1483.0709011900988,8192.0,8192.0,1.0
overwrite/local/k56/all/ikea2-coverage,2,1481.9643197795776,1481.9244356469196,8192.0,8192.0,1.0
overwrite/local/k56/all/ikea2-sum-coverage,0,3690.4943306671225,3690.3851630379604,8192.0,8192.0,1.0
overwrite/local/k56/all/ikea2-sum-coverage,1,3688.3457853563186,3688.24312210762,8192.0,8192.0,1.0
overwrite/local/k56/all/ikea2-sum-coverage,2,3688.3260965106456,3688.488617407038,8192.0,8192.0,1.0
overwrite/local/k56/all/ikea-materialized-sum-coverage,0,5864.409935266031,5864.239234532188,8192.0,8192.0,1.0
overwrite/local/k56/all/ikea-materialized-sum-coverage,1,5863.363495637459,5863.208696913536,8192.0,8192.0,1.0
overwrite/local/k56/all/ikea-materialized-sum-coverage,2,5862.902758232824,5862.744019226958,8192.0,8192.0,1.0
overwrite/local/k56/all/ikea,0,1657.3447146128672,1657.2984526618332,8192.0,8192.0,0.0
overwrite/local/k56/all/ikea,1,1656.8667403488903,1656.8230046313874,8192.0,8192.0,0.0
overwrite/local/k56/all/ikea,2,1658.892239677865,1658.846175092879,8192.0,8192.0,0.0
overwrite/local/k56/all/prior,0,2114.631367224906,2114.5684115185645,8192.0,8192.0,0.0
overwrite/local/k56/all/prior,1,2114.8700155880747,2114.813244821467,8192.0,8192.0,0.0
overwrite/local/k56/all/prior,2,2116.425403529837,2116.595916954127,8192.0,8192.0,0.0
overwrite/local/k56/prefilter75/ikea2-raw,0,2961.761813943713,2963.2212333469,8192.0,6144.0,0.0
overwrite/local/k56/prefilter75/ikea2-raw,1,2965.6391184574754,2965.6875750220192,8192.0,6144.0,0.0
overwrite/local/k56/prefilter75/ikea2-raw,2,2965.284099738807,2965.204209970959,8192.0,6144.0,0.0
overwrite/local/k56/prefilter75/ikea2-coverage,0,2879.163521581118,2879.08378506357,8192.0,6144.0,1.0
overwrite/local/k56/prefilter75/ikea2-coverage,1,2872.0588760036107,2871.9824332694943,8192.0,6144.0,1.0
overwrite/local/k56/prefilter75/ikea2-coverage,2,2874.2762643243736,2874.1969395325277,8192.0,6144.0,1.0
overwrite/local/k56/prefilter75/ikea2-sum-coverage,0,6275.815386922279,6275.63527292218,8192.0,6144.0,1.0
overwrite/local/k56/prefilter75/ikea2-sum-coverage,1,6277.875674865197,6277.704409241105,8192.0,6144.0,1.0
overwrite/local/k56/prefilter75/ikea2-sum-coverage,2,6283.137372525189,6282.965806765522,8192.0,6144.0,1.0
overwrite/local/k56/prefilter75/ikea-materialized-sum-coverage,0,8282.32516307578,8282.082229723006,8192.0,6144.0,1.0
overwrite/local/k56/prefilter75/ikea-materialized-sum-coverage,1,8281.143901956857,8280.91104953905,8192.0,6144.0,1.0
overwrite/local/k56/prefilter75/ikea-materialized-sum-coverage,2,8284.582328523456,8284.345325263585,8192.0,6144.0,1.0
overwrite/local/k64/all/ikea2-raw,0,1298.3416501364318,1298.412503097421,8192.0,8192.0,0.0
overwrite/local/k64/all/ikea2-raw,1,1301.0733015125327,1301.0376580731522,8192.0,8192.0,0.0
overwrite/local/k64/all/ikea2-raw,2,1298.5472972973018,1298.51190181397,8192.0,8192.0,0.0
overwrite/local/k64/all/ikea2-coverage,0,1303.8060339486822,1303.837721483119,8192.0,8192.0,1.0
overwrite/local/k64/all/ikea2-coverage,1,1303.203072729574,1303.1670177085475,8192.0,8192.0,1.0
overwrite/local/k64/all/ikea2-coverage,2,1303.4538471069252,1303.4191550000305,8192.0,8192.0,1.0
overwrite/local/k64/all/ikea2-sum-coverage,0,2727.970840368825,2727.8840758465435,8192.0,8192.0,1.0
overwrite/local/k64/all/ikea2-sum-coverage,1,2721.332705546237,2721.6593713689426,8192.0,8192.0,1.0
overwrite/local/k64/all/ikea2-sum-coverage,2,2721.029289518225,2721.1957396995685,8192.0,8192.0,1.0
overwrite/local/k64/all/ikea-materialized-sum-coverage,0,5132.688073394699,5133.867645214328,8192.0,8192.0,1.0
overwrite/local/k64/all/ikea-materialized-sum-coverage,1,5140.165749235538,5140.005993838913,8192.0,8192.0,1.0
overwrite/local/k64/all/ikea-materialized-sum-coverage,2,5128.745688073342,5128.892110097287,8192.0,8192.0,1.0
overwrite/local/k64/all/ikea,0,1314.8308025348906,1314.7946288484632,8192.0,8192.0,0.0
overwrite/local/k64/all/ikea,1,1317.3143628036273,1317.584614415643,8192.0,8192.0,0.0
overwrite/local/k64/all/ikea,2,1317.0808495952201,1317.1116897827767,8192.0,8192.0,0.0
overwrite/local/k64/prefilter75/ikea2-raw,0,1818.3910406376835,1818.3409583320142,8192.0,6144.0,0.0
overwrite/local/k64/prefilter75/ikea2-raw,1,1820.3583311671846,1820.3085087815696,8192.0,6144.0,0.0
overwrite/local/k64/prefilter75/ikea2-raw,2,1819.2461225196175,1819.1963867614509,8192.0,6144.0,0.0
overwrite/local/k64/prefilter75/ikea2-coverage,0,1819.2055803475062,1819.1528963404132,8192.0,6144.0,1.0
overwrite/local/k64/prefilter75/ikea2-coverage,1,1820.8633074822399,1820.9276461027546,8192.0,6144.0,1.0
overwrite/local/k64/prefilter75/ikea2-coverage,2,1821.2206143580354,1821.1727394980298,8192.0,6144.0,1.0
overwrite/local/k64/prefilter75/ikea2-sum-coverage,0,3529.475349710002,3566.112163058056,8192.0,6144.0,1.0
overwrite/local/k64/prefilter75/ikea2-sum-coverage,1,3532.6864551347026,3532.9790174007117,8192.0,6144.0,1.0
overwrite/local/k64/prefilter75/ikea2-sum-coverage,2,3526.543074036279,3526.4410610547984,8192.0,6144.0,1.0
overwrite/local/k64/prefilter75/ikea-materialized-sum-coverage,0,7252.744555824945,7252.524023414851,8192.0,6144.0,1.0
overwrite/local/k64/prefilter75/ikea-materialized-sum-coverage,1,7253.429312132828,7253.220186592961,8192.0,6144.0,1.0
overwrite/local/k64/prefilter75/ikea-materialized-sum-coverage,2,7250.029726926483,7249.838575888327,8192.0,6144.0,1.0
overwrite/striped/k3/all/ikea2-raw,0,172.61037455446444,172.60548244580625,8192.0,8192.0,0.0
overwrite/striped/k3/all/ikea2-raw,1,172.44347972655316,172.43908094011962,8192.0,8192.0,0.0
overwrite/striped/k3/all/ikea2-raw,2,172.61879802178623,172.63474053392864,8192.0,8192.0,0.0
overwrite/striped/k3/all/ikea2-coverage,0,224.41476155882768,224.50613195122577,8192.0,8192.0,1.0
overwrite/striped/k3/all/ikea2-coverage,1,224.54984616699957,224.56167742025627,8192.0,8192.0,1.0
overwrite/striped/k3/all/ikea2-coverage,2,224.95107789930026,224.94460943409476,8192.0,8192.0,1.0
overwrite/striped/k3/all/ikea2-sum-coverage,0,775.4602309469045,775.4391685952797,8192.0,8192.0,1.0
overwrite/striped/k3/all/ikea2-sum-coverage,1,775.2428267899232,775.2218198619448,8192.0,8192.0,1.0
overwrite/striped/k3/all/ikea2-sum-coverage,2,775.5737274825743,775.5526466483054,8192.0,8192.0,1.0
overwrite/striped/k3/all/ikea-materialized-sum-coverage,0,1540.8989984223015,1540.8548996615493,8192.0,8192.0,1.0
overwrite/striped/k3/all/ikea-materialized-sum-coverage,1,1541.1284073815496,1541.085005691714,8192.0,8192.0,1.0
overwrite/striped/k3/all/ikea-materialized-sum-coverage,2,1540.7543016474408,1540.7130278643067,8192.0,8192.0,1.0
overwrite/striped/k3/all/ikea,0,128.87344674034162,128.8698898576128,8192.0,8192.0,0.0
overwrite/striped/k3/all/ikea,1,129.04003105753392,129.0365693099938,8192.0,8192.0,0.0
overwrite/striped/k3/all/ikea,2,128.88225455506137,128.87892477212435,8192.0,8192.0,0.0
overwrite/striped/k3/all/prior,0,125.0940818427281,125.0907401038805,8192.0,8192.0,0.0
overwrite/striped/k3/all/prior,1,124.88800405781681,124.89571989210643,8192.0,8192.0,0.0
overwrite/striped/k3/all/prior,2,124.78894242961249,124.78573197643313,8192.0,8192.0,0.0
overwrite/striped/k3/prefilter75/ikea2-raw,0,409.7709374024248,409.7843428018781,8192.0,6144.0,0.0
overwrite/striped/k3/prefilter75/ikea2-raw,1,409.60856033403047,409.59747697480265,8192.0,6144.0,0.0
overwrite/striped/k3/prefilter75/ikea2-raw,2,409.5050538557262,409.49340461662,8192.0,6144.0,0.0
overwrite/striped/k3/prefilter75/ikea2-coverage,0,436.14418478938904,436.16504844304933,8192.0,6144.0,1.0
overwrite/striped/k3/prefilter75/ikea2-coverage,1,435.8999126783102,435.92857290927583,8192.0,6144.0,1.0
overwrite/striped/k3/prefilter75/ikea2-coverage,2,436.1499542600504,436.13839452636347,8192.0,6144.0,1.0
overwrite/striped/k3/prefilter75/ikea2-sum-coverage,0,909.2650623268114,909.3202475686909,8192.0,6144.0,1.0
overwrite/striped/k3/prefilter75/ikea2-sum-coverage,1,908.2288564751557,908.5323104121109,8192.0,6144.0,1.0
overwrite/striped/k3/prefilter75/ikea2-sum-coverage,2,908.1987967451352,908.1748614964613,8192.0,6144.0,1.0
overwrite/striped/k3/prefilter75/ikea-materialized-sum-coverage,0,5175.6467465125925,5175.497221884658,8192.0,6144.0,1.0
overwrite/striped/k3/prefilter75/ikea-materialized-sum-coverage,1,5175.307939252478,5175.170268028481,8192.0,6144.0,1.0
overwrite/striped/k3/prefilter75/ikea-materialized-sum-coverage,2,5176.290159278882,5176.65217931306,8192.0,6144.0,1.0
overwrite/striped/k7/all/ikea2-raw,0,190.06181603881933,190.07432340686458,8192.0,8192.0,0.0
overwrite/striped/k7/all/ikea2-raw,1,190.59938800488965,190.59423817854451,8192.0,8192.0,0.0
overwrite/striped/k7/all/ikea2-raw,2,190.1159209392967,190.11075298027717,8192.0,8192.0,0.0
overwrite/striped/k7/all/ikea2-coverage,0,225.22936935486013,225.22303342298505,8192.0,8192.0,1.0
overwrite/striped/k7/all/ikea2-coverage,1,225.2369060063021,225.24222883384792,8192.0,8192.0,1.0
overwrite/striped/k7/all/ikea2-coverage,2,225.19593685505626,225.1898475016398,8192.0,8192.0,1.0
overwrite/striped/k7/all/ikea2-sum-coverage,0,823.2985024892004,823.2752165962571,8192.0,8192.0,1.0
overwrite/striped/k7/all/ikea2-sum-coverage,1,823.0909874946622,823.0688384539404,8192.0,8192.0,1.0
overwrite/striped/k7/all/ikea2-sum-coverage,2,822.8955074679169,822.8734564124005,8192.0,8192.0,1.0
overwrite/striped/k7/all/ikea-materialized-sum-coverage,0,1634.0628913693583,1634.017813393529,8192.0,8192.0,1.0
overwrite/striped/k7/all/ikea-materialized-sum-coverage,1,1634.1120921006263,1634.066508520207,8192.0,8192.0,1.0
overwrite/striped/k7/all/ikea-materialized-sum-coverage,2,1635.0876667575494,1635.0394772926675,8192.0,8192.0,1.0
overwrite/striped/k7/all/ikea,0,195.41691320697024,195.41206315634028,8192.0,8192.0,0.0
overwrite/striped/k7/all/ikea,1,195.37198153162004,195.36679603081063,8192.0,8192.0,0.0
overwrite/striped/k7/all/ikea,2,196.28530961577252,196.29505630616725,8192.0,8192.0,0.0
overwrite/striped/k7/all/prior,0,191.11731257926104,191.15590821562165,8192.0,8192.0,0.0
overwrite/striped/k7/all/prior,1,192.50619860818463,192.51400946265093,8192.0,8192.0,0.0
overwrite/striped/k7/all/prior,2,194.59937194924652,194.5939759525971,8192.0,8192.0,0.0
overwrite/striped/k7/prefilter75/ikea2-raw,0,516.1825048131645,516.1681270623714,8192.0,6144.0,0.0
overwrite/striped/k7/prefilter75/ikea2-raw,1,516.3360073061156,516.3216048769671,8192.0,6144.0,0.0
overwrite/striped/k7/prefilter75/ikea2-raw,2,516.4089820802112,516.3956410097612,8192.0,6144.0,0.0
overwrite/striped/k7/prefilter75/ikea2-coverage,0,504.6172201161164,504.6032799116437,8192.0,6144.0,1.0
overwrite/striped/k7/prefilter75/ikea2-coverage,1,504.6230985171662,504.64781179719944,8192.0,6144.0,1.0
overwrite/striped/k7/prefilter75/ikea2-coverage,2,504.74096645716406,504.72741013935314,8192.0,6144.0,1.0
overwrite/striped/k7/prefilter75/ikea2-sum-coverage,0,975.4236626137393,975.3967405347103,8192.0,6144.0,1.0
overwrite/striped/k7/prefilter75/ikea2-sum-coverage,1,975.2025201683058,975.1756910751748,8192.0,6144.0,1.0
overwrite/striped/k7/prefilter75/ikea2-sum-coverage,2,975.417850417276,975.3919280341958,8192.0,6144.0,1.0
overwrite/striped/k7/prefilter75/ikea-materialized-sum-coverage,0,5255.326067894315,5255.179506496977,8192.0,6144.0,1.0
overwrite/striped/k7/prefilter75/ikea-materialized-sum-coverage,1,5254.855818613961,5254.706877088042,8192.0,6144.0,1.0
overwrite/striped/k7/prefilter75/ikea-materialized-sum-coverage,2,5255.123888262781,5255.314543389581,8192.0,6144.0,1.0
overwrite/striped/k12/all/ikea2-raw,0,411.71707829025223,411.70581830988715,8192.0,8192.0,0.0
overwrite/striped/k12/all/ikea2-raw,1,411.55842831086005,411.5669713842956,8192.0,8192.0,0.0
overwrite/striped/k12/all/ikea2-raw,2,411.41285285520456,411.40141632796116,8192.0,8192.0,0.0
overwrite/striped/k12/all/ikea2-coverage,0,524.3452128852381,524.3306385384984,8192.0,8192.0,1.0
overwrite/striped/k12/all/ikea2-coverage,1,523.1014848402256,523.0874834844485,8192.0,8192.0,1.0
overwrite/striped/k12/all/ikea2-coverage,2,523.7946137173284,523.8036946557373,8192.0,8192.0,1.0
overwrite/striped/k12/all/ikea2-sum-coverage,0,1711.68183484748,1711.804416028293,8192.0,8192.0,1.0
overwrite/striped/k12/all/ikea2-sum-coverage,1,1710.8462948630092,1710.8003829703162,8192.0,8192.0,1.0
overwrite/striped/k12/all/ikea2-sum-coverage,2,1711.3870126696831,1712.068603101474,8192.0,8192.0,1.0
overwrite/striped/k12/all/ikea-materialized-sum-coverage,0,2238.057158090924,2238.096667543371,8192.0,8192.0,1.0
overwrite/striped/k12/all/ikea-materialized-sum-coverage,1,2239.415409224196,2239.435617156967,8192.0,8192.0,1.0
overwrite/striped/k12/all/ikea-materialized-sum-coverage,2,2239.656411623797,2239.5917355231654,8192.0,8192.0,1.0
overwrite/striped/k12/all/ikea,0,309.4952752428914,309.5087209317673,8192.0,8192.0,0.0
overwrite/striped/k12/all/ikea,1,309.3146673535631,309.30569619921675,8192.0,8192.0,0.0
overwrite/striped/k12/all/ikea,2,309.34721077420187,309.33904180372684,8192.0,8192.0,0.0
overwrite/striped/k12/prefilter75/ikea2-raw,0,1300.4239464136538,1300.3891524630144,8192.0,6144.0,0.0
overwrite/striped/k12/prefilter75/ikea2-raw,1,1300.4121313608844,1300.3779266184495,8192.0,6144.0,0.0
overwrite/striped/k12/prefilter75/ikea2-raw,2,1300.203305733823,1300.1681086416788,8192.0,6144.0,0.0
overwrite/striped/k12/prefilter75/ikea2-coverage,0,1320.97275701531,1320.9353215032984,8192.0,6144.0,1.0
overwrite/striped/k12/prefilter75/ikea2-coverage,1,1320.3753303134897,1320.4307285897276,8192.0,6144.0,1.0
overwrite/striped/k12/prefilter75/ikea2-coverage,2,1320.2774002768303,1320.2419151950166,8192.0,6144.0,1.0
overwrite/striped/k12/prefilter75/ikea2-sum-coverage,0,1938.9359353349091,1938.8848037170474,8192.0,6144.0,1.0
overwrite/striped/k12/prefilter75/ikea2-sum-coverage,1,1937.975981524118,1937.9216628168645,8192.0,6144.0,1.0
overwrite/striped/k12/prefilter75/ikea2-sum-coverage,2,1938.9121478058776,1938.8574133914121,8192.0,6144.0,1.0
overwrite/striped/k12/prefilter75/ikea-materialized-sum-coverage,0,5786.79004686997,5786.629445827106,8192.0,6144.0,1.0
overwrite/striped/k12/prefilter75/ikea-materialized-sum-coverage,1,5785.1098704166525,5784.94678797421,8192.0,6144.0,1.0
overwrite/striped/k12/prefilter75/ikea-materialized-sum-coverage,2,5785.771574304061,5786.000689220604,8192.0,6144.0,1.0
pipeline-mutation/k7/depth3/inline,0,8345.638695565593,8345.409027666481,8192.0,,
pipeline-mutation/k7/depth3/inline,1,8354.567508451397,8355.095843959702,8192.0,,
pipeline-mutation/k7/depth3/inline,2,8348.070789421125,8349.88089086049,8192.0,,
pipeline-mutation/k7/depth3/cps,0,9860.263738844676,9859.983795241073,8192.0,,
pipeline-mutation/k7/depth3/cps,1,9859.618600282825,9859.98027239088,8192.0,,
pipeline-mutation/k7/depth3/cps,2,9858.472522310567,9858.196806039086,8192.0,,
pipeline-mutation/k7/depth3/scratch-calls,0,11121.75814569504,11121.469139249066,8192.0,,
pipeline-mutation/k7/depth3/scratch-calls,1,11115.42728476827,11115.134569605432,8192.0,,
pipeline-mutation/k7/depth3/scratch-calls,2,11115.701456952856,11115.404503296257,8192.0,,
pipeline-mutation/k7/depth3/fused,0,6581.1592156862,6580.981490140617,8192.0,,
pipeline-mutation/k7/depth3/fused,1,6578.459137254894,6578.281568591574,8192.0,,
pipeline-mutation/k7/depth3/fused,2,6579.931450980715,6579.76047060562,8192.0,,
pipeline-mutation/k12/depth3/inline,0,11475.572873940942,11475.256220757276,8192.0,,
pipeline-mutation/k12/depth3/inline,1,11474.497128793073,11474.18184289803,8192.0,,
pipeline-mutation/k12/depth3/inline,2,11476.334153679245,11476.021055564132,8192.0,,
pipeline-mutation/k12/depth3/cps,0,13779.794552018937,13780.309812906316,8192.0,,
pipeline-mutation/k12/depth3/cps,1,13778.650804069943,13778.272399111916,8192.0,,
pipeline-mutation/k12/depth3/cps,2,13777.579258285994,13777.204463388765,8192.0,,
pipeline-mutation/k12/depth3/scratch-calls,0,14987.423982869961,14987.012490824984,8192.0,,
pipeline-mutation/k12/depth3/scratch-calls,1,14986.9496788015,14987.268736575277,8192.0,,
pipeline-mutation/k12/depth3/scratch-calls,2,14986.245182013523,14985.848322675682,8192.0,,
pipeline-mutation/k12/depth3/fused,0,9568.468657396701,9568.19352630082,8192.0,,
pipeline-mutation/k12/depth3/fused,1,9573.406656030254,9573.806017898145,8192.0,,
pipeline-mutation/k12/depth3/fused,2,9567.336220652016,9567.080465041014,8192.0,,
pipeline-mutation/k31/depth3/inline,0,15008.829163687215,15008.420657540826,8192.0,,
pipeline-mutation/k31/depth3/inline,1,15007.211937096305,15007.66797721342,8192.0,,
pipeline-mutation/k31/depth3/inline,2,15037.413152251282,15036.923874339156,8192.0,,
pipeline-mutation/k31/depth3/cps,0,17359.633319555483,17359.154609460726,8192.0,,
pipeline-mutation/k31/depth3/cps,1,17355.216205042645,17354.698222278617,8192.0,,
pipeline-mutation/k31/depth3/cps,2,17354.987184785015,17356.603968603595,8192.0,,
pipeline-mutation/k31/depth3/scratch-calls,0,19175.957990867755,19175.417808117876,8192.0,,
pipeline-mutation/k31/depth3/scratch-calls,1,19168.73926940789,19168.220091550415,8192.0,,
pipeline-mutation/k31/depth3/scratch-calls,2,19165.51232876605,19164.990867902317,8192.0,,
pipeline-mutation/k31/depth3/fused,0,11912.600056769077,11912.261424876058,8192.0,,
pipeline-mutation/k31/depth3/fused,1,11910.39568549574,11910.761850889518,8192.0,,
pipeline-mutation/k31/depth3/fused,2,11906.264831110344,11905.936417677018,8192.0,,
pipeline-mutation/k64/depth3/inline,0,14454.98898451087,14454.579001804836,8192.0,,
pipeline-mutation/k64/depth3/inline,1,14454.042685025972,14454.790705872765,8192.0,,
pipeline-mutation/k64/depth3/inline,2,14450.660929433643,14450.268846615028,8192.0,,
pipeline-mutation/k64/depth3/cps,0,17570.273221759297,17569.797489376007,8192.0,,
pipeline-mutation/k64/depth3/cps,1,17569.92133891324,17569.44811707068,8192.0,,
pipeline-mutation/k64/depth3/cps,2,17569.69414225807,17569.194560602995,8192.0,,
pipeline-mutation/k64/depth3/scratch-calls,0,19461.325452014913,19460.792768011583,8192.0,,
pipeline-mutation/k64/depth3/scratch-calls,1,19475.18683356555,19476.675938927514,8192.0,,
pipeline-mutation/k64/depth3/scratch-calls,2,19465.282336576438,19471.476124124496,8192.0,,
pipeline-mutation/k64/depth3/fused,0,9238.994493391561,9238.731057255807,8192.0,,
pipeline-mutation/k64/depth3/fused,1,9241.018722466475,9241.328193698862,8192.0,,
pipeline-mutation/k64/depth3/fused,2,9241.252863435446,9241.013436213198,8192.0,,
pipeline-mutation/k7/depth7/inline,0,21833.243762994174,21832.65488533144,8192.0,,
pipeline-mutation/k7/depth7/inline,1,21830.224532224413,21829.636174565218,8192.0,,
pipeline-mutation/k7/depth7/inline,2,21835.357068608762,21834.76299383556,8192.0,,
pipeline-mutation/k7/depth7/cps,0,28906.184445969997,28905.390915559234,8192.0,,
pipeline-mutation/k7/depth7/cps,1,28909.12938747683,28908.36682729131,8192.0,,
pipeline-mutation/k7/depth7/cps,2,28907.333103923636,28906.58155554165,8192.0,,
pipeline-mutation/k7/depth7/scratch-calls,0,32860.58150469821,32859.67398164116,8192.0,,
pipeline-mutation/k7/depth7/scratch-calls,1,32852.95454545432,32852.05799346667,8192.0,,
pipeline-mutation/k7/depth7/scratch-calls,2,32854.95846394558,32854.086206566746,8192.0,,
pipeline-mutation/k7/depth7/fused,0,6586.586758707412,6586.406338330241,8192.0,,
pipeline-mutation/k7/depth7/fused,1,6585.282240351229,6585.582052038193,8192.0,,
pipeline-mutation/k7/depth7/fused,2,6584.597740821549,6584.423438975365,8192.0,,
pipeline-mutation/k31/depth7/inline,0,36377.36568457709,36376.33968786604,8192.0,,
pipeline-mutation/k31/depth7/inline,1,36378.33622183905,36377.28076268281,8192.0,,
pipeline-mutation/k31/depth7/inline,2,36373.94540727788,36372.95320641145,8192.0,,
pipeline-mutation/k31/depth7/cps,0,45485.741061752924,45484.43445352287,8192.0,,
pipeline-mutation/k31/depth7/cps,1,45502.04008667307,45505.60563374675,8192.0,,
pipeline-mutation/k31/depth7/cps,2,45478.25460455228,45481.15926259424,8192.0,,
pipeline-mutation/k31/depth7/scratch-calls,0,46708.20601335719,46716.11358509292,8192.0,,
pipeline-mutation/k31/depth7/scratch-calls,1,46716.06570155467,46717.27728255105,8192.0,,
pipeline-mutation/k31/depth7/scratch-calls,2,46663.116926501505,46664.02227098488,8192.0,,
pipeline-mutation/k31/depth7/fused,0,11709.034338357567,11708.709659438913,8192.0,,
pipeline-mutation/k31/depth7/fused,1,11710.752372976409,11711.247627001929,8192.0,,
pipeline-mutation/k31/depth7/fused,2,11705.028196539137,11704.699329895437,8192.0,,
decode/local/k1/ikea,0,198.99939908431364,198.99397176387816,,,
decode/local/k1/ikea,1,198.89111026323928,198.8856447899324,,,
decode/local/k1/ikea,2,198.34728634109487,198.34191148499607,,,
decode/local/k1/ikea2,0,245.62949747769488,245.62279483859237,,,
decode/local/k1/ikea2,1,247.47839511598008,247.49000169957966,,,
decode/local/k1/ikea2,2,246.0619291183754,246.05526749037628,,,
decode/local/k1/prior,0,251.09898405741984,251.09219514216764,,,
decode/local/k1/prior,1,250.92302902946005,250.91625807279192,,,
decode/local/k1/prior,2,250.8116884282943,250.80503720567228,,,
point/local/k1/prior,0,554.7143782982982,554.6986125690992,,,
point/local/k1/prior,1,554.7259909796848,554.711137858223,,,
point/local/k1/prior,2,554.7948602642874,554.7791738888791,,,
point/local/k1/ikea,0,554.2973333509376,554.281840638481,,,
point/local/k1/ikea,1,554.7327935758207,554.7635280505688,,,
point/local/k1/ikea,2,554.3289131325132,554.3134996621872,,,
point/local/k1/ikea2,0,553.9469240206778,554.0775756348129,,,
point/local/k1/ikea2,1,554.0644088815745,554.0803857726967,,,
point/local/k1/ikea2,2,553.9333350924503,553.9180706361698,,,
decode/striped/k1/ikea,0,148.57903775896295,148.5749575849386,,,
decode/striped/k1/ikea,1,148.5919930054333,148.5879961012104,,,
decode/striped/k1/ikea,2,148.568306484902,148.56442407222485,,,
decode/striped/k1/ikea2,0,147.07678069413578,147.0728001773927,,,
decode/striped/k1/ikea2,1,152.49756807377298,152.4934409470167,,,
decode/striped/k1/ikea2,2,153.73192732444082,153.72768290809051,,,
decode/striped/k1/prior,0,131.34699658789742,131.3571978750993,,,
decode/striped/k1/prior,1,129.99140609086484,129.98766933237843,,,
decode/striped/k1/prior,2,131.1560622071675,131.15258008270797,,,
point/striped/k1/prior,0,555.1313331745886,555.115273701024,,,
point/striped/k1/prior,1,555.0609572188297,555.0457179058125,,,
point/striped/k1/prior,2,555.0868984311268,555.1078260085184,,,
point/striped/k1/ikea,0,553.9736234751099,553.9582591461675,,,
point/striped/k1/ikea,1,553.9402703593877,553.924826900583,,,
point/striped/k1/ikea,2,554.0096669964064,553.9942894819649,,,
point/striped/k1/ikea2,0,554.9388618574254,554.9228501117035,,,
point/striped/k1/ikea2,1,554.943423418624,554.9587740701498,,,
point/striped/k1/ikea2,2,554.9084778928946,554.8929950269826,,,
decode/local/k2/ikea,0,404.06693890162336,404.0825875878236,,,
decode/local/k2/ikea,1,404.31497195594267,404.3728749734159,,,
decode/local/k2/ikea,2,403.89176247985074,403.8812399197684,,,
decode/local/k2/ikea2,0,409.49261539656595,409.49794439052397,,,
decode/local/k2/ikea2,1,409.25815910996346,409.24687761875487,,,
decode/local/k2/ikea2,2,409.1801823743727,409.1692418623406,,,
decode/local/k2/prior,0,406.4365429560406,406.4253711784706,,,
decode/local/k2/prior,1,406.5785176061593,406.5672682456354,,,
decode/local/k2/prior,2,407.43049157757815,407.41949436356646,,,
point/local/k2/prior,0,554.7353908757849,554.7194176211488,,,
point/local/k2/prior,1,554.7574020002922,554.7423139510972,,,
point/local/k2/prior,2,554.7976984766173,554.7822933261933,,,
point/local/k2/ikea,0,555.8659961622411,555.8853172735988,,,
point/local/k2/ikea,1,555.7292661946342,555.7131873161554,,,
point/local/k2/ikea,2,555.799761794499,555.784106406731,,,
point/local/k2/ikea2,0,555.0449319413369,555.0288753814873,,,
point/local/k2/ikea2,1,555.025968019023,555.009977531103,,,
point/local/k2/ikea2,2,554.9720232588302,554.956733172801,,,
decode/striped/k2/ikea,0,133.91854707737423,133.9149061864602,,,
decode/striped/k2/ikea,1,131.83011275861483,131.8265015776835,,,
decode/striped/k2/ikea,2,134.9209831390396,134.91731914298555,,,
decode/striped/k2/ikea2,0,158.22766090085048,158.2376653317897,,,
decode/striped/k2/ikea2,1,157.4047175550674,157.40037253516536,,,
decode/striped/k2/ikea2,2,158.20975882710886,158.2566151680412,,,
decode/striped/k2/prior,0,147.49570837296184,147.5007740728007,,,
decode/striped/k2/prior,1,147.73273607459893,147.72817238078454,,,
decode/striped/k2/prior,2,147.5262780974301,147.52194609746445,,,
point/striped/k2/prior,0,555.707627680213,555.6924677349542,,,
point/striped/k2/prior,1,555.7589780286974,555.7433807691579,,,
point/striped/k2/prior,2,555.7085950544595,555.6928652818352,,,
point/striped/k2/ikea,0,554.1472860028798,554.1311908287391,,,
point/striped/k2/ikea,1,554.1442623816486,554.1289462308322,,,
point/striped/k2/ikea,2,554.1274014022656,554.1120588366757,,,
point/striped/k2/ikea2,0,554.4843300329753,554.4688052882206,,,
point/striped/k2/ikea2,1,554.6000000000688,554.5837887712269,,,
point/striped/k2/ikea2,2,554.5491485148401,554.5341650233643,,,
decode/local/k3/ikea,0,1406.1616662201595,1406.1224885934544,,,
decode/local/k3/ikea,1,1406.3236338065099,1406.4156509506597,,,
decode/local/k3/ikea,2,1406.1086257702514,1406.070821077756,,,
decode/local/k3/ikea2,0,1406.7468265397597,1406.7083095896871,,,
decode/local/k3/ikea2,1,1406.566165388316,1406.5282513274599,,,
decode/local/k3/ikea2,2,1406.7082426229917,1406.6708979423024,,,
decode/local/k3/prior,0,1411.95879139409,1412.0021919448557,,,
decode/local/k3/prior,1,1411.4923450461945,1411.4531597680448,,,
decode/local/k3/prior,2,1412.2433735751906,1412.3223173952802,,,
point/local/k3/prior,0,568.2820835192189,568.4503116028328,,,
point/local/k3/prior,1,568.2935204337672,568.2777574989166,,,
point/local/k3/prior,2,568.4783631423692,568.4922469673191,,,
point/local/k3/ikea,0,574.827812487155,574.8116122328436,,,
point/local/k3/ikea,1,574.8000601528497,574.8193637457623,,,
point/local/k3/ikea,2,574.359112472192,574.3425841104661,,,
point/local/k3/ikea2,0,574.2354325108399,574.2442550742331,,,
point/local/k3/ikea2,1,574.3489631777645,574.333109924917,,,
point/local/k3/ikea2,2,574.3564999726352,574.3406740650115,,,
decode/striped/k3/ikea,0,154.0943822134397,154.0900560083821,,,
decode/striped/k3/ikea,1,154.17841995596436,154.17428586050343,,,
decode/striped/k3/ikea,2,153.58736275102802,153.58959050431977,,,
decode/striped/k3/ikea2,0,158.08854525273523,158.08421844570026,,,
decode/striped/k3/ikea2,1,158.22110352352507,158.21682562709907,,,
decode/striped/k3/ikea2,2,158.07192279474828,158.0675282657738,,,
decode/striped/k3/prior,0,153.55957987822043,153.55539544261424,,,
decode/striped/k3/prior,1,152.93664610322045,152.93243977882514,,,
decode/striped/k3/prior,2,153.20300900002158,153.1989230635904,,,
point/striped/k3/prior,0,935.2483686602337,935.2238422951857,,,
point/striped/k3/prior,1,933.8298006389723,933.8036092012322,,,
point/striped/k3/prior,2,933.0259214256128,932.9997749778809,,,
point/striped/k3/ikea,0,810.6422003773502,810.6974481208434,,,
point/striped/k3/ikea,1,694.14280607689,694.3622281861899,,,
point/striped/k3/ikea,2,683.2828318936006,683.264482172251,,,
point/striped/k3/ikea2,0,726.6296203751934,726.653215287253,,,
point/striped/k3/ikea2,1,721.2246515196633,721.2041978221922,,,
point/striped/k3/ikea2,2,718.2045190882498,718.1850113291233,,,
decode/local/k4/ikea,0,1418.465592378513,1418.4274517927627,,,
decode/local/k4/ikea,1,1418.3473531301374,1418.3089422765038,,,
decode/local/k4/ikea,2,1418.4061687103977,1418.3689402295454,,,
decode/local/k4/ikea2,0,1399.615217970818,1399.576056501479,,,
decode/local/k4/ikea2,1,1399.475503266156,1399.439141446736,,,
decode/local/k4/ikea2,2,1399.4484068790152,1399.4106785730007,,,
decode/local/k4/prior,0,1420.7565931836805,1420.718048422393,,,
decode/local/k4/prior,1,1420.6371044092023,1420.5985934767732,,,
decode/local/k4/prior,2,1419.738538003896,1419.781106298471,,,
point/local/k4/prior,0,561.3691406249808,561.3532213191529,,,
point/local/k4/prior,1,559.4656062714366,559.4499946530839,,,
point/local/k4/prior,2,559.079783818493,559.063543453276,,,
point/local/k4/ikea,0,556.5114266019202,556.4957448403848,,,
point/local/k4/ikea,1,556.5003446539496,556.484768947214,,,
point/local/k4/ikea,2,556.5560592804778,556.5715554518827,,,
point/local/k4/ikea2,0,556.4852065524849,556.5143964768516,,,
point/local/k4/ikea2,1,555.8810569772651,555.8663561571981,,,
point/local/k4/ikea2,2,556.0200995051525,556.0949268193236,,,
decode/striped/k4/ikea,0,156.58416621260926,156.58664805297565,,,
decode/striped/k4/ikea,1,156.71407671696036,156.71686832220144,,,
decode/striped/k4/ikea,2,156.315906936473,156.3116710061182,,,
decode/striped/k4/ikea2,0,161.33281091583171,161.3285154821539,,,
decode/striped/k4/ikea2,1,161.24847337991815,161.25427027903922,,,
decode/striped/k4/ikea2,2,161.09871756173115,161.09432925448047,,,
decode/striped/k4/prior,0,150.05596561711053,150.05193008211296,,,
decode/striped/k4/prior,1,149.0276773586033,149.0235951108046,,,
decode/striped/k4/prior,2,148.11437842731866,148.11045789056232,,,
point/striped/k4/prior,0,556.5732539008619,556.5573320203406,,,
point/striped/k4/prior,1,556.6887803842399,556.700522770614,,,
point/striped/k4/prior,2,556.5675220252621,556.5517593621063,,,
point/striped/k4/ikea,0,554.1367060220742,554.1212321016054,,,
point/striped/k4/ikea,1,554.1197546336,554.1051909450425,,,
point/striped/k4/ikea,2,554.1752259085318,554.160187329597,,,
point/striped/k4/ikea2,0,554.6448499272076,554.6287452028014,,,
point/striped/k4/ikea2,1,554.5351580061434,554.5201507417214,,,
point/striped/k4/ikea2,2,554.5836837233327,554.5684913411543,,,
decode/local/k5/ikea,0,1375.810848902028,1375.7735169049477,,,
decode/local/k5/ikea,1,1375.7093739757624,1375.6714191939125,,,
decode/local/k5/ikea,2,1377.023992133873,1377.109832849755,,,
decode/local/k5/ikea2,0,1380.6729896772608,1380.8680715418486,,,
decode/local/k5/ikea2,1,1379.9811624696747,1380.0162732428557,,,
decode/local/k5/ikea2,2,1379.9486159510427,1379.9118942991324,,,
decode/local/k5/prior,0,1356.1351709429266,1356.0981710050678,,,
decode/local/k5/prior,1,1357.4359852647071,1357.3976281213409,,,
decode/local/k5/prior,2,1356.8928456021324,1356.855328635944,,,
point/local/k5/prior,0,629.4017076062328,629.384991676877,,,
point/local/k5/prior,1,629.7090917276003,629.6925708627656,,,
point/local/k5/prior,2,629.5580931230231,629.5402217864397,,,
point/local/k5/ikea,0,577.2498592129522,577.2332532079257,,,
point/local/k5/ikea,1,577.5222031454613,577.5063113750064,,,
point/local/k5/ikea,2,577.8659707436886,577.849611977182,,,
point/local/k5/ikea2,0,576.8159547134353,576.8002500691678,,,
point/local/k5/ikea2,1,576.7617922259823,576.7460326208471,,,
point/local/k5/ikea2,2,576.8490265316811,576.865335729873,,,
decode/striped/k5/ikea,0,156.36260582741372,156.35836332709087,,,
decode/striped/k5/ikea,1,155.7923018192238,155.78807060255937,,,
decode/striped/k5/ikea,2,155.0359521740756,155.03164949877544,,,
decode/striped/k5/ikea2,0,228.16452767796008,228.15828912524816,,,
decode/striped/k5/ikea2,1,237.44026690771418,237.4593988623878,,,
decode/striped/k5/ikea2,2,237.35672145967405,237.35039370365197,,,
decode/striped/k5/prior,0,163.77834626754776,163.79703091877386,,,
decode/striped/k5/prior,1,163.52359992031094,163.5252129579705,,,
decode/striped/k5/prior,2,163.58707853101245,163.58884779147144,,,
point/striped/k5/prior,0,1289.179642259526,1289.1452515673132,,,
point/striped/k5/prior,1,1241.1137884443872,1241.166484365821,,,
point/striped/k5/prior,2,1195.2657959078567,1195.2330459286316,,,
point/striped/k5/ikea,0,1151.287688984802,1151.257854569291,,,
point/striped/k5/ikea,1,1118.407228221748,1118.3773362190248,,,
point/striped/k5/ikea,2,1071.1928293735182,1071.1631677493144,,,
point/striped/k5/ikea2,0,1129.0031270092045,1128.971360095805,,,
point/striped/k5/ikea2,1,1099.930095271551,1099.8989128676997,,,
point/striped/k5/ikea2,2,1089.0911508562567,1089.1427611253769,,,
decode/local/k6/ikea,0,1366.0177944045524,1365.9797332365997,,,
decode/local/k6/ikea,1,1366.1502602471992,1366.1128171642847,,,
decode/local/k6/ikea,2,1366.4602797657358,1366.422771627248,,,
decode/local/k6/ikea2,0,1379.6690656939193,1379.6318314754649,,,
decode/local/k6/ikea2,1,1379.8074862795559,1379.7694304708734,,,
decode/local/k6/ikea2,2,1379.6042590949596,1379.5666305179316,,,
decode/local/k6/prior,0,1355.8547033378836,1355.817483387962,,,
decode/local/k6/prior,1,1355.5132674802549,1355.4773064745305,,,
decode/local/k6/prior,2,1356.8124798245367,1356.7747110891876,,,
point/local/k6/prior,0,632.4762943024804,632.5185179660187,,,
point/local/k6/prior,1,631.8786520909238,632.0861615286927,,,
point/local/k6/prior,2,631.9699712795551,631.9531900882323,,,
point/local/k6/ikea,0,576.6453758692743,576.6286294300743,,,
point/local/k6/ikea,1,575.5993334338677,575.5830533096438,,,
point/local/k6/ikea,2,576.4565429085098,576.440893699477,,,
point/local/k6/ikea2,0,567.082944888009,567.0666639668325,,,
point/local/k6/ikea2,1,567.1540405063728,567.1387594089621,,,
point/local/k6/ikea2,2,567.1441503519861,567.1283828526335,,,
decode/striped/k6/ikea,0,166.37262533630994,166.36782268973556,,,
decode/striped/k6/ikea,1,165.03889690923936,165.0342993331481,,,
decode/striped/k6/ikea,2,160.4560215565425,160.4514526895554,,,
decode/striped/k6/ikea2,0,198.75707729136747,198.75188431240008,,,
decode/striped/k6/ikea2,1,197.71769471206218,197.7122297212718,,,
decode/striped/k6/ikea2,2,192.1412589764305,192.13623415111456,,,
decode/striped/k6/prior,0,185.31086820517282,185.31824349952524,,,
decode/striped/k6/prior,1,185.31156432014134,185.3064976607934,,,
decode/striped/k6/prior,2,185.40554865316128,185.400393878738,,,
point/striped/k6/prior,0,1044.0732380301417,1044.0424659826176,,,
point/striped/k6/prior,1,1017.6849477058009,1017.6565932589294,,,
point/striped/k6/prior,2,1006.9811057970926,1006.9528564692436,,,
point/striped/k6/ikea,0,1173.2544259122085,1173.2193886355226,,,
point/striped/k6/ikea,1,1162.8433995559924,1162.8880571400375,,,
point/striped/k6/ikea,2,1159.184607502731,1159.3501166927103,,,
point/striped/k6/ikea2,0,1280.843864342215,1280.8092119472637,,,
point/striped/k6/ikea2,1,1277.9035759309272,1277.9371521497753,,,
point/striped/k6/ikea2,2,1275.1708022015762,1275.1348276620936,,,
decode/local/k7/ikea,0,1373.1432394505352,1373.2436604570037,,,
decode/local/k7/ikea,1,1373.7053620965628,1373.6692340459847,,,
decode/local/k7/ikea,2,1371.9832250907143,1371.946966455038,,,
decode/local/k7/ikea2,0,1378.131487435384,1378.094022680817,,,
decode/local/k7/ikea2,1,1377.6723640179437,1377.6351945386155,,,
decode/local/k7/ikea2,2,1377.863066728017,1377.8260940810546,,,
decode/local/k7/prior,0,1355.3941820296463,1355.3576340645773,,,
decode/local/k7/prior,1,1355.5840570818782,1355.6285474680915,,,
decode/local/k7/prior,2,1355.2722048236942,1355.2360442866805,,,
point/local/k7/prior,0,638.0716371155551,638.0538608927322,,,
point/local/k7/prior,1,637.9065721845583,637.8889328203571,,,
point/local/k7/prior,2,637.7795383351926,637.7638910044873,,,
point/local/k7/ikea,0,577.2095754413833,577.1933796766235,,,
point/local/k7/ikea,1,576.8219830940882,576.8061287209086,,,
point/local/k7/ikea,2,576.8745305821836,576.8588810530345,,,
point/local/k7/ikea2,0,577.1598069280889,577.1434013117163,,,
point/local/k7/ikea2,1,577.5246084241525,577.5631815498444,,,
point/local/k7/ikea2,2,577.1612370906928,577.1458078412759,,,
decode/striped/k7/ikea,0,176.99885829301866,177.00611024613957,,,
decode/striped/k7/ikea,1,176.39307702715513,176.38834528458165,,,
decode/striped/k7/ikea,2,175.8319957038013,175.82714979125657,,,
decode/striped/k7/ikea2,0,287.98668229420105,287.9787382831826,,,
decode/striped/k7/ikea2,1,287.55572462579016,287.5478560106828,,,
decode/striped/k7/ikea2,2,284.5332085868956,284.5253194003546,,,
decode/striped/k7/prior,0,176.42402574037595,176.41921406749685,,,
decode/striped/k7/prior,1,176.0745684136568,176.06987807421018,,,
decode/striped/k7/prior,2,175.9769374314977,175.97193328978054,,,
point/striped/k7/prior,0,742.2736455810783,742.2542751238627,,,
point/striped/k7/prior,1,715.9759193401638,715.9573622817987,,,
point/striped/k7/prior,2,710.300525877737,710.2817039849436,,,
point/striped/k7/ikea,0,727.5565060132551,727.5355637905877,,,
point/striped/k7/ikea,1,718.2771679175361,718.304620677333,,,
point/striped/k7/ikea,2,715.3210055158786,715.3018536944974,,,
point/striped/k7/ikea2,0,729.5327631722154,729.5113007573792,,,
point/striped/k7/ikea2,1,720.1372545474862,720.1173290303178,,,
point/striped/k7/ikea2,2,714.8630889958063,714.8441217854136,,,
decode/local/k8/ikea,0,122.7753505461297,122.77209190566396,,,
decode/local/k8/ikea,1,115.4563691919273,115.46038703686801,,,
decode/local/k8/ikea,2,115.76870204204948,115.77617223728457,,,
decode/local/k8/ikea2,0,167.99086074043532,168.0211580672704,,,
decode/local/k8/ikea2,1,167.98736443299404,167.98286288463967,,,
decode/local/k8/ikea2,2,167.63839450203457,167.6396039937062,,,
decode/local/k9/ikea,0,1305.1860537543912,1305.1859914705371,,,
decode/local/k9/ikea,1,1304.6877822417748,1304.6516864324678,,,
decode/local/k9/ikea,2,1304.6183001652137,1304.652433878548,,,
decode/local/k9/ikea2,0,966.6132110175046,966.6417436901398,,,
decode/local/k9/ikea2,1,965.9986434910697,965.9713983346468,,,
decode/local/k9/ikea2,2,965.2479882281627,965.2221226025339,,,
decode/local/k10/ikea,0,1390.1137026239135,1390.0754373130949,,,
decode/local/k10/ikea,1,1389.8812947258805,1389.843360714793,,,
decode/local/k10/ikea,2,1389.6268884176861,1389.5890869497493,,,
decode/local/k10/ikea2,0,1247.6907449880991,1247.6577700915673,,,
decode/local/k10/ikea2,1,1246.8374489886662,1246.8042953706668,,,
decode/local/k10/ikea2,2,1246.9565398707948,1246.922641570525,,,
decode/striped/k10/ikea,0,467.8276225265287,467.8147479992324,,,
decode/striped/k10/ikea,1,465.8356228849954,465.82316294456876,,,
decode/striped/k10/ikea,2,464.41812518208707,464.4057885000374,,,
decode/striped/k10/ikea2,0,567.9935930571415,567.9780722025415,,,
decode/striped/k10/ikea2,1,566.4299861251267,566.4495334220694,,,
decode/striped/k10/ikea2,2,566.499714340034,566.4834045220313,,,
decode/local/k11/ikea,0,1756.4300325626778,1756.5170326361651,,,
decode/local/k11/ikea,1,1753.144485263255,1753.4124154431486,,,
decode/local/k11/ikea,2,1753.0092677632788,1752.9638056058109,,,
decode/local/k11/ikea2,0,2202.574988222033,2202.64131287834,,,
decode/local/k11/ikea2,1,2198.146312097622,2198.085850403818,,,
decode/local/k11/ikea2,2,2198.316180704754,2198.2554048687102,,,
decode/local/k12/ikea,0,1501.0217959269098,1500.980673573655,,,
decode/local/k12/ikea,1,1497.8031566514896,1497.7631079682083,,,
decode/local/k12/ikea,2,1498.1514620092905,1498.1119144037166,,,
decode/local/k12/ikea2,0,2093.7849483817095,2093.728242972424,,,
decode/local/k12/ikea2,1,2094.10283776351,2094.0455837766776,,,
decode/local/k12/ikea2,2,2093.731035858612,2093.674180858305,,,
decode/striped/k12/ikea,0,461.7903184571384,461.77766909023904,,,
decode/striped/k12/ikea,1,462.12390374030167,462.1119324181965,,,
decode/striped/k12/ikea,2,461.302339798794,461.32544878299296,,,
decode/striped/k12/ikea2,0,555.686754492974,555.6710889115288,,,
decode/striped/k12/ikea2,1,555.0454726183634,555.0304034377797,,,
decode/striped/k12/ikea2,2,555.8144250649626,555.7994221433459,,,
decode/local/k13/ikea,0,1759.9734621037403,1759.925845028151,,,
decode/local/k13/ikea,1,1760.4455175309652,1760.5552382757744,,,
decode/local/k13/ikea,2,1760.5273567080126,1760.481923149793,,,
decode/local/k13/ikea2,0,2199.270171021111,2199.2109956894833,,,
decode/local/k13/ikea2,1,2199.558755639559,2200.226523961317,,,
decode/local/k13/ikea2,2,2199.447959290581,2199.5180463396287,,,
decode/local/k14/ikea,0,1759.1813375848515,1759.1349752508913,,,
decode/local/k14/ikea,1,1760.365024754596,1760.317319813259,,,
decode/local/k14/ikea,2,1759.4734832592717,1759.4268272315317,,,
decode/local/k14/ikea2,0,2218.9890109890666,2219.130230342738,,,
decode/local/k14/ikea2,1,2219.0458579880446,2218.982776832455,,,
decode/local/k14/ikea2,2,2219.0681530006923,2219.0100380327963,,,
decode/striped/k14/ikea,0,517.2245421788326,517.2100301134811,,,
decode/striped/k14/ikea,1,515.6486376425261,515.6344834382409,,,
decode/striped/k14/ikea,2,514.244027345829,514.2298854930941,,,
decode/striped/k14/ikea2,0,628.9199032407865,628.9339062735214,,,
decode/striped/k14/ikea2,1,629.0888261189659,629.0719233141077,,,
decode/striped/k14/ikea2,2,629.7292245744071,629.7124119153949,,,
decode/local/k15/ikea,0,1766.55668280376,1766.508061479744,,,
decode/local/k15/ikea,1,1764.2108608714157,1764.1633340216058,,,
decode/local/k15/ikea,2,1759.0405388340366,1758.9947379617763,,,
decode/local/k15/ikea2,0,2230.831685799485,2230.7713647705123,,,
decode/local/k15/ikea2,1,2230.4251700679774,2230.3679315592603,,,
decode/local/k15/ikea2,2,2230.712957057983,2230.653008071921,,,
decode/striped/k15/ikea,0,545.9388303395381,545.9634902859772,,,
decode/striped/k15/ikea,1,544.7819800643458,544.8509370810482,,,
decode/striped/k15/ikea,2,545.0999766378924,545.0860242980609,,,
decode/striped/k15/ikea2,0,692.6241926401752,692.6423106229131,,,
decode/striped/k15/ikea2,1,692.4775926601571,692.4583153953267,,,
decode/striped/k15/ikea2,2,692.3582027755843,692.3390414356448,,,
decode/local/k16/ikea,0,213.84366167776568,213.8378460987242,,,
decode/local/k16/ikea,1,213.38260112339083,213.3770350684942,,,
decode/local/k16/ikea,2,218.1376693877368,218.13182325125803,,,
decode/local/k16/ikea2,0,247.81392534194003,247.80694595904296,,,
decode/local/k16/ikea2,1,241.2259338024825,241.21919647705724,,,
decode/local/k16/ikea2,2,251.27293370447526,251.26617909298932,,,
decode/local/k17/ikea,0,1551.0169430294775,1550.9731946144498,,,
decode/local/k17/ikea,1,1644.9173079008128,1644.8721505897372,,,
decode/local/k17/ikea,2,1544.5175391062107,1544.4754886036526,,,
decode/local/k17/ikea2,0,1489.4360576581557,1489.395299271691,,,
decode/local/k17/ikea2,1,1488.4461407371266,1488.406411972646,,,
decode/local/k17/ikea2,2,1492.4358091316565,1492.3955833144548,,,
decode/local/k18/ikea,0,1502.4305560581306,1502.3884446955,,,
decode/local/k18/ikea,1,1497.7862957202653,1497.7459209124104,,,
decode/local/k18/ikea,2,1503.379906660257,1503.493325123049,,,
decode/local/k18/ikea2,0,1749.9746703388537,1750.0153146458545,,,
decode/local/k18/ikea2,1,1752.1017776666827,1752.3024954049267,,,
decode/local/k18/ikea2,2,1753.8454765482152,1753.8582039679563,,,
decode/local/k19/ikea,0,1945.3704149684752,1945.4709614697388,,,
decode/local/k19/ikea,1,1945.823267876914,1945.7705168518437,,,
decode/local/k19/ikea,2,1939.9005187108303,1939.9751760066956,,,
decode/local/k19/ikea2,0,3008.6218951906976,3008.5368270240365,,,
decode/local/k19/ikea2,1,3010.8758076094814,3010.7916726659773,,,
decode/local/k19/ikea2,2,3012.0916008615645,3012.008183790149,,,
decode/local/k20/ikea,0,1592.1978101082657,1592.1513601797892,,,
decode/local/k20/ikea,1,1593.06812154268,1593.0228839774095,,,
decode/local/k20/ikea,2,1593.2053875879096,1593.2479351230206,,,
decode/local/k20/ikea2,0,2799.643114251475,2799.5681909452956,,,
decode/local/k20/ikea2,1,2799.7446340489464,2799.6678442712814,,,
decode/local/k20/ikea2,2,2799.663511531631,2799.5857219073278,,,
decode/striped/k20/ikea,0,855.0061420266619,854.9832378084858,,,
decode/striped/k20/ikea,1,857.9230089767332,857.8995090574863,,,
decode/striped/k20/ikea,2,858.9172367042712,858.8932643023483,,,
decode/striped/k20/ikea2,0,1060.7986701051086,1060.7693921868313,,,
decode/striped/k20/ikea2,1,1059.8069377023287,1059.7777356349195,,,
decode/striped/k20/ikea2,2,1060.3840260923482,1060.355860637662,,,
decode/local/k21/ikea,0,1945.8152441003638,1945.7616022979928,,,
decode/local/k21/ikea,1,1946.3986276601102,1946.681533692873,,,
decode/local/k21/ikea,2,1943.7372618109948,1943.7933608038277,,,
decode/local/k21/ikea2,0,3041.3757707651307,3041.2889372615546,,,
decode/local/k21/ikea2,1,3038.845048966468,3038.7617700228993,,,
decode/local/k21/ikea2,2,3039.536887921625,3039.4541168442106,,,
decode/local/k22/ikea,0,1956.779945976087,1956.7243386732544,,,
decode/local/k22/ikea,1,1957.5596125187076,1957.5066132290347,,,
decode/local/k22/ikea,2,1956.1480532786222,1956.0931911568216,,,
decode/local/k22/ikea2,0,2972.671033066704,2972.5898179650926,,,
decode/local/k22/ikea2,1,2973.2803228775006,2973.197125243929,,,
decode/local/k22/ikea2,2,2972.6947532391705,2972.6144586835826,,,
decode/local/k23/ikea,0,1928.9122581238078,1928.8603667681584,,,
decode/local/k23/ikea,1,1929.0596129982098,1929.0070781665418,,,
decode/local/k23/ikea,2,1930.5223606196946,1930.5842257932175,,,
decode/local/k23/ikea2,0,3008.479036766278,3008.4004157151867,,,
decode/local/k23/ikea2,1,3008.4582527053108,3008.3787715924736,,,
decode/local/k23/ikea2,2,3008.328674837234,3008.247688721247,,,
decode/local/k24/ikea,0,707.4794576104732,707.4598673938439,,,
decode/local/k24/ikea,1,711.1951438848341,711.1762061007179,,,
decode/local/k24/ikea,2,717.4902666102776,717.5109853301946,,,
decode/local/k24/ikea2,0,692.1338347620778,692.1598178933895,,,
decode/local/k24/ikea2,1,691.6458090122873,691.7386177950084,,,
decode/local/k24/ikea2,2,692.147810279877,692.1294653392357,,,
decode/local/k25/ikea,0,1803.1680027436066,1803.228876415571,,,
decode/local/k25/ikea,1,1799.3412783468407,1799.291936403031,,,
decode/local/k25/ikea,2,1796.3713293607655,1796.3232734889514,,,
decode/local/k25/ikea2,0,1537.199399091254,1537.1573721200368,,,
decode/local/k25/ikea2,1,1535.297010112905,1535.2544701666461,,,
decode/local/k25/ikea2,2,1535.446467829191,1535.404147727854,,,
decode/local/k26/ikea,0,1684.4256002569148,1684.3800289344022,,,
decode/local/k26/ikea,1,1684.2645948764869,1684.218059927533,,,
decode/local/k26/ikea,2,1683.5485826708325,1683.503412834921,,,
decode/local/k26/ikea2,0,1848.366665199517,1848.4009066814485,,,
decode/local/k26/ikea2,1,1845.046608863995,1844.9959508564662,,,
decode/local/k26/ikea2,2,1845.8884732184752,1845.8386514763713,,,
decode/local/k27/ikea,0,2030.8387736350294,2030.783210001941,,,
decode/local/k27/ikea,1,2029.6435514289917,2029.5900188375933,,,
decode/local/k27/ikea,2,2030.28724793252,2030.2308138655105,,,
decode/local/k27/ikea2,0,3061.3523573200896,3061.2679170726938,,,
decode/local/k27/ikea2,1,3061.745000730147,3061.6569843297702,,,
decode/local/k27/ikea2,2,3061.25609400042,3061.1737702991823,,,
decode/local/k28/ikea,0,1666.4670565145072,1666.4218368223403,,,
decode/local/k28/ikea,1,1673.4850002004127,1674.0167421015965,,,
decode/local/k28/ikea,2,1674.912204109412,1674.867545161737,,,
decode/local/k28/ikea2,0,2856.559613684368,2856.682785819626,,,
decode/local/k28/ikea2,1,2856.567095150871,2856.485071086213,,,
decode/local/k28/ikea2,2,2856.1764945929804,2856.100523699058,,,
decode/local/k29/ikea,0,2034.6795443527874,2034.6253029572686,,,
decode/local/k29/ikea,1,2035.4377605428522,2035.3830344266514,,,
decode/local/k29/ikea,2,2036.0691711098787,2036.0135724668303,,,
decode/local/k29/ikea2,0,3016.675780687727,3016.5931068900813,,,
decode/local/k29/ikea2,1,3016.4298460209707,3016.348467408578,,,
decode/local/k29/ikea2,2,3016.386962152819,3016.305655455143,,,
decode/local/k30/ikea,0,2026.0323964710537,2025.9757508717028,,,
decode/local/k30/ikea,1,2025.887190859497,2025.8332931689952,,,
decode/local/k30/ikea,2,2024.3952658727999,2024.4714843862569,,,
decode/local/k30/ikea2,0,3026.484767542355,3026.4013139051176,,,
decode/local/k30/ikea2,1,3026.7315189144088,3026.6483539918395,,,
decode/local/k30/ikea2,2,3026.5967369333443,3026.515737753959,,,
decode/local/k31/ikea,0,2035.750678689376,2035.6949776894478,,,
decode/local/k31/ikea,1,2034.7149505527632,2034.768857858375,,,
decode/local/k31/ikea,2,2033.8760422727514,2033.8201473922752,,,
decode/local/k31/ikea2,0,3043.419621492197,3043.545500697129,,,
decode/local/k31/ikea2,1,3041.2008556304986,3042.2064390053965,,,
decode/local/k31/ikea2,2,3040.3549416286924,3040.2763396328096,,,
decode/local/k32/ikea,0,504.79736219981794,504.80778897401177,,,
decode/local/k32/ikea,1,513.2637426900537,513.2684957027027,,,
decode/local/k32/ikea,2,503.99721289038774,503.98347641210904,,,
decode/local/k32/ikea2,0,538.9248664749557,538.9462176481361,,,
decode/local/k32/ikea2,1,541.2984156738293,541.2842414717999,,,
decode/local/k32/ikea2,2,536.2427973500508,536.2281224366162,,,
decode/local/k33/ikea,0,2532.2234029707497,2532.1546310898334,,,
decode/local/k33/ikea,1,2534.6738316627598,2534.605905087019,,,
decode/local/k33/ikea,2,2531.868735660296,2531.8034054000746,,,
decode/local/k33/ikea2,0,2503.79314456052,2503.860447128635,,,
decode/local/k33/ikea2,1,2499.6313561845536,2499.5635767386993,,,
decode/local/k33/ikea2,2,2500.0291505214514,2499.9566020652405,,,
decode/local/k34/ikea,0,2619.6468273796463,2619.5730702280403,,,
decode/local/k34/ikea,1,2622.886022982927,2622.815825647321,,,
decode/local/k34/ikea,2,2621.2411316515604,2621.170746944255,,,
decode/local/k34/ikea2,0,2765.9932102835946,2765.9187211480726,,,
decode/local/k34/ikea2,1,2764.5963085036433,2764.523137800074,,,
decode/local/k34/ikea2,2,2767.696704021198,2767.62135794116,,,
decode/local/k35/ikea,0,2631.6961215012925,2632.2369775365923,,,
decode/local/k35/ikea,1,2632.114848751062,2632.0436174446972,,,
decode/local/k35/ikea,2,2632.7424375546307,2632.6730889791593,,,
decode/local/k35/ikea2,0,4591.195004382042,4591.064526784283,,,
decode/local/k35/ikea2,1,4590.67955740548,4590.559158600328,,,
decode/local/k35/ikea2,2,4590.390666082697,4590.263255874109,,,
decode/local/k36/ikea,0,2397.272896760619,2397.2087508538757,,,
decode/local/k36/ikea,1,2402.839023537593,2402.774819376198,,,
decode/local/k36/ikea,2,2400.654859007161,2400.5903635369054,,,
decode/local/k36/ikea2,0,4303.90928659281,4303.787310406654,,,
decode/local/k36/ikea2,1,4302.855063551114,4302.739852462301,,,
decode/local/k36/ikea2,2,4303.231652316114,4303.11480116197,,,
decode/local/k37/ikea,0,2638.2462002260613,2638.174349963438,,,
decode/local/k37/ikea,1,2636.5022610225164,2636.7308126766916,,,
decode/local/k37/ikea,2,2637.5698404723057,2637.5013189716433,,,
decode/local/k37/ikea2,0,4589.303344993556,4589.175776152382,,,
decode/local/k37/ikea2,1,4589.866637516127,4589.736882386686,,,
decode/local/k37/ikea2,2,4589.371228683771,4589.240708287842,,,
decode/local/k38/ikea,0,2562.0889934033626,2562.1577082917984,,,
decode/local/k38/ikea,1,2562.212802345504,2562.143598791413,,,
decode/local/k38/ikea,2,2565.1205717075504,2565.4373931276955,,,
decode/local/k38/ikea2,0,4595.37620402796,4595.253940447109,,,
decode/local/k38/ikea2,1,4596.092381786816,4597.3211471417035,,,
decode/local/k38/ikea2,2,4595.156961471179,4595.192753932215,,,
decode/local/k39/ikea,0,2578.785293395201,2578.716732144463,,,
decode/local/k39/ikea,1,2576.1750552418544,2576.107414677346,,,
decode/local/k39/ikea,2,2577.9348760129437,2577.864289199031,,,
decode/local/k39/ikea2,0,4598.89649122736,4599.233442915744,,,
decode/local/k39/ikea2,1,4597.529714912622,4597.399890427736,,,
decode/local/k39/ikea2,2,4597.698026315642,4597.572697412831,,,
decode/local/k40/ikea,0,1494.0016018224871,1493.9614850632188,,,
decode/local/k40/ikea,1,1495.8689709179607,1495.8289965416636,,,
decode/local/k40/ikea,2,1496.0083650729873,1496.0156622922518,,,
decode/local/k40/ikea2,0,1493.121769118567,1493.07981656557,,,
decode/local/k40/ikea2,1,1495.5527429160404,1495.5125324247713,,,
decode/local/k40/ikea2,2,1496.7358054539388,1496.6949905860376,,,
decode/local/k41/ikea,0,2935.740600714321,2935.659735351419,,,
decode/local/k41/ikea,1,2938.8700553104422,2938.786039303645,,,
decode/local/k41/ikea,2,2937.460617517302,2937.3817124961897,,,
decode/local/k41/ikea2,0,2726.1289820280667,2726.054239899391,,,
decode/local/k41/ikea2,1,2725.4007007070063,2725.328553823111,,,
decode/local/k41/ikea2,2,2727.7188736783655,2727.8425354942324,,,
decode/local/k42/ikea,0,2923.99958234729,2924.3443546934677,,,
decode/local/k42/ikea,1,2926.4871919809725,2926.544897699778,,,
decode/local/k42/ikea,2,2928.092092440628,2928.0022274784656,,,
decode/local/k42/ikea2,0,3049.2323738915966,3049.1476231537936,,,
decode/local/k42/ikea2,1,3047.3370402671894,3047.255051609592,,,
decode/local/k42/ikea2,2,3048.4609681639763,3048.379633677222,,,
decode/local/k43/ikea,0,3276.620144109814,3276.528038872982,,,
decode/local/k43/ikea,1,3228.4916196747204,3228.4039004142933,,,
decode/local/k43/ikea,2,3274.78438283193,3274.6953321124724,,,
decode/local/k43/ikea2,0,4524.1132543101485,4523.983512893304,,,
decode/local/k43/ikea2,1,4523.274461206974,4523.1491379456265,,,
decode/local/k43/ikea2,2,4524.268211206504,4524.1380387873005,,,
decode/local/k44/ikea,0,2991.9693497563976,2991.8844170683788,,,
decode/local/k44/ikea,1,2990.149957032329,2990.0653108191227,,,
decode/local/k44/ikea,2,2997.726296190143,2997.644729312635,,,
decode/local/k44/ikea2,0,4512.899386634804,4513.099644878546,,,
decode/local/k44/ikea2,1,4512.41170773688,4512.292908691361,,,
decode/local/k44/ikea2,2,4512.696976218816,4512.574626069865,,,
decode/local/k45/ikea,0,3232.7541611311817,3232.6601547286996,,,
decode/local/k45/ikea,1,3281.8008908336164,3281.8886458003767,,,
decode/local/k45/ikea,2,3299.128780183042,3299.040087569718,,,
decode/local/k45/ikea2,0,4575.449141347367,4575.32551738176,,,
decode/local/k45/ikea2,1,4574.006054601323,4574.05944519001,,,
decode/local/k45/ikea2,2,4575.774108322561,4577.4731396400775,,,
decode/local/k46/ikea,0,3286.6742138364407,3286.579323896789,,,
decode/local/k46/ikea,1,3290.517610063015,3290.6500786076044,,,
decode/local/k46/ikea,2,3287.1725628932204,3287.0799528243406,,,
decode/local/k46/ikea2,0,4527.6418007127095,4527.853287279282,,,
decode/local/k46/ikea2,1,4526.184713375481,4526.059376090003,,,
decode/local/k46/ikea2,2,4526.016949152154,4525.891827784067,,,
decode/local/k47/ikea,0,3337.2554842799696,3337.159578617494,,,
decode/local/k47/ikea,1,3329.1442147780194,3329.0550407902188,,,
decode/local/k47/ikea,2,3333.2394076182763,3333.148728951146,,,
decode/local/k47/ikea2,0,4523.942598187038,4523.819810099566,,,
decode/local/k47/ikea2,1,4524.898036253973,4525.037548629922,,,
decode/local/k47/ikea2,2,4524.348295209649,4524.226909760985,,,
decode/local/k48/ikea,0,1385.8171596267384,1385.776964443944,,,
decode/local/k48/ikea,1,1383.3128565306306,1383.2749695007064,,,
decode/local/k48/ikea,2,1384.460216968334,1384.4221321091795,,,
decode/local/k48/ikea2,0,1350.9537275063296,1350.9153920347715,,,
decode/local/k48/ikea2,1,1350.939781490893,1350.9011568060657,,,
decode/local/k48/ikea2,2,1349.1125000001932,1349.0745501505894,,,
decode/local/k49/ikea,0,2945.3722873805877,2945.2880820493174,,,
decode/local/k49/ikea,1,2946.099445185401,2946.401081540017,,,
decode/local/k49/ikea,2,2948.980546387181,2948.8945150783475,,,
decode/local/k49/ikea2,0,2738.1234761062433,2738.197861704706,,,
decode/local/k49/ikea2,1,2737.408370819887,2737.33196428576,,,
decode/local/k49/ikea2,2,2735.8789360452333,2735.805723966535,,,
decode/local/k50/ikea,0,2925.0473969933546,2924.9676364358793,,,
decode/local/k50/ikea,1,2917.008073495922,2916.927199340739,,,
decode/local/k50/ikea,2,2924.2753340759214,2924.1936943613828,,,
decode/local/k50/ikea2,0,3049.5241454538946,3049.4375999710014,,,
decode/local/k50/ikea2,1,3051.3445818180367,3051.2581818832336,,,
decode/local/k50/ikea2,2,3049.2125090910868,3049.1279272775337,,,
decode/local/k51/ikea,0,3140.0387022020673,3139.9512553206073,,,
decode/local/k51/ikea,1,3093.9966010036505,3093.9123213588887,,,
decode/local/k51/ikea,2,3130.4073387408134,3130.3224410956745,,,
decode/local/k51/ikea2,0,4574.184356931795,4574.054979833109,,,
decode/local/k51/ikea2,1,4574.208246972196,4574.366641155752,,,
decode/local/k51/ikea2,2,4573.3076251780685,4573.183047847882,,,
decode/local/k52/ikea,0,2991.9462011736614,2991.8581341890094,,,
decode/local/k52/ikea,1,2987.309486335696,2987.2269995301513,,,
decode/local/k52/ikea,2,2984.7649162969738,2984.6817856343837,,,
decode/local/k52/ikea2,0,4510.711278195308,4510.5794843810645,,,
decode/local/k52/ikea2,1,4510.683136413767,4510.802255681171,,,
decode/local/k52/ikea2,2,4514.929323308308,4515.123523106501,,,
decode/local/k53/ikea,0,3172.9722681794647,3173.4174741981406,,,
decode/local/k53/ikea,1,3154.182068856275,3154.096746207218,,,
decode/local/k53/ikea,2,3193.004805798303,3193.0623966019853,,,
decode/local/k53/ikea2,0,4526.9708674999,4526.842468735303,,,
decode/local/k53/ikea2,1,4525.652244282665,4525.527190332829,,,
decode/local/k53/ikea2,2,4525.770392749171,4526.031937812436,,,
decode/local/k54/ikea,0,3258.918542420887,3258.828821023113,,,
decode/local/k54/ikea,1,3292.8073351170224,3292.718400789886,,,
decode/local/k54/ikea,2,3239.4661577212373,3239.376121510419,,,
decode/local/k54/ikea2,0,4525.812412304627,4525.685051254864,,,
decode/local/k54/ikea2,1,4525.769239073061,4525.641985969042,,,
decode/local/k54/ikea2,2,4526.353696708219,4526.230005362823,,,
decode/local/k55/ikea,0,3348.2734456056396,3348.1803814663654,,,
decode/local/k55/ikea,1,3351.6755527176247,3351.7600766095943,,,
decode/local/k55/ikea,2,3344.6865671651494,3344.5958974840055,,,
decode/local/k55/ikea2,0,4527.702244766921,4527.578243064809,,,
decode/local/k55/ikea2,1,4527.670515865237,4527.54716162813,,,
decode/local/k55/ikea2,2,4527.713360673542,4527.587092528744,,,
decode/local/k56/ikea,0,1552.5518637084972,1552.5080766798646,,,
decode/local/k56/ikea,1,1554.0580270081246,1554.0129889196783,,,
decode/local/k56/ikea,2,1551.7458880670517,1551.7044191573611,,,
decode/local/k56/ikea2,0,1531.8508174634335,1532.0460255685687,,,
decode/local/k56/ikea2,1,1531.8634162329527,1531.81808251096,,,
decode/local/k56/ikea2,2,1530.5955285291177,1530.8465936061912,,,
decode/local/k56/prior,0,1550.9014975900134,1550.8587040725256,,,
decode/local/k56/prior,1,1548.6165139639904,1548.659123514259,,,
decode/local/k56/prior,2,1550.9557346282056,1550.911432443671,,,
point/local/k56/prior,0,556.9928229348732,556.9780973504405,,,
point/local/k56/prior,1,557.0351158811018,557.0200188315367,,,
point/local/k56/prior,2,557.103410764287,557.0876902011464,,,
point/local/k56/ikea,0,553.9183840302012,553.903049726879,,,
point/local/k56/ikea,1,553.8261935840152,553.8111097933115,,,
point/local/k56/ikea,2,553.8951518268789,553.879316487639,,,
point/local/k56/ikea2,0,554.8525813781566,554.8365699591875,,,
point/local/k56/ikea2,1,554.9033766644973,554.887735151846,,,
point/local/k56/ikea2,2,554.9378699007783,554.9233512964647,,,
decode/local/k57/ikea,0,2960.463241495749,2960.5267781812363,,,
decode/local/k57/ikea,1,2950.952628619619,2950.869623254941,,,
decode/local/k57/ikea,2,2952.451012088711,2952.3680067629857,,,
decode/local/k57/ikea2,0,2691.9777521312494,2691.9024812646503,,,
decode/local/k57/ikea2,1,2690.756235172926,2690.681990164759,,,
decode/local/k57/ikea2,2,2693.5277296924073,2693.6475604182747,,,
decode/local/k58/ikea,0,2934.7762164437677,2934.9395273715613,,,
decode/local/k58/ikea,1,2930.6950503352523,2931.4807745924727,,,
decode/local/k58/ikea,2,2932.5404781875436,2932.4620386249676,,,
decode/local/k58/ikea2,0,3055.0836966000634,3055.153661747498,,,
decode/local/k58/ikea2,1,3060.591179889404,3060.665649563914,,,
decode/local/k58/ikea2,2,3054.8889857595677,3054.8064516387276,,,
decode/local/k59/ikea,0,3306.979559498563,3307.1226430429774,,,
decode/local/k59/ikea,1,3339.15877040054,3339.0711455892097,,,
decode/local/k59/ikea,2,3309.026620187307,3308.9343210372062,,,
decode/local/k59/ikea2,0,4527.097842503539,4526.958468175423,,,
decode/local/k59/ikea2,1,4527.187702266368,4527.06138088578,,,
decode/local/k59/ikea2,2,4526.823732469576,4526.6987055000955,,,
decode/local/k60/ikea,0,3003.1864370451417,3003.0985422334234,,,
decode/local/k60/ikea,1,3006.662140918172,3006.753465757404,,,
decode/local/k60/ikea,2,3002.787909103864,3002.7056595648432,,,
decode/local/k60/ikea2,0,4508.738995061546,4508.611981995578,,,
decode/local/k60/ikea2,1,4508.57096843441,4508.454477120976,,,
decode/local/k60/ikea2,2,4511.139896929242,4511.0157826441955,,,
decode/local/k61/ikea,0,3341.471143840733,3341.3812534699655,,,
decode/local/k61/ikea,1,3349.2078764104126,3349.1168654694447,,,
decode/local/k61/ikea,2,3349.5408628830887,3349.4477707713772,,,
decode/local/k61/ikea2,0,4554.846788194325,4554.71842454437,,,
decode/local/k61/ikea2,1,4553.60937500081,4553.482855859967,,,
decode/local/k61/ikea2,2,4553.318576388768,4553.195312537481,,,
decode/local/k62/ikea,0,3313.5274147267814,3314.5855116205594,,,
decode/local/k62/ikea,1,3318.7256933378017,3318.633487421043,,,
decode/local/k62/ikea,2,3317.266974817406,3317.178115999748,,,
decode/local/k62/ikea2,0,4529.488670694627,4529.358869235256,,,
decode/local/k62/ikea2,1,4529.5146741483695,4529.39242554668,,,
decode/local/k62/ikea2,2,4528.724751833692,4528.608221885098,,,
decode/local/k63/ikea,0,3351.672170375187,3351.5799633299475,,,
decode/local/k63/ikea,1,3349.511206827585,3349.419637887922,,,
decode/local/k63/ikea,2,3351.497088617723,3351.403206513183,,,
decode/local/k63/ikea2,0,4525.580168321008,4525.449827347488,,,
decode/local/k63/ikea2,1,4525.828010357549,4525.70317216032,,,
decode/local/k63/ikea2,2,4525.255502805609,4525.135735884057,,,
decode/local/k64/ikea,0,1214.556030375594,1214.52273842616,,,
decode/local/k64/ikea,1,1215.4288684203375,1215.3945947586512,,,
decode/local/k64/ikea,2,1214.9827621053644,1215.015851915412,,,
decode/local/k64/ikea2,0,1145.560383578054,1145.5276105379717,,,
decode/local/k64/ikea2,1,1146.1386384068662,1146.106955095092,,,
decode/local/k64/ikea2,2,1146.3853216006025,1146.3529572200566,,,
get16/local/k1/prior,0,1926.3455129677197,1926.2920817215224,32768.0,,
get16/local/k1/prior,1,1926.1812715176156,1926.261326606056,32768.0,,
get16/local/k1/prior,2,1925.9644709659633,1925.9111774081732,32768.0,,
get16/local/k1/ikea,0,2019.7039784221604,2019.648155299136,32768.0,,
get16/local/k1/ikea,1,2020.1858202480585,2020.4448511492726,32768.0,,
get16/local/k1/ikea,2,2020.132549850942,2020.1690588618287,32768.0,,
get16/local/k1/ikea2-range,0,1943.8740922336326,1943.820019397688,32768.0,,
get16/local/k1/ikea2-range,1,1942.9106804197745,1942.859660471662,32768.0,,
get16/local/k1/ikea2-range,2,1943.5468800593624,1943.4928072339346,32768.0,,
get16/local/k1/ikea2-region,0,1885.658153418145,1885.8072175302966,32768.0,,
get16/local/k1/ikea2-region,1,1885.2182324161038,1885.1647291470506,32768.0,,
get16/local/k1/ikea2-region,2,1885.9442075500654,1885.8898963098197,32768.0,,
get16/striped/k1/prior,0,1743.7757668843535,1743.7275746222235,32768.0,,
get16/striped/k1/prior,1,1743.198580383047,1743.150554163349,32768.0,,
get16/striped/k1/prior,2,1743.523556515114,1743.57257895873,32768.0,,
get16/striped/k1/ikea,0,1936.9100682904161,1936.8571889990517,32768.0,,
get16/striped/k1/ikea,1,1937.6959210035352,1937.6406884688581,32768.0,,
get16/striped/k1/ikea,2,1937.1531469176564,1937.0992063281606,32768.0,,
get16/striped/k1/ikea2-range,0,1774.989555583514,1774.941012280281,32768.0,,
get16/striped/k1/ikea2-range,1,1775.4503361660197,1775.4006088850867,32768.0,,
get16/striped/k1/ikea2-range,2,1775.4105881854493,1775.3619603021223,32768.0,,
get16/striped/k1/ikea2-region,0,1727.5413716453445,1727.4926313410185,32768.0,,
get16/striped/k1/ikea2-region,1,1727.634324057455,1727.5847604361577,32768.0,,
get16/striped/k1/ikea2-region,2,1729.6608760086428,1729.7562572115514,32768.0,,
get16/local/k2/prior,0,2074.215780361211,2074.589018054009,16384.0,,
get16/local/k2/prior,1,2076.8799901063257,2076.822161740611,16384.0,,
get16/local/k2/prior,2,2073.359930744602,2073.427949559224,16384.0,,
get16/local/k2/ikea,0,2139.8778824128526,2139.8188342947196,16384.0,,
get16/local/k2/ikea,1,2140.905523033544,2140.8458132118635,16384.0,,
get16/local/k2/ikea,2,2140.500636294052,2140.4407228365026,16384.0,,
get16/local/k2/ikea2-range,0,2151.4613295069,2151.402593422298,16384.0,,
get16/local/k2/ikea2-range,1,2150.677925273212,2150.6163702367667,16384.0,,
get16/local/k2/ikea2-range,2,2151.010814412356,2150.953154619186,16384.0,,
get16/local/k2/ikea2-region,0,2023.8999807285234,2023.8450568444919,16384.0,,
get16/local/k2/ikea2-region,1,2023.8075737139122,2023.7514453627216,16384.0,,
get16/local/k2/ikea2-region,2,2023.3891886689246,2023.3337348129892,16384.0,,
get16/striped/k2/prior,0,1771.6190234619141,1771.5682519444745,16384.0,,
get16/striped/k2/prior,1,1774.983808920089,1775.0268865089695,16384.0,,
get16/striped/k2/prior,2,1772.5956034665933,1772.5466074871645,16384.0,,
get16/striped/k2/ikea,0,1939.275470653056,1939.2222683644125,16384.0,,
get16/striped/k2/ikea,1,1938.3722314505803,1938.3157991845587,16384.0,,
get16/striped/k2/ikea,2,1938.945690291717,1938.8919804450077,16384.0,,
get16/striped/k2/ikea2-range,0,1785.8180813531028,1785.9294427756538,16384.0,,
get16/striped/k2/ikea2-range,1,1785.6412207252044,1785.5920432038436,16384.0,,
get16/striped/k2/ikea2-range,2,1784.4447230845594,1784.4507587112598,16384.0,,
get16/striped/k2/ikea2-region,0,1734.8893381745982,1734.9060075839914,16384.0,,
get16/striped/k2/ikea2-region,1,1731.4138471692315,1731.480153480501,16384.0,,
get16/striped/k2/ikea2-region,2,1733.4711586070894,1733.4243274219948,16384.0,,
get16/local/k3/prior,0,3458.4300122998275,3458.3344813561325,10752.0,,
get16/local/k3/prior,1,3458.4593685929062,3458.8028700088557,10752.0,,
get16/local/k3/prior,2,3457.7250512498617,3457.624436269472,10752.0,,
get16/local/k3/ikea,0,2658.9942954932544,2658.9210242560853,10752.0,,
get16/local/k3/ikea,1,2659.324713190443,2659.250237645263,10752.0,,
get16/local/k3/ikea,2,2660.3595740636965,2660.2838309016283,10752.0,,
get16/local/k3/ikea2-range,0,2596.099207823425,2596.177868544497,10752.0,,
get16/local/k3/ikea2-range,1,2594.998267112217,2594.9249288188494,10752.0,,
get16/local/k3/ikea2-range,2,2595.235610842946,2595.1636340845503,10752.0,,
get16/local/k3/ikea2-region,0,2540.1482085673374,2540.0778200531145,10752.0,,
get16/local/k3/ikea2-region,1,2538.7090810226614,2538.8867741793815,10752.0,,
get16/local/k3/ikea2-region,2,2539.040903873224,2538.970757011362,10752.0,,
get16/striped/k3/prior,0,2160.9769553802726,2160.9130708670787,10752.0,,
get16/striped/k3/prior,1,2144.7007349087376,2144.6407874005727,10752.0,,
get16/striped/k3/prior,2,2141.396482939493,2141.33511814437,10752.0,,
get16/striped/k3/ikea,0,2424.054809584932,2424.1953351203465,10752.0,,
get16/striped/k3/ikea,1,2415.483505035787,2415.862252569515,10752.0,,
get16/striped/k3/ikea,2,2415.8585484433656,2415.793089440098,10752.0,,
get16/striped/k3/ikea2-range,0,1953.6896737010268,1953.7033997637345,10752.0,,
get16/striped/k3/ikea2-range,1,1938.7718347009804,1938.7169792614375,10752.0,,
get16/striped/k3/ikea2-range,2,1936.1672528332697,1936.1108343218802,10752.0,,
get16/striped/k3/ikea2-region,0,1965.7534774436087,1965.694971794161,10752.0,,
get16/striped/k3/ikea2-region,1,1958.3389097743288,1958.2841165410537,10752.0,,
get16/striped/k3/ikea2-region,2,1952.3187499997973,1952.2652255768082,10752.0,,
get16/local/k4/prior,0,2966.9867947182465,2966.904950225275,8192.0,,
get16/local/k4/prior,1,2965.313607795963,2965.2311983460013,8192.0,,
get16/local/k4/prior,2,2966.0280347433677,2965.944424848991,8192.0,,
get16/local/k4/ikea,0,2548.47813181448,2548.4083474754966,8192.0,,
get16/local/k4/ikea,1,2539.1484128907723,2539.0760843215558,8192.0,,
get16/local/k4/ikea,2,2546.5253816330182,2546.6097649557364,8192.0,,
get16/local/k4/ikea2-range,0,2536.605638894242,2536.534610509951,8192.0,,
get16/local/k4/ikea2-range,1,2536.1336225073974,2536.064762938909,8192.0,,
get16/local/k4/ikea2-range,2,2529.8487258267432,2529.7770347948945,8192.0,,
get16/local/k4/ikea2-region,0,2442.8248128215046,2442.7572531613555,8192.0,,
get16/local/k4/ikea2-region,1,2424.8770472629353,2424.9753743769734,8192.0,,
get16/local/k4/ikea2-region,2,2417.986956013454,2418.164541429072,8192.0,,
get16/striped/k4/prior,0,1778.5650590672067,1779.0060549403731,8192.0,,
get16/striped/k4/prior,1,1776.3008849555858,1776.2550704976106,8192.0,,
get16/striped/k4/prior,2,1779.6536393277522,1779.6945420830236,8192.0,,
get16/striped/k4/ikea,0,1942.6728617661577,1942.6177531437922,8192.0,,
get16/striped/k4/ikea,1,1940.9744336569547,1941.0815071840273,8192.0,,
get16/striped/k4/ikea,2,1939.7799352752868,1939.723855751296,8192.0,,
get16/striped/k4/ikea2-range,0,1788.7755102037743,1788.7254910327915,8192.0,,
get16/striped/k4/ikea2-range,1,1791.2435345742865,1791.1932171830292,8192.0,,
get16/striped/k4/ikea2-range,2,1790.256273699821,1790.2063823780934,8192.0,,
get16/striped/k4/ikea2-region,0,1737.6359229334776,1737.58773564151,8192.0,,
get16/striped/k4/ikea2-region,1,1736.6902838203723,1736.641972243043,8192.0,,
get16/striped/k4/ikea2-region,2,1736.5333747672485,1736.5713693771052,8192.0,,
get16/local/k5/prior,0,3468.369858532247,3468.272712385694,6400.0,,
get16/local/k5/prior,1,3467.547714448467,3467.450895457195,6400.0,,
get16/local/k5/prior,2,3463.7267969577756,3463.629405548767,6400.0,,
get16/local/k5/ikea,0,2670.6026064842545,2670.529497747503,6400.0,,
get16/local/k5/ikea,1,2669.5403051494145,2669.4667514539074,6400.0,,
get16/local/k5/ikea,2,2669.235664335773,2669.161284157554,6400.0,,
get16/local/k5/ikea2-range,0,2605.822537655924,2605.9340482500666,6400.0,,
get16/local/k5/ikea2-range,1,2602.5472633728227,2602.4762908383072,6400.0,,
get16/local/k5/ikea2-range,2,2601.7866484839133,2601.7157999281603,6400.0,,
get16/local/k5/ikea2-region,0,2547.3503760306335,2547.276200892016,6400.0,,
get16/local/k5/ikea2-region,1,2541.9614871423255,2542.0283236268097,6400.0,,
get16/local/k5/ikea2-region,2,2541.5938864625787,2541.5254124416892,6400.0,,
get16/striped/k5/prior,0,2302.9272235681365,2302.8648678801637,6400.0,,
get16/striped/k5/prior,1,2282.0873091867916,2282.0221371264247,6400.0,,
get16/striped/k5/prior,2,2271.338590660722,2271.2767982662795,6400.0,,
get16/striped/k5/ikea,0,2884.075088646433,2883.9937425651874,6400.0,,
get16/striped/k5/ikea,1,2879.7761941184167,2879.6924841889945,6400.0,,
get16/striped/k5/ikea,2,2873.41896683683,2873.5146353521577,6400.0,,
get16/striped/k5/ikea2-range,0,2521.3788827575904,2521.31055858313,6400.0,,
get16/striped/k5/ikea2-range,1,2486.3751007498936,2486.3073346420147,6400.0,,
get16/striped/k5/ikea2-range,2,2475.7127534256083,2475.645359266962,6400.0,,
get16/striped/k5/ikea2-region,0,2469.0188724324757,2468.952281395072,6400.0,,
get16/striped/k5/ikea2-region,1,2397.8645484948834,2397.7995700092665,6400.0,,
get16/striped/k5/ikea2-region,2,2387.920628284086,2387.8560678567947,6400.0,,
get16/local/k6/prior,0,3458.2382680411556,3458.142927838802,5376.0,,
get16/local/k6/prior,1,3459.010886597321,3458.9168659745014,5376.0,,
get16/local/k6/prior,2,3460.1252783506857,3460.21674228076,5376.0,,
get16/local/k6/ikea,0,2661.2496835437187,2661.3605063221835,5376.0,,
get16/local/k6/ikea,1,2660.0184177220426,2660.4862658224433,5376.0,,
get16/local/k6/ikea,2,2660.185506329971,2660.1128481356855,5376.0,,
get16/local/k6/ikea2-range,0,2594.0993819522914,2594.0273176988667,5376.0,,
get16/local/k6/ikea2-range,1,2593.6064894931815,2593.6186032025307,5376.0,,
get16/local/k6/ikea2-range,2,2593.3875154517004,2593.450000029191,5376.0,,
get16/local/k6/ikea2-region,0,2499.971831825238,2499.9028704376874,5376.0,,
get16/local/k6/ikea2-region,1,2499.9830871843833,2499.9147212749754,5376.0,,
get16/local/k6/ikea2-region,2,2500.1532277274014,2500.0861124426037,5376.0,,
get16/striped/k6/prior,0,2473.799176168596,2473.7307026425674,5376.0,,
get16/striped/k6/prior,1,2463.9973135934606,2463.9306907472705,5376.0,,
get16/striped/k6/prior,2,2458.3556205600103,2458.4191988423486,5376.0,,
get16/striped/k6/ikea,0,2657.3442162990627,2657.271393961182,5376.0,,
get16/striped/k6/ikea,1,2669.0722484374473,2668.99355950134,5376.0,,
get16/striped/k6/ikea,2,2661.6052799385056,2661.532266272427,5376.0,,
get16/striped/k6/ikea2-range,0,2169.588301948024,2169.529433991129,5376.0,,
get16/striped/k6/ikea2-range,1,2149.303620568996,2149.2448604920646,5376.0,,
get16/striped/k6/ikea2-range,2,2140.087411644008,2140.0274645117543,5376.0,,
get16/striped/k6/ikea2-region,0,2320.7459826952636,2320.6797954382178,5376.0,,
get16/striped/k6/ikea2-region,1,2229.6127654798343,2229.551691211344,5376.0,,
get16/striped/k6/ikea2-region,2,2122.998426789686,2123.2094055438497,5376.0,,
get16/local/k7/prior,0,3479.15924770035,3479.649474369946,4608.0,,
get16/local/k7/prior,1,3479.1268068330123,3479.0330157836215,4608.0,,
get16/local/k7/prior,2,3477.2428547958584,3477.3346747812593,4608.0,,
get16/local/k7/ikea,0,2720.4958217270514,2720.419576324079,4608.0,,
get16/local/k7/ikea,1,2720.984129040086,2720.9101509436796,4608.0,,
get16/local/k7/ikea,2,2720.0687957510713,2719.9947528630364,4608.0,,
get16/local/k7/ikea2-range,0,2597.688215988725,2597.6173137842306,4608.0,,
get16/local/k7/ikea2-range,1,2599.2762400154766,2599.2037277815975,4608.0,,
get16/local/k7/ikea2-range,2,2597.991578425389,2597.920056968534,4608.0,,
get16/local/k7/ikea2-region,0,2493.340622771741,2493.2703232585477,4608.0,,
get16/local/k7/ikea2-region,1,2490.9385547890884,2490.8687901218655,4608.0,,
get16/local/k7/ikea2-region,2,2491.2719871640556,2491.2034703902573,4608.0,,
get16/striped/k7/prior,0,1961.3960638449162,1961.3414002777631,4608.0,,
get16/striped/k7/prior,1,1952.2679033853547,1952.323602767851,4608.0,,
get16/striped/k7/prior,2,1948.4843919203481,1948.4292574920908,4608.0,,
get16/striped/k7/ikea,0,2633.9423342975797,2633.8697648146313,4608.0,,
get16/striped/k7/ikea,1,2632.384920136111,2632.3112815861655,4608.0,,
get16/striped/k7/ikea,2,2631.785435794738,2631.715633247955,4608.0,,
get16/striped/k7/ikea2-range,0,2249.4706328153393,2249.6241000356613,4608.0,,
get16/striped/k7/ikea2-range,1,2235.8830184589215,2235.81832947511,4608.0,,
get16/striped/k7/ikea2-range,2,2233.353705408177,2233.616088368493,4608.0,,
get16/striped/k7/ikea2-region,0,2239.024328948855,2238.9629451223996,4608.0,,
get16/striped/k7/ikea2-region,1,1995.1293979259626,1995.066142663221,4608.0,,
get16/striped/k7/ikea2-region,2,1974.2460164685015,1974.1903004935054,4608.0,,
get16/local/k56/prior,0,1852.8275801179723,1852.774300335338,512.0,,
get16/local/k56/prior,1,1853.392645889884,1853.5282952503983,512.0,,
get16/local/k56/prior,2,1852.7327182835666,1852.6826167735824,512.0,,
get16/local/k56/ikea,0,2019.639859635583,2019.584002286638,512.0,,
get16/local/k56/ikea,1,2019.70460991239,2019.649137155503,512.0,,
get16/local/k56/ikea,2,2018.6385617460062,2018.5853482492864,512.0,,
get16/local/k56/ikea2-range,0,1840.7807924955782,1840.8215569215927,512.0,,
get16/local/k56/ikea2-range,1,1840.2110984487347,1840.162400297625,512.0,,
get16/local/k56/ikea2-range,2,1840.2031208907458,1840.1537652406255,512.0,,
get16/local/k56/ikea2-region,0,1786.350423350158,1786.3012807059758,512.0,,
get16/local/k56/ikea2-region,1,1786.5010849677433,1786.4514317298429,512.0,,
get16/local/k56/ikea2-region,2,1786.0747989616507,1786.0257413860893,512.0,,
get16-ends/local/k1/prior,0,1130.9341351198632,1130.9029246543637,32768.0,,
get16-ends/local/k1/prior,1,1130.8000914791876,1130.7692307684897,32768.0,,
get16-ends/local/k1/prior,2,1130.6965856805941,1130.6649447099699,32768.0,,
get16-ends/local/k1/ikea,0,1339.0444076325298,1339.1249402646188,32768.0,,
get16-ends/local/k1/ikea,1,1338.3894746897622,1338.351279035498,32768.0,,
get16-ends/local/k1/ikea,2,1338.9850275555043,1339.3937752628642,32768.0,,
get16-ends/local/k1/ikea2-range,0,1182.97566944179,1183.020195781401,32768.0,,
get16-ends/local/k1/ikea2-range,1,1181.779731097934,1181.7473840911728,32768.0,,
get16-ends/local/k1/ikea2-range,2,1182.8394745724263,1182.8061149982973,32768.0,,
get16-ends/local/k1/ikea2-region,0,1076.517382413136,1076.4875766834268,32768.0,,
get16-ends/local/k1/ikea2-region,1,1075.8982617587328,1075.8681492750836,32768.0,,
get16-ends/local/k1/ikea2-region,2,1075.7891104297216,1075.7598415219516,32768.0,,
get16-ends/striped/k1/prior,0,1006.7862376096864,1006.7572906226154,32768.0,,
get16-ends/striped/k1/prior,1,1006.2153665660593,1006.1870181511042,32768.0,,
get16-ends/striped/k1/prior,2,1006.1585500166902,1006.1315902784554,32768.0,,
get16-ends/striped/k1/ikea,0,1317.786769085949,1317.7508386892582,32768.0,,
get16-ends/striped/k1/ikea,1,1319.4857501173499,1319.4480952994925,32768.0,,
get16-ends/striped/k1/ikea,2,1319.0876939957363,1319.050885728675,32768.0,,
get16-ends/striped/k1/ikea2-range,0,1117.4468866420816,1117.490952632983,32768.0,,
get16-ends/striped/k1/ikea2-range,1,1116.880202235107,1116.8487759459917,32768.0,,
get16-ends/striped/k1/ikea2-range,2,1116.7195582757813,1116.6883182585261,32768.0,,
get16-ends/striped/k1/ikea2-region,0,992.5122896577965,992.4850633357614,32768.0,,
get16-ends/striped/k1/ikea2-region,1,991.7947154470774,991.767607305334,32768.0,,
get16-ends/striped/k1/ikea2-region,2,991.5638116844225,991.5366089994532,32768.0,,
get16-ends/local/k2/prior,0,1274.1039405879228,1274.1983025189566,16384.0,,
get16-ends/local/k2/prior,1,1269.1560775996209,1269.1699909055733,16384.0,,
get16-ends/local/k2/prior,2,1273.1901182173885,1273.5296150243582,16384.0,,
get16-ends/local/k2/ikea,0,1431.0127149059804,1430.9710838415842,16384.0,,
get16-ends/local/k2/ikea,1,1431.186485285525,1431.2444884810084,16384.0,,
get16-ends/local/k2/ikea,2,1431.2836927912065,1431.2452404609394,16384.0,,
get16-ends/local/k2/ikea2-range,0,1405.3423004941787,1405.405928355257,16384.0,,
get16-ends/local/k2/ikea2-range,1,1408.7806108809887,1408.7416120828277,16384.0,,
get16-ends/local/k2/ikea2-range,2,1404.330704451345,1404.2933431583283,16384.0,,
get16-ends/local/k2/ikea2-region,0,1210.8171370964703,1210.78173964642,16384.0,,
get16-ends/local/k2/ikea2-region,1,1209.7479838713266,1209.715207377263,16384.0,,
get16-ends/local/k2/ikea2-region,2,1209.8620391704796,1209.828715433264,16384.0,,
get16-ends/striped/k2/prior,0,1041.3953188854123,1041.423380803807,16384.0,,
get16-ends/striped/k2/prior,1,1041.375430340723,1041.3472445751252,16384.0,,
get16-ends/striped/k2/prior,2,1040.7480123838936,1040.7184644050078,16384.0,,
get16-ends/striped/k2/ikea,0,1331.1635327634006,1331.1254511087407,16384.0,,
get16-ends/striped/k2/ikea,1,1330.816239316275,1330.7816714108305,16384.0,,
get16-ends/striped/k2/ikea,2,1330.8329851216083,1330.7980373346907,16384.0,,
get16-ends/striped/k2/ikea2-range,0,1125.0200594551054,1124.9882696345726,16384.0,,
get16-ends/striped/k2/ikea2-range,1,1124.701036449914,1124.6699429570758,16384.0,,
get16-ends/striped/k2/ikea2-range,2,1125.0982886529378,1125.0672219540252,16384.0,,
get16-ends/striped/k2/ikea2-region,0,998.2284301371576,998.201255326927,16384.0,,
get16-ends/striped/k2/ikea2-region,1,999.5854592139164,999.6385963107091,16384.0,,
get16-ends/striped/k2/ikea2-region,2,999.3925489170537,999.5964432498105,16384.0,,
get16-ends/local/k3/prior,0,2322.764513988944,2322.8163772740363,10752.0,,
get16-ends/local/k3/prior,1,2322.101017361037,2322.0383721929834,10752.0,,
get16-ends/local/k3/prior,2,2321.8470640269725,2321.7803273349405,10752.0,,
get16-ends/local/k3/ikea,0,1952.178395463258,1952.1226178327402,10752.0,,
get16-ends/local/k3/ikea,1,1949.884307892961,1949.832992484034,10752.0,,
get16-ends/local/k3/ikea,2,1951.213024077069,1951.1622199629899,10752.0,,
get16-ends/local/k3/ikea2-range,0,1906.2195243713722,1906.1675138485282,10752.0,,
get16-ends/local/k3/ikea2-range,1,1904.9360079876585,1904.8851774198017,10752.0,,
get16-ends/local/k3/ikea2-range,2,1905.4825723880456,1905.4304256850462,10752.0,,
get16-ends/local/k3/ikea2-region,0,1785.9191304719177,1785.8748032486872,10752.0,,
get16-ends/local/k3/ikea2-region,1,1783.6917513929814,1783.6431701367599,10752.0,,
get16-ends/local/k3/ikea2-region,2,1785.3326243247989,1785.2851490904463,10752.0,,
get16-ends/striped/k3/prior,0,1457.240090718379,1457.2856594573293,10752.0,,
get16-ends/striped/k3/prior,1,1452.9760990929033,1452.9365317327681,10752.0,,
get16-ends/striped/k3/prior,2,1452.6303558968389,1452.5901953887185,10752.0,,
get16-ends/striped/k3/ikea,0,1855.2649511975785,1855.2112688370796,10752.0,,
get16-ends/striped/k3/ikea,1,1844.1849600714258,1844.1349600523151,10752.0,,
get16-ends/striped/k3/ikea,2,1841.327284826767,1841.362244927755,10752.0,,
get16-ends/striped/k3/ikea2-range,0,1364.7160773849944,1364.7650100196786,10752.0,,
get16-ends/striped/k3/ikea2-range,1,1307.0858572381992,1307.049466314184,10752.0,,
get16-ends/striped/k3/ikea2-range,2,1260.684523015611,1260.8853902735054,10752.0,,
get16-ends/striped/k3/ikea2-region,0,1282.760061487324,1282.7883943416773,10752.0,,
get16-ends/striped/k3/ikea2-region,1,1256.6055757404176,1256.5708496422637,10752.0,,
get16-ends/striped/k3/ikea2-region,2,1244.5583775852626,1244.5246646345656,10752.0,,
get16-ends/local/k4/prior,0,2098.764408897655,2098.9342164791756,8192.0,,
get16-ends/local/k4/prior,1,2096.855286178074,2096.7983503925648,8192.0,,
get16-ends/local/k4/prior,2,2097.2226443392715,2097.1670582262254,8192.0,,
get16-ends/local/k4/ikea,0,1851.012044471949,1850.9641312711835,8192.0,,
get16-ends/local/k4/ikea,1,1849.6258272303044,1849.5715609423598,8192.0,,
get16-ends/local/k4/ikea,2,1848.310597370402,1848.2581399256394,8192.0,,
get16-ends/local/k4/ikea2-range,0,1770.4099645925978,1770.3603102375216,8192.0,,
get16-ends/local/k4/ikea2-range,1,1768.0053532286402,1768.0551761725899,8192.0,,
get16-ends/local/k4/ikea2-range,2,1765.9752571234812,1765.9277524806496,8192.0,,
get16-ends/local/k4/ikea2-region,0,1681.3099408188516,1681.263195770414,8192.0,,
get16-ends/local/k4/ikea2-region,1,1680.549784068908,1680.5029990535777,8192.0,,
get16-ends/local/k4/ikea2-region,2,1676.8893154187438,1676.8433701411618,8192.0,,
get16-ends/striped/k4/prior,0,1043.9600917318146,1043.9307026966558,8192.0,,
get16-ends/striped/k4/prior,1,1043.5044993396807,1043.4761821696716,8192.0,,
get16-ends/striped/k4/prior,2,1044.2991001319542,1044.2698357167492,8192.0,,
get16-ends/striped/k4/ikea,0,1330.628125099161,1330.6967584440572,8192.0,,
get16-ends/striped/k4/ikea,1,1330.6144364522675,1330.5767609655734,8192.0,,
get16-ends/striped/k4/ikea,2,1330.3604043224545,1330.6292658333198,8192.0,,
get16-ends/striped/k4/ikea2-range,0,1127.7426719731795,1127.7092992044124,8192.0,,
get16-ends/striped/k4/ikea2-range,1,1129.8125100844456,1129.8353950272792,8192.0,,
get16-ends/striped/k4/ikea2-range,2,1128.1522078199725,1128.1211208316074,8192.0,,
get16-ends/striped/k4/ikea2-region,0,1005.0881100244579,1005.0598900660859,8192.0,,
get16-ends/striped/k4/ikea2-region,1,1010.873414709334,1010.8457182258705,8192.0,,
get16-ends/striped/k4/ikea2-region,2,1008.4813572227931,1008.4548266644362,8192.0,,
get16-ends/local/k5/prior,0,2328.3837028825983,2328.3200111000283,6400.0,,
get16-ends/local/k5/prior,1,2328.093736141859,2328.0312638751298,6400.0,,
get16-ends/local/k5/prior,2,2327.879379157959,2327.8152439100704,6400.0,,
get16-ends/local/k5/ikea,0,1954.7656932949242,1954.7111503488634,6400.0,,
get16-ends/local/k5/ikea,1,1952.5947642519766,1952.5395238493777,6400.0,,
get16-ends/local/k5/ikea,2,1952.5218078674573,1952.4669394818543,6400.0,,
get16-ends/local/k5/ikea2-range,0,1910.6252728260988,1910.5724354162949,6400.0,,
get16-ends/local/k5/ikea2-range,1,1910.3959166970055,1910.3446253140787,6400.0,,
get16-ends/local/k5/ikea2-range,2,1911.0349217898126,1910.9844033902768,6400.0,,
get16-ends/local/k5/ikea2-region,0,1792.8930465270848,1792.841045159187,6400.0,,
get16-ends/local/k5/ikea2-region,1,1790.9373075611675,1790.8884707264888,6400.0,,
get16-ends/local/k5/ikea2-region,2,1791.651898733885,1791.7309698875847,6400.0,,
get16-ends/striped/k5/prior,0,1610.49502251258,1610.5877979129327,6400.0,,
get16-ends/striped/k5/prior,1,1563.3219050770977,1563.9500185892089,6400.0,,
get16-ends/striped/k5/prior,2,1553.4976661573912,1553.45714406513,6400.0,,
get16-ends/striped/k5/ikea,0,2357.456531506391,2357.3906548347445,6400.0,,
get16-ends/striped/k5/ikea,1,2349.9620352685906,2349.9880938827164,6400.0,,
get16-ends/striped/k5/ikea,2,2347.1948219703936,2347.2561496521535,6400.0,,
get16-ends/striped/k5/ikea2-range,0,2211.462805073387,2211.404188424438,6400.0,,
get16-ends/striped/k5/ikea2-range,1,2163.2183736548404,2163.158478099393,6400.0,,
get16-ends/striped/k5/ikea2-range,2,2142.0130022384938,2141.9566237007184,6400.0,,
get16-ends/striped/k5/ikea2-region,0,1848.5744851923107,1848.52329474951,6400.0,,
get16-ends/striped/k5/ikea2-region,1,1830.806137490514,1830.7550363963912,6400.0,,
get16-ends/striped/k5/ikea2-region,2,1826.1596462233272,1826.1110019077598,6400.0,,
get16-ends/local/k6/prior,0,2405.749399244576,2405.683201731834,5376.0,,
get16-ends/local/k6/prior,1,2401.6505320972137,2401.586108250859,5376.0,,
get16-ends/local/k6/prior,2,2402.684689323432,2402.61906397037,5376.0,,
get16-ends/local/k6/ikea,0,1953.501487679979,1953.4478382105053,5376.0,,
get16-ends/local/k6/ikea,1,1952.4849372384488,1952.4298930941557,5376.0,,
get16-ends/local/k6/ikea,2,1951.8266387723254,1951.7739191314301,5376.0,,
get16-ends/local/k6/ikea2-range,0,1892.903222898365,1892.8503493203625,5376.0,,
get16-ends/local/k6/ikea2-range,1,1893.6146946134236,1893.5626324050838,5376.0,,
get16-ends/local/k6/ikea2-range,2,1891.6677034031527,1891.618030201873,5376.0,,
get16-ends/local/k6/ikea2-region,0,1788.6923372299586,1788.9763631719566,5376.0,,
get16-ends/local/k6/ikea2-region,1,1788.923798958676,1788.8773786160461,5376.0,,
get16-ends/local/k6/ikea2-region,2,1788.6822681118126,1788.751770638026,5376.0,,
get16-ends/striped/k6/prior,0,1739.069747899561,1739.022184879372,5376.0,,
get16-ends/striped/k6/prior,1,1732.2259243694864,1732.177436969621,5376.0,,
get16-ends/striped/k6/prior,2,1720.9967647058943,1720.9492016874965,5376.0,,
get16-ends/striped/k6/ikea,0,2058.2780441987647,2058.2215849886666,5376.0,,
get16-ends/striped/k6/ikea,1,2041.2603450834415,2041.2069016791936,5376.0,,
get16-ends/striped/k6/ikea,2,2028.3081524693562,2028.2521876553642,5376.0,,
get16-ends/striped/k6/ikea2-range,0,1557.9119078714057,1557.8668724530044,5376.0,,
get16-ends/striped/k6/ikea2-range,1,1537.8053345995709,1537.7634255360265,5376.0,,
get16-ends/striped/k6/ikea2-range,2,1523.2683921007208,1523.2250583558284,5376.0,,
get16-ends/striped/k6/ikea2-region,0,1561.8878230223277,1561.8432654871842,5376.0,,
get16-ends/striped/k6/ikea2-region,1,1506.3969459673517,1506.354541904736,5376.0,,
get16-ends/striped/k6/ikea2-region,2,1475.1294831637401,1475.087862182094,5376.0,,
get16-ends/local/k7/prior,0,2350.6659949621776,2350.601287437682,4608.0,,
get16-ends/local/k7/prior,1,2350.817296389142,2350.752868717063,4608.0,,
get16-ends/local/k7/prior,2,2351.141729639106,2351.076966148581,4608.0,,
get16-ends/local/k7/ikea,0,2008.2747394586986,2008.3019409157714,4608.0,,
get16-ends/local/k7/ikea,1,2007.1443732669568,2007.2745960401471,4608.0,,
get16-ends/local/k7/ikea,2,2006.7549478924097,2006.6995410796817,4608.0,,
get16-ends/local/k7/ikea2-range,0,1917.5987671237126,1917.8639269498633,4608.0,,
get16-ends/local/k7/ikea2-range,1,1917.8211415521932,1917.8629223942771,4608.0,,
get16-ends/local/k7/ikea2-range,2,1917.0783105027972,1917.028675795656,4608.0,,
get16-ends/local/k7/ikea2-region,0,1788.3067223305848,1788.2573059333754,4608.0,,
get16-ends/local/k7/ikea2-region,1,1786.382295305231,1786.3327085188205,4608.0,,
get16-ends/local/k7/ikea2-region,2,1786.6136576638096,1786.7088693903024,4608.0,,
get16-ends/striped/k7/prior,0,1258.39055557272,1258.3569392792,4608.0,,
get16-ends/striped/k7/prior,1,1245.477706616275,1245.444366135618,4608.0,,
get16-ends/striped/k7/prior,2,1242.2954677782338,1242.2610241175432,4608.0,,
get16-ends/striped/k7/ikea,0,1995.7996848437328,1995.7442459929903,4608.0,,
get16-ends/striped/k7/ikea,1,1991.5938305798627,1991.6264444554693,4608.0,,
get16-ends/striped/k7/ikea,2,1989.3674434148272,1989.3098080146233,4608.0,,
get16-ends/striped/k7/ikea2-range,0,1711.9397011961412,1711.8920663999615,4608.0,,
get16-ends/striped/k7/ikea2-range,1,1703.654926954065,1703.6067541403247,4608.0,,
get16-ends/striped/k7/ikea2-range,2,1702.6506228527292,1702.6045606882037,4608.0,,
get16-ends/striped/k7/ikea2-region,0,1316.387337750049,1316.3492090464413,4608.0,,
get16-ends/striped/k7/ikea2-region,1,1299.9882030827969,1299.9520348541178,4608.0,,
get16-ends/striped/k7/ikea2-region,2,1292.339744456305,1292.304117086973,4608.0,,
get16-ends/local/k56/prior,0,1114.2665535257513,1114.2354220319382,512.0,,
get16-ends/local/k56/prior,1,1114.1855161627257,1114.1553658053751,512.0,,
get16-ends/local/k56/prior,2,1114.719657394361,1114.7750258583196,512.0,,
get16-ends/local/k56/ikea,0,1258.9373185263094,1259.105127674121,512.0,,
get16-ends/local/k56/ikea,1,1256.9410602568564,1256.9077439078453,512.0,,
get16-ends/local/k56/ikea,2,1256.9263926720685,1256.960247863323,512.0,,
get16-ends/local/k56/ikea2-range,0,1086.845177665114,1086.8148503151042,512.0,,
get16-ends/local/k56/ikea2-range,1,1087.5383559516883,1087.5087019434202,512.0,,
get16-ends/local/k56/ikea2-range,2,1087.6850719985991,1087.6544338419005,512.0,,
get16-ends/local/k56/ikea2-region,0,1079.3925094404067,1079.3625574936266,512.0,,
get16-ends/local/k56/ikea2-region,1,1078.527139150488,1078.497161498302,512.0,,
get16-ends/local/k56/ikea2-region,2,1078.4350741094158,1078.4056358987777,512.0,,
sum/local/k5/all/ikea2-native,0,2193.388407311327,2193.3279895545415,8192.0,,
sum/local/k5/all/ikea2-native,1,2187.836866841365,2187.7785378434987,8192.0,,
sum/local/k5/all/ikea2-native,2,2188.0594778063614,2187.9994256106415,8192.0,,
sum/local/k5/all/ikea2-native16,0,2291.3628429606647,2291.299350877191,8192.0,,
sum/local/k5/all/ikea2-native16,1,2291.1785305182916,2291.114983903677,8192.0,,
sum/local/k5/all/ikea2-native16,2,2291.159930180697,2291.21933126815,8192.0,,
sum/local/k5/all/ikea2-materialized,0,2204.919321820428,2204.8594824347288,8192.0,,
sum/local/k5/all/ikea2-materialized,1,2205.170174794454,2205.1092331362115,8192.0,,
sum/local/k5/all/ikea2-materialized,2,2200.708729200585,2200.6476825531354,8192.0,,
sum/local/k5/all/ikea-materialized,0,2192.3814739482264,2192.5236530634306,8192.0,,
sum/local/k5/all/ikea-materialized,1,2192.4428623583476,2192.38262142527,8192.0,,
sum/local/k5/all/ikea-materialized,2,2196.4718093146403,2196.4832316258035,8192.0,,
sum/local/k5/prefilter75/ikea2-native,0,2199.476900539172,2199.499136718504,8192.0,,
sum/local/k5/prefilter75/ikea2-native,1,2194.7899335532943,2194.850625262392,8192.0,,
sum/local/k5/prefilter75/ikea2-native,2,2197.5826924087355,2197.516925683185,8192.0,,
sum/local/k5/prefilter75/ikea2-native16,0,2291.3218397074584,2291.406241444723,8192.0,,
sum/local/k5/prefilter75/ikea2-native16,1,2290.9456053254444,2290.8825904298715,8192.0,,
sum/local/k5/prefilter75/ikea2-native16,2,2290.981231927361,2290.918817138606,8192.0,,
sum/local/k5/prefilter75/ikea2-materialized,0,5858.451779483605,5858.299092804612,8192.0,,
sum/local/k5/prefilter75/ikea2-materialized,1,5855.706489881322,5855.551709742116,8192.0,,
sum/local/k5/prefilter75/ikea2-materialized,2,5858.593161200578,5858.437683168578,8192.0,,
sum/local/k5/prefilter75/ikea-materialized,0,5835.523068371322,5835.35978329665,8192.0,,
sum/local/k5/prefilter75/ikea-materialized,1,5830.447192884611,5830.289049528625,8192.0,,
sum/local/k5/prefilter75/ikea-materialized,2,5828.619788771089,5828.832962793035,8192.0,,
sum/local/k7/all/ikea2-native,0,2209.608366219147,2209.5497500273786,8192.0,,
sum/local/k7/all/ikea2-native,1,2204.840568271557,2204.7797421875707,8192.0,,
sum/local/k7/all/ikea2-native,2,2204.8277295445914,2204.767534859236,8192.0,,
sum/local/k7/all/ikea2-native16,0,2290.573540643823,2290.5111292725346,8192.0,,
sum/local/k7/all/ikea2-native16,1,2291.2994544463104,2291.236879449396,8192.0,,
sum/local/k7/all/ikea2-native16,2,2290.7145662843063,2290.652482264282,8192.0,,
sum/local/k7/all/ikea2-materialized,0,2207.1978334034625,2207.1366218237417,8192.0,,
sum/local/k7/all/ikea2-materialized,1,2208.6705931843712,2208.8225178502726,8192.0,,
sum/local/k7/all/ikea2-materialized,2,2207.5417543122294,2208.2072991126347,8192.0,,
sum/local/k7/all/ikea-materialized,0,2190.5383010903415,2190.47541327706,8192.0,,
sum/local/k7/all/ikea-materialized,1,2190.874380768216,2190.9379464660187,8192.0,,
sum/local/k7/all/ikea-materialized,2,2190.884079887384,2190.822339241403,8192.0,,
sum/local/k7/prefilter75/ikea2-native,0,2204.8738383998775,2204.812936406571,8192.0,,
sum/local/k7/prefilter75/ikea2-native,1,2199.2461279986537,2199.1873260946636,8192.0,,
sum/local/k7/prefilter75/ikea2-native,2,2199.0094503071905,2198.9497558791554,8192.0,,
sum/local/k7/prefilter75/ikea2-native16,0,2290.1981564309576,2290.136904076206,8192.0,,
sum/local/k7/prefilter75/ikea2-native16,1,2290.0716701211736,2290.0132540697873,8192.0,,
sum/local/k7/prefilter75/ikea2-native16,2,2290.9712010473386,2290.906294328744,8192.0,,
sum/local/k7/prefilter75/ikea2-materialized,0,5853.870622568033,5853.709838767702,8192.0,,
sum/local/k7/prefilter75/ikea2-materialized,1,5847.685519732847,5847.529321769013,8192.0,,
sum/local/k7/prefilter75/ikea2-materialized,2,5851.509171763631,5851.353390825979,8192.0,,
sum/local/k7/prefilter75/ikea-materialized,0,5847.135590858235,5847.353121576063,8192.0,,
sum/local/k7/prefilter75/ikea-materialized,1,5847.452480491807,5847.295986652491,8192.0,,
sum/local/k7/prefilter75/ikea-materialized,2,5841.034698996668,5840.877229695846,8192.0,,
sum/local/k12/all/ikea2-native,0,3607.929807940312,3607.8314529160366,8192.0,,
sum/local/k12/all/ikea2-native,1,3605.1278959607,3605.0270433533124,8192.0,,
sum/local/k12/all/ikea2-native,2,3605.7834811807784,3605.681681127592,8192.0,,
sum/local/k12/all/ikea2-native16,0,3293.987424866395,3294.1009965561816,8192.0,,
sum/local/k12/all/ikea2-native16,1,3299.61135716548,3299.5163713528796,8192.0,,
sum/local/k12/all/ikea2-native16,2,3302.8474375203405,3303.0178740925035,8192.0,,
sum/local/k12/all/ikea2-materialized,0,3086.1426690076646,3087.0414837447374,8192.0,,
sum/local/k12/all/ikea2-materialized,1,3085.4298361138567,3085.345039502931,8192.0,,
sum/local/k12/all/ikea2-materialized,2,3085.888206028703,3085.973295259718,8192.0,,
sum/local/k12/all/ikea-materialized,0,2473.1460401891873,2473.0763002147405,8192.0,,
sum/local/k12/all/ikea-materialized,1,2470.866193853199,2470.984515347015,8192.0,,
sum/local/k12/all/ikea-materialized,2,2470.13747044954,2470.0701536660295,8192.0,,
sum/local/k12/prefilter75/ikea2-native,0,3613.3577088717248,3613.2590008636257,8192.0,,
sum/local/k12/prefilter75/ikea2-native,1,3608.797502154287,3608.7018948579894,8192.0,,
sum/local/k12/prefilter75/ikea2-native,2,3607.471403961064,3607.374935429442,8192.0,,
sum/local/k12/prefilter75/ikea2-native16,0,3304.3375961081165,3304.246587159949,8192.0,,
sum/local/k12/prefilter75/ikea2-native16,1,3295.6138396358847,3295.5313824369105,8192.0,,
sum/local/k12/prefilter75/ikea2-native16,2,3302.0343637224046,3302.1079553939267,8192.0,,
sum/local/k12/prefilter75/ikea2-materialized,0,6561.927757839185,6561.758152587513,8192.0,,
sum/local/k12/prefilter75/ikea2-materialized,1,6560.414573255084,6560.240443060172,8192.0,,
sum/local/k12/prefilter75/ikea2-materialized,2,6560.624434388045,6560.450304173179,8192.0,,
sum/local/k12/prefilter75/ikea-materialized,0,5956.738537970955,5956.577998572573,8192.0,,
sum/local/k12/prefilter75/ikea-materialized,1,5956.628672818352,5956.467565647407,8192.0,,
sum/local/k12/prefilter75/ikea-materialized,2,5954.341660753441,5954.177430748687,8192.0,,
sum/local/k31/all/ikea2-native,0,4818.529918456019,4818.393706228656,8192.0,,
sum/local/k31/all/ikea2-native,1,4818.611921443195,4818.476628078893,8192.0,,
sum/local/k31/all/ikea2-native,2,4823.106006660887,4823.7236705601645,8192.0,,
sum/local/k31/all/ikea2-native16,0,4845.732686979993,4845.597760870106,8192.0,,
sum/local/k31/all/ikea2-native16,1,4845.0587488455985,4846.353416390616,8192.0,,
sum/local/k31/all/ikea2-native16,2,4845.349607572462,4845.223222574991,8192.0,,
sum/local/k31/all/ikea2-materialized,0,4179.671594403536,4179.8912590519485,8192.0,,
sum/local/k31/all/ikea2-materialized,1,4188.181664847949,4188.062506231934,8192.0,,
sum/local/k31/all/ikea2-materialized,2,4181.057148526757,4180.938386768495,8192.0,,
sum/local/k31/all/ikea-materialized,0,2914.115373941503,2914.038365516982,8192.0,,
sum/local/k31/all/ikea-materialized,1,2915.6668516714435,2915.5868600026342,8192.0,,
sum/local/k31/all/ikea-materialized,2,2915.5726377133765,2915.488622144535,8192.0,,
sum/local/k31/prefilter75/ikea2-native,0,4818.2166570932495,4818.084319306186,8192.0,,
sum/local/k31/prefilter75/ikea2-native,1,4818.3534750134695,4818.228834096314,8192.0,,
sum/local/k31/prefilter75/ikea2-native,2,4818.878116024938,4818.749109678507,8192.0,,
sum/local/k31/prefilter75/ikea2-native16,0,4838.538213257039,4838.409567670661,8192.0,,
sum/local/k31/prefilter75/ikea2-native16,1,4838.446455330927,4838.318501512576,8192.0,,
sum/local/k31/prefilter75/ikea2-native16,2,4838.946282420667,4839.07216134775,8192.0,,
sum/local/k31/prefilter75/ikea2-materialized,0,7528.90966690917,7528.711803045972,8192.0,,
sum/local/k31/prefilter75/ikea2-materialized,1,7527.579652425556,7527.374909551682,8192.0,,
sum/local/k31/prefilter75/ikea2-materialized,2,7532.699855178932,7532.4933018951615,8192.0,,
sum/local/k31/prefilter75/ikea-materialized,0,6609.368892380129,6609.183974868923,8192.0,,
sum/local/k31/prefilter75/ikea-materialized,1,6611.677297723622,6611.50542030034,8192.0,,
sum/local/k31/prefilter75/ikea-materialized,2,6609.289238021014,6609.522545095573,8192.0,,
sum/local/k56/all/ikea2-native,0,2105.149405178471,2105.2464260924835,8192.0,,
sum/local/k56/all/ikea2-native,1,2098.017244826388,2097.9573628169433,8192.0,,
sum/local/k56/all/ikea2-native,2,2111.624712586607,2112.149305215821,8192.0,,
sum/local/k56/all/ikea2-native16,0,2108.342035108707,2108.3779488156256,8192.0,,
sum/local/k56/all/ikea2-native16,1,2114.015793974498,2114.0425029131766,8192.0,,
sum/local/k56/all/ikea2-native16,2,2125.9779186156957,2125.9167043901043,8192.0,,
sum/local/k56/all/ikea2-materialized,0,3237.1445364890337,3237.2648520878506,8192.0,,
sum/local/k56/all/ikea2-materialized,1,3181.1888757396146,3181.2860749508536,8192.0,,
sum/local/k56/all/ikea2-materialized,2,3116.1095857979694,3116.0213017291567,8192.0,,
sum/local/k56/all/ikea-materialized,0,3379.733381561017,3379.6346756416224,8192.0,,
sum/local/k56/all/ikea-materialized,1,3381.1174342899026,3381.0217024336266,8192.0,,
sum/local/k56/all/ikea-materialized,2,3379.063178201105,3378.9659191651203,8192.0,,
sum/local/k56/prefilter75/ikea2-native,0,2120.6595003789403,2120.5984860100334,8192.0,,
sum/local/k56/prefilter75/ikea2-native,1,2124.3795104717133,2124.427958639713,8192.0,,
sum/local/k56/prefilter75/ikea2-native,2,2120.2170577843763,2120.1577088007016,8192.0,,
sum/local/k56/prefilter75/ikea2-native16,0,2117.495181578232,2117.435838935217,8192.0,,
sum/local/k56/prefilter75/ikea2-native16,1,2122.4226009329873,2122.363613298977,8192.0,,
sum/local/k56/prefilter75/ikea2-native16,2,2115.272976263225,2115.215763844342,8192.0,,
sum/local/k56/prefilter75/ikea2-materialized,0,4930.640385972781,4930.503765529625,8192.0,,
sum/local/k56/prefilter75/ikea2-materialized,1,4933.507766533954,4933.372675916567,8192.0,,
sum/local/k56/prefilter75/ikea2-materialized,2,4931.559543421974,4931.431630889912,8192.0,,
sum/local/k56/prefilter75/ikea-materialized,0,4992.8752234537415,4992.738886915105,8192.0,,
sum/local/k56/prefilter75/ikea-materialized,1,4994.355380765677,4994.951138207493,8192.0,,
sum/local/k56/prefilter75/ikea-materialized,2,4986.012751757848,4987.4236681849325,8192.0,,
sum/local/k64/all/ikea2-native,0,1679.479958354822,1679.4346294185618,8192.0,,
sum/local/k64/all/ikea2-native,1,1679.9673247102662,1680.0163376482903,8192.0,,
sum/local/k64/all/ikea2-native,2,1683.5638890003788,1683.50510553325,8192.0,,
sum/local/k64/all/ikea2-native16,0,1679.7083133108056,1679.6614207982582,8192.0,,
sum/local/k64/all/ikea2-native16,1,1680.128503924488,1680.0795691091876,8192.0,,
sum/local/k64/all/ikea2-native16,2,1679.0994714075766,1679.0513374921923,8192.0,,
sum/local/k64/all/ikea2-materialized,0,2470.350588928298,2470.281272061433,8192.0,,
sum/local/k64/all/ikea2-materialized,1,2469.5153710248214,2469.44487630909,8192.0,,
sum/local/k64/all/ikea2-materialized,2,2471.030742050029,2470.9607774067103,8192.0,,
sum/local/k64/all/ikea-materialized,0,2626.5625668448665,2626.4876376140755,8192.0,,
sum/local/k64/all/ikea-materialized,1,2644.0693928907367,2643.992135870089,8192.0,,
sum/local/k64/all/ikea-materialized,2,2677.3185278386773,2677.239446351703,8192.0,,
sum/local/k64/prefilter75/ikea2-native,0,1679.4673899987604,1679.567802368251,8192.0,,
sum/local/k64/prefilter75/ikea2-native,1,1680.2590783524042,1680.212315313469,8192.0,,
sum/local/k64/prefilter75/ikea2-native,2,1679.1568643150417,1679.109660861936,8192.0,,
sum/local/k64/prefilter75/ikea2-native16,0,1679.113926073952,1679.0672527275165,8192.0,,
sum/local/k64/prefilter75/ikea2-native16,1,1679.7083316685603,1679.7433366715727,8192.0,,
sum/local/k64/prefilter75/ikea2-native16,2,1680.083716283488,1680.0364435723213,8192.0,,
sum/local/k64/prefilter75/ikea2-materialized,0,4514.026400861863,4514.329956875905,8192.0,,
sum/local/k64/prefilter75/ikea2-materialized,1,4508.9276939645615,4508.801831877526,8192.0,,
sum/local/k64/prefilter75/ikea2-materialized,2,4507.307219828076,4508.648814588265,8192.0,,
sum/local/k64/prefilter75/ikea-materialized,0,4591.248497432554,4591.127089990118,8192.0,,
sum/local/k64/prefilter75/ikea-materialized,1,4594.359523548374,4594.415692335987,8192.0,,
sum/local/k64/prefilter75/ikea-materialized,2,4595.12479510421,4595.0020761991245,8192.0,,
sum/striped/k12/all/ikea2-native,0,1305.9935520044057,1305.9572314200402,8192.0,,
sum/striped/k12/all/ikea2-native,1,1305.7594928825379,1305.843285669691,8192.0,,
sum/striped/k12/all/ikea2-native,2,1304.7404915432248,1304.7033298890046,8192.0,,
sum/striped/k12/all/ikea2-native16,0,1329.2977333969607,1329.2609288171827,8192.0,,
sum/striped/k12/all/ikea2-native16,1,1332.6151846568632,1332.5773973693395,8192.0,,
sum/striped/k12/all/ikea2-native16,2,1328.3915993026176,1328.3538754073538,8192.0,,
sum/striped/k12/all/ikea2-materialized,0,1453.7788288290806,1453.8111919614132,8192.0,,
sum/striped/k12/all/ikea2-materialized,1,1453.7667359663565,1453.7264033251486,8192.0,,
sum/striped/k12/all/ikea2-materialized,2,1453.7918918918701,1453.7512127712148,8192.0,,
sum/striped/k12/all/ikea-materialized,0,1367.5057785590595,1367.4684376657676,8192.0,,
sum/striped/k12/all/ikea-materialized,1,1368.4045968030282,1368.3659536972757,8192.0,,
sum/striped/k12/all/ikea-materialized,2,1365.4128658400393,1365.3748412939262,8192.0,,
sum/striped/k12/prefilter75/ikea2-native,0,1307.4823672101033,1307.447070529044,8192.0,,
sum/striped/k12/prefilter75/ikea2-native,1,1305.8249160343353,1305.7910809831696,8192.0,,
sum/striped/k12/prefilter75/ikea2-native,2,1305.2413235478127,1305.207954959247,8192.0,,
sum/striped/k12/prefilter75/ikea2-native16,0,1328.4107866733634,1328.3753166963809,8192.0,,
sum/striped/k12/prefilter75/ikea2-native16,1,1330.1379528758946,1330.2222574217851,8192.0,,
sum/striped/k12/prefilter75/ikea2-native16,2,1329.845135546127,1330.0241955946203,8192.0,,
sum/striped/k12/prefilter75/ikea2-materialized,0,5155.858809086052,5155.719214289924,8192.0,,
sum/striped/k12/prefilter75/ikea2-materialized,1,5163.311479435833,5163.483241264929,8192.0,,
sum/striped/k12/prefilter75/ikea2-materialized,2,5161.283364025986,5161.146101842646,8192.0,,
sum/striped/k12/prefilter75/ikea-materialized,0,5015.085187844004,5014.946398624702,8192.0,,
sum/striped/k12/prefilter75/ikea-materialized,1,5016.657334291382,5016.525364998639,8192.0,,
sum/striped/k12/prefilter75/ikea-materialized,2,5015.218951902408,5015.088298623566,8192.0,,
