key,node,second,interval_seconds,write_MB,write_ops,disk_inflight_max,bw_in_allowance_exceeded,bw_out_allowance_exceeded,pps_allowance_exceeded,conntrack_allowance_exceeded,linklocal_allowance_exceeded,ena_srd_mode,ena_srd_tx_pkts,ena_srd_eligible_tx_pkts,ena_srd_rx_pkts,ena_srd_resource_utilization
00-original-16s-r0,use1-az1,-16,0.400257875,0.0,0.0,0,0,0,0,0,0,0,0,0,0,0
00-original-16s-r0,use1-az1,-15,1.000664434,0.0,0.0,0,0,0,0,0,0,0,0,0,0,0
00-original-16s-r0,use1-az1,-14,1.0006423,0.0,0.0,0,0,0,0,0,0,0,0,0,0,0
00-original-16s-r0,use1-az1,-13,1.0006396720000001,0.0,0.0,0,0,0,0,0,0,0,0,0,0,0
00-original-16s-r0,use1-az1,-12,1.000640677,0.0,0.0,0,0,0,0,0,0,0,0,0,0,0
00-original-16s-r0,use1-az1,-11,1.000637651,0.0,0.0,0,0,0,0,0,0,0,0,0,0,0
00-original-16s-r0,use1-az1,-10,1.000655759,0.0,0.0,0,0,0,0,0,0,0,0,0,0,0
00-original-16s-r0,use1-az1,-9,1.0006319730000002,0.0,0.0,0,0,0,0,0,0,0,0,0,0,0
00-original-16s-r0,use1-az1,-8,1.000629387,0.0,0.0,0,0,0,0,0,0,0,0,0,0,0
00-original-16s-r0,use1-az1,-7,1.00063607,0.0,0.0,0,0,0,0,0,0,0,0,0,0,0
00-original-16s-r0,use1-az1,-6,1.000638769,0.0,0.0,0,0,0,0,0,0,0,0,0,0,0
00-original-16s-r0,use1-az1,-5,1.000633062,0.0,0.0,0,0,0,0,0,0,0,0,0,0,0
00-original-16s-r0,use1-az1,-4,1.000636576,0.0,0.0,0,0,0,0,0,0,0,0,0,0,0
00-original-16s-r0,use1-az1,-3,1.000646786,0.0,0.0,0,0,0,0,0,0,0,0,0,0,0
00-original-16s-r0,use1-az1,-2,1.0006385830000002,0.0,0.0,0,0,0,0,0,0,0,0,0,0,0
00-original-16s-r0,use1-az1,-1,1.0006357049999999,0.0,0.0,0,0,0,0,0,0,0,0,0,0,0
00-original-16s-r0,use1-az1,0,1.0010062309999999,417.27180799999996,26200.0,2,0,0,0,0,0,0,0,0,0,0
00-original-16s-r0,use1-az1,1,1.000964768,428.1344000000001,26924.0,2,0,0,0,0,0,0,0,0,0,0
00-original-16s-r0,use1-az1,2,1.0009720160000002,428.507136,26918.0,0,0,0,0,0,0,0,0,0,0,0
00-original-16s-r0,use1-az1,3,1.000732424,427.76985599999995,26911.0,2,0,0,0,0,0,0,0,0,0,0
00-original-16s-r0,use1-az1,4,1.0007528879999998,429.412352,27021.0,3,0,0,0,0,0,0,0,0,0,0
00-original-16s-r0,use1-az1,5,1.00065964,428.36787200000003,26931.0,2,0,0,0,0,0,0,0,0,0,0
00-original-16s-r0,use1-az1,6,1.000654349,428.68736,26963.0,0,0,0,0,0,0,0,0,0,0,0
00-original-16s-r0,use1-az1,7,1.0006570060000002,426.54924800000003,26832.0,0,0,0,0,0,0,0,0,0,0,0
00-original-16s-r0,use1-az1,8,1.000660636,429.80147200000005,27015.0,2,0,0,0,0,0,0,0,0,0,0
00-original-16s-r0,use1-az1,9,1.0006530149999997,429.350912,26975.0,2,0,0,0,0,0,0,0,0,0,0
00-original-16s-r0,use1-az1,10,1.000654952,430.16601600000007,27041.0,2,0,0,0,0,0,0,0,0,0,0
00-original-16s-r0,use1-az1,11,1.000658851,427.081728,26824.0,0,0,0,0,0,0,0,0,0,0,0
00-original-16s-r0,use1-az1,12,1.000673353,428.322816,26901.0,2,0,0,0,0,0,0,0,0,0,0
00-original-16s-r0,use1-az1,13,1.000898194,422.580224,26346.0,2,0,0,0,0,0,0,0,0,0,0
00-original-16s-r0,use1-az1,14,1.001012602,413.25363200000004,25223.0,2,0,0,0,0,0,0,0,0,0,0
00-original-16s-r0,use1-az1,15,1.0009330840000001,413.270016,25224.0,2,0,0,0,0,0,0,0,0,0,0
00-original-16s-r0,use1-az1,16,0.100094744,33.431551999999996,2041.0,0,0,0,0,0,0,0,0,0,0,0
00-original-16s-r0,use1-az2,-16,0.300202727,0.0,0.0,0,0,0,0,0,0,0,0,0,0,0
00-original-16s-r0,use1-az2,-15,1.000684824,0.0,0.0,0,0,0,0,0,0,0,0,0,0,0
00-original-16s-r0,use1-az2,-14,1.000655963,0.0,0.0,0,0,0,0,0,0,0,0,0,0,0
00-original-16s-r0,use1-az2,-13,1.000669195,0.0,0.0,0,0,0,0,0,0,0,0,0,0,0
00-original-16s-r0,use1-az2,-12,1.000672083,0.0,0.0,0,0,0,0,0,0,0,0,0,0,0
00-original-16s-r0,use1-az2,-11,1.000667001,0.0,0.0,0,0,0,0,0,0,0,0,0,0,0
00-original-16s-r0,use1-az2,-10,1.00065975,0.0,0.0,0,0,0,0,0,0,0,0,0,0,0
00-original-16s-r0,use1-az2,-9,1.0006635179999999,0.0,0.0,0,0,0,0,0,0,0,0,0,0,0
00-original-16s-r0,use1-az2,-8,1.000656866,0.0,0.0,0,0,0,0,0,0,0,0,0,0,0
00-original-16s-r0,use1-az2,-7,1.000656905,0.0,0.0,0,0,0,0,0,0,0,0,0,0,0
00-original-16s-r0,use1-az2,-6,1.0006582940000002,0.0,0.0,0,0,0,0,0,0,0,0,0,0,0
00-original-16s-r0,use1-az2,-5,1.0006684909999999,0.0,0.0,0,0,0,0,0,0,0,0,0,0,0
00-original-16s-r0,use1-az2,-4,1.000671578,0.0,0.0,0,0,0,0,0,0,0,0,0,0,0
00-original-16s-r0,use1-az2,-3,1.000665154,0.0,0.0,0,0,0,0,0,0,0,0,0,0,0
00-original-16s-r0,use1-az2,-2,1.0006659740000001,0.0,0.0,0,0,0,0,0,0,0,0,0,0,0
00-original-16s-r0,use1-az2,-1,1.00066391,0.0,0.0,0,0,0,0,0,0,0,0,0,0,0
00-original-16s-r0,use1-az2,0,1.000680407,417.27180799999996,26200.0,2,0,0,0,0,0,0,0,0,0,0
00-original-16s-r0,use1-az2,1,1.000685135,428.101632,26922.0,3,0,0,0,0,0,0,0,0,0,0
00-original-16s-r0,use1-az2,2,1.0006834759999998,428.35968,26909.0,2,0,0,0,0,0,0,0,0,0,0
00-original-16s-r0,use1-az2,3,1.000695448,427.88454399999995,26917.0,6,0,0,0,0,0,0,0,0,0,0
00-original-16s-r0,use1-az2,4,1.0011239619999999,429.981696,27057.0,8,0,0,0,0,0,0,0,0,0,0
00-original-16s-r0,use1-az2,5,1.0012271089999998,428.347392,26931.0,2,0,0,0,0,0,0,0,0,0,0
00-original-16s-r0,use1-az2,6,1.0011868469999998,428.978176,26981.0,2,0,0,0,0,0,0,0,0,0,0
00-original-16s-r0,use1-az2,7,1.001228538,426.840064,26850.0,1,0,0,0,0,0,0,0,0,0,0
00-original-16s-r0,use1-az2,8,1.001270139,430.06771200000003,27032.0,2,0,0,0,0,0,0,0,0,0,0
00-original-16s-r0,use1-az2,9,1.0012467619999998,429.71545599999996,26998.0,2,0,0,0,0,0,0,0,0,0,0
00-original-16s-r0,use1-az2,10,1.001192357,430.31347199999993,27049.0,7,0,0,0,0,0,0,0,0,0,0
00-original-16s-r0,use1-az2,11,1.0012502540000001,427.147264,26829.0,2,0,0,0,0,0,0,0,0,0,0
00-original-16s-r0,use1-az2,12,1.001183734,428.71603200000004,26925.0,2,0,0,0,0,0,0,0,0,0,0
00-original-16s-r0,use1-az2,13,1.001140019,422.342656,26328.0,2,0,0,0,0,0,0,0,0,0,0
00-original-16s-r0,use1-az2,14,1.000863257,413.188096,25219.0,2,0,0,0,0,0,0,0,0,0,0
00-original-16s-r0,use1-az2,15,1.000745104,413.20447999999993,25220.0,5,0,0,0,0,0,0,0,0,0,0
00-original-16s-r0,use1-az4,-16,0.300376725,372.815872,10711.0,4,0,0,0,0,0,0,0,0,0,0
00-original-16s-r0,use1-az4,-15,1.001100191,860.7150079999999,24719.0,93,0,0,0,0,0,0,0,0,0,0
00-original-16s-r0,use1-az4,-14,1.00096098,413.26591999999994,11870.0,91,0,0,0,0,0,0,0,0,0,0
00-original-16s-r0,use1-az4,-13,1.000920186,413.40518399999996,11874.0,91,0,0,0,0,0,0,0,0,0,0
00-original-16s-r0,use1-az4,-12,1.0008937329999998,413.126656,11866.0,91,0,0,0,0,0,0,0,0,0,0
00-original-16s-r0,use1-az4,-11,1.000970919,413.335552,11872.0,91,0,0,0,0,0,0,0,0,0,0
00-original-16s-r0,use1-az4,-10,1.000837699,413.26592,11870.0,92,0,0,0,0,0,0,0,0,0,0
00-original-16s-r0,use1-az4,-9,1.000849337,413.19628800000004,11868.0,93,0,0,0,0,0,0,0,0,0,0
00-original-16s-r0,use1-az4,-8,1.0008812809999998,413.335552,11872.0,91,0,0,0,0,0,0,0,0,0,0
00-original-16s-r0,use1-az4,-7,1.000929707,413.20857600000005,11869.0,91,0,0,0,0,0,0,0,0,0,0
00-original-16s-r0,use1-az4,-6,1.00075848,413.159424,11869.0,87,0,0,0,0,0,0,0,0,0,0
00-original-16s-r0,use1-az4,-5,1.000734968,413.19219200000003,11867.0,95,0,0,0,0,0,0,0,0,0,0
00-original-16s-r0,use1-az4,-4,1.000749119,413.29868799999997,11868.0,75,0,0,0,0,0,0,0,0,0,0
00-original-16s-r0,use1-az4,-3,1.000713002,413.097984,11862.0,93,0,0,0,0,0,0,0,0,0,0
00-original-16s-r0,use1-az4,-2,1.0006929660000001,413.196288,11868.0,93,0,0,0,0,0,0,0,0,0,0
00-original-16s-r0,use1-az4,-1,1.0007100050000002,236.343296,6789.0,93,0,0,0,0,0,0,0,0,0,0
00-original-16s-r0,use1-az4,0,1.000696775,397.25465599999995,24394.0,1,0,0,0,0,0,0,0,0,0,0
00-original-16s-r0,use1-az4,1,1.000917237,428.13439999999997,26608.0,1,0,0,0,0,0,0,0,0,0,0
00-original-16s-r0,use1-az4,2,1.0009962350000001,429.039616,26793.0,2,0,0,0,0,0,0,0,0,0,0
00-original-16s-r0,use1-az4,3,1.0010069759999998,428.032,26742.0,1,0,0,0,0,0,0,0,0,0,0
00-original-16s-r0,use1-az4,4,1.001039049,429.314048,26859.0,1,0,0,0,0,0,0,0,0,0,0
00-original-16s-r0,use1-az4,5,1.001019709,428.75699199999997,26790.0,1,0,0,0,0,0,0,0,0,0,0
00-original-16s-r0,use1-az4,6,1.000966294,428.982272,26830.0,1,0,0,0,0,0,0,0,0,0,0
00-original-16s-r0,use1-az4,7,1.0009692909999999,426.442752,26649.0,1,0,0,0,0,0,0,0,0,0,0
00-original-16s-r0,use1-az4,8,1.001012538,429.6704,26819.0,1,0,0,0,0,0,0,0,0,0,0
00-original-16s-r0,use1-az4,9,1.001032892,429.481984,26791.0,1,0,0,0,0,0,0,0,0,0,0
00-original-16s-r0,use1-az4,10,1.001007013,430.93606399999993,26897.0,1,0,0,0,0,0,0,0,0,0,0
00-original-16s-r0,use1-az4,11,1.000952276,425.91436799999997,26388.0,2,0,0,0,0,0,0,0,0,0,0
00-original-16s-r0,use1-az4,12,1.000901729,428.95360000000005,26475.0,1,0,0,0,0,0,0,0,0,0,0
00-original-16s-r0,use1-az4,13,1.000868554,422.24844799999994,26057.0,64,0,0,0,0,0,0,0,0,0,0
00-original-16s-r0,use1-az4,14,1.000893811,413.351936,25229.0,64,0,0,0,0,0,0,0,0,0,0
00-original-16s-r0,use1-az4,15,1.000907038,413.237248,25222.0,64,0,0,0,0,0,0,0,0,0,0
00-original-16s-r0,use1-az4,16,0.100088796,41.304064000000004,2521.0,64,0,0,0,0,0,0,0,0,0,0
01-original-60s-r0,use1-az1,-63,0.200134815,0.0,0.0,0,0,0,0,0,0,0,0,0,0,0
01-original-60s-r0,use1-az1,-62,1.000667534,0.0,0.0,0,0,0,0,0,0,0,0,0,0,0
01-original-60s-r0,use1-az1,-61,1.00066792,0.0,0.0,0,0,0,0,0,0,0,0,0,0,0
01-original-60s-r0,use1-az1,-60,1.00066561,0.0,0.0,0,0,0,0,0,0,0,0,0,0,0
01-original-60s-r0,use1-az1,-59,1.0006720150000001,0.0,0.0,0,0,0,0,0,0,0,0,0,0,0
01-original-60s-r0,use1-az1,-58,1.000673657,0.0,0.0,0,0,0,0,0,0,0,0,0,0,0
01-original-60s-r0,use1-az1,-57,1.000672764,0.0,0.0,0,0,0,0,0,0,0,0,0,0,0
01-original-60s-r0,use1-az1,-56,1.00067363,0.0,0.0,0,0,0,0,0,0,0,0,0,0,0
01-original-60s-r0,use1-az1,-55,1.0006957529999998,0.0,0.0,0,0,0,0,0,0,0,0,0,0,0
01-original-60s-r0,use1-az1,-54,1.000673664,0.0,0.0,0,0,0,0,0,0,0,0,0,0,0
01-original-60s-r0,use1-az1,-53,1.0006798920000002,0.0,0.0,0,0,0,0,0,0,0,0,0,0,0
01-original-60s-r0,use1-az1,-52,1.0006695140000001,0.0,0.0,0,0,0,0,0,0,0,0,0,0,0
01-original-60s-r0,use1-az1,-51,1.000673667,0.0,0.0,0,0,0,0,0,0,0,0,0,0,0
01-original-60s-r0,use1-az1,-50,1.0006700579999999,0.0,0.0,0,0,0,0,0,0,0,0,0,0,0
01-original-60s-r0,use1-az1,-49,1.000668798,0.0,0.0,0,0,0,0,0,0,0,0,0,0,0
01-original-60s-r0,use1-az1,-48,1.000665643,0.0,0.0,0,0,0,0,0,0,0,0,0,0,0
01-original-60s-r0,use1-az1,-47,1.000663529,0.0,0.0,0,0,0,0,0,0,0,0,0,0,0
01-original-60s-r0,use1-az1,-46,1.000667427,0.0,0.0,0,0,0,0,0,0,0,0,0,0,0
01-original-60s-r0,use1-az1,-45,1.000667531,0.0,0.0,0,0,0,0,0,0,0,0,0,0,0
01-original-60s-r0,use1-az1,-44,1.000625667,0.0,0.0,0,0,0,0,0,0,0,0,0,0,0
01-original-60s-r0,use1-az1,-43,1.000669419,0.0,0.0,0,0,0,0,0,0,0,0,0,0,0
01-original-60s-r0,use1-az1,-42,1.000663168,0.0,0.0,0,0,0,0,0,0,0,0,0,0,0
01-original-60s-r0,use1-az1,-41,1.000668275,0.0,0.0,0,0,0,0,0,0,0,0,0,0,0
01-original-60s-r0,use1-az1,-40,1.000660793,0.0,0.0,0,0,0,0,0,0,0,0,0,0,0
01-original-60s-r0,use1-az1,-39,1.00063655,0.0,0.0,0,0,0,0,0,0,0,0,0,0,0
01-original-60s-r0,use1-az1,-38,1.000641157,0.0,0.0,0,0,0,0,0,0,0,0,0,0,0
01-original-60s-r0,use1-az1,-37,1.000635821,0.0,0.0,0,0,0,0,0,0,0,0,0,0,0
01-original-60s-r0,use1-az1,-36,1.0006475929999998,0.0,0.0,0,0,0,0,0,0,0,0,0,0,0
01-original-60s-r0,use1-az1,-35,1.000634353,0.0,0.0,0,0,0,0,0,0,0,0,0,0,0
01-original-60s-r0,use1-az1,-34,1.000633468,0.0,0.0,0,0,0,0,0,0,0,0,0,0,0
01-original-60s-r0,use1-az1,-33,1.0006360159999999,0.0,0.0,0,0,0,0,0,0,0,0,0,0,0
01-original-60s-r0,use1-az1,-32,1.0006397200000001,0.0,0.0,0,0,0,0,0,0,0,0,0,0,0
01-original-60s-r0,use1-az1,-31,1.000639978,0.0,0.0,0,0,0,0,0,0,0,0,0,0,0
01-original-60s-r0,use1-az1,-30,1.000640614,0.0,0.0,0,0,0,0,0,0,0,0,0,0,0
01-original-60s-r0,use1-az1,-29,1.000641718,0.0,0.0,0,0,0,0,0,0,0,0,0,0,0
01-original-60s-r0,use1-az1,-28,1.0006572910000002,0.0,0.0,0,0,0,0,0,0,0,0,0,0,0
01-original-60s-r0,use1-az1,-27,1.0006467940000001,0.0,0.0,0,0,0,0,0,0,0,0,0,0,0
01-original-60s-r0,use1-az1,-26,1.000650953,0.0,0.0,0,0,0,0,0,0,0,0,0,0,0
01-original-60s-r0,use1-az1,-25,1.000636416,0.0,0.0,0,0,0,0,0,0,0,0,0,0,0
01-original-60s-r0,use1-az1,-24,1.0006373519999998,0.0,0.0,0,0,0,0,0,0,0,0,0,0,0
01-original-60s-r0,use1-az1,-23,1.000635803,0.0,0.0,0,0,0,0,0,0,0,0,0,0,0
01-original-60s-r0,use1-az1,-22,1.000628646,0.0,0.0,0,0,0,0,0,0,0,0,0,0,0
01-original-60s-r0,use1-az1,-21,1.000611348,0.0,0.0,0,0,0,0,0,0,0,0,0,0,0
01-original-60s-r0,use1-az1,-20,1.000645043,0.0,0.0,0,0,0,0,0,0,0,0,0,0,0
01-original-60s-r0,use1-az1,-19,1.000646797,0.0,0.0,0,0,0,0,0,0,0,0,0,0,0
01-original-60s-r0,use1-az1,-18,1.000655741,0.0,0.0,0,0,0,0,0,0,0,0,0,0,0
01-original-60s-r0,use1-az1,-17,1.000640765,0.0,0.0,0,0,0,0,0,0,0,0,0,0,0
01-original-60s-r0,use1-az1,-16,1.000642761,0.0,0.0,0,0,0,0,0,0,0,0,0,0,0
01-original-60s-r0,use1-az1,-15,1.000637914,0.0,0.0,0,0,0,0,0,0,0,0,0,0,0
01-original-60s-r0,use1-az1,-14,1.000638068,0.0,0.0,0,0,0,0,0,0,0,0,0,0,0
01-original-60s-r0,use1-az1,-13,1.000638918,0.0,0.0,0,0,0,0,0,0,0,0,0,0,0
01-original-60s-r0,use1-az1,-12,1.000632112,0.0,0.0,0,0,0,0,0,0,0,0,0,0,0
01-original-60s-r0,use1-az1,-11,1.00064839,0.0,0.0,0,0,0,0,0,0,0,0,0,0,0
01-original-60s-r0,use1-az1,-10,1.000642521,0.0,0.0,0,0,0,0,0,0,0,0,0,0,0
01-original-60s-r0,use1-az1,-9,1.0006356710000002,0.0,0.0,0,0,0,0,0,0,0,0,0,0,0
01-original-60s-r0,use1-az1,-8,1.0006138230000001,0.0,0.0,0,0,0,0,0,0,0,0,0,0,0
01-original-60s-r0,use1-az1,-7,1.0006883949999998,0.0,0.0,0,0,0,0,0,0,0,0,0,0,0
01-original-60s-r0,use1-az1,-6,1.000657968,0.0,0.0,0,0,0,0,0,0,0,0,0,0,0
01-original-60s-r0,use1-az1,-5,1.000636581,0.0,0.0,0,0,0,0,0,0,0,0,0,0,0
01-original-60s-r0,use1-az1,-4,1.000652013,0.0,0.0,0,0,0,0,0,0,0,0,0,0,0
01-original-60s-r0,use1-az1,-3,1.000647226,0.0,0.0,0,0,0,0,0,0,0,0,0,0,0
01-original-60s-r0,use1-az1,-2,1.000645486,0.0,0.0,0,0,0,0,0,0,0,0,0,0,0
01-original-60s-r0,use1-az1,-1,1.000648955,0.0,0.0,0,0,0,0,0,0,0,0,0,0,0
01-original-60s-r0,use1-az1,0,1.0006715729999998,426.04544000000004,26812.0,2,0,0,0,0,0,0,0,0,0,0
01-original-60s-r0,use1-az1,1,1.0006674230000001,428.167168,26934.0,0,0,0,0,0,0,0,0,0,0,0
01-original-60s-r0,use1-az1,2,1.0006692739999998,428.02790400000004,26902.0,2,0,0,0,0,0,0,0,0,0,0
01-original-60s-r0,use1-az1,3,0.9006009429999999,385.52371200000005,24254.0,0,0,0,0,0,0,0,0,0,0,0
01-original-60s-r0,use1-az1,4,1.000638821,428.699648,26958.0,2,0,0,0,0,0,0,0,0,0,0
01-original-60s-r0,use1-az1,5,1.000630618,428.50304000000006,26921.0,4,0,0,0,0,0,0,0,0,0,0
01-original-60s-r0,use1-az1,6,1.00068185,429.010944,26972.0,0,0,0,0,0,0,0,0,0,0,0
01-original-60s-r0,use1-az1,7,1.000663351,426.541056,26806.0,2,0,0,0,0,0,0,0,0,0,0
01-original-60s-r0,use1-az1,8,1.000665677,429.305856,26968.0,2,0,0,0,0,0,0,0,0,0,0
01-original-60s-r0,use1-az1,9,1.0008029999999999,429.256704,26927.0,2,0,0,0,0,0,0,0,0,0,0
01-original-60s-r0,use1-az1,10,1.000977874,430.41177600000003,27025.0,1,0,0,0,0,0,0,0,0,0,0
01-original-60s-r0,use1-az1,11,1.000999791,426.99980800000003,26811.0,2,0,0,0,0,0,0,0,0,0,0
01-original-60s-r0,use1-az1,12,1.0008968999999999,428.42521600000003,26897.0,2,0,0,0,0,0,0,0,0,0,0
01-original-60s-r0,use1-az1,13,1.001012044,427.48723199999995,26865.0,2,0,0,0,0,0,0,0,0,0,0
01-original-60s-r0,use1-az1,14,1.000926261,427.5159039999999,26836.0,2,0,0,0,0,0,0,0,0,0,0
01-original-60s-r0,use1-az1,15,1.000948278,427.311104,26851.0,2,0,0,0,0,0,0,0,0,0,0
01-original-60s-r0,use1-az1,16,1.000981491,427.78623999999996,26885.0,3,0,0,0,0,0,0,0,0,0,0
01-original-60s-r0,use1-az1,17,1.000959203,427.7248,26909.0,2,0,0,0,0,0,0,0,0,0,0
01-original-60s-r0,use1-az1,18,1.000991998,427.93779200000006,26931.0,3,0,0,0,0,0,0,0,0,0,0
01-original-60s-r0,use1-az1,19,1.00095732,424.8494079999999,26747.0,2,0,0,0,0,0,0,0,0,0,0
01-original-60s-r0,use1-az1,20,1.000946616,427.757568,26894.0,2,0,0,0,0,0,0,0,0,0,0
01-original-60s-r0,use1-az1,21,1.0009736,428.0279039999999,26905.0,2,0,0,0,0,0,0,0,0,0,0
01-original-60s-r0,use1-az1,22,1.000997677,430.882816,27095.0,1,0,0,0,0,0,0,0,0,0,0
01-original-60s-r0,use1-az1,23,1.001002908,427.94598399999995,26912.0,2,0,0,0,0,0,0,0,0,0,0
01-original-60s-r0,use1-az1,24,1.0010222979999999,429.088768,26953.0,2,0,0,0,0,0,0,0,0,0,0
01-original-60s-r0,use1-az1,25,1.0009868960000001,425.488384,26532.0,2,0,0,0,0,0,0,0,0,0,0
01-original-60s-r0,use1-az1,26,1.001069496,413.302784,25226.0,2,0,0,0,0,0,0,0,0,0,0
01-original-60s-r0,use1-az1,27,1.0009936869999998,413.384704,25231.0,2,0,0,0,0,0,0,0,0,0,0
01-original-60s-r0,use1-az1,28,1.001091227,413.23724799999997,25222.0,2,0,0,0,0,0,0,0,0,0,0
01-original-60s-r0,use1-az1,29,1.000780921,413.188096,25219.0,1,0,0,0,0,0,0,0,0,0,0
01-original-60s-r0,use1-az1,30,1.0006696249999998,413.20447999999993,25220.0,1,0,0,0,0,0,0,0,0,0,0
01-original-60s-r0,use1-az1,31,1.0006670919999998,413.08979199999993,25213.0,3,0,0,0,0,0,0,0,0,0,0
01-original-60s-r0,use1-az1,32,1.000670722,413.20448,25220.0,1,0,0,0,0,0,0,0,0,0,0
01-original-60s-r0,use1-az1,33,1.000667296,413.20448,25220.0,0,0,0,0,0,0,0,0,0,0,0
01-original-60s-r0,use1-az1,34,1.000670203,413.20448,25220.0,0,0,0,0,0,0,0,0,0,0,0
01-original-60s-r0,use1-az1,35,1.000660973,413.17171199999996,25218.0,2,0,0,0,0,0,0,0,0,0,0
01-original-60s-r0,use1-az1,36,1.0006591269999998,413.1225600000001,25215.0,3,0,0,0,0,0,0,0,0,0,0
01-original-60s-r0,use1-az1,37,1.000664348,413.171712,25218.0,1,0,0,0,0,0,0,0,0,0,0
01-original-60s-r0,use1-az1,38,1.000660338,413.138944,25216.0,2,0,0,0,0,0,0,0,0,0,0
01-original-60s-r0,use1-az1,39,1.000816306,413.417472,25233.0,2,0,0,0,0,0,0,0,0,0,0
01-original-60s-r0,use1-az1,40,1.000958824,413.302784,25226.0,2,0,0,0,0,0,0,0,0,0,0
01-original-60s-r0,use1-az1,41,1.0009668489999999,413.30278400000003,25226.0,2,0,0,0,0,0,0,0,0,0,0
01-original-60s-r0,use1-az1,42,1.00097777,413.319168,25227.0,2,0,0,0,0,0,0,0,0,0,0
01-original-60s-r0,use1-az1,43,1.000926904,413.220864,25221.0,2,0,0,0,0,0,0,0,0,0,0
01-original-60s-r0,use1-az1,44,1.0008705900000001,158.18751999999998,9655.0,2,0,0,0,0,0,0,0,0,0,0
01-original-60s-r0,use1-az1,45,1.000954202,520.8473600000001,31790.0,2,0,0,0,0,0,0,0,0,0,0
01-original-60s-r0,use1-az1,46,1.0009269580000002,560.840704,34231.0,2,0,0,0,0,0,0,0,0,0,0
01-original-60s-r0,use1-az1,47,1.001030706,413.35193599999997,25229.0,2,0,0,0,0,0,0,0,0,0,0
01-original-60s-r0,use1-az1,48,1.000955063,413.253632,25223.0,2,0,0,0,0,0,0,0,0,0,0
01-original-60s-r0,use1-az1,49,1.000947319,413.319168,25227.0,1,0,0,0,0,0,0,0,0,0,0
01-original-60s-r0,use1-az1,50,1.000944667,413.30278400000003,25226.0,2,0,0,0,0,0,0,0,0,0,0
01-original-60s-r0,use1-az1,51,1.000997178,413.319168,25227.0,2,0,0,0,0,0,0,0,0,0,0
01-original-60s-r0,use1-az1,52,1.000889478,413.2863999999999,25225.0,2,0,0,0,0,0,0,0,0,0,0
01-original-60s-r0,use1-az1,53,1.000931096,413.20447999999993,25220.0,2,0,0,0,0,0,0,0,0,0,0
01-original-60s-r0,use1-az1,54,1.0009477469999999,413.302784,25226.0,1,0,0,0,0,0,0,0,0,0,0
01-original-60s-r0,use1-az1,55,1.000954175,413.36832,25230.0,2,0,0,0,0,0,0,0,0,0,0
01-original-60s-r0,use1-az1,56,1.0009061830000001,413.23724799999997,25222.0,2,0,0,0,0,0,0,0,0,0,0
01-original-60s-r0,use1-az1,57,1.000853871,413.270016,25224.0,2,0,0,0,0,0,0,0,0,0,0
01-original-60s-r0,use1-az1,58,1.0008944419999999,413.237248,25222.0,2,0,0,0,0,0,0,0,0,0,0
01-original-60s-r0,use1-az1,59,1.000918806,413.319168,25227.0,3,0,0,0,0,0,0,0,0,0,0
01-original-60s-r0,use1-az1,60,1.000926213,413.253632,25223.0,1,0,0,0,0,0,0,0,0,0,0
01-original-60s-r0,use1-az1,61,0.20017037799999998,82.673664,5045.0,2,0,0,0,0,0,0,0,0,0,0
01-original-60s-r0,use1-az2,-63,0.100066506,0.0,0.0,0,0,0,0,0,0,0,0,0,0,0
01-original-60s-r0,use1-az2,-62,1.000659262,0.0,0.0,0,0,0,0,0,0,0,0,0,0,0
01-original-60s-r0,use1-az2,-61,1.000665121,0.0,0.0,0,0,0,0,0,0,0,0,0,0,0
01-original-60s-r0,use1-az2,-60,1.000673285,0.0,0.0,0,0,0,0,0,0,0,0,0,0,0
01-original-60s-r0,use1-az2,-59,1.000664458,0.0,0.0,0,0,0,0,0,0,0,0,0,0,0
01-original-60s-r0,use1-az2,-58,1.000669118,0.0,0.0,0,0,0,0,0,0,0,0,0,0,0
01-original-60s-r0,use1-az2,-57,1.000661299,0.0,0.0,0,0,0,0,0,0,0,0,0,0,0
01-original-60s-r0,use1-az2,-56,1.000665942,0.0,0.0,0,0,0,0,0,0,0,0,0,0,0
01-original-60s-r0,use1-az2,-55,1.0006659480000002,0.0,0.0,0,0,0,0,0,0,0,0,0,0,0
01-original-60s-r0,use1-az2,-54,1.000664851,0.0,0.0,0,0,0,0,0,0,0,0,0,0,0
01-original-60s-r0,use1-az2,-53,1.000651053,0.0,0.0,0,0,0,0,0,0,0,0,0,0,0
01-original-60s-r0,use1-az2,-52,1.0006602029999998,0.0,0.0,0,0,0,0,0,0,0,0,0,0,0
01-original-60s-r0,use1-az2,-51,1.000661302,0.0,0.0,0,0,0,0,0,0,0,0,0,0,0
01-original-60s-r0,use1-az2,-50,1.000661257,0.0,0.0,0,0,0,0,0,0,0,0,0,0,0
01-original-60s-r0,use1-az2,-49,1.0006504610000002,0.0,0.0,0,0,0,0,0,0,0,0,0,0,0
01-original-60s-r0,use1-az2,-48,1.00065688,0.0,0.0,0,0,0,0,0,0,0,0,0,0,0
01-original-60s-r0,use1-az2,-47,1.000652852,0.0,0.0,0,0,0,0,0,0,0,0,0,0,0
01-original-60s-r0,use1-az2,-46,1.0006537660000001,0.0,0.0,0,0,0,0,0,0,0,0,0,0,0
01-original-60s-r0,use1-az2,-45,1.0006551989999999,0.0,0.0,0,0,0,0,0,0,0,0,0,0,0
01-original-60s-r0,use1-az2,-44,1.0006552130000002,0.0,0.0,0,0,0,0,0,0,0,0,0,0,0
01-original-60s-r0,use1-az2,-43,1.000649483,0.0,0.0,0,0,0,0,0,0,0,0,0,0,0
01-original-60s-r0,use1-az2,-42,1.000665259,0.0,0.0,0,0,0,0,0,0,0,0,0,0,0
01-original-60s-r0,use1-az2,-41,1.0006892029999999,0.0,0.0,0,0,0,0,0,0,0,0,0,0,0
01-original-60s-r0,use1-az2,-40,1.000691547,0.0,0.0,0,0,0,0,0,0,0,0,0,0,0
01-original-60s-r0,use1-az2,-39,1.000682705,0.0,0.0,0,0,0,0,0,0,0,0,0,0,0
01-original-60s-r0,use1-az2,-38,1.000695178,0.0,0.0,0,0,0,0,0,0,0,0,0,0,0
01-original-60s-r0,use1-az2,-37,1.0006795620000002,0.0,0.0,0,0,0,0,0,0,0,0,0,0,0
01-original-60s-r0,use1-az2,-36,1.0006816760000001,0.0,0.0,0,0,0,0,0,0,0,0,0,0,0
01-original-60s-r0,use1-az2,-35,1.0006801220000001,0.0,0.0,0,0,0,0,0,0,0,0,0,0,0
01-original-60s-r0,use1-az2,-34,1.000688991,0.0,0.0,0,0,0,0,0,0,0,0,0,0,0
01-original-60s-r0,use1-az2,-33,1.00068356,0.0,0.0,0,0,0,0,0,0,0,0,0,0,0
01-original-60s-r0,use1-az2,-32,1.000689696,0.0,0.0,0,0,0,0,0,0,0,0,0,0,0
01-original-60s-r0,use1-az2,-31,1.000684103,0.0,0.0,0,0,0,0,0,0,0,0,0,0,0
01-original-60s-r0,use1-az2,-30,1.0007033539999999,0.0,0.0,0,0,0,0,0,0,0,0,0,0,0
01-original-60s-r0,use1-az2,-29,1.0006604149999998,0.0,0.0,0,0,0,0,0,0,0,0,0,0,0
01-original-60s-r0,use1-az2,-28,1.000662349,0.0,0.0,0,0,0,0,0,0,0,0,0,0,0
01-original-60s-r0,use1-az2,-27,1.000656562,0.0,0.0,0,0,0,0,0,0,0,0,0,0,0
01-original-60s-r0,use1-az2,-26,1.0006540290000001,0.0,0.0,0,0,0,0,0,0,0,0,0,0,0
01-original-60s-r0,use1-az2,-25,1.000648794,0.0,0.0,0,0,0,0,0,0,0,0,0,0,0
01-original-60s-r0,use1-az2,-24,1.000660114,0.0,0.0,0,0,0,0,0,0,0,0,0,0,0
01-original-60s-r0,use1-az2,-23,1.000654516,0.0,0.0,0,0,0,0,0,0,0,0,0,0,0
01-original-60s-r0,use1-az2,-22,1.0006587519999999,0.0,0.0,0,0,0,0,0,0,0,0,0,0,0
01-original-60s-r0,use1-az2,-21,1.000658411,0.0,0.0,0,0,0,0,0,0,0,0,0,0,0
01-original-60s-r0,use1-az2,-20,1.0006633820000002,0.0,0.0,0,0,0,0,0,0,0,0,0,0,0
01-original-60s-r0,use1-az2,-19,1.000660466,0.0,0.0,0,0,0,0,0,0,0,0,0,0,0
01-original-60s-r0,use1-az2,-18,1.000656805,0.0,0.0,0,0,0,0,0,0,0,0,0,0,0
01-original-60s-r0,use1-az2,-17,1.0006518720000002,0.0,0.0,0,0,0,0,0,0,0,0,0,0,0
01-original-60s-r0,use1-az2,-16,1.000673168,0.0,0.0,0,0,0,0,0,0,0,0,0,0,0
01-original-60s-r0,use1-az2,-15,1.000656613,0.0,0.0,0,0,0,0,0,0,0,0,0,0,0
01-original-60s-r0,use1-az2,-14,1.000656669,0.0,0.0,0,0,0,0,0,0,0,0,0,0,0
01-original-60s-r0,use1-az2,-13,1.000656097,0.0,0.0,0,0,0,0,0,0,0,0,0,0,0
01-original-60s-r0,use1-az2,-12,1.000657461,0.0,0.0,0,0,0,0,0,0,0,0,0,0,0
01-original-60s-r0,use1-az2,-11,1.0006721299999999,0.0,0.0,0,0,0,0,0,0,0,0,0,0,0
01-original-60s-r0,use1-az2,-10,1.000672925,0.0,0.0,0,0,0,0,0,0,0,0,0,0,0
01-original-60s-r0,use1-az2,-9,1.000668313,0.0,0.0,0,0,0,0,0,0,0,0,0,0,0
01-original-60s-r0,use1-az2,-8,1.000657175,0.0,0.0,0,0,0,0,0,0,0,0,0,0,0
01-original-60s-r0,use1-az2,-7,1.000663726,0.0,0.0,0,0,0,0,0,0,0,0,0,0,0
01-original-60s-r0,use1-az2,-6,1.000659842,0.0,0.0,0,0,0,0,0,0,0,0,0,0,0
01-original-60s-r0,use1-az2,-5,1.000657677,0.0,0.0,0,0,0,0,0,0,0,0,0,0,0
01-original-60s-r0,use1-az2,-4,1.0006598660000001,0.0,0.0,0,0,0,0,0,0,0,0,0,0,0
01-original-60s-r0,use1-az2,-3,1.000662873,0.0,0.0,0,0,0,0,0,0,0,0,0,0,0
01-original-60s-r0,use1-az2,-2,1.000670308,0.0,0.0,0,0,0,0,0,0,0,0,0,0,0
01-original-60s-r0,use1-az2,-1,1.000663957,0.0,0.0,0,0,0,0,0,0,0,0,0,0,0
01-original-60s-r0,use1-az2,0,1.000957909,404.86912,25476.0,2,0,0,0,0,0,0,0,0,0,0
01-original-60s-r0,use1-az2,1,1.000874796,428.273664,26952.0,5,0,0,0,0,0,0,0,0,0,0
01-original-60s-r0,use1-az2,2,1.001070778,428.802048,26946.0,3,0,0,0,0,0,0,0,0,0,0
01-original-60s-r0,use1-az2,3,1.0010828330000003,427.73299199999997,26907.0,2,0,0,0,0,0,0,0,0,0,0
01-original-60s-r0,use1-az2,4,1.001180829,429.912064,27033.0,2,0,0,0,0,0,0,0,0,0,0
01-original-60s-r0,use1-az2,5,1.001170857,428.69964799999997,26933.0,1,0,0,0,0,0,0,0,0,0,0
01-original-60s-r0,use1-az2,6,1.001124583,428.78566399999994,26958.0,2,0,0,0,0,0,0,0,0,0,0
01-original-60s-r0,use1-az2,7,1.001198161,426.66803200000004,26815.0,1,0,0,0,0,0,0,0,0,0,0
01-original-60s-r0,use1-az2,8,1.0011213429999999,429.867008,26998.0,1,0,0,0,0,0,0,0,0,0,0
01-original-60s-r0,use1-az2,9,1.001148153,429.19936,26925.0,2,0,0,0,0,0,0,0,0,0,0
01-original-60s-r0,use1-az2,10,1.001229986,430.862336,27053.0,2,0,0,0,0,0,0,0,0,0,0
01-original-60s-r0,use1-az2,11,1.001144131,426.97523200000006,26806.0,1,0,0,0,0,0,0,0,0,0,0
01-original-60s-r0,use1-az2,12,1.001104433,428.73651200000006,26927.0,1,0,0,0,0,0,0,0,0,0,0
01-original-60s-r0,use1-az2,13,1.0012296139999999,427.24966399999994,26854.0,2,0,0,0,0,0,0,0,0,0,0
01-original-60s-r0,use1-az2,14,1.0011274700000001,427.17184000000003,26807.0,1,0,0,0,0,0,0,0,0,0,0
01-original-60s-r0,use1-az2,15,1.0011213860000001,427.91731200000004,26884.0,3,0,0,0,0,0,0,0,0,0,0
01-original-60s-r0,use1-az2,16,1.001105462,428.07705599999997,26905.0,1,0,0,0,0,0,0,0,0,0,0
01-original-60s-r0,use1-az2,17,1.0011525780000001,427.425792,26898.0,2,0,0,0,0,0,0,0,0,0,0
01-original-60s-r0,use1-az2,18,1.0010998999999998,427.413504,26895.0,3,0,0,0,0,0,0,0,0,0,0
01-original-60s-r0,use1-az2,19,1.000961873,425.45971199999997,26785.0,2,0,0,0,0,0,0,0,0,0,0
01-original-60s-r0,use1-az2,20,1.001040378,427.511808,26877.0,1,0,0,0,0,0,0,0,0,0,0
01-original-60s-r0,use1-az2,21,1.001035013,428.445696,26928.0,2,0,0,0,0,0,0,0,0,0,0
01-original-60s-r0,use1-az2,22,1.0012339419999998,430.567424,27074.0,2,0,0,0,0,0,0,0,0,0,0
01-original-60s-r0,use1-az2,23,1.0012112480000002,427.73708799999997,26902.0,2,0,0,0,0,0,0,0,0,0,0
01-original-60s-r0,use1-az2,24,1.0010286299999998,429.707264,26996.0,3,0,0,0,0,0,0,0,0,0,0
01-original-60s-r0,use1-az2,25,1.001284042,424.607744,26430.0,2,0,0,0,0,0,0,0,0,0,0
01-original-60s-r0,use1-az2,26,1.001143181,413.36832,25230.0,2,0,0,0,0,0,0,0,0,0,0
01-original-60s-r0,use1-az2,27,1.001231645,413.417472,25233.0,2,0,0,0,0,0,0,0,0,0,0
01-original-60s-r0,use1-az2,28,1.001124047,413.466624,25236.0,2,0,0,0,0,0,0,0,0,0,0
01-original-60s-r0,use1-az2,29,1.0011314130000002,413.2864,25225.0,2,0,0,0,0,0,0,0,0,0,0
01-original-60s-r0,use1-az2,30,1.001123811,413.351936,25229.0,1,0,0,0,0,0,0,0,0,0,0
01-original-60s-r0,use1-az2,31,1.0011089880000001,413.41747200000003,25233.0,2,0,0,0,0,0,0,0,0,0,0
01-original-60s-r0,use1-az2,32,1.001128046,413.28639999999996,25225.0,1,0,0,0,0,0,0,0,0,0,0
01-original-60s-r0,use1-az2,33,1.001229295,413.433856,25234.0,2,0,0,0,0,0,0,0,0,0,0
01-original-60s-r0,use1-az2,34,1.001163805,413.36832000000004,25230.0,3,0,0,0,0,0,0,0,0,0,0
01-original-60s-r0,use1-az2,35,1.001099311,413.302784,25226.0,2,0,0,0,0,0,0,0,0,0,0
01-original-60s-r0,use1-az2,36,1.0011257169999999,413.40108799999996,25232.0,2,0,0,0,0,0,0,0,0,0,0
01-original-60s-r0,use1-az2,37,1.001178909,413.41747200000003,25233.0,2,0,0,0,0,0,0,0,0,0,0
01-original-60s-r0,use1-az2,38,1.001185043,413.35193599999997,25229.0,2,0,0,0,0,0,0,0,0,0,0
01-original-60s-r0,use1-az2,39,1.001094046,413.36832,25230.0,1,0,0,0,0,0,0,0,0,0,0
01-original-60s-r0,use1-az2,40,1.0011131930000001,413.35193599999997,25229.0,1,0,0,0,0,0,0,0,0,0,0
01-original-60s-r0,use1-az2,41,1.001114775,413.401088,25232.0,1,0,0,0,0,0,0,0,0,0,0
01-original-60s-r0,use1-az2,42,1.001094068,413.33555199999995,25228.0,2,0,0,0,0,0,0,0,0,0,0
01-original-60s-r0,use1-az2,43,1.001022363,413.33555199999995,25228.0,2,0,0,0,0,0,0,0,0,0,0
01-original-60s-r0,use1-az2,44,1.000907051,136.052736,8304.0,1,0,0,0,0,0,0,0,0,0,0
01-original-60s-r0,use1-az2,45,0.9009713349999998,494.419968,30177.0,2,0,0,0,0,0,0,0,0,0,0
01-original-60s-r0,use1-az2,46,1.001182159,568.2135040000001,34681.0,2,0,0,0,0,0,0,0,0,0,0
01-original-60s-r0,use1-az2,47,1.001014693,413.270016,25224.0,2,0,0,0,0,0,0,0,0,0,0
01-original-60s-r0,use1-az2,48,1.000886211,413.319168,25227.0,2,0,0,0,0,0,0,0,0,0,0
01-original-60s-r0,use1-az2,49,1.0008982960000001,413.220864,25221.0,2,0,0,0,0,0,0,0,0,0,0
01-original-60s-r0,use1-az2,50,1.001007243,413.384704,25231.0,2,0,0,0,0,0,0,0,0,0,0
01-original-60s-r0,use1-az2,51,1.001167774,413.319168,25227.0,2,0,0,0,0,0,0,0,0,0,0
01-original-60s-r0,use1-az2,52,1.001136821,413.30278400000003,25226.0,2,0,0,0,0,0,0,0,0,0,0
01-original-60s-r0,use1-az2,53,1.0012117230000002,413.515776,25239.0,2,0,0,0,0,0,0,0,0,0,0
01-original-60s-r0,use1-az2,54,1.0011734810000001,413.35193599999997,25229.0,2,0,0,0,0,0,0,0,0,0,0
01-original-60s-r0,use1-az2,55,1.001129427,413.3519360000001,25229.0,1,0,0,0,0,0,0,0,0,0,0
01-original-60s-r0,use1-az2,56,1.001161405,413.40108799999996,25232.0,1,0,0,0,0,0,0,0,0,0,0
01-original-60s-r0,use1-az2,57,1.001106546,413.433856,25234.0,3,0,0,0,0,0,0,0,0,0,0
01-original-60s-r0,use1-az2,58,1.001184402,413.302784,25226.0,2,0,0,0,0,0,0,0,0,0,0
01-original-60s-r0,use1-az2,59,1.0011306789999999,413.45024,25235.0,2,0,0,0,0,0,0,0,0,0,0
01-original-60s-r0,use1-az2,60,1.0011232300000001,413.335552,25228.0,1,0,0,0,0,0,0,0,0,0,0
01-original-60s-r0,use1-az2,61,0.300350485,122.359808,7469.0,2,0,0,0,0,0,0,0,0,0,0
01-original-60s-r0,use1-az4,-63,0.20017595700000002,27.504640000000002,790.0,0,0,0,0,0,0,0,0,0,0,0
01-original-60s-r0,use1-az4,-62,1.001182171,807.2437759999999,23186.0,91,0,0,0,0,0,0,0,0,0,0
01-original-60s-r0,use1-az4,-61,1.0009842599999998,413.335552,11872.0,91,0,0,0,0,0,0,0,0,0,0
01-original-60s-r0,use1-az4,-60,1.00088551,413.335552,11872.0,93,0,0,0,0,0,0,0,0,0,0
01-original-60s-r0,use1-az4,-59,1.0009090969999999,413.26591999999994,11870.0,93,0,0,0,0,0,0,0,0,0,0
01-original-60s-r0,use1-az4,-58,1.0008143980000002,413.26591999999994,11870.0,91,0,0,0,0,0,0,0,0,0,0
01-original-60s-r0,use1-az4,-57,1.000819497,413.12665599999997,11866.0,91,0,0,0,0,0,0,0,0,0,0
01-original-60s-r0,use1-az4,-56,1.001072571,413.405184,11874.0,91,0,0,0,0,0,0,0,0,0,0
01-original-60s-r0,use1-az4,-55,1.0008496759999999,413.4051840000001,11874.0,91,0,0,0,0,0,0,0,0,0,0
01-original-60s-r0,use1-az4,-54,1.00100287,413.126656,11866.0,89,0,0,0,0,0,0,0,0,0,0
01-original-60s-r0,use1-az4,-53,1.000900171,413.335552,11872.0,91,0,0,0,0,0,0,0,0,0,0
01-original-60s-r0,use1-az4,-52,1.001088795,413.26592,11870.0,91,0,0,0,0,0,0,0,0,0,0
01-original-60s-r0,use1-az4,-51,1.000820174,413.33555199999995,11872.0,89,0,0,0,0,0,0,0,0,0,0
01-original-60s-r0,use1-az4,-50,1.001052497,413.405184,11874.0,89,0,0,0,0,0,0,0,0,0,0
01-original-60s-r0,use1-az4,-49,1.0009427850000001,413.196288,11868.0,89,0,0,0,0,0,0,0,0,0,0
01-original-60s-r0,use1-az4,-48,1.000840649,413.26592,11870.0,91,0,0,0,0,0,0,0,0,0,0
01-original-60s-r0,use1-az4,-47,1.000851765,413.4051840000001,11874.0,89,0,0,0,0,0,0,0,0,0,0
01-original-60s-r0,use1-az4,-46,1.000816447,413.057024,11864.0,90,0,0,0,0,0,0,0,0,0,0
01-original-60s-r0,use1-az4,-45,1.00099503,413.335552,11872.0,91,0,0,0,0,0,0,0,0,0,0
01-original-60s-r0,use1-az4,-44,1.000815695,413.12665599999997,11866.0,90,0,0,0,0,0,0,0,0,0,0
01-original-60s-r0,use1-az4,-43,1.0008394550000002,413.33555199999995,11872.0,85,0,0,0,0,0,0,0,0,0,0
01-original-60s-r0,use1-az4,-42,1.000845007,413.26592000000005,11870.0,93,0,0,0,0,0,0,0,0,0,0
01-original-60s-r0,use1-az4,-41,1.000890497,413.26592000000005,11870.0,91,0,0,0,0,0,0,0,0,0,0
01-original-60s-r0,use1-az4,-40,1.002156821,413.82297600000004,11886.0,87,0,0,0,0,0,0,0,0,0,0
01-original-60s-r0,use1-az4,-39,1.001033413,413.33555200000006,11872.0,91,0,0,0,0,0,0,0,0,0,0
01-original-60s-r0,use1-az4,-38,1.000834224,413.33555200000006,11872.0,91,0,0,0,0,0,0,0,0,0,0
01-original-60s-r0,use1-az4,-37,1.003297641,414.101504,11894.0,95,0,0,0,0,0,0,0,0,0,0
01-original-60s-r0,use1-az4,-36,1.002723486,414.031872,11892.0,93,0,0,0,0,0,0,0,0,0,0
01-original-60s-r0,use1-az4,-35,1.0008621020000001,415.00672,11920.0,89,0,0,0,0,0,0,0,0,0,0
01-original-60s-r0,use1-az4,-34,1.003363485,412.5695999999999,11850.0,89,0,0,0,0,0,0,0,0,0,0
01-original-60s-r0,use1-az4,-33,1.00093503,413.33555200000006,11872.0,93,0,0,0,0,0,0,0,0,0,0
01-original-60s-r0,use1-az4,-32,1.0008141119999998,413.196288,11868.0,83,0,0,0,0,0,0,0,0,0,0
01-original-60s-r0,use1-az4,-31,1.0008932209999999,413.26592000000005,11870.0,91,0,0,0,0,0,0,0,0,0,0
01-original-60s-r0,use1-az4,-30,1.0008812470000001,413.196288,11868.0,89,0,0,0,0,0,0,0,0,0,0
01-original-60s-r0,use1-az4,-29,1.0007827200000001,413.26591999999994,11870.0,93,0,0,0,0,0,0,0,0,0,0
01-original-60s-r0,use1-az4,-28,1.000822686,413.335552,11872.0,91,0,0,0,0,0,0,0,0,0,0
01-original-60s-r0,use1-az4,-27,1.0018124990000001,413.544448,11878.0,92,0,0,0,0,0,0,0,0,0,0
01-original-60s-r0,use1-az4,-26,0.900725917,371.974144,10684.0,89,0,0,0,0,0,0,0,0,0,0
01-original-60s-r0,use1-az4,-25,1.0008618519999999,413.19628800000004,11868.0,91,0,0,0,0,0,0,0,0,0,0
01-original-60s-r0,use1-az4,-24,1.002411035,413.96224000000007,11890.0,79,0,0,0,0,0,0,0,0,0,0
01-original-60s-r0,use1-az4,-23,1.000729197,413.196288,11868.0,91,0,0,0,0,0,0,0,0,0,0
01-original-60s-r0,use1-az4,-22,1.0007631010000002,413.12870399999997,11867.0,93,0,0,0,0,0,0,0,0,0,0
01-original-60s-r0,use1-az4,-21,1.000934439,413.33350400000006,11871.0,89,0,0,0,0,0,0,0,0,0,0
01-original-60s-r0,use1-az4,-20,1.0008447269999998,413.196288,11868.0,95,0,0,0,0,0,0,0,0,0,0
01-original-60s-r0,use1-az4,-19,1.000915,413.335552,11872.0,93,0,0,0,0,0,0,0,0,0,0
01-original-60s-r0,use1-az4,-18,1.000902178,413.26592000000005,11870.0,91,0,0,0,0,0,0,0,0,0,0
01-original-60s-r0,use1-az4,-17,1.0008318710000002,413.26592000000005,11870.0,93,0,0,0,0,0,0,0,0,0,0
01-original-60s-r0,use1-az4,-16,1.000927763,413.26591999999994,11870.0,92,0,0,0,0,0,0,0,0,0,0
01-original-60s-r0,use1-az4,-15,1.000887415,413.26592000000005,11870.0,91,0,0,0,0,0,0,0,0,0,0
01-original-60s-r0,use1-az4,-14,1.001297656,413.474816,11876.0,89,0,0,0,0,0,0,0,0,0,0
01-original-60s-r0,use1-az4,-13,1.00089801,413.19628800000004,11868.0,92,0,0,0,0,0,0,0,0,0,0
01-original-60s-r0,use1-az4,-12,1.0008811750000002,413.335552,11872.0,91,0,0,0,0,0,0,0,0,0,0
01-original-60s-r0,use1-az4,-11,1.000909088,413.196288,11868.0,89,0,0,0,0,0,0,0,0,0,0
01-original-60s-r0,use1-az4,-10,1.0008812729999998,413.474816,11876.0,91,0,0,0,0,0,0,0,0,0,0
01-original-60s-r0,use1-az4,-9,1.000895814,413.126656,11866.0,91,0,0,0,0,0,0,0,0,0,0
01-original-60s-r0,use1-az4,-8,1.000836582,413.19219200000003,11867.0,91,0,0,0,0,0,0,0,0,0,0
01-original-60s-r0,use1-az4,-7,1.000815849,413.315072,11866.0,93,0,0,0,0,0,0,0,0,0,0
01-original-60s-r0,use1-az4,-6,1.000738446,413.159424,11862.0,89,0,0,0,0,0,0,0,0,0,0
01-original-60s-r0,use1-az4,-5,1.000708258,413.12665599999997,11865.0,63,0,0,0,0,0,0,0,0,0,0
01-original-60s-r0,use1-az4,-4,1.000679439,413.196288,11868.0,89,0,0,0,0,0,0,0,0,0,0
01-original-60s-r0,use1-az4,-3,1.000690106,413.126656,11866.0,90,0,0,0,0,0,0,0,0,0,0
01-original-60s-r0,use1-az4,-2,1.0006922079999998,413.1962880000001,11868.0,91,0,0,0,0,0,0,0,0,0,0
01-original-60s-r0,use1-az4,-1,1.000742354,63.885312,1835.0,91,0,0,0,0,0,0,0,0,0,0
01-original-60s-r0,use1-az4,0,1.001112515,393.91232,24606.0,1,0,0,0,0,0,0,0,0,0,0
01-original-60s-r0,use1-az4,1,1.0010071740000002,428.109824,26784.0,1,0,0,0,0,0,0,0,0,0,0
01-original-60s-r0,use1-az4,2,1.000994401,429.01913600000006,26804.0,1,0,0,0,0,0,0,0,0,0,0
01-original-60s-r0,use1-az4,3,1.001066754,428.118016,26732.0,2,0,0,0,0,0,0,0,0,0,0
01-original-60s-r0,use1-az4,4,1.000970936,429.375488,26811.0,1,0,0,0,0,0,0,0,0,0,0
01-original-60s-r0,use1-az4,5,1.0009999669999998,428.51942399999996,26728.0,1,0,0,0,0,0,0,0,0,0,0
01-original-60s-r0,use1-az4,6,1.0010558939999998,429.068288,26796.0,2,0,0,0,0,0,0,0,0,0,0
01-original-60s-r0,use1-az4,7,1.0008892369999998,426.381312,26527.0,1,0,0,0,0,0,0,0,0,0,0
01-original-60s-r0,use1-az4,8,1.000939586,429.58028800000005,26692.0,1,0,0,0,0,0,0,0,0,0,0
01-original-60s-r0,use1-az4,9,1.000835499,429.232128,26608.0,2,0,0,0,0,0,0,0,0,0,0
01-original-60s-r0,use1-az4,10,1.0009383729999999,431.0016,26756.0,1,0,349,0,0,0,0,0,0,0,0
01-original-60s-r0,use1-az4,11,1.0008816450000002,426.123264,26422.0,1,0,0,0,0,0,0,0,0,0,0
01-original-60s-r0,use1-az4,12,1.0008387479999998,428.8675840000001,26586.0,2,0,0,0,0,0,0,0,0,0,0
01-original-60s-r0,use1-az4,13,1.0009245679999998,427.46675200000004,26560.0,1,0,0,0,0,0,0,0,0,0,0
01-original-60s-r0,use1-az4,14,1.000837098,426.8933120000001,26480.0,2,0,0,0,0,0,0,0,0,0,0
01-original-60s-r0,use1-az4,15,1.0008942330000001,428.11392,26594.0,1,0,0,0,0,0,0,0,0,0,0
01-original-60s-r0,use1-az4,16,1.000846253,427.122688,26524.0,2,0,0,0,0,0,0,0,0,0,0
01-original-60s-r0,use1-az4,17,1.000934502,427.94188799999995,26709.0,1,0,0,0,0,0,0,0,0,0,0
01-original-60s-r0,use1-az4,18,1.000969578,427.630592,26737.0,1,0,0,0,0,0,0,0,0,0,0
01-original-60s-r0,use1-az4,19,1.000983495,425.09926399999995,26583.0,1,0,0,0,0,0,0,0,0,0,0
01-original-60s-r0,use1-az4,20,1.001049304,427.74528000000004,26690.0,1,0,0,0,0,0,0,0,0,0,0
01-original-60s-r0,use1-az4,21,1.0009370389999999,428.35558399999996,26751.0,1,0,0,0,0,0,0,0,0,0,0
01-original-60s-r0,use1-az4,22,1.0009214690000001,430.313472,26855.0,2,0,0,0,0,0,0,0,0,0,0
01-original-60s-r0,use1-az4,23,1.000918465,427.9009279999999,26746.0,1,0,0,0,0,0,0,0,0,0,0
01-original-60s-r0,use1-az4,24,1.000942656,429.44921600000004,26812.0,1,0,0,0,0,0,0,0,0,0,0
01-original-60s-r0,use1-az4,25,1.00093959,423.882752,26288.0,64,0,0,0,0,0,0,0,0,0,0
01-original-60s-r0,use1-az4,26,1.0008764289999998,413.2864,25225.0,64,0,0,0,0,0,0,0,0,0,0
01-original-60s-r0,use1-az4,27,1.000971442,413.15532800000005,25215.0,64,0,62,0,0,0,0,0,0,0,0
01-original-60s-r0,use1-az4,28,1.000802659,413.20448,25220.0,64,0,220,0,0,0,0,0,0,0,0
01-original-60s-r0,use1-az4,29,1.0007837499999999,413.23724799999997,25222.0,64,0,0,0,0,0,0,0,0,0,0
01-original-60s-r0,use1-az4,30,1.000837543,413.25363200000004,25223.0,64,0,0,0,0,0,0,0,0,0,0
01-original-60s-r0,use1-az4,31,1.000842248,413.220864,25221.0,64,0,0,0,0,0,0,0,0,0,0
01-original-60s-r0,use1-az4,32,1.0008369289999999,413.28640000000007,25225.0,64,0,0,0,0,0,0,0,0,0,0
01-original-60s-r0,use1-az4,33,1.000832489,413.220864,25221.0,64,0,0,0,0,0,0,0,0,0,0
01-original-60s-r0,use1-az4,34,1.0008111830000002,413.23724799999997,25222.0,64,0,0,0,0,0,0,0,0,0,0
01-original-60s-r0,use1-az4,35,1.00087318,413.2536319999999,25223.0,64,0,0,0,0,0,0,0,0,0,0
01-original-60s-r0,use1-az4,36,1.0008523400000002,413.302784,25225.0,64,0,0,0,0,0,0,0,0,0,0
01-original-60s-r0,use1-az4,37,1.001041971,413.417472,25234.0,64,0,0,0,0,0,0,0,0,0,0
01-original-60s-r0,use1-az4,38,1.0011747349999998,413.35193599999997,25229.0,64,0,0,0,0,0,0,0,0,0,0
01-original-60s-r0,use1-az4,39,1.001045872,413.36832000000004,25230.0,64,0,0,0,0,0,0,0,0,0,0
01-original-60s-r0,use1-az4,40,1.0011560609999999,413.401088,25232.0,64,0,0,0,0,0,0,0,0,0,0
01-original-60s-r0,use1-az4,41,1.001080371,413.35193599999997,25229.0,64,0,0,0,0,0,0,0,0,0,0
01-original-60s-r0,use1-az4,42,1.001165843,413.36832000000004,25230.0,64,0,0,0,0,0,0,0,0,0,0
01-original-60s-r0,use1-az4,43,1.001102012,413.87622400000004,25260.0,64,0,0,0,0,0,0,0,0,0,0
01-original-60s-r0,use1-az4,44,1.000876937,147.079168,8977.0,64,0,0,0,0,0,0,0,0,0,0
01-original-60s-r0,use1-az4,45,1.0011834039999998,539.5742720000001,32806.0,64,0,136,0,0,0,0,0,0,0,0
01-original-60s-r0,use1-az4,46,1.0011743339999999,552.861696,33702.0,64,0,64483,0,0,0,0,0,0,0,0
01-original-60s-r0,use1-az4,47,1.001026099,413.22086400000006,25221.0,64,0,0,0,0,0,0,0,0,0,0
01-original-60s-r0,use1-az4,48,1.000857938,413.23724799999997,25222.0,64,0,0,0,0,0,0,0,0,0,0
01-original-60s-r0,use1-az4,49,1.0007897469999998,413.22086400000006,25221.0,64,0,0,0,0,0,0,0,0,0,0
01-original-60s-r0,use1-az4,50,1.000829821,413.20448,25220.0,64,0,0,0,0,0,0,0,0,0,0
01-original-60s-r0,use1-az4,51,1.000830062,413.2864,25225.0,64,0,0,0,0,0,0,0,0,0,0
01-original-60s-r0,use1-az4,52,1.0008128,413.23724799999997,25222.0,64,0,0,0,0,0,0,0,0,0,0
01-original-60s-r0,use1-az4,53,1.000828009,413.237248,25222.0,64,0,0,0,0,0,0,0,0,0,0
01-original-60s-r0,use1-az4,54,1.000791123,413.220864,25221.0,64,0,0,0,0,0,0,0,0,0,0
01-original-60s-r0,use1-az4,55,1.000868582,413.270016,25224.0,64,0,0,0,0,0,0,0,0,0,0
01-original-60s-r0,use1-az4,56,1.000809245,413.20448,25220.0,64,0,0,0,0,0,0,0,0,0,0
01-original-60s-r0,use1-az4,57,1.0010045910000003,413.45023999999995,25235.0,64,0,0,0,0,0,0,0,0,0,0
01-original-60s-r0,use1-az4,58,1.001043138,413.3027840000001,25226.0,64,0,0,0,0,0,0,0,0,0,0
01-original-60s-r0,use1-az4,59,1.0010060889999999,413.3683199999999,25230.0,64,0,0,0,0,0,0,0,0,0,0
01-original-60s-r0,use1-az4,60,1.000980806,413.319168,25227.0,64,0,0,0,0,0,0,0,0,0,0
01-original-60s-r0,use1-az4,61,0.30035237400000003,97.030144,5923.0,64,0,0,0,0,0,0,0,0,0,0
02-skip-initialize-60s-r0,use1-az1,-1,0.300209362,0.0,0.0,0,0,0,0,0,0,0,0,0,0,0
02-skip-initialize-60s-r0,use1-az1,0,1.001007546,420.77388799999994,26443.0,2,0,0,0,0,0,0,0,0,0,0
02-skip-initialize-60s-r0,use1-az1,1,1.000929481,428.3023359999999,26887.0,1,0,0,0,0,0,0,0,0,0,0
02-skip-initialize-60s-r0,use1-az1,2,1.000893402,428.16716799999995,26865.0,4,0,0,0,0,0,0,0,0,0,0
02-skip-initialize-60s-r0,use1-az1,3,1.000992206,427.96236799999997,26872.0,2,0,0,0,0,0,0,0,0,0,0
02-skip-initialize-60s-r0,use1-az1,4,1.000917841,429.6171520000001,26978.0,3,0,0,0,0,0,0,0,0,0,0
02-skip-initialize-60s-r0,use1-az1,5,1.0009379200000001,428.376064,26889.0,3,0,0,0,0,0,0,0,0,0,0
02-skip-initialize-60s-r0,use1-az1,6,1.000872728,428.916736,26971.0,2,0,0,0,0,0,0,0,0,0,0
02-skip-initialize-60s-r0,use1-az1,7,1.000962892,426.7171839999999,26841.0,2,0,0,0,0,0,0,0,0,0,0
02-skip-initialize-60s-r0,use1-az1,8,1.000683802,429.56800000000004,27002.0,2,0,0,0,0,0,0,0,0,0,0
02-skip-initialize-60s-r0,use1-az1,9,1.000670726,429.26899199999997,26992.0,2,0,0,0,0,0,0,0,0,0,0
02-skip-initialize-60s-r0,use1-az1,10,1.000668965,430.32166399999994,27050.0,3,0,0,0,0,0,0,0,0,0,0
02-skip-initialize-60s-r0,use1-az1,11,1.000670722,426.90560000000005,26857.0,4,0,0,0,0,0,0,0,0,0,0
02-skip-initialize-60s-r0,use1-az1,12,1.0006742709999998,428.326912,26951.0,2,0,0,0,0,0,0,0,0,0,0
02-skip-initialize-60s-r0,use1-az1,13,1.0006676600000002,426.98751999999996,26883.0,0,0,0,0,0,0,0,0,0,0,0
02-skip-initialize-60s-r0,use1-az1,14,1.0006656029999998,427.032576,26842.0,2,0,0,0,0,0,0,0,0,0,0
02-skip-initialize-60s-r0,use1-az1,15,1.000661814,427.41350400000005,26891.0,2,0,0,0,0,0,0,0,0,0,0
02-skip-initialize-60s-r0,use1-az1,16,1.000657709,428.00742399999996,26912.0,2,0,0,0,0,0,0,0,0,0,0
02-skip-initialize-60s-r0,use1-az1,17,1.000669005,427.20051200000006,26872.0,3,0,0,0,0,0,0,0,0,0,0
02-skip-initialize-60s-r0,use1-az1,18,0.900865191,385.43359999999996,24215.0,2,0,0,0,0,0,0,0,0,0,0
02-skip-initialize-60s-r0,use1-az1,19,1.000988522,424.558592,26684.0,2,0,0,0,0,0,0,0,0,0,0
02-skip-initialize-60s-r0,use1-az1,20,1.000990238,427.88864,26868.0,2,0,0,0,0,0,0,0,0,0,0
02-skip-initialize-60s-r0,use1-az1,21,1.000967538,428.060672,26877.0,2,0,0,0,0,0,0,0,0,0,0
02-skip-initialize-60s-r0,use1-az1,22,1.0009188329999998,430.9770240000001,27074.0,2,0,0,0,0,0,0,0,0,0,0
02-skip-initialize-60s-r0,use1-az1,23,1.001007017,427.692032,26858.0,2,0,0,0,0,0,0,0,0,0,0
02-skip-initialize-60s-r0,use1-az1,24,1.000905964,428.9167359999999,26906.0,1,0,0,0,0,0,0,0,0,0,0
02-skip-initialize-60s-r0,use1-az1,25,1.0009887130000001,430.26432,27016.0,2,0,0,0,0,0,0,0,0,0,0
02-skip-initialize-60s-r0,use1-az1,26,1.000901325,426.799104,26861.0,1,0,0,0,0,0,0,0,0,0,0
02-skip-initialize-60s-r0,use1-az1,27,1.000915609,426.504192,26748.0,9,0,0,0,0,0,0,0,0,0,0
02-skip-initialize-60s-r0,use1-az1,28,1.0006996820000003,413.04064000000005,25210.0,8,0,0,0,0,0,0,0,0,0,0
02-skip-initialize-60s-r0,use1-az1,29,1.000699226,413.188096,25219.0,6,0,0,0,0,0,0,0,0,0,0
02-skip-initialize-60s-r0,use1-az1,30,1.0006680300000002,413.13894400000004,25216.0,8,0,0,0,0,0,0,0,0,0,0
02-skip-initialize-60s-r0,use1-az1,31,1.000668694,413.27001600000006,25224.0,8,0,0,0,0,0,0,0,0,0,0
02-skip-initialize-60s-r0,use1-az1,32,1.000667722,413.12256,25215.0,7,0,0,0,0,0,0,0,0,0,0
02-skip-initialize-60s-r0,use1-az1,33,1.0006750690000001,413.188096,25219.0,8,0,0,0,0,0,0,0,0,0,0
02-skip-initialize-60s-r0,use1-az1,34,1.000666902,413.155328,25217.0,8,0,0,0,0,0,0,0,0,0,0
02-skip-initialize-60s-r0,use1-az1,35,1.000667992,413.17171199999996,25218.0,7,0,0,0,0,0,0,0,0,0,0
02-skip-initialize-60s-r0,use1-az1,36,1.000658582,413.155328,25217.0,7,0,0,0,0,0,0,0,0,0,0
02-skip-initialize-60s-r0,use1-az1,37,1.0006580250000001,413.18809600000003,25219.0,8,0,0,0,0,0,0,0,0,0,0
02-skip-initialize-60s-r0,use1-az1,38,1.000905507,413.466624,25236.0,8,0,0,0,0,0,0,0,0,0,0
02-skip-initialize-60s-r0,use1-az1,39,1.000936987,413.270016,25224.0,8,0,0,0,0,0,0,0,0,0,0
02-skip-initialize-60s-r0,use1-az1,40,1.000963193,413.302784,25226.0,8,0,0,0,0,0,0,0,0,0,0
02-skip-initialize-60s-r0,use1-az1,41,1.000953917,413.25363200000004,25223.0,8,0,0,0,0,0,0,0,0,0,0
02-skip-initialize-60s-r0,use1-az1,42,1.0009362170000002,413.319168,25227.0,6,0,0,0,0,0,0,0,0,0,0
02-skip-initialize-60s-r0,use1-az1,43,1.0009103030000002,413.302784,25226.0,6,0,0,0,0,0,0,0,0,0,0
02-skip-initialize-60s-r0,use1-az1,44,1.000869186,413.237248,25222.0,8,0,0,0,0,0,0,0,0,0,0
02-skip-initialize-60s-r0,use1-az1,45,1.000886758,413.28640000000007,25225.0,7,0,0,0,0,0,0,0,0,0,0
02-skip-initialize-60s-r0,use1-az1,46,1.0008475979999998,413.237248,25221.0,8,0,0,0,0,0,0,0,0,0,0
02-skip-initialize-60s-r0,use1-az1,47,1.000840636,413.253632,25224.0,8,0,0,0,0,0,0,0,0,0,0
02-skip-initialize-60s-r0,use1-az1,48,1.0008695509999999,413.253632,25223.0,8,0,0,0,0,0,0,0,0,0,0
02-skip-initialize-60s-r0,use1-az1,49,1.0009574769999998,413.2864,25225.0,7,0,0,0,0,0,0,0,0,0,0
02-skip-initialize-60s-r0,use1-az1,50,1.001030954,413.351936,25229.0,7,0,0,0,0,0,0,0,0,0,0
02-skip-initialize-60s-r0,use1-az1,51,1.0009577719999998,412.87680000000006,25200.0,8,0,0,0,0,0,0,0,0,0,0
02-skip-initialize-60s-r0,use1-az1,52,1.0009365200000002,413.679616,25249.0,8,0,0,0,0,0,0,0,0,0,0
02-skip-initialize-60s-r0,use1-az1,53,1.0009085420000001,413.2864,25225.0,7,0,0,0,0,0,0,0,0,0,0
02-skip-initialize-60s-r0,use1-az1,54,1.000981326,413.351936,25229.0,6,0,0,0,0,0,0,0,0,0,0
02-skip-initialize-60s-r0,use1-az1,55,1.000979766,413.28640000000007,25225.0,6,0,0,0,0,0,0,0,0,0,0
02-skip-initialize-60s-r0,use1-az1,56,1.0009899629999999,413.2864,25225.0,8,0,0,0,0,0,0,0,0,0,0
02-skip-initialize-60s-r0,use1-az1,57,1.000957367,413.302784,25226.0,7,0,0,0,0,0,0,0,0,0,0
02-skip-initialize-60s-r0,use1-az1,58,1.0009721889999998,413.319168,25227.0,7,0,0,0,0,0,0,0,0,0,0
02-skip-initialize-60s-r0,use1-az1,59,1.000900284,413.25363200000004,25223.0,7,0,0,0,0,0,0,0,0,0,0
02-skip-initialize-60s-r0,use1-az1,60,1.000956273,413.270016,25224.0,7,0,0,0,0,0,0,0,0,0,0
02-skip-initialize-60s-r0,use1-az1,61,0.200181155,82.722816,5049.0,6,0,0,0,0,0,0,0,0,0,0
02-skip-initialize-60s-r0,use1-az2,-1,0.200132007,0.0,0.0,0,0,0,0,0,0,0,0,0,0,0
02-skip-initialize-60s-r0,use1-az2,0,1.0012083529999998,400.502784,25167.0,2,0,0,0,0,0,0,0,0,0,0
02-skip-initialize-60s-r0,use1-az2,1,1.001132316,428.163072,26883.0,2,0,0,0,0,0,0,0,0,0,0
02-skip-initialize-60s-r0,use1-az2,2,1.001120348,428.90854400000006,26910.0,3,0,0,0,0,0,0,0,0,0,0
02-skip-initialize-60s-r0,use1-az2,3,1.001175222,427.917312,26867.0,2,0,0,0,0,0,0,0,0,0,0
02-skip-initialize-60s-r0,use1-az2,4,1.0011890669999999,429.522944,26974.0,1,0,0,0,0,0,0,0,0,0,0
02-skip-initialize-60s-r0,use1-az2,5,1.001184524,428.847104,26919.0,1,0,0,0,0,0,0,0,0,0,0
02-skip-initialize-60s-r0,use1-az2,6,1.001150137,429.105152,26982.0,1,0,0,0,0,0,0,0,0,0,0
02-skip-initialize-60s-r0,use1-az2,7,1.0010912170000001,426.323968,26815.0,1,0,0,0,0,0,0,0,0,0,0
02-skip-initialize-60s-r0,use1-az2,8,1.0012080939999999,430.043136,27035.0,1,0,0,0,0,0,0,0,0,0,0
02-skip-initialize-60s-r0,use1-az2,9,1.001220512,429.2198399999999,26986.0,2,0,0,0,0,0,0,0,0,0,0
02-skip-initialize-60s-r0,use1-az2,10,1.00114143,431.21868799999993,27108.0,2,0,0,0,0,0,0,0,0,0,0
02-skip-initialize-60s-r0,use1-az2,11,1.00113761,426.360832,26828.0,1,0,0,0,0,0,0,0,0,0,0
02-skip-initialize-60s-r0,use1-az2,12,1.0011291129999997,428.96179199999995,26984.0,1,0,0,0,0,0,0,0,0,0,0
02-skip-initialize-60s-r0,use1-az2,13,1.001055528,427.044864,26884.0,2,0,0,0,0,0,0,0,0,0,0
02-skip-initialize-60s-r0,use1-az2,14,1.001112611,427.01209600000004,26843.0,3,0,0,0,0,0,0,0,0,0,0
02-skip-initialize-60s-r0,use1-az2,15,1.001135154,428.29004800000007,26941.0,3,0,0,0,0,0,0,0,0,0,0
02-skip-initialize-60s-r0,use1-az2,16,1.001121886,427.42988799999995,26887.0,2,0,0,0,0,0,0,0,0,0,0
02-skip-initialize-60s-r0,use1-az2,17,1.0011788490000002,428.158976,26919.0,2,0,0,0,0,0,0,0,0,0,0
02-skip-initialize-60s-r0,use1-az2,18,1.0012017659999999,427.4176,26865.0,1,0,0,0,0,0,0,0,0,0,0
02-skip-initialize-60s-r0,use1-az2,19,1.001235354,425.31225599999993,26730.0,2,0,0,0,0,0,0,0,0,0,0
02-skip-initialize-60s-r0,use1-az2,20,1.0010802769999998,427.532288,26840.0,2,0,0,0,0,0,0,0,0,0,0
02-skip-initialize-60s-r0,use1-az2,21,1.001048257,428.67507199999994,26920.0,1,0,0,0,0,0,0,0,0,0,0
02-skip-initialize-60s-r0,use1-az2,22,1.0010951559999999,430.32985600000006,27028.0,2,0,0,0,0,0,0,0,0,0,0
02-skip-initialize-60s-r0,use1-az2,23,1.0010507130000001,427.85587200000003,26863.0,2,0,0,0,0,0,0,0,0,0,0
02-skip-initialize-60s-r0,use1-az2,24,1.001072019,429.56800000000004,26955.0,2,0,0,0,0,0,0,0,0,0,0
02-skip-initialize-60s-r0,use1-az2,25,1.001182469,429.899776,26999.0,2,0,0,0,0,0,0,0,0,0,0
02-skip-initialize-60s-r0,use1-az2,26,1.001024669,426.76224,26858.0,2,0,0,0,0,0,0,0,0,0,0
02-skip-initialize-60s-r0,use1-az2,27,1.0010929279999998,425.725952,26650.0,13,0,0,0,0,0,0,0,0,0,0
02-skip-initialize-60s-r0,use1-az2,28,1.001004554,413.33555199999995,25228.0,14,0,0,0,0,0,0,0,0,0,0
02-skip-initialize-60s-r0,use1-az2,29,1.001004451,413.36832000000004,25230.0,14,0,0,0,0,0,0,0,0,0,0
02-skip-initialize-60s-r0,use1-az2,30,1.001023535,413.335552,25228.0,13,0,0,0,0,0,0,0,0,0,0
02-skip-initialize-60s-r0,use1-az2,31,1.00101669,413.25363200000004,25222.0,14,0,0,0,0,0,0,0,0,0,0
02-skip-initialize-60s-r0,use1-az2,32,1.0010229750000001,413.270016,25225.0,14,0,0,0,0,0,0,0,0,0,0
02-skip-initialize-60s-r0,use1-az2,33,1.00097629,413.302784,25226.0,14,0,0,0,0,0,0,0,0,0,0
02-skip-initialize-60s-r0,use1-az2,34,1.00097191,413.335552,25228.0,14,0,0,0,0,0,0,0,0,0,0
02-skip-initialize-60s-r0,use1-az2,35,1.001189539,413.41747200000003,25233.0,13,0,0,0,0,0,0,0,0,0,0
02-skip-initialize-60s-r0,use1-az2,36,1.001187795,413.466624,25236.0,14,0,0,0,0,0,0,0,0,0,0
02-skip-initialize-60s-r0,use1-az2,37,1.0012177629999999,413.36832000000004,25230.0,13,0,0,0,0,0,0,0,0,0,0
02-skip-initialize-60s-r0,use1-az2,38,1.001181569,413.38470400000006,25231.0,14,0,0,0,0,0,0,0,0,0,0
02-skip-initialize-60s-r0,use1-az2,39,1.001222935,413.384704,25231.0,14,0,0,0,0,0,0,0,0,0,0
02-skip-initialize-60s-r0,use1-az2,40,1.001230364,413.417472,25233.0,13,0,0,0,0,0,0,0,0,0,0
02-skip-initialize-60s-r0,use1-az2,41,1.001270066,413.38470399999994,25231.0,13,0,0,0,0,0,0,0,0,0,0
02-skip-initialize-60s-r0,use1-az2,42,1.001170937,413.417472,25233.0,14,0,0,0,0,0,0,0,0,0,0
02-skip-initialize-60s-r0,use1-az2,43,1.00122396,413.36832,25230.0,14,0,0,0,0,0,0,0,0,0,0
02-skip-initialize-60s-r0,use1-az2,44,1.0011890010000002,413.40108799999996,25232.0,14,0,0,0,0,0,0,0,0,0,0
02-skip-initialize-60s-r0,use1-az2,45,1.001148656,413.384704,25231.0,13,0,0,0,0,0,0,0,0,0,0
02-skip-initialize-60s-r0,use1-az2,46,1.001252605,413.43385600000005,25234.0,13,0,0,0,0,0,0,0,0,0,0
02-skip-initialize-60s-r0,use1-az2,47,1.001136923,413.38470400000006,25231.0,13,0,0,0,0,0,0,0,0,0,0
02-skip-initialize-60s-r0,use1-az2,48,1.001189682,413.36832,25230.0,13,0,0,0,0,0,0,0,0,0,0
02-skip-initialize-60s-r0,use1-az2,49,1.001149005,413.466624,25236.0,13,0,0,0,0,0,0,0,0,0,0
02-skip-initialize-60s-r0,use1-az2,50,1.0011663579999999,413.270016,25224.0,13,0,0,0,0,0,0,0,0,0,0
02-skip-initialize-60s-r0,use1-az2,51,1.0012765950000002,413.45023999999995,25235.0,13,0,0,0,0,0,0,0,0,0,0
02-skip-initialize-60s-r0,use1-az2,52,1.001143436,413.351936,25229.0,13,0,0,0,0,0,0,0,0,0,0
02-skip-initialize-60s-r0,use1-az2,53,1.0011873169999999,413.46662399999997,25236.0,13,0,0,0,0,0,0,0,0,0,0
02-skip-initialize-60s-r0,use1-az2,54,0.901029033,371.98233600000003,22704.0,13,0,0,0,0,0,0,0,0,0,0
02-skip-initialize-60s-r0,use1-az2,55,1.001078675,413.351936,25229.0,13,0,0,0,0,0,0,0,0,0,0
02-skip-initialize-60s-r0,use1-az2,56,1.001250483,413.41747200000003,25233.0,12,0,0,0,0,0,0,0,0,0,0
02-skip-initialize-60s-r0,use1-az2,57,1.001143082,413.384704,25231.0,13,0,0,0,0,0,0,0,0,0,0
02-skip-initialize-60s-r0,use1-az2,58,1.0012024630000003,413.384704,25231.0,13,0,0,0,0,0,0,0,0,0,0
02-skip-initialize-60s-r0,use1-az2,59,1.0010952670000002,413.36832,25230.0,13,0,0,0,0,0,0,0,0,0,0
02-skip-initialize-60s-r0,use1-az2,60,1.0010854450000002,413.36832000000004,25230.0,13,0,0,0,0,0,0,0,0,0,0
02-skip-initialize-60s-r0,use1-az2,61,0.20023745599999998,82.608128,5042.0,12,0,0,0,0,0,0,0,0,0,0
02-skip-initialize-60s-r0,use1-az4,-1,0.200153536,0.0,0.0,0,0,0,0,0,0,0,0,0,0,0
02-skip-initialize-60s-r0,use1-az4,0,1.000816657,399.826944,24289.0,2,0,0,0,0,0,0,0,0,0,0
02-skip-initialize-60s-r0,use1-az4,1,1.000802228,428.49894400000005,26028.0,2,0,0,0,0,0,0,0,0,0,0
02-skip-initialize-60s-r0,use1-az4,2,1.0007999029999999,428.78975999999994,26074.0,2,0,0,0,0,0,0,0,0,0,0
02-skip-initialize-60s-r0,use1-az4,3,1.000818697,427.81491200000005,26031.0,1,0,0,0,0,0,0,0,0,0,0
02-skip-initialize-60s-r0,use1-az4,4,1.000888541,429.3304319999999,26035.0,1,0,0,0,0,0,0,0,0,0,0
02-skip-initialize-60s-r0,use1-az4,5,1.0009045230000002,428.60134400000004,25965.0,1,0,0,0,0,0,0,0,0,0,0
02-skip-initialize-60s-r0,use1-az4,6,1.001056198,429.338624,26735.0,1,0,0,0,0,0,0,0,0,0,0
02-skip-initialize-60s-r0,use1-az4,7,1.001105274,426.45094399999994,26620.0,1,0,0,0,0,0,0,0,0,0,0
02-skip-initialize-60s-r0,use1-az4,8,1.001090458,429.944832,26831.0,1,0,0,0,0,0,0,0,0,0,0
02-skip-initialize-60s-r0,use1-az4,9,1.0010069449999999,429.072384,26787.0,2,0,0,0,0,0,0,0,0,0,0
02-skip-initialize-60s-r0,use1-az4,10,1.001090722,431.17363199999994,26923.0,1,0,0,0,0,0,0,0,0,0,0
02-skip-initialize-60s-r0,use1-az4,11,1.0010586620000002,426.340352,26679.0,1,0,0,0,0,0,0,0,0,0,0
02-skip-initialize-60s-r0,use1-az4,12,1.0010076709999998,428.68736,26794.0,1,0,0,0,0,0,0,0,0,0,0
02-skip-initialize-60s-r0,use1-az4,13,1.0010515809999998,427.249664,26727.0,1,0,0,0,0,0,0,0,0,0,0
02-skip-initialize-60s-r0,use1-az4,14,1.00108309,427.11859200000004,26697.0,1,0,0,0,0,0,0,0,0,0,0
02-skip-initialize-60s-r0,use1-az4,15,1.001097053,428.212224,26759.0,2,0,10,0,0,0,0,0,0,0,0
02-skip-initialize-60s-r0,use1-az4,16,1.0009024,427.032576,26573.0,1,0,0,0,0,0,0,0,0,0,0
02-skip-initialize-60s-r0,use1-az4,17,1.0008952720000002,428.20403200000004,26662.0,1,0,0,0,0,0,0,0,0,0,0
02-skip-initialize-60s-r0,use1-az4,18,1.0008691090000001,427.17184,26530.0,1,0,34,0,0,0,0,0,0,0,0
02-skip-initialize-60s-r0,use1-az4,19,1.0009726270000001,425.2794880000001,26257.0,1,0,172,0,0,0,0,0,0,0,0
02-skip-initialize-60s-r0,use1-az4,20,1.0009641459999998,427.56096,26550.0,1,0,0,0,0,0,0,0,0,0,0
02-skip-initialize-60s-r0,use1-az4,21,1.000899341,428.49075200000004,26627.0,1,0,0,0,0,0,0,0,0,0,0
02-skip-initialize-60s-r0,use1-az4,22,1.000865515,430.23564799999997,26682.0,1,0,0,0,0,0,0,0,0,0,0
02-skip-initialize-60s-r0,use1-az4,23,1.000916771,427.913216,26561.0,1,0,0,0,0,0,0,0,0,0,0
02-skip-initialize-60s-r0,use1-az4,24,1.0008515789999999,429.367296,26642.0,1,0,0,0,0,0,0,0,0,0,0
02-skip-initialize-60s-r0,use1-az4,25,1.000973208,429.76051199999995,26707.0,2,0,0,0,0,0,0,0,0,0,0
02-skip-initialize-60s-r0,use1-az4,26,1.0010347179999999,426.93427199999996,26702.0,1,0,0,0,0,0,0,0,0,0,0
02-skip-initialize-60s-r0,use1-az4,27,1.0009166440000001,424.890368,26447.0,64,0,0,0,0,0,0,0,0,0,0
02-skip-initialize-60s-r0,use1-az4,28,1.0008831100000002,413.28640000000007,25225.0,64,0,0,0,0,0,0,0,0,0,0
02-skip-initialize-60s-r0,use1-az4,29,1.000981618,413.270016,25224.0,64,0,0,0,0,0,0,0,0,0,0
02-skip-initialize-60s-r0,use1-az4,30,1.0010076129999999,413.31916800000005,25227.0,64,0,0,0,0,0,0,0,0,0,0
02-skip-initialize-60s-r0,use1-az4,31,1.0008918690000002,413.270016,25224.0,64,0,0,0,0,0,0,0,0,0,0
02-skip-initialize-60s-r0,use1-az4,32,1.000870441,413.25363200000004,25223.0,64,0,0,0,0,0,0,0,0,0,0
02-skip-initialize-60s-r0,use1-az4,33,1.000858687,413.2864,25225.0,64,0,0,0,0,0,0,0,0,0,0
02-skip-initialize-60s-r0,use1-az4,34,1.000874274,413.22086399999995,25221.0,64,0,0,0,0,0,0,0,0,0,0
02-skip-initialize-60s-r0,use1-az4,35,1.000953671,413.28639999999996,25225.0,64,0,0,0,0,0,0,0,0,0,0
02-skip-initialize-60s-r0,use1-az4,36,1.000842065,413.171712,25217.0,64,0,0,0,0,0,0,0,0,0,0
02-skip-initialize-60s-r0,use1-az4,37,1.000860661,413.25363200000004,25224.0,64,0,0,0,0,0,0,0,0,0,0
02-skip-initialize-60s-r0,use1-az4,38,1.000864666,413.25363200000004,25223.0,64,0,0,0,0,0,0,0,0,0,0
02-skip-initialize-60s-r0,use1-az4,39,1.000843878,413.23724799999997,25222.0,64,0,0,0,0,0,0,0,0,0,0
02-skip-initialize-60s-r0,use1-az4,40,1.0008592920000001,413.253632,25223.0,64,0,0,0,0,0,0,0,0,0,0
02-skip-initialize-60s-r0,use1-az4,41,1.000871708,413.25363200000004,25223.0,64,0,0,0,0,0,0,0,0,0,0
02-skip-initialize-60s-r0,use1-az4,42,1.000853587,413.253632,25223.0,64,0,0,0,0,0,0,0,0,0,0
02-skip-initialize-60s-r0,use1-az4,43,1.0008186669999999,413.270016,25224.0,64,0,0,0,0,0,0,0,0,0,0
02-skip-initialize-60s-r0,use1-az4,44,1.0007901629999998,413.1880960000001,25219.0,64,0,0,0,0,0,0,0,0,0,0
02-skip-initialize-60s-r0,use1-az4,45,1.000802827,413.237248,25222.0,64,0,0,0,0,0,0,0,0,0,0
02-skip-initialize-60s-r0,use1-az4,46,1.001102442,413.499392,25238.0,64,0,0,0,0,0,0,0,0,0,0
02-skip-initialize-60s-r0,use1-az4,47,1.001134247,413.38470400000006,25231.0,64,0,0,0,0,0,0,0,0,0,0
02-skip-initialize-60s-r0,use1-az4,48,1.0010958490000001,413.35193599999997,25229.0,64,0,0,0,0,0,0,0,0,0,0
02-skip-initialize-60s-r0,use1-az4,49,1.00111966,413.36832,25230.0,64,0,0,0,0,0,0,0,0,0,0
02-skip-initialize-60s-r0,use1-az4,50,1.001017907,413.3027840000001,25226.0,64,0,0,0,0,0,0,0,0,0,0
02-skip-initialize-60s-r0,use1-az4,51,1.0009394710000001,413.319168,25227.0,64,0,0,0,0,0,0,0,0,0,0
02-skip-initialize-60s-r0,use1-az4,52,1.001001157,413.25363200000004,25223.0,64,0,0,0,0,0,0,0,0,0,0
02-skip-initialize-60s-r0,use1-az4,53,1.000967934,413.351936,25229.0,64,0,0,0,0,0,0,0,0,0,0
02-skip-initialize-60s-r0,use1-az4,54,1.000969512,413.302784,25226.0,64,0,0,0,0,0,0,0,0,0,0
02-skip-initialize-60s-r0,use1-az4,55,1.000989922,413.270016,25224.0,64,0,0,0,0,0,0,0,0,0,0
02-skip-initialize-60s-r0,use1-az4,56,1.000818135,413.12255999999996,25215.0,64,0,0,0,0,0,0,0,0,0,0
02-skip-initialize-60s-r0,use1-az4,57,1.0008140739999998,413.22086399999995,25221.0,64,0,0,0,0,0,0,0,0,0,0
02-skip-initialize-60s-r0,use1-az4,58,1.0008412660000001,413.27001600000006,25224.0,64,0,0,0,0,0,0,0,0,0,0
02-skip-initialize-60s-r0,use1-az4,59,1.0008635989999999,413.25363200000004,25202.0,64,0,0,0,0,0,0,0,0,0,0
02-skip-initialize-60s-r0,use1-az4,60,1.000872813,413.270016,25224.0,64,0,0,0,0,0,0,0,0,0,0
02-skip-initialize-60s-r0,use1-az4,61,0.20018082199999998,59.944959999999995,3659.0,64,0,0,0,0,0,0,0,0,0,0
03-below-cliff-90k-r0,use1-az1,-1,0.300202161,0.0,0.0,0,0,0,0,0,0,0,0,0,0,0
03-below-cliff-90k-r0,use1-az1,0,1.0011208850000002,351.78905599999996,22624.0,2,0,0,0,0,0,0,0,0,0,0
03-below-cliff-90k-r0,use1-az1,1,1.001041833,369.40185599999995,23762.0,2,0,0,0,0,0,0,0,0,0,0
03-below-cliff-90k-r0,use1-az1,2,1.000995614,368.340992,23668.0,1,0,0,0,0,0,0,0,0,0,0
03-below-cliff-90k-r0,use1-az1,3,1.000990453,371.27372800000006,23828.0,1,0,0,0,0,0,0,0,0,0,0
03-below-cliff-90k-r0,use1-az1,4,1.001067041,367.353856,23639.0,2,0,0,0,0,0,0,0,0,0,0
03-below-cliff-90k-r0,use1-az1,5,1.000940868,370.95423999999997,23860.0,2,0,0,0,0,0,0,0,0,0,0
03-below-cliff-90k-r0,use1-az1,6,1.000869783,369.012736,23741.0,1,0,0,0,0,0,0,0,0,0,0
03-below-cliff-90k-r0,use1-az1,7,1.0006612700000002,369.89747199999994,23805.0,2,0,0,0,0,0,0,0,0,0,0
03-below-cliff-90k-r0,use1-az1,8,1.0006740280000002,369.08646400000003,23704.0,2,0,0,0,0,0,0,0,0,0,0
03-below-cliff-90k-r0,use1-az1,9,1.0006605469999998,368.119808,23696.0,2,0,0,0,0,0,0,0,0,0,0
03-below-cliff-90k-r0,use1-az1,10,1.0006663640000002,370.020352,23758.0,2,0,0,0,0,0,0,0,0,0,0
03-below-cliff-90k-r0,use1-az1,11,1.000685672,371.73657600000007,23888.0,2,0,0,0,0,0,0,0,0,0,0
03-below-cliff-90k-r0,use1-az1,12,1.000670115,369.00454399999995,23761.0,1,0,0,0,0,0,0,0,0,0,0
03-below-cliff-90k-r0,use1-az1,13,1.000669296,368.42700799999994,23698.0,2,0,0,0,0,0,0,0,0,0,0
03-below-cliff-90k-r0,use1-az1,14,1.000670375,368.664576,23729.0,2,0,0,0,0,0,0,0,0,0,0
03-below-cliff-90k-r0,use1-az1,15,1.00066948,368.00512000000003,23709.0,1,0,0,0,0,0,0,0,0,0,0
03-below-cliff-90k-r0,use1-az1,16,1.0006767680000002,368.951296,23703.0,1,0,0,0,0,0,0,0,0,0,0
03-below-cliff-90k-r0,use1-az1,17,1.000673033,367.73068799999993,23644.0,2,0,0,0,0,0,0,0,0,0,0
03-below-cliff-90k-r0,use1-az1,18,1.0006689,367.92729599999996,23697.0,2,0,0,0,0,0,0,0,0,0,0
03-below-cliff-90k-r0,use1-az1,19,1.0006715959999999,370.88051200000007,23842.0,2,0,0,0,0,0,0,0,0,0,0
03-below-cliff-90k-r0,use1-az1,20,1.000663012,367.517696,23667.0,1,0,0,0,0,0,0,0,0,0,0
03-below-cliff-90k-r0,use1-az1,21,1.000668361,368.545792,23711.0,1,0,0,0,0,0,0,0,0,0,0
03-below-cliff-90k-r0,use1-az1,22,1.00066617,366.227456,23600.0,1,0,0,0,0,0,0,0,0,0,0
03-below-cliff-90k-r0,use1-az1,23,1.000668061,368.73011199999996,23745.0,1,0,0,0,0,0,0,0,0,0,0
03-below-cliff-90k-r0,use1-az1,24,1.000661359,368.63590400000004,23653.0,1,0,0,0,0,0,0,0,0,0,0
03-below-cliff-90k-r0,use1-az1,25,1.000662256,370.32755199999997,23753.0,2,0,0,0,0,0,0,0,0,0,0
03-below-cliff-90k-r0,use1-az1,26,1.0006466200000002,369.086464,23744.0,1,0,0,0,0,0,0,0,0,0,0
03-below-cliff-90k-r0,use1-az1,27,1.000673507,369.651712,23759.0,2,0,0,0,0,0,0,0,0,0,0
03-below-cliff-90k-r0,use1-az1,28,1.0006622420000002,370.241536,23787.0,1,0,0,0,0,0,0,0,0,0,0
03-below-cliff-90k-r0,use1-az1,29,1.000679044,370.429952,23812.0,1,0,0,0,0,0,0,0,0,0,0
03-below-cliff-90k-r0,use1-az1,30,1.000675117,368.750592,23727.0,1,0,0,0,0,0,0,0,0,0,0
03-below-cliff-90k-r0,use1-az1,31,1.000671955,366.91148799999996,23605.0,2,0,0,0,0,0,0,0,0,0,0
03-below-cliff-90k-r0,use1-az1,32,1.0007575549999999,369.58208,23734.0,1,0,0,0,0,0,0,0,0,0,0
03-below-cliff-90k-r0,use1-az1,33,1.000676219,367.4112,23646.0,2,0,0,0,0,0,0,0,0,0,0
03-below-cliff-90k-r0,use1-az1,34,1.0006699719999999,366.698496,23567.0,2,0,0,0,0,0,0,0,0,0,0
03-below-cliff-90k-r0,use1-az1,35,1.000671978,368.69324800000004,23708.0,1,0,0,0,0,0,0,0,0,0,0
03-below-cliff-90k-r0,use1-az1,36,1.000671503,370.061312,23792.0,1,0,0,0,0,0,0,0,0,0,0
03-below-cliff-90k-r0,use1-az1,37,1.000676265,368.185344,23687.0,2,0,0,0,0,0,0,0,0,0,0
03-below-cliff-90k-r0,use1-az1,38,1.0006663420000002,368.427008,23704.0,1,0,0,0,0,0,0,0,0,0,0
03-below-cliff-90k-r0,use1-az1,39,1.000668541,370.552832,23795.0,2,0,0,0,0,0,0,0,0,0,0
03-below-cliff-90k-r0,use1-az1,40,1.0006722709999998,369.27488,23734.0,1,0,0,0,0,0,0,0,0,0,0
03-below-cliff-90k-r0,use1-az1,41,1.0006705939999998,368.910336,23730.0,2,0,0,0,0,0,0,0,0,0,0
03-below-cliff-90k-r0,use1-az1,42,1.000672612,370.794496,23819.0,2,0,0,0,0,0,0,0,0,0,0
03-below-cliff-90k-r0,use1-az1,43,1.0006731530000001,369.77049600000004,23758.0,2,0,0,0,0,0,0,0,0,0,0
03-below-cliff-90k-r0,use1-az1,44,1.0006737479999999,368.04607999999996,23687.0,2,0,0,0,0,0,0,0,0,0,0
03-below-cliff-90k-r0,use1-az1,45,1.000674643,368.467968,23702.0,1,0,0,0,0,0,0,0,0,0,0
03-below-cliff-90k-r0,use1-az1,46,1.000679518,367.542272,23634.0,2,0,0,0,0,0,0,0,0,0,0
03-below-cliff-90k-r0,use1-az1,47,1.0006766990000002,367.026176,23602.0,2,0,0,0,0,0,0,0,0,0,0
03-below-cliff-90k-r0,use1-az1,48,1.000663237,371.8881280000001,23850.0,2,0,0,0,0,0,0,0,0,0,0
03-below-cliff-90k-r0,use1-az1,49,1.0006830850000001,369.60256,23768.0,3,0,0,0,0,0,0,0,0,0,0
03-below-cliff-90k-r0,use1-az1,50,1.000663232,368.779264,23731.0,1,0,0,0,0,0,0,0,0,0,0
03-below-cliff-90k-r0,use1-az1,51,1.0006645600000001,367.84128000000004,23649.0,2,0,0,0,0,0,0,0,0,0,0
03-below-cliff-90k-r0,use1-az1,52,1.000667076,368.74240000000003,23686.0,2,0,0,0,0,0,0,0,0,0,0
03-below-cliff-90k-r0,use1-az1,53,1.000666205,368.82022399999994,23721.0,1,0,0,0,0,0,0,0,0,0,0
03-below-cliff-90k-r0,use1-az1,54,1.000663716,368.18944,23680.0,2,0,0,0,0,0,0,0,0,0,0
03-below-cliff-90k-r0,use1-az1,55,1.0006628340000001,370.638848,23835.0,2,0,0,0,0,0,0,0,0,0,0
03-below-cliff-90k-r0,use1-az1,56,1.000673521,371.060736,23800.0,2,0,0,0,0,0,0,0,0,0,0
03-below-cliff-90k-r0,use1-az1,57,1.000670167,368.037888,23716.0,1,0,0,0,0,0,0,0,0,0,0
03-below-cliff-90k-r0,use1-az1,58,1.00067529,368.697344,23704.0,1,0,0,0,0,0,0,0,0,0,0
03-below-cliff-90k-r0,use1-az1,59,0.90060765,331.870208,21377.0,1,0,0,0,0,0,0,0,0,0,0
03-below-cliff-90k-r0,use1-az2,-1,0.200136532,0.0,0.0,0,0,0,0,0,0,0,0,0,0,0
03-below-cliff-90k-r0,use1-az2,0,1.0007466040000002,333.303808,21441.0,1,0,0,0,0,0,0,0,0,0,0
03-below-cliff-90k-r0,use1-az2,1,1.000745636,369.25440000000003,23755.0,5,0,0,0,0,0,0,0,0,0,0
03-below-cliff-90k-r0,use1-az2,2,1.000755322,368.386048,23665.0,1,0,0,0,0,0,0,0,0,0,0
03-below-cliff-90k-r0,use1-az2,3,1.000775504,371.22048000000007,23826.0,2,0,0,0,0,0,0,0,0,0,0
03-below-cliff-90k-r0,use1-az2,4,1.000751782,367.24735999999996,23629.0,1,0,0,0,0,0,0,0,0,0,0
03-below-cliff-90k-r0,use1-az2,5,1.0007439539999998,370.81497600000006,23854.0,2,0,0,0,0,0,0,0,0,0,0
03-below-cliff-90k-r0,use1-az2,6,1.0007307960000003,369.496064,23761.0,1,0,0,0,0,0,0,0,0,0,0
03-below-cliff-90k-r0,use1-az2,7,1.00085508,369.922048,23815.0,2,0,0,0,0,0,0,0,0,0,0
03-below-cliff-90k-r0,use1-az2,8,1.001169331,369.57388799999995,23732.0,3,0,0,0,0,0,0,0,0,0,0
03-below-cliff-90k-r0,use1-az2,9,1.001223423,367.730688,23665.0,2,0,0,0,0,0,0,0,0,0,0
03-below-cliff-90k-r0,use1-az2,10,1.001234605,370.806784,23808.0,1,0,0,0,0,0,0,0,0,0,0
03-below-cliff-90k-r0,use1-az2,11,1.001183188,371.99872,23907.0,0,0,0,0,0,0,0,0,0,0,0
03-below-cliff-90k-r0,use1-az2,12,1.001224525,369.17657599999995,23782.0,2,0,0,0,0,0,0,0,0,0,0
03-below-cliff-90k-r0,use1-az2,13,1.001125047,368.34099199999997,23690.0,2,0,0,0,0,0,0,0,0,0,0
03-below-cliff-90k-r0,use1-az2,14,1.001212883,368.93900800000006,23743.0,2,0,0,0,0,0,0,0,0,0,0
03-below-cliff-90k-r0,use1-az2,15,1.001123969,368.345088,23727.0,3,0,0,0,0,0,0,0,0,0,0
03-below-cliff-90k-r0,use1-az2,16,1.0012345379999998,369.221632,23728.0,2,0,0,0,0,0,0,0,0,0,0
03-below-cliff-90k-r0,use1-az2,17,1.00110846,367.70201599999996,23636.0,2,0,0,0,0,0,0,0,0,0,0
03-below-cliff-90k-r0,use1-az2,18,1.000755252,367.767552,23688.0,6,0,0,0,0,0,0,0,0,0,0
03-below-cliff-90k-r0,use1-az2,19,1.000740302,370.671616,23832.0,2,0,0,0,0,0,0,0,0,0,0
03-below-cliff-90k-r0,use1-az2,20,1.000736534,367.792128,23682.0,2,0,0,0,0,0,0,0,0,0,0
03-below-cliff-90k-r0,use1-az2,21,1.000734145,368.812032,23735.0,2,0,0,0,0,0,0,0,0,0,0
03-below-cliff-90k-r0,use1-az2,22,1.0007374249999998,365.580288,23551.0,2,0,0,0,0,0,0,0,0,0,0
03-below-cliff-90k-r0,use1-az2,23,1.000748579,368.87756800000005,23756.0,3,0,0,0,0,0,0,0,0,0,0
03-below-cliff-90k-r0,use1-az2,24,1.0007494979999998,369.02092799999997,23680.0,1,0,0,0,0,0,0,0,0,0,0
03-below-cliff-90k-r0,use1-az2,25,1.000748104,369.8769919999999,23730.0,2,0,0,0,0,0,0,0,0,0,0
03-below-cliff-90k-r0,use1-az2,26,1.000751785,369.21753599999994,23750.0,2,0,0,0,0,0,0,0,0,0,0
03-below-cliff-90k-r0,use1-az2,27,1.0008756479999998,369.86879999999996,23768.0,2,0,0,0,0,0,0,0,0,0,0
03-below-cliff-90k-r0,use1-az2,28,1.0012184779999997,370.74534400000005,23819.0,1,0,0,0,0,0,0,0,0,0,0
03-below-cliff-90k-r0,use1-az2,29,1.001207445,370.307072,23810.0,2,0,0,0,0,0,0,0,0,0,0
03-below-cliff-90k-r0,use1-az2,30,1.0010811099999999,369.221632,23753.0,3,0,0,0,0,0,0,0,0,0,0
03-below-cliff-90k-r0,use1-az2,31,1.0012272580000001,367.173632,23618.0,2,0,0,0,0,0,0,0,0,0,0
03-below-cliff-90k-r0,use1-az2,32,1.001214694,370.065408,23762.0,0,0,0,0,0,0,0,0,0,0,0
03-below-cliff-90k-r0,use1-az2,33,1.0011937739999999,367.18592,23633.0,2,0,0,0,0,0,0,0,0,0,0
03-below-cliff-90k-r0,use1-az2,34,1.001058411,367.08761599999997,23601.0,2,0,0,0,0,0,0,0,0,0,0
03-below-cliff-90k-r0,use1-az2,35,1.001175298,368.61542399999996,23698.0,0,0,0,0,0,0,0,0,0,0,0
03-below-cliff-90k-r0,use1-az2,36,1.001266116,370.19647999999995,23807.0,1,0,0,0,0,0,0,0,0,0,0
03-below-cliff-90k-r0,use1-az2,37,1.0010046670000001,368.36966399999994,23691.0,3,0,0,0,0,0,0,0,0,0,0
03-below-cliff-90k-r0,use1-az2,38,1.0007506160000001,368.234496,23694.0,2,0,0,0,0,0,0,0,0,0,0
03-below-cliff-90k-r0,use1-az2,39,1.0007368019999998,370.311168,23787.0,6,0,0,0,0,0,0,0,0,0,0
03-below-cliff-90k-r0,use1-az2,40,1.0007412759999998,369.94252800000004,23762.0,2,0,0,0,0,0,0,0,0,0,0
03-below-cliff-90k-r0,use1-az2,41,1.0007330859999999,368.35737599999993,23708.0,2,0,0,0,0,0,0,0,0,0,0
03-below-cliff-90k-r0,use1-az2,42,1.000738825,371.43347200000005,23845.0,2,0,0,0,0,0,0,0,0,0,0
03-below-cliff-90k-r0,use1-az2,43,1.0007339869999998,369.647616,23759.0,2,0,0,0,0,0,0,0,0,0,0
03-below-cliff-90k-r0,use1-az2,44,1.000735505,367.783936,23675.0,2,0,0,0,0,0,0,0,0,0,0
03-below-cliff-90k-r0,use1-az2,45,1.00074433,368.820224,23715.0,2,0,0,0,0,0,0,0,0,0,0
03-below-cliff-90k-r0,use1-az2,46,1.000744771,367.030272,23607.0,2,0,0,0,0,0,0,0,0,0,0
03-below-cliff-90k-r0,use1-az2,47,1.0008227969999999,368.164864,23666.0,2,0,0,0,0,0,0,0,0,0,0
03-below-cliff-90k-r0,use1-az2,48,1.0009156419999998,371.290112,23826.0,0,0,0,0,0,0,0,0,0,0,0
03-below-cliff-90k-r0,use1-az2,49,1.0010273600000001,369.72544,23768.0,2,0,0,0,0,0,0,0,0,0,0
03-below-cliff-90k-r0,use1-az2,50,1.001124109,368.816128,23732.0,0,0,0,0,0,0,0,0,0,0,0
03-below-cliff-90k-r0,use1-az2,51,1.001133372,367.98464000000007,23663.0,2,0,0,0,0,0,0,0,0,0,0
03-below-cliff-90k-r0,use1-az2,52,1.001249971,369.4264319999999,23728.0,0,0,0,0,0,0,0,0,0,0,0
03-below-cliff-90k-r0,use1-az2,53,1.0011948679999998,368.36966399999994,23697.0,0,0,0,0,0,0,0,0,0,0,0
03-below-cliff-90k-r0,use1-az2,54,1.001199318,368.349184,23692.0,0,0,0,0,0,0,0,0,0,0,0
03-below-cliff-90k-r0,use1-az2,55,1.0012262109999999,371.25734400000005,23873.0,0,0,0,0,0,0,0,0,0,0,0
03-below-cliff-90k-r0,use1-az2,56,1.001214021,371.18771200000003,23808.0,1,0,0,0,0,0,0,0,0,0,0
03-below-cliff-90k-r0,use1-az2,57,1.001090617,368.16076799999996,23718.0,1,0,0,0,0,0,0,0,0,0,0
03-below-cliff-90k-r0,use1-az2,58,1.0007748,368.26726400000007,23681.0,3,0,0,0,0,0,0,0,0,0,0
03-below-cliff-90k-r0,use1-az2,59,1.000754248,369.20524800000004,23777.0,3,0,0,0,0,0,0,0,0,0,0
03-below-cliff-90k-r0,use1-az4,-1,0.200153198,0.0,0.0,0,0,0,0,0,0,0,0,0,0,0
03-below-cliff-90k-r0,use1-az4,0,1.001060286,352.489472,22538.0,1,0,0,0,0,0,0,0,0,0,0
03-below-cliff-90k-r0,use1-az4,1,1.001034668,369.299456,23643.0,1,0,0,0,0,0,0,0,0,0,0
03-below-cliff-90k-r0,use1-az4,2,1.001041166,368.39423999999997,23565.0,2,0,0,0,0,0,0,0,0,0,0
03-below-cliff-90k-r0,use1-az4,3,1.001006831,371.318784,23715.0,1,0,0,0,0,0,0,0,0,0,0
03-below-cliff-90k-r0,use1-az4,4,1.0010470900000001,367.33337600000004,23533.0,1,0,0,0,0,0,0,0,0,0,0
03-below-cliff-90k-r0,use1-az4,5,1.001105512,371.09350399999994,23766.0,1,0,0,0,0,0,0,0,0,0,0
03-below-cliff-90k-r0,use1-az4,6,1.000991907,369.139712,23644.0,1,0,0,0,0,0,0,0,0,0,0
03-below-cliff-90k-r0,use1-az4,7,1.0010054769999999,370.01216000000005,23706.0,1,0,0,0,0,0,0,0,0,0,0
03-below-cliff-90k-r0,use1-az4,8,1.001068621,369.311744,23595.0,1,0,0,0,0,0,0,0,0,0,0
03-below-cliff-90k-r0,use1-az4,9,1.0009826969999998,368.115712,23603.0,1,0,0,0,0,0,0,0,0,0,0
03-below-cliff-90k-r0,use1-az4,10,1.001078538,370.200576,23662.0,1,0,0,0,0,0,0,0,0,0,0
03-below-cliff-90k-r0,use1-az4,11,1.001042055,371.949568,23772.0,1,0,0,0,0,0,0,0,0,0,0
03-below-cliff-90k-r0,use1-az4,12,1.000989084,369.18886399999997,23681.0,2,0,0,0,0,0,0,0,0,0,0
03-below-cliff-90k-r0,use1-az4,13,1.0008954800000003,368.49663999999996,23584.0,4,0,0,0,0,0,0,0,0,0,0
03-below-cliff-90k-r0,use1-az4,14,1.0010768829999999,368.877568,23608.0,2,0,0,0,0,0,0,0,0,0,0
03-below-cliff-90k-r0,use1-az4,15,1.000955633,367.976448,23591.0,2,0,0,0,0,0,0,0,0,0,0
03-below-cliff-90k-r0,use1-az4,16,1.001070243,369.02092799999997,23609.0,1,0,0,0,0,0,0,0,0,0,0
03-below-cliff-90k-r0,use1-az4,17,1.000943662,367.865856,23549.0,1,0,0,0,0,0,0,0,0,0,0
03-below-cliff-90k-r0,use1-az4,18,1.000989089,368.164864,23625.0,1,0,0,0,0,0,0,0,0,0,0
03-below-cliff-90k-r0,use1-az4,19,1.001025624,371.05254399999995,23731.0,1,0,0,0,0,0,0,0,0,0,0
03-below-cliff-90k-r0,use1-az4,20,1.001037546,367.546368,23567.0,1,0,0,0,0,0,0,0,0,0,0
03-below-cliff-90k-r0,use1-az4,21,1.00096741,368.746496,23615.0,1,0,0,0,0,0,0,0,0,0,0
03-below-cliff-90k-r0,use1-az4,22,1.000907345,365.99807999999996,23502.0,2,0,0,0,0,0,0,0,0,0,0
03-below-cliff-90k-r0,use1-az4,23,1.000990735,368.975872,23626.0,1,0,0,0,0,0,0,0,0,0,0
03-below-cliff-90k-r0,use1-az4,24,1.000945684,368.623616,23554.0,1,0,0,0,0,0,0,0,0,0,0
03-below-cliff-90k-r0,use1-az4,25,1.001009342,370.671616,23641.0,1,0,0,0,0,0,0,0,0,0,0
03-below-cliff-90k-r0,use1-az4,26,1.0009654279999998,369.205248,23638.0,2,0,0,0,0,0,0,0,0,0,0
03-below-cliff-90k-r0,use1-az4,27,1.0009522309999999,369.803264,23650.0,1,0,0,0,0,0,0,0,0,0,0
03-below-cliff-90k-r0,use1-az4,28,1.000997788,370.163712,23668.0,2,0,0,0,0,0,0,0,0,0,0
03-below-cliff-90k-r0,use1-az4,29,1.000987848,370.77401599999996,23735.0,1,0,0,0,0,0,0,0,0,0,0
03-below-cliff-90k-r0,use1-az4,30,1.000914161,368.746496,23627.0,2,0,0,0,0,0,0,0,0,0,0
03-below-cliff-90k-r0,use1-az4,31,1.0009601,367.079424,23522.0,1,0,0,0,0,0,0,0,0,0,0
03-below-cliff-90k-r0,use1-az4,32,1.000948714,369.20524800000004,23591.0,0,0,0,0,0,0,0,0,0,0,0
03-below-cliff-90k-r0,use1-az4,33,1.000943179,367.84128000000004,23555.0,1,0,0,0,0,0,0,0,0,0,0
03-below-cliff-90k-r0,use1-az4,34,1.000927671,367.12447999999995,23476.0,1,0,0,0,0,0,0,0,0,0,0
03-below-cliff-90k-r0,use1-az4,35,1.000881586,368.361472,23575.0,2,0,0,0,0,0,0,0,0,0,0
03-below-cliff-90k-r0,use1-az4,36,1.001037397,370.499584,23692.0,1,0,0,0,0,0,0,0,0,0,0
03-below-cliff-90k-r0,use1-az4,37,1.001165675,367.988736,23575.0,1,0,0,0,0,0,0,0,0,0,0
03-below-cliff-90k-r0,use1-az4,38,1.001046476,368.754688,23610.0,2,0,0,0,0,0,0,0,0,0,0
03-below-cliff-90k-r0,use1-az4,39,1.001069766,370.761728,23677.0,1,0,0,0,0,0,0,0,0,0,0
03-below-cliff-90k-r0,use1-az4,40,1.001124037,369.434624,23640.0,1,0,0,0,0,0,0,0,0,0,0
03-below-cliff-90k-r0,use1-az4,41,1.0011369389999998,368.963584,23621.0,1,0,0,0,0,0,0,0,0,0,0
03-below-cliff-90k-r0,use1-az4,42,0.901033747,334.626816,21387.0,1,0,0,0,0,0,0,0,0,0,0
03-below-cliff-90k-r0,use1-az4,43,1.001130358,369.6599040000001,23645.0,2,0,0,0,0,0,0,0,0,0,0
03-below-cliff-90k-r0,use1-az4,44,1.0011873199999999,367.915008,23576.0,1,0,0,0,0,0,0,0,0,0,0
03-below-cliff-90k-r0,use1-az4,45,1.001129756,368.9635840000001,23620.0,2,0,0,0,0,0,0,0,0,0,0
03-below-cliff-90k-r0,use1-az4,46,1.001112131,367.312896,23495.0,2,0,0,0,0,0,0,0,0,0,0
03-below-cliff-90k-r0,use1-az4,47,1.0011139329999998,368.31641599999995,23566.0,1,0,0,0,0,0,0,0,0,0,0
03-below-cliff-90k-r0,use1-az4,48,1.001051144,370.85593600000004,23677.0,1,0,0,0,0,0,0,0,0,0,0
03-below-cliff-90k-r0,use1-az4,49,1.0010638809999999,370.00396800000004,23659.0,1,0,0,0,0,0,0,0,0,0,0
03-below-cliff-90k-r0,use1-az4,50,1.0011276369999997,369.00864000000007,23645.0,1,0,0,0,0,0,0,0,0,0,0
03-below-cliff-90k-r0,use1-az4,51,1.001021283,367.44396800000004,23539.0,2,0,0,0,0,0,0,0,0,0,0
03-below-cliff-90k-r0,use1-az4,52,1.001110123,369.287168,23599.0,1,0,0,0,0,0,0,0,0,0,0
03-below-cliff-90k-r0,use1-az4,53,1.0010473659999999,368.38195200000007,23566.0,2,0,0,0,0,0,0,0,0,0,0
03-below-cliff-90k-r0,use1-az4,54,1.0010005469999999,369.0168320000001,23618.0,1,0,0,0,0,0,0,0,0,0,0
03-below-cliff-90k-r0,use1-az4,55,1.0011214859999997,370.515968,23731.0,1,0,0,0,0,0,0,0,0,0,0
03-below-cliff-90k-r0,use1-az4,56,1.001079426,370.90918400000004,23686.0,1,0,0,0,0,0,0,0,0,0,0
03-below-cliff-90k-r0,use1-az4,57,1.001005885,368.80384000000004,23646.0,1,0,0,0,0,0,0,0,0,0,0
03-below-cliff-90k-r0,use1-az4,58,1.001070333,368.11571200000003,23569.0,1,0,0,0,0,0,0,0,0,0,0
03-below-cliff-90k-r0,use1-az4,59,1.001016393,369.487872,23683.0,1,0,0,0,0,0,0,0,0,0,0
03-below-cliff-90k-r0,use1-az4,60,0.200175721,25.202688,1610.0,0,0,0,0,0,0,0,0,0,0,0
04-batch16-104k-r0,use1-az1,-1,0.300213378,0.0,0.0,0,0,0,0,0,0,0,0,0,0,0
04-batch16-104k-r0,use1-az1,0,1.0007057430000001,397.848576,14813.0,2,0,0,0,0,0,0,0,0,0,0
04-batch16-104k-r0,use1-az1,1,1.000697025,427.83539199999996,16061.0,1,0,0,0,0,0,0,0,0,0,0
04-batch16-104k-r0,use1-az1,2,1.000680049,428.904448,16066.0,0,0,0,0,0,0,0,0,0,0,0
04-batch16-104k-r0,use1-az1,3,1.000713496,427.839488,16079.0,0,0,0,0,0,0,0,0,0,0,0
04-batch16-104k-r0,use1-az1,4,1.00071341,429.21984000000003,16078.0,0,0,0,0,0,0,0,0,0,0,0
04-batch16-104k-r0,use1-az1,5,1.000722187,428.59315200000003,16073.0,2,0,0,0,0,0,0,0,0,0,0
04-batch16-104k-r0,use1-az1,6,1.0007104,428.82662400000004,16064.0,0,0,0,0,0,0,0,0,0,0,0
04-batch16-104k-r0,use1-az1,7,1.000722196,426.381312,16083.0,2,0,0,0,0,0,0,0,0,0,0
04-batch16-104k-r0,use1-az1,8,1.000711253,429.494272,16087.0,3,0,0,0,0,0,0,0,0,0,0
04-batch16-104k-r0,use1-az1,9,1.000698248,429.432832,16069.0,2,0,0,0,0,0,0,0,0,0,0
04-batch16-104k-r0,use1-az1,10,1.000702049,430.86233599999997,16086.0,0,0,0,0,0,0,0,0,0,0,0
04-batch16-104k-r0,use1-az1,11,1.000703706,425.951232,15967.0,0,0,0,0,0,0,0,0,0,0,0
04-batch16-104k-r0,use1-az1,12,1.0007020709999999,428.724224,15969.0,0,0,0,0,0,0,0,0,0,0,0
04-batch16-104k-r0,use1-az1,13,1.000693963,427.302912,15943.0,0,0,0,0,0,0,0,0,0,0,0
04-batch16-104k-r0,use1-az1,14,1.0007197419999998,426.90150400000005,16013.0,1,0,0,0,0,0,0,0,0,0,0
04-batch16-104k-r0,use1-az1,15,1.0007051120000001,427.937792,15975.0,2,0,0,0,0,0,0,0,0,0,0
04-batch16-104k-r0,use1-az1,16,1.000699598,427.31929599999995,15970.0,0,0,0,0,0,0,0,0,0,0,0
04-batch16-104k-r0,use1-az1,17,1.000685989,427.61830399999997,15969.0,0,0,0,0,0,0,0,0,0,0,0
04-batch16-104k-r0,use1-az1,18,1.000732174,427.50771199999997,15982.0,0,0,0,0,0,0,0,0,0,0,0
04-batch16-104k-r0,use1-az1,19,1.0007178680000002,425.025536,15955.0,0,0,0,0,0,0,0,0,0,0,0
04-batch16-104k-r0,use1-az1,20,1.0007093770000002,427.491328,15938.0,0,0,0,0,0,0,0,0,0,0,0
04-batch16-104k-r0,use1-az1,21,1.0007117620000001,428.40064,15957.0,3,0,0,0,0,0,0,0,0,0,0
04-batch16-104k-r0,use1-az1,22,1.000701129,430.252032,15933.0,3,0,0,0,0,0,0,0,0,0,0
04-batch16-104k-r0,use1-az1,23,1.000676102,427.78214399999996,15948.0,2,0,0,0,0,0,0,0,0,0,0
04-batch16-104k-r0,use1-az1,24,1.0006960539999998,429.2608000000001,15986.0,2,0,0,0,0,0,0,0,0,0,0
04-batch16-104k-r0,use1-az1,25,1.000708039,429.5720960000001,15982.0,1,0,0,0,0,0,0,0,0,0,0
04-batch16-104k-r0,use1-az1,26,1.0006947270000002,426.74176000000006,15966.0,2,0,0,0,0,0,0,0,0,0,0
04-batch16-104k-r0,use1-az1,27,1.000701276,428.13439999999997,15993.0,2,0,0,0,0,0,0,0,0,0,0
04-batch16-104k-r0,use1-az1,28,1.000692768,416.497664,10180.0,59,0,0,0,0,0,0,0,0,0,0
04-batch16-104k-r0,use1-az1,29,1.000693665,413.13894400000004,6304.0,60,0,0,0,0,0,0,0,0,0,0
04-batch16-104k-r0,use1-az1,30,1.0007030080000001,413.20448,6305.0,60,0,0,0,0,0,0,0,0,0,0
04-batch16-104k-r0,use1-az1,31,1.000691753,413.13894400000004,6304.0,60,0,0,0,0,0,0,0,0,0,0
04-batch16-104k-r0,use1-az1,32,1.000690136,413.27001599999994,6306.0,60,0,0,0,0,0,0,0,0,0,0
04-batch16-104k-r0,use1-az1,33,1.0007090810000001,413.13894400000004,6304.0,59,0,0,0,0,0,0,0,0,0,0
04-batch16-104k-r0,use1-az1,34,1.000693047,413.20448,6305.0,59,0,0,0,0,0,0,0,0,0,0
04-batch16-104k-r0,use1-az1,35,1.000696929,413.20448,6305.0,60,0,0,0,0,0,0,0,0,0,0
04-batch16-104k-r0,use1-az1,36,1.000692812,413.138944,6304.0,60,0,0,0,0,0,0,0,0,0,0
04-batch16-104k-r0,use1-az1,37,1.0006873360000001,413.27001599999994,6306.0,60,0,0,0,0,0,0,0,0,0,0
04-batch16-104k-r0,use1-az1,38,1.0006949349999998,413.13894400000004,6304.0,60,0,0,0,0,0,0,0,0,0,0
04-batch16-104k-r0,use1-az1,39,1.0007107190000002,413.20448,6305.0,59,0,0,0,0,0,0,0,0,0,0
04-batch16-104k-r0,use1-az1,40,1.000700285,413.13894400000004,6304.0,60,0,0,0,0,0,0,0,0,0,0
04-batch16-104k-r0,use1-az1,41,1.000698253,413.270016,6306.0,59,0,0,0,0,0,0,0,0,0,0
04-batch16-104k-r0,use1-az1,42,1.000704448,413.13894400000004,6304.0,59,0,0,0,0,0,0,0,0,0,0
04-batch16-104k-r0,use1-az1,43,1.000705554,413.20448,6305.0,60,0,0,0,0,0,0,0,0,0,0
04-batch16-104k-r0,use1-az1,44,1.0006963329999998,413.20448,6305.0,60,0,0,0,0,0,0,0,0,0,0
04-batch16-104k-r0,use1-az1,45,1.000702609,413.13894400000004,6304.0,59,0,0,0,0,0,0,0,0,0,0
04-batch16-104k-r0,use1-az1,46,1.00070151,413.27001599999994,6306.0,60,0,0,0,0,0,0,0,0,0,0
04-batch16-104k-r0,use1-az1,47,1.0007059059999999,413.13894400000004,6304.0,60,0,0,0,0,0,0,0,0,0,0
04-batch16-104k-r0,use1-az1,48,1.000708483,413.20448,6305.0,59,0,0,0,0,0,0,0,0,0,0
04-batch16-104k-r0,use1-az1,49,1.00069119,413.20448,6305.0,60,0,0,0,0,0,0,0,0,0,0
04-batch16-104k-r0,use1-az1,50,1.000700121,413.13894400000004,6304.0,60,0,0,0,0,0,0,0,0,0,0
04-batch16-104k-r0,use1-az1,51,1.000688424,413.20448,6305.0,59,0,0,0,0,0,0,0,0,0,0
04-batch16-104k-r0,use1-az1,52,1.000685915,413.20448,6305.0,60,0,0,0,0,0,0,0,0,0,0
04-batch16-104k-r0,use1-az1,53,1.000689515,413.20448,6305.0,60,0,0,0,0,0,0,0,0,0,0
04-batch16-104k-r0,use1-az1,54,1.000689,413.138944,6304.0,60,0,0,0,0,0,0,0,0,0,0
04-batch16-104k-r0,use1-az1,55,1.000686884,413.20448,6305.0,60,0,0,0,0,0,0,0,0,0,0
04-batch16-104k-r0,use1-az1,56,1.000690099,413.20448000000005,6305.0,60,0,0,0,0,0,0,0,0,0,0
04-batch16-104k-r0,use1-az1,57,1.000708401,413.13894400000004,6304.0,60,0,0,0,0,0,0,0,0,0,0
04-batch16-104k-r0,use1-az1,58,1.000691061,413.20448,6305.0,59,0,0,0,0,0,0,0,0,0,0
04-batch16-104k-r0,use1-az1,59,1.000697163,413.20448,6305.0,60,0,0,0,0,0,0,0,0,0,0
04-batch16-104k-r0,use1-az1,60,1.0006968619999999,413.20448,6305.0,60,0,0,0,0,0,0,0,0,0,0
04-batch16-104k-r0,use1-az1,61,0.100068812,41.28768,630.0,59,0,0,0,0,0,0,0,0,0,0
04-batch16-104k-r0,use1-az2,-1,0.300200908,0.0,0.0,0,0,0,0,0,0,0,0,0,0,0
04-batch16-104k-r0,use1-az2,0,1.0011180800000001,420.704256,15638.0,2,0,0,0,0,0,0,0,0,0,0
04-batch16-104k-r0,use1-az2,1,1.001245111,428.306432,16089.0,3,0,0,0,0,0,0,0,0,0,0
04-batch16-104k-r0,use1-az2,2,1.001200552,428.527616,16086.0,5,0,0,0,0,0,0,0,0,0,0
04-batch16-104k-r0,use1-az2,3,1.00127115,427.95008,16066.0,2,0,0,0,0,0,0,0,0,0,0
04-batch16-104k-r0,use1-az2,4,1.0007624659999999,429.477888,16085.0,2,0,0,0,0,0,0,0,0,0,0
04-batch16-104k-r0,use1-az2,5,1.0007520349999999,428.3392,16072.0,2,0,0,0,0,0,0,0,0,0,0
04-batch16-104k-r0,use1-az2,6,1.000741654,428.7488,16058.0,1,0,0,0,0,0,0,0,0,0,0
04-batch16-104k-r0,use1-az2,7,1.000748647,426.631168,16092.0,3,0,0,0,0,0,0,0,0,0,0
04-batch16-104k-r0,use1-az2,8,1.000732732,429.654016,16083.0,2,0,0,0,0,0,0,0,0,0,0
04-batch16-104k-r0,use1-az2,9,1.000750963,429.44921600000004,16076.0,2,0,0,0,0,0,0,0,0,0,0
04-batch16-104k-r0,use1-az2,10,1.0007438560000002,430.3011839999999,16082.0,2,0,0,0,0,0,0,0,0,0,0
04-batch16-104k-r0,use1-az2,11,1.00074595,426.983424,15962.0,1,0,0,0,0,0,0,0,0,0,0
04-batch16-104k-r0,use1-az2,12,1.000742777,428.310528,15968.0,2,0,0,0,0,0,0,0,0,0,0
04-batch16-104k-r0,use1-az2,13,1.00075655,427.061248,15945.0,1,0,0,0,0,0,0,0,0,0,0
04-batch16-104k-r0,use1-az2,14,1.0011888670000002,427.36844800000006,16021.0,2,0,0,0,0,0,0,0,0,0,0
04-batch16-104k-r0,use1-az2,15,1.001187076,427.606016,15992.0,0,0,0,0,0,0,0,0,0,0,0
04-batch16-104k-r0,use1-az2,16,0.9011014430000001,385.20832000000007,14375.0,0,0,0,0,0,0,0,0,0,0,0
04-batch16-104k-r0,use1-az2,17,1.001123182,427.74937600000004,15978.0,2,0,0,0,0,0,0,0,0,0,0
04-batch16-104k-r0,use1-az2,18,1.00125477,428.0279040000001,15991.0,0,0,0,0,0,0,0,0,0,0,0
04-batch16-104k-r0,use1-az2,19,1.001187469,424.65279999999996,15964.0,2,0,0,0,0,0,0,0,0,0,0
04-batch16-104k-r0,use1-az2,20,1.001217783,427.999232,15949.0,2,0,0,0,0,0,0,0,0,0,0
04-batch16-104k-r0,use1-az2,21,1.001105253,428.50713600000006,15962.0,1,0,0,0,0,0,0,0,0,0,0
04-batch16-104k-r0,use1-az2,22,1.001146873,430.718976,15940.0,0,0,0,0,0,0,0,0,0,0,0
04-batch16-104k-r0,use1-az2,23,1.0012291800000002,427.851776,15950.0,1,0,0,0,0,0,0,0,0,0,0
04-batch16-104k-r0,use1-az2,24,1.000796878,428.71193600000004,15978.0,2,0,0,0,0,0,0,0,0,0,0
04-batch16-104k-r0,use1-az2,25,1.000721064,430.18649600000003,15993.0,1,0,0,0,0,0,0,0,0,0,0
04-batch16-104k-r0,use1-az2,26,1.000721751,426.75404799999995,15969.0,2,0,0,0,0,0,0,0,0,0,0
04-batch16-104k-r0,use1-az2,27,1.000732743,427.56915200000003,15981.0,2,0,0,0,0,0,0,0,0,0,0
04-batch16-104k-r0,use1-az2,28,1.000720546,417.329152,10581.0,60,0,0,0,0,0,0,0,0,0,0
04-batch16-104k-r0,use1-az2,29,1.000672102,413.20448,6305.0,60,0,0,0,0,0,0,0,0,0,0
04-batch16-104k-r0,use1-az2,30,1.000703018,413.20448,6305.0,60,0,0,0,0,0,0,0,0,0,0
04-batch16-104k-r0,use1-az2,31,1.000718572,413.13894400000004,6304.0,60,0,0,0,0,0,0,0,0,0,0
04-batch16-104k-r0,use1-az2,32,1.0007202069999999,413.27001600000006,6306.0,60,0,0,0,0,0,0,0,0,0,0
04-batch16-104k-r0,use1-az2,33,1.000712858,413.13894400000004,6304.0,59,0,0,0,0,0,0,0,0,0,0
04-batch16-104k-r0,use1-az2,34,1.001069159,413.53216,6310.0,60,0,0,0,0,0,0,0,0,0,0
04-batch16-104k-r0,use1-az2,35,1.001118534,413.335552,6307.0,60,0,0,0,0,0,0,0,0,0,0
04-batch16-104k-r0,use1-az2,36,1.001099103,413.335552,6307.0,60,0,0,0,0,0,0,0,0,0,0
04-batch16-104k-r0,use1-az2,37,1.0010754650000002,413.335552,6307.0,60,0,0,0,0,0,0,0,0,0,0
04-batch16-104k-r0,use1-az2,38,1.001100963,413.335552,6307.0,59,0,0,0,0,0,0,0,0,0,0
04-batch16-104k-r0,use1-az2,39,1.0010835820000001,413.40108799999996,6308.0,61,0,0,0,0,0,0,0,0,0,0
04-batch16-104k-r0,use1-az2,40,1.0010812040000001,413.335552,6307.0,60,0,0,0,0,0,0,0,0,0,0
04-batch16-104k-r0,use1-az2,41,1.000969692,413.335552,6307.0,60,0,0,0,0,0,0,0,0,0,0
04-batch16-104k-r0,use1-az2,42,1.001073696,413.4666239999999,6309.0,60,0,0,0,0,0,0,0,0,0,0
04-batch16-104k-r0,use1-az2,43,1.000909519,413.13894400000004,6304.0,59,0,0,0,0,0,0,0,0,0,0
04-batch16-104k-r0,use1-az2,44,1.0007324469999999,413.073408,6303.0,60,0,0,0,0,0,0,0,0,0,0
04-batch16-104k-r0,use1-az2,45,1.0006930669999998,413.13894400000004,6304.0,59,0,0,0,0,0,0,0,0,0,0
04-batch16-104k-r0,use1-az2,46,1.000711807,413.20448,6305.0,60,0,0,0,0,0,0,0,0,0,0
04-batch16-104k-r0,use1-az2,47,1.0007150200000001,413.20448,6305.0,60,0,0,0,0,0,0,0,0,0,0
04-batch16-104k-r0,use1-az2,48,1.00071631,413.20448,6305.0,59,0,0,0,0,0,0,0,0,0,0
04-batch16-104k-r0,use1-az2,49,1.000704923,413.20448,6305.0,60,0,0,0,0,0,0,0,0,0,0
04-batch16-104k-r0,use1-az2,50,1.000737135,413.138944,6304.0,60,0,0,0,0,0,0,0,0,0,0
04-batch16-104k-r0,use1-az2,51,1.000714496,413.270016,6306.0,60,0,0,0,0,0,0,0,0,0,0
04-batch16-104k-r0,use1-az2,52,1.000712895,413.20448,6305.0,60,0,0,0,0,0,0,0,0,0,0
04-batch16-104k-r0,use1-az2,53,1.000711862,413.13894400000004,6304.0,60,0,0,0,0,0,0,0,0,0,0
04-batch16-104k-r0,use1-az2,54,1.0012118810000001,413.597696,6311.0,60,0,0,0,0,0,0,0,0,0,0
04-batch16-104k-r0,use1-az2,55,1.001139405,413.401088,6308.0,60,0,0,0,0,0,0,0,0,0,0
04-batch16-104k-r0,use1-az2,56,1.0011840220000001,413.27001600000006,6306.0,60,0,0,0,0,0,0,0,0,0,0
04-batch16-104k-r0,use1-az2,57,1.001022601,413.335552,6307.0,60,0,0,0,0,0,0,0,0,0,0
04-batch16-104k-r0,use1-az2,58,1.001199433,413.401088,6308.0,60,0,0,0,0,0,0,0,0,0,0
04-batch16-104k-r0,use1-az2,59,1.001224529,413.40108799999996,6308.0,60,0,0,0,0,0,0,0,0,0,0
04-batch16-104k-r0,use1-az2,60,1.00123034,413.466624,6309.0,60,0,0,0,0,0,0,0,0,0,0
04-batch16-104k-r0,use1-az2,61,0.201023473,75.493376,1152.0,60,0,0,0,0,0,0,0,0,0,0
04-batch16-104k-r0,use1-az4,-1,0.200155774,0.0,0.0,0,0,0,0,0,0,0,0,0,0,0
04-batch16-104k-r0,use1-az4,0,1.00093319,398.856192,14850.0,1,0,0,0,0,0,0,0,0,0,0
04-batch16-104k-r0,use1-az4,1,1.001013492,428.29414399999996,16070.0,1,0,0,0,0,0,0,0,0,0,0
04-batch16-104k-r0,use1-az4,2,1.001041676,428.96179200000006,16072.0,1,0,0,0,0,0,0,0,0,0,0
04-batch16-104k-r0,use1-az4,3,1.001375476,428.14259200000004,16088.0,1,0,0,0,0,0,0,0,0,0,0
04-batch16-104k-r0,use1-az4,4,1.001068101,429.30176000000006,16079.0,1,0,0,0,0,0,0,0,0,0,0
04-batch16-104k-r0,use1-az4,5,1.000995839,428.70374400000003,16080.0,1,0,0,0,0,0,0,0,0,0,0
04-batch16-104k-r0,use1-az4,6,1.0009380650000002,428.924928,16064.0,1,0,0,0,0,0,0,0,0,0,0
04-batch16-104k-r0,use1-az4,7,1.0009991610000002,426.51647999999994,16092.0,1,0,0,0,0,0,0,0,0,0,0
04-batch16-104k-r0,use1-az4,8,1.001004322,429.809664,16093.0,1,0,0,0,0,0,0,0,0,0,0
04-batch16-104k-r0,use1-az4,9,1.000986152,429.10924800000004,16072.0,1,0,0,0,0,0,0,0,0,0,0
04-batch16-104k-r0,use1-az4,10,1.000967008,431.18592,16089.0,1,0,0,0,0,0,0,0,0,0,0
04-batch16-104k-r0,use1-az4,11,1.000918486,426.14784,15965.0,1,0,0,0,0,0,0,0,0,0,0
04-batch16-104k-r0,use1-az4,12,1.000861033,428.711936,15973.0,1,0,0,0,0,0,0,0,0,0,0
04-batch16-104k-r0,use1-az4,13,1.000908031,427.17184,15942.0,1,0,0,0,0,0,0,0,0,0,0
04-batch16-104k-r0,use1-az4,14,1.000900163,426.99571199999997,16011.0,1,0,0,0,0,0,0,0,0,0,0
04-batch16-104k-r0,use1-az4,15,1.0009448380000001,428.138496,15982.0,1,0,0,0,0,0,0,0,0,0,0
04-batch16-104k-r0,use1-az4,16,1.000942341,427.302912,15971.0,1,0,0,0,0,0,0,0,0,0,0
04-batch16-104k-r0,use1-az4,17,1.000876268,428.28595199999995,15977.0,1,0,0,0,0,0,0,0,0,0,0
04-batch16-104k-r0,use1-az4,18,1.000924852,427.2128,15984.0,1,0,0,0,0,0,0,0,0,0,0
04-batch16-104k-r0,use1-az4,19,1.000893847,425.058304,15955.0,1,0,0,0,0,0,0,0,0,0,0
04-batch16-104k-r0,use1-az4,20,1.000908486,427.53228799999994,15932.0,1,0,102,0,0,0,0,0,0,0,0
04-batch16-104k-r0,use1-az4,21,1.000927954,428.433408,15956.0,1,0,0,0,0,0,0,0,0,0,0
04-batch16-104k-r0,use1-az4,22,1.000919884,430.41587200000004,15943.0,1,0,0,0,0,0,0,0,0,0,0
04-batch16-104k-r0,use1-az4,23,1.00085448,427.687936,15949.0,1,0,0,0,0,0,0,0,0,0,0
04-batch16-104k-r0,use1-az4,24,1.000900225,429.522944,15988.0,1,0,0,0,0,0,0,0,0,0,0
04-batch16-104k-r0,use1-az4,25,1.000912164,429.64172800000006,15984.0,1,0,0,0,0,0,0,0,0,0,0
04-batch16-104k-r0,use1-az4,26,1.000880246,426.930176,15970.0,1,0,0,0,0,0,0,0,0,0,0
04-batch16-104k-r0,use1-az4,27,1.000943806,428.19174399999997,16000.0,1,0,0,0,0,0,0,0,0,0,0
04-batch16-104k-r0,use1-az4,28,1.000921901,416.33791999999994,10086.0,61,0,0,0,0,0,0,0,0,0,0
04-batch16-104k-r0,use1-az4,29,1.00086546,413.27001600000006,6306.0,61,0,0,0,0,0,0,0,0,0,0
04-batch16-104k-r0,use1-az4,30,1.0008722700000001,413.27001599999994,6306.0,61,0,0,0,0,0,0,0,0,0,0
04-batch16-104k-r0,use1-az4,31,1.000869029,413.27001599999994,6306.0,61,0,0,0,0,0,0,0,0,0,0
04-batch16-104k-r0,use1-az4,32,1.000888966,413.20448,6305.0,60,0,0,0,0,0,0,0,0,0,0
04-batch16-104k-r0,use1-az4,33,1.0008771669999998,413.27001599999994,6305.0,60,0,0,0,0,0,0,0,0,0,0
04-batch16-104k-r0,use1-az4,34,1.0008484460000002,413.27001600000006,6306.0,61,0,0,0,0,0,0,0,0,0,0
04-batch16-104k-r0,use1-az4,35,1.000860949,413.27001599999994,6306.0,61,0,0,0,0,0,0,0,0,0,0
04-batch16-104k-r0,use1-az4,36,1.000867114,413.27001599999994,6306.0,61,0,0,0,0,0,0,0,0,0,0
04-batch16-104k-r0,use1-az4,37,1.000868397,413.20448,6302.0,61,0,0,0,0,0,0,0,0,0,0
04-batch16-104k-r0,use1-az4,38,1.0008384940000001,413.27001599999994,6306.0,61,0,0,0,0,0,0,0,0,0,0
04-batch16-104k-r0,use1-az4,39,1.000826784,413.20448,6305.0,61,0,0,0,0,0,0,0,0,0,0
04-batch16-104k-r0,use1-az4,40,1.000854406,413.335552,6305.0,61,0,0,0,0,0,0,0,0,0,0
04-batch16-104k-r0,use1-az4,41,1.000861734,413.20448,6306.0,61,0,0,0,0,0,0,0,0,0,0
04-batch16-104k-r0,use1-az4,42,1.000860464,413.27001599999994,6306.0,61,0,0,0,0,0,0,0,0,0,0
04-batch16-104k-r0,use1-az4,43,1.000844341,413.27001599999994,6305.0,61,0,0,0,0,0,0,0,0,0,0
04-batch16-104k-r0,use1-az4,44,1.0008311380000001,413.270016,6304.0,61,0,0,0,0,0,0,0,0,0,0
04-batch16-104k-r0,use1-az4,45,1.000861072,413.20448,6305.0,61,0,0,0,0,0,0,0,0,0,0
04-batch16-104k-r0,use1-az4,46,1.0008504550000001,413.20448,6305.0,61,0,0,0,0,0,0,0,0,0,0
04-batch16-104k-r0,use1-az4,47,1.0008528920000002,413.20448000000005,6299.0,61,0,114,0,0,0,0,0,0,0,0
04-batch16-104k-r0,use1-az4,48,1.000911812,413.40108799999996,6308.0,61,0,0,0,0,0,0,0,0,0,0
04-batch16-104k-r0,use1-az4,49,1.000890448,413.20448,6305.0,61,0,0,0,0,0,0,0,0,0,0
04-batch16-104k-r0,use1-az4,50,1.000909635,413.335552,6307.0,61,0,0,0,0,0,0,0,0,0,0
04-batch16-104k-r0,use1-az4,51,1.000915875,413.27001599999994,6306.0,61,0,0,0,0,0,0,0,0,0,0
04-batch16-104k-r0,use1-az4,52,1.000910843,413.27001599999994,6306.0,61,0,0,0,0,0,0,0,0,0,0
04-batch16-104k-r0,use1-az4,53,1.000903307,413.335552,6306.0,61,0,0,0,0,0,0,0,0,0,0
04-batch16-104k-r0,use1-az4,54,1.000916211,413.20448000000005,6303.0,60,0,0,0,0,0,0,0,0,0,0
04-batch16-104k-r0,use1-az4,55,1.000916287,413.27001599999994,6306.0,61,0,0,0,0,0,0,0,0,0,0
04-batch16-104k-r0,use1-az4,56,1.0009228479999999,413.27001600000006,6303.0,61,0,0,0,0,0,0,0,0,0,0
04-batch16-104k-r0,use1-az4,57,1.000939018,413.27001599999994,6306.0,61,0,0,0,0,0,0,0,0,0,0
04-batch16-104k-r0,use1-az4,58,1.000931539,413.335552,6307.0,61,0,0,0,0,0,0,0,0,0,0
04-batch16-104k-r0,use1-az4,59,1.0009287679999999,412.811264,6299.0,61,0,0,0,0,0,0,0,0,0,0
04-batch16-104k-r0,use1-az4,60,1.000921943,413.794304,6314.0,61,0,0,0,0,0,0,0,0,0,0
04-batch16-104k-r0,use1-az4,61,0.20016342399999998,55.308288000000005,844.0,60,0,0,0,0,0,0,0,0,0,0
05-adaptive-batch-104k-r0,use1-az1,-1,0.300197996,0.0,0.0,0,0,0,0,0,0,0,0,0,0,0
05-adaptive-batch-104k-r0,use1-az1,0,1.001003656,398.585856,23922.0,2,0,0,0,0,0,0,0,0,0,0
05-adaptive-batch-104k-r0,use1-az1,1,1.000830775,427.88044800000006,26902.0,2,0,0,0,0,0,0,0,0,0,0
05-adaptive-batch-104k-r0,use1-az1,2,1.000688904,428.81433599999997,26909.0,1,0,0,0,0,0,0,0,0,0,0
05-adaptive-batch-104k-r0,use1-az1,3,1.0006731229999999,427.937792,26871.0,1,0,0,0,0,0,0,0,0,0,0
05-adaptive-batch-104k-r0,use1-az1,4,1.000673727,429.056,26962.0,2,0,0,0,0,0,0,0,0,0,0
05-adaptive-batch-104k-r0,use1-az1,5,1.000678559,428.62182400000006,26908.0,1,0,0,0,0,0,0,0,0,0,0
05-adaptive-batch-104k-r0,use1-az1,6,1.0006789600000001,428.91263999999995,26930.0,1,0,0,0,0,0,0,0,0,0,0
05-adaptive-batch-104k-r0,use1-az1,7,1.0006744330000001,426.22976,26774.0,2,0,0,0,0,0,0,0,0,0,0
05-adaptive-batch-104k-r0,use1-az1,8,1.0006814339999999,429.572096,26976.0,3,0,0,0,0,0,0,0,0,0,0
05-adaptive-batch-104k-r0,use1-az1,9,1.000663995,429.3345280000001,26965.0,1,0,0,0,0,0,0,0,0,0,0
05-adaptive-batch-104k-r0,use1-az1,10,1.0006673739999998,430.83775999999995,27095.0,2,0,0,0,0,0,0,0,0,0,0
05-adaptive-batch-104k-r0,use1-az1,11,1.000668863,425.91436799999997,26802.0,2,0,0,0,0,0,0,0,0,0,0
05-adaptive-batch-104k-r0,use1-az1,12,1.000667382,428.76518400000003,26968.0,2,0,0,0,0,0,0,0,0,0,0
05-adaptive-batch-104k-r0,use1-az1,13,1.00067309,427.307008,26895.0,2,0,0,0,0,0,0,0,0,0,0
05-adaptive-batch-104k-r0,use1-az1,14,1.0006620529999999,426.85644799999994,26821.0,2,0,0,0,0,0,0,0,0,0,0
05-adaptive-batch-104k-r0,use1-az1,15,1.0006656900000002,427.87225600000005,26928.0,1,0,0,0,0,0,0,0,0,0,0
05-adaptive-batch-104k-r0,use1-az1,16,1.000666986,427.47084800000005,26910.0,2,0,0,0,0,0,0,0,0,0,0
05-adaptive-batch-104k-r0,use1-az1,17,1.0006679779999998,427.63878400000004,26922.0,1,0,0,0,0,0,0,0,0,0,0
05-adaptive-batch-104k-r0,use1-az1,18,1.000668756,427.27833599999997,26899.0,2,0,0,0,0,0,0,0,0,0,0
05-adaptive-batch-104k-r0,use1-az1,19,1.0006692719999999,425.066496,25653.0,2,0,0,0,0,0,0,0,0,0,0
05-adaptive-batch-104k-r0,use1-az1,20,1.000674961,427.47084800000005,26863.0,2,0,0,0,0,0,0,0,0,0,0
05-adaptive-batch-104k-r0,use1-az1,21,1.000680715,428.331008,26899.0,2,0,0,0,0,0,0,0,0,0,0
05-adaptive-batch-104k-r0,use1-az1,22,1.0007114270000002,430.34623999999997,27028.0,1,0,0,0,0,0,0,0,0,0,0
05-adaptive-batch-104k-r0,use1-az1,23,1.0006828159999999,427.73708799999997,26876.0,1,0,0,0,0,0,0,0,0,0,0
05-adaptive-batch-104k-r0,use1-az1,24,1.000671404,429.228032,26943.0,2,0,0,0,0,0,0,0,0,0,0
05-adaptive-batch-104k-r0,use1-az1,25,1.000674221,429.56800000000004,26996.0,1,0,0,0,0,0,0,0,0,0,0
05-adaptive-batch-104k-r0,use1-az1,26,1.000673752,426.786816,26861.0,1,0,0,0,0,0,0,0,0,0,0
05-adaptive-batch-104k-r0,use1-az1,27,1.000669893,424.382464,24360.0,65,0,0,0,0,0,0,0,0,0,0
05-adaptive-batch-104k-r0,use1-az1,28,1.000669671,413.114368,4357.0,125,0,0,0,0,0,0,0,0,0,0
05-adaptive-batch-104k-r0,use1-az1,29,1.000665923,413.13894400000004,3152.0,126,0,0,0,0,0,0,0,0,0,0
05-adaptive-batch-104k-r0,use1-az1,30,1.000665409,413.27001599999994,3153.0,126,0,0,0,0,0,0,0,0,0,0
05-adaptive-batch-104k-r0,use1-az1,31,1.000670575,413.13894400000004,3152.0,126,0,0,0,0,0,0,0,0,0,0
05-adaptive-batch-104k-r0,use1-az1,32,1.000669864,413.1389440000001,3152.0,126,0,0,0,0,0,0,0,0,0,0
05-adaptive-batch-104k-r0,use1-az1,33,1.0006763719999998,413.270016,3153.0,126,0,0,0,0,0,0,0,0,0,0
05-adaptive-batch-104k-r0,use1-az1,34,1.0006659640000002,413.13894400000004,3152.0,126,0,0,0,0,0,0,0,0,0,0
05-adaptive-batch-104k-r0,use1-az1,35,1.000669218,413.13894400000004,3152.0,125,0,0,0,0,0,0,0,0,0,0
05-adaptive-batch-104k-r0,use1-az1,36,1.000665083,413.13894400000004,3152.0,126,0,0,0,0,0,0,0,0,0,0
05-adaptive-batch-104k-r0,use1-az1,37,1.000665401,413.27001600000006,3153.0,125,0,0,0,0,0,0,0,0,0,0
05-adaptive-batch-104k-r0,use1-az1,38,1.0006724310000001,413.138944,3152.0,126,0,0,0,0,0,0,0,0,0,0
05-adaptive-batch-104k-r0,use1-az1,39,1.0006727739999999,413.270016,3153.0,125,0,0,0,0,0,0,0,0,0,0
05-adaptive-batch-104k-r0,use1-az1,40,1.0006688179999998,413.13894400000004,3152.0,126,0,0,0,0,0,0,0,0,0,0
05-adaptive-batch-104k-r0,use1-az1,41,1.000668023,413.13894400000004,3152.0,126,0,0,0,0,0,0,0,0,0,0
05-adaptive-batch-104k-r0,use1-az1,42,1.0006635879999999,413.13894400000004,3152.0,126,0,0,0,0,0,0,0,0,0,0
05-adaptive-batch-104k-r0,use1-az1,43,1.000665754,413.27001600000006,3153.0,126,0,0,0,0,0,0,0,0,0,0
05-adaptive-batch-104k-r0,use1-az1,44,1.000682313,413.138944,3152.0,126,0,0,0,0,0,0,0,0,0,0
05-adaptive-batch-104k-r0,use1-az1,45,1.000670239,413.13894400000004,3152.0,126,0,0,0,0,0,0,0,0,0,0
05-adaptive-batch-104k-r0,use1-az1,46,1.0006796169999999,413.270016,3153.0,125,0,0,0,0,0,0,0,0,0,0
05-adaptive-batch-104k-r0,use1-az1,47,1.000672352,413.13894400000004,3152.0,126,0,0,0,0,0,0,0,0,0,0
05-adaptive-batch-104k-r0,use1-az1,48,1.0006716510000002,413.13894400000004,3152.0,126,0,0,0,0,0,0,0,0,0,0
05-adaptive-batch-104k-r0,use1-az1,49,1.000678328,413.13894400000004,3152.0,126,0,0,0,0,0,0,0,0,0,0
05-adaptive-batch-104k-r0,use1-az1,50,1.0006768400000001,413.270016,3153.0,126,0,0,0,0,0,0,0,0,0,0
05-adaptive-batch-104k-r0,use1-az1,51,1.000703804,413.13894400000004,3152.0,125,0,0,0,0,0,0,0,0,0,0
05-adaptive-batch-104k-r0,use1-az1,52,1.000664895,413.1389440000001,3152.0,126,0,0,0,0,0,0,0,0,0,0
05-adaptive-batch-104k-r0,use1-az1,53,1.000672141,413.27001599999994,3153.0,126,0,0,0,0,0,0,0,0,0,0
05-adaptive-batch-104k-r0,use1-az1,54,1.000689232,413.270016,3152.0,126,0,0,0,0,0,0,0,0,0,0
05-adaptive-batch-104k-r0,use1-az1,55,1.000675616,413.0078720000001,3152.0,126,0,0,0,0,0,0,0,0,0,0
05-adaptive-batch-104k-r0,use1-az1,56,1.000666623,413.27001600000006,3153.0,126,0,0,0,0,0,0,0,0,0,0
05-adaptive-batch-104k-r0,use1-az1,57,1.0006676370000003,413.13894400000004,3152.0,126,0,0,0,0,0,0,0,0,0,0
05-adaptive-batch-104k-r0,use1-az1,58,1.000672995,413.13894400000004,3152.0,126,0,0,0,0,0,0,0,0,0,0
05-adaptive-batch-104k-r0,use1-az1,59,1.00067715,413.27001600000006,3153.0,126,0,0,0,0,0,0,0,0,0,0
05-adaptive-batch-104k-r0,use1-az1,60,1.0006734400000001,413.1389439999999,3152.0,126,0,0,0,0,0,0,0,0,0,0
05-adaptive-batch-104k-r0,use1-az1,61,0.100067113,41.28768,315.0,126,0,0,0,0,0,0,0,0,0,0
05-adaptive-batch-104k-r0,use1-az2,-1,0.3002062,0.0,0.0,0,0,0,0,0,0,0,0,0,0,0
05-adaptive-batch-104k-r0,use1-az2,0,1.001107081,421.408768,25360.0,3,0,0,0,0,0,0,0,0,0,0
05-adaptive-batch-104k-r0,use1-az2,1,1.001168611,428.21222400000005,26916.0,2,0,0,0,0,0,0,0,0,0,0
05-adaptive-batch-104k-r0,use1-az2,2,1.001197696,428.392448,26886.0,2,0,0,0,0,0,0,0,0,0,0
05-adaptive-batch-104k-r0,use1-az2,3,1.001157374,427.92140800000004,26877.0,0,0,0,0,0,0,0,0,0,0,0
05-adaptive-batch-104k-r0,use1-az2,4,1.001166762,429.817856,27001.0,2,0,0,0,0,0,0,0,0,0,0
05-adaptive-batch-104k-r0,use1-az2,5,1.001189987,428.59724800000004,26906.0,1,0,0,0,0,0,0,0,0,0,0
05-adaptive-batch-104k-r0,use1-az2,6,1.001191138,429.010944,26939.0,2,0,0,0,0,0,0,0,0,0,0
05-adaptive-batch-104k-r0,use1-az2,7,1.001233523,426.70079999999996,26804.0,1,0,0,0,0,0,0,0,0,0,0
05-adaptive-batch-104k-r0,use1-az2,8,1.001110676,429.86700800000006,26988.0,2,0,0,0,0,0,0,0,0,0,0
05-adaptive-batch-104k-r0,use1-az2,9,1.001201031,429.81375999999995,27004.0,1,0,0,0,0,0,0,0,0,0,0
05-adaptive-batch-104k-r0,use1-az2,10,1.001117953,430.34623999999997,27060.0,2,0,0,0,0,0,0,0,0,0,0
05-adaptive-batch-104k-r0,use1-az2,11,0.901007133,383.67231999999996,24149.0,5,0,0,0,0,0,0,0,0,0,0
05-adaptive-batch-104k-r0,use1-az2,12,1.001165915,428.40883199999996,26940.0,1,0,0,0,0,0,0,0,0,0,0
05-adaptive-batch-104k-r0,use1-az2,13,1.001065598,428.11392,26940.0,1,0,0,0,0,0,0,0,0,0,0
05-adaptive-batch-104k-r0,use1-az2,14,1.001107206,427.27833599999997,26858.0,2,0,0,0,0,0,0,0,0,0,0
05-adaptive-batch-104k-r0,use1-az2,15,1.001085333,427.06944,26881.0,1,0,0,0,0,0,0,0,0,0,0
05-adaptive-batch-104k-r0,use1-az2,16,1.001122042,428.0360960000001,26942.0,2,0,0,0,0,0,0,0,0,0,0
05-adaptive-batch-104k-r0,use1-az2,17,1.001131796,427.72070399999996,26931.0,1,0,0,0,0,0,0,0,0,0,0
05-adaptive-batch-104k-r0,use1-az2,18,1.001275939,428.27776,26954.0,2,0,0,0,0,0,0,0,0,0,0
05-adaptive-batch-104k-r0,use1-az2,19,1.0010789059999998,424.464384,25620.0,2,0,0,0,0,0,0,0,0,0,0
05-adaptive-batch-104k-r0,use1-az2,20,1.001062053,428.007424,26895.0,1,0,0,0,0,0,0,0,0,0,0
05-adaptive-batch-104k-r0,use1-az2,21,1.0010778240000002,428.089344,26881.0,3,0,0,0,0,0,0,0,0,0,0
05-adaptive-batch-104k-r0,use1-az2,22,1.001102258,431.075328,27082.0,2,0,0,0,0,0,0,0,0,0,0
05-adaptive-batch-104k-r0,use1-az2,23,1.0011473000000002,427.88454400000006,26884.0,2,0,0,0,0,0,0,0,0,0,0
05-adaptive-batch-104k-r0,use1-az2,24,1.001162936,429.080576,26933.0,2,0,0,0,0,0,0,0,0,0,0
05-adaptive-batch-104k-r0,use1-az2,25,1.001110151,430.2438400000001,27029.0,3,0,0,0,0,0,0,0,0,0,0
05-adaptive-batch-104k-r0,use1-az2,26,1.001105924,426.610688,26854.0,3,0,0,0,0,0,0,0,0,0,0
05-adaptive-batch-104k-r0,use1-az2,27,1.001006816,425.025536,25042.0,65,0,0,0,0,0,0,0,0,0,0
05-adaptive-batch-104k-r0,use1-az2,28,1.000968537,413.17580799999996,4526.0,124,0,0,0,0,0,0,0,0,0,0
05-adaptive-batch-104k-r0,use1-az2,29,1.0010329770000002,413.315072,3155.0,126,0,0,0,0,0,0,0,0,0,0
05-adaptive-batch-104k-r0,use1-az2,30,1.0009600220000001,413.401088,3154.0,126,0,0,0,0,0,0,0,0,0,0
05-adaptive-batch-104k-r0,use1-az2,31,1.000952832,413.27001600000006,3153.0,126,0,0,0,0,0,0,0,0,0,0
05-adaptive-batch-104k-r0,use1-az2,32,1.0008905520000002,413.270016,3153.0,126,0,0,0,0,0,0,0,0,0,0
05-adaptive-batch-104k-r0,use1-az2,33,1.000875804,413.27001600000006,3153.0,125,0,0,0,0,0,0,0,0,0,0
05-adaptive-batch-104k-r0,use1-az2,34,1.0008658019999999,413.13894400000004,3152.0,126,0,0,0,0,0,0,0,0,0,0
05-adaptive-batch-104k-r0,use1-az2,35,1.001063302,413.401088,3154.0,126,0,0,0,0,0,0,0,0,0,0
05-adaptive-batch-104k-r0,use1-az2,36,1.001018544,413.27001599999994,3153.0,126,0,0,0,0,0,0,0,0,0,0
05-adaptive-batch-104k-r0,use1-az2,37,1.001014045,413.401088,3154.0,126,0,0,0,0,0,0,0,0,0,0
05-adaptive-batch-104k-r0,use1-az2,38,1.001202591,413.40108799999996,3154.0,126,0,0,0,0,0,0,0,0,0,0
05-adaptive-batch-104k-r0,use1-az2,39,1.001146195,413.401088,3154.0,126,0,0,0,0,0,0,0,0,0,0
05-adaptive-batch-104k-r0,use1-az2,40,1.0010495869999998,413.401088,3154.0,126,0,0,0,0,0,0,0,0,0,0
05-adaptive-batch-104k-r0,use1-az2,41,1.0011319200000002,413.27001600000006,3153.0,126,0,0,0,0,0,0,0,0,0,0
05-adaptive-batch-104k-r0,use1-az2,42,1.0012402400000002,413.401088,3154.0,126,0,0,0,0,0,0,0,0,0,0
05-adaptive-batch-104k-r0,use1-az2,43,1.00106134,413.401088,3154.0,126,0,0,0,0,0,0,0,0,0,0
05-adaptive-batch-104k-r0,use1-az2,44,1.001154565,413.401088,3153.0,126,0,0,0,0,0,0,0,0,0,0
05-adaptive-batch-104k-r0,use1-az2,45,1.00103323,413.270016,3154.0,126,0,0,0,0,0,0,0,0,0,0
05-adaptive-batch-104k-r0,use1-az2,46,1.0010672520000001,413.270016,3153.0,126,0,0,0,0,0,0,0,0,0,0
05-adaptive-batch-104k-r0,use1-az2,47,1.0010442910000001,413.53216000000003,3155.0,126,0,0,0,0,0,0,0,0,0,0
05-adaptive-batch-104k-r0,use1-az2,48,1.001083298,413.13894400000004,3152.0,126,0,0,0,0,0,0,0,0,0,0
05-adaptive-batch-104k-r0,use1-az2,49,1.00101092,413.4010880000001,3154.0,126,0,0,0,0,0,0,0,0,0,0
05-adaptive-batch-104k-r0,use1-az2,50,1.0010771729999999,413.270016,3153.0,126,0,0,0,0,0,0,0,0,0,0
05-adaptive-batch-104k-r0,use1-az2,51,1.001102488,413.401088,3154.0,126,0,0,0,0,0,0,0,0,0,0
05-adaptive-batch-104k-r0,use1-az2,52,1.0010237620000002,413.27001599999994,3153.0,126,0,0,0,0,0,0,0,0,0,0
05-adaptive-batch-104k-r0,use1-az2,53,1.001018384,413.4010880000001,3154.0,126,0,0,0,0,0,0,0,0,0,0
05-adaptive-batch-104k-r0,use1-az2,54,1.001126453,413.27001600000006,3153.0,126,0,0,0,0,0,0,0,0,0,0
05-adaptive-batch-104k-r0,use1-az2,55,1.001048711,413.4010880000001,3154.0,126,0,0,0,0,0,0,0,0,0,0
05-adaptive-batch-104k-r0,use1-az2,56,1.001052627,413.27001600000006,3153.0,126,0,0,0,0,0,0,0,0,0,0
05-adaptive-batch-104k-r0,use1-az2,57,1.001121412,413.40108799999996,3154.0,125,0,0,0,0,0,0,0,0,0,0
05-adaptive-batch-104k-r0,use1-az2,58,1.0010389229999999,413.401088,3154.0,126,0,0,0,0,0,0,0,0,0,0
05-adaptive-batch-104k-r0,use1-az2,59,1.001018904,413.27001600000006,3153.0,126,0,0,0,0,0,0,0,0,0,0
05-adaptive-batch-104k-r0,use1-az2,60,1.001023182,413.27001600000006,3153.0,126,0,0,0,0,0,0,0,0,0,0
05-adaptive-batch-104k-r0,use1-az2,61,0.201102493,78.368768,598.0,125,0,0,0,0,0,0,0,0,0,0
05-adaptive-batch-104k-r0,use1-az4,-1,0.20015549700000002,0.0,0.0,0,0,0,0,0,0,0,0,0,0,0
05-adaptive-batch-104k-r0,use1-az4,0,1.0008634379999999,399.51974399999995,23551.0,1,0,0,0,0,0,0,0,0,0,0
05-adaptive-batch-104k-r0,use1-az4,1,1.000856267,428.05248,26430.0,1,0,0,0,0,0,0,0,0,0,0
05-adaptive-batch-104k-r0,use1-az4,2,1.000834428,428.916736,26398.0,1,0,0,0,0,0,0,0,0,0,0
05-adaptive-batch-104k-r0,use1-az4,3,1.0008572370000002,427.843584,26351.0,1,0,0,0,0,0,0,0,0,0,0
05-adaptive-batch-104k-r0,use1-az4,4,1.00087328,429.28947200000005,26490.0,2,0,0,0,0,0,0,0,0,0,0
05-adaptive-batch-104k-r0,use1-az4,5,1.0009554989999998,428.5972479999999,26393.0,2,0,0,0,0,0,0,0,0,0,0
05-adaptive-batch-104k-r0,use1-az4,6,1.000843838,428.99865600000004,26435.0,1,0,0,0,0,0,0,0,0,0,0
05-adaptive-batch-104k-r0,use1-az4,7,1.000853052,426.360832,26263.0,1,0,0,0,0,0,0,0,0,0,0
05-adaptive-batch-104k-r0,use1-az4,8,1.0009075419999998,429.75231999999994,26478.0,1,0,0,0,0,0,0,0,0,0,0
05-adaptive-batch-104k-r0,use1-az4,9,1.000995765,429.30176000000006,26580.0,1,0,0,0,0,0,0,0,0,0,0
05-adaptive-batch-104k-r0,use1-az4,10,1.00113629,431.24736,26891.0,1,0,0,0,0,0,0,0,0,0,0
05-adaptive-batch-104k-r0,use1-az4,11,1.0009402620000003,426.319872,26603.0,1,0,0,0,0,0,0,0,0,0,0
05-adaptive-batch-104k-r0,use1-az4,12,1.001052042,428.75289599999996,26740.0,1,0,0,0,0,0,0,0,0,0,0
05-adaptive-batch-104k-r0,use1-az4,13,1.001050257,427.26604799999996,26682.0,1,0,0,0,0,0,0,0,0,0,0
05-adaptive-batch-104k-r0,use1-az4,14,1.00116075,427.094016,26624.0,1,0,0,0,0,0,0,0,0,0,0
05-adaptive-batch-104k-r0,use1-az4,15,1.001114842,428.122112,26710.0,2,0,0,0,0,0,0,0,0,0,0
05-adaptive-batch-104k-r0,use1-az4,16,1.000989854,427.413504,26675.0,1,0,0,0,0,0,0,0,0,0,0
05-adaptive-batch-104k-r0,use1-az4,17,1.0010153540000002,428.25728000000004,26748.0,1,0,0,0,0,0,0,0,0,0,0
05-adaptive-batch-104k-r0,use1-az4,18,1.001055418,427.204608,26680.0,1,0,0,0,0,0,0,0,0,0,0
05-adaptive-batch-104k-r0,use1-az4,19,1.000986817,425.14432,25378.0,1,0,0,0,0,0,0,0,0,0,0
05-adaptive-batch-104k-r0,use1-az4,20,1.001056082,427.67155199999996,26444.0,1,0,0,0,0,0,0,0,0,0,0
05-adaptive-batch-104k-r0,use1-az4,21,1.000954611,428.417024,26442.0,1,0,0,0,0,0,0,0,0,0,0
05-adaptive-batch-104k-r0,use1-az4,22,1.000904565,430.30528,26549.0,2,0,0,0,0,0,0,0,0,0,0
05-adaptive-batch-104k-r0,use1-az4,23,1.00091571,427.814912,26422.0,1,0,0,0,0,0,0,0,0,0,0
05-adaptive-batch-104k-r0,use1-az4,24,1.000923311,429.543424,26518.0,1,0,0,0,0,0,0,0,0,0,0
05-adaptive-batch-104k-r0,use1-az4,25,1.000918525,429.79328,26532.0,1,0,0,0,0,0,0,0,0,0,0
05-adaptive-batch-104k-r0,use1-az4,26,1.000892986,426.754048,26401.0,1,0,0,0,0,0,0,0,0,0,0
05-adaptive-batch-104k-r0,use1-az4,27,1.0009006839999999,424.665088,23786.0,62,0,0,0,0,0,0,0,0,0,0
05-adaptive-batch-104k-r0,use1-az4,28,1.0008788,413.216768,4314.0,121,0,693,0,0,0,0,0,0,0,0
05-adaptive-batch-104k-r0,use1-az4,29,1.0008510320000001,413.270016,3153.0,122,0,0,0,0,0,0,0,0,0,0
05-adaptive-batch-104k-r0,use1-az4,30,1.000845843,413.13894400000004,3152.0,122,0,0,0,0,0,0,0,0,0,0
05-adaptive-batch-104k-r0,use1-az4,31,1.000853547,413.401088,3154.0,122,0,0,0,0,0,0,0,0,0,0
05-adaptive-batch-104k-r0,use1-az4,32,1.000802642,413.1389439999999,3152.0,122,0,0,0,0,0,0,0,0,0,0
05-adaptive-batch-104k-r0,use1-az4,33,1.0008112509999998,413.270016,3153.0,122,0,0,0,0,0,0,0,0,0,0
05-adaptive-batch-104k-r0,use1-az4,34,1.000815356,413.270016,3153.0,122,0,0,0,0,0,0,0,0,0,0
05-adaptive-batch-104k-r0,use1-az4,35,1.00084685,413.27001600000006,3153.0,122,0,0,0,0,0,0,0,0,0,0
05-adaptive-batch-104k-r0,use1-az4,36,1.000815638,413.138944,3152.0,122,0,0,0,0,0,0,0,0,0,0
05-adaptive-batch-104k-r0,use1-az4,37,1.00083587,413.27001600000006,3153.0,122,0,0,0,0,0,0,0,0,0,0
05-adaptive-batch-104k-r0,use1-az4,38,1.0008212920000001,413.270016,3153.0,122,0,0,0,0,0,0,0,0,0,0
05-adaptive-batch-104k-r0,use1-az4,39,1.00084611,413.270016,3153.0,122,0,0,0,0,0,0,0,0,0,0
05-adaptive-batch-104k-r0,use1-az4,40,1.000809562,413.13894400000004,3152.0,122,0,0,0,0,0,0,0,0,0,0
05-adaptive-batch-104k-r0,use1-az4,41,1.000881898,413.401088,3154.0,122,0,0,0,0,0,0,0,0,0,0
05-adaptive-batch-104k-r0,use1-az4,42,1.000800712,413.138944,3152.0,122,0,0,0,0,0,0,0,0,0,0
05-adaptive-batch-104k-r0,use1-az4,43,1.000829826,413.27001600000006,3153.0,122,0,0,0,0,0,0,0,0,0,0
05-adaptive-batch-104k-r0,use1-az4,44,1.0009013370000002,413.270016,3153.0,123,0,0,0,0,0,0,0,0,0,0
05-adaptive-batch-104k-r0,use1-az4,45,1.0008867780000001,413.270016,3153.0,122,0,0,0,0,0,0,0,0,0,0
05-adaptive-batch-104k-r0,use1-az4,46,1.000960602,413.27001600000006,3153.0,122,0,0,0,0,0,0,0,0,0,0
05-adaptive-batch-104k-r0,use1-az4,47,1.0008441879999999,413.27001600000006,3153.0,122,0,0,0,0,0,0,0,0,0,0
05-adaptive-batch-104k-r0,use1-az4,48,1.000851932,413.270016,3153.0,122,0,0,0,0,0,0,0,0,0,0
05-adaptive-batch-104k-r0,use1-az4,49,1.000848551,413.270016,3153.0,122,0,0,0,0,0,0,0,0,0,0
05-adaptive-batch-104k-r0,use1-az4,50,1.0008528970000001,413.270016,3153.0,122,0,0,0,0,0,0,0,0,0,0
05-adaptive-batch-104k-r0,use1-az4,51,1.0007931010000002,413.138944,3152.0,123,0,0,0,0,0,0,0,0,0,0
05-adaptive-batch-104k-r0,use1-az4,52,1.0008244800000001,413.27001599999994,3153.0,122,0,0,0,0,0,0,0,0,0,0
05-adaptive-batch-104k-r0,use1-az4,53,1.0008299059999999,413.27001599999994,3153.0,122,0,0,0,0,0,0,0,0,0,0
05-adaptive-batch-104k-r0,use1-az4,54,1.00084463,413.27001599999994,3153.0,122,0,0,0,0,0,0,0,0,0,0
05-adaptive-batch-104k-r0,use1-az4,55,1.000845496,413.270016,3153.0,122,0,0,0,0,0,0,0,0,0,0
05-adaptive-batch-104k-r0,use1-az4,56,1.00083839,413.13894400000004,3152.0,122,0,0,0,0,0,0,0,0,0,0
05-adaptive-batch-104k-r0,use1-az4,57,1.0008565520000001,413.270016,3153.0,122,0,0,0,0,0,0,0,0,0,0
05-adaptive-batch-104k-r0,use1-az4,58,1.000845464,413.27001599999994,3153.0,122,0,0,0,0,0,0,0,0,0,0
05-adaptive-batch-104k-r0,use1-az4,59,1.000867098,413.27001599999994,3153.0,123,0,121,0,0,0,0,0,0,0,0
05-adaptive-batch-104k-r0,use1-az4,60,1.000824198,413.270016,3153.0,122,0,0,0,0,0,0,0,0,0,0
05-adaptive-batch-104k-r0,use1-az4,61,0.300260103,61.722624,471.0,121,0,0,0,0,0,0,0,0,0,0
06-baseline-network-15k-r0,use1-az1,-1,0.200133172,0.0,0.0,0,0,0,0,0,0,0,0,0,0,0
06-baseline-network-15k-r0,use1-az1,0,1.000864021,60.067840000000004,8219.0,0,0,0,0,0,0,0,0,0,0,0
06-baseline-network-15k-r0,use1-az1,1,1.0008691200000002,61.980672000000006,8483.0,0,0,0,0,0,0,0,0,0,0,0
06-baseline-network-15k-r0,use1-az1,2,1.0008912170000002,60.63718399999999,8310.0,1,0,0,0,0,0,0,0,0,0,0
06-baseline-network-15k-r0,use1-az1,3,1.000853727,60.27264,8314.0,1,0,0,0,0,0,0,0,0,0,0
06-baseline-network-15k-r0,use1-az1,4,1.0009577239999998,61.40723200000001,8436.0,0,0,0,0,0,0,0,0,0,0,0
06-baseline-network-15k-r0,use1-az1,5,1.0008673149999998,61.771775999999996,8440.0,1,0,0,0,0,0,0,0,0,0,0
06-baseline-network-15k-r0,use1-az1,6,1.000858778,61.878271999999996,8435.0,1,0,0,0,0,0,0,0,0,0,0
06-baseline-network-15k-r0,use1-az1,7,1.0009251739999998,61.005824,8372.0,1,0,0,0,0,0,0,0,0,0,0
06-baseline-network-15k-r0,use1-az1,8,1.000853969,61.440000000000005,8389.0,0,0,0,0,0,0,0,0,0,0,0
06-baseline-network-15k-r0,use1-az1,9,1.000929449,60.813312,8387.0,1,0,0,0,0,0,0,0,0,0,0
06-baseline-network-15k-r0,use1-az1,10,1.000901366,62.369792000000004,8484.0,0,0,0,0,0,0,0,0,0,0,0
06-baseline-network-15k-r0,use1-az1,11,1.0008763410000001,62.427136,8531.0,1,0,0,0,0,0,0,0,0,0,0
06-baseline-network-15k-r0,use1-az1,12,1.000906013,60.305408,8361.0,0,0,0,0,0,0,0,0,0,0,0
06-baseline-network-15k-r0,use1-az1,13,1.00087494,62.23872,8495.0,0,0,0,0,0,0,0,0,0,0,0
06-baseline-network-15k-r0,use1-az1,14,1.000887982,60.215295999999995,8404.0,0,0,0,0,0,0,0,0,0,0,0
06-baseline-network-15k-r0,use1-az1,15,1.000850769,61.11232,8382.0,0,0,0,0,0,0,0,0,0,0,0
06-baseline-network-15k-r0,use1-az1,16,1.000872019,62.43942399999999,8550.0,1,0,0,0,0,0,0,0,0,0,0
06-baseline-network-15k-r0,use1-az1,17,1.000891909,61.693952,8461.0,0,0,0,0,0,0,0,0,0,0,0
06-baseline-network-15k-r0,use1-az1,18,1.000908066,61.743104,8441.0,1,0,0,0,0,0,0,0,0,0,0
06-baseline-network-15k-r0,use1-az1,19,1.000921183,61.62022399999999,8446.0,1,0,0,0,0,0,0,0,0,0,0
06-baseline-network-15k-r0,use1-az1,20,1.0009112,62.062592,8477.0,0,0,0,0,0,0,0,0,0,0,0
06-baseline-network-15k-r0,use1-az1,21,1.000845733,61.693952,8448.0,0,0,0,0,0,0,0,0,0,0,0
06-baseline-network-15k-r0,use1-az1,22,1.0008875689999999,62.296064,8547.0,0,0,0,0,0,0,0,0,0,0,0
06-baseline-network-15k-r0,use1-az1,23,1.000884993,61.128704,8405.0,1,0,0,0,0,0,0,0,0,0,0
06-baseline-network-15k-r0,use1-az1,24,1.0007869070000002,61.771775999999996,8430.0,1,0,0,0,0,0,0,0,0,0,0
06-baseline-network-15k-r0,use1-az1,25,1.000820835,60.542975999999996,8318.0,2,0,0,0,0,0,0,0,0,0,0
06-baseline-network-15k-r0,use1-az1,26,1.00084554,61.304832000000005,8371.0,1,0,0,0,0,0,0,0,0,0,0
06-baseline-network-15k-r0,use1-az1,27,1.000837259,61.41952,8384.0,1,0,0,0,0,0,0,0,0,0,0
06-baseline-network-15k-r0,use1-az1,28,1.00081632,61.3376,8454.0,0,0,0,0,0,0,0,0,0,0,0
06-baseline-network-15k-r0,use1-az1,29,1.000822852,61.825024000000006,8466.0,0,0,0,0,0,0,0,0,0,0,0
06-baseline-network-15k-r0,use1-az1,30,1.000875733,62.287872,8456.0,1,0,0,0,0,0,0,0,0,0,0
06-baseline-network-15k-r0,use1-az1,31,1.0008189779999999,61.313024,8412.0,1,0,0,0,0,0,0,0,0,0,0
06-baseline-network-15k-r0,use1-az1,32,0.9007494559999999,55.201792000000005,7567.0,1,0,0,0,0,0,0,0,0,0,0
06-baseline-network-15k-r0,use1-az1,33,1.000863652,61.97248,8497.0,0,0,0,0,0,0,0,0,0,0,0
06-baseline-network-15k-r0,use1-az1,34,1.000877237,62.025727999999994,8467.0,1,0,0,0,0,0,0,0,0,0,0
06-baseline-network-15k-r0,use1-az1,35,1.000812958,61.50553600000001,8490.0,1,0,0,0,0,0,0,0,0,0,0
06-baseline-network-15k-r0,use1-az1,36,1.00083874,61.78815999999999,8472.0,0,0,0,0,0,0,0,0,0,0,0
06-baseline-network-15k-r0,use1-az1,37,1.0008372180000003,62.111743999999995,8477.0,2,0,0,0,0,0,0,0,0,0,0
06-baseline-network-15k-r0,use1-az1,38,1.0008154310000001,61.169664,8393.0,0,0,0,0,0,0,0,0,0,0,0
06-baseline-network-15k-r0,use1-az1,39,1.000855101,61.784064,8459.0,1,0,0,0,0,0,0,0,0,0,0
06-baseline-network-15k-r0,use1-az1,40,1.0008318630000002,60.854272,8384.0,1,0,0,0,0,0,0,0,0,0,0
06-baseline-network-15k-r0,use1-az1,41,1.000825609,60.97305599999999,8348.0,0,0,0,0,0,0,0,0,0,0,0
06-baseline-network-15k-r0,use1-az1,42,1.00077006,61.76767999999999,8466.0,0,0,0,0,0,0,0,0,0,0,0
06-baseline-network-15k-r0,use1-az1,43,1.0008150519999999,61.403136,8478.0,0,0,0,0,0,0,0,0,0,0,0
06-baseline-network-15k-r0,use1-az1,44,1.0008101880000002,62.251008,8513.0,1,0,0,0,0,0,0,0,0,0,0
06-baseline-network-15k-r0,use1-az1,45,1.000812128,62.038016,8478.0,1,0,0,0,0,0,0,0,0,0,0
06-baseline-network-15k-r0,use1-az1,46,1.000782852,61.743103999999995,8389.0,0,0,0,0,0,0,0,0,0,0,0
06-baseline-network-15k-r0,use1-az1,47,1.0007976520000001,61.243392,8359.0,1,0,0,0,0,0,0,0,0,0,0
06-baseline-network-15k-r0,use1-az1,48,1.0007879450000001,61.390848,8445.0,2,0,0,0,0,0,0,0,0,0,0
06-baseline-network-15k-r0,use1-az1,49,1.000780419,61.64070399999999,8366.0,0,0,0,0,0,0,0,0,0,0,0
06-baseline-network-15k-r0,use1-az1,50,1.000783479,61.11641600000001,8471.0,0,0,0,0,0,0,0,0,0,0,0
06-baseline-network-15k-r0,use1-az1,51,1.000792629,61.321216,8397.0,3,0,0,0,0,0,0,0,0,0,0
06-baseline-network-15k-r0,use1-az1,52,1.000872912,61.566976000000004,8463.0,1,0,0,0,0,0,0,0,0,0,0
06-baseline-network-15k-r0,use1-az1,53,1.000838717,61.894656000000005,8447.0,0,0,0,0,0,0,0,0,0,0,0
06-baseline-network-15k-r0,use1-az1,54,1.0008740820000002,60.358655999999996,8351.0,2,0,0,0,0,0,0,0,0,0,0
06-baseline-network-15k-r0,use1-az1,55,1.000882799,60.95257599999999,8438.0,1,0,0,0,0,0,0,0,0,0,0
06-baseline-network-15k-r0,use1-az1,56,1.0008653170000001,61.288448,8494.0,1,0,0,0,0,0,0,0,0,0,0
06-baseline-network-15k-r0,use1-az1,57,1.0008874060000001,61.939712,8444.0,1,0,0,0,0,0,0,0,0,0,0
06-baseline-network-15k-r0,use1-az1,58,1.00086212,62.0544,8451.0,1,0,0,0,0,0,0,0,0,0,0
06-baseline-network-15k-r0,use1-az1,59,1.000865317,61.42771199999999,8416.0,1,0,0,0,0,0,0,0,0,0,0
06-baseline-network-15k-r0,use1-az1,60,0.100085969,3.190784,434.00000000000006,0,0,0,0,0,0,0,0,0,0,0
06-baseline-network-15k-r0,use1-az2,-1,0.100070963,0.0,0.0,0,0,0,0,0,0,0,0,0,0,0
06-baseline-network-15k-r0,use1-az2,0,1.0009153779999997,57.069568,7818.0,0,0,0,0,0,0,0,0,0,0,0
06-baseline-network-15k-r0,use1-az2,1,1.000996145,62.17728,8498.0,1,0,0,0,0,0,0,0,0,0,0
06-baseline-network-15k-r0,use1-az2,2,1.000979603,60.379135999999995,8281.0,1,0,0,0,0,0,0,0,0,0,0
06-baseline-network-15k-r0,use1-az2,3,1.000949654,60.555264,8343.0,1,0,0,0,0,0,0,0,0,0,0
06-baseline-network-15k-r0,use1-az2,4,1.0009289490000002,61.165568,8412.0,1,0,0,0,0,0,0,0,0,0,0
06-baseline-network-15k-r0,use1-az2,5,1.000937631,61.804544,8441.0,1,0,0,0,0,0,0,0,0,0,0
06-baseline-network-15k-r0,use1-az2,6,1.000909754,61.890559999999994,8439.0,1,0,0,0,0,0,0,0,0,0,0
06-baseline-network-15k-r0,use1-az2,7,1.000863111,60.960767999999995,8359.0,1,0,0,0,0,0,0,0,0,0,0
06-baseline-network-15k-r0,use1-az2,8,1.000943204,61.497344000000005,8405.0,0,0,0,0,0,0,0,0,0,0,0
06-baseline-network-15k-r0,use1-az2,9,1.0009348580000001,60.932096,8400.0,1,0,0,0,0,0,0,0,0,0,0
06-baseline-network-15k-r0,use1-az2,10,1.000934443,62.169088,8460.0,1,0,0,0,0,0,0,0,0,0,0
06-baseline-network-15k-r0,use1-az2,11,1.000977961,62.599168,8558.0,1,0,0,0,0,0,0,0,0,0,0
06-baseline-network-15k-r0,use1-az2,12,1.000960814,60.39551999999999,8356.0,1,0,0,0,0,0,0,0,0,0,0
06-baseline-network-15k-r0,use1-az2,13,1.00092344,62.099456,8480.0,1,0,0,0,0,0,0,0,0,0,0
06-baseline-network-15k-r0,use1-az2,14,1.0009179099999999,60.293119999999995,8415.0,1,0,0,0,0,0,0,0,0,0,0
06-baseline-network-15k-r0,use1-az2,15,1.0009136250000001,61.054976,8392.0,0,0,0,0,0,0,0,0,0,0,0
06-baseline-network-15k-r0,use1-az2,16,1.000917386,62.406656,8541.0,2,0,0,0,0,0,0,0,0,0,0
06-baseline-network-15k-r0,use1-az2,17,1.0009384209999999,61.648896,8456.0,1,0,0,0,0,0,0,0,0,0,0
06-baseline-network-15k-r0,use1-az2,18,1.000945992,61.632512,8433.0,1,0,0,0,0,0,0,0,0,0,0
06-baseline-network-15k-r0,use1-az2,19,1.000870826,61.7472,8456.0,1,0,0,0,0,0,0,0,0,0,0
06-baseline-network-15k-r0,use1-az2,20,1.000921689,62.058496000000005,8477.0,1,0,0,0,0,0,0,0,0,0,0
06-baseline-network-15k-r0,use1-az2,21,1.000935696,61.710336,8446.0,1,0,0,0,0,0,0,0,0,0,0
06-baseline-network-15k-r0,use1-az2,22,1.000890841,62.361599999999996,8548.0,1,0,0,0,0,0,0,0,0,0,0
06-baseline-network-15k-r0,use1-az2,23,1.00087888,61.382656,8432.0,1,0,0,0,0,0,0,0,0,0,0
06-baseline-network-15k-r0,use1-az2,24,1.000853494,61.550592,8403.0,1,0,0,0,0,0,0,0,0,0,0
06-baseline-network-15k-r0,use1-az2,25,1.000880645,60.416000000000004,8315.0,1,0,0,0,0,0,0,0,0,0,0
06-baseline-network-15k-r0,use1-az2,26,1.000830007,61.464575999999994,8379.0,1,0,0,0,0,0,0,0,0,0,0
06-baseline-network-15k-r0,use1-az2,27,1.000873847,61.288448,8379.0,1,0,0,0,0,0,0,0,0,0,0
06-baseline-network-15k-r0,use1-az2,28,1.000857444,61.321216,8460.0,1,0,0,0,0,0,0,0,0,0,0
06-baseline-network-15k-r0,use1-az2,29,1.000857273,61.878272,8460.0,1,0,0,0,0,0,0,0,0,0,0
06-baseline-network-15k-r0,use1-az2,30,1.000859644,62.242816000000005,8455.0,1,0,0,0,0,0,0,0,0,0,0
06-baseline-network-15k-r0,use1-az2,31,1.000856352,61.68576,8438.0,1,0,0,0,0,0,0,0,0,0,0
06-baseline-network-15k-r0,use1-az2,32,1.0008653760000001,61.07545600000001,8390.0,1,0,0,0,0,0,0,0,0,0,0
06-baseline-network-15k-r0,use1-az2,33,1.000888767,61.96838399999999,8497.0,0,0,0,0,0,0,0,0,0,0,0
06-baseline-network-15k-r0,use1-az2,34,1.000853835,62.01344000000001,8468.0,1,0,0,0,0,0,0,0,0,0,0
06-baseline-network-15k-r0,use1-az2,35,1.000833122,61.41952,8480.0,1,0,0,0,0,0,0,0,0,0,0
06-baseline-network-15k-r0,use1-az2,36,1.0008272640000002,62.11584,8509.0,2,0,0,0,0,0,0,0,0,0,0
06-baseline-network-15k-r0,use1-az2,37,1.00083205,61.730816,8443.0,1,0,0,0,0,0,0,0,0,0,0
06-baseline-network-15k-r0,use1-az2,38,1.000828348,61.374464,8404.0,1,0,0,0,0,0,0,0,0,0,0
06-baseline-network-15k-r0,use1-az2,39,1.0008340660000001,61.607935999999995,8460.0,2,0,0,0,0,0,0,0,0,0,0
06-baseline-network-15k-r0,use1-az2,40,1.000829966,60.960768,8368.0,2,0,0,0,0,0,0,0,0,0,0
06-baseline-network-15k-r0,use1-az2,41,1.000840575,60.82150399999999,8334.0,0,0,0,0,0,0,0,0,0,0,0
06-baseline-network-15k-r0,use1-az2,42,1.000830536,62.03801599999999,8487.0,2,0,0,0,0,0,0,0,0,0,0
06-baseline-network-15k-r0,use1-az2,43,1.000816787,61.161472,8477.0,0,0,0,0,0,0,0,0,0,0,0
06-baseline-network-15k-r0,use1-az2,44,1.00084072,62.30016000000001,8513.0,1,0,0,0,0,0,0,0,0,0,0
06-baseline-network-15k-r0,use1-az2,45,1.000831182,62.300160000000005,8500.0,1,0,0,0,0,0,0,0,0,0,0
06-baseline-network-15k-r0,use1-az2,46,1.000863397,61.673472,8371.0,1,0,0,0,0,0,0,0,0,0,0
06-baseline-network-15k-r0,use1-az2,47,1.000960692,61.181951999999995,8388.0,0,0,0,0,0,0,0,0,0,0,0
06-baseline-network-15k-r0,use1-az2,48,1.000981827,61.353984,8418.0,1,0,0,0,0,0,0,0,0,0,0
06-baseline-network-15k-r0,use1-az2,49,1.000935017,61.734911999999994,8381.0,2,0,0,0,0,0,0,0,0,0,0
06-baseline-network-15k-r0,use1-az2,50,1.000964094,60.993536,8457.0,1,0,0,0,0,0,0,0,0,0,0
06-baseline-network-15k-r0,use1-az2,51,1.000913046,61.423616,8401.0,1,0,0,0,0,0,0,0,0,0,0
06-baseline-network-15k-r0,use1-az2,52,1.0009888359999999,61.76358400000001,8475.0,1,0,0,0,0,0,0,0,0,0,0
06-baseline-network-15k-r0,use1-az2,53,1.0009690349999998,61.607935999999995,8427.0,1,0,0,0,0,0,0,0,0,0,0
06-baseline-network-15k-r0,use1-az2,54,1.000948099,60.239872,8338.0,1,0,0,0,0,0,0,0,0,0,0
06-baseline-network-15k-r0,use1-az2,55,1.000945046,61.128704,8460.0,1,0,0,0,0,0,0,0,0,0,0
06-baseline-network-15k-r0,use1-az2,56,1.000963016,61.353984000000004,8507.0,0,0,0,0,0,0,0,0,0,0,0
06-baseline-network-15k-r0,use1-az2,57,1.0009705850000001,62.025727999999994,8456.0,0,0,0,0,0,0,0,0,0,0,0
06-baseline-network-15k-r0,use1-az2,58,1.000973751,61.69804800000001,8410.0,1,0,0,0,0,0,0,0,0,0,0
06-baseline-network-15k-r0,use1-az2,59,1.000969373,61.493247999999994,8408.0,2,0,0,0,0,0,0,0,0,0,0
06-baseline-network-15k-r0,use1-az4,-1,0.100080612,0.0,0.0,0,0,0,0,0,0,0,0,0,0,0
06-baseline-network-15k-r0,use1-az4,0,1.0008851570000001,60.17433599999999,8227.0,0,0,0,0,0,0,0,0,0,0,0
06-baseline-network-15k-r0,use1-az4,1,1.00087275,61.980672,8487.0,0,0,0,0,0,0,0,0,0,0,0
06-baseline-network-15k-r0,use1-az4,2,1.0008982469999999,60.624896,8310.0,1,0,0,0,0,0,0,0,0,0,0
06-baseline-network-15k-r0,use1-az4,3,1.000910178,60.33408,8312.0,1,0,0,0,0,0,0,0,0,0,0
06-baseline-network-15k-r0,use1-az4,4,1.000926549,61.382656,8437.0,1,0,0,0,0,0,0,0,0,0,0
06-baseline-network-15k-r0,use1-az4,5,1.000863272,61.751295999999996,8438.0,0,0,0,0,0,0,0,0,0,0,0
06-baseline-network-15k-r0,use1-az4,6,1.000909767,61.886464000000004,8434.0,1,0,0,0,0,0,0,0,0,0,0
06-baseline-network-15k-r0,use1-az4,7,1.0008759280000001,60.94848,8369.0,0,0,0,0,0,0,0,0,0,0,0
06-baseline-network-15k-r0,use1-az4,8,1.00080173,61.530112,8396.0,1,0,0,0,0,0,0,0,0,0,0
06-baseline-network-15k-r0,use1-az4,9,1.0008064730000001,60.747775999999995,8380.0,1,0,0,0,0,0,0,0,0,0,0
06-baseline-network-15k-r0,use1-az4,10,1.0008589430000001,62.353407999999995,8484.0,1,0,0,0,0,0,0,0,0,0,0
06-baseline-network-15k-r0,use1-az4,11,1.0008305600000003,62.44352,8530.0,0,0,0,0,0,0,0,0,0,0,0
06-baseline-network-15k-r0,use1-az4,12,1.000833816,60.313599999999994,8362.0,0,0,0,0,0,0,0,0,0,0,0
06-baseline-network-15k-r0,use1-az4,13,1.00079428,62.263296,8497.0,1,0,0,0,0,0,0,0,0,0,0
06-baseline-network-15k-r0,use1-az4,14,1.000790794,60.186623999999995,8402.0,1,0,0,0,0,0,0,0,0,0,0
06-baseline-network-15k-r0,use1-az4,15,1.000811702,61.095935999999995,8380.0,1,0,0,0,0,0,0,0,0,0,0
06-baseline-network-15k-r0,use1-az4,16,1.000838517,62.464,8552.0,1,0,0,0,0,0,0,0,0,0,0
06-baseline-network-15k-r0,use1-az4,17,1.000812757,61.689856,8462.0,0,0,0,0,0,0,0,0,0,0,0
06-baseline-network-15k-r0,use1-az4,18,1.000795484,61.69804799999999,8435.0,1,0,0,0,0,0,0,0,0,0,0
06-baseline-network-15k-r0,use1-az4,19,1.000798438,61.632512,8448.0,1,0,0,0,0,0,0,0,0,0,0
06-baseline-network-15k-r0,use1-az4,20,1.000788068,62.01753600000001,8472.0,1,0,0,0,0,0,0,0,0,0,0
06-baseline-network-15k-r0,use1-az4,21,1.000800605,61.72672,8451.0,1,0,0,0,0,0,0,0,0,0,0
06-baseline-network-15k-r0,use1-az4,22,1.000784344,62.267391999999994,8543.0,1,0,0,0,0,0,0,0,0,0,0
06-baseline-network-15k-r0,use1-az4,23,1.0007949809999999,61.140992,8406.0,1,0,0,0,0,0,0,0,0,0,0
06-baseline-network-15k-r0,use1-az4,24,1.0007960839999999,61.759488,8430.0,1,0,0,0,0,0,0,0,0,0,0
06-baseline-network-15k-r0,use1-az4,25,1.0007987889999999,60.559360000000005,8318.0,1,0,0,0,0,0,0,0,0,0,0
06-baseline-network-15k-r0,use1-az4,26,1.00080317,61.292544,8370.0,1,0,0,0,0,0,0,0,0,0,0
06-baseline-network-15k-r0,use1-az4,27,1.000784715,61.415423999999994,8385.0,1,0,0,0,0,0,0,0,0,0,0
06-baseline-network-15k-r0,use1-az4,28,1.0008078889999998,61.329408,8452.0,1,0,0,0,0,0,0,0,0,0,0
06-baseline-network-15k-r0,use1-az4,29,1.00078577,61.85369599999999,8468.0,1,0,0,0,0,0,0,0,0,0,0
06-baseline-network-15k-r0,use1-az4,30,1.000797211,62.279680000000006,8456.0,1,0,0,0,0,0,0,0,0,0,0
06-baseline-network-15k-r0,use1-az4,31,1.000829588,61.30483199999999,8411.0,1,0,0,0,0,0,0,0,0,0,0
06-baseline-network-15k-r0,use1-az4,32,0.9007229499999999,55.185408,7566.0,1,0,0,0,0,0,0,0,0,0,0
06-baseline-network-15k-r0,use1-az4,33,1.0008025400000002,61.968384,8496.0,0,0,0,0,0,0,0,0,0,0,0
06-baseline-network-15k-r0,use1-az4,34,1.0008049069999998,62.033919999999995,8468.0,1,0,0,0,0,0,0,0,0,0,0
06-baseline-network-15k-r0,use1-az4,35,1.000832782,61.493247999999994,8488.0,1,0,0,0,0,0,0,0,0,0,0
06-baseline-network-15k-r0,use1-az4,36,1.000806427,61.80454400000001,8473.0,1,0,0,0,0,0,0,0,0,0,0
06-baseline-network-15k-r0,use1-az4,37,1.000801878,62.12403199999999,8479.0,0,0,0,0,0,0,0,0,0,0,0
06-baseline-network-15k-r0,use1-az4,38,1.0008041909999998,61.140992000000004,8387.0,1,0,0,0,0,0,0,0,0,0,0
06-baseline-network-15k-r0,use1-az4,39,1.000787737,61.784063999999994,8459.0,0,0,0,0,0,0,0,0,0,0,0
06-baseline-network-15k-r0,use1-az4,40,1.0008281680000002,60.85427200000001,8384.0,0,0,0,0,0,0,0,0,0,0,0
06-baseline-network-15k-r0,use1-az4,41,1.0007979120000001,60.977152,8349.0,1,0,0,0,0,0,0,0,0,0,0
06-baseline-network-15k-r0,use1-az4,42,1.000790943,61.763583999999994,8465.0,1,0,0,0,0,0,0,0,0,0,0
06-baseline-network-15k-r0,use1-az4,43,1.000805876,61.38675199999999,8476.0,1,0,0,0,0,0,0,0,0,0,0
06-baseline-network-15k-r0,use1-az4,44,1.000775841,62.27968,8517.0,1,0,0,0,0,0,0,0,0,0,0
06-baseline-network-15k-r0,use1-az4,45,1.000810945,62.025727999999994,8476.0,1,0,0,0,0,0,0,0,0,0,0
06-baseline-network-15k-r0,use1-az4,46,1.000770574,61.734912,8388.0,0,0,0,0,0,0,0,0,0,0,0
06-baseline-network-15k-r0,use1-az4,47,1.0008114369999999,61.251583999999994,8360.0,0,0,0,0,0,0,0,0,0,0,0
06-baseline-network-15k-r0,use1-az4,48,1.0008242360000001,61.390848000000005,8445.0,1,0,0,0,0,0,0,0,0,0,0
06-baseline-network-15k-r0,use1-az4,49,1.000808654,61.640704000000014,8366.0,1,0,0,0,0,0,0,0,0,0,0
06-baseline-network-15k-r0,use1-az4,50,1.000792296,61.120512000000005,8471.0,1,0,0,0,0,0,0,0,0,0,0
06-baseline-network-15k-r0,use1-az4,51,1.0008043979999999,61.329407999999994,8399.0,1,0,0,0,0,0,0,0,0,0,0
06-baseline-network-15k-r0,use1-az4,52,1.000797821,61.554688,8461.0,1,0,0,0,0,0,0,0,0,0,0
06-baseline-network-15k-r0,use1-az4,53,1.000790726,61.890559999999994,8446.0,1,0,0,0,0,0,0,0,0,0,0
06-baseline-network-15k-r0,use1-az4,54,1.0007465739999999,60.36275200000001,8352.0,1,0,0,0,0,0,0,0,0,0,0
06-baseline-network-15k-r0,use1-az4,55,1.0008191029999998,60.91161600000001,8432.0,1,0,0,0,0,0,0,0,0,0,0
06-baseline-network-15k-r0,use1-az4,56,1.000829494,61.325312000000004,8499.0,1,0,0,0,0,0,0,0,0,0,0
06-baseline-network-15k-r0,use1-az4,57,1.000819901,61.91923200000001,8441.0,0,0,0,0,0,0,0,0,0,0,0
06-baseline-network-15k-r0,use1-az4,58,1.00083236,62.050304000000004,8451.0,0,0,0,0,0,0,0,0,0,0,0
06-baseline-network-15k-r0,use1-az4,59,1.000802413,61.39904,8414.0,1,0,0,0,0,0,0,0,0,0,0
06-baseline-network-15k-r0,use1-az4,60,0.100584626,3.248128,440.0,0,0,0,0,0,0,0,0,0,0,0
07-below-cliff-90k-r1,use1-az1,-1,0.30019735,0.0,0.0,0,0,0,0,0,0,0,0,0,0,0
07-below-cliff-90k-r1,use1-az1,0,1.0009573500000002,351.1787519999999,22570.0,3,0,0,0,0,0,0,0,0,0,0
07-below-cliff-90k-r1,use1-az1,1,1.000997645,370.89689599999997,23831.0,3,0,0,0,0,0,0,0,0,0,0
07-below-cliff-90k-r1,use1-az1,2,1.000925518,368.406528,23680.0,2,0,0,0,0,0,0,0,0,0,0
07-below-cliff-90k-r1,use1-az1,3,1.000966045,368.513024,23703.0,2,0,0,0,0,0,0,0,0,0,0
07-below-cliff-90k-r1,use1-az1,4,1.000924054,366.33395200000007,23616.0,2,0,0,0,0,0,0,0,0,0,0
07-below-cliff-90k-r1,use1-az1,5,1.000934115,370.352128,23819.0,1,0,0,0,0,0,0,0,0,0,0
07-below-cliff-90k-r1,use1-az1,6,1.000863137,368.979968,23751.0,2,0,0,0,0,0,0,0,0,0,0
07-below-cliff-90k-r1,use1-az1,7,1.0009431659999999,367.25964799999997,23657.0,2,0,0,0,0,0,0,0,0,0,0
07-below-cliff-90k-r1,use1-az1,8,1.000971031,370.552832,23849.0,3,0,0,0,0,0,0,0,0,0,0
07-below-cliff-90k-r1,use1-az1,9,1.00086717,368.30412800000005,23671.0,2,0,0,0,0,0,0,0,0,0,0
07-below-cliff-90k-r1,use1-az1,10,1.000886637,369.23392,23675.0,1,0,0,0,0,0,0,0,0,0,0
07-below-cliff-90k-r1,use1-az1,11,1.000940815,370.438144,23798.0,1,0,0,0,0,0,0,0,0,0,0
07-below-cliff-90k-r1,use1-az1,12,1.000897501,368.94310399999995,23709.0,3,0,0,0,0,0,0,0,0,0,0
07-below-cliff-90k-r1,use1-az1,13,1.0009243110000001,370.786304,23838.0,2,0,0,0,0,0,0,0,0,0,0
07-below-cliff-90k-r1,use1-az1,14,1.000923183,367.8167040000001,23637.0,1,0,0,0,0,0,0,0,0,0,0
07-below-cliff-90k-r1,use1-az1,15,1.0010237849999999,369.2994560000001,23706.0,2,0,0,0,0,0,0,0,0,0,0
07-below-cliff-90k-r1,use1-az1,16,1.000906699,369.70905600000003,23739.0,1,0,0,0,0,0,0,0,0,0,0
07-below-cliff-90k-r1,use1-az1,17,1.000995977,367.98054399999995,23618.0,3,0,0,0,0,0,0,0,0,0,0
07-below-cliff-90k-r1,use1-az1,18,1.00103584,369.647616,23733.0,2,0,0,0,0,0,0,0,0,0,0
07-below-cliff-90k-r1,use1-az1,19,1.000947494,369.24211199999996,23722.0,2,0,0,0,0,0,0,0,0,0,0
07-below-cliff-90k-r1,use1-az1,20,1.001062325,371.47443200000004,23854.0,2,0,0,0,0,0,0,0,0,0,0
07-below-cliff-90k-r1,use1-az1,21,1.000953178,368.88576,23699.0,2,0,0,0,0,0,0,0,0,0,0
07-below-cliff-90k-r1,use1-az1,22,1.000924988,366.546944,23582.0,2,0,0,0,0,0,0,0,0,0,0
07-below-cliff-90k-r1,use1-az1,23,1.0009455260000002,368.7505919999999,23683.0,2,0,0,0,0,0,0,0,0,0,0
07-below-cliff-90k-r1,use1-az1,24,1.0009476899999998,367.57094400000005,23647.0,2,0,0,0,0,0,0,0,0,0,0
07-below-cliff-90k-r1,use1-az1,25,1.000958984,370.69209600000005,23791.0,0,0,0,0,0,0,0,0,0,0,0
07-below-cliff-90k-r1,use1-az1,26,1.000923517,367.88223999999997,23666.0,2,0,0,0,0,0,0,0,0,0,0
07-below-cliff-90k-r1,use1-az1,27,1.000930064,369.11923199999995,23726.0,1,0,0,0,0,0,0,0,0,0,0
07-below-cliff-90k-r1,use1-az1,28,1.000922833,367.521792,23671.0,1,0,0,0,0,0,0,0,0,0,0
07-below-cliff-90k-r1,use1-az1,29,1.000917752,367.6569600000001,23648.0,2,0,0,0,0,0,0,0,0,0,0
07-below-cliff-90k-r1,use1-az1,30,1.000990402,369.84422400000005,23720.0,2,0,0,0,0,0,0,0,0,0,0
07-below-cliff-90k-r1,use1-az1,31,1.0015412479999999,369.52473599999996,23727.0,3,0,0,0,0,0,0,0,0,0,0
07-below-cliff-90k-r1,use1-az1,32,1.000956717,368.36556799999994,23661.0,2,0,0,0,0,0,0,0,0,0,0
07-below-cliff-90k-r1,use1-az1,33,1.0009461270000002,371.22048000000007,23808.0,3,0,0,0,0,0,0,0,0,0,0
07-below-cliff-90k-r1,use1-az1,34,1.000941969,370.11046400000004,23735.0,2,0,0,0,0,0,0,0,0,0,0
07-below-cliff-90k-r1,use1-az1,35,1.000896088,370.102272,23749.0,2,0,0,0,0,0,0,0,0,0,0
07-below-cliff-90k-r1,use1-az1,36,1.000906346,368.545792,23689.0,2,0,0,0,0,0,0,0,0,0,0
07-below-cliff-90k-r1,use1-az1,37,1.0008755360000001,369.39366399999994,23685.0,3,0,0,0,0,0,0,0,0,0,0
07-below-cliff-90k-r1,use1-az1,38,1.000903015,366.46502399999997,23554.0,3,0,0,0,0,0,0,0,0,0,0
07-below-cliff-90k-r1,use1-az1,39,1.00093907,369.3076480000001,23699.0,2,0,0,0,0,0,0,0,0,0,0
07-below-cliff-90k-r1,use1-az1,40,1.000880517,367.06304000000006,23650.0,0,0,0,0,0,0,0,0,0,0,0
07-below-cliff-90k-r1,use1-az1,41,1.000820512,368.934912,23739.0,2,0,0,0,0,0,0,0,0,0,0
07-below-cliff-90k-r1,use1-az1,42,1.000898303,367.52179199999995,23677.0,2,0,0,0,0,0,0,0,0,0,0
07-below-cliff-90k-r1,use1-az1,43,1.000785829,369.41414399999996,23769.0,4,0,0,0,0,0,0,0,0,0,0
07-below-cliff-90k-r1,use1-az1,44,1.0007856160000002,369.84832000000006,23772.0,2,0,0,0,0,0,0,0,0,0,0
07-below-cliff-90k-r1,use1-az1,45,0.900899576,332.64435199999997,21391.0,2,0,0,0,0,0,0,0,0,0,0
07-below-cliff-90k-r1,use1-az1,46,1.0010358990000001,369.987584,23788.0,2,0,0,0,0,0,0,0,0,0,0
07-below-cliff-90k-r1,use1-az1,47,1.0010574520000002,367.34975999999995,23655.0,3,0,0,0,0,0,0,0,0,0,0
07-below-cliff-90k-r1,use1-az1,48,1.000996759,368.0256,23719.0,2,0,0,0,0,0,0,0,0,0,0
07-below-cliff-90k-r1,use1-az1,49,1.001046337,369.41823999999997,23787.0,0,0,0,0,0,0,0,0,0,0,0
07-below-cliff-90k-r1,use1-az1,50,1.001032855,370.02035199999995,23735.0,2,0,0,0,0,0,0,0,0,0,0
07-below-cliff-90k-r1,use1-az1,51,1.001009049,369.836032,23704.0,2,0,0,0,0,0,0,0,0,0,0
07-below-cliff-90k-r1,use1-az1,52,1.0010240289999999,369.893376,23762.0,2,0,0,0,0,0,0,0,0,0,0
07-below-cliff-90k-r1,use1-az1,53,1.0009376370000003,367.587328,23605.0,3,0,0,0,0,0,0,0,0,0,0
07-below-cliff-90k-r1,use1-az1,54,1.000972796,367.44806400000004,23617.0,0,0,0,0,0,0,0,0,0,0,0
07-below-cliff-90k-r1,use1-az1,55,1.0009456089999997,369.27078400000005,23705.0,2,0,0,0,0,0,0,0,0,0,0
07-below-cliff-90k-r1,use1-az1,56,1.000981516,370.08179200000006,23715.0,2,0,0,0,0,0,0,0,0,0,0
07-below-cliff-90k-r1,use1-az1,57,1.00095532,368.64819199999994,23676.0,3,0,0,0,0,0,0,0,0,0,0
07-below-cliff-90k-r1,use1-az1,58,1.000954836,370.33574400000003,23773.0,2,0,0,0,0,0,0,0,0,0,0
07-below-cliff-90k-r1,use1-az1,59,1.000939074,371.60550399999994,23802.0,4,0,0,0,0,0,0,0,0,0,0
07-below-cliff-90k-r1,use1-az1,60,0.100501776,30.609408000000002,1979.0,0,0,0,0,0,0,0,0,0,0,0
07-below-cliff-90k-r1,use1-az2,-1,0.300200778,0.0,0.0,0,0,0,0,0,0,0,0,0,0,0
07-below-cliff-90k-r1,use1-az2,0,1.000723981,350.498816,22524.0,2,0,0,0,0,0,0,0,0,0,0
07-below-cliff-90k-r1,use1-az2,1,1.000742763,370.72896,23820.0,2,0,0,0,0,0,0,0,0,0,0
07-below-cliff-90k-r1,use1-az2,2,1.0007852499999998,368.304128,23677.0,3,0,0,0,0,0,0,0,0,0,0
07-below-cliff-90k-r1,use1-az2,3,1.0010481569999998,368.70963200000006,23713.0,0,0,0,0,0,0,0,0,0,0,0
07-below-cliff-90k-r1,use1-az2,4,1.0011811,366.460928,23625.0,3,0,0,0,0,0,0,0,0,0,0
07-below-cliff-90k-r1,use1-az2,5,1.001165191,370.352128,23820.0,2,0,0,0,0,0,0,0,0,0,0
07-below-cliff-90k-r1,use1-az2,6,1.0011129870000002,369.01683199999997,23754.0,2,0,0,0,0,0,0,0,0,0,0
07-below-cliff-90k-r1,use1-az2,7,1.001245779,367.57094400000005,23676.0,2,0,0,0,0,0,0,0,0,0,0
07-below-cliff-90k-r1,use1-az2,8,1.001207399,370.593792,23852.0,2,0,0,0,0,0,0,0,0,0,0
07-below-cliff-90k-r1,use1-az2,9,1.001209485,368.30003200000004,23671.0,2,0,0,0,0,0,0,0,0,0,0
07-below-cliff-90k-r1,use1-az2,10,1.001103758,369.33222400000005,23680.0,1,0,0,0,0,0,0,0,0,0,0
07-below-cliff-90k-r1,use1-az2,11,1.001181547,370.59788799999995,23808.0,2,0,0,0,0,0,0,0,0,0,0
07-below-cliff-90k-r1,use1-az2,12,1.001195032,368.86528000000004,23705.0,2,0,0,0,0,0,0,0,0,0,0
07-below-cliff-90k-r1,use1-az2,13,1.0007460289999999,370.6757119999999,23831.0,3,0,0,0,0,0,0,0,0,0,0
07-below-cliff-90k-r1,use1-az2,14,1.00073735,367.878144,23641.0,1,0,0,0,0,0,0,0,0,0,0
07-below-cliff-90k-r1,use1-az2,15,1.000729972,369.03321600000004,23689.0,2,0,0,0,0,0,0,0,0,0,0
07-below-cliff-90k-r1,use1-az2,16,1.000723314,369.64761599999997,23734.0,1,0,0,0,0,0,0,0,0,0,0
07-below-cliff-90k-r1,use1-az2,17,1.0007312560000001,368.062464,23624.0,1,0,0,0,0,0,0,0,0,0,0
07-below-cliff-90k-r1,use1-az2,18,1.000734317,369.43052800000004,23719.0,2,0,0,0,0,0,0,0,0,0,0
07-below-cliff-90k-r1,use1-az2,19,1.000743376,369.15199999999993,23717.0,4,0,0,0,0,0,0,0,0,0,0
07-below-cliff-90k-r1,use1-az2,20,1.0007206979999999,371.306496,23843.0,2,0,0,0,0,0,0,0,0,0,0
07-below-cliff-90k-r1,use1-az2,21,1.0007329680000001,368.83660799999996,23695.0,2,0,0,0,0,0,0,0,0,0,0
07-below-cliff-90k-r1,use1-az2,22,1.000759207,366.63296,23588.0,2,0,0,0,0,0,0,0,0,0,0
07-below-cliff-90k-r1,use1-az2,23,1.0010336770000001,368.758784,23684.0,1,0,0,0,0,0,0,0,0,0,0
07-below-cliff-90k-r1,use1-az2,24,1.001203749,367.65696,23652.0,2,0,0,0,0,0,0,0,0,0,0
07-below-cliff-90k-r1,use1-az2,25,1.001020806,370.70848,23791.0,1,0,0,0,0,0,0,0,0,0,0
07-below-cliff-90k-r1,use1-az2,26,1.0011160929999998,368.02560000000005,23675.0,2,0,0,0,0,0,0,0,0,0,0
07-below-cliff-90k-r1,use1-az2,27,1.001122877,369.23391999999996,23735.0,0,0,0,0,0,0,0,0,0,0,0
07-below-cliff-90k-r1,use1-az2,28,1.001134161,367.49312000000003,23669.0,2,0,0,0,0,0,0,0,0,0,0
07-below-cliff-90k-r1,use1-az2,29,1.001047109,367.747072,23654.0,2,0,0,0,0,0,0,0,0,0,0
07-below-cliff-90k-r1,use1-az2,30,1.001057253,369.87289599999997,23721.0,2,0,0,0,0,0,0,0,0,0,0
07-below-cliff-90k-r1,use1-az2,31,1.001064947,369.283072,23713.0,1,0,0,0,0,0,0,0,0,0,0
07-below-cliff-90k-r1,use1-az2,32,1.0015291109999997,368.44748799999996,23665.0,2,0,0,0,0,0,0,0,0,0,0
07-below-cliff-90k-r1,use1-az2,33,1.0007193300000001,371.171328,23804.0,2,0,0,0,0,0,0,0,0,0,0
07-below-cliff-90k-r1,use1-az2,34,1.0007387079999999,370.044928,23732.0,2,0,0,0,0,0,0,0,0,0,0
07-below-cliff-90k-r1,use1-az2,35,1.0007298500000001,369.9916800000001,23743.0,1,0,0,0,0,0,0,0,0,0,0
07-below-cliff-90k-r1,use1-az2,36,1.000720115,368.594944,23690.0,2,0,0,0,0,0,0,0,0,0,0
07-below-cliff-90k-r1,use1-az2,37,1.00073765,369.35270399999996,23684.0,7,0,0,0,0,0,0,0,0,0,0
07-below-cliff-90k-r1,use1-az2,38,1.0007388970000002,366.3872,23548.0,3,0,0,0,0,0,0,0,0,0,0
07-below-cliff-90k-r1,use1-az2,39,1.000750548,369.21344,23694.0,1,0,0,0,0,0,0,0,0,0,0
07-below-cliff-90k-r1,use1-az2,40,1.000729015,367.10809600000005,23651.0,2,0,0,0,0,0,0,0,0,0,0
07-below-cliff-90k-r1,use1-az2,41,1.0007098289999998,368.775168,23729.0,2,0,0,0,0,0,0,0,0,0,0
07-below-cliff-90k-r1,use1-az2,42,1.000790211,367.71020799999997,23691.0,2,0,0,0,0,0,0,0,0,0,0
07-below-cliff-90k-r1,use1-az2,43,1.001050654,369.364992,23763.0,4,0,0,0,0,0,0,0,0,0,0
07-below-cliff-90k-r1,use1-az2,44,1.0009990290000002,369.975296,23782.0,2,0,0,0,0,0,0,0,0,0,0
07-below-cliff-90k-r1,use1-az2,45,1.0009691770000002,369.811456,23776.0,2,0,0,0,0,0,0,0,0,0,0
07-below-cliff-90k-r1,use1-az2,46,1.000955187,369.590272,23773.0,1,0,0,0,0,0,0,0,0,0,0
07-below-cliff-90k-r1,use1-az2,47,0.900819912,330.42022399999996,21274.0,3,0,0,0,0,0,0,0,0,0,0
07-below-cliff-90k-r1,use1-az2,48,1.001059242,368.06246400000003,23722.0,6,0,0,0,0,0,0,0,0,0,0
07-below-cliff-90k-r1,use1-az2,49,1.0012029109999998,369.47968,23792.0,2,0,0,0,0,0,0,0,0,0,0
07-below-cliff-90k-r1,use1-az2,50,1.001193644,370.130944,23741.0,2,0,0,0,0,0,0,0,0,0,0
07-below-cliff-90k-r1,use1-az2,51,1.001138841,369.94252800000004,23710.0,2,0,0,0,0,0,0,0,0,0,0
07-below-cliff-90k-r1,use1-az2,52,1.0010081429999997,369.64352,23746.0,2,0,0,0,0,0,0,0,0,0,0
07-below-cliff-90k-r1,use1-az2,53,1.0007542550000001,367.42348799999996,23595.0,2,0,0,0,0,0,0,0,0,0,0
07-below-cliff-90k-r1,use1-az2,54,1.0007438260000001,367.542272,23623.0,2,0,0,0,0,0,0,0,0,0,0
07-below-cliff-90k-r1,use1-az2,55,1.000758062,369.0496,23693.0,1,0,0,0,0,0,0,0,0,0,0
07-below-cliff-90k-r1,use1-az2,56,1.0007333360000001,370.10227199999997,23714.0,2,0,0,0,0,0,0,0,0,0,0
07-below-cliff-90k-r1,use1-az2,57,1.000749974,368.61951999999997,23674.0,1,0,0,0,0,0,0,0,0,0,0
07-below-cliff-90k-r1,use1-az2,58,1.0007308650000002,370.26611199999996,23768.0,2,0,0,0,0,0,0,0,0,0,0
07-below-cliff-90k-r1,use1-az2,59,1.000751329,371.580928,23800.0,2,0,0,0,0,0,0,0,0,0,0
07-below-cliff-90k-r1,use1-az2,60,0.100168114,31.830015999999997,2059.0,0,0,0,0,0,0,0,0,0,0,0
07-below-cliff-90k-r1,use1-az4,-1,0.200156521,0.0,0.0,0,0,0,0,0,0,0,0,0,0,0
07-below-cliff-90k-r1,use1-az4,0,1.001072277,351.125504,22462.0,2,0,0,0,0,0,0,0,0,0,0
07-below-cliff-90k-r1,use1-az4,1,1.001093318,370.95014399999997,23746.0,1,0,0,0,0,0,0,0,0,0,0
07-below-cliff-90k-r1,use1-az4,2,1.001077025,368.39014399999996,23573.0,2,0,0,0,0,0,0,0,0,0,0
07-below-cliff-90k-r1,use1-az4,3,1.001052096,368.51302400000003,23594.0,1,0,0,0,0,0,0,0,0,0,0
07-below-cliff-90k-r1,use1-az4,4,1.001058139,366.53056,23542.0,1,0,0,0,0,0,0,0,0,0,0
07-below-cliff-90k-r1,use1-az4,5,1.001045486,370.417664,23732.0,2,0,0,0,0,0,0,0,0,0,0
07-below-cliff-90k-r1,use1-az4,6,1.00103558,369.0209279999999,23672.0,1,0,0,0,0,0,0,0,0,0,0
07-below-cliff-90k-r1,use1-az4,7,1.0010287180000002,367.34156800000005,23578.0,1,0,0,0,0,0,0,0,0,0,0
07-below-cliff-90k-r1,use1-az4,8,1.0010484339999999,370.57740800000005,23750.0,1,0,0,0,0,0,0,0,0,0,0
07-below-cliff-90k-r1,use1-az4,9,1.001078031,368.152576,23522.0,1,0,0,0,0,0,0,0,0,0,0
07-below-cliff-90k-r1,use1-az4,10,1.0009080600000002,369.147904,23352.0,1,0,249,0,0,0,0,0,0,0,0
07-below-cliff-90k-r1,use1-az4,11,1.0009071090000001,370.58150399999994,23583.0,2,0,0,0,0,0,0,0,0,0,0
07-below-cliff-90k-r1,use1-az4,12,1.000933332,368.90624,23468.0,1,0,0,0,0,0,0,0,0,0,0
07-below-cliff-90k-r1,use1-az4,13,1.000924889,370.737152,23606.0,1,0,0,0,0,0,0,0,0,0,0
07-below-cliff-90k-r1,use1-az4,14,1.000907355,367.91500800000006,23393.0,1,0,0,0,0,0,0,0,0,0,0
07-below-cliff-90k-r1,use1-az4,15,1.0009159109999999,369.18886399999997,23461.0,1,0,0,0,0,0,0,0,0,0,0
07-below-cliff-90k-r1,use1-az4,16,1.0009574490000002,369.680384,23545.0,1,0,0,0,0,0,0,0,0,0,0
07-below-cliff-90k-r1,use1-az4,17,1.0009504200000001,368.08704,23431.0,1,0,0,0,0,0,0,0,0,0,0
07-below-cliff-90k-r1,use1-az4,18,1.000926441,369.43872,23489.0,1,0,0,0,0,0,0,0,0,0,0
07-below-cliff-90k-r1,use1-az4,19,1.0009607169999999,369.53292799999997,23551.0,1,0,0,0,0,0,0,0,0,0,0
07-below-cliff-90k-r1,use1-az4,20,1.001068219,371.3556479999999,23735.0,2,0,0,0,0,0,0,0,0,0,0
07-below-cliff-90k-r1,use1-az4,21,1.0010677799999999,368.88166400000006,23594.0,1,0,0,0,0,0,0,0,0,0,0
07-below-cliff-90k-r1,use1-az4,22,1.000983586,366.62067200000007,23478.0,1,0,0,0,0,0,0,0,0,0,0
07-below-cliff-90k-r1,use1-az4,23,1.0009902540000002,368.73420799999997,23579.0,2,0,0,0,0,0,0,0,0,0,0
07-below-cliff-90k-r1,use1-az4,24,1.000988644,367.69382399999995,23564.0,1,0,0,0,0,0,0,0,0,0,0
07-below-cliff-90k-r1,use1-az4,25,1.001011909,370.65113599999995,23706.0,1,0,0,0,0,0,0,0,0,0,0
07-below-cliff-90k-r1,use1-az4,26,1.00098743,367.865856,23564.0,1,0,0,0,0,0,0,0,0,0,0
07-below-cliff-90k-r1,use1-az4,27,1.000961279,369.143808,23634.0,1,0,0,0,0,0,0,0,0,0,0
07-below-cliff-90k-r1,use1-az4,28,1.00098565,367.65696,23586.0,1,0,0,0,0,0,0,0,0,0,0
07-below-cliff-90k-r1,use1-az4,29,1.001573914,367.77574400000003,23554.0,1,0,0,0,0,0,0,0,0,0,0
07-below-cliff-90k-r1,use1-az4,30,1.000871131,369.72544000000005,23463.0,2,0,0,0,0,0,0,0,0,0,0
07-below-cliff-90k-r1,use1-az4,31,1.000881545,369.270784,23509.0,2,0,0,0,0,0,0,0,0,0,0
07-below-cliff-90k-r1,use1-az4,32,1.0008695680000002,368.349184,23400.0,1,0,0,0,0,0,0,0,0,0,0
07-below-cliff-90k-r1,use1-az4,33,1.000892205,371.17542399999996,23578.0,1,0,0,0,0,0,0,0,0,0,0
07-below-cliff-90k-r1,use1-az4,34,1.0008511029999998,370.057216,23522.0,1,0,0,0,0,0,0,0,0,0,0
07-below-cliff-90k-r1,use1-az4,35,1.000865856,370.17190400000004,23540.0,1,0,0,0,0,0,0,0,0,0,0
07-below-cliff-90k-r1,use1-az4,36,1.000880359,368.50483199999996,23494.0,2,0,0,0,0,0,0,0,0,0,0
07-below-cliff-90k-r1,use1-az4,37,1.0008570049999999,369.44691200000005,23468.0,2,0,0,0,0,0,0,0,0,0,0
07-below-cliff-90k-r1,use1-az4,38,1.000892243,366.42816,23331.0,1,0,0,0,0,0,0,0,0,0,0
07-below-cliff-90k-r1,use1-az4,39,1.0008955279999998,369.283072,23504.0,1,0,0,0,0,0,0,0,0,0,0
07-below-cliff-90k-r1,use1-az4,40,1.001032474,367.28832,23566.0,1,0,0,0,0,0,0,0,0,0,0
07-below-cliff-90k-r1,use1-az4,41,1.001099245,368.95539199999996,23654.0,1,0,0,0,0,0,0,0,0,0,0
07-below-cliff-90k-r1,use1-az4,42,1.001120209,367.67744000000005,23598.0,2,0,0,0,0,0,0,0,0,0,0
07-below-cliff-90k-r1,use1-az4,43,1.001181579,369.47558399999997,23676.0,2,0,0,0,0,0,0,0,0,0,0
07-below-cliff-90k-r1,use1-az4,44,0.901008549,332.84915200000006,21325.0,1,0,0,0,0,0,0,0,0,0,0
07-below-cliff-90k-r1,use1-az4,45,1.001091726,369.844224,23689.0,1,0,0,0,0,0,0,0,0,0,0
07-below-cliff-90k-r1,use1-az4,46,1.001140131,370.27430400000003,23719.0,1,0,0,0,0,0,0,0,0,0,0
07-below-cliff-90k-r1,use1-az4,47,1.001108229,367.04665600000004,23546.0,2,0,0,0,0,0,0,0,0,0,0
07-below-cliff-90k-r1,use1-az4,48,1.0011405070000001,368.115712,23651.0,1,0,0,0,0,0,0,0,0,0,0
07-below-cliff-90k-r1,use1-az4,49,1.0011599899999999,369.446912,23698.0,1,0,0,0,0,0,0,0,0,0,0
07-below-cliff-90k-r1,use1-az4,50,1.0009493489999999,369.983488,23503.0,2,0,0,0,0,0,0,0,0,0,0
07-below-cliff-90k-r1,use1-az4,51,1.000951951,369.82374400000003,23453.0,2,0,0,0,0,0,0,0,0,0,0
07-below-cliff-90k-r1,use1-az4,52,1.0009490989999998,369.79507199999995,23507.0,1,0,0,0,0,0,0,0,0,0,0
07-below-cliff-90k-r1,use1-az4,53,1.000930181,367.51360000000005,23398.0,1,0,0,0,0,0,0,0,0,0,0
07-below-cliff-90k-r1,use1-az4,54,1.000927083,367.51359999999994,23410.0,1,0,0,0,0,0,0,0,0,0,0
07-below-cliff-90k-r1,use1-az4,55,1.000974407,369.26259200000004,23462.0,1,0,0,0,0,0,0,0,0,0,0
07-below-cliff-90k-r1,use1-az4,56,1.0009461149999999,370.225152,23480.0,1,0,0,0,0,0,0,0,0,0,0
07-below-cliff-90k-r1,use1-az4,57,1.0009540140000002,368.431104,23444.0,1,0,0,0,0,0,0,0,0,0,0
07-below-cliff-90k-r1,use1-az4,58,1.000901333,370.35622399999994,23537.0,1,0,0,0,0,0,0,0,0,0,0
07-below-cliff-90k-r1,use1-az4,59,1.000956701,371.76934400000005,23582.0,1,0,0,0,0,0,0,0,0,0,0
07-below-cliff-90k-r1,use1-az4,60,0.200415819,29.724671999999998,1918.0,0,0,0,0,0,0,0,0,0,0,0
08-skip-initialize-60s-r1,use1-az1,-1,0.300197002,0.0,0.0,0,0,0,0,0,0,0,0,0,0,0
08-skip-initialize-60s-r1,use1-az1,0,1.0011103,421.55212800000004,26422.0,1,0,0,0,0,0,0,0,0,0,0
08-skip-initialize-60s-r1,use1-az1,1,1.001036978,430.22335999999996,26950.0,2,0,0,0,0,0,0,0,0,0,0
08-skip-initialize-60s-r1,use1-az1,2,1.000999604,427.07353599999993,26776.0,1,0,0,0,0,0,0,0,0,0,0
08-skip-initialize-60s-r1,use1-az1,3,1.000976174,425.4638079999999,26690.0,2,0,0,0,0,0,0,0,0,0,0
08-skip-initialize-60s-r1,use1-az1,4,1.000940227,428.818432,26883.0,2,0,0,0,0,0,0,0,0,0,0
08-skip-initialize-60s-r1,use1-az1,5,1.0009452650000001,427.7821440000001,26823.0,2,0,0,0,0,0,0,0,0,0,0
08-skip-initialize-60s-r1,use1-az1,6,1.0009951129999999,427.33568,26865.0,2,0,0,0,0,0,0,0,0,0,0
08-skip-initialize-60s-r1,use1-az1,7,1.001113625,428.285952,26934.0,2,0,0,0,0,0,0,0,0,0,0
08-skip-initialize-60s-r1,use1-az1,8,1.0010789189999998,428.347392,26928.0,2,0,0,0,0,0,0,0,0,0,0
08-skip-initialize-60s-r1,use1-az1,9,1.000950189,428.09344000000004,26897.0,2,0,0,0,0,0,0,0,0,0,0
08-skip-initialize-60s-r1,use1-az1,10,1.0010059619999998,428.68326400000007,27011.0,2,0,0,0,0,0,0,0,0,0,0
08-skip-initialize-60s-r1,use1-az1,11,0.9009572539999999,387.11705600000005,24373.0,2,0,0,0,0,0,0,0,0,0,0
08-skip-initialize-60s-r1,use1-az1,12,1.001011912,427.13087999999993,26874.0,2,0,0,0,0,0,0,0,0,0,0
08-skip-initialize-60s-r1,use1-az1,13,1.00099323,429.17888,26970.0,1,0,0,0,0,0,0,0,0,0,0
08-skip-initialize-60s-r1,use1-az1,14,1.00102683,427.569152,26876.0,2,0,0,0,0,0,0,0,0,0,0
08-skip-initialize-60s-r1,use1-az1,15,1.000959769,428.83072,26945.0,2,0,0,0,0,0,0,0,0,0,0
08-skip-initialize-60s-r1,use1-az1,16,1.001042779,428.5808639999999,26946.0,3,0,0,0,0,0,0,0,0,0,0
08-skip-initialize-60s-r1,use1-az1,17,1.0009812009999999,428.4784640000001,26924.0,2,0,0,0,0,0,0,0,0,0,0
08-skip-initialize-60s-r1,use1-az1,18,1.000892862,428.888064,26918.0,1,0,0,0,0,0,0,0,0,0,0
08-skip-initialize-60s-r1,use1-az1,19,1.0009931429999999,425.844736,26784.0,3,0,0,0,0,0,0,0,0,0,0
08-skip-initialize-60s-r1,use1-az1,20,1.000968992,427.71660799999995,26854.0,1,0,0,0,0,0,0,0,0,0,0
08-skip-initialize-60s-r1,use1-az1,21,1.000997723,427.532288,26821.0,1,0,0,0,0,0,0,0,0,0,0
08-skip-initialize-60s-r1,use1-az1,22,1.0009106559999998,428.8798719999999,26872.0,2,0,0,0,0,0,0,0,0,0,0
08-skip-initialize-60s-r1,use1-az1,23,1.0010682579999999,427.58144000000004,26830.0,1,0,0,0,0,0,0,0,0,0,0
08-skip-initialize-60s-r1,use1-az1,24,1.0009541860000002,425.992192,26773.0,2,0,0,0,0,0,0,0,0,0,0
08-skip-initialize-60s-r1,use1-az1,25,1.0009979869999999,426.852352,26829.0,2,0,0,0,0,0,0,0,0,0,0
08-skip-initialize-60s-r1,use1-az1,26,1.001006149,428.658688,26881.0,2,0,0,0,0,0,0,0,0,0,0
08-skip-initialize-60s-r1,use1-az1,27,1.000977488,428.5071360000001,26916.0,2,0,0,0,0,0,0,0,0,0,0
08-skip-initialize-60s-r1,use1-az1,28,1.000994707,423.559168,26411.0,45,0,0,0,0,0,0,0,0,0,0
08-skip-initialize-60s-r1,use1-az1,29,1.0009852860000001,413.38470400000006,25231.0,46,0,0,0,0,0,0,0,0,0,0
08-skip-initialize-60s-r1,use1-az1,30,1.0009872720000002,413.2864,25225.0,46,0,0,0,0,0,0,0,0,0,0
08-skip-initialize-60s-r1,use1-az1,31,1.00096901,413.28640000000007,25225.0,46,0,0,0,0,0,0,0,0,0,0
08-skip-initialize-60s-r1,use1-az1,32,1.000957367,413.2864,25225.0,47,0,0,0,0,0,0,0,0,0,0
08-skip-initialize-60s-r1,use1-az1,33,1.0008843,413.253632,25223.0,46,0,0,0,0,0,0,0,0,0,0
08-skip-initialize-60s-r1,use1-az1,34,1.000917184,413.3027839999999,25226.0,46,0,0,0,0,0,0,0,0,0,0
08-skip-initialize-60s-r1,use1-az1,35,1.0008671949999999,413.253632,25223.0,47,0,0,0,0,0,0,0,0,0,0
08-skip-initialize-60s-r1,use1-az1,36,1.000967473,413.31916800000005,25227.0,46,0,0,0,0,0,0,0,0,0,0
08-skip-initialize-60s-r1,use1-az1,37,1.0009008439999998,413.25363200000004,25223.0,47,0,0,0,0,0,0,0,0,0,0
08-skip-initialize-60s-r1,use1-az1,38,1.000923723,413.31916799999993,25227.0,47,0,0,0,0,0,0,0,0,0,0
08-skip-initialize-60s-r1,use1-az1,39,1.000894817,413.220864,25221.0,46,0,0,0,0,0,0,0,0,0,0
08-skip-initialize-60s-r1,use1-az1,40,1.0008639710000002,413.2863999999999,25225.0,45,0,0,0,0,0,0,0,0,0,0
08-skip-initialize-60s-r1,use1-az1,41,1.000840173,413.25363200000004,25223.0,46,0,0,0,0,0,0,0,0,0,0
08-skip-initialize-60s-r1,use1-az1,42,1.0009539,413.319168,25227.0,47,0,0,0,0,0,0,0,0,0,0
08-skip-initialize-60s-r1,use1-az1,43,1.0011222970000002,413.351936,25229.0,46,0,0,0,0,0,0,0,0,0,0
08-skip-initialize-60s-r1,use1-az1,44,1.0010603500000002,413.3519359999999,25229.0,46,0,0,0,0,0,0,0,0,0,0
08-skip-initialize-60s-r1,use1-az1,45,1.0009410639999998,413.23724799999997,25222.0,46,0,0,0,0,0,0,0,0,0,0
08-skip-initialize-60s-r1,use1-az1,46,1.001041223,413.351936,25229.0,46,0,0,0,0,0,0,0,0,0,0
08-skip-initialize-60s-r1,use1-az1,47,1.001030435,413.35193599999997,25229.0,46,0,0,0,0,0,0,0,0,0,0
08-skip-initialize-60s-r1,use1-az1,48,1.00102483,413.2864,25225.0,46,0,0,0,0,0,0,0,0,0,0
08-skip-initialize-60s-r1,use1-az1,49,1.001018957,413.302784,25226.0,45,0,0,0,0,0,0,0,0,0,0
08-skip-initialize-60s-r1,use1-az1,50,1.001061146,413.40108799999996,25232.0,47,0,0,0,0,0,0,0,0,0,0
08-skip-initialize-60s-r1,use1-az1,51,1.001032514,413.2864,25225.0,47,0,0,0,0,0,0,0,0,0,0
08-skip-initialize-60s-r1,use1-az1,52,1.0010820409999999,413.38470400000006,25231.0,45,0,0,0,0,0,0,0,0,0,0
08-skip-initialize-60s-r1,use1-az1,53,1.001013758,413.302784,25226.0,47,0,0,0,0,0,0,0,0,0,0
08-skip-initialize-60s-r1,use1-az1,54,1.001056913,413.36832,25230.0,47,0,0,0,0,0,0,0,0,0,0
08-skip-initialize-60s-r1,use1-az1,55,1.001090054,413.335552,25228.0,46,0,0,0,0,0,0,0,0,0,0
08-skip-initialize-60s-r1,use1-az1,56,1.0010395109999999,413.33555200000006,25228.0,46,0,0,0,0,0,0,0,0,0,0
08-skip-initialize-60s-r1,use1-az1,57,1.001078403,413.3519359999999,25229.0,46,0,0,0,0,0,0,0,0,0,0
08-skip-initialize-60s-r1,use1-az1,58,1.0009817669999999,413.27001600000006,25224.0,45,0,0,0,0,0,0,0,0,0,0
08-skip-initialize-60s-r1,use1-az1,59,1.001074512,413.36832000000004,25230.0,48,0,0,0,0,0,0,0,0,0,0
08-skip-initialize-60s-r1,use1-az1,60,1.001048647,413.351936,25229.0,47,0,0,0,0,0,0,0,0,0,0
08-skip-initialize-60s-r1,use1-az1,61,0.200199559,72.769536,4442.0,47,0,0,0,0,0,0,0,0,0,0
08-skip-initialize-60s-r1,use1-az2,-1,0.200134222,0.0,0.0,0,0,0,0,0,0,0,0,0,0,0
08-skip-initialize-60s-r1,use1-az2,0,1.001074078,400.060416,25075.0,2,0,0,0,0,0,0,0,0,0,0
08-skip-initialize-60s-r1,use1-az2,1,1.0010287820000001,430.3872,26957.0,1,0,0,0,0,0,0,0,0,0,0
08-skip-initialize-60s-r1,use1-az2,2,1.00105699,426.921984,26773.0,1,0,0,0,0,0,0,0,0,0,0
08-skip-initialize-60s-r1,use1-az2,3,1.001055367,425.639936,26700.0,2,0,0,0,0,0,0,0,0,0,0
08-skip-initialize-60s-r1,use1-az2,4,1.0010899739999999,428.826624,26881.0,3,0,0,0,0,0,0,0,0,0,0
08-skip-initialize-60s-r1,use1-az2,5,1.0010834690000001,427.50771199999997,26805.0,2,0,0,0,0,0,0,0,0,0,0
08-skip-initialize-60s-r1,use1-az2,6,1.0012663290000001,427.43808,26875.0,2,0,0,0,0,0,0,0,0,0,0
08-skip-initialize-60s-r1,use1-az2,7,1.001186198,428.65459200000004,26957.0,2,0,0,0,0,0,0,0,0,0,0
08-skip-initialize-60s-r1,use1-az2,8,1.001112914,428.535808,26935.0,2,0,0,0,0,0,0,0,0,0,0
08-skip-initialize-60s-r1,use1-az2,9,1.001178025,428.09344,26899.0,3,0,0,0,0,0,0,0,0,0,0
08-skip-initialize-60s-r1,use1-az2,10,1.00117057,428.83072,27017.0,1,0,0,0,0,0,0,0,0,0,0
08-skip-initialize-60s-r1,use1-az2,11,1.001152411,430.436352,27101.0,2,0,0,0,0,0,0,0,0,0,0
08-skip-initialize-60s-r1,use1-az2,12,1.0011965600000001,426.73766399999994,26844.0,4,0,0,0,0,0,0,0,0,0,0
08-skip-initialize-60s-r1,use1-az2,13,1.001172399,428.96179199999995,26958.0,3,0,0,0,0,0,0,0,0,0,0
08-skip-initialize-60s-r1,use1-az2,14,1.0012267750000001,428.25318400000003,26918.0,1,0,0,0,0,0,0,0,0,0,0
08-skip-initialize-60s-r1,use1-az2,15,1.001210991,428.69555199999996,26939.0,2,0,0,0,0,0,0,0,0,0,0
08-skip-initialize-60s-r1,use1-az2,16,1.001186438,428.240896,26921.0,1,0,0,0,0,0,0,0,0,0,0
08-skip-initialize-60s-r1,use1-az2,17,1.0012346600000002,429.32223999999997,26974.0,2,0,0,0,0,0,0,0,0,0,0
08-skip-initialize-60s-r1,use1-az2,18,1.001045479,428.802048,26916.0,2,0,0,0,0,0,0,0,0,0,0
08-skip-initialize-60s-r1,use1-az2,19,1.0011817650000001,425.43104000000005,26757.0,2,0,0,0,0,0,0,0,0,0,0
08-skip-initialize-60s-r1,use1-az2,20,1.001102283,427.634688,26849.0,2,0,0,0,0,0,0,0,0,0,0
08-skip-initialize-60s-r1,use1-az2,21,1.001097985,427.76576,26838.0,2,0,0,0,0,0,0,0,0,0,0
08-skip-initialize-60s-r1,use1-az2,22,1.001085766,429.18297600000005,26887.0,1,0,0,0,0,0,0,0,0,0,0
08-skip-initialize-60s-r1,use1-az2,23,1.0011112819999999,426.45913600000006,26755.0,1,0,0,0,0,0,0,0,0,0,0
08-skip-initialize-60s-r1,use1-az2,24,1.001088584,427.36025600000005,26868.0,2,0,0,0,0,0,0,0,0,0,0
08-skip-initialize-60s-r1,use1-az2,25,1.0010745339999998,427.012096,26835.0,2,0,0,0,0,0,0,0,0,0,0
08-skip-initialize-60s-r1,use1-az2,26,1.001093658,428.47027199999997,26867.0,2,0,0,0,0,0,0,0,0,0,0
08-skip-initialize-60s-r1,use1-az2,27,1.001097372,428.580864,26927.0,1,0,0,0,0,0,0,0,0,0,0
08-skip-initialize-60s-r1,use1-az2,28,1.001138721,422.825984,26322.0,46,0,0,0,0,0,0,0,0,0,0
08-skip-initialize-60s-r1,use1-az2,29,1.00120608,413.4010880000001,25232.0,46,0,0,0,0,0,0,0,0,0,0
08-skip-initialize-60s-r1,use1-az2,30,1.001071764,413.45024,25235.0,47,0,0,0,0,0,0,0,0,0,0
08-skip-initialize-60s-r1,use1-az2,31,1.001042817,413.155328,25217.0,49,0,0,0,0,0,0,0,0,0,0
08-skip-initialize-60s-r1,use1-az2,32,1.001135257,413.38470399999994,25230.0,47,0,0,0,0,0,0,0,0,0,0
08-skip-initialize-60s-r1,use1-az2,33,1.000973389,413.302784,25227.0,46,0,0,0,0,0,0,0,0,0,0
08-skip-initialize-60s-r1,use1-az2,34,1.0008716860000002,413.25363200000004,25223.0,47,0,0,0,0,0,0,0,0,0,0
08-skip-initialize-60s-r1,use1-az2,35,1.0010337950000001,413.3191680000001,25227.0,47,0,0,0,0,0,0,0,0,0,0
08-skip-initialize-60s-r1,use1-az2,36,1.00122489,413.45024,25235.0,46,0,0,0,0,0,0,0,0,0,0
08-skip-initialize-60s-r1,use1-az2,37,1.001186067,413.41747200000003,25233.0,46,0,0,0,0,0,0,0,0,0,0
08-skip-initialize-60s-r1,use1-az2,38,1.001176037,413.335552,25228.0,47,0,0,0,0,0,0,0,0,0,0
08-skip-initialize-60s-r1,use1-az2,39,1.0011916209999998,413.36832000000004,25230.0,47,0,0,0,0,0,0,0,0,0,0
08-skip-initialize-60s-r1,use1-az2,40,1.001130072,413.40108799999996,25232.0,46,0,0,0,0,0,0,0,0,0,0
08-skip-initialize-60s-r1,use1-az2,41,1.0012062659999998,413.3519360000001,25229.0,46,0,0,0,0,0,0,0,0,0,0
08-skip-initialize-60s-r1,use1-az2,42,1.001165223,413.401088,25232.0,46,0,0,0,0,0,0,0,0,0,0
08-skip-initialize-60s-r1,use1-az2,43,1.001111367,413.38470400000006,25231.0,48,0,0,0,0,0,0,0,0,0,0
08-skip-initialize-60s-r1,use1-az2,44,1.0010872220000002,413.36832,25230.0,47,0,0,0,0,0,0,0,0,0,0
08-skip-initialize-60s-r1,use1-az2,45,1.001075341,413.335552,25228.0,47,0,0,0,0,0,0,0,0,0,0
08-skip-initialize-60s-r1,use1-az2,46,1.0010940799999999,413.335552,25228.0,47,0,0,0,0,0,0,0,0,0,0
08-skip-initialize-60s-r1,use1-az2,47,1.001111899,413.36832,25230.0,47,0,0,0,0,0,0,0,0,0,0
08-skip-initialize-60s-r1,use1-az2,48,1.001133033,413.3519360000001,25229.0,48,0,0,0,0,0,0,0,0,0,0
08-skip-initialize-60s-r1,use1-az2,49,1.001067434,413.401088,25232.0,47,0,0,0,0,0,0,0,0,0,0
08-skip-initialize-60s-r1,use1-az2,50,1.001060551,413.36832000000004,25230.0,47,0,0,0,0,0,0,0,0,0,0
08-skip-initialize-60s-r1,use1-az2,51,1.00110922,413.28639999999996,25225.0,46,0,0,0,0,0,0,0,0,0,0
08-skip-initialize-60s-r1,use1-az2,52,1.000896667,413.2864,25225.0,47,0,0,0,0,0,0,0,0,0,0
08-skip-initialize-60s-r1,use1-az2,53,1.000951167,413.30278400000003,25226.0,47,0,0,0,0,0,0,0,0,0,0
08-skip-initialize-60s-r1,use1-az2,54,1.000994889,413.2864,25225.0,46,0,0,0,0,0,0,0,0,0,0
08-skip-initialize-60s-r1,use1-az2,55,0.900938751,372.01510400000006,22706.0,46,0,0,0,0,0,0,0,0,0,0
08-skip-initialize-60s-r1,use1-az2,56,1.001106027,413.351936,25229.0,47,0,0,0,0,0,0,0,0,0,0
08-skip-initialize-60s-r1,use1-az2,57,1.001189579,413.417472,25233.0,47,0,0,0,0,0,0,0,0,0,0
08-skip-initialize-60s-r1,use1-az2,58,1.001137011,413.319168,25227.0,47,0,0,0,0,0,0,0,0,0,0
08-skip-initialize-60s-r1,use1-az2,59,1.001134771,413.433856,25234.0,49,0,0,0,0,0,0,0,0,0,0
08-skip-initialize-60s-r1,use1-az2,60,1.001128953,413.2864,25225.0,49,0,0,0,0,0,0,0,0,0,0
08-skip-initialize-60s-r1,use1-az2,61,0.200226672,82.7392,5050.0,47,0,0,0,0,0,0,0,0,0,0
08-skip-initialize-60s-r1,use1-az4,-1,0.200148266,0.0,0.0,0,0,0,0,0,0,0,0,0,0,0
08-skip-initialize-60s-r1,use1-az4,0,1.0007012679999998,399.11833599999994,23836.0,2,0,0,0,0,0,0,0,0,0,0
08-skip-initialize-60s-r1,use1-az4,1,1.0007047580000001,430.31756799999994,25577.0,2,0,0,0,0,0,0,0,0,0,0
08-skip-initialize-60s-r1,use1-az4,2,1.000696421,426.64755199999996,25399.0,1,0,0,0,0,0,0,0,0,0,0
08-skip-initialize-60s-r1,use1-az4,3,1.0007116189999998,425.398272,25317.0,1,0,0,0,0,0,0,0,0,0,0
08-skip-initialize-60s-r1,use1-az4,4,1.000697798,428.744704,25486.0,1,0,0,0,0,0,0,0,0,0,0
08-skip-initialize-60s-r1,use1-az4,5,1.000698187,427.249664,25454.0,1,0,0,0,0,0,0,0,0,0,0
08-skip-initialize-60s-r1,use1-az4,6,1.000929936,427.58553599999993,26254.0,2,0,0,0,0,0,0,0,0,0,0
08-skip-initialize-60s-r1,use1-az4,7,1.00119591,428.70784000000003,26763.0,2,0,0,0,0,0,0,0,0,0,0
08-skip-initialize-60s-r1,use1-az4,8,1.001066826,428.64639999999997,26773.0,1,0,0,0,0,0,0,0,0,0,0
08-skip-initialize-60s-r1,use1-az4,9,1.001047251,427.78624,26669.0,1,0,94,0,0,0,0,0,0,0,0
08-skip-initialize-60s-r1,use1-az4,10,1.001083051,428.81024,26838.0,2,0,0,0,0,0,0,0,0,0,0
08-skip-initialize-60s-r1,use1-az4,11,1.001044682,430.37900800000006,26898.0,1,0,0,0,0,0,0,0,0,0,0
08-skip-initialize-60s-r1,use1-az4,12,1.0009994740000001,426.840064,26629.0,1,0,0,0,0,0,0,0,0,0,0
08-skip-initialize-60s-r1,use1-az4,13,1.0010024020000001,428.9372159999999,26756.0,1,0,0,0,0,0,0,0,0,0,0
08-skip-initialize-60s-r1,use1-az4,14,1.001007357,428.1344,26701.0,1,0,0,0,0,0,0,0,0,0,0
08-skip-initialize-60s-r1,use1-az4,15,1.000986252,428.531712,26714.0,1,0,0,0,0,0,0,0,0,0,0
08-skip-initialize-60s-r1,use1-az4,16,1.000965987,428.06886399999996,26630.0,2,0,0,0,0,0,0,0,0,0,0
08-skip-initialize-60s-r1,use1-az4,17,1.0008819189999998,429.248512,26606.0,1,0,0,0,0,0,0,0,0,0,0
08-skip-initialize-60s-r1,use1-az4,18,1.000964101,428.62592000000006,26536.0,1,0,0,0,0,0,0,0,0,0,0
08-skip-initialize-60s-r1,use1-az4,19,1.000887708,425.648128,26457.0,1,0,0,0,0,0,0,0,0,0,0
08-skip-initialize-60s-r1,use1-az4,20,1.001011426,427.4053119999999,26500.0,1,0,0,0,0,0,0,0,0,0,0
08-skip-initialize-60s-r1,use1-az4,21,1.0014729390000001,429.330432,26367.0,2,0,495,0,0,0,0,0,0,0,0
08-skip-initialize-60s-r1,use1-az4,22,1.0013962619999999,429.16659200000004,25258.0,1,0,305,0,0,0,0,0,0,0,0
08-skip-initialize-60s-r1,use1-az4,23,1.001181042,425.84064,26189.0,1,0,0,0,0,0,0,0,0,0,0
08-skip-initialize-60s-r1,use1-az4,24,1.000944162,426.3116799999999,26276.0,1,0,25,0,0,0,0,0,0,0,0
08-skip-initialize-60s-r1,use1-az4,25,1.000845524,426.979328,26507.0,1,0,0,0,0,0,0,0,0,0,0
08-skip-initialize-60s-r1,use1-az4,26,1.000877099,428.449792,26489.0,1,0,0,0,0,0,0,0,0,0,0
08-skip-initialize-60s-r1,use1-az4,27,1.00088778,428.777472,26618.0,1,0,0,0,0,0,0,0,0,0,0
08-skip-initialize-60s-r1,use1-az4,28,1.000855555,422.58022400000004,26088.0,47,0,0,0,0,0,0,0,0,0,0
08-skip-initialize-60s-r1,use1-az4,29,1.000822681,413.270016,25205.0,47,0,0,0,0,0,0,0,0,0,0
08-skip-initialize-60s-r1,use1-az4,30,1.000835856,413.220864,25221.0,48,0,0,0,0,0,0,0,0,0,0
08-skip-initialize-60s-r1,use1-az4,31,1.001095169,413.351936,24987.0,47,0,0,0,0,0,0,0,0,0,0
08-skip-initialize-60s-r1,use1-az4,32,1.000903423,413.23724799999997,25222.0,47,0,0,0,0,0,0,0,0,0,0
08-skip-initialize-60s-r1,use1-az4,33,1.000943735,413.33555200000006,25228.0,47,0,0,0,0,0,0,0,0,0,0
08-skip-initialize-60s-r1,use1-az4,34,1.0008874380000001,413.31916800000005,25227.0,48,0,0,0,0,0,0,0,0,0,0
08-skip-initialize-60s-r1,use1-az4,35,1.0009172899999998,413.20448000000005,25219.0,48,0,0,0,0,0,0,0,0,0,0
08-skip-initialize-60s-r1,use1-az4,36,1.0019453790000001,413.6959999999999,25250.0,48,0,0,0,0,0,0,0,0,0,0
08-skip-initialize-60s-r1,use1-az4,37,1.000966866,413.335552,25228.0,48,0,0,0,0,0,0,0,0,0,0
08-skip-initialize-60s-r1,use1-az4,38,1.0009056100000002,413.220864,25210.0,48,0,0,0,0,0,0,0,0,0,0
08-skip-initialize-60s-r1,use1-az4,39,1.0009501140000001,413.384704,25217.0,48,0,0,0,0,0,0,0,0,0,0
08-skip-initialize-60s-r1,use1-az4,40,1.00094751,413.302784,25211.0,49,0,0,0,0,0,0,0,0,0,0
08-skip-initialize-60s-r1,use1-az4,41,1.000965397,413.237248,25221.0,49,0,0,0,0,0,0,0,0,0,0
08-skip-initialize-60s-r1,use1-az4,42,1.000948405,413.319168,25227.0,48,0,0,0,0,0,0,0,0,0,0
08-skip-initialize-60s-r1,use1-az4,43,1.0009251319999999,413.302784,25226.0,48,0,0,0,0,0,0,0,0,0,0
08-skip-initialize-60s-r1,use1-az4,44,1.000894898,413.20448,25217.0,48,0,0,0,0,0,0,0,0,0,0
08-skip-initialize-60s-r1,use1-az4,45,1.000907079,413.302784,24831.0,47,0,0,0,0,0,0,0,0,0,0
08-skip-initialize-60s-r1,use1-az4,46,1.00091229,413.28639999999996,25225.0,48,0,0,0,0,0,0,0,0,0,0
08-skip-initialize-60s-r1,use1-az4,47,1.0008806090000002,413.237248,25222.0,49,0,0,0,0,0,0,0,0,0,0
08-skip-initialize-60s-r1,use1-az4,48,1.000960171,413.28639999999996,25214.0,49,0,0,0,0,0,0,0,0,0,0
08-skip-initialize-60s-r1,use1-az4,49,1.0009279739999999,413.302784,25215.0,49,0,0,0,0,0,0,0,0,0,0
08-skip-initialize-60s-r1,use1-az4,50,1.000922497,413.2863999999999,25225.0,49,0,0,0,0,0,0,0,0,0,0
08-skip-initialize-60s-r1,use1-az4,51,1.000957051,413.253632,25223.0,47,0,0,0,0,0,0,0,0,0,0
08-skip-initialize-60s-r1,use1-az4,52,1.000886165,412.87679999999995,25200.0,48,0,0,0,0,0,0,0,0,0,0
08-skip-initialize-60s-r1,use1-az4,53,1.0009519809999998,413.712384,25251.0,49,0,0,0,0,0,0,0,0,0,0
08-skip-initialize-60s-r1,use1-az4,54,1.000874147,413.2864,25224.0,49,0,0,0,0,0,0,0,0,0,0
08-skip-initialize-60s-r1,use1-az4,55,1.00091456,413.253632,25223.0,49,0,0,0,0,0,0,0,0,0,0
08-skip-initialize-60s-r1,use1-az4,56,1.000994571,413.36832,25230.0,48,0,0,0,0,0,0,0,0,0,0
08-skip-initialize-60s-r1,use1-az4,57,1.000911491,413.25363200000004,25223.0,49,0,0,0,0,0,0,0,0,0,0
08-skip-initialize-60s-r1,use1-az4,58,1.000877191,413.27001599999994,25212.0,49,0,0,0,0,0,0,0,0,0,0
08-skip-initialize-60s-r1,use1-az4,59,1.00093849,413.28640000000007,25180.0,51,0,0,0,0,0,0,0,0,0,0
08-skip-initialize-60s-r1,use1-az4,60,1.000910442,413.302784,25226.0,50,0,0,0,0,0,0,0,0,0,0
08-skip-initialize-60s-r1,use1-az4,61,0.200212267,53.567488,3270.0,49,0,0,0,0,0,0,0,0,0,0
09-adaptive-batch-104k-r1,use1-az1,-1,0.300196093,0.0,0.0,0,0,0,0,0,0,0,0,0,0,0
09-adaptive-batch-104k-r1,use1-az1,0,1.0010468829999999,401.047552,24072.0,2,0,0,0,0,0,0,0,0,0,0
09-adaptive-batch-104k-r1,use1-az1,1,1.000960485,430.32576,26980.0,2,0,0,0,0,0,0,0,0,0,0
09-adaptive-batch-104k-r1,use1-az1,2,1.00092213,426.70079999999996,26802.0,0,0,0,0,0,0,0,0,0,0,0
09-adaptive-batch-104k-r1,use1-az1,3,1.001007059,425.61536,25613.0,2,0,0,0,0,0,0,0,0,0,0
09-adaptive-batch-104k-r1,use1-az1,4,1.0009829440000002,428.96588800000006,26956.0,2,0,0,0,0,0,0,0,0,0,0
09-adaptive-batch-104k-r1,use1-az1,5,1.000990032,426.999808,26810.0,2,0,0,0,0,0,0,0,0,0,0
09-adaptive-batch-104k-r1,use1-az1,6,1.000901739,427.58553599999993,26849.0,0,0,0,0,0,0,0,0,0,0,0
09-adaptive-batch-104k-r1,use1-az1,7,1.00099716,428.69964799999997,26918.0,2,0,0,0,0,0,0,0,0,0,0
09-adaptive-batch-104k-r1,use1-az1,8,1.000949568,428.35558399999996,26887.0,2,0,0,0,0,0,0,0,0,0,0
09-adaptive-batch-104k-r1,use1-az1,9,1.0009452890000001,427.99513600000006,26866.0,2,0,0,0,0,0,0,0,0,0,0
09-adaptive-batch-104k-r1,use1-az1,10,1.001003973,428.781568,26945.0,2,0,0,0,0,0,0,0,0,0,0
09-adaptive-batch-104k-r1,use1-az1,11,1.0010374199999998,430.379008,27054.0,3,0,0,0,0,0,0,0,0,0,0
09-adaptive-batch-104k-r1,use1-az1,12,1.0010729299999999,426.72537600000004,26805.0,5,0,0,0,0,0,0,0,0,0,0
09-adaptive-batch-104k-r1,use1-az1,13,1.001045048,428.93312000000003,26918.0,2,0,0,0,0,0,0,0,0,0,0
09-adaptive-batch-104k-r1,use1-az1,14,1.000998195,428.15897599999994,26863.0,3,0,0,0,0,0,0,0,0,0,0
09-adaptive-batch-104k-r1,use1-az1,15,1.0009968029999998,428.54809600000004,26906.0,2,0,0,0,0,0,0,0,0,0,0
09-adaptive-batch-104k-r1,use1-az1,16,1.000980135,428.21222400000005,26904.0,2,0,0,0,0,0,0,0,0,0,0
09-adaptive-batch-104k-r1,use1-az1,17,1.0009699479999998,429.191168,26945.0,2,0,0,0,0,0,0,0,0,0,0
09-adaptive-batch-104k-r1,use1-az1,18,1.0009980989999998,428.683264,26898.0,2,0,0,0,0,0,0,0,0,0,0
09-adaptive-batch-104k-r1,use1-az1,19,1.001023306,425.955328,26777.0,2,0,0,0,0,0,0,0,0,0,0
09-adaptive-batch-104k-r1,use1-az1,20,1.0009573129999998,427.02438399999994,26816.0,3,0,0,0,0,0,0,0,0,0,0
09-adaptive-batch-104k-r1,use1-az1,21,1.000919275,428.16307200000006,26848.0,2,0,0,0,0,0,0,0,0,0,0
09-adaptive-batch-104k-r1,use1-az1,22,1.000930938,428.806144,26916.0,2,0,0,0,0,0,0,0,0,0,0
09-adaptive-batch-104k-r1,use1-az1,23,1.0009511739999999,427.307008,26815.0,1,0,0,0,0,0,0,0,0,0,0
09-adaptive-batch-104k-r1,use1-az1,24,1.001004338,426.10688000000005,26786.0,2,0,0,0,0,0,0,0,0,0,0
09-adaptive-batch-104k-r1,use1-az1,25,1.000998431,427.053056,26844.0,2,0,0,0,0,0,0,0,0,0,0
09-adaptive-batch-104k-r1,use1-az1,26,1.000919117,428.40473599999996,26909.0,2,0,0,0,0,0,0,0,0,0,0
09-adaptive-batch-104k-r1,use1-az1,27,1.000917807,428.72832000000005,26964.0,2,0,0,0,0,0,0,0,0,0,0
09-adaptive-batch-104k-r1,use1-az1,28,1.001004198,415.86688,12377.0,113,0,0,0,0,0,0,0,0,0,0
09-adaptive-batch-104k-r1,use1-az1,29,1.000951307,413.372416,3180.0,125,0,0,0,0,0,0,0,0,0,0
09-adaptive-batch-104k-r1,use1-az1,30,1.000916132,413.13894400000004,3152.0,125,0,0,0,0,0,0,0,0,0,0
09-adaptive-batch-104k-r1,use1-az1,31,1.0010869519999999,413.401088,3154.0,126,0,0,0,0,0,0,0,0,0,0
09-adaptive-batch-104k-r1,use1-az1,32,1.001040044,413.401088,3154.0,125,0,0,0,0,0,0,0,0,0,0
09-adaptive-batch-104k-r1,use1-az1,33,1.000948991,413.270016,3153.0,125,0,0,0,0,0,0,0,0,0,0
09-adaptive-batch-104k-r1,use1-az1,34,1.000972376,413.270016,3153.0,125,0,0,0,0,0,0,0,0,0,0
09-adaptive-batch-104k-r1,use1-az1,35,1.0009278360000002,413.27001600000006,3153.0,126,0,0,0,0,0,0,0,0,0,0
09-adaptive-batch-104k-r1,use1-az1,36,1.0009517070000002,413.27001600000006,3153.0,125,0,0,0,0,0,0,0,0,0,0
09-adaptive-batch-104k-r1,use1-az1,37,1.000931825,413.27001600000006,3153.0,126,0,0,0,0,0,0,0,0,0,0
09-adaptive-batch-104k-r1,use1-az1,38,1.000896869,413.27001600000006,3153.0,125,0,0,0,0,0,0,0,0,0,0
09-adaptive-batch-104k-r1,use1-az1,39,1.000852508,413.27001600000006,3153.0,126,0,0,0,0,0,0,0,0,0,0
09-adaptive-batch-104k-r1,use1-az1,40,1.000889892,413.270016,3153.0,125,0,0,0,0,0,0,0,0,0,0
09-adaptive-batch-104k-r1,use1-az1,41,1.00089831,413.27001600000006,3153.0,125,0,0,0,0,0,0,0,0,0,0
09-adaptive-batch-104k-r1,use1-az1,42,1.0009174889999999,413.27001600000006,3153.0,125,0,0,0,0,0,0,0,0,0,0
09-adaptive-batch-104k-r1,use1-az1,43,1.000855212,413.270016,3153.0,126,0,0,0,0,0,0,0,0,0,0
09-adaptive-batch-104k-r1,use1-az1,44,1.000996574,413.270016,3153.0,125,0,0,0,0,0,0,0,0,0,0
09-adaptive-batch-104k-r1,use1-az1,45,1.000978099,413.401088,3154.0,125,0,0,0,0,0,0,0,0,0,0
09-adaptive-batch-104k-r1,use1-az1,46,1.0009686439999999,413.27001600000006,3153.0,126,0,0,0,0,0,0,0,0,0,0
09-adaptive-batch-104k-r1,use1-az1,47,1.0009680170000002,413.27001599999994,3153.0,125,0,0,0,0,0,0,0,0,0,0
09-adaptive-batch-104k-r1,use1-az1,48,1.000931182,413.27001600000006,3153.0,125,0,0,0,0,0,0,0,0,0,0
09-adaptive-batch-104k-r1,use1-az1,49,1.000961031,413.270016,3153.0,126,0,0,0,0,0,0,0,0,0,0
09-adaptive-batch-104k-r1,use1-az1,50,1.0009315159999999,413.401088,3154.0,125,0,0,0,0,0,0,0,0,0,0
09-adaptive-batch-104k-r1,use1-az1,51,1.0009213399999999,413.270016,3153.0,125,0,0,0,0,0,0,0,0,0,0
09-adaptive-batch-104k-r1,use1-az1,52,1.000979821,413.27001600000006,3153.0,125,0,0,0,0,0,0,0,0,0,0
09-adaptive-batch-104k-r1,use1-az1,53,1.000881077,413.27001599999994,3153.0,125,0,0,0,0,0,0,0,0,0,0
09-adaptive-batch-104k-r1,use1-az1,54,1.000906605,413.27001600000006,3153.0,125,0,0,0,0,0,0,0,0,0,0
09-adaptive-batch-104k-r1,use1-az1,55,1.000955238,413.27001599999994,3153.0,125,0,0,0,0,0,0,0,0,0,0
09-adaptive-batch-104k-r1,use1-az1,56,1.000936183,413.27001599999994,3153.0,125,0,0,0,0,0,0,0,0,0,0
09-adaptive-batch-104k-r1,use1-az1,57,1.000966557,413.401088,3154.0,125,0,0,0,0,0,0,0,0,0,0
09-adaptive-batch-104k-r1,use1-az1,58,1.0010657049999998,413.27001600000006,3153.0,125,0,0,0,0,0,0,0,0,0,0
09-adaptive-batch-104k-r1,use1-az1,59,1.000970022,413.27001600000006,3153.0,125,0,0,0,0,0,0,0,0,0,0
09-adaptive-batch-104k-r1,use1-az1,60,1.000941898,413.401088,3154.0,125,0,0,0,0,0,0,0,0,0,0
09-adaptive-batch-104k-r1,use1-az1,61,0.100096728,41.28768,315.0,124,0,0,0,0,0,0,0,0,0,0
09-adaptive-batch-104k-r1,use1-az2,-1,0.300197439,0.0,0.0,0,0,0,0,0,0,0,0,0,0,0
09-adaptive-batch-104k-r1,use1-az2,0,1.001261731,423.46086399999996,25478.0,2,0,0,0,0,0,0,0,0,0,0
09-adaptive-batch-104k-r1,use1-az2,1,1.001149654,430.22335999999996,26978.0,2,0,0,0,0,0,0,0,0,0,0
09-adaptive-batch-104k-r1,use1-az2,2,1.0011320350000001,427.102208,26823.0,3,0,0,0,0,0,0,0,0,0,0
09-adaptive-batch-104k-r1,use1-az2,3,1.001174044,425.56620800000013,25607.0,2,0,0,0,0,0,0,0,0,0,0
09-adaptive-batch-104k-r1,use1-az2,4,1.0011874570000001,429.06828799999994,26959.0,1,0,0,0,0,0,0,0,0,0,0
09-adaptive-batch-104k-r1,use1-az2,5,1.0012533590000001,427.78623999999996,26863.0,2,0,0,0,0,0,0,0,0,0,0
09-adaptive-batch-104k-r1,use1-az2,6,0.90101879,384.049152,24124.0,2,0,0,0,0,0,0,0,0,0,0
09-adaptive-batch-104k-r1,use1-az2,7,1.001181625,428.97407999999996,26925.0,2,0,0,0,0,0,0,0,0,0,0
09-adaptive-batch-104k-r1,use1-az2,8,1.001092327,428.15078399999993,26880.0,1,0,0,0,0,0,0,0,0,0,0
09-adaptive-batch-104k-r1,use1-az2,9,1.001176186,428.130304,26878.0,1,0,0,0,0,0,0,0,0,0,0
09-adaptive-batch-104k-r1,use1-az2,10,1.0010696060000002,428.617728,26927.0,2,0,0,0,0,0,0,0,0,0,0
09-adaptive-batch-104k-r1,use1-az2,11,1.001064024,430.19059200000004,27044.0,1,0,0,0,0,0,0,0,0,0,0
09-adaptive-batch-104k-r1,use1-az2,12,1.001083675,427.38073599999996,26849.0,0,0,0,0,0,0,0,0,0,0,0
09-adaptive-batch-104k-r1,use1-az2,13,1.0011107320000001,428.949504,26918.0,2,0,0,0,0,0,0,0,0,0,0
09-adaptive-batch-104k-r1,use1-az2,14,1.001231687,427.91731200000004,26849.0,1,0,0,0,0,0,0,0,0,0,0
09-adaptive-batch-104k-r1,use1-az2,15,1.001079243,428.49894399999994,26898.0,2,0,0,0,0,0,0,0,0,0,0
09-adaptive-batch-104k-r1,use1-az2,16,1.001150415,428.78976000000006,26942.0,2,0,0,0,0,0,0,0,0,0,0
09-adaptive-batch-104k-r1,use1-az2,17,1.001103761,428.48256000000003,26904.0,2,0,0,0,0,0,0,0,0,0,0
09-adaptive-batch-104k-r1,use1-az2,18,1.001082582,429.215744,26928.0,2,0,0,0,0,0,0,0,0,0,0
09-adaptive-batch-104k-r1,use1-az2,19,1.001122284,425.459712,26748.0,1,0,0,0,0,0,0,0,0,0,0
09-adaptive-batch-104k-r1,use1-az2,20,1.0011287159999998,427.99513600000006,26871.0,2,0,0,0,0,0,0,0,0,0,0
09-adaptive-batch-104k-r1,use1-az2,21,1.0010881289999998,427.491328,26814.0,3,0,0,0,0,0,0,0,0,0,0
09-adaptive-batch-104k-r1,use1-az2,22,1.0011101260000002,429.002752,26928.0,2,0,0,0,0,0,0,0,0,0,0
09-adaptive-batch-104k-r1,use1-az2,23,1.001086659,427.61011199999996,26836.0,2,0,0,0,0,0,0,0,0,0,0
09-adaptive-batch-104k-r1,use1-az2,24,1.001121922,426.16831999999994,26781.0,1,0,0,0,0,0,0,0,0,0,0
09-adaptive-batch-104k-r1,use1-az2,25,1.001121403,426.71308799999997,26829.0,1,0,0,0,0,0,0,0,0,0,0
09-adaptive-batch-104k-r1,use1-az2,26,1.001069214,428.777472,26931.0,2,0,0,0,0,0,0,0,0,0,0
09-adaptive-batch-104k-r1,use1-az2,27,1.0011103650000002,428.703744,26959.0,4,0,0,0,0,0,0,0,0,0,0
09-adaptive-batch-104k-r1,use1-az2,28,1.00104547,416.530432,13421.0,109,0,0,0,0,0,0,0,0,0,0
09-adaptive-batch-104k-r1,use1-az2,29,1.0008891850000001,413.20448000000005,3190.0,126,0,0,0,0,0,0,0,0,0,0
09-adaptive-batch-104k-r1,use1-az2,30,1.001000576,413.270016,3153.0,126,0,0,0,0,0,0,0,0,0,0
09-adaptive-batch-104k-r1,use1-az2,31,1.000900352,413.27001600000006,3153.0,126,0,0,0,0,0,0,0,0,0,0
09-adaptive-batch-104k-r1,use1-az2,32,1.000986659,413.401088,3154.0,126,0,0,0,0,0,0,0,0,0,0
09-adaptive-batch-104k-r1,use1-az2,33,1.0010175399999999,413.270016,3153.0,126,0,0,0,0,0,0,0,0,0,0
09-adaptive-batch-104k-r1,use1-az2,34,1.000901815,413.401088,3154.0,125,0,0,0,0,0,0,0,0,0,0
09-adaptive-batch-104k-r1,use1-az2,35,1.000873658,413.13894400000004,3152.0,126,0,0,0,0,0,0,0,0,0,0
09-adaptive-batch-104k-r1,use1-az2,36,1.001095187,413.401088,3154.0,126,0,0,0,0,0,0,0,0,0,0
09-adaptive-batch-104k-r1,use1-az2,37,1.0010867350000001,413.401088,3154.0,126,0,0,0,0,0,0,0,0,0,0
09-adaptive-batch-104k-r1,use1-az2,38,1.001136184,413.27001600000006,3153.0,126,0,0,0,0,0,0,0,0,0,0
09-adaptive-batch-104k-r1,use1-az2,39,1.00126793,413.53216,3155.0,126,0,0,0,0,0,0,0,0,0,0
09-adaptive-batch-104k-r1,use1-az2,40,1.001076487,413.270016,3153.0,126,0,0,0,0,0,0,0,0,0,0
09-adaptive-batch-104k-r1,use1-az2,41,1.001080454,413.401088,3154.0,126,0,0,0,0,0,0,0,0,0,0
09-adaptive-batch-104k-r1,use1-az2,42,1.001032566,413.270016,3153.0,126,0,0,0,0,0,0,0,0,0,0
09-adaptive-batch-104k-r1,use1-az2,43,1.001099099,413.401088,3154.0,126,0,0,0,0,0,0,0,0,0,0
09-adaptive-batch-104k-r1,use1-az2,44,1.001112708,413.40108799999996,3154.0,125,0,0,0,0,0,0,0,0,0,0
09-adaptive-batch-104k-r1,use1-az2,45,1.0010252689999999,413.27001599999994,3153.0,126,0,0,0,0,0,0,0,0,0,0
09-adaptive-batch-104k-r1,use1-az2,46,1.0011111629999998,413.401088,3154.0,125,0,0,0,0,0,0,0,0,0,0
09-adaptive-batch-104k-r1,use1-az2,47,1.001196563,413.27001599999994,3153.0,125,0,0,0,0,0,0,0,0,0,0
09-adaptive-batch-104k-r1,use1-az2,48,1.001020367,413.401088,3154.0,126,0,0,0,0,0,0,0,0,0,0
09-adaptive-batch-104k-r1,use1-az2,49,1.0010314689999997,413.270016,3153.0,126,0,0,0,0,0,0,0,0,0,0
09-adaptive-batch-104k-r1,use1-az2,50,1.0010210029999997,413.40108799999996,3153.0,125,0,0,0,0,0,0,0,0,0,0
09-adaptive-batch-104k-r1,use1-az2,51,1.001151546,413.270016,3154.0,126,0,0,0,0,0,0,0,0,0,0
09-adaptive-batch-104k-r1,use1-az2,52,1.00102367,413.401088,3154.0,126,0,0,0,0,0,0,0,0,0,0
09-adaptive-batch-104k-r1,use1-az2,53,1.001056755,413.401088,3154.0,126,0,0,0,0,0,0,0,0,0,0
09-adaptive-batch-104k-r1,use1-az2,54,1.001073137,413.27001600000006,3153.0,126,0,0,0,0,0,0,0,0,0,0
09-adaptive-batch-104k-r1,use1-az2,55,1.00104842,413.270016,3153.0,126,0,0,0,0,0,0,0,0,0,0
09-adaptive-batch-104k-r1,use1-az2,56,1.0010242850000002,413.401088,3154.0,126,0,0,0,0,0,0,0,0,0,0
09-adaptive-batch-104k-r1,use1-az2,57,1.0010262330000002,413.27001600000006,3153.0,126,0,0,0,0,0,0,0,0,0,0
09-adaptive-batch-104k-r1,use1-az2,58,1.001103748,413.401088,3154.0,125,0,0,0,0,0,0,0,0,0,0
09-adaptive-batch-104k-r1,use1-az2,59,1.001056318,413.27001600000006,3153.0,126,0,0,0,0,0,0,0,0,0,0
09-adaptive-batch-104k-r1,use1-az2,60,1.00099277,413.40108799999996,3154.0,125,0,0,0,0,0,0,0,0,0,0
09-adaptive-batch-104k-r1,use1-az2,61,0.201167111,75.665408,578.0,124,0,0,0,0,0,0,0,0,0,0
09-adaptive-batch-104k-r1,use1-az4,-1,0.200156753,0.0,0.0,0,0,0,0,0,0,0,0,0,0,0
09-adaptive-batch-104k-r1,use1-az4,0,1.000908554,400.59699200000006,23637.0,1,0,0,0,0,0,0,0,0,0,0
09-adaptive-batch-104k-r1,use1-az4,1,1.000907248,430.21107199999994,26441.0,2,0,0,0,0,0,0,0,0,0,0
09-adaptive-batch-104k-r1,use1-az4,2,1.001081064,426.92198399999995,26294.0,1,0,0,0,0,0,0,0,0,0,0
09-adaptive-batch-104k-r1,use1-az4,3,1.000949527,425.52115200000003,25155.0,2,0,0,0,0,0,0,0,0,0,0
09-adaptive-batch-104k-r1,use1-az4,4,1.0010030200000002,429.006848,26471.0,1,0,0,0,0,0,0,0,0,0,0
09-adaptive-batch-104k-r1,use1-az4,5,1.000883712,427.38073599999996,26272.0,1,0,0,0,0,0,0,0,0,0,0
09-adaptive-batch-104k-r1,use1-az4,6,1.00093738,427.17184000000003,26229.0,1,0,0,0,0,0,0,0,0,0,0
09-adaptive-batch-104k-r1,use1-az4,7,1.000931209,428.662784,26432.0,1,0,0,0,0,0,0,0,0,0,0
09-adaptive-batch-104k-r1,use1-az4,8,1.000957964,428.466176,26421.0,2,0,0,0,0,0,0,0,0,0,0
09-adaptive-batch-104k-r1,use1-az4,9,1.001004126,427.864064,26392.0,1,0,0,0,0,0,0,0,0,0,0
09-adaptive-batch-104k-r1,use1-az4,10,1.0009478330000001,428.84710399999994,26407.0,1,0,0,0,0,0,0,0,0,0,0
09-adaptive-batch-104k-r1,use1-az4,11,1.000937899,430.2315519999999,26525.0,2,0,0,0,0,0,0,0,0,0,0
09-adaptive-batch-104k-r1,use1-az4,12,1.000970113,426.725376,26265.0,2,0,0,0,0,0,0,0,0,0,0
09-adaptive-batch-104k-r1,use1-az4,13,1.0009608920000002,428.9576960000001,26392.0,1,0,0,0,0,0,0,0,0,0,0
09-adaptive-batch-104k-r1,use1-az4,14,1.000993043,428.04838400000006,26333.0,2,0,0,0,0,0,0,0,0,0,0
09-adaptive-batch-104k-r1,use1-az4,15,1.000932434,428.43340800000004,26351.0,1,0,0,0,0,0,0,0,0,0,0
09-adaptive-batch-104k-r1,use1-az4,16,1.0009993640000001,428.34329600000007,26392.0,2,0,0,0,0,0,0,0,0,0,0
09-adaptive-batch-104k-r1,use1-az4,17,1.000932785,429.2648959999999,26384.0,1,0,0,0,0,0,0,0,0,0,0
09-adaptive-batch-104k-r1,use1-az4,18,1.0009028180000001,428.5931520000001,26361.0,2,0,0,0,0,0,0,0,0,0,0
09-adaptive-batch-104k-r1,use1-az4,19,1.0009227749999998,425.791488,26230.0,2,0,0,0,0,0,0,0,0,0,0
09-adaptive-batch-104k-r1,use1-az4,20,1.0009089439999999,427.1677440000001,26323.0,1,0,0,0,0,0,0,0,0,0,0
09-adaptive-batch-104k-r1,use1-az4,21,1.000950327,428.212224,26279.0,2,0,0,0,0,0,0,0,0,0,0
09-adaptive-batch-104k-r1,use1-az4,22,1.000926792,428.64230399999997,26368.0,1,0,0,0,0,0,0,0,0,0,0
09-adaptive-batch-104k-r1,use1-az4,23,1.000909947,427.29881599999993,26309.0,1,0,0,0,0,0,0,0,0,0,0
09-adaptive-batch-104k-r1,use1-az4,24,1.000936592,426.176512,26305.0,1,0,0,0,0,0,0,0,0,0,0
09-adaptive-batch-104k-r1,use1-az4,25,1.0009792810000002,427.053056,26617.0,1,0,0,0,0,0,0,0,0,0,0
09-adaptive-batch-104k-r1,use1-az4,26,1.001059637,428.42112000000003,26714.0,2,0,0,0,0,0,0,0,0,0,0
09-adaptive-batch-104k-r1,use1-az4,27,1.0009449620000002,428.8266239999999,26760.0,1,0,0,0,0,0,0,0,0,0,0
09-adaptive-batch-104k-r1,use1-az4,28,1.0009051080000002,416.219136,12355.0,109,0,886,0,0,0,0,0,0,0,0
09-adaptive-batch-104k-r1,use1-az4,29,1.0008612510000001,413.11027200000007,3178.0,122,0,281,0,0,0,0,0,0,0,0
09-adaptive-batch-104k-r1,use1-az4,30,1.000877789,413.4010880000001,3154.0,122,0,0,0,0,0,0,0,0,0,0
09-adaptive-batch-104k-r1,use1-az4,31,1.000907229,413.270016,3153.0,122,0,0,0,0,0,0,0,0,0,0
09-adaptive-batch-104k-r1,use1-az4,32,1.0008751130000002,413.270016,3153.0,122,0,0,0,0,0,0,0,0,0,0
09-adaptive-batch-104k-r1,use1-az4,33,1.00088283,413.13894400000004,3152.0,122,0,0,0,0,0,0,0,0,0,0
09-adaptive-batch-104k-r1,use1-az4,34,1.000880158,413.27001600000006,3153.0,122,0,0,0,0,0,0,0,0,0,0
09-adaptive-batch-104k-r1,use1-az4,35,1.000805323,413.270016,3153.0,122,0,0,0,0,0,0,0,0,0,0
09-adaptive-batch-104k-r1,use1-az4,36,1.000840728,413.270016,3153.0,122,0,0,0,0,0,0,0,0,0,0
09-adaptive-batch-104k-r1,use1-az4,37,1.0008325729999998,413.13894400000004,3152.0,122,0,0,0,0,0,0,0,0,0,0
09-adaptive-batch-104k-r1,use1-az4,38,1.000825636,413.27001599999994,3153.0,122,0,0,0,0,0,0,0,0,0,0
09-adaptive-batch-104k-r1,use1-az4,39,1.0008148510000001,413.270016,3153.0,122,0,0,0,0,0,0,0,0,0,0
09-adaptive-batch-104k-r1,use1-az4,40,1.000849941,413.27001600000006,3153.0,122,0,0,0,0,0,0,0,0,0,0
09-adaptive-batch-104k-r1,use1-az4,41,1.000840171,413.270016,3153.0,122,0,0,0,0,0,0,0,0,0,0
09-adaptive-batch-104k-r1,use1-az4,42,1.000811967,413.270016,3153.0,122,0,0,0,0,0,0,0,0,0,0
09-adaptive-batch-104k-r1,use1-az4,43,1.000839181,413.13894400000004,3152.0,122,0,0,0,0,0,0,0,0,0,0
09-adaptive-batch-104k-r1,use1-az4,44,1.0008446530000001,413.270016,3153.0,122,0,0,0,0,0,0,0,0,0,0
09-adaptive-batch-104k-r1,use1-az4,45,1.000839788,413.270016,3153.0,122,0,0,0,0,0,0,0,0,0,0
09-adaptive-batch-104k-r1,use1-az4,46,1.000899533,413.27001600000006,3153.0,122,0,0,0,0,0,0,0,0,0,0
09-adaptive-batch-104k-r1,use1-az4,47,1.000902851,413.401088,3154.0,122,0,0,0,0,0,0,0,0,0,0
09-adaptive-batch-104k-r1,use1-az4,48,1.000887932,413.138944,3152.0,122,0,0,0,0,0,0,0,0,0,0
09-adaptive-batch-104k-r1,use1-az4,49,1.0009027980000003,413.27001599999994,3153.0,122,0,0,0,0,0,0,0,0,0,0
09-adaptive-batch-104k-r1,use1-az4,50,1.000845781,413.27001600000006,3153.0,122,0,53,0,0,0,0,0,0,0,0
09-adaptive-batch-104k-r1,use1-az4,51,1.000896156,413.27001600000006,3153.0,122,0,0,0,0,0,0,0,0,0,0
09-adaptive-batch-104k-r1,use1-az4,52,1.000861884,413.13894400000004,3152.0,122,0,0,0,0,0,0,0,0,0,0
09-adaptive-batch-104k-r1,use1-az4,53,1.0008518,413.27001600000006,3153.0,122,0,0,0,0,0,0,0,0,0,0
09-adaptive-batch-104k-r1,use1-az4,54,1.001460776,413.53216,3155.0,122,0,0,0,0,0,0,0,0,0,0
09-adaptive-batch-104k-r1,use1-az4,55,1.0008600239999998,413.66323200000005,3156.0,122,0,0,0,0,0,0,0,0,0,0
09-adaptive-batch-104k-r1,use1-az4,56,1.000803398,412.8768,3150.0,122,0,0,0,0,0,0,0,0,0,0
09-adaptive-batch-104k-r1,use1-az4,57,1.000846649,413.27001600000006,3153.0,122,0,0,0,0,0,0,0,0,0,0
09-adaptive-batch-104k-r1,use1-az4,58,1.000867134,413.27001600000006,3153.0,122,0,0,0,0,0,0,0,0,0,0
09-adaptive-batch-104k-r1,use1-az4,59,1.0008540689999998,413.270016,3153.0,122,0,0,0,0,0,0,0,0,0,0
09-adaptive-batch-104k-r1,use1-az4,60,1.000837384,413.13894400000004,3152.0,122,0,0,0,0,0,0,0,0,0,0
09-adaptive-batch-104k-r1,use1-az4,61,0.300245132,60.067840000000004,459.0,122,0,0,0,0,0,0,0,0,0,0
