suite,case,c8g_ns,c9g_ns,c8g_over_c9g,c8g_cv,c9g_cv,c8g_samples_ns,c9g_samples_ns
seriespack,ordinary/k7/local/read/bound,1378.34037600363,1105.7124763915124,1.2465631033682802,0.0004384930648184759,0.0007406422266204085,"[1378.96405673591, 1378.3017695448896, 1379.6113314000513, 1378.34037600363, 1378.1746069321973]","[1105.7124763915124, 1106.6180424397292, 1105.8343993524527, 1104.4225562239114, 1105.1465710159187]"
seriespack,ordinary/k7/local/read/concrete,1378.722101863159,1105.326256471776,1.2473440251605603,0.00011253509537345446,0.00035670028481435596,"[1378.722101863159, 1378.9875920746845, 1378.656083822429, 1378.573659747115, 1378.7257848505133]","[1105.1383539588332, 1105.206181336028, 1106.0578198004803, 1105.326256471776, 1105.7521783053414]"
seriespack,ordinary/k12/striped/read/bound,505.60570360387766,342.88050784902265,1.4745828124662783,2.4378926970935655e-05,0.0006190966666036273,"[505.6236650291993, 505.62093350142766, 505.59698010404486, 505.60570360387766, 505.59923343331974]","[342.6100684021453, 342.94255203976195, 342.93783278382006, 342.88050784902265, 342.4794891983663]"
seriespack,ordinary/k12/striped/read/concrete,505.6269234946963,342.3994693064276,1.4767164345169872,0.00031279566166293006,0.0013515509005938156,"[505.6269234946963, 505.96192476193926, 505.64997284478164, 505.60951518881876, 505.5705420181761]","[343.4318788217041, 342.39848037559864, 342.48970190099914, 342.3295391680245, 342.3994693064276]"
seriespack,ordinary/k28/local/read/bound,1561.5367215172837,1146.221837742099,1.3623337735331393,0.001755233721327403,0.00022330315792632694,"[1562.3268842756606, 1556.5799444020968, 1561.5367215172837, 1561.0611128547703, 1563.9115589830974]","[1146.27282417961, 1146.5868278203225, 1146.0663036882754, 1146.221837742099, 1145.9012742509476]"
seriespack,ordinary/k28/local/read/concrete,1559.6751593776526,1147.281430143375,1.3594529802358442,0.0003028420602778494,0.0008348228122732544,"[1560.3318398644726, 1559.3454594088569, 1559.468570282197, 1560.3313494717165, 1559.6751593776526]","[1145.9628340094275, 1147.281430143375, 1148.0006897797673, 1147.5370920856003, 1145.8843797730299]"
seriespack,ordinary/k64/local/read/bound,960.6460886855139,682.797893666038,1.4069259697443848,0.00033897991029162473,0.0025432600026868406,"[960.9142697608523, 960.6460886855139, 960.6566023860145, 960.2412022661632, 960.1245573895569]","[686.3368937557974, 682.9641763655783, 682.3487418843315, 682.0400921521108, 682.797893666038]"
seriespack,ordinary/k64/local/read/concrete,952.7002208642151,678.234812299603,1.4046760850184286,0.0005642339398865404,0.008744066172246162,"[952.7002208642151, 952.5907779027384, 952.674015257243, 953.8866275524736, 952.839433070013]","[675.0123431100875, 690.4789977962126, 680.9289774608161, 678.234812299603, 677.9262345474657]"
seriespack,ordinary/k7/local/point/bound,12305.50017599436,10238.962460747947,1.2018307736910536,0.0003057703313377339,0.024379542506783602,"[12303.967265047524, 12304.872580077397, 12310.526223160912, 12312.410946849694, 12305.50017599436]","[9991.723379960025, 10482.420639451924, 10228.091207536385, 10238.962460747947, 10642.39180702256]"
seriespack,ordinary/k7/local/point/concrete,7421.600318809806,5058.894664346793,1.4670398992717681,0.0005336109898363483,0.0030890020459486585,"[7421.600318809806, 7420.950159404876, 7430.030712008498, 7420.311264612095, 7422.80743889479]","[5058.894664346793, 5055.06517326375, 5082.003987240822, 5083.878280411765, 5050.708278961869]"
seriespack,ordinary/k12/striped/point/bound,11746.11853593016,10099.291606576315,1.1630636081724275,0.00012152626825475862,0.0019204096770512374,"[11745.463566151797, 11746.11853593016, 11745.930322364018, 11749.07857622564, 11746.409838818025]","[10081.136573406387, 10099.291606576315, 10071.024805307201, 10115.884914911987, 10111.89948081919]"
seriespack,ordinary/k12/striped/point/concrete,9773.444087223927,6678.411685823766,1.463438396283651,0.0005858965570193069,0.0031734457209168843,"[9773.444087223927, 9774.427592955044, 9776.698350573077, 9762.039558289125, 9769.948979591794]","[6678.411685823766, 6645.905459770096, 6683.817241379257, 6657.154022988567, 6698.735919540207]"
seriespack,ordinary/k28/local/point/bound,14341.490043112279,11457.756278442605,1.2516839854671482,0.0002777758248749569,0.028185648471687353,"[14341.490043112279, 14341.977827961447, 14334.522479983616, 14338.079860398175, 14344.881338534138]","[11753.502612506285, 10961.229394909858, 11253.064217090865, 11671.79875273889, 11457.756278442605]"
seriespack,ordinary/k28/local/point/concrete,11533.742772179126,7835.732294935072,1.471941911496186,0.0009361608113637402,0.0005264886621624866,"[11538.304477118865, 11520.495622005687, 11536.606145712854, 11533.742772179126, 11513.919378820456]","[7830.404863289981, 7836.045719408359, 7832.486889287278, 7841.259300761937, 7835.732294935072]"
seriespack,ordinary/k64/local/point/bound,6289.698612862551,6314.945012209456,0.9960021188944492,0.00036283249999703867,0.005046689234610991,"[6286.49522608539, 6289.698612862551, 6291.253017474382, 6289.836425869179, 6286.023239056014]","[6314.945012209456, 6315.294654969711, 6274.289771185705, 6315.778420909862, 6246.226191552841]"
seriespack,ordinary/k64/local/point/concrete,5572.651382009916,4168.174176673412,1.33695261901397,0.00012476593002053475,0.003488882113596994,"[5572.651382009916, 5571.8184214730645, 5572.759066943582, 5572.072855088638, 5573.609202748051]","[4166.031030793043, 4165.106824396641, 4168.174176673412, 4193.229936987272, 4192.698906194307]"
seriespack,ordinary/k7/local/maintained-write/bound,3768.5366720516945,3022.0416666666492,1.2470167812770228,0.00026638848636262715,0.0008462952381439962,"[3768.5366720516945, 3768.3713516424323, 3768.061066235874, 3768.7243941841543, 3770.601238556837]","[3020.5101363008894, 3018.3611542442877, 3022.0416666666492, 3023.97114389233, 3024.6196946169566]"
seriespack,ordinary/k7/local/maintained-write/concrete,3765.7516720604035,3018.487204936765,1.2475625756840978,0.0005559942457829591,0.0004987316262643151,"[3770.3673678533296, 3765.9406148866938, 3765.5649406688417, 3765.537216828502, 3765.7516720604035]","[3018.2917619643436, 3018.487204936765, 3018.3216243041534, 3020.6970612350624, 3021.4434902688263]"
seriespack,ordinary/k12/striped/maintained-write/bound,1826.9562286042792,1486.4586244240052,1.229066318150776,0.00020620635719157995,0.00015900419895125022,"[1827.6588444351455, 1826.9562286042792, 1826.6395066245275, 1826.956489926043, 1826.9352705986937]","[1486.7282186312257, 1486.3589280784877, 1486.4070031639553, 1486.4586244240052, 1486.9090523007605]"
seriespack,ordinary/k12/striped/maintained-write/concrete,1821.3462089816824,1490.4657516729922,1.2219980277556122,0.0005298195596980949,0.0006200015207059113,"[1823.3251231527145, 1821.0716240519157, 1821.3462089816824, 1822.1104595094696, 1821.0451690254708]","[1489.1646562380101, 1490.5728656067586, 1490.4657516729922, 1491.7058522654768, 1490.0112314052992]"
seriespack,ordinary/k28/local/maintained-write/bound,4769.619521504985,3707.738603272102,1.2863958417391577,0.0004283021100796057,0.00022746951449198423,"[4769.619521504985, 4770.082202985477, 4766.974984663578, 4768.841933065221, 4772.599550132881]","[3707.395351299849, 3708.4919786096148, 3707.738603272102, 3706.287340498792, 3708.115211521145]"
seriespack,ordinary/k28/local/maintained-write/concrete,4768.665689948888,3704.1754209467267,1.2873757714018024,0.00011711809617827052,0.0005632340162631193,"[4769.494105621771, 4767.979148211265, 4769.013560477031, 4768.665689948888, 4768.5975468483675]","[3701.4463094355774, 3704.1754209467267, 3705.266281901895, 3707.1652546860146, 3703.9086625013488]"
seriespack,ordinary/k64/local/maintained-write/bound,2918.929792378861,2040.9528315620475,1.430179937154575,0.0009041217591811713,0.0004165188814597666,"[2921.9299591427994, 2922.3705494871847, 2917.8476611357105, 2916.232594013192, 2918.929792378861]","[2040.9528315620475, 2041.5692531664145, 2039.9977871597207, 2039.8732275440423, 2041.6796331344165]"
seriespack,ordinary/k64/local/maintained-write/concrete,2915.2995706723195,2042.0216795051706,1.427653584646939,0.00045568371773774784,0.0015612682316723855,"[2916.632487182714, 2915.2995706723195, 2914.9510649827266, 2915.228460672776, 2918.118294360357]","[2039.1929563492095, 2042.0216795051706, 2036.9887663398388, 2042.6463585434112, 2045.211951447269]"
seriespack,pipeline-mutation/k7/depth3/inline,8345.590247973314,6683.659900895793,1.248655732296429,0.00021233576342938608,0.0003540452352132942,"[8345.590247973314, 8344.873271340002, 8346.055197901922, 8345.087029089278, 8349.229256080083]","[6685.283495330641, 6683.659900895793, 6684.7520487898, 6680.644082332783, 6680.140461215926]"
seriespack,pipeline-mutation/k7/depth3/cps,10433.870809119157,8130.899360836642,1.283236988441282,0.00022614710787713458,0.0008181596297840428,"[10430.552227686125, 10434.99672180008, 10433.870809119157, 10434.93309491887, 10430.20131128004]","[8121.7165601394645, 8136.605113306118, 8122.953864032534, 8134.121673445493, 8130.899360836642]"
seriespack,pipeline-mutation/k7/depth3/scratch-calls,11018.09211147844,9236.990199973567,1.1928227564331475,0.00030806550285079117,0.0015490074035983971,"[11019.270823492207, 11016.139505589426, 11022.058888364096, 11013.006770587423, 11018.09211147844]","[9264.35068202895, 9236.990199973567, 9227.13481658057, 9233.824394119929, 9244.954310687168]"
seriespack,pipeline-mutation/k7/depth3/fused,6580.420423529511,5145.079220301566,1.278973586560989,0.000297872310954426,0.0004458051734738636,"[6581.293835294091, 6580.218352941275, 6580.420423529511, 6584.675576470665, 6579.87369411765]","[5145.079220301566, 5143.556675248221, 5143.347112909164, 5148.752556086793, 5146.872085325513]"
seriespack,pipeline-mutation/k12/depth3/inline,11269.018536427939,8370.951680421076,1.3462051827135961,0.00013376375627763737,0.00047784056395711917,"[11266.092037395147, 11269.018536427939, 11268.039813023734, 11269.535944551879, 11269.817537072939]","[8370.665590240385, 8370.951680421076, 8369.681258222823, 8378.272694653637, 8377.009329027725]"
seriespack,pipeline-mutation/k12/depth3/cps,13748.71720747324,9844.626495846858,1.3965707295521468,0.00015024252865573665,0.0002600921854592885,"[13751.169714847483, 13750.452507374566, 13748.71720747324, 13745.84424778773, 13748.521140609766]","[9845.93425313243, 9844.309446712716, 9844.626495846858, 9841.112769252584, 9848.1279740956]"
seriespack,pipeline-mutation/k12/depth3/scratch-calls,14704.019550136816,10186.508304195768,1.4434798569869431,0.0002723646998700606,0.00022211527851047447,"[14704.019550136816, 14712.337607735795, 14702.399621610082, 14705.08198444393, 14703.157662392076]","[10184.07517482516, 10186.508304195768, 10185.721590909176, 10190.214889277366, 10187.199446386901]"
seriespack,pipeline-mutation/k12/depth3/fused,7078.765170702078,5910.713790772278,1.1976159599798835,5.296552811729097e-05,0.0003354738662182918,"[7079.019248303098, 7078.774896160396, 7078.052882180055, 7078.427920170206, 7078.765170702078]","[5914.370035490941, 5910.713790772278, 5909.281899611326, 5912.610359979708, 5910.647540983607]"
seriespack,pipeline-mutation/k31/depth3/inline,14552.29692051605,12614.341740227217,1.1536310986493001,5.063020196810521e-05,0.00020816154881212335,"[14552.834789845834, 14551.84186433632, 14553.678734914838, 14552.29692051605, 14552.048689138763]","[12615.362637362854, 12614.341740227217, 12611.357773374228, 12617.153485858315, 12611.035128805546]"
seriespack,pipeline-mutation/k31/depth3/cps,17289.174289246,14647.69155165179,1.1803344047954325,0.00035159063139160766,0.0004827462049646105,"[17302.67095179232, 17289.174289246, 17289.084548825766, 17296.021755253478, 17289.068726823305]","[14652.157465495642, 14633.425135926636, 14647.69155165179, 14647.731911334298, 14645.84086156425]"
seriespack,pipeline-mutation/k31/depth3/scratch-calls,18964.448631064883,16180.509015256557,1.172055132084124,6.53201214428135e-05,0.0001415149775804446,"[18965.04608294918, 18964.953645974445, 18962.0040661426, 18964.093521279505, 18964.448631064883]","[16184.486361534644, 16180.509015256557, 16181.405224225822, 16178.243643088079, 16180.088765603432]"
seriespack,pipeline-mutation/k31/depth3/fused,9611.018416712464,7945.5301738833505,1.2096132298765296,0.00022902932727252134,0.00035059736400355404,"[9611.018416712464, 9612.505909840585, 9607.589334799291, 9609.15832875195, 9612.704645409422]","[7942.223093533231, 7945.5301738833505, 7946.643368564612, 7949.883509489708, 7944.9077167859305]"
seriespack,pipeline-mutation/k64/depth3/inline,14451.342762750131,12432.212115828595,1.1624112127519763,0.0005613156770884424,0.0002192565873970806,"[14469.125954986544, 14451.342762750131, 14451.122857732724, 14451.591781953166, 14450.063183976772]","[12432.842067862757, 12429.236276425745, 12428.573103570923, 12432.212115828595, 12435.212826434314]"
seriespack,pipeline-mutation/k64/depth3/cps,17705.410230438392,14780.817587516158,1.1978640643933214,6.610406299897954e-05,0.0005386255316853164,"[17704.810078501017, 17705.410230438392, 17705.76854900001, 17707.56469992447, 17704.631552291474]","[14777.277309152238, 14768.480598903403, 14790.157950232335, 14780.817587516158, 14783.08962463124]"
seriespack,pipeline-mutation/k64/depth3/scratch-calls,19479.12002227785,16762.77316370608,1.1620463888667938,0.0002452171388474135,0.00040950513343576944,"[19478.973266499248, 19480.08576998021, 19488.65998329184, 19479.12002227785, 19475.993595098826]","[16755.61617858855, 16762.77316370608, 16756.87205952937, 16771.54728756572, 16767.830292846877]"
seriespack,pipeline-mutation/k64/depth3/fused,9406.435368648148,7970.020066127076,1.1802273131815437,0.00017951652237703156,0.00037732334180119297,"[9407.553578649597, 9405.549130610616, 9403.65224423767, 9406.435368648148, 9407.813317158532]","[7966.954053129577, 7970.413977881708, 7970.020066127076, 7963.461178884911, 7970.183787481517]"
seriespack,pipeline-mutation/k7/depth7/inline,21829.10861423224,17008.074380165086,1.283455617979274,9.067721485575576e-05,0.0003741283331543522,"[21832.4666042448, 21829.10861423224, 21827.698813982886, 21830.95411985045, 21828.25374531806]","[17002.246718522038, 17014.72289742324, 17008.074380165086, 17003.07462323792, 17015.916383082265]"
seriespack,pipeline-mutation/k7/depth7/cps,29719.191507430718,22919.774647887596,1.2966615930567098,0.0008207835387807295,0.0004904641558915147,"[29737.354140127343, 29717.867091295382, 29774.569851379467, 29718.279405519854, 29719.191507430718]","[22919.774647887596, 22923.85063871607, 22926.329511955806, 22899.30461840843, 22909.339010809315]"
seriespack,pipeline-mutation/k7/depth7/scratch-calls,32368.922756706444,25234.293862816165,1.2827354287255672,0.00017675584513276207,0.00021493257025907394,"[32370.637835337107, 32368.922756706444, 32360.9320074005, 32362.03376503228, 32374.29185938889]","[25243.136101083215, 25243.11552346611, 25232.888086642637, 25232.68050541534, 25234.293862816165]"
seriespack,pipeline-mutation/k7/depth7/fused,6579.120052646155,5148.049349121164,1.2779830973782902,0.000268878712006255,0.0003240028579857904,"[6580.715709316534, 6578.726896681497, 6578.5590862085955, 6582.7459810098335, 6579.120052646155]","[5146.828785761597, 5149.47311907038, 5145.816062366548, 5149.679046848621, 5148.049349121164]"
seriespack,pipeline-mutation/k31/depth7/inline,36049.29520865455,31112.29853398472,1.158683122343951,0.00011302524277617496,0.0002872478341865104,"[36053.20814013478, 36042.23853683774, 36049.29520865455, 36049.712004122346, 36046.68366821321]","[31098.68902709973, 31114.77076854651, 31112.29853398472, 31109.728565082438, 31123.384717903267]"
seriespack,pipeline-mutation/k31/depth7/cps,45432.78585334143,38710.03265080244,1.1736695306662221,6.52251250215387e-05,0.00040604348908933595,"[45433.055158988645, 45438.480207657645, 45432.78585334143, 45432.43153796246, 45430.58792991536]","[38709.991145545595, 38710.03265080244, 38695.266187049514, 38737.691200885405, 38720.88544548923]"
seriespack,pipeline-mutation/k31/depth7/scratch-calls,46801.30748663039,39946.458023986765,1.1716009328919093,0.0002853893326449403,0.00046003654387840275,"[46801.30748663039, 46827.16778074802, 46794.804144385394, 46794.97927807547, 46807.0775401064]","[39964.6487721303, 39925.61507709933, 39946.458023986765, 39940.47001713315, 39970.95602512901]"
seriespack,pipeline-mutation/k31/depth7/fused,9473.999457406358,7832.811555256705,1.2095273058175682,0.0004800498040228375,0.0002270058396789972,"[9480.674715138352, 9476.905588714468, 9473.999457406358, 9470.695333694883, 9469.58206728136]","[7832.915239054937, 7830.011756802143, 7832.811555256705, 7833.451237263219, 7829.689396484129]"
seriespack,pipeline-packet/n16/source0-map0-filter0-sink0/inline,4151.672499703501,3158.320366442511,1.3145191171280348,0.00010469298269470279,0.0005288926180368503,"[4152.3546684067505, 4151.672499703501, 4151.625163127482, 4151.296239174222, 4152.188931071134]","[3160.954014170319, 3157.174962769043, 3158.320366442511, 3157.7146531882076, 3160.3933841779394]"
seriespack,pipeline-packet/n16/source0-map0-filter0-sink0/cps,6704.183531458246,4854.610872278329,1.3809929792193394,9.742978809300273e-05,0.000597817597715745,"[6705.315840339999, 6703.959988402334, 6704.180245482049, 6705.261138494335, 6704.183531458246]","[4857.394744141017, 4854.610872278329, 4852.249410622484, 4850.734780196812, 4856.9721259186235]"
seriespack,pipeline-packet/n16/source0-map0-filter0-sink0/fused,4151.865068533704,3157.863779740483,1.3147701605022715,0.00016053957001686473,0.00042543985475092597,"[4151.865068533704, 4151.376312822801, 4151.206610099122, 4151.8881504775845, 4152.9163353706]","[3160.459985580396, 3157.683669790938, 3157.863779740483, 3159.8864906273557, 3157.705930064831]"
seriespack,pipeline-packet/n16/source0-map1-filter1-sink1/inline,8766.495483061683,6777.724701079105,1.2934274951689817,0.0004717693979705491,0.0005131085488769406,"[8767.107653701418, 8766.339648682795, 8773.761606022657, 8766.495483061683, 8762.287829360299]","[6780.9040536599305, 6775.851851851687, 6783.349761835276, 6775.106639447842, 6777.724701079105]"
seriespack,pipeline-packet/n16/source0-map1-filter1-sink1/cps,11118.444585582829,8113.6916105041955,1.3703311783736767,0.002884060015097004,0.0006323030490588247,"[11125.896475071002, 11149.871705303158, 11118.444585582829, 11083.78024769754, 11071.199110828495]","[8119.643736928023, 8113.6916105041955, 8110.935626307381, 8108.656867302149, 8120.103764815214]"
seriespack,pipeline-packet/n16/source0-map1-filter1-sink1/fused,8765.86276969407,6751.244066147663,1.2984070319199659,0.00010534589661506014,0.0026419109330260825,"[8767.104867034588, 8765.581033617666, 8764.601480180694, 8766.312719518248, 8765.86276969407]","[6776.239688715864, 6772.863424124657, 6751.244066147663, 6741.646011672984, 6737.246498054546]"
seriespack,pipeline-packet/n16/source1-map0-filter0-sink1/inline,9152.444342707455,7621.082211120752,1.2009376213462342,0.0002715664365943124,0.0004189237192308568,"[9147.440287769607, 9153.585219097778, 9151.440156965238, 9152.444342707455, 9153.251929365304]","[7615.86185925262, 7617.093614248334, 7622.58351433533, 7621.082211120752, 7622.725347524021]"
seriespack,pipeline-packet/n16/source1-map0-filter0-sink1/cps,10747.628268225428,8416.313342967458,1.2769995400903154,0.00020717694409307148,0.0007209424794062671,"[10747.628268225428, 10747.974469393985, 10746.274838510977, 10747.654721624385, 10742.624423254258]","[8416.313342967458, 8413.727601156254, 8415.04178709081, 8422.15618978783, 8428.315631021056]"
seriespack,pipeline-packet/n16/source1-map0-filter0-sink1/fused,9147.369977751583,7620.760117493541,1.2003225185836375,0.0005266007144982849,0.0005919067180687915,"[9147.369977751583, 9146.995681193259, 9147.757099855968, 9152.017798717006, 9138.76678445229]","[7615.846496953985, 7628.31429503891, 7621.504569190812, 7619.838555265406, 7620.760117493541]"
seriespack,pipeline-packet/n16/source1-map2-filter2-sink0/inline,5843.303828151248,4509.8626731078475,1.2956722303307955,0.0003157518765826053,0.0005113204901684859,"[5846.792711467605, 5843.304496823692, 5842.289702440616, 5842.361751922416, 5843.303828151248]","[4509.8626731078475, 4510.184347826114, 4511.675104669917, 4505.935136876177, 4507.398003220536]"
seriespack,pipeline-packet/n16/source1-map2-filter2-sink0/cps,8681.315638985661,6626.342313184148,1.310121818142842,0.0005253063078079213,0.0008675170383517921,"[8687.036300348038, 8678.021631028934, 8687.385380407442, 8681.315638985661, 8678.336151168576]","[6632.949452641708, 6630.111375535451, 6620.822751070738, 6626.342313184148, 6619.671680152598]"
seriespack,pipeline-packet/n16/source1-map2-filter2-sink0/fused,5836.371125407117,4511.736889575912,1.2935974034504738,0.00024386340173819168,0.00045438354501375807,"[5836.755117386408, 5836.163672821618, 5836.371125407117, 5836.36903667832, 5839.561533962648]","[4508.788042777819, 4507.790555340727, 4511.794936219382, 4511.736889575912, 4512.323154232742]"
seriespack,pipeline-packet/n16/source1-map0-filter0-sink1-empty/inline,3446.977326382068,2700.082050688527,1.2766194736575065,0.0009919644066505927,0.0005138415477408551,"[3441.1205488884098, 3441.6924060595097, 3446.977326382068, 3447.9013869761284, 3447.9102891992625]","[2701.7342128611776, 2700.7494888708297, 2697.9704895266505, 2699.8245573429244, 2700.082050688527]"
seriespack,pipeline-packet/n16/source1-map0-filter0-sink1-empty/cps,6518.86280516114,4783.963172998152,1.362649035836058,0.026604442043130474,0.0006503158801320674,"[6518.86280516114, 6523.203750116162, 6496.415111853786, 6523.421238280876, 6133.235032024429]","[4788.283274118813, 4781.2780814430225, 4785.126059032438, 4783.963172998152, 4780.563063678673]"
seriespack,pipeline-packet/n16/source1-map0-filter0-sink1-empty/fused,3441.26357199057,2698.8033027240226,1.2751072182686116,0.00046840494338682256,0.0007410114777877398,"[3440.9188630998874, 3441.1385719907094, 3443.7516227379033, 3441.26357199057, 3444.291207710463]","[2702.2130951463046, 2696.944671656826, 2698.8033027240226, 2697.8088587082457, 2698.853615248051]"
seriespack,pipeline-packet/n32/source0-map0-filter0-sink0/inline,3738.157827271312,2903.2431726823843,1.2875799941406656,0.0011901234467515081,0.0005601472870999274,"[3737.4337445923043, 3738.098007797921, 3738.157827271312, 3739.543823105381, 3748.112749025268]","[2903.285276200778, 2900.5863412207605, 2903.2431726823843, 2900.9435166383805, 2904.322696945881]"
seriespack,pipeline-packet/n32/source0-map0-filter0-sink0/cps,5983.658989726075,4236.722652937573,1.4123320027987307,8.420771413551058e-05,0.0004555533178564335,"[5983.932876712224, 5984.53690068492, 5983.312671232861, 5983.658989726075, 5983.345462328726]","[4237.622107813372, 4233.033070866172, 4237.815808600878, 4236.722652937573, 4236.27867958815]"
seriespack,pipeline-packet/n32/source0-map0-filter0-sink0/fused,4018.719459614862,3091.5760346273846,1.2998934571244412,6.897829484215872e-05,0.0005539598454320579,"[4018.8365047426532, 4018.719459614862, 4018.13394653635, 4018.5418223627858, 4018.7298074159935]","[3094.751954419014, 3090.999690826331, 3090.2612958792133, 3091.9083079368997, 3091.5760346273846]"
seriespack,pipeline-packet/n32/source0-map1-filter1-sink1/inline,6892.219699960791,5613.455983935931,1.2278032854776644,7.588029408989005e-05,0.0007986481619168397,"[6891.541452822644, 6891.105309909132, 6892.219699960791, 6892.251085669229, 6892.235688906626]","[5621.5242570281325, 5613.455983935931, 5612.784176706789, 5619.465542168716, 5611.361445783229]"
seriespack,pipeline-packet/n32/source0-map1-filter1-sink1/cps,8906.785505031201,7118.4320398211685,1.2512285648308248,0.0003247629807663164,0.0006695881123801091,"[8909.583619920852, 8905.69265061783, 8902.247229651904, 8906.785505031201, 8908.782320723516]","[7120.513510768009, 7119.2120073143515, 7108.515948801126, 7118.4320398211685, 7116.72429906519]"
seriespack,pipeline-packet/n32/source0-map1-filter1-sink1/fused,8636.355149419434,6659.853916523552,1.2967784665654676,0.00024786540200021925,0.000661228382450318,"[8632.873055075279, 8635.277105458263, 8637.722030131068, 8636.355149419434, 8638.231291677148]","[6652.906232132471, 6659.853916523552, 6663.495425957846, 6655.532399466128, 6661.800933867083]"
seriespack,pipeline-packet/n32/source1-map0-filter0-sink1/inline,7049.855082694755,5502.025856648909,1.2813198749648504,5.2008641961349226e-05,0.00078414082671238,"[7049.8695038324295, 7049.522488907007, 7050.484872932912, 7049.671843485284, 7049.855082694755]","[5495.548019490615, 5506.839122917191, 5503.2628104369005, 5498.792282301159, 5502.025856648909]"
seriespack,pipeline-packet/n32/source1-map0-filter0-sink1/cps,9045.139342139206,6991.245175482439,1.2937808809594544,0.00018097121179507994,0.0005014049037520584,"[9046.335664335595, 9042.6094276093, 9045.139342139206, 9045.444055944288, 9042.927479927443]","[6989.4053594638535, 6991.245175482439, 6995.53794620567, 6992.3882611736, 6986.096290371212]"
seriespack,pipeline-packet/n32/source1-map0-filter0-sink1/fused,9173.509978991851,7663.011176857452,1.1971155681850179,8.199468952261686e-05,0.000513000109400636,"[9173.377494747921, 9173.509978991851, 9174.249212185183, 9172.416097688852, 9174.226234243506]","[7663.011176857452, 7655.92143326738, 7662.460771422048, 7666.601687486471, 7663.746986631484]"
seriespack,pipeline-packet/n32/source1-map2-filter2-sink0/inline,5294.367742913507,4297.109420067598,1.2320765485255483,4.370222614516103e-05,0.0003440482876097864,"[5294.670835227962, 5294.367742913507, 5294.524859784888, 5294.349855995077, 5294.050856449862]","[4297.359128567086, 4297.109420067598, 4296.9101564898965, 4300.3367290580345, 4296.860202516076]"
seriespack,pipeline-packet/n32/source1-map2-filter2-sink0/cps,7021.461081462083,5523.0722511437225,1.271296257261178,0.0004810729426827467,0.0005080544621284122,"[7028.450709898153, 7025.943610915219, 7021.014902829449, 7021.277917631881, 7021.461081462083]","[5522.896750276129, 5528.858495030619, 5523.0722511437225, 5524.240100962257, 5521.581164221702]"
seriespack,pipeline-packet/n32/source1-map2-filter2-sink0/fused,5803.016438356174,4470.84371605656,1.2979689756354618,0.0001438287375217615,0.0005723990981159266,"[5804.154919053372, 5803.016438356174, 5801.970942299931, 5803.175757575676, 5802.383312577665]","[4472.58788575812, 4469.4379272889755, 4470.84371605656, 4475.8773880263525, 4470.229122739835]"
seriespack,pipeline-packet/n32/source1-map0-filter0-sink1-empty/inline,3164.7998100750574,2374.6241091427523,1.3327582238763511,6.705894954851837e-05,0.0005764861684572874,"[3165.075743872669, 3165.187256941383, 3164.7293569685426, 3164.733426788421, 3164.7998100750574]","[2376.814769564973, 2373.6288264440477, 2373.6314735627393, 2375.631914749166, 2374.6241091427523]"
seriespack,pipeline-packet/n32/source1-map0-filter0-sink1-empty/cps,4858.063337731743,3837.7138707733593,1.2658742942586199,0.0001539681810543023,0.0009093372959944536,"[4858.626432391051, 4856.821029237949, 4857.385235085873, 4858.411486908953, 4858.063337731743]","[3832.815421713113, 3836.6961692332866, 3838.995067682335, 3842.408889132386, 3837.7138707733593]"
seriespack,pipeline-packet/n32/source1-map0-filter0-sink1-empty/fused,3457.625988142297,2658.5117723254825,1.300587051799212,7.970110432503165e-05,0.001762317523499772,"[3457.625988142297, 3457.0813735178403, 3457.7336956521376, 3457.4638339920225, 3457.747727272799]","[2658.5117723254825, 2658.1140658336785, 2667.257048156154, 2665.2081301432854, 2656.901478207785]"
seriespack,placed/k20h8/separated/all/sum-native,2786.0004778782527,2037.958658437122,1.3670544622405598,0.00031718271569409866,0.000715177520994618,"[2786.242045318855, 2786.0004778782527, 2785.871291465845, 2787.9496236709183, 2785.8907251802057]","[2038.1218993827983, 2039.9891987888495, 2037.958658437122, 2036.2245254453692, 2036.7545417491856]"
seriespack,placed/k20h8/separated/all/sum-materialized,2623.3282216639227,1866.9085445309902,1.4051723258478965,0.00013302306262229634,0.0007482522578470277,"[2623.581080574358, 2622.9998875183614, 2623.1330658768416, 2623.8684338795115, 2623.3282216639227]","[1864.9257240114023, 1864.9139164428252, 1868.017950695445, 1866.9085445309902, 1867.1379943089278]"
seriespack,placed/k20h8/separated/all/mutation-bound,4045.760864539951,3131.2973045459717,1.2920398387806786,0.00024450595208166487,0.00048044689952914647,"[4045.760864539951, 4047.0579634767632, 4045.378467406319, 4045.187008784003, 4047.3402103560447]","[3131.2973045459717, 3128.0972240847773, 3131.718832416974, 3130.4878637521306, 3131.622189441637]"
seriespack,placed/k20h8/separated/all/mutation-materialized,4581.972227680568,3267.140132095492,1.4024412919019067,0.0005559314098199881,0.004144887948388779,"[4585.595270845612, 4580.357044605894, 4581.972227680568, 4586.131722014739, 4581.767603327444]","[3247.433698212575, 3268.846889289091, 3267.140132095492, 3279.9616645882334, 3250.735439471617]"
seriespack,placed/k20h8/separated/partial/sum-native,2785.9885386819865,2047.3354491474147,1.36078752499605,5.1774981345071986e-05,0.0002550238186643189,"[2786.033190066914, 2786.113777459346, 2785.803167781073, 2785.9885386819865, 2785.787050302502]","[2047.3354491474147, 2048.265949044918, 2047.0446661011736, 2047.9888261619878, 2047.2534004153028]"
seriespack,placed/k20h8/separated/partial/sum-materialized,6445.167632717032,4722.67895090786,1.3647270330493355,0.004366314196973641,0.0010387832456140022,"[6482.403348974129, 6479.431410433556, 6445.167632717032, 6418.508878461751, 6433.853436378828]","[4712.979556153316, 4721.779623402948, 4725.629186281025, 4722.67895090786, 4723.777135171554]"
seriespack,placed/k20h8/separated/partial/mutation-bound,5447.438855092873,4254.178235258243,1.2804914495460002,0.00019347676448455093,0.00045898993598888864,"[5446.745281547373, 5449.374434565653, 5447.856106691576, 5447.438855092873, 5446.898221806212]","[4254.178235258243, 4250.331572235396, 4254.5104147688635, 4254.644076030838, 4251.668792129694]"
seriespack,placed/k20h8/separated/partial/mutation-materialized,7892.901460673928,6094.006586169255,1.2951908320196737,0.010395244427899266,0.02846529542082265,"[7862.770449438209, 7892.901460673928, 7897.595842696412, 7903.159438202107, 7709.939775280904]","[6322.240944017533, 6364.133004024748, 6094.006586169255, 6018.722283205051, 5985.065770215689]"
seriespack,placed/k20h8/interleaved/all/sum-native,2786.2569574389813,2039.0763427706738,1.3664309172716147,0.0003122826894814017,0.00044346492678611294,"[2786.6521479475673, 2786.197714695213, 2788.2184974320153, 2786.2569574389813, 2786.17792730014]","[2039.0763427706738, 2039.6276651520031, 2039.9194046369557, 2038.0537690784272, 2037.922084352777]"
seriespack,placed/k20h8/interleaved/all/sum-materialized,2625.913979300935,1921.3976002405573,1.3666687097830104,0.00036483992249846005,0.0002526880993821409,"[2625.913979300935, 2627.5115119241964, 2624.8466326681455, 2625.777223638993, 2626.031385930859]","[1920.77306146994, 1920.823434553268, 1921.6948916282395, 1921.8220952798476, 1921.3976002405573]"
seriespack,placed/k20h8/interleaved/all/mutation-bound,4053.313431105307,3125.5557986873255,1.2968296495642861,0.0004689040096964498,0.00018828363374814934,"[4056.3236913803644, 4054.9180917048357, 4051.752536084705, 4053.313431105307, 4052.236102255251]","[3125.5557986873255, 3124.674183896707, 3125.3937837718713, 3126.110123699303, 3126.079980351138]"
seriespack,placed/k20h8/interleaved/all/mutation-materialized,4586.386789977774,3197.0977904689616,1.434546920538526,0.0006569061293542054,0.0035473903721050877,"[4591.722025449229, 4584.896431850778, 4584.293191656816, 4588.412895186026, 4586.386789977774]","[3192.906235371236, 3197.0977904689616, 3204.7272727269637, 3190.925709203054, 3218.878897106959]"
seriespack,placed/k20h8/interleaved/partial/sum-native,2786.8021829190225,2048.8824666763467,1.3601571726267507,0.00015767052001870694,0.00010196500276229787,"[2787.642487253034, 2787.1177501593734, 2786.595084448648, 2786.60807042692, 2786.8021829190225]","[2048.8273326497056, 2048.8824666763467, 2048.8891460378427, 2048.446052438767, 2048.9842976417312]"
seriespack,placed/k20h8/interleaved/partial/sum-materialized,6446.613366473198,4762.113203698594,1.3537295504580409,0.0010085467148281016,0.0002786784880531309,"[6457.022369511163, 6446.613366473198, 6445.101169106128, 6438.991254717916, 6447.926815796685]","[4762.113203698594, 4760.119458798115, 4760.300720695941, 4762.912292629961, 4762.686837095262]"
seriespack,placed/k20h8/interleaved/partial/mutation-bound,5451.333671083385,4252.821087815097,1.2818158955010328,0.0003553583168734204,0.00043677090150295996,"[5448.9218238507065, 5449.546375682245, 5453.774902571652, 5451.90093530772, 5451.333671083385]","[4252.821087815097, 4250.358918261648, 4255.4436949254095, 4252.459009419741, 4253.733090246078]"
seriespack,placed/k20h8/interleaved/partial/mutation-materialized,7685.257754718906,6229.874499564387,1.2336135752423718,0.0007647771398291534,0.005138772486988478,"[7694.903742134772, 7685.257754718906, 7682.098907163812, 7686.227618942574, 7679.365603267265]","[6196.410966057405, 6197.341253263652, 6261.148476936246, 6229.874499564387, 6260.621758050584]"
seriespack,placed/k20h8/substituted/all/sum-native,2800.5596286219143,2095.512781324116,1.336455522286193,0.00024033020619417306,0.0007447434837816098,"[2800.742556426899, 2800.5596286219143, 2801.9065951658367, 2800.380822795109, 2800.200176084243]","[2093.6744583295454, 2096.91818753938, 2095.512781324116, 2097.5523689651322, 2094.868770415736]"
seriespack,placed/k20h8/substituted/all/sum-materialized,2631.0716031739125,1867.6764907470579,1.4087405480600668,8.104851119700926e-05,0.008437436618526936,"[2631.092474897418, 2631.0716031739125, 2630.905231093263, 2631.206385619297, 2630.6571772405064]","[1874.2254441926777, 1853.0636104814398, 1867.6764907470579, 1875.63067432918, 1838.764512047256]"
seriespack,placed/k20h8/substituted/all/mutation-bound,6407.614200640984,4953.5499611058685,1.2935398352599836,0.0008195733351054335,0.0012738986348807572,"[6409.090609253085, 6408.699129638359, 6407.614200640984, 6398.047091158949, 6399.989464040552]","[4947.335407679995, 4953.5499611058685, 4960.1379676119395, 4952.842302524927, 4963.271126511557]"
seriespack,placed/k20h8/substituted/all/mutation-materialized,6401.820868129361,4598.89169129726,1.3920355811474936,0.0004070881452180018,0.00035016137799264476,"[6405.966963384353, 6405.69881618786, 6400.743415619352, 6400.852987060971, 6401.820868129361]","[4597.84880131373, 4598.89169129726, 4599.055238095288, 4601.156584564933, 4596.838029556425]"
seriespack,placed/k20h8/substituted/partial/sum-native,2797.192427634757,2064.141897070094,1.3551357257004364,0.0001580945693049149,0.0003509957504946424,"[2798.006396929375, 2797.192427634757, 2797.0961938271194, 2797.274548216855, 2796.8182872221637]","[2063.059010788018, 2064.377350704478, 2064.141897070094, 2065.0426221776465, 2063.8793845428895]"
seriespack,placed/k20h8/substituted/partial/sum-materialized,6506.9947707535175,4802.709480750742,1.3548591262564498,0.0030154717855253523,0.0009100670384894798,"[6506.9947707535175, 6509.172284993904, 6507.6262022595565, 6476.73228125849, 6468.483611915523]","[4802.895533635004, 4811.027332511229, 4802.709480750742, 4799.486710508323, 4801.847924373178]"
seriespack,placed/k20h8/substituted/partial/mutation-bound,8156.743805516745,6395.634124003833,1.2753612303904607,0.0008425311281743854,0.0008307223969146961,"[8169.159537166635, 8156.743805516745, 8156.633824216692, 8165.745091163674, 8152.892589995304]","[6395.673321733203, 6384.09149189491, 6395.85227584972, 6389.047257074946, 6395.634124003833]"
seriespack,placed/k20h8/substituted/partial/mutation-materialized,9535.868456924807,7299.893399958896,1.306302425865356,3.797685537789849e-05,0.0019296572163599415,"[9535.868456924807, 9535.965648854824, 9535.282579062165, 9535.90826063197, 9535.23105234422]","[7315.851655215709, 7292.67790963952, 7281.134915677277, 7299.893399958896, 7311.541952945868]"
seriespack,placed/k31h8/separated/all/sum-native,3137.208383770603,2422.184056515528,1.2951981808862556,0.0002815211145438313,0.00038333180106480335,"[3138.2379287158133, 3137.208383770603, 3137.022192333432, 3138.8329074198323, 3136.7589329744237]","[2422.354676732278, 2422.263635419095, 2420.243861896994, 2421.0897253870753, 2422.184056515528]"
seriespack,placed/k31h8/separated/all/sum-materialized,2735.1895371133396,2123.6576816955107,1.2879615960184256,0.001612532428166481,0.00040678950736867877,"[2738.077865164105, 2734.10474625346, 2735.1895371133396, 2733.446922565297, 2744.2436905739646]","[2123.6576816955107, 2124.3095721779873, 2123.009490312606, 2122.026439465031, 2123.669749249478]"
seriespack,placed/k31h8/separated/all/mutation-bound,8644.183102081128,6498.50896156696,1.330179453964589,0.0011463570584598173,0.0005164789556599133,"[8660.010530227995, 8663.36062933593, 8644.12921209142, 8644.183102081128, 8642.88986620397]","[6499.149944567563, 6504.328529194461, 6498.000461936448, 6495.074186991991, 6498.50896156696]"
seriespack,placed/k31h8/separated/all/mutation-materialized,10410.498809523166,8211.290009359142,1.2678274421750284,0.0005000028831837157,0.0009215163013584993,"[10407.448363095435, 10407.79330357162, 10418.309226191084, 10410.498809523166, 10417.321577380728]","[8194.354468880807, 8204.796326626029, 8211.956598034316, 8211.60844642019, 8211.290009359142]"
seriespack,placed/k31h8/separated/partial/sum-native,3135.5745405648213,2420.044385970971,1.2956681946586552,0.0002753375318259938,0.0005836981930460335,"[3137.4192738683514, 3135.5745405648213, 3135.693366203348, 3135.348632899877, 3135.4294038546013]","[2421.958695426445, 2420.044385970971, 2422.6270816744845, 2419.993283246384, 2419.356403420709]"
seriespack,placed/k31h8/separated/partial/sum-materialized,6351.059598437523,5272.727146814251,1.204511331915742,0.0008939784772410576,0.008562187065148203,"[6347.250022712801, 6349.382847278581, 6351.059598437523, 6360.90006359624, 6357.099209594135]","[5358.154509079605, 5339.262080640048, 5263.184672206623, 5265.155894121231, 5272.727146814251]"
seriespack,placed/k31h8/separated/partial/mutation-bound,10277.071113723468,8299.698274850234,1.2382463522638014,0.0007468976004794126,0.006359908014258302,"[10290.10343814295, 10272.903173669712, 10277.071113723468, 10270.4015574495, 10280.178078165809]","[8234.680436568471, 8310.05738763032, 8382.090364981163, 8289.898720806987, 8299.698274850234]"
seriespack,placed/k31h8/separated/partial/mutation-materialized,15789.543463535621,12547.852547885643,1.2583462710674118,0.0001717032890158774,0.0041479931427916205,"[15790.808308871941, 15787.516369384173, 15787.311582750524, 15789.543463535621, 15793.912621358795]","[12547.852547885643, 12545.97831586569, 12548.896458258878, 12610.037766535046, 12463.831947958664]"
seriespack,placed/k31h8/interleaved/all/sum-native,3120.6703845812076,2430.179099801454,1.2841318505439236,0.0005121853663216374,0.00042223328590951627,"[3121.5242259303186, 3119.7883465691825, 3120.6703845812076, 3121.153921656315, 3117.5195413579427]","[2429.6724684095134, 2430.4793051832553, 2431.0893236328125, 2430.179099801454, 2428.36780728933]"
seriespack,placed/k31h8/interleaved/all/sum-materialized,2868.3949023772448,2164.5546797726743,1.325166293640819,0.0015681499498436003,0.0004398098035798846,"[2868.3949023772448, 2867.4716934890257, 2876.577975655824, 2867.105873703267, 2874.9507393186623]","[2164.6790306627386, 2164.195938427439, 2165.666141196945, 2163.0284062808646, 2164.5546797726743]"
seriespack,placed/k31h8/interleaved/all/mutation-bound,10227.280862848338,7431.060937998443,1.3762881166202705,0.00022087615903309843,0.00047050976005712,"[10224.67614050507, 10227.280862848338, 10227.984404605799, 10230.736044307781, 10226.170237574295]","[7438.564075294713, 7432.045942784037, 7430.62065298362, 7429.980963522399, 7431.060937998443]"
seriespack,placed/k31h8/interleaved/all/mutation-materialized,11835.102844639197,9073.70677856666,1.3043294359693585,0.0026244430484211475,0.0006565487701474079,"[11780.959771081752, 11784.777983504082, 11844.466756438922, 11835.102844639197, 11837.69971385272]","[9064.584377017061, 9065.108715300548, 9078.029954809763, 9074.051129761488, 9073.70677856666]"
seriespack,placed/k31h8/interleaved/partial/sum-native,3122.1907331431667,2419.513812919756,1.290420710339096,0.0005258972756377178,0.002790217650247932,"[3123.451480556559, 3122.1907331431667, 3121.001739208265, 3124.216732072736, 3120.271673207509]","[2419.513812919756, 2415.3906390639327, 2418.915149207263, 2431.4100602368, 2428.086581735125]"
seriespack,placed/k31h8/interleaved/partial/sum-materialized,6463.507570831271,5524.478069831707,1.1699761478152033,0.001895051124585443,0.002455395085255719,"[6463.507570831271, 6445.569716674876, 6473.128750580498, 6449.191825359803, 6469.4836971670375]","[5513.655237347973, 5532.170498234804, 5524.478069831707, 5547.169635150708, 5516.089917614373]"
seriespack,placed/k31h8/interleaved/partial/mutation-bound,10806.163944530246,8512.55552852422,1.269438291276986,0.00029120013052161704,0.0010626584088767523,"[10811.56671802718, 10809.668412943021, 10806.163944530246, 10803.674576271243, 10806.092604006482]","[8511.05996837367, 8514.339618051294, 8517.22491181136, 8512.55552852422, 8494.236345943276]"
seriespack,placed/k31h8/interleaved/partial/mutation-materialized,17494.08070523976,13694.340719144267,1.277467901816082,0.004840948183014818,0.0008651820173008938,"[17533.458157437482, 17539.65284330695, 17331.868636701285, 17490.058356095386, 17494.08070523976]","[13675.92691933904, 13685.040038873236, 13695.986200194639, 13694.340719144267, 13707.282215743391]"
seriespack,placed/k31h8/substituted/all/sum-native,3077.9533145771943,2207.0509281145496,1.3946000408819943,0.0004067390280398449,0.0003766972257415563,"[3077.8565588184056, 3077.054730086085, 3078.21461227345, 3077.9533145771943, 3080.3966502549692]","[2205.838422993147, 2208.095773848796, 2206.6178500520823, 2207.0509281145496, 2207.263779899791]"
seriespack,placed/k31h8/substituted/all/sum-materialized,2674.5609746738787,2035.5589320473555,1.3139196967310685,0.0017736684435072545,0.0003885847887816131,"[2677.579892555587, 2668.6344973140904, 2678.030122793534, 2674.5609746738787, 2668.2068687643796]","[2034.29699892507, 2036.3806106737438, 2034.8672031608662, 2035.5589320473555, 2035.584817408011]"
seriespack,placed/k31h8/substituted/all/mutation-bound,11771.307466579568,8288.653500472798,1.4201712577209453,0.013751696746911388,0.0010347315371113707,"[11731.327029670842, 11970.527714379286, 11771.307466579568, 11935.813335506738, 11571.375611346655]","[8294.54316461613, 8286.288434248152, 8287.991840113582, 8307.252956481156, 8288.653500472798]"
seriespack,placed/k31h8/substituted/all/mutation-materialized,10642.050932241176,8430.888523392105,1.2622692024350746,0.005614592487673536,0.0030305277736214263,"[10633.269971198759, 10633.137335152405, 10753.918447779242, 10642.050932241176, 10735.664089738464]","[8428.938718323567, 8430.888523392105, 8479.294225146137, 8411.687378167298, 8448.120979532516]"
seriespack,placed/k31h8/substituted/partial/sum-native,3077.0957110211957,2206.6004161019637,1.3944961165451932,0.0002259893156821708,0.0005144152472095571,"[3077.0957110211957, 3076.9109245914096, 3076.9887502195415, 3077.1442696432123, 3078.576595183587]","[2206.6004161019637, 2204.5451880339533, 2207.136620117994, 2205.7820193550524, 2207.3088295559673]"
seriespack,placed/k31h8/substituted/partial/sum-materialized,6302.2993676606475,5128.090935736399,1.228975742949775,0.0009349234125298018,0.0011609065957101426,"[6302.682294489185, 6302.2993676606475, 6292.929539295163, 6308.882294489326, 6298.347244805794]","[5140.045797611222, 5129.041181212119, 5124.378471459074, 5127.794753425233, 5128.090935736399]"
seriespack,placed/k31h8/substituted/partial/mutation-bound,12563.46785714259,9267.935411140483,1.3555843129895713,0.010000403114886607,0.0006810235522658479,"[12659.033928571009, 12512.618749999252, 12387.827499999054, 12563.46785714259, 12707.10357142768]","[9260.042307692187, 9271.790185676246, 9267.935411140483, 9264.787002652482, 9276.458488063874]"
seriespack,placed/k31h8/substituted/partial/mutation-materialized,13768.461644103723,11675.758814765963,1.1792348456779687,0.0024934308088595926,0.0030903178995628894,"[13768.461644103723, 13731.281930547813, 13716.71336080134, 13802.785363939218, 13771.179713556798]","[11593.827677537633, 11658.809303095331, 11675.758814765963, 11676.07978811484, 11678.934944545714]"
seriespack,placed/k63h16/separated/all/sum-native,8235.528959810694,6394.3976328154,1.2879288140522875,0.0019288473692087717,0.010583890242160209,"[8269.894089834286, 8230.943026005152, 8235.528959810694, 8235.161583924006, 8237.290898344614]","[6252.686664256966, 6394.3976328154, 6319.272316588508, 6411.0844777736165, 6395.6496205276335]"
seriespack,placed/k63h16/separated/all/sum-materialized,6660.790079969715,4896.671303125882,1.360268980218802,0.0006052398772711015,0.0009973126612306494,"[6660.2541888805745, 6657.322258187422, 6667.530845391737, 6660.790079969715, 6664.857482863517]","[4906.15988760069, 4896.671303125882, 4895.743449244702, 4893.519915700832, 4899.584685634248]"
seriespack,placed/k63h16/separated/all/mutation-bound,17395.92582348467,11632.46450438585,1.4954634778318723,0.004509912432559853,0.001548968602601168,"[17563.31556449631, 17395.92582348467, 17385.176514961, 17400.663314057056, 17374.49585114382]","[11629.205030614703, 11657.680291246568, 11643.592255502313, 11609.064868442727, 11632.46450438585]"
seriespack,placed/k63h16/separated/all/mutation-materialized,18516.15745129048,13432.36910693786,1.3784729487314957,0.001718329887672062,0.0003680950288778741,"[18520.593733543737, 18481.52080042187, 18561.158241179382, 18487.102422326934, 18516.15745129048]","[13435.413951705985, 13432.36910693786, 13429.992717516092, 13437.098505173873, 13424.513990034437]"
seriespack,placed/k63h16/separated/partial/sum-native,8268.368327190228,6500.117203500342,1.2720337292899389,0.0011809743956364524,0.0024329226846328974,"[8289.930923790267, 8270.010105813713, 8268.291166329402, 8268.368327190228, 8266.415408394027]","[6499.340904859092, 6510.48659467522, 6500.117203500342, 6468.819959039757, 6500.731800409589]"
seriespack,placed/k63h16/separated/partial/sum-materialized,11332.327611336199,8644.632309217102,1.3109091521745135,0.0005659839161214866,0.0012459086464886688,"[11320.809068826364, 11328.049392711993, 11332.327611336199, 11334.288744939457, 11337.348987853919]","[8659.703666996771, 8651.25334489586, 8630.473364717263, 8643.58399405398, 8644.632309217102]"
seriespack,placed/k63h16/separated/partial/mutation-bound,19727.71291596136,15111.240060500571,1.3054992731885608,0.00030462557521423507,0.0005006056368617592,"[19727.71291596136, 19718.556401577778, 19733.78934010005, 19725.240270727092, 19731.946700507975]","[15103.558340535943, 15113.332541054906, 15098.558124459933, 15111.240060500571, 15117.164433880424]"
seriespack,placed/k63h16/separated/partial/mutation-materialized,22342.805955811542,17732.769833249073,1.2599727039776165,0.0023710154239663535,0.001177411147296854,"[22272.61543387962, 22342.805955811542, 22344.724303554696, 22382.196605827536, 22257.092219019785]","[17702.894138453797, 17715.120262758996, 17732.769833249073, 17738.312026276642, 17756.71323900874]"
seriespack,placed/k63h16/interleaved/all/sum-native,8075.38062644976,5978.630866031606,1.3507073454444425,0.002657930944211926,0.003625786407093143,"[8123.124709976781, 8075.38062644976, 8074.918677494364, 8073.727842227515, 8076.473317866046]","[5978.630866031606, 5960.232106964845, 5970.735296688161, 5999.859302630518, 6013.389757930348]"
seriespack,placed/k63h16/interleaved/all/sum-materialized,6454.7570223423545,4785.6746444199325,1.3487663708749114,0.0005324989202098598,0.0003576485473486017,"[6458.448410123401, 6459.661351626641, 6452.461296004194, 6454.7570223423545, 6452.113006396828]","[4783.3021061267045, 4785.6746444199325, 4784.760530635022, 4787.546704048571, 4786.997743435645]"
seriespack,placed/k63h16/interleaved/all/mutation-bound,19015.876506024426,13134.027777777279,1.4478328223272994,0.004146103570283975,0.002811106330784737,"[19186.586527928623, 18999.49370208002, 19016.266155529738, 19015.876506024426, 19011.01807228927]","[13132.952003023212, 13132.60846560936, 13217.209939532193, 13139.52966742343, 13134.027777777279]"
seriespack,placed/k63h16/interleaved/all/mutation-materialized,20655.270796459892,15797.794130924513,1.3074781596265246,0.0015401360393034692,0.0002844240099796611,"[20623.625958703466, 20670.51651917445, 20591.377876106533, 20655.270796459892, 20655.731563421938]","[15789.893227991459, 15798.467945824954, 15796.010609480614, 15797.794130924513, 15802.154627540818]"
seriespack,placed/k63h16/interleaved/partial/sum-native,8067.546634225959,6470.1457542365615,1.2468879281341447,0.002228202742761859,0.017244069004806812,"[8107.282470165891, 8067.546634225959, 8065.92886108256, 8067.645579886903, 8067.191055497922]","[6242.915269932185, 6330.625428280589, 6481.921011204962, 6487.603296601793, 6470.1457542365615]"
seriespack,placed/k63h16/interleaved/partial/sum-materialized,11112.071451305637,8646.916295196092,1.2850906695464481,0.00025264366623003196,0.0005117967315194744,"[11112.071451305637, 11109.035327816657, 11108.261775938752, 11112.878898790279, 11115.06938255947]","[8638.656141654465, 8650.523402674797, 8646.916295196092, 8644.800272412098, 8647.474739970308]"
seriespack,placed/k63h16/interleaved/partial/mutation-bound,21426.01070009018,16217.29928190862,1.3211824193188686,0.0006047129421790419,0.0001344941666277215,"[21426.01070009018, 21408.49128706814, 21428.09324365554, 21438.258330785266, 21408.91501070036]","[16215.704887652279, 16221.025480658269, 16219.502200601728, 16216.63331016902, 16217.29928190862]"
seriespack,placed/k63h16/interleaved/partial/mutation-materialized,24531.169586545915,19107.18604012144,1.2838713945127842,0.0017604014661609648,0.002666271484033787,"[24488.41871058166, 24531.169586545915, 24483.90889978885, 24588.768395234805, 24543.71443588121]","[19108.738939268198, 19215.504809014, 19103.23193184983, 19107.18604012144, 19091.023083264372]"
seriespack,placed/k63h16/substituted/all/sum-native,7174.299999999938,5724.88469669914,1.253178077828625,0.0015713633330363998,0.007561071802649685,"[7199.163439752261, 7173.205664263778, 7183.049742533652, 7172.577239958896, 7174.299999999938]","[5716.635387867654, 5685.920637502006, 5724.88469669914, 5771.904049439111, 5793.150105708172]"
seriespack,placed/k63h16/substituted/all/sum-materialized,4781.657275711386,3919.5141081626557,1.2199617462157513,0.0005211689364423687,0.00020049470813323717,"[4783.364537746025, 4784.511898249251, 4781.657275711386, 4777.944953500991, 4781.397975929643]","[3919.4020826336787, 3919.5141081626557, 3917.9542044564814, 3919.9261001009254, 3919.7594894187705]"
seriespack,placed/k63h16/substituted/all/mutation-bound,21862.85092592649,16608.720534068474,1.3163476910265623,0.004363942300302516,0.0017164741281455354,"[21671.431481483116, 21865.375000001073, 21922.06419753262, 21809.824691358346, 21862.85092592649]","[16562.16758747571, 16612.09599447567, 16616.492633517864, 16608.720534068474, 16559.26910681417]"
seriespack,placed/k63h16/substituted/all/mutation-materialized,22044.252525253756,17320.572524752017,1.2727207772001388,0.009025898949064217,0.004915219599534221,"[22483.76357323177, 22019.64425505105, 22044.252525253756, 22034.98421717091, 22053.315340909943]","[17320.572524752017, 17151.355445543693, 17237.20148514868, 17347.61584158324, 17345.259405939927]"
seriespack,placed/k63h16/substituted/partial/sum-native,7151.842931937105,5608.916218170623,1.2750846426922946,0.0015081617077380477,0.00222841741122029,"[7175.577969407432, 7150.862745097837, 7150.635869007281, 7151.842931937105, 7152.722410430263]","[5627.877018234396, 5593.446140252654, 5608.916218170623, 5603.784079042995, 5609.155514499183]"
seriespack,placed/k63h16/substituted/partial/sum-materialized,8084.0336455082115,6547.291486155648,1.2347141810628148,0.0046479629268358965,0.00048201111422270217,"[8153.310324892443, 8059.966701352492, 8083.745172851958, 8084.0336455082115, 8126.842640767777]","[6553.678093803147, 6548.662648332437, 6545.607364852047, 6547.291486155648, 6546.69787153903]"
seriespack,placed/k63h16/substituted/partial/mutation-bound,23970.42410866032,17530.26613306747,1.3673736568918786,0.0048264868186299,0.0005942153250404261,"[23767.665534803164, 23982.767741935393, 23970.42410866032, 23991.510696094567, 23775.308319186122]","[17545.62581290575, 17518.426213107115, 17530.26613306747, 17539.252626312973, 17528.866933467423]"
seriespack,placed/k63h16/substituted/partial/mutation-materialized,25131.373209167275,19735.164503386866,1.2734311489957093,0.0029388818781205172,0.0005857947126055781,"[25140.81840974182, 25071.047277936937, 25267.96812320857, 25131.373209167275, 25112.591690543595]","[19754.885440180162, 19735.693002256816, 19724.13939051906, 19735.164503386866, 19729.95626410934]"
tuplepack,composition/128/body,17761.77809722949,14986.872344990348,1.185155760879401,0.0038971421834839023,0.0005459955153369148,"[17841.054364871932, 17854.91008886566, 17761.77809722949, 17709.798222686877, 17711.56089911134]","[14984.993992705431, 14974.224415361514, 14989.727526281913, 14996.71293713795, 14986.872344990348]"
tuplepack,composition/128/ordinary,25290.653222902412,20875.41188769415,1.2115043937317953,0.0034446217966164192,0.0046544457248469265,"[25290.653222902412, 25215.19913575803, 25315.01944544472, 25207.741087504513, 25421.78718041055]","[20834.062425328553, 20875.41188769415, 21061.028673835113, 20947.10692951017, 20827.905316606902]"
tuplepack,packets/4/spread/all/sum,3589.428416821275,3085.2899154139463,1.163400690122727,0.0007763527657885424,0.002520500112600739,"[3589.2999381570817, 3589.428416821275, 3592.3593073593056, 3584.6112657184103, 3589.493094207382]","[3078.1091291580833, 3085.8728141298157, 3087.226673094626, 3085.2899154139463, 3068.672919314547]"
tuplepack,packets/4/spread/all/update/body,18470.79041600843,13998.776679841874,1.3194574667803807,0.0014741708323538023,0.0029520484875291664,"[18426.51290152715, 18429.890468667752, 18484.941811479774, 18470.79041600843, 18475.08557135333]","[13998.776679841874, 14048.35632411068, 13994.944071146248, 13956.012055335992, 14055.90671936761]"
tuplepack,packets/4/spread/all/update/ordinary,31158.436914846203,22906.28982662742,1.360256818134994,0.00018007875954150412,0.0009699848355771009,"[31157.14623272407, 31166.286669638877, 31161.566205974203, 31151.091395452484, 31158.436914846203]","[22926.40955184822, 22901.41413150148, 22882.153091265965, 22906.28982662742, 22939.140333660456]"
tuplepack,packets/4/spread/all/update/cps,34692.20823004456,25416.572996707026,1.3649443705309638,0.0003690668742386108,0.000649203970173128,"[34713.770451165045, 34694.74467030242, 34692.20823004456, 34678.62865642055, 34688.95438770451]","[25427.06110501276, 25429.49688986461, 25416.572996707026, 25390.954628613217, 25402.027076472725]"
tuplepack,packets/4/spread/half/sum,2118.2119203293487,1856.3241834414766,1.1410786646125317,2.423501663445311e-05,0.008616656824885473,"[2118.2589901925103, 2118.1815292408246, 2118.2119203293487, 2118.17580820922, 2118.2950417726042]","[1864.9777075361853, 1840.1791160649898, 1855.1646148727432, 1856.3241834414766, 1883.9398602561937]"
tuplepack,packets/4/spread/half/update/body,9161.777152577866,7375.766566732149,1.24214575796113,0.0015612252996216023,0.0114713452227632,"[9140.115283957113, 9146.001177702174, 9161.777152577866, 9164.094608741212, 9175.426851609514]","[7380.922671353279, 7381.1235397498485, 7375.766566732149, 7233.796857231477, 7218.911816396154]"
tuplepack,packets/4/spread/half/update/ordinary,14906.08207205287,12041.075116560156,1.2379361417281132,0.0007390504588374213,0.0010438053241386173,"[14906.08207205287, 14925.476657429113, 14906.499467064576, 14896.923896823682, 14900.55361330208]","[12041.075116560156, 12045.624244517352, 12038.519599378376, 12042.395268520122, 12014.399930927266]"
tuplepack,packets/4/spread/half/update/cps,16425.5024630542,13204.104319939639,1.243969455637358,0.00036244220067784146,0.000984017115473802,"[16420.841426225667, 16436.766127140447, 16426.656110720192, 16424.50387051372, 16425.5024630542]","[13206.77570269756, 13190.634031314852, 13204.3169213356, 13204.104319939639, 13176.113186191324]"
tuplepack,packets/8/one_byte/all/sum,654.2987371117173,557.6070571652557,1.1734046918954353,0.0002914231613978561,0.0010549356594855665,"[654.2987371117173, 654.168718509586, 654.6528973517686, 654.4057414210538, 654.2270675004863]","[557.2631153837037, 557.6070571652557, 558.1804201674029, 558.7139915903183, 557.4947221716336]"
tuplepack,packets/8/one_byte/all/update/body,2892.715082875216,2384.410236354344,1.2131784366510887,0.00013182540628794577,0.010725074295664367,"[2892.8514859669986, 2893.520563799464, 2892.715082875216, 2892.606911089997, 2892.614516595727]","[2378.658867539526, 2439.6175140282357, 2384.410236354344, 2379.385444652271, 2389.9029076687775]"
tuplepack,packets/8/one_byte/all/update/ordinary,3190.3758147591143,2666.3684626531613,1.1965247337138623,0.014134736095175158,0.03701551490365597,"[3190.3758147591143, 3190.191029673208, 3190.380600756644, 3190.026072291371, 3291.7158484889896]","[2759.791551398588, 2843.921661616819, 2666.3684626531613, 2615.4722697931998, 2614.053835682584]"
tuplepack,packets/8/one_byte/all/update/cps,3513.86378558742,2979.428225600947,1.179375208771367,0.00018980278605515725,0.0019786776889240036,"[3513.733652655919, 3513.86378558742, 3513.9570529034686, 3513.77616920511, 3515.311716269314]","[2973.989552365591, 2977.282765650211, 2989.656162405492, 2981.696126730635, 2979.428225600947]"
tuplepack,packets/8/one_byte/half/sum,899.8944721032242,740.1529295786776,1.2158223471674663,8.722617449093065e-05,0.01831088270180476,"[899.989386746944, 899.9850128002213, 899.8944721032242, 899.8375336086414, 899.8245790076377]","[734.7276477647779, 716.6053641078328, 748.2342162787689, 740.1529295786776, 750.3559534524863]"
tuplepack,packets/8/one_byte/half/update/body,3183.1564220392506,2662.3740578439733,1.1956082627311257,0.00033729350912063845,0.06574800535067363,"[3183.1564220392506, 3182.813458301128, 3182.705309613727, 3183.1744392374803, 3185.3184858273653]","[3065.84119193688, 2872.9577125328638, 2659.0439088518847, 2656.6978965819353, 2662.3740578439733]"
tuplepack,packets/8/one_byte/half/update/ordinary,4372.222249984372,3781.1197716346273,1.1563300064663657,8.110505592244634e-05,0.009031984453217822,"[4372.158660753324, 4373.004060216113, 4372.222249984372, 4372.3720407271, 4372.180211131244]","[3847.543749999979, 3762.587560096139, 3766.646334134636, 3781.1197716346273, 3789.8975961538504]"
tuplepack,packets/8/one_byte/half/update/cps,5226.400477647588,4539.383962326724,1.1513457599142425,0.0036455734345478097,0.001727282344729777,"[5244.7644600343465, 5208.430106724391, 5226.400477647588, 5251.13202477799, 5212.087394581699]","[4538.131524839155, 4534.283610797927, 4539.383962326724, 4554.461497645415, 4545.160774689968]"
tuplepack,packets/64/one_byte/all/sum,69.10442526487195,55.99585672815929,1.2340989012874697,0.0002407002091088086,0.0018361186923322042,"[69.10278031353872, 69.10442526487195, 69.14083253308691, 69.10151276245091, 69.10692974032526]","[56.11630952465179, 55.925448618634654, 55.99585672815929, 56.00207124289533, 55.838385672501836]"
tuplepack,packets/64/one_byte/all/update/body,129.72139431248746,108.76137183384225,1.192715686877014,0.02210138755483552,0.0006548089242693242,"[129.72139431248746, 135.3248684541141, 134.22580627281744, 129.4695559956833, 129.36087729281473]","[108.68019575368413, 108.83486048421196, 108.76137183384225, 108.739915896339, 108.8544265043387]"
tuplepack,packets/64/one_byte/all/update/ordinary,179.68168754586821,150.0327998834246,1.1976160391959678,0.0007979039178969422,0.0007854529074506582,"[179.57726416595244, 179.52391827601684, 179.84947216077956, 179.68168754586821, 179.8181918491555]","[150.0327998834246, 150.1286087157778, 150.1216955821105, 149.8846110987303, 149.8969051619203]"
tuplepack,packets/64/one_byte/all/update/cps,302.02397136202677,250.51588112923466,1.205608083609759,0.00039396327041804846,0.002066077614381428,"[302.190550332095, 301.9443802294463, 302.02397136202677, 301.8711765720662, 302.0262054688163]","[251.63218189486918, 250.395301787923, 250.44754902311138, 250.57835834233194, 250.51588112923466]"
tuplepack,packets/64/one_byte/half/sum,374.7700166526595,233.72962435380663,1.6034339578852612,4.4309504378515095e-05,0.0003541841534827892,"[374.76219365270845, 374.7700166526595, 374.75775472940535, 374.7983315217074, 374.783622568362]","[233.72962435380663, 233.88077229166154, 233.72914284185487, 233.7786382574626, 233.65636766112223]"
tuplepack,packets/64/one_byte/half/update/body,1081.0688125164095,718.9564112890724,1.5036639155607192,0.0003884882644888923,0.0009878415718636649,"[1081.2739359646382, 1081.0688125164095, 1080.8911615107565, 1080.9113368272947, 1081.9106102067167]","[718.3391162469003, 719.2979026611777, 717.7660295135065, 719.4838130053562, 718.9564112890724]"
tuplepack,packets/64/one_byte/half/update/ordinary,2120.100593687535,1687.207848241591,1.2565734541225049,0.0017155053249084595,0.00040400232198382744,"[2120.100593687535, 2123.4980008481525, 2115.4190646392517, 2122.521778639383, 2116.2184830678134]","[1687.207848241591, 1687.8267650106993, 1686.790199339565, 1687.9334249282686, 1686.327500180744]"
tuplepack,packets/64/one_byte/half/update/cps,3057.179142283193,2266.437265703921,1.3488920203285129,6.586764953446361e-05,0.002180031829748085,"[3056.8942265700393, 3056.9168923050515, 3057.2562232509795, 3057.3389815704268, 3057.179142283193]","[2277.1536330149684, 2270.3508491703674, 2265.0627505948796, 2266.437265703921, 2266.258923623603]"
tuplepack,point/1/read/control,17733.470856563217,14974.953124999949,1.184208772377261,0.0002835673751787653,0.00042007812923988144,"[17733.608464267803, 17733.470856563217, 17744.710339584362, 17733.3649265077, 17733.42118601115]","[14981.904965753307, 14971.807148972699, 14964.726241438104, 14974.953124999949, 14976.031035958691]"
tuplepack,point/2/read/control,17675.33695377619,14975.803211991339,1.1802596964964989,0.000189672363214414,0.0006287274573244377,"[17678.89264965885, 17678.286435968617, 17675.33695377619, 17673.3111896941, 17670.91967668621]","[14990.396788008633, 14989.395074946575, 14975.803211991339, 14973.210064239707, 14970.257815845636]"
tuplepack,point/4/read/control,21814.956793988695,17910.470845106414,1.218000184509336,0.006830236264780672,0.0016709141505495823,"[21811.235441452336, 21814.956793988695, 21814.003130870413, 21815.590169066538, 22148.108015027967]","[17910.470845106414, 17953.706652967125, 17905.31030053935, 17926.12817878231, 17871.890059080262]"
tuplepack,wide/64/read/control,7339.285609397914,6246.4029930519,1.174961912889973,0.00037572008896514917,0.00025484875350219994,"[7345.454793370993, 7339.259492343238, 7338.765156282911, 7339.285609397914, 7340.672435493967]","[6246.4029930519, 6243.093978264757, 6245.55246748629, 6247.186887582437, 6246.491537502329]"
tuplepack,point/1/read/body,17757.91829484941,14969.077252300609,1.186306810736793,7.645507796914773e-05,0.00030796651766290995,"[17759.66201471705, 17756.726972849607, 17757.91829484941, 17759.66125348887, 17757.27099720884]","[14968.471217633407, 14969.05542478053, 14969.077252300609, 14979.47763749205, 14970.837149582894]"
tuplepack,point/2/read/body,17750.525234592646,14987.639948564112,1.1843442526982528,0.00023967609868460948,0.00041995739434361575,"[17753.5774790768, 17750.278468171444, 17749.718742074652, 17750.525234592646, 17759.926451940126]","[14992.493141877358, 14985.317831118504, 14976.843120445985, 14987.639948564112, 14991.698456922475]"
tuplepack,point/4/read/body,24604.90045726339,20099.760907003034,1.2241389622048042,0.000692895164878288,0.0008477880591572444,"[24604.90045726339, 24600.967991558307, 24601.733380232465, 24608.947590573232, 24641.61589869848]","[20109.596153846287, 20090.81486796807, 20096.156142365206, 20099.760907003034, 20133.980195177603]"
tuplepack,wide/64/read/body,6976.885474860353,5997.721116215717,1.163256066707957,4.4552076559143136e-05,0.007592705964283187,"[6977.0945730248695, 6976.3304070231325, 6976.88377893062, 6976.885474860353, 6977.08330007989]","[5997.721116215717, 5934.863535817609, 5978.71720265447, 6042.5935851624645, 6042.274970222955]"
tuplepack,point/1/read/ordinary,17820.55040733164,15040.178011595272,1.1848629978709582,0.0002533999271357135,0.0005008735224296636,"[17820.55040733164, 17820.293279022502, 17821.114307535387, 17830.37449083489, 17819.4870162936]","[15034.91281941142, 15040.178011595272, 15037.450504616667, 15043.859780974944, 15054.224178655937]"
tuplepack,point/2/read/ordinary,17799.633935385224,14995.540488431918,1.1869951569345887,9.286292634305639e-05,0.000312884581677222,"[17799.83770033067, 17802.96006105345, 17799.633935385224, 17799.22182650732, 17798.799033324736]","[14997.20072836336, 15004.770137103646, 14992.397600685803, 14994.914310197071, 14995.540488431918]"
tuplepack,point/4/read/ordinary,26965.61325115522,22912.909269571017,1.1768742648043524,0.00016590139468004937,0.00021223932314758408,"[26962.80970724219, 26970.286594761514, 26965.61325115522, 26959.006163327853, 26968.351309706897]","[22907.518506387503, 22912.909269571017, 22918.981002292596, 22913.47330494618, 22907.227644939536]"
tuplepack,wide/64/read/ordinary,6972.909733984268,5933.885447602852,1.1751001591716195,0.00017068669681146923,0.0003442418363305701,"[6972.493872671231, 6975.438178738691, 6972.909733984268, 6972.874663744087, 6972.956560725309]","[5933.885447602852, 5935.979295714915, 5930.412643190414, 5932.862876538042, 5934.179210861269]"
tuplepack,point/1/write/control,11744.686366689113,8145.012497052592,1.441948231625074,0.00020669914552801417,0.0033209774680946352,"[11745.659335124283, 11745.24496306221, 11744.686366689113, 11741.458697112386, 11740.291974479544]","[8183.000235793501, 8183.04939872665, 8124.591134166465, 8145.012497052592, 8136.566965338445]"
tuplepack,point/2/write/control,21783.097910820296,17031.163255360643,1.2790140981100606,0.0008573852565214879,0.0011063565111778038,"[21797.491113190124, 21809.78546928589, 21767.83816651071, 21783.097910820296, 21766.916744620743]","[17013.182992202706, 17042.231968810884, 17058.733918128404, 17031.163255360643, 17016.293372319917]"
tuplepack,point/4/write/control,30848.392684001297,25289.919655667098,1.2197900627607818,0.00023871324400032986,0.005339401416257688,"[30860.823710886012, 30842.576024680995, 30849.997355663287, 30848.392684001297, 30843.127368884918]","[25148.44799139182, 25387.402439024496, 25289.919655667098, 25119.0939741752, 25415.347202295627]"
tuplepack,wide/64/write/control,10009.841335817762,8431.277791174323,1.1872270827437146,0.0010507106696276084,0.00037253994501831546,"[10023.548373226264, 10025.938942238705, 10009.841335817762, 10003.821556542925, 10004.553103053075]","[8429.439474318726, 8431.277791174323, 8429.357849047545, 8436.759464673389, 8433.67687484923]"
tuplepack,point/1/write/body,12795.787020109694,10377.458699211285,1.2330366606115433,0.000252217457640812,0.005112272928106438,"[12796.397806215602, 12795.787020109694, 12794.85228519191, 12801.95813528347, 12793.560146252168]","[10428.014287840544, 10414.726447387937, 10313.919779729147, 10377.458699211285, 10318.255692811443]"
tuplepack,point/2/write/body,12124.904794875922,9989.892826521882,1.2137172045215396,0.0003076260293544012,0.0004950908631456022,"[12124.540592003072, 12121.407824130172, 12131.616409901018, 12124.904794875922, 12125.026657434584]","[9990.55130037146, 9992.573735352944, 9989.892826521882, 9981.023863961427, 9983.615747356393]"
tuplepack,point/4/write/body,44013.71320754785,37420.10523504221,1.1762049553599605,5.45237615703914e-05,0.0003627037335920553,"[44013.71320754785, 44015.58301886914, 44014.07044025053, 44012.063522013064, 44009.27861635241]","[37407.6068376084, 37444.74786324802, 37420.10523504221, 37421.544871795806, 37418.82051281997]"
tuplepack,wide/64/write/body,9909.509842798387,8427.60405356495,1.1758395126081627,0.00022783924643858717,0.0009300647217189124,"[9909.509842798387, 9911.55502053541, 9913.478544115296, 9908.566208752127, 9908.039654439912]","[8427.488719990219, 8427.60405356495, 8422.073712148784, 8431.474604898123, 8443.01580407775]"
tuplepack,point/1/write/ordinary,24119.820158784565,19948.497438816357,1.2091046071395597,0.0005451022887562832,0.0005732540779333772,"[24107.248187781028, 24107.14670348589, 24123.5001725923, 24138.8080773211, 24119.820158784565]","[19956.5054069432, 19948.497438816357, 19949.62293682444, 19930.176152532524, 19932.836937962995]"
tuplepack,point/2/write/ordinary,24464.81891418584,22386.01952000067,1.0928615018997851,0.0010286328183794614,0.0007144412897183223,"[24484.72224168071, 24483.956917687854, 24464.81891418584, 24462.361821367, 24422.74115586611]","[22387.259520000953, 22351.157760000435, 22384.55359999989, 22389.044799999738, 22386.01952000067]"
tuplepack,point/4/write/ordinary,52813.934996222095,44891.540436458075,1.1764785632824921,0.0003304593186737384,0.0005818130932431147,"[52813.934996222095, 52852.69236583441, 52812.83597883773, 52811.427815571384, 52817.97354497341]","[44898.06996149, 44945.405006418354, 44887.58408215643, 44879.04172015396, 44891.540436458075]"
tuplepack,wide/64/write/ordinary,11008.395594020552,9368.377441798457,1.175058932286919,0.00034282600999761267,0.00033165438586682023,"[11016.762863887016, 11008.111408339953, 11008.395594020552, 11008.197482297319, 11008.634775767432]","[9370.192266524124, 9363.02809740402, 9364.9083489433, 9368.377441798457, 9369.568637944787]"
tuplepack,point/1/write/control_effects,14675.37023060751,10399.244312267321,1.411195832114062,0.0002811682185698308,0.0021498904869321172,"[14675.07023060801, 14675.37023060751, 14675.915932914053, 14673.913417190439, 14684.148637316996]","[10399.244312267321, 10447.2908550183, 10414.892788104216, 10393.834944237993, 10395.435241635572]"
tuplepack,point/2/write/control_effects,24211.244982698958,19432.499722684453,1.2459151075883488,0.0003550722914422885,0.0023693466342843946,"[24211.244982698958, 24212.370588234997, 24214.78442906602, 24203.664705882107, 24193.694117646708]","[19416.88241819138, 19432.499722684453, 19506.120077649128, 19496.43704936176, 19407.509151414597]"
tuplepack,point/4/write/control_effects,33479.057867048876,27907.83155397449,1.1996294947638437,0.0002176910957834297,0.0037664801098610708,"[33481.172166427095, 33479.057867048876, 33463.25538020124, 33473.316594929274, 33479.15542802576]","[27696.53103993685, 27883.372874653785, 27942.365361802273, 27907.83155397449, 27956.162514828073]"
tuplepack,scan/packet4/16/1024,1013.0183619091734,706.2273496354292,1.4344082857058946,0.0002775886567431521,0.0004830438544953034,"[1013.0183619091734, 1012.9946420296478, 1013.6376998378144, 1012.9997683039884, 1013.0251245365997]","[706.3639668855571, 706.7692764774771, 705.8766768722691, 706.0421685533602, 706.2273496354292]"
tuplepack,scan/packet4/16/65536,64743.36700648801,45287.52038835,1.4296072395066024,0.00023335624921398446,0.0001648986936097679,"[64765.98702502509, 64738.28174235525, 64727.810936052716, 64743.36700648801, 64756.83225208372]","[45287.24983818649, 45294.746925564585, 45287.52038835, 45296.99546925599, 45278.003236245415]"
tuplepack,scan/packet4/16/1048576,1046572.0454545154,747221.4835164888,1.4006182484599572,0.002760160336860476,0.006823272540596706,"[1048360.939393947, 1043761.772727261, 1046572.0454545154, 1045097.6363636436, 1051155.151515158]","[749917.2967032753, 747221.4835164888, 740293.8681318772, 742659.9670329582, 752692.714285694]"
tuplepack,scan/packet4/64/1024,946.6654749813706,708.5546361472458,1.3360514866275501,0.0017280566418496838,0.0006223395976806763,"[947.4971900602704, 944.4693344166777, 947.6564967161025, 944.2726657187183, 946.6654749813706]","[709.5280194459845, 708.5546361472458, 708.7144173798529, 708.4863118448521, 708.4967539373222]"
tuplepack,scan/packet4/64/65536,76146.02541436793,55514.814932487956,1.371634319721137,0.0013881780312509889,0.002326504710682615,"[76327.8618784506, 76205.94475138414, 76145.26408839697, 76146.02541436793, 76038.2375690608]","[55760.10722795854, 55565.41382049326, 55414.08260524242, 55514.814932487956, 55497.873709292864]"
tuplepack,scan/packet4/64/1048576,1897609.8333333507,1402001.0816326956,1.3535009767064485,0.0021758112204216798,0.007615203387557137,"[1898120.9444444147, 1898623.6944444655, 1897609.8333333507, 1894484.333333304, 1888722.8611110311]","[1402001.0816326956, 1415687.0204081398, 1397419.959183725, 1388451.6530612449, 1410210.775510154]"
tuplepack,pipeline/decode_repack/inline,16616.68644501338,14297.35416666663,1.1622210830976074,0.0003919837989720877,0.005158737246596233,"[16604.357289002503, 16620.63810741733, 16616.68644501338, 16619.66317135615, 16616.114322250232]","[14145.234848484666, 14216.665193602712, 14314.626893939048, 14297.35416666663, 14307.694234006953]"
tuplepack,pipeline/decode_repack/cps,17013.830544488887,15165.88737430165,1.1218486676433155,0.015470313342201593,0.004116841806902527,"[17606.30889774263, 17011.788047808852, 17010.64382470097, 17013.830544488887, 17018.529349269775]","[15156.43575418988, 15165.88737430165, 15174.849162011144, 15304.545698323953, 15164.61743016729]"
words,word/2/unit4/stride4/map0/random/all/word_hash/points,1488.2540578687372,1242.4392511843334,1.197848551911158,0.0015758969828745116,0.013698559645981526,"[1493.2657556510767, 1488.2540578687372, 1487.6314236222493, 1488.488569534441, 1487.9048566112783]","[1228.8063681031294, 1273.3712026486803, 1236.3817515805792, 1242.4392511843334, 1249.9863515488796]"
words,word/2/unit4/stride4/map0/random/all/update/points,4152.145927333175,3163.5799184043553,1.3124833367343638,0.0005148477388068705,0.0010049654401268736,"[4150.601163619092, 4152.145927333175, 4149.7951199240115, 4155.316255046308, 4152.7121823794805]","[3162.7189936536734, 3168.80580235721, 3163.5799184043553, 3160.1900725294663, 3165.017135086129]"
words,word/2/unit16/stride16/map2/random/all/word_hash/points,3537.992266477965,2641.4898736104783,1.3393927047852419,5.187393050232907e-05,0.005520786086935321,"[3537.885564092191, 3538.362009704812, 3538.034017387789, 3537.992266477965, 3537.967701172655]","[2658.1044617024527, 2632.452299375669, 2634.1228110248226, 2665.040924318557, 2641.4898736104783]"
words,word/2/unit16/stride16/map2/random/all/update/points,16878.415481070628,14350.351046368489,1.176167427997651,5.9780460226665114e-05,0.00044769077717009514,"[16876.28478418133, 16878.177477694706, 16878.72799614181, 16878.415481070628, 16878.638775018113]","[14337.146081247447, 14350.351046368489, 14353.234714813314, 14351.373615100545, 14346.115921214574]"
words,word/2/unit4/stride4/map0/random/all/word_hash/gpr,1107.1632830672345,940.0943001007059,1.1777151323528199,0.0003107598656851506,0.00035200959281552646,"[1107.2256910929307, 1107.893665838568, 1107.0455876070082, 1107.1632830672345, 1107.1188822254203]","[940.5633568311496, 939.6884189325293, 940.2229875797235, 940.0943001007059, 939.9026653239318]"
words,word/2/unit4/stride4/map0/random/all/update/gpr,2297.1498900521774,1725.0033031774558,1.3316785456705085,0.00022202740357608072,0.00022853547728140773,"[2298.1158226394036, 2297.1498900521774, 2296.875118973371, 2297.142472677146, 2297.752469723322]","[1725.129933196931, 1724.7132398254716, 1724.1724800946483, 1725.0033031774558, 1725.0674193309862]"
words,word/2/unit16/stride16/map2/random/all/word_hash/gpr,3223.503062963483,2379.26585291217,1.3548309698212098,0.0001285903288878394,0.002181687175234778,"[3223.9642116899226, 3222.9218829165043, 3223.503062963483, 3223.830777025452, 3223.3307079360743]","[2382.362483424573, 2379.26585291217, 2369.9345822991404, 2380.2472884294934, 2373.363129441357]"
words,word/2/unit16/stride16/map2/random/all/update/gpr,17057.79502802823,14505.360489220582,1.1759649159153576,0.00021436976530908944,0.0005720854000024111,"[17064.497928345078, 17057.79502802823, 17056.025103582706, 17060.863758225747, 17055.91908359743]","[14505.360489220582, 14496.438640132614, 14510.155679933669, 14493.28026533994, 14512.06260364842]"
words,word/2/unit4/stride4/map0/random/all/word_hash/gpr_native,424.997004478092,380.1011581545465,1.1181155209879448,0.0019691515619916175,0.010680268696587293,"[424.942799506619, 425.9036511341051, 426.6709422222777, 424.64380024183, 424.997004478092]","[380.42962922780526, 379.89686186226896, 381.92950174943564, 380.1011581545465, 371.7196615042429]"
words,word/2/unit4/stride4/map0/random/all/update/gpr_native,1933.857284932865,1595.2515428233032,1.2122585266460808,0.0003919790617631873,0.0008634910679094245,"[1934.2691308912129, 1933.857284932865, 1935.1832421680786, 1933.462152605114, 1933.2808166197008]","[1595.9103226834904, 1593.5893926627673, 1595.2515428233032, 1597.3893607815473, 1595.1072347596353]"
words,word/2/unit16/stride16/map2/random/all/word_hash/gpr_native,2769.77164917839,2115.890206185567,1.3090337301440662,0.0001961256693706082,0.0031921692365430533,"[2770.100574143738, 2769.5975054444684, 2769.77164917839, 2769.976915462274, 2768.7258760641594]","[2115.890206185567, 2126.1617343844764, 2121.397058823526, 2112.1329290479057, 2109.617859308666]"
words,word/2/unit16/stride16/map2/random/all/update/gpr_native,18236.249089963578,15431.807357859385,1.18173125590995,0.0006221621221703415,0.0026695213080498315,"[18214.951118044773, 18231.872854914192, 18236.49609984409, 18245.84373374947, 18236.249089963578]","[15519.850390189637, 15425.899665551833, 15448.620735785966, 15418.108807134868, 15431.807357859385]"
words,word/2/unit4/stride4/map0/random/all/word_hash/simd,1930.9952253470515,1562.5015421751446,1.2358357244620253,0.0003501490162912692,0.0003939241615000784,"[1931.3212541053772, 1932.4990478293178, 1930.9420693842692, 1930.9952253470515, 1930.88281400931]","[1562.1202673103608, 1562.8658754637684, 1561.8223816548327, 1563.38654955076, 1562.5015421751446]"
words,word/2/unit4/stride4/map0/random/all/update/simd,5972.382395628792,4890.936906756033,1.2211121323971525,0.0008275796955405591,0.000575755580669149,"[5972.432254759628, 5974.82566379237, 5972.382395628792, 5962.056859899207, 5971.137197985171]","[4886.295784477927, 4890.936906756033, 4892.664503070873, 4887.362158012287, 4891.796133444962]"
words,word/2/unit16/stride16/map2/random/all/word_hash/simd,2571.9182623396737,2186.2428624976587,1.1764101356065275,5.361023256156661e-05,0.000570433278042169,"[2571.869712227576, 2571.8733139770015, 2572.1992355470743, 2571.921680326358, 2571.9182623396737]","[2186.8417254950978, 2184.6679577684804, 2187.8867058161927, 2185.4153182982454, 2186.2428624976587]"
words,word/2/unit16/stride16/map2/random/all/update/simd,6811.90862152946,5550.800398883087,1.2271939417782216,0.0005664243627620019,0.0005970611593857084,"[6819.629907452462, 6811.958402337999, 6809.71125182665, 6811.90862152946, 6811.40301997081]","[5552.347826086985, 5552.575189469479, 5550.800398883087, 5544.621779018711, 5548.413641802977]"
words,word/2/unit4/stride4/map0/random/all/update/simd_word,5392.3192719981525,4738.3621231365605,1.138013332849433,0.000827282213026712,0.019255152991366167,"[5392.3192719981525, 5398.157630909204, 5394.932212539551, 5386.99876609856, 5389.097401095028]","[4571.352697372835, 4739.020188515264, 4820.632462062965, 4738.3621231365605, 4707.28491209302]"
words,word/2/unit16/stride16/map2/random/all/update/simd_word,5807.253673113684,4906.347085459671,1.1836206391357673,0.0006050803361569448,0.006891761236397605,"[5811.627210093792, 5807.253673113684, 5805.852079355832, 5814.131568025269, 5807.147339586641]","[4971.142097319002, 4887.50097031547, 4891.009415654445, 4906.347085459671, 4920.670164594238]"
words,word/4/unit4/stride4/map1/random/all/word_hash/points,2236.99872147287,1651.420152269946,1.3545909067404935,0.041002728994577305,0.0026848387611203162,"[2368.2245732915912, 2236.99872147287, 2236.964968356478, 2438.363613117705, 2236.753787636653]","[1651.813469311027, 1651.420152269946, 1652.8236206410318, 1644.325594510764, 1643.6784002255924]"
words,word/4/unit4/stride4/map1/random/all/sum/points,2401.352884615376,1770.1598724664173,1.3565740145659828,0.00045471180657584675,0.00151670051410378,"[2403.539079670339, 2402.771806318678, 2401.352884615376, 2401.0319711538514, 2401.327987637368]","[1772.3110908676854, 1770.1598724664173, 1770.193274121317, 1765.695766593281, 1766.9587287127806]"
words,word/4/unit4/stride4/map1/random/all/update/points,9101.533490011687,7481.103511025513,1.2166030688651766,0.007614820962139003,0.0005099490688311817,"[9085.328241284778, 9101.533490011687, 9125.183574879182, 9217.44235539894, 9027.476302389372]","[7476.4061228859255, 7481.103511025513, 7477.077285377813, 7482.553735816692, 7485.515521301653]"
words,word/4/unit4/stride4/map1/random/all/word_hash/gpr,1702.9494804467965,1214.8843671504576,1.4017379155524967,0.00018338433997266393,0.003430399146769709,"[1703.3289368018852, 1702.9541284403676, 1702.9494804467965, 1702.5884943907797, 1702.574647750211]","[1216.5210717275945, 1223.4470764722298, 1212.6073471951054, 1214.5858568239125, 1214.8843671504576]"
words,word/4/unit4/stride4/map1/random/all/sum/gpr,1865.8637066254767,1396.21132268272,1.3363762894003417,0.00027156205038962074,0.007663365540692061,"[1865.8637066254767, 1865.919034166638, 1866.6859975480943, 1865.4094131443196, 1865.4871275518117]","[1412.7496315510225, 1385.4037611271558, 1389.8790701330668, 1396.21132268272, 1402.0073886301625]"
words,word/4/unit4/stride4/map1/random/all/update/gpr,6867.918759811616,5239.246954181975,1.3108599040802291,0.0011889147761109124,0.00047476596068045813,"[6873.427884615443, 6869.398449764599, 6867.918759811616, 6855.996565934095, 6855.626962323339]","[5235.807085731332, 5236.397937065672, 5240.197697884723, 5241.622841766943, 5239.246954181975]"
words,word/4/unit4/stride4/map1/random/all/word_hash/gpr_native,1582.3858677218714,1134.3975685169933,1.3949129578887731,4.925844889674257e-05,0.002994487898288863,"[1582.3107066139075, 1582.4526851328235, 1582.339446014667, 1582.3858677218714, 1582.49858677219]","[1139.0299969242237, 1138.3924044485598, 1130.962880222736, 1134.3975685169933, 1133.5298593236373]"
words,word/4/unit4/stride4/map1/random/all/sum/gpr_native,1737.6447374956442,1233.1612732282786,1.4090977191869514,0.0008509838528045023,0.003054492841912184,"[1737.5468633586745, 1737.6447374956442, 1737.4086574281034, 1740.9050315402833, 1738.8772165102223]","[1233.1612732282786, 1239.433477001338, 1236.625079488459, 1231.2013707341048, 1230.5249770366684]"
words,word/4/unit4/stride4/map1/random/all/update/gpr_native,7609.096000000018,6088.770894007505,1.2496932685525741,0.005796950392561594,0.00641665657828341,"[7673.19528767128, 7623.88295890411, 7609.096000000018, 7556.645260273958, 7582.56076712325]","[6087.708675315481, 6088.770894007505, 6174.951019327646, 6089.2499338097905, 6084.151354690569]"
words,word/4/unit4/stride4/map1/random/all/word_hash/simd,1094.5343825589923,932.9277754079285,1.1732252071500393,0.005426148434636307,0.008838809174036915,"[1096.0362673954774, 1094.5343825589923, 1097.4568843652833, 1085.5753306317224, 1085.150362831034]","[932.9277754079285, 943.6545403647351, 943.4771382105312, 926.1264663538417, 928.4134717926846]"
words,word/4/unit4/stride4/map1/random/all/sum/simd,1382.2177476694517,1010.2353315036797,1.3682136276228793,0.0003473019417177794,0.0016348030149713763,"[1382.8169537051656, 1382.2177476694517, 1381.8789303207373, 1383.03713066836, 1382.1954890187785]","[1010.2353315036797, 1011.3306658962856, 1010.3506138957255, 1008.2942221580361, 1007.3034089267519]"
words,word/4/unit4/stride4/map1/random/all/update/simd,4683.914337180586,3857.7694035007007,1.2141509373085406,0.0020059184336919376,0.010240418109517493,"[4662.9761158183255, 4682.164920941966, 4685.2485822937315, 4683.914337180586, 4683.961771966109]","[3813.995969599194, 3812.3395900507035, 3903.8560571165585, 3874.0568286503176, 3857.7694035007007]"
words,word/8/unit1/stride1/map0/scan/all/sum/points,1570.7457387320426,1197.2996838957756,1.3119069184259262,0.0005982988298058993,0.0005556409052675796,"[1572.135911428502, 1570.7457387320426, 1572.0215140695066, 1570.2598306721336, 1570.214848750228]","[1197.3583767620719, 1195.8317471166026, 1197.2996838957756, 1197.0992054677379, 1197.4201964972133]"
words,word/8/unit1/stride1/map0/scan/all/update/points,4863.772736746976,4156.886310205613,1.1700519027440994,0.00034710692793461426,0.020046968312814786,"[4866.6198846661955, 4863.50024317375, 4864.58445077465, 4863.772736746976, 4862.014104078317]","[4242.288986677986, 4340.246669479769, 4156.886310205613, 4148.224606667032, 4147.948459822698]"
words,word/8/unit1/stride1/map0/scan/all/sum/gpr,345.75999407172844,267.1036731485437,1.294478619466389,0.00029399358808709653,0.00047854760460030364,"[345.8555775121018, 345.73497678095674, 345.57546685109975, 345.7623456180199, 345.75999407172844]","[267.00485759203707, 267.1036731485437, 267.22406740337954, 266.9199165089439, 267.19492566701166]"
words,word/8/unit1/stride1/map0/scan/all/update/gpr,583.3508981835633,453.5261818512261,1.2862562769858448,0.0008155222074759861,0.004248095622545262,"[583.1954668295483, 583.3508981835633, 583.1932328751078, 583.4191467465376, 584.3307591261739]","[453.5261818512261, 453.23739596722345, 454.6050260325388, 457.39975850114917, 452.4338345083688]"
words,word/8/unit1/stride1/map0/scan/all/sum/gpr_native,217.71542977683063,173.49101888745045,1.2549089351885705,7.762716823589122e-05,0.002130535936931875,"[217.725684559645, 217.70300954229705, 217.7438233290119, 217.71542977683063, 217.70434739321635]","[173.3209522814661, 173.49101888745045, 173.89929265344477, 173.42720598110694, 174.20126795102965]"
words,word/8/unit1/stride1/map0/scan/all/update/gpr_native,543.1730475326082,403.46248981878813,1.3462789261439643,0.0008295087183843127,0.0012074904198295009,"[543.4968929643651, 543.1730475326082, 543.1530399298725, 543.0103412696637, 544.1342968634815]","[403.9604593531418, 403.46248981878813, 402.831907482399, 403.55471281763477, 402.84510117668486]"
words,word/8/unit1/stride1/map0/scan/all/sum/simd,511.3684668289215,418.05017852436185,1.2232226969354625,0.00030922402998752877,0.017472894608260025,"[511.3338449507056, 511.3147104611178, 511.3684668289215, 511.7014420301101, 511.4228590640269]","[418.05017852436185, 427.74463827849513, 417.9594426205922, 420.0043073494511, 407.2843329898614]"
words,word/8/unit1/stride1/map0/scan/all/update/simd,1156.8191832481382,983.2984049217957,1.176468076687405,8.248466785406725e-05,0.0005655542808267614,"[1156.9330620751323, 1156.724408276673, 1156.7004416215993, 1156.8539671513072, 1156.8191832481382]","[984.2768650307689, 983.0288324815965, 983.0322676014579, 983.890850473741, 983.2984049217957]"
words,word/8/unit1/stride1/map0/scan/all/sum/simd_full,87.87560895334249,70.63909960896021,1.2440080555924289,0.0052695013180501064,0.0006459914496246843,"[87.87560895334249, 87.24733995110621, 87.935599808049, 88.40294056313915, 87.3914637240939]","[70.63909960896021, 70.71261702734701, 70.65696609470638, 70.59277658878459, 70.61557972073659]"
words,word/8/unit1/stride1/map0/scan/all/update/simd_full,138.12755098009634,120.1142717625295,1.149967851057531,0.00031661983143094376,0.00029455888430351203,"[138.06873128491358, 138.12755098009634, 138.1725541009281, 138.15028956537466, 138.0841240746172]","[120.1142717625295, 120.04903919559254, 120.08401364520881, 120.11574873279754, 120.14129911485017]"
bec256,codec/random/read_exact,87.74263287484499,72.48225996388119,1.2105394191429493,0.0007289647023917829,0.0006350682186143901,"[87.7993465975539, 87.71454763575456, 87.72996597176639, 87.87048270797335, 87.74263287484499]","[72.5218668597442, 72.48225996388119, 72.47966028345775, 72.57999400793949, 72.46730790036531]"
bec256,codec/random/read_padded,84.79009405650662,70.62205352162772,1.2006177932866253,0.00029740108173729725,0.00022264238320797273,"[84.84295825113342, 84.7854257884826, 84.79669874635786, 84.79009405650662, 84.78048106198857]","[70.6265389185737, 70.60135036820874, 70.60193339908002, 70.63708702821991, 70.62205352162772]"
bec256,codec/random/encode_checked_exact,34.6557431278072,26.03035570485539,1.331358799731766,0.0001789010392479636,0.0003108456153747272,"[34.6557431278072, 34.65083020942173, 34.66338412475176, 34.65583325492598, 34.646881948330346]","[26.043278919471536, 26.02692795546123, 26.038842614292733, 26.024128273106026, 26.03035570485539]"
bec256,codec/random/prepare_write,42.937390162888704,33.51445006942594,1.2811605165516047,0.0003901420759460705,0.0007154200399502417,"[42.96768787704988, 42.94586981791202, 42.92649248123765, 42.92822104517384, 42.937390162888704]","[33.540986661990324, 33.523666127166756, 33.50490724530189, 33.47641005443871, 33.51445006942594]"
bec256,codec/random/estimate_bytes,6.445491007887571,4.563245780967979,1.4124794756333112,3.650576522127914e-05,0.0004598721647378256,"[6.445160976465509, 6.445730377411465, 6.445694167933845, 6.445372797302851, 6.445491007887571]","[4.563838261633073, 4.567199840668272, 4.562591382817973, 4.561720826886848, 4.563245780967979]"
bec256,codec/random/enum_bits,1.1845850352834681,0.9356299805415214,1.2660828104266788,0.002008600556500591,0.0028867604385765426,"[1.1885040033778094, 1.183550030524109, 1.1845850352834681, 1.1823185623062795, 1.185958776549053]","[0.9390293580616174, 0.9322321896402557, 0.9343779116205563, 0.937795821915293, 0.9356299805415214]"
bec256,codec/random/encode_gate144,2.029099440098654,1.8260630653401648,1.111188040879994,9.876385038020052e-05,0.00019373677563227457,"[2.0289889767428457, 2.029187607832238, 2.029362580628105, 2.029099440098654, 2.0288319216251782]","[1.8259922651437634, 1.8263178573512688, 1.8261890917766972, 1.8260630653401648, 1.825399959152929]"
bec256,codec/random/native_encode_checked_exact,32.29401251611805,25.14806074896759,1.2841551815260277,0.00014031477244751375,0.0011403720134611234,"[32.29401251611805, 32.29732631175893, 32.298995435053804, 32.28910156601407, 32.28926118919274]","[25.14806074896759, 25.197034022698325, 25.143215430214575, 25.12914374602689, 25.183348325829865]"
bec256,codec/random/native_encode_admitted_exact,27.986554538503142,23.151788472741117,1.20882905316168,0.00036706867763691415,0.0006494234665731616,"[27.98600464232351, 27.99262099315654, 27.982629679516435, 28.008470000863824, 27.986554538503142]","[23.143805744696067, 23.173622930674693, 23.151788472741117, 23.15299617467433, 23.132669113791327]"
bec256,codec/random/native_encode_wide,24.938467293581944,19.490378117439853,1.2795271155497583,4.2814557780033865e-05,0.0005392988662193057,"[24.939246810943786, 24.938467293581944, 24.937420574199383, 24.939384687186674, 24.937001601430815]","[19.490378117439853, 19.498900873178208, 19.482896595796305, 19.504338892890587, 19.479350109606504]"
bec256,codec/runs/read_exact,82.88876628773414,75.73457734348756,1.094463971348244,0.0001514525086511443,0.00034135554298135877,"[82.88715379315069, 82.88876628773414, 82.91636457058141, 82.8960438238615, 82.8864836962829]","[75.73022240518252, 75.75365023995496, 75.73457734348756, 75.71013660639777, 75.7784798882013]"
bec256,codec/runs/read_padded,79.95460977990756,66.52728650280604,1.201831819437505,0.0002606531573579907,0.0005697620567138466,"[79.99210460738011, 79.94897429625118, 79.94768716550122, 79.95460977990756, 79.98341818946636]","[66.53562545985116, 66.46562143362308, 66.52728650280604, 66.57073931264786, 66.52117386930017]"
bec256,codec/runs/encode_checked_exact,30.094356353171598,21.38484396037913,1.4072750032185906,9.916246820213937e-05,0.00035404045456135196,"[30.093401690612634, 30.09003241982436, 30.09733085809105, 30.09703886895728, 30.094356353171598]","[21.392919152451544, 21.38484396037913, 21.373349391450436, 21.381851089070913, 21.389689503350187]"
bec256,codec/runs/prepare_write,39.85045870464471,31.134696388406777,1.2799372830718627,0.0003123934675350174,0.00041439001930340647,"[39.84186101240742, 39.85045870464471, 39.842511879026205, 39.85401260691666, 39.87252052503649]","[31.158476184371676, 31.134696388406777, 31.126198103687706, 31.13575355508484, 31.127950552196918]"
bec256,codec/runs/estimate_bytes,6.1767936310263964,4.411099547486436,1.4002843428337728,7.292015668716076e-05,0.0020192808007153417,"[6.177027584530652, 6.1767936310263964, 6.176498231620556, 6.1776025804453525, 6.1765406081043395]","[4.415391004117401, 4.411099547486436, 4.400631355806226, 4.394178386017601, 4.412011911368223]"
bec256,codec/runs/enum_bits,1.182489817498638,0.9381781955390855,1.260410680104507,0.006963738388431101,0.0009606611411962058,"[1.1828628805024795, 1.174581434652933, 1.1947549505809552, 1.182489817498638, 1.1747676122051354]","[0.9378402226988872, 0.938400377431486, 0.9381830557679808, 0.9361865031123058, 0.9381781955390855]"
bec256,codec/runs/encode_gate144,29.80405048709372,21.62875040003648,1.3779830057608622,0.0007513927290210042,0.000608287576996893,"[29.785457076143633, 29.80405048709372, 29.80186525402859, 29.845496322708332, 29.816758614910068]","[21.61440304070903, 21.62875040003648, 21.650418350314183, 21.63443723882015, 21.626179992070256]"
bec256,codec/runs/native_encode_checked_exact,27.76441020734255,20.47050034869506,1.3563132182605617,8.46800640636072e-05,0.000642651131284127,"[27.76441020734255, 27.768035172235464, 27.762524733701174, 27.762080042779417, 27.764563726866918]","[20.461566084063417, 20.492855195086236, 20.46212581194956, 20.479597757456496, 20.47050034869506]"
bec256,codec/runs/native_encode_admitted_exact,23.928438894979568,18.63629223564375,1.2839699330972103,7.234140312512378e-05,0.0005373507327217966,"[23.928382813680752, 23.932065713603766, 23.929897692664735, 23.92775155711087, 23.928438894979568]","[18.642154307363505, 18.634439737913404, 18.63629223564375, 18.620189775852584, 18.646525967715764]"
bec256,codec/runs/native_encode_wide,24.9394777652189,19.489042271433174,1.2796666669339065,0.00030188553904027997,0.0002922526735073848,"[24.954866223572246, 24.93633094396783, 24.9394777652189, 24.937587035567095, 24.940041135663424]","[19.4804176367582, 19.490099008522165, 19.484323998822283, 19.489042271433174, 19.495306377160635]"
bec256,codec/terminal/read_exact,2.780135684947215,2.452004834597541,1.1338214532531832,0.009899468366782634,0.0035572384946513528,"[2.780135684947215, 2.7718083094622523, 2.7854844722678815, 2.836744173816276, 2.7694309467323404]","[2.4422593484472452, 2.452004834597541, 2.4521484719983926, 2.4633174197571797, 2.4423277389228235]"
bec256,codec/terminal/read_padded,2.798516391521528,2.469245280235627,1.1333488875817472,0.0045554422091543464,0.01059241009875471,"[2.811852611181665, 2.7985705522647573, 2.798516391521528, 2.776380103970933, 2.7970321513080636]","[2.471204871072256, 2.412542111903157, 2.4442918175764423, 2.469245280235627, 2.4730110818579516]"
bec256,codec/terminal/encode_checked_exact,1.4342588129383946,1.218173421591979,1.1773847528737105,0.00020044134680371643,0.0005119021290237064,"[1.4341879260806807, 1.4348431018080579, 1.4341243963730128, 1.4343029353450687, 1.4342588129383946]","[1.2176321817357874, 1.2174486878407869, 1.218173421591979, 1.2184115120264818, 1.2190030762560553]"
bec256,codec/terminal/prepare_write,11.139520223781656,9.695802537040416,1.1489013087081623,0.002948540011179652,0.0027321511622343145,"[11.139520223781656, 11.143509633050881, 11.133879183465467, 11.203382315353279, 11.116947445028538]","[9.681961914004457, 9.662372634229202, 9.71258117740202, 9.7307423815036, 9.695802537040416]"
bec256,codec/terminal/estimate_bytes,1.095419559379799,1.2175459438354426,0.8996946398006731,0.00044477849375337315,0.0005053070041186762,"[1.0960268925746823, 1.0953644940437106, 1.095419559379799, 1.096272562660965, 1.0951150306720685]","[1.2163299819022044, 1.2175459438354426, 1.217964971255084, 1.2175864034539388, 1.217324293978764]"
bec256,codec/terminal/enum_bits,1.1862285014737388,0.9369028458030395,1.2661168730435406,0.0073087005320884675,0.00396574774155862,"[1.1771025740342125, 1.1818289115844107, 1.1862285014737388, 1.1965226671744256, 1.1963385599378937]","[0.9300198224581845, 0.9312376300414519, 0.9369028458030395, 0.9370989791879714, 0.9379361541250161]"
bec256,codec/terminal/encode_gate144,1.5108741471417264,1.2180298496107695,1.2404245656414228,0.00011214818174334335,0.0007411901368064742,"[1.5110446783295461, 1.5110010204463489, 1.5108124045793219, 1.5108741471417264, 1.5106173576449018]","[1.2179905568942937, 1.217022050651003, 1.2180298496107695, 1.2190328588999342, 1.2192631462656829]"
bec256,codec/terminal/native_encode_checked_exact,1.0741112667339434,0.9138379419371991,1.1753848439002095,0.00022164881928394336,0.00018220635384380042,"[1.0741079972682184, 1.0741112667339434, 1.0746476433084788, 1.0740788483695105, 1.074207263159554]","[0.9136098560827525, 0.913997268340161, 0.9138379419371991, 0.9137830777606428, 0.9140141095176448]"
bec256,codec/terminal/native_encode_admitted_exact,0.7161021123130491,0.609252707007883,1.1753778096939724,0.00040082236979082075,0.0003999892852348814,"[0.7161021123130491, 0.7160998898368732, 0.7160718272344989, 0.7162310159311442, 0.7167531749301163]","[0.6095137273603365, 0.609252707007883, 0.6088712519905443, 0.6093948468037739, 0.6091890671447324]"
bec256,codec/terminal/native_encode_wide,24.936494276834622,19.479897398922738,1.280114251434078,5.578099546171845e-05,0.000501911913286581,"[24.936161455916896, 24.939268378378255, 24.935708192311886, 24.93689373320287, 24.936494276834622]","[19.479897398922738, 19.472427980328934, 19.496746842679403, 19.474555612636493, 19.485689395214266]"
bec256,intersection_count/random/exact/inline/1,162.80565119315995,134.9013493311223,1.2068496868296335,0.0010322658630932877,0.0002264938052439338,"[163.10747649409916, 162.94456588286567, 162.74072625607505, 162.80565119315995, 162.69421960877418]","[134.85587523268217, 134.9391248155414, 134.9013493311223, 134.91677742305657, 134.89876062152092]"
bec256,intersection_count/random/exact/inline/16,2602.7788189795783,2156.0859983379073,1.2071776455048728,0.0011343410645852125,0.00048437495644133475,"[2602.7788189795783, 2606.037892309956, 2603.0657816450844, 2598.15874609551, 2600.5452179087074]","[2157.521284126944, 2154.8489950444878, 2155.2054233740423, 2156.0859983379073, 2156.291360152663]"
bec256,intersection_count/random/exact/compiled/1,162.94823526126763,134.8879315493692,1.2080267922384762,0.0007904392046703352,0.0007108072261517899,"[162.80653260484974, 162.813792605968, 162.94823526126763, 163.10810886278344, 163.00587548167297]","[135.02917166797346, 134.99599060557344, 134.8879315493692, 134.7924343632676, 134.87694183969634]"
bec256,intersection_count/random/exact/compiled/16,2604.0896443981487,2155.8484820493945,1.2079186761412133,6.763484426754457e-05,0.00014253266766393823,"[2603.9655929176915, 2604.3374869811214, 2604.0896443981487, 2603.950900163611, 2604.273248028555]","[2155.9882689821134, 2155.4636677135286, 2156.309532606666, 2155.8484820493945, 2155.7954307531186]"
bec256,intersection_count/random/exact/cps/1,163.23656044191765,135.4177863653612,1.2054292484260567,0.0009880364804137757,0.0005585204283204345,"[163.11217408314704, 163.26903335786415, 163.23656044191765, 163.26135993143862, 162.88825441774776]","[135.4177863653612, 135.54859944086098, 135.35297420369344, 135.38923114453212, 135.4643955175923]"
bec256,intersection_count/random/exact/cps/16,2628.7663663663775,2172.062019111466,1.2102630326558252,0.0007914489552935162,0.00040901190043525314,"[2627.479504504462, 2628.657920420461, 2628.7663663663775, 2629.4190315315336, 2632.96358858861]","[2173.3008500868323, 2173.170389674827, 2171.2424298833434, 2172.062019111466, 2171.8252047654446]"
bec256,intersection_count/random/exact/materialized/1,160.6565872152526,133.1878726498805,1.2062403582162537,0.0001744299259009215,0.0002867758722751645,"[160.66025226168117, 160.66761448393166, 160.6329858768336, 160.6565872152526, 160.5988116712346]","[133.1857405024267, 133.1878726498805, 133.2098984945499, 133.2420291951893, 133.1376091773744]"
bec256,intersection_count/random/exact/materialized/16,2553.4920866457182,2123.7147842446875,1.2023705375078808,0.0001900269877394769,0.0008972181299486205,"[2552.9523375391996, 2554.041499525936, 2553.669790679039, 2552.9008095689683, 2553.4920866457182]","[2123.6772167263466, 2123.7147842446875, 2126.1804029859427, 2121.3679674698296, 2125.6526673544536]"
bec256,intersection_count/random/padded/inline/1,159.66314411595704,132.63263897841347,1.2037997987957014,0.00038484155772238094,0.00023428186320468425,"[159.74323159440584, 159.668049385645, 159.66314411595704, 159.60832869639552, 159.58491977341066]","[132.64929894671408, 132.64064289126787, 132.57521630659753, 132.5996811326047, 132.63263897841347]"
bec256,intersection_count/random/padded/inline/16,2557.761824756208,2122.2466438376637,1.2052142158797345,0.00040103506169675,0.0003974609149518499,"[2559.0436831147863, 2557.761824756208, 2559.276306658421, 2557.3171043500483, 2556.9998904269983]","[2121.0563047364994, 2122.2466438376637, 2121.6297463559645, 2122.6837176883755, 2123.1918542985777]"
bec256,intersection_count/random/padded/compiled/1,160.34358286932007,133.09943007803224,1.2046902287659338,0.0003600308238416701,0.00045077999534585175,"[160.32073967140843, 160.28947091038253, 160.34358286932007, 160.44220801539748, 160.36745491624947]","[133.09943007803224, 133.13604889610875, 133.00701179030938, 133.1305893632328, 133.02531929707288]"
bec256,intersection_count/random/padded/compiled/16,2560.167942285838,2123.8821245487693,1.205419035592552,0.0009176505747066409,0.0002575222365076797,"[2565.11238876476, 2560.647782619839, 2560.167942285838, 2559.4900941150277, 2559.5563774856123]","[2124.1443868110705, 2123.058422058463, 2123.8821245487693, 2124.0160160160267, 2123.003215336548]"
bec256,intersection_count/random/padded/cps/1,161.47228656595476,133.600213602547,1.2086229670734328,0.0003470868025432289,0.0006186042575970221,"[161.45559205972987, 161.40456030417548, 161.5493429249084, 161.5175573787159, 161.47228656595476]","[133.59984295054326, 133.600213602547, 133.60679172032386, 133.45661652037796, 133.68509482195506]"
bec256,intersection_count/random/padded/cps/16,2583.314221368947,2134.1121589452587,1.2104866234611105,0.0003241432036836236,0.00032095333827419063,"[2582.715166506671, 2582.5817027247494, 2584.1470501366234, 2584.4535184227343, 2583.314221368947]","[2133.871299517717, 2134.44051760979, 2134.1121589452587, 2135.498382469625, 2133.835835927511]"
bec256,intersection_count/random/padded/materialized/1,157.8858823370227,130.9778827599455,1.20543926203475,0.00011185389878985301,0.0004516648316723366,"[157.86403308960786, 157.87902400079648, 157.88820528549823, 157.91267292434247, 157.8858823370227]","[130.95030159024242, 130.87129596939326, 131.00326154570422, 131.02304937711062, 130.9778827599455]"
bec256,intersection_count/random/padded/materialized/16,2518.135721221376,2091.5720430108263,1.2039440523389813,0.00016241711327275545,0.0006103771189450392,"[2518.538785197948, 2517.769626353166, 2517.4827201783596, 2518.135721221376, 2518.2081130651413]","[2091.5720430108263, 2090.1022700119124, 2089.0850059736604, 2092.112604540043, 2091.714934289033]"
bec256,intersection_count/runs/exact/inline/1,164.4011657619248,140.19222564398697,1.1726838988876285,0.02475838817191128,0.00044873896924236325,"[173.58189183142514, 164.42380744909943, 164.2995866844032, 164.39663224332702, 164.4011657619248]","[140.2813813235788, 140.144117104547, 140.13755493536053, 140.19222564398697, 140.2461204407665]"
bec256,intersection_count/runs/exact/inline/16,2622.32689567229,2253.1399137209523,1.163854441396692,0.0011568372462748072,0.00041313889275299817,"[2622.32689567229, 2625.381647041088, 2620.1877296932075, 2619.125215630376, 2625.933698342483]","[2253.0656429077712, 2253.758322065595, 2253.1399137209523, 2252.681765501328, 2255.055888223565]"
bec256,intersection_count/runs/exact/compiled/1,163.97670096327576,142.7621878182917,1.1486003644885716,0.00022755029528118755,0.00013511648654772066,"[163.95654955820658, 163.9639580940742, 163.97670096327576, 164.0502261701068, 163.98370168982893]","[142.7826217152129, 142.75193725809473, 142.72955591770764, 142.76236096964618, 142.7621878182917]"
bec256,intersection_count/runs/exact/compiled/16,2623.745932368645,2282.415870635414,1.1495477078146175,0.0007132328974139791,0.00033379450411636724,"[2624.2118542400553, 2623.745932368645, 2624.061708030227, 2623.3981405113987, 2619.7298867812015]","[2282.415870635414, 2282.859615948881, 2282.055586346373, 2281.9714732827565, 2283.8382942653298]"
bec256,intersection_count/runs/exact/cps/1,165.62563998172988,143.0330697913017,1.157953473440742,0.0003376676054719328,0.0005548088524766634,"[165.64178775921997, 165.52831305195645, 165.62563998172988, 165.63514354763407, 165.53730297557667]","[143.0995383757118, 143.0330697913017, 142.94868797753628, 143.02429709068738, 143.15754282643252]"
bec256,intersection_count/runs/exact/cps/16,2658.566252705956,2280.6055906692122,1.1657282011335577,0.00017378890206921855,0.00036369779835351243,"[2658.549770232811, 2658.566252705956, 2659.589761118046, 2658.892712012368, 2658.475105389119]","[2279.8157946179153, 2280.6055906692122, 2282.0041701961286, 2281.2576399295517, 2280.4951130514396]"
bec256,intersection_count/runs/exact/materialized/1,163.33150668952675,140.79899519721928,1.1600331839069293,0.00013326643600313143,0.0005320467716115176,"[163.32696924100168, 163.33332166894007, 163.37251635931116, 163.31471463064793, 163.33150668952675]","[140.79899519721928, 140.80448581289642, 140.7419511194376, 140.65814783231275, 140.85440013515017]"
bec256,intersection_count/runs/exact/materialized/16,2570.429626635285,2246.2571758443037,1.144316712385853,0.00016527306354059546,0.00054652061943477,"[2570.9655666618287, 2570.830552697327, 2570.429626635285, 2569.93355872415, 2570.23070704111]","[2246.2571758443037, 2245.2529104261143, 2244.7529585324405, 2247.0170616721907, 2247.73827010037]"
bec256,intersection_count/runs/padded/inline/1,159.64697024660734,132.68510118864188,1.2032019331215873,0.00026443000374351327,0.0001842441301631757,"[159.69467697003822, 159.61052285748013, 159.6533083278034, 159.64697024660734, 159.5846549076743]","[132.65686845003177, 132.7049465577636, 132.67064079502802, 132.68510118864188, 132.71682345202922]"
bec256,intersection_count/runs/padded/inline/16,2557.0990786779803,2123.3803325443932,1.2042586245554383,0.0006691499846226972,0.00031873714639533805,"[2557.4649751389443, 2558.3903188066124, 2557.0990786779803, 2555.64934922486, 2554.0256653992706]","[2123.2645488197736, 2123.9659263304757, 2122.8267795375477, 2123.3803325443932, 2124.5695733964753]"
bec256,intersection_count/runs/padded/compiled/1,160.3109754003229,133.0749242491998,1.204667042305582,0.00023826327853029326,0.00046974874735692486,"[160.3109754003229, 160.26578324895056, 160.3182799687637, 160.36650156968145, 160.28508196458534]","[133.20303879241143, 133.04158818611043, 133.0749242491998, 133.06930031214742, 133.10639391936806]"
bec256,intersection_count/runs/padded/compiled/16,2564.8589757688537,2123.7101172041657,1.207725553026726,0.0008987639576940408,0.00034482236580530396,"[2565.744675391364, 2564.8589757688537, 2566.3748671138524, 2564.16529198283, 2560.488470985003]","[2124.6504220562106, 2123.021861905593, 2123.5778223112993, 2124.7235076212864, 2123.7101172041657]"
bec256,intersection_count/runs/padded/cps/1,161.4532052435623,133.49496547179132,1.2094329151137824,0.0004416794937376013,0.00040255378683867526,"[161.5486819580765, 161.47199651167622, 161.3919588599276, 161.36757981386336, 161.4532052435623]","[133.49496547179132, 133.58190397050612, 133.58848295557195, 133.4936855879387, 133.47575193176462]"
bec256,intersection_count/runs/padded/cps/16,2582.945547844005,2134.9726482695182,1.2098260602718198,0.00028213807859282845,0.0006122103723213583,"[2581.8589781453143, 2583.2384450679697, 2583.085979031324, 2582.945547844005, 2581.6958431778116]","[2135.8207043757106, 2135.838938862667, 2132.965421558122, 2133.5983534075344, 2134.9726482695182]"
bec256,intersection_count/runs/padded/materialized/1,157.9287418586548,131.04175531516518,1.2051787728180565,0.00019837328194433616,0.0004541126174122664,"[157.92336090713644, 157.97393192848978, 157.89069181085267, 157.95176764031984, 157.9287418586548]","[131.06366959831433, 131.05428471899648, 130.94369634269276, 131.04175531516518, 130.9474551638408]"
bec256,intersection_count/runs/padded/materialized/16,2517.839653499155,2090.9322347603215,1.2041708533838584,0.0003887960340126918,0.0008170414547572934,"[2517.2737859890462, 2518.695985047374, 2517.839653499155, 2516.1536968476553, 2518.2183242874535]","[2088.7166696520135, 2091.704310705083, 2090.9322347603215, 2089.478356916843, 2092.981073497004]"
bec256,intersection_count/terminal/exact/inline/1,159.8641002120495,133.36909218865264,1.1986592814616992,0.000549427864062741,0.00018424845720272628,"[160.05494414998415, 159.8407445448216, 159.85719645067198, 159.88470855740994, 159.8641002120495]","[133.32493653769305, 133.35026424349687, 133.3767057580471, 133.3872526114406, 133.36909218865264]"
bec256,intersection_count/terminal/exact/inline/16,2560.5296877291134,2130.084564860496,1.202078889246732,0.0009882696915481687,0.0005230281332039668,"[2565.2395543175608, 2564.939341738791, 2560.3940771148123, 2560.5296877291134, 2560.489627620566]","[2129.359849176004, 2130.084564860496, 2128.5210119807957, 2130.3356443471316, 2131.5016724442003]"
bec256,intersection_count/terminal/exact/compiled/1,161.09885812463202,133.56013920963284,1.2061896541735035,0.0003474414365353895,0.00029142188465626034,"[161.051775917896, 161.12780344451485, 161.09885812463202, 161.09789082400138, 161.20345556635795]","[133.5375462965612, 133.56013920963284, 133.5973961228338, 133.5764841163922, 133.4960068917203]"
bec256,intersection_count/terminal/exact/compiled/16,2569.49761292696,2141.8160293667697,1.199681754966898,0.0008336593987087849,0.0008971725476958338,"[2572.9351817847064, 2569.8231362467536, 2567.04807197942, 2569.49761292696, 2568.7867058392103]","[2141.8160293667697, 2143.415570510935, 2144.3721321504995, 2139.32930559801, 2141.7400734169573]"
bec256,intersection_count/terminal/exact/cps/1,161.8486445748148,133.62339694358084,1.2112298315777092,0.0006447326831117082,0.0004044416792371316,"[161.8486445748148, 161.71405978248777, 161.91359367390586, 161.8473042228029, 161.9985668900582]","[133.66178824867248, 133.55410559899016, 133.67590831118468, 133.62339694358084, 133.57000402612323]"
bec256,intersection_count/terminal/exact/cps/16,2598.006574304433,2127.9615302804136,1.2208898221774145,0.00025016752390492024,0.000390144902521623,"[2598.478364223941, 2598.356609590311, 2597.5868959624754, 2596.877948222688, 2598.006574304433]","[2128.156249050489, 2128.9307180406886, 2127.9615302804136, 2126.6672946610925, 2127.560333039592]"
bec256,intersection_count/terminal/exact/materialized/1,158.61043649193385,131.29314329375902,1.2080633650232164,0.0006124525683451606,0.0005568707830719575,"[158.61043649193385, 158.72928395755451, 158.6616292921078, 158.54080703677505, 158.482772677239]","[131.20388014140866, 131.27776015138627, 131.29314329375902, 131.40473959985496, 131.32526503723508]"
bec256,intersection_count/terminal/exact/materialized/16,2523.3803101334415,2093.5964004902585,1.205284986897446,0.0003367958416533485,0.0004696424476133412,"[2524.716732780404, 2522.481824738658, 2523.43202307976, 2522.838442120338, 2523.3803101334415]","[2094.674220455048, 2092.296570898986, 2093.639750067202, 2092.4220753983486, 2093.5964004902585]"
bec256,intersection_count/terminal/padded/inline/1,159.60063083136714,132.67762831227796,1.2029204385212675,0.000530779049887546,0.00027940297343466143,"[159.72635465677558, 159.6232709724049, 159.59858507670805, 159.60063083136714, 159.4883127427455]","[132.68464801064496, 132.67762831227796, 132.59780388054412, 132.6834407892952, 132.6466385423903]"
bec256,intersection_count/terminal/padded/inline/16,2556.909559495516,2123.486747426863,1.204109026154203,0.000424691335349719,0.00025177469454087427,"[2558.004277097472, 2557.232279290878, 2556.909559495516, 2555.5995978796523, 2555.4786693475157]","[2123.715669307987, 2123.0190059810943, 2123.486747426863, 2124.039621094893, 2122.705710902684]"
bec256,intersection_count/terminal/padded/compiled/1,160.32224081033917,133.0529349209037,1.2049508032697385,0.00028536603309990347,0.0005645827337951463,"[160.24518745989414, 160.30531212759985, 160.34729122743067, 160.32224081033917, 160.36319323494416]","[132.9714654664953, 132.9078353178004, 133.05891300632337, 133.0529349209037, 133.09131202643616]"
bec256,intersection_count/terminal/padded/compiled/16,2564.8607080034267,2122.9859039650787,1.2081383598511244,0.0002641813174887479,0.0007382831575261532,"[2564.1394752271985, 2565.557607739561, 2565.7691659336974, 2564.5805482263595, 2564.8607080034267]","[2122.9859039650787, 2122.226567236639, 2121.4125439554036, 2125.0526251970196, 2124.695465017626]"
bec256,intersection_count/terminal/padded/cps/1,161.50137414938,133.57809386000065,1.2090408650286997,0.0003746857942545314,0.0003710660658199565,"[161.53040089164188, 161.38249119091037, 161.46695926472043, 161.50137414938, 161.5244358603382]","[133.64398752300568, 133.5924187353504, 133.57809386000065, 133.51303059689334, 133.54473850994182]"
bec256,intersection_count/terminal/padded/cps/16,2582.7095679125737,2134.3986712988094,1.210040843185571,0.00040105674645500187,0.0005747702674771415,"[2582.329987823334, 2582.857385336324, 2584.417143278896, 2581.5975425260735, 2582.7095679125737]","[2132.9323459499174, 2134.855183763096, 2133.7536112634625, 2136.201438410376, 2134.3986712988094]"
bec256,intersection_count/terminal/padded/materialized/1,157.86127238033572,130.93635013312644,1.2056336702514925,0.00027571470327463876,0.0003031375648005437,"[157.85753048327126, 157.85148796232565, 157.86127238033572, 157.9553769188776, 157.89865300727806]","[130.94709514689865, 130.96647578121514, 130.91585034331487, 130.86269325984796, 130.93635013312644]"
bec256,intersection_count/terminal/padded/materialized/16,2517.8441679850644,2091.356529800499,1.203928709479894,0.0001295243757077864,0.000306968701450981,"[2517.5871206672964, 2518.0135552998563, 2517.3246440385014, 2518.1295483963777, 2517.8441679850644]","[2091.141780555686, 2091.356529800499, 2091.79479051407, 2091.7673674451603, 2090.219922844533]"
