machine,trial,case,control,candidate,control_ns,candidate_ns,speedup,control_cv,candidate_cv,control_samples_ns,candidate_samples_ns
c8g,1,codec/random/read_exact,neoverse-v2,neoverse-v3,87.74706366839727,87.72142196738787,1.0002923083145978,0.0004016145592738004,0.0003791475029393464,"[87.74895581400462, 87.72124132286933, 87.74706366839727, 87.75776350063684, 87.71472346731498, 87.82050780248433, 87.73131950992585]","[87.72142196738787, 87.70758279993676, 87.80324236709761, 87.71176795180952, 87.71351132880928, 87.72758085238047, 87.74123468786232]"
c8g,1,codec/random/read_padded,neoverse-v2,neoverse-v3,84.78244081388723,84.78429673264407,0.9999781101120331,0.00040147003117002106,0.00028731255141499647,"[84.78595483159778, 84.77799302243884, 84.86372152747221, 84.78244081388723, 84.82794840319632, 84.77653128798187, 84.7758145535452]","[84.79669931194421, 84.77540715691147, 84.78429673264407, 84.77649196594864, 84.83374240936678, 84.77887571765058, 84.82602551826396]"
c8g,1,codec/random/encode_checked_exact,neoverse-v2,neoverse-v3,34.63407831250035,34.76145893138695,0.9963355790348724,0.0003363553896728827,0.0008852387321435807,"[34.634089033800535, 34.633321223762195, 34.631671380602455, 34.63407831250035, 34.634607367430114, 34.629729175833035, 34.66340807866467]","[34.716076467522704, 34.76922688458549, 34.73542598112528, 34.71971870455744, 34.8011340234777, 34.768726847951996, 34.76145893138695]"
c8g,1,codec/random/prepare_write,neoverse-v2,neoverse-v3,42.91121769817941,44.000797360850804,0.9752372745944636,0.0001216243121140408,0.0001962173004705274,"[42.911531085973074, 42.91121769817941, 42.90850303393138, 42.909190135390666, 42.91796703855683, 42.900965367325654, 42.9135852330444]","[44.000797360850804, 44.020660656947676, 44.00102996808986, 43.99676026313946, 44.01101374321119, 43.99905333044846, 43.99904023319387]"
c8g,1,codec/random/estimate_bytes,neoverse-v2,neoverse-v3,6.445238310447593,6.445752919657331,0.9999201630567983,0.00048663250435628663,0.00023165483151649734,"[6.44520892284381, 6.444996073724069, 6.444836014869041, 6.453524924140846, 6.44572209332426, 6.445592726483666, 6.445238310447593]","[6.446136754292792, 6.4455141745141065, 6.445752919657331, 6.445562921512818, 6.445866995311015, 6.445657268066175, 6.44966050977997]"
c8g,1,codec/random/enum_bits,neoverse-v2,neoverse-v3,1.1831673607270372,1.1889926183530137,0.9951006780563149,0.0030939651356225234,0.003259358432816066,"[1.1831673607270372, 1.1848326364294235, 1.1845278944023536, 1.1819913442686296, 1.1825628813007472, 1.1832520981760162, 1.1740869184430438]","[1.19171451367842, 1.1904880212559241, 1.192808856774767, 1.1843138834488365, 1.1838853501217477, 1.184080640593364, 1.1889926183530137]"
c8g,1,codec/random/encode_gate144,neoverse-v2,neoverse-v3,2.0289891812323795,1.8310081271397205,1.1081268024746191,0.00023704198170143188,0.0010730840152840936,"[2.029008460467772, 2.0302132435639226, 2.029291029311374, 2.0289891812323795, 2.028965384181164, 2.0288891852984117, 2.028844949358537]","[1.830619399629784, 1.8286035729288905, 1.8289826636429483, 1.8346231627551695, 1.8311706286956706, 1.831330677643647, 1.8310081271397205]"
c8g,1,codec/random/native_encode_checked_exact,neoverse-v2,neoverse-v3,32.284667138034095,32.62384976146513,0.9896032311970835,0.0004846181816259978,0.001173663526045554,"[32.25028845307258, 32.276294405529114, 32.28817009830684, 32.289313145270604, 32.284667138034095, 32.29977050631262, 32.27686227648962]","[32.63569571320814, 32.552060116544475, 32.63071642818388, 32.60247018216615, 32.55078451220558, 32.63785305379852, 32.62384976146513]"
c8g,1,codec/random/native_encode_admitted_exact,neoverse-v2,neoverse-v3,27.983308812456517,27.523690123427258,1.016699021350994,9.406647458112997e-05,0.0001420735499205339,"[27.983051276618347, 27.980317998456915, 27.983308812456517, 27.983383108047626, 27.987422722590264, 27.987475695679873, 27.982412267901246]","[27.533606705907513, 27.525362274912272, 27.523690123427258, 27.527658656963617, 27.5226058300185, 27.52332017260871, 27.523242184747897]"
c8g,1,codec/random/native_encode_wide,neoverse-v2,neoverse-v3,24.93769262876399,22.94698897428626,1.0867522818226154,0.0002195881522220436,0.0009737984080659972,"[24.936394731701522, 24.935661176431303, 24.936612037431143, 24.95138912390783, 24.93804946139642, 24.938370076407416, 24.93769262876399]","[22.92181441028282, 22.974709784524666, 22.938323042721926, 22.93029469799512, 22.98191435174615, 22.956290032018792, 22.94698897428626]"
c8g,1,codec/runs/read_exact,neoverse-v2,neoverse-v3,82.90163273971474,83.09809365717138,0.9976357951330731,8.796148060367934e-05,5.8193345646145864e-05,"[82.9120305317876, 82.90163273971474, 82.91051085448504, 82.89859239766318, 82.90299343843, 82.8945310378539, 82.89319502525407]","[83.10345465865672, 83.09809365717138, 83.09901421318689, 83.09218527130196, 83.09347800910543, 83.10549967879554, 83.09737700926276]"
c8g,1,codec/runs/read_padded,neoverse-v2,neoverse-v3,79.94609256950545,79.94930846176145,0.9999597758590053,0.0002586701235375868,0.0002182573917840423,"[79.99861068715286, 79.94241531230062, 79.95363917234576, 79.94964145078109, 79.93924965695176, 79.9417962550367, 79.94609256950545]","[79.94886854346137, 79.94701079323342, 79.95209175438832, 79.99536086155427, 79.95943991354046, 79.94696984845648, 79.94930846176145]"
c8g,1,codec/runs/encode_checked_exact,neoverse-v2,neoverse-v3,30.10091920699583,29.880572636467896,1.0073742418931761,5.021407252118272e-05,0.0007773904992325996,"[30.10149595167533, 30.098955622561597, 30.10161137230107, 30.09940404244623, 30.09782614929528, 30.10091920699583, 30.101509931191995]","[29.866229300338496, 29.915909912509022, 29.887171240670618, 29.867433126225656, 29.880572636467896, 29.84937787489122, 29.905122136683996]"
c8g,1,codec/runs/prepare_write,neoverse-v2,neoverse-v3,39.842342931440655,40.983298685122286,0.9721604704773114,6.500566647527702e-05,0.0001378761888384498,"[39.84270541921611, 39.842342931440655, 39.84284899280465, 39.837393670252744, 39.84463394894638, 39.83877159763722, 39.839865694725646]","[40.983298685122286, 40.992211218613015, 40.992938782313075, 40.98843256561532, 40.9818611011216, 40.97781978446985, 40.983103271161724]"
c8g,1,codec/runs/estimate_bytes,neoverse-v2,neoverse-v3,6.177157945590548,6.177397711241532,0.9999611866254705,0.00023145258064827026,0.00024137651041612559,"[6.177157945590548, 6.176738553426714, 6.180364676937793, 6.177207316141806, 6.179112607384667, 6.176829495306409, 6.176720306188633]","[6.177397711241532, 6.177280413312312, 6.176893955244162, 6.177503463230596, 6.1810359326578554, 6.177316816117968, 6.17916585802188]"
c8g,1,codec/runs/enum_bits,neoverse-v2,neoverse-v3,1.1842675398272504,1.1939479110140743,0.9918921327324892,0.007589465053115877,0.006811706075101695,"[1.1944020590109419, 1.178755227270032, 1.1842675398272504, 1.1755804948276583, 1.184006618079182, 1.1963907783464436, 1.1984294423964257]","[1.1941817141504822, 1.1794111124906197, 1.1952201507236397, 1.1757069689439308, 1.1939479110140743, 1.185866554718309, 1.1942403505379562]"
c8g,1,codec/runs/encode_gate144,neoverse-v2,neoverse-v3,29.79098742369306,28.77981869680247,1.0351346454799917,0.0004888382925336697,0.002977909659497603,"[29.782516999924155, 29.809005834881248, 29.787839532783995, 29.765023000679548, 29.794633115656413, 29.80438866801846, 29.79098742369306]","[28.670588687727065, 28.849307039413688, 28.701679291598094, 28.77989492366833, 28.872415797640137, 28.77981869680247, 28.65403372317786]"
c8g,1,codec/runs/native_encode_checked_exact,neoverse-v2,neoverse-v3,27.7649142132108,27.542762306628504,1.0080657090276248,0.00013777648223652807,0.00012957221330211024,"[27.76348440584278, 27.765215381883774, 27.763304894767895, 27.762203033968504, 27.773723148961455, 27.7649142132108, 27.765356213777597]","[27.542762306628504, 27.54417889936124, 27.543448791599424, 27.541560219951094, 27.542284751866426, 27.54003801414596, 27.55113591451218]"
c8g,1,codec/runs/native_encode_admitted_exact,neoverse-v2,neoverse-v3,23.928107064113455,24.109965818241946,0.9924571127350627,7.161534947378738e-05,6.33795517519233e-05,"[23.93064797691072, 23.929903162768298, 23.9268883032282, 23.92788490157747, 23.929146670851598, 23.925726507095366, 23.928107064113455]","[24.109965818241946, 24.11291979731506, 24.109755106809946, 24.10833696719663, 24.109474349614974, 24.111751698107536, 24.109988209920374]"
c8g,1,codec/runs/native_encode_wide,neoverse-v2,neoverse-v3,24.936035461535948,22.988477549136604,1.084718873106605,0.0001823699934064807,0.0002765808369925048,"[24.9360001330016, 24.94778056645615, 24.935143935574885, 24.936035461535948, 24.936440700609495, 24.936459997708237, 24.93499460571889]","[22.985707285089603, 22.988477549136604, 22.98177080984568, 22.99896169760143, 22.996559581311924, 22.990273738492576, 22.984257652047955]"
c8g,1,codec/terminal/read_exact,neoverse-v2,neoverse-v3,2.83216947614952,2.900053937206314,0.9765920005190701,0.013203183240115872,0.017181281984660284,"[2.849017592828866, 2.825101982374801, 2.876596877684654, 2.7969140455932173, 2.83216947614952, 2.8435035656339656, 2.762150710889823]","[2.902193493755972, 2.8978642395577823, 2.885402349499588, 2.9539295667105523, 3.0215790440250943, 2.900053937206314, 2.884735290185016]"
c8g,1,codec/terminal/read_padded,neoverse-v2,neoverse-v3,2.7836227483453846,2.837935408026932,0.9808619112584708,0.01275505273647748,0.015501965735655094,"[2.7982684250090997, 2.856687360510232, 2.768684535133384, 2.8110328097403756, 2.7836227483453846, 2.749393895871441, 2.767537098886807]","[2.843354605141239, 2.81053759366911, 2.8630331270115845, 2.826778025202895, 2.894914452222764, 2.75450107922945, 2.837935408026932]"
c8g,1,codec/terminal/encode_checked_exact,neoverse-v2,neoverse-v3,1.434138280682516,1.4355877288579946,0.998990345106508,0.00021748510142077882,0.0011322693832299196,"[1.434138280682516, 1.4337269837472013, 1.433908519114731, 1.4346956560587107, 1.4339329309612414, 1.4341652702834473, 1.434245863519311]","[1.4351616373323655, 1.4381355794763633, 1.4360078048934475, 1.4354382986129486, 1.434024538790921, 1.438514230658886, 1.4355877288579946]"
c8g,1,codec/terminal/prepare_write,neoverse-v2,neoverse-v3,11.118443544576207,11.21903368811815,0.9910339743744173,0.0038426476672193586,0.005689977515268293,"[11.09047465677331, 11.1596391470419, 11.170947182556201, 11.118443544576207, 11.17794990846454, 11.072230070283428, 11.095852683045747]","[11.10749455185517, 11.176441645528959, 11.271116593767147, 11.284957041370863, 11.21903368811815, 11.21883986373111, 11.275675465991569]"
c8g,1,codec/terminal/estimate_bytes,neoverse-v2,neoverse-v3,1.096520417717085,1.0957496794113195,1.0007033890314982,0.001439385144938801,0.0012818096101119027,"[1.0946336150975278, 1.096520417717085, 1.0947887976399984, 1.0972346765081251, 1.0949629305960813, 1.0983471022318765, 1.098033873760253]","[1.0964586994086405, 1.097918407239067, 1.094370169417208, 1.097332704162507, 1.0957496794113195, 1.094351002474276, 1.0951009058485561]"
c8g,1,codec/terminal/enum_bits,neoverse-v2,neoverse-v3,1.1852073625567077,1.1940385331162557,0.9926039484366554,0.006600033903191596,0.005029721846270291,"[1.1952574212631892, 1.197919286913422, 1.1817557285905846, 1.1830721457462552, 1.1980982522554646, 1.1808743433620739, 1.1852073625567077]","[1.1823375440749937, 1.1948328915180046, 1.1833247527396833, 1.1841121926826264, 1.1946343587426957, 1.1940888375568786, 1.1940385331162557]"
c8g,1,codec/terminal/encode_gate144,neoverse-v2,neoverse-v3,1.5072711348437793,1.5299939692252984,0.9851484157202105,0.00047206822275687986,0.007230971823931936,"[1.5069316702395033, 1.5073922874748586, 1.5082630911070762, 1.5084773592672776, 1.5072711348437793, 1.5065365088538702, 1.5070101561526479]","[1.5122713300974924, 1.537392847273323, 1.5275877826036377, 1.51310650999338, 1.5299939692252984, 1.5390639338614145, 1.5349737418460132]"
c8g,1,codec/terminal/native_encode_checked_exact,neoverse-v2,neoverse-v3,1.0741607312739312,1.0742168422130831,0.9999477657238772,0.00020346634606314344,0.00023456501243528251,"[1.0740798805968717, 1.0742036512140034, 1.0741607312739312, 1.0746406286549157, 1.074483686233129, 1.0740973428079656, 1.0741186300748236]","[1.0742168422130831, 1.074136144890984, 1.0741580881139732, 1.0741056035071654, 1.0744974851595346, 1.0747991500973793, 1.074256775040449]"
c8g,1,codec/terminal/native_encode_admitted_exact,neoverse-v2,neoverse-v3,0.7161134341338905,0.7161090745983582,1.0000060878093673,8.005560910852756e-05,0.00014320241892586377,"[0.7161134341338905, 0.7160843906592027, 0.7160580953475186, 0.7161398403962659, 0.7161667160653211, 0.7162201089474126, 0.7160750195938806]","[0.7163291359142699, 0.7160717306529902, 0.7160564295346561, 0.7161090745983582, 0.7161406752906859, 0.7160565575417616, 0.7162282406981356]"
c8g,1,codec/terminal/native_encode_wide,neoverse-v2,neoverse-v3,24.937175300864737,22.946433634434005,1.0867560379162091,0.0001603763673288907,0.0002734746001313909,"[24.94733705885551, 24.937175300864737, 24.93802206454745, 24.937979904505095, 24.93668986656679, 24.93530719529516, 24.937030115928273]","[22.932207778728557, 22.946897440869495, 22.947415603890253, 22.950524308865166, 22.946433634434005, 22.942316464582902, 22.9387589763475]"
c8g,1,intersection_count/random/exact/inline/1,neoverse-v2,neoverse-v3,162.78661601946735,108.93931034482888,1.494287190768823,0.00043192281230519083,0.00044345434532720425,"[162.89622824622424, 162.73937398824938, 162.78661601946735, 162.78025535813407, 162.8305001184001, 162.92962123300288, 162.76950026979878]","[108.86243323826879, 108.85058854031797, 108.96918719211835, 108.93931034482888, 108.94762768991768, 108.9581008555912, 108.88940886699407]"
c8g,1,intersection_count/random/exact/inline/16,neoverse-v2,neoverse-v3,2600.822315972406,1708.6417381384158,1.5221577806041604,0.0005256871867394225,0.000802914198960638,"[2603.9909420851404, 2600.586251822491, 2600.4452027174366, 2599.77621987161, 2600.822315972406, 2600.9937028879162, 2601.7209417750187]","[1711.6536964980837, 1708.6713386436297, 1708.7414182981292, 1708.0186607451942, 1707.3547986228448, 1708.6417381384158, 1708.1474117383425]"
c8g,1,intersection_count/random/exact/compiled/1,neoverse-v2,neoverse-v3,162.81765191475347,108.82343955113711,1.4961634422356591,0.00022806271910135703,0.00025076285604140787,"[162.8271375032406, 162.8168477228745, 162.91719149068481, 162.81765191475347, 162.81528584660924, 162.82304484483979, 162.81736511861203]","[108.8138128885433, 108.82563778581533, 108.79794494833111, 108.84786610705221, 108.82343955113711, 108.86567983449453, 108.78682172549594]"
c8g,1,intersection_count/random/exact/compiled/16,neoverse-v2,neoverse-v3,2604.011687385697,1729.263294476256,1.5058503211764387,0.0001225605545765151,0.0007306052977221331,"[2603.8535821682494, 2604.121896022559, 2604.0985522522656, 2603.8462969277844, 2603.9686269646645, 2604.011687385697, 2604.778683696597]","[1729.323351320176, 1729.263294476256, 1729.505952135798, 1729.4705482555066, 1727.0564526094338, 1727.1076945256466, 1726.941343658636]"
c8g,1,intersection_count/random/exact/cps/1,neoverse-v2,neoverse-v3,163.04383873593935,154.4950839134651,1.0553335070989218,0.00026345026908422206,0.00017899267611763838,"[163.01869976042133, 163.04383873593935, 163.02905030320832, 163.0893698546006, 163.11923623214363, 162.99394550566436, 163.06155532109815]","[154.4914965486315, 154.45171024677705, 154.5437449001352, 154.4817029691317, 154.4950839134651, 154.5068770077842, 154.4981879396897]"
c8g,1,intersection_count/random/exact/cps/16,neoverse-v2,neoverse-v3,2628.168366708365,2466.8832801100843,1.0653801044819127,0.0005320869523524678,0.00046893522311664953,"[2627.3317897371858, 2627.992803504285, 2630.8241551939473, 2627.9965581977403, 2628.168366708365, 2628.7403629537557, 2630.7474655820342]","[2465.0198927723936, 2466.3088506724393, 2468.3111065538096, 2468.2273459702533, 2466.3457357981997, 2467.190753815926, 2466.8832801100843]"
c8g,1,intersection_count/random/exact/materialized/1,neoverse-v2,neoverse-v3,160.66541854985317,150.93905728679354,1.0644389956973095,0.0001660460239228345,0.0001914934776621321,"[160.67430659644873, 160.66541854985317, 160.68131481066715, 160.64380239171766, 160.6887231114106, 160.62554581182496, 160.6232371785629]","[150.87510835835334, 150.93905728679354, 150.96681856279432, 150.93657693488308, 150.93631669535262, 150.94379723571166, 150.95286792933524]"
c8g,1,intersection_count/random/exact/materialized/16,neoverse-v2,neoverse-v3,2553.039657215765,2396.334189277912,1.065393828890399,0.0002526117510414504,0.0003181267567563981,"[2552.589722551427, 2554.00668550763, 2553.5192816118524, 2552.911386635005, 2553.2482450542034, 2552.0060777341832, 2553.039657215765]","[2396.2217466974457, 2396.291106736311, 2395.7514907700443, 2396.607692088188, 2398.1705612143414, 2396.5528260435294, 2396.334189277912]"
c8g,1,intersection_count/random/padded/inline/1,neoverse-v2,neoverse-v3,159.42840911250104,103.33106149222989,1.5428894933445492,0.0004757522812329819,0.00043091531315517554,"[159.5509528604827, 159.48924398168242, 159.41341034751562, 159.3321483536333, 159.42840911250104, 159.4947730425073, 159.37430601736588]","[103.23386556162055, 103.33754983105459, 103.3800419927747, 103.31935788200923, 103.33106149222989, 103.32444277162257, 103.34335428052144]"
c8g,1,intersection_count/random/padded/inline/16,neoverse-v2,neoverse-v3,2558.1716636198034,1657.1498529498442,1.5437177627998315,0.00073449160738798,0.0003034853999127329,"[2558.708897014036, 2558.1716636198034, 2558.1751675807686, 2559.1628580134256, 2557.282784887278, 2556.6472577695836, 2553.5825411334367]","[1658.2715196494407, 1657.8665692912048, 1657.0409963878956, 1657.4978189211058, 1656.9239879201734, 1657.1498529498442, 1657.0635177545435]"
c8g,1,intersection_count/random/padded/compiled/1,neoverse-v2,neoverse-v3,160.31164060220033,104.71316105274563,1.5309598047703754,0.00035732527190227736,0.0008325427742354317,"[160.3223009973742, 160.2913498017282, 160.24013450904664, 160.38180198635192, 160.31164060220033, 160.325417670431, 160.21000730529846]","[104.79750211442014, 104.7989753479767, 104.77233489430395, 104.71316105274563, 104.58646670941212, 104.61526025463078, 104.66584418403704]"
c8g,1,intersection_count/random/padded/compiled/16,neoverse-v2,neoverse-v3,2561.0405058651236,1675.9589363313457,1.5281045676878044,0.0006905880153400898,0.000490298654319659,"[2564.811003176911, 2562.7975317692785, 2560.5855021994457, 2560.857160312741, 2559.384927908111, 2561.0588343107597, 2561.0405058651236]","[1676.3885300801642, 1677.1891918829392, 1675.9589363313457, 1675.2022485348257, 1675.388011800856, 1676.3613004824422, 1674.8113662639876]"
c8g,1,intersection_count/random/padded/cps/1,neoverse-v2,neoverse-v3,161.456489050968,150.47403271041534,1.0729857247973689,0.0007458252043557024,0.00023965239516123677,"[161.60170606320733, 161.52715701580988, 161.4584171097956, 161.4070931056523, 161.456489050968, 161.26846298760512, 161.28884587243564]","[150.4529519503172, 150.43965887302573, 150.44932819162332, 150.53794751451994, 150.51237908879855, 150.4881163609343, 150.47403271041534]"
c8g,1,intersection_count/random/padded/cps/16,neoverse-v2,neoverse-v3,2577.9492989791324,2399.199994279404,1.0745037117063747,0.0006086244376129439,0.0006140295455054423,"[2581.4758947239516, 2577.9057311524057, 2577.1051531176795, 2577.8771983765428, 2577.9666092731904, 2580.1661234779817, 2577.9492989791324]","[2402.4172935556985, 2398.3323989587607, 2398.5810760561462, 2399.768656502925, 2399.6703755613016, 2398.033809101581, 2399.199994279404]"
c8g,1,intersection_count/random/padded/materialized/1,neoverse-v2,neoverse-v3,157.93248074626624,148.0458747450996,1.066780692256296,0.0002859293738685856,0.0005429681202900894,"[157.93248074626624, 157.86861758648521, 157.88875055245592, 157.90806917239482, 157.9593071476292, 157.98219534901148, 157.982099432965]","[148.06003479204742, 148.2119724131143, 147.97612144434493, 147.98587167832406, 148.07810057264345, 148.0458747450996, 148.00437456267696]"
c8g,1,intersection_count/random/padded/materialized/16,neoverse-v2,neoverse-v3,2517.0355097022066,2359.050650701274,1.0669696765323662,0.0002599388665455853,0.0003293772146288924,"[2516.547551210178, 2516.855351947966, 2517.9252616741264, 2517.0355097022066, 2518.0046486518654, 2517.0121764688315, 2518.1927241099875]","[2358.462546026977, 2358.7657756415406, 2359.3223711948654, 2357.4201590915295, 2359.050650701274, 2359.807066363052, 2359.3483430306537]"
c8g,1,intersection_count/runs/exact/inline/1,neoverse-v2,neoverse-v3,164.1315295751777,108.56937769945402,1.5117663290797612,0.0003334298523787817,0.0036201903871946454,"[164.17817491759052, 164.0516183936427, 164.13593332746717, 164.11322397315934, 164.1315295751777, 164.03451203646677, 164.16766538525613]","[108.63841509648806, 108.63614166931961, 107.81223070174542, 107.7577771394431, 108.56937769945402, 108.59769525983361, 108.44327948015598]"
c8g,1,intersection_count/runs/exact/inline/16,neoverse-v2,neoverse-v3,2617.9810637966416,1722.5851886811517,1.5197977325005472,0.0008946799149063365,0.0007726119891260583,"[2623.9338948682403, 2619.3119014194244, 2616.9943534550835, 2617.9129932927294, 2618.6887849009204, 2617.9810637966416, 2617.508656995867]","[1722.7601830381302, 1722.5851886811517, 1723.202593725015, 1722.6600045143593, 1722.219789465036, 1721.9845074179605, 1719.2027168448942]"
c8g,1,intersection_count/runs/exact/compiled/1,neoverse-v2,neoverse-v3,163.99440860383143,109.1328789484993,1.5027039530517814,0.0002577498990078609,0.00010948707353256334,"[164.02649121812198, 163.99440860383143, 163.99546590733337, 163.96549594569632, 164.08899720332573, 163.9694222354264, 163.99173114394023]","[109.14149751887945, 109.14218559972906, 109.1328789484993, 109.12646379770933, 109.12452052211188, 109.14430837468504, 109.11141186647231]"
c8g,1,intersection_count/runs/exact/compiled/16,neoverse-v2,neoverse-v3,2618.8395928943305,1738.0508874759535,1.5067680766801272,0.00010135120547277978,0.0006663132839156012,"[2619.3973338329142, 2618.8395928943305, 2618.7703474759787, 2619.100371515101, 2618.5644219662477, 2618.9281633417177, 2618.836470918819]","[1739.648613383594, 1738.644533272577, 1738.3482592216578, 1738.0508874759535, 1737.7095458028398, 1737.4137481100981, 1735.9091398628964]"
c8g,1,intersection_count/runs/exact/cps/1,neoverse-v2,neoverse-v3,165.6403312956002,155.57719823317734,1.0646825703040386,0.00039490216384800757,0.00020116121355073856,"[165.54047130743672, 165.6403312956002, 165.54324590809856, 165.64632025241153, 165.60532636561024, 165.6675724709088, 165.71970814435105]","[155.5962089772502, 155.58221423617394, 155.5686867900221, 155.55115581318913, 155.54259430271046, 155.63697118719054, 155.57719823317734]"
c8g,1,intersection_count/runs/exact/cps/16,neoverse-v2,neoverse-v3,2659.5333966744984,2490.0406506474083,1.0680682646618729,0.00022902269382446604,0.0003829311434446603,"[2659.446745843288, 2659.5333966744984, 2659.736532066577, 2659.760950118829, 2659.369849564526, 2659.16997624703, 2661.019889152737]","[2492.4023584487, 2491.0793754258784, 2489.8909958224044, 2490.0500725903994, 2489.928713223228, 2490.0406506474083, 2489.8676187372416]"
c8g,1,intersection_count/runs/exact/materialized/1,neoverse-v2,neoverse-v3,163.2832461211523,151.7726272665177,1.0758412044513244,0.0002565493588943418,0.000242573535864509,"[163.2468231235725, 163.312462689328, 163.2832461211523, 163.29792538058916, 163.2330169582491, 163.25242142638677, 163.35153802626647]","[151.7726272665177, 151.76698964237818, 151.85219706576552, 151.75887912254902, 151.80220627816297, 151.7378405424845, 151.78155606374744]"
c8g,1,intersection_count/runs/exact/materialized/16,neoverse-v2,neoverse-v3,2570.185119466564,2402.9457843389514,1.0695976314645068,0.0004032033958495362,0.00024932202965594595,"[2570.137394071111, 2569.4988221616672, 2569.093095114124, 2571.6266405606175, 2571.8896809128596, 2570.7219383851457, 2570.185119466564]","[2403.9778845877718, 2402.8980345034715, 2403.316997110304, 2402.7625382656356, 2402.293622864984, 2403.822390066804, 2402.9457843389514]"
c8g,1,intersection_count/runs/padded/inline/1,neoverse-v2,neoverse-v3,159.46204653690165,103.17771478466491,1.545508609777837,0.00044263636616309474,0.0008318486177748158,"[159.60260513923876, 159.57580149728264, 159.46204653690165, 159.4291356157915, 159.4652378989425, 159.44197514917155, 159.44021040194025]","[103.32488378384456, 103.29395061121042, 103.18453279877916, 103.1109021816636, 103.11186265587988, 103.13814103352549, 103.17771478466491]"
c8g,1,intersection_count/runs/padded/inline/16,neoverse-v2,neoverse-v3,2555.2007794895626,1656.2552213785561,1.5427578711949865,0.00038985669941712,0.0001947575617495047,"[2557.5333110042034, 2554.9621825711456, 2555.06869252785, 2555.29035990494, 2554.3752207539656, 2555.43593569208, 2555.2007794895626]","[1656.6142983927296, 1656.2411596488314, 1656.2552213785561, 1655.9822305492235, 1656.9619761363713, 1656.2045360418147, 1656.4671136968834]"
c8g,1,intersection_count/runs/padded/compiled/1,neoverse-v2,neoverse-v3,160.30086223026495,104.61216758986771,1.5323347744664362,0.00017854872941189145,0.0005074707603867426,"[160.2539646172516, 160.32035596592004, 160.26028051122668, 160.3260685278398, 160.31422145341733, 160.30086223026495, 160.29125473977462]","[104.73242685292183, 104.61216758986771, 104.62014318629367, 104.63235121581313, 104.5995813747988, 104.5626777035211, 104.59977733232623]"
c8g,1,intersection_count/runs/padded/compiled/16,neoverse-v2,neoverse-v3,2559.6990928805476,1675.960836342552,1.5273024508535515,0.00030489842573289307,0.0006181305944103158,"[2561.757948749218, 2559.494456491918, 2559.6444824532937, 2559.6775602456883, 2560.0432485262036, 2560.1178339085404, 2559.6990928805476]","[1676.2021427288903, 1673.9811064780895, 1677.3189553697716, 1675.7384434292178, 1675.9671208826073, 1675.007282086015, 1675.960836342552]"
c8g,1,intersection_count/runs/padded/cps/1,neoverse-v2,neoverse-v3,161.43929947770516,150.43346799816027,1.0731607907867915,0.00045856382776819426,0.000205949186971686,"[161.35034960731585, 161.55670830673157, 161.43929947770516, 161.51169011483546, 161.36863764683275, 161.4146423544038, 161.46046052783663]","[150.45967841538274, 150.39944797563848, 150.46683110453927, 150.42605218455031, 150.46698683123608, 150.39295757253095, 150.43346799816027]"
c8g,1,intersection_count/runs/padded/cps/16,neoverse-v2,neoverse-v3,2586.4018688705123,2402.3627847014,1.076607532110096,0.0010031706457994786,0.0002634936818131637,"[2589.923549003903, 2590.0659347437995, 2586.726824153354, 2583.400820329401, 2585.197310799975, 2586.4018688705123, 2584.3452784802935]","[2402.3627847014, 2402.754562383628, 2401.0530583011, 2402.0982953731213, 2401.9401518408226, 2402.452628563213, 2402.9884543759895]"
c8g,1,intersection_count/runs/padded/materialized/1,neoverse-v2,neoverse-v3,157.91592677680958,148.07752476295042,1.0664408864857038,0.00015373949874099467,0.0002842584212565623,"[157.91592677680958, 157.92189740988744, 157.9144228105454, 157.91612655179654, 157.87314666310436, 157.9529793798334, 157.89717996897755]","[148.0994677288636, 148.03579611548685, 148.10101871760952, 148.0186929394849, 148.1096443300737, 148.01025415065666, 148.07752476295042]"
c8g,1,intersection_count/runs/padded/materialized/16,neoverse-v2,neoverse-v3,2517.4371555235925,2358.952011687933,1.0671845561293367,0.00013075695121245916,0.0004172382328437196,"[2517.4371555235925, 2517.2866343158253, 2517.4325425353786, 2517.3922238198957, 2517.9671998561116, 2517.7128864125752, 2518.158309369713]","[2358.78141155313, 2358.952011687933, 2359.184170600192, 2358.3406102494273, 2358.4103731175705, 2360.382361204742, 2360.8908462577115]"
c8g,1,intersection_count/terminal/exact/inline/1,neoverse-v2,neoverse-v3,160.01639522402138,104.30436452401119,1.534129429331647,0.0005183732939062449,0.0007554624967700233,"[160.02671087021935, 160.06736911939797, 160.01639522402138, 160.03709133473671, 159.94743805560856, 159.85526830021493, 159.87808435152547]","[104.33513593460783, 104.25865981918714, 104.25255724118817, 104.30436452401119, 104.44017236365231, 104.3476095543267, 104.19840462951419]"
c8g,1,intersection_count/terminal/exact/inline/16,neoverse-v2,neoverse-v3,2559.8230461470857,1662.8227366417993,1.5394443374745097,0.0007577751444901239,0.001054134814311325,"[2564.3743090124985, 2563.1171548116376, 2560.8634822708805, 2559.607671868805, 2559.8230461470857, 2559.8147695691773, 2559.5903246494186]","[1662.8227366417993, 1661.6529253210003, 1661.711947042992, 1661.4878706198779, 1664.2657959409007, 1664.903916283437, 1665.7944743936482]"
c8g,1,intersection_count/terminal/exact/compiled/1,neoverse-v2,neoverse-v3,161.1405676582301,105.1239851815842,1.53286205217474,0.00027335506862959395,0.000674336544160305,"[161.17999285239353, 161.13207507291762, 161.16120156632562, 161.1405676582301, 161.0546830267489, 161.08302943199314, 161.14418565329413]","[105.14729310737799, 105.0619054899898, 105.0418710506957, 105.20686630089132, 105.22307958382864, 105.1239851815842, 105.07554459937403]"
c8g,1,intersection_count/terminal/exact/compiled/16,neoverse-v2,neoverse-v3,2570.608384113687,1677.4380259450577,1.5324610175481284,0.000593376153377274,0.0006582203644320495,"[2571.9875371283465, 2572.108919986574, 2570.608384113687, 2568.2899837708064, 2571.1021832991128, 2569.1603944024146, 2568.9726857946825]","[1677.4380259450577, 1677.9192068599596, 1678.2519738552244, 1678.9561254471903, 1675.7812468768188, 1676.7524235943624, 1676.4708269204261]"
c8g,1,intersection_count/terminal/exact/cps/1,neoverse-v2,neoverse-v3,162.01217357762798,152.0873470377492,1.0652574111731685,0.0005262308322655331,0.00022136587246362796,"[162.12585149468768, 161.98839729989615, 161.88340597877874, 162.08414271939034, 162.01217357762798, 161.93404435871736, 162.05970877530686]","[152.1505711375254, 152.05701242515985, 152.0873470377492, 152.07972583951403, 152.1171623521454, 152.06222892907178, 152.11539999530015]"
c8g,1,intersection_count/terminal/exact/cps/16,neoverse-v2,neoverse-v3,2588.4352839612225,2426.8715416161313,1.0665728447404763,0.0001751214583274221,0.0009366761742460768,"[2588.4965468334376, 2588.5598754394227, 2588.3021828944907, 2588.4352839612225, 2588.5612320404134, 2587.3111549606665, 2588.002127397102]","[2427.1426384799256, 2428.5819037717642, 2431.717813203865, 2426.8715416161313, 2425.376277941353, 2425.0815283312654, 2426.287847282424]"
c8g,1,intersection_count/terminal/exact/materialized/1,neoverse-v2,neoverse-v3,158.45194793431077,148.32669398022995,1.0682631944552772,0.000290098334404691,0.0002537033724099738,"[158.45927132198597, 158.56316303925018, 158.4234412562797, 158.44351688663215, 158.43999011220254, 158.45194793431077, 158.47028565174077]","[148.36779507402076, 148.27211807377728, 148.33197295497396, 148.31547527555816, 148.264469920612, 148.34572337678122, 148.32669398022995]"
c8g,1,intersection_count/terminal/exact/materialized/16,neoverse-v2,neoverse-v3,2522.829458063059,2374.210325534082,1.0625972901097314,0.00014981571215293274,8.620646349951765e-05,"[2522.810682528379, 2523.0294099975845, 2522.897440519168, 2522.829458063059, 2522.580209084423, 2523.57627373226, 2522.377012737442]","[2374.501215101141, 2374.521504464639, 2374.1465185938177, 2374.567282694721, 2374.1907991408452, 2374.210325534082, 2374.0790946083293]"
c8g,1,intersection_count/terminal/padded/inline/1,neoverse-v2,neoverse-v3,159.6128314967992,103.31939654590622,1.544848661847159,0.00014490455027702678,0.00019793898485900114,"[159.60227795368598, 159.62965102799518, 159.6128314967992, 159.56195098959392, 159.62025679718857, 159.6096785473971, 159.62857153717206]","[103.28665297337741, 103.28768181154584, 103.3233080952907, 103.3425196222, 103.30269204467406, 103.32064514782236, 103.31939654590622]"
c8g,1,intersection_count/terminal/padded/inline/16,neoverse-v2,neoverse-v3,2553.5848004873883,1656.3303934335286,1.5417122155162988,0.0010839538034774145,0.00027026722459844014,"[2558.824794395339, 2559.436704233994, 2553.5848004873883, 2555.231617423133, 2553.2990862016245, 2553.356746877953, 2552.8920194942107]","[1657.2761138075753, 1656.3806479617858, 1655.9988950713112, 1655.9281007064783, 1656.3303934335286, 1656.1443115899713, 1656.3520381988267]"
c8g,1,intersection_count/terminal/padded/compiled/1,neoverse-v2,neoverse-v3,160.3413085704468,104.75046331298537,1.5306978460931555,0.0001645774679559058,0.0011678012819711398,"[160.35413948993468, 160.34167145741213, 160.34280213683058, 160.30229440066043, 160.314210462995, 160.28213698409792, 160.3413085704468]","[104.78449666652277, 104.84919427902935, 104.75540573470558, 104.75046331298537, 104.58691351699753, 104.54147822771928, 104.56835975330918]"
c8g,1,intersection_count/terminal/padded/compiled/16,neoverse-v2,neoverse-v3,2564.7264234466093,1675.7671883734254,1.530478959870343,0.00037684688265213646,0.0011222956816201433,"[2566.956983666593, 2565.063349107141, 2565.3212333993692, 2564.2539459624263, 2564.2124866432787, 2564.7264234466093, 2564.3525568616583]","[1676.40772977719, 1675.3932763713522, 1676.3010860018496, 1676.3019444222139, 1675.7671883734254, 1672.5249940110255, 1672.003972690339]"
c8g,1,intersection_count/terminal/padded/cps/1,neoverse-v2,neoverse-v3,161.4537158309984,150.49507700573585,1.0728172578352504,0.00038154228744224065,0.0004379839320211034,"[161.36765963511124, 161.42800625596706, 161.41065017412336, 161.49065071343338, 161.4537158309984, 161.55181014822853, 161.4978273598548]","[150.3930211318026, 150.40082020057326, 150.49507700573585, 150.51538502865913, 150.54010924069053, 150.5652811604572, 150.48130909741974]"
c8g,1,intersection_count/terminal/padded/cps/16,neoverse-v2,neoverse-v3,2582.3360718790836,2399.3467845798796,1.0762662940077021,0.0006745909683355533,0.00035524035287169106,"[2582.1207421767435, 2582.456967906709, 2582.7314378903725, 2582.845810640256, 2582.3360718790836, 2582.2806855595136, 2577.9029508600474]","[2400.54297243915, 2399.521879740139, 2398.2068629976197, 2400.463094931554, 2398.897369852123, 2398.920265590515, 2399.3467845798796]"
c8g,1,intersection_count/terminal/padded/materialized/1,neoverse-v2,neoverse-v3,157.91758015469927,148.00212282780222,1.066995372346338,0.0003572270854655389,0.00030444998444083255,"[157.96090101982773, 157.89223944199446, 158.05161230872486, 157.91758015469927, 157.91295394665798, 157.9424939774606, 157.88791600612325]","[148.00042315503927, 148.07415439517766, 147.98778316124583, 148.00279987587854, 148.09235358835195, 148.00212282780222, 147.97545877059665]"
c8g,1,intersection_count/terminal/padded/materialized/16,neoverse-v2,neoverse-v3,2518.013020520841,2358.418942051362,1.0676699443105149,0.00031882309802223614,0.00013392685817888422,"[2516.6351554061716, 2517.8780451218486, 2516.7964118564487, 2518.013020520841, 2518.2833313332567, 2518.1664166566948, 2518.8406336254143]","[2359.033618633387, 2358.324764978244, 2358.418942051362, 2358.992535428663, 2358.6230672091533, 2358.302736074148, 2358.34993685981]"
c8g,2,codec/random/read_exact,neoverse-v2,neoverse-v3,87.73626884547365,87.72935221059342,1.0000788406013033,0.00019804162562735115,0.0002919922790788144,"[87.74793952656077, 87.74730246690069, 87.74207165084513, 87.70636272518801, 87.71541170111723, 87.73626884547365, 87.71472216537309]","[87.72935221059342, 87.73428432457816, 87.75068137600216, 87.71191527456307, 87.70585102814398, 87.77867020562883, 87.71436193854622]"
c8g,2,codec/random/read_padded,neoverse-v2,neoverse-v3,84.79855188343991,84.78250209951766,1.0001893053817097,0.0003728775655751382,0.0001813478644806671,"[84.76370380241647, 84.7875759191058, 84.79183425405449, 84.86282063707436, 84.82131550042007, 84.81836152032038, 84.79855188343991]","[84.81876135028043, 84.7783566259362, 84.77608985430211, 84.78250209951766, 84.7729721590318, 84.78487498395685, 84.78830697524943]"
c8g,2,codec/random/encode_checked_exact,neoverse-v2,neoverse-v3,34.63192294036067,34.83521535306788,0.9941641694863439,0.0001157837372966147,0.0012698343477816907,"[34.632241300459725, 34.629258117873235, 34.62723455180305, 34.63632183566761, 34.628529023760315, 34.6379577612027, 34.63192294036067]","[34.782883303165484, 34.84008865832747, 34.8460048807695, 34.75911474369749, 34.84599575783587, 34.83521535306788, 34.744411062801056]"
c8g,2,codec/random/prepare_write,neoverse-v2,neoverse-v3,42.951226256078115,44.8869626401901,0.9568753092155361,0.00018755844402953628,0.00031714250420417057,"[42.958445900707616, 42.942081849897086, 42.951226256078115, 42.94267624652078, 42.96175622480983, 42.944424682332446, 42.956113290054425]","[44.8869626401901, 44.89658147695408, 44.87748004000536, 44.88688036398134, 44.896582011215216, 44.88272968953002, 44.92077762770998]"
c8g,2,codec/random/estimate_bytes,neoverse-v2,neoverse-v3,6.4451924146505215,6.44570467419947,0.9999205269904781,0.00023449482722449146,6.13006779603625e-05,"[6.445611318595609, 6.4451924146505215, 6.4448360428549725, 6.4449799282555125, 6.449094221046075, 6.445000362594282, 6.445289592991007]","[6.44570467419947, 6.44599292971778, 6.446457976836224, 6.445531337059587, 6.445392390990878, 6.445301730600137, 6.4457161123012865]"
c8g,2,codec/random/enum_bits,neoverse-v2,neoverse-v3,1.1840506745717836,1.1815824928329672,1.002088878054463,0.0018326670692584935,0.006525791243741302,"[1.186027797838569, 1.1857524874067429, 1.1840506745717836, 1.1839210769818733, 1.1850960125602648, 1.1795415426144142, 1.183974939924597]","[1.1815824928329672, 1.1871647696048133, 1.1802194922959972, 1.1762749857728605, 1.198805104455137, 1.1770594579370008, 1.1851377633422229]"
c8g,2,codec/random/encode_gate144,neoverse-v2,neoverse-v3,2.028971371317049,1.8295210870820289,1.1090177564190478,0.0002745765582282845,0.0006023632689666614,"[2.0289634478865675, 2.028971371317049, 2.030442955274344, 2.029068409183635, 2.028975333032295, 2.028931101931035, 2.0289331552590544]","[1.830122477267499, 1.8298286874445797, 1.8295210870820289, 1.827949364898153, 1.8288794633529262, 1.8308662423534396, 1.8279486460530394]"
c8g,2,codec/random/native_encode_checked_exact,neoverse-v2,neoverse-v3,32.28801915926163,32.61712045417728,0.9899101671044813,0.00037305988410175114,0.0008959339429526999,"[32.31652248031251, 32.28976077055154, 32.282096835432384, 32.290197326249995, 32.28801915926163, 32.28073644179449, 32.28594129248159]","[32.623569964287434, 32.63238064307868, 32.60735373127194, 32.61712045417728, 32.546410483619916, 32.61329433533162, 32.62802153255278]"
c8g,2,codec/random/native_encode_admitted_exact,neoverse-v2,neoverse-v3,27.986270045030285,27.51078146635806,1.0172837176309835,6.195267662872525e-05,0.00020237909185186198,"[27.98264107319307, 27.987968059441084, 27.986776646027764, 27.98453198310915, 27.986270045030285, 27.98643657592462, 27.986221654289256]","[27.50969087453017, 27.51078146635806, 27.504682667253658, 27.512302399825955, 27.509977441451756, 27.522986924688222, 27.512902716589064]"
c8g,2,codec/random/native_encode_wide,neoverse-v2,neoverse-v3,24.937619888090822,23.042187392285438,1.0822592258077017,0.0005906896711789135,0.0006738857446906133,"[24.937619888090822, 24.937624045200632, 24.936077897119596, 24.94831524198547, 24.976272996243015, 24.936484106179865, 24.937493393164097]","[23.02936341816661, 23.028121174635707, 23.05937006745153, 23.03434118110091, 23.042187392285438, 23.066713668496586, 23.055875691054457]"
c8g,2,codec/runs/read_exact,neoverse-v2,neoverse-v3,82.87931468585367,82.88466685695649,0.999935426282016,5.960668179186282e-05,0.00020018691688810354,"[82.88237553453796, 82.87931468585367, 82.88690954007298, 82.8708341602556, 82.88164389296529, 82.87910635066845, 82.87759863584849]","[82.88393993835014, 82.88343030519705, 82.89145406437437, 82.92915210277944, 82.88466685695649, 82.88345005841992, 82.89594495961971]"
c8g,2,codec/runs/read_padded,neoverse-v2,neoverse-v3,79.97463246990503,79.94861440229212,1.0003254348784831,0.0002498895303626949,6.967373251537263e-05,"[79.93923680235021, 79.98444057509401, 79.93385982325054, 79.97865591715392, 79.97463246990503, 79.96850680957002, 79.97464199511154]","[79.96098744313933, 79.9500106672354, 79.94662191507383, 79.94861440229212, 79.94768959106455, 79.95262128265898, 79.94368175826499]"
c8g,2,codec/runs/encode_checked_exact,neoverse-v2,neoverse-v3,30.092195485908768,30.47502912281995,0.9874377925819761,0.00018888908497311996,0.004421934862611108,"[30.091370532908332, 30.09389627954083, 30.090198683945484, 30.09464812636745, 30.092195485908768, 30.092100877919254, 30.106915270661077]","[30.620217122990645, 30.483777524043916, 30.553884258366597, 30.47502912281995, 30.214719139018925, 30.349331926482506, 30.404848723831826]"
c8g,2,codec/runs/prepare_write,neoverse-v2,neoverse-v3,39.86125025287163,41.71881133395854,0.9554742567755068,0.00016410796793760936,0.0005580456826244752,"[39.84651857129925, 39.86433161183427, 39.8592576028414, 39.86125025287163, 39.86330875605266, 39.85691199887037, 39.86587750271605]","[41.71881133395854, 41.720085619296306, 41.68588494981399, 41.72724945039311, 41.76173885223155, 41.71086648926714, 41.70503835484948]"
c8g,2,codec/runs/estimate_bytes,neoverse-v2,neoverse-v3,6.176626908511324,6.177094565258343,0.999924291794131,0.0002578181275453889,6.28599063482323e-05,"[6.176713154778049, 6.176459052082904, 6.176626908511324, 6.180786156797188, 6.176412323090365, 6.176551259055611, 6.176749139781767]","[6.177094565258343, 6.177624905260974, 6.176786058650411, 6.176715204401902, 6.177257169504395, 6.1769225432099395, 6.177689946959422]"
c8g,2,codec/runs/enum_bits,neoverse-v2,neoverse-v3,1.1803567647508537,1.1949000296933727,0.9878288856129236,0.015303733820551014,0.011066373891134004,"[1.2245483765485001, 1.1803567647508537, 1.1759247472064132, 1.2039879099974768, 1.175751791313349, 1.1868879494415174, 1.1801736572512898]","[1.2038263809709548, 1.1829719887600498, 1.2034672034402745, 1.1806940295131765, 1.2106586504539703, 1.1770877364214838, 1.1949000296933727]"
c8g,2,codec/runs/encode_gate144,neoverse-v2,neoverse-v3,29.79522639744121,28.814667256695724,1.0340298616676766,0.0002626252465764597,0.002173669072623422,"[29.79522639744121, 29.80429278918189, 29.79572770264338, 29.795821653052034, 29.77963488389338, 29.787527072785394, 29.789479114114723]","[28.814667256695724, 28.712976947645004, 28.741162966159585, 28.84065750197888, 28.77552058138008, 28.872569910175887, 28.869696955121007]"
c8g,2,codec/runs/native_encode_checked_exact,neoverse-v2,neoverse-v3,27.763830076955063,27.525943711517016,1.0086422601139926,0.00011650946037245886,8.114102951000113e-05,"[27.764978259231626, 27.765844849308817, 27.763830076955063, 27.763562366061837, 27.771136270793424, 27.76268916583917, 27.76097449409259]","[27.525547249141344, 27.5267897163554, 27.52921075808824, 27.53107445891049, 27.525647511526916, 27.52516553123309, 27.525943711517016]"
c8g,2,codec/runs/native_encode_admitted_exact,neoverse-v2,neoverse-v3,23.93007959763051,24.0942202852851,0.9931875493080456,9.246849598745138e-05,0.00028845694201154736,"[23.933394883668694, 23.932977268156268, 23.92780236815887, 23.929609566528768, 23.930134577026557, 23.927881561278323, 23.93007959763051]","[24.093834446957054, 24.093834160088893, 24.098218373592534, 24.092805735995558, 24.11263639169741, 24.09671288694311, 24.0942202852851]"
c8g,2,codec/runs/native_encode_wide,neoverse-v2,neoverse-v3,24.93836854705053,23.067359050445333,1.0811106937952255,0.00021795754281600256,0.00012565217837446713,"[24.93707343678993, 24.9372827565363, 24.952433646382673, 24.93836854705053, 24.94048252803632, 24.939865257464948, 24.937696348602636]","[23.06570557204096, 23.067756896362198, 23.072314540059136, 23.06781349598833, 23.067359050445333, 23.065057973403363, 23.06308193208063]"
c8g,2,codec/terminal/read_exact,neoverse-v2,neoverse-v3,2.7968178867288764,2.806498223082396,0.996550742033648,0.011261987435015091,0.015271969525943344,"[2.7968178867288764, 2.793639818060154, 2.7667074354350656, 2.8580802916069317, 2.7918817893870758, 2.810898081649897, 2.8425478509427267]","[2.7963958507356113, 2.91379567173045, 2.8498417329357686, 2.802026319833779, 2.850622843856865, 2.806498223082396, 2.7996058468805822]"
c8g,2,codec/terminal/read_padded,neoverse-v2,neoverse-v3,2.812699552218264,2.8524754310731324,0.9860556629439909,0.010518103190691849,0.01143691509821333,"[2.821542310508857, 2.8460448505100917, 2.8025955017895168, 2.7772285886300665, 2.867582710027728, 2.807804863205085, 2.812699552218264]","[2.828977811525748, 2.8671379796404155, 2.836459219468727, 2.860498971491712, 2.844705112723398, 2.927531341960049, 2.8524754310731324]"
c8g,2,codec/terminal/encode_checked_exact,neoverse-v2,neoverse-v3,1.434343435378742,1.4375871333157435,0.9977436512460153,0.0002766953006871587,0.0007562364425461878,"[1.4345563356889515, 1.434092287151156, 1.4343212450952825, 1.434343435378742, 1.4353161350949304, 1.4342938446220561, 1.4343700500528267]","[1.4375871333157435, 1.4349205712038795, 1.437845062797545, 1.437750327304221, 1.4374057010160175, 1.437782049864467, 1.43634955585304]"
c8g,2,codec/terminal/prepare_write,neoverse-v2,neoverse-v3,11.169168271574167,11.19422007064022,0.9977620773124017,0.002616628927578159,0.005101770057069644,"[11.169168271574167, 11.174414123394579, 11.15664789148566, 11.195012405499773, 11.124851141889415, 11.199965141571012, 11.130177567680775]","[11.122195942730805, 11.203015359692559, 11.281254683000043, 11.134872310659325, 11.13640778769911, 11.19422007064022, 11.217345612774123]"
c8g,2,codec/terminal/estimate_bytes,neoverse-v2,neoverse-v3,1.0963281655315587,1.1017860269941735,0.9950463508077837,0.0004932761062494762,0.0006720628546162025,"[1.0956164712314078, 1.0963281655315587, 1.0953774201189093, 1.0969278257944277, 1.0963755119313232, 1.096052933639733, 1.0965762325242356]","[1.1012898956460102, 1.1011218805323741, 1.1017860269941735, 1.1017944126818415, 1.1030428712384992, 1.1008017962142878, 1.102100870257488]"
c8g,2,codec/terminal/enum_bits,neoverse-v2,neoverse-v3,1.1850215097754562,1.1758234038428663,1.0078226933589927,0.004773858132870363,0.0027159878736409274,"[1.1810937327191047, 1.1890372475593565, 1.1947104701507962, 1.180323314601673, 1.1850215097754562, 1.192487765805432, 1.182862447603559]","[1.1757727825107354, 1.176022087291126, 1.1754075203811503, 1.1824070073103536, 1.1755540758261973, 1.1821046310971413, 1.1758234038428663]"
c8g,2,codec/terminal/encode_gate144,neoverse-v2,neoverse-v3,1.5095823466070735,1.5237304194586345,0.9907148451780678,0.00030353485414427077,0.0061463377986884955,"[1.5085084990291857, 1.5095823466070735, 1.5095896960659316, 1.509493200726347, 1.5098350493930508, 1.5094417365451926, 1.5098869628076033]","[1.539346273481483, 1.5237304194586345, 1.5166695191938944, 1.5214627548292734, 1.516668997225471, 1.531047606198092, 1.5372832204570164]"
c8g,2,codec/terminal/native_encode_checked_exact,neoverse-v2,neoverse-v3,1.0741476347880794,1.0763869533932624,0.9979195970388496,0.00022384786596006445,0.00029313037752297843,"[1.0741779392646271, 1.0742323824272946, 1.0741158720124568, 1.0740859512987448, 1.074768844577834, 1.0741476347880794, 1.0741139659901038]","[1.0760990953233835, 1.07631090621476, 1.0764613328704806, 1.0764181265787622, 1.0763869533932624, 1.0755801451695581, 1.07642590063244]"
c8g,2,codec/terminal/native_encode_admitted_exact,neoverse-v2,neoverse-v3,0.716111557137712,0.7194830242144312,0.9953140422174653,5.4169297358532094e-05,0.0007934476274839396,"[0.7161293059000634, 0.7161318219427742, 0.7160510100623685, 0.7160448606833703, 0.7161086914077099, 0.716111557137712, 0.7161393274261418]","[0.7196442486711081, 0.7196305669952774, 0.7194830242144312, 0.71975096916939, 0.7190132895334823, 0.7191753621341304, 0.7181152849874763]"
c8g,2,codec/terminal/native_encode_wide,neoverse-v2,neoverse-v3,24.93777260391272,23.07002246025166,1.0809600487766793,0.00025771605403841573,0.000591617912687297,"[24.935699693398785, 24.952930799168364, 24.935732351684877, 24.94453138476126, 24.941830544464747, 24.93777260391272, 24.93578698009177]","[23.06187313117532, 23.062118781595487, 23.067530235060765, 23.082741052032738, 23.087803539015272, 23.07002246025166, 23.096858807062258]"
c8g,2,intersection_count/random/exact/inline/1,neoverse-v2,neoverse-v3,162.92196694974535,108.98977097455617,1.4948372264015468,0.0003978958111978298,0.0006745850438871268,"[162.92196694974535, 162.9198229714159, 162.92153815408494, 162.99876211929973, 163.01906491500657, 162.81876883257465, 162.92972407677632]","[108.95218332404635, 108.80954596710637, 109.00678651510427, 108.92382797817285, 109.02154420437185, 108.99980817336592, 108.98977097455617]"
c8g,2,intersection_count/random/exact/inline/16,neoverse-v2,neoverse-v3,2601.6661393386476,1712.5248200925696,1.5191990847747339,0.000767932846279742,0.0009991425313776742,"[2603.741175010829, 2601.6661393386476, 2597.237266579879, 2602.318226937088, 2600.990446057502, 2601.736398039642, 2601.1213164588103]","[1711.619941695752, 1710.2226163536793, 1709.7785456546894, 1712.5248200925696, 1712.6426314394503, 1714.753083399648, 1713.0492120766828]"
c8g,2,intersection_count/random/exact/compiled/1,neoverse-v2,neoverse-v3,162.9917949374059,108.90657038401126,1.4966204000611425,0.0007211643645100108,0.00010200637208093995,"[162.8077169844605, 162.7952417227347, 162.8168505197688, 163.07602039926064, 162.9917949374059, 163.0095483435779, 163.0039077264843]","[108.91460575103187, 108.90305183187564, 108.90657038401126, 108.91165244898585, 108.91143075686573, 108.89763658049824, 108.88240723934899]"
c8g,2,intersection_count/random/exact/compiled/16,neoverse-v2,neoverse-v3,2603.8548572136688,1729.3495273595522,1.5056845455582077,0.00046302895551236263,0.000757653243599009,"[2603.866174692252, 2603.533688877778, 2603.8548572136688, 2603.8781433133786, 2603.922327989844, 2601.571796223332, 2601.1620104802773]","[1729.3495273595522, 1729.6211874704386, 1729.5603311571795, 1730.2596536030262, 1727.130650575622, 1727.455114607579, 1727.3430401384173]"
c8g,2,intersection_count/random/exact/cps/1,neoverse-v2,neoverse-v3,162.95561117093283,154.44161168336225,1.055127626517043,0.00024088355005762613,0.00013244476333835401,"[162.9383522975309, 163.0492855687798, 162.95561117093283, 162.96074847946977, 162.98162946580655, 162.95137211535337, 162.93492419171838]","[154.47521568958882, 154.41764453914456, 154.45249497658713, 154.46771136476622, 154.44161168336225, 154.4326587039661, 154.43407426744264]"
c8g,2,intersection_count/random/exact/cps/16,neoverse-v2,neoverse-v3,2631.5530376537563,2467.425812888846,1.0665175925077768,0.000398825214741327,0.0012447955848807293,"[2630.753795110988, 2632.5554164449372, 2631.180381232665, 2630.1421953738986, 2631.5530376537563, 2633.237691320594, 2631.5753231713647]","[2461.9413957037855, 2462.185350393261, 2469.0664984153227, 2468.6499295691524, 2468.788414133058, 2467.425812888846, 2466.316997300166]"
c8g,2,intersection_count/random/exact/materialized/1,neoverse-v2,neoverse-v3,160.65817420323538,150.81932593550317,1.0652359915196792,0.00041286036252717394,0.00013827778936153438,"[160.6430048097643, 160.65296856921438, 160.6229166467445, 160.65817420323538, 160.66075024622253, 160.79659587488814, 160.76247047686655]","[150.82539682539596, 150.8236138044945, 150.8132927529978, 150.8056632909569, 150.81932593550317, 150.8645730086906, 150.80118329382913]"
c8g,2,intersection_count/random/exact/materialized/16,neoverse-v2,neoverse-v3,2553.044172189486,2397.473850984853,1.0648892671512251,0.0003907584582113215,0.00013574847094296525,"[2553.044172189486, 2552.676323949599, 2554.991487809334, 2552.92481911593, 2552.4066699093937, 2553.3505806530065, 2554.6587219553867]","[2397.7457036825185, 2397.0801027690145, 2397.491749928676, 2396.812218098778, 2397.595575221253, 2397.473850984853, 2397.203739651673]"
c8g,2,intersection_count/random/padded/inline/1,neoverse-v2,neoverse-v3,159.53918874750812,103.24665902361097,1.5452237414386831,0.0003559213242375554,0.0008357893585850251,"[159.67507524969244, 159.5712439762207, 159.5196884358748, 159.53249608549308, 159.53918874750812, 159.506010474149, 159.5759052766038]","[103.14533415895026, 103.22906364377673, 103.3675031113763, 103.35367817008044, 103.36697095842914, 103.24665902361097, 103.2324306760429]"
c8g,2,intersection_count/random/padded/inline/16,neoverse-v2,neoverse-v3,2556.6437505706026,1658.1093312290507,1.5419029990474304,0.0006744214504514717,0.00027446349145709157,"[2556.8324964241456, 2556.6437505706026, 2554.2888401959576, 2559.1827809732354, 2557.9556590279462, 2554.7504793207327, 2555.8375787455393]","[1658.123870585867, 1658.2412112842667, 1657.6102189780981, 1658.1093312290507, 1657.9349378575855, 1657.9881041625601, 1659.081909646896]"
c8g,2,intersection_count/random/padded/compiled/1,neoverse-v2,neoverse-v3,160.30084340409155,104.60100198848927,1.5324981630838652,0.00037990883554829725,0.0002937551402235853,"[160.2516177815604, 160.30084340409155, 160.2837691016597, 160.26003463741944, 160.40398425849406, 160.36120684881072, 160.37962540408702]","[104.65774261561249, 104.57275095927254, 104.59648916823201, 104.6510402094413, 104.60980654702551, 104.59991531436043, 104.60100198848927]"
c8g,2,intersection_count/random/padded/compiled/16,neoverse-v2,neoverse-v3,2561.9619576832697,1672.4347001138356,1.5318756286920427,0.0009245902491021935,0.0010776284840844457,"[2566.384911305818, 2565.1886850058854, 2562.124507678689, 2560.177296736253, 2560.435105181135, 2561.9619576832697, 2561.371660611324]","[1676.665062214131, 1674.6655215802336, 1672.0613353572442, 1671.7605104954978, 1672.4347001138356, 1672.1215922028161, 1672.7150532265337]"
c8g,2,intersection_count/random/padded/cps/1,neoverse-v2,neoverse-v3,161.56360398888108,150.4300634881307,1.0740114059822148,0.00030315959631134145,0.00024881106447523086,"[161.56374051526294, 161.5869923045251, 161.56360398888108, 161.5656614991777, 161.50527453340672, 161.46082461936504, 161.4825246228182]","[150.51186971567273, 150.46022528510503, 150.44642796276432, 150.4055024245305, 150.4300634881307, 150.40658238657687, 150.420365357255]"
c8g,2,intersection_count/random/padded/cps/16,neoverse-v2,neoverse-v3,2578.7312978508085,2399.6436107855106,1.0746309519715198,0.0004979524327692857,0.001119065992805189,"[2578.758232635357, 2577.0759155060223, 2577.6371183470974, 2578.110967622985, 2578.7312978508085, 2579.0703809612046, 2581.0798819296488]","[2399.693649386693, 2399.5040459783054, 2398.811140022346, 2399.6436107855106, 2398.465959454464, 2404.012209418764, 2405.1994681612246]"
c8g,2,intersection_count/random/padded/materialized/1,neoverse-v2,neoverse-v3,157.95401266127453,148.0856272887373,1.0666397242812489,0.00026511411604421856,0.00030963325306736304,"[157.94925152626445, 157.90979594598204, 157.89703129229304, 158.0023401551831, 158.00722534660278, 157.96573787254155, 157.95401266127453]","[148.0856272887373, 148.11587699826822, 148.12350422000793, 148.04589909005716, 148.02039567755494, 148.00723933714173, 148.0904952404793]"
c8g,2,intersection_count/random/padded/materialized/16,neoverse-v2,neoverse-v3,2518.8848067126314,2358.5988425990986,1.0679581288765931,0.0006665618029783969,0.00034870285858740576,"[2517.4807311956783, 2515.4844171411955, 2518.0987114174636, 2519.8288582559003, 2520.6076715612926, 2518.8848067126314, 2519.010278693401]","[2358.5912295979724, 2359.62845183589, 2360.063432311734, 2359.2305250442173, 2358.5988425990986, 2357.6890749220247, 2358.2500491614337]"
c8g,2,intersection_count/runs/exact/inline/1,neoverse-v2,neoverse-v3,164.27984933717852,108.56860961345714,1.5131431628540994,0.0006957117820915522,0.0002301561299819831,"[164.2907303233387, 164.3232187056749, 164.30031991390857, 164.27984933717852, 164.22589052486938, 164.01922809764085, 164.10911705717936]","[108.55974728176311, 108.56576371050225, 108.56394684910477, 108.6038177185069, 108.56860961345714, 108.60287977663667, 108.62192987633662]"
c8g,2,intersection_count/runs/exact/inline/16,neoverse-v2,neoverse-v3,2621.0214926119525,1720.7838913507328,1.5231555256799716,0.0011616888648686488,0.0010923048736673096,"[2624.8155321608033, 2621.0214926119525, 2625.6455280996743, 2624.4419105931574, 2620.219424572846, 2619.0683515041974, 2618.01955577774]","[1723.182586574763, 1722.9963482685523, 1723.532332184482, 1720.7838913507328, 1719.588564746436, 1719.4199696372661, 1719.5462005580164]"
c8g,2,intersection_count/runs/exact/compiled/1,neoverse-v2,neoverse-v3,163.97128279428162,108.84521923766076,1.5064628831906206,0.0002224188673250006,0.0010808289981900157,"[163.9706364765374, 163.96452867620573, 163.97128279428162, 163.97082392820474, 163.98641951684212, 164.068931447361, 163.9860270399048]","[109.05425357317944, 109.09797375879171, 109.01008377590924, 108.84262422470934, 108.84521923766076, 108.83309791528622, 108.8356487467416]"
c8g,2,intersection_count/runs/exact/compiled/16,neoverse-v2,neoverse-v3,2619.1077745140547,1736.9922968607732,1.5078407539558516,0.0006484164596149696,0.0005400980838745314,"[2623.3176363977573, 2621.310324354642, 2618.895069058198, 2619.1293356664905, 2619.0823073557544, 2619.0107805762545, 2619.1077745140547]","[1738.1819763107871, 1736.9922968607732, 1736.931479334031, 1736.7515737596577, 1736.7433736436801, 1737.0035202517834, 1739.2103039841484]"
c8g,2,intersection_count/runs/exact/cps/1,neoverse-v2,neoverse-v3,165.63240225006413,155.5333577454997,1.0649316947242249,0.00034250543318342316,0.00014535803566601032,"[165.56668928300385, 165.5418474659169, 165.66598160186575, 165.66892632857454, 165.63240225006413, 165.53873706134223, 165.63555604645563]","[155.52297147845414, 155.5647070355176, 155.5656409858114, 155.5333577454997, 155.5254866713266, 155.5157791364729, 155.5664047907039]"
c8g,2,intersection_count/runs/exact/cps/16,neoverse-v2,neoverse-v3,2658.1965297787256,2489.6401910751647,1.067703091919788,9.96899288833794e-05,0.00031017526944836796,"[2658.4281733843936, 2658.178418769602, 2658.5344014184775, 2658.4401101858125, 2657.999620048713, 2658.1965297787256, 2657.795712883468]","[2491.0873190124926, 2489.3016259197193, 2489.7339484927447, 2490.998724187001, 2489.397282221651, 2489.385592214617, 2489.6401910751647]"
c8g,2,intersection_count/runs/exact/materialized/1,neoverse-v2,neoverse-v3,163.0133365142321,151.83135164437695,1.0736474038382129,0.00016867575660574422,0.0003726309655122854,"[163.03952464908218, 163.02509033567966, 163.00939141971128, 162.96157702923136, 163.0292565416907, 162.98316255380027, 163.0133365142321]","[151.74207264184935, 151.75885254788005, 151.74317672569615, 151.83135164437695, 151.86886338995276, 151.85277195518336, 151.85257860497498]"
c8g,2,intersection_count/runs/exact/materialized/16,neoverse-v2,neoverse-v3,2570.3936694522995,2403.0041776352964,1.0696584273031622,0.0002799160009221726,0.0003045366094743898,"[2570.606606055205, 2570.9683472617326, 2569.6880644075814, 2570.3936694522995, 2571.684390975546, 2570.0974377811535, 2569.68757461662]","[2404.665474419004, 2402.8783621380467, 2402.5176548014747, 2402.7098832552238, 2403.0041776352964, 2403.654772805317, 2403.3937850521424]"
c8g,2,intersection_count/runs/padded/inline/1,neoverse-v2,neoverse-v3,159.6176652289761,103.2355132933249,1.5461507395759402,0.0003152060163070667,0.00032153350500821487,"[159.66007379202992, 159.60308550334443, 159.6176652289761, 159.59551431075488, 159.59651037022502, 159.70810514891156, 159.70653882635895]","[103.21784740157493, 103.24788862812811, 103.19481358400716, 103.2355132933249, 103.20741734118688, 103.29346380427071, 103.25401796185602]"
c8g,2,intersection_count/runs/padded/inline/16,neoverse-v2,neoverse-v3,2556.4798636265823,1656.991706652381,1.542844091109808,0.0004474216327981571,0.00038182660434842144,"[2558.1180785974625, 2557.170192688119, 2555.5199841709245, 2556.4798636265823, 2554.881008188473, 2555.5486286567316, 2557.101153694]","[1658.5691211025146, 1657.7896451632116, 1657.277748158707, 1656.991706652381, 1656.8989988743815, 1656.95476176375, 1656.8689848547172]"
c8g,2,intersection_count/runs/padded/compiled/1,neoverse-v2,neoverse-v3,160.33545375008177,104.60830884581048,1.5327219751388146,0.00041784819204429633,0.000231728913143137,"[160.29590511231194, 160.2864377380795, 160.35029475703092, 160.33545375008177, 160.26387535769706, 160.3871689953084, 160.45820868721813]","[104.60975129314956, 104.62259742753656, 104.5976893414771, 104.65284518687675, 104.57418879478884, 104.60830884581048, 104.60013539307224]"
c8g,2,intersection_count/runs/padded/compiled/16,neoverse-v2,neoverse-v3,2565.7397348160675,1671.5427296807989,1.534953123995835,0.00027609185329116506,0.0002765123483450235,"[2565.7397348160675, 2565.972167909194, 2565.64640107537, 2565.122754491076, 2565.3495050714237, 2567.130575583431, 2566.6107478919544]","[1672.0889247376385, 1671.2379159945942, 1672.3354245085523, 1671.5427296807989, 1671.050566608854, 1671.3980601859835, 1671.7813029016636]"
c8g,2,intersection_count/runs/padded/cps/1,neoverse-v2,neoverse-v3,161.60581886078307,150.44089939868405,1.0742146551019403,0.00056811346565412,0.00040363237254656143,"[161.47938177006031, 161.45666108958244, 161.42914962647586, 161.61932679322055, 161.62964023028482, 161.63935818111267, 161.60581886078307]","[150.5353262185281, 150.43115973868254, 150.44089939868405, 150.41855610571233, 150.51802581341343, 150.47740474197053, 150.35956400181874]"
c8g,2,intersection_count/runs/padded/cps/16,neoverse-v2,neoverse-v3,2578.686883280599,2400.5277952529636,1.074216632017319,0.0007946210673431137,0.0007523024377339826,"[2582.687897697427, 2581.106175647761, 2577.46361931691, 2577.338415665024, 2577.668654514034, 2578.686883280599, 2579.7751375611842]","[2403.313697454843, 2402.744924220721, 2401.051358307153, 2398.9176722904926, 2398.7628538746985, 2400.5277952529636, 2399.4848441520803]"
c8g,2,intersection_count/runs/padded/materialized/1,neoverse-v2,neoverse-v3,157.96638298271512,148.060422966055,1.0669048474819716,0.0003662416538870737,0.0004224400325022166,"[157.87974120500508, 157.9640056799419, 157.93214342810342, 157.97089872953097, 157.96638298271512, 158.07007777015383, 157.9916813210633]","[148.060422966055, 148.13346646580027, 148.05865002275488, 148.16165891041052, 148.12592660543856, 148.03016826202554, 147.9876917160444]"
c8g,2,intersection_count/runs/padded/materialized/16,neoverse-v2,neoverse-v3,2518.408819738065,2359.3219672499717,1.067429055761103,0.0007948274624875682,0.0003982791349141969,"[2518.512246305027, 2518.408819738065, 2517.5118865606432, 2517.780555805343, 2517.100878376316, 2522.927961147638, 2519.9099439397933]","[2360.2520012357877, 2359.3219672499717, 2361.0955537454524, 2360.375839114786, 2358.8445917479244, 2358.646153414122, 2358.902901440963]"
c8g,2,intersection_count/terminal/exact/inline/1,neoverse-v2,neoverse-v3,159.9366591201857,104.41502586615144,1.5317398793273957,0.0004530036970031745,0.0009332919101486492,"[159.96665256465508, 159.90579859285265, 159.9366591201857, 160.07602315778206, 159.98372171023675, 159.86126674137194, 159.88379374481184]","[104.29596448236558, 104.41502586615144, 104.47298444798128, 104.50645317299477, 104.44610627687337, 104.32318828146798, 104.25044353520134]"
c8g,2,intersection_count/terminal/exact/inline/16,neoverse-v2,neoverse-v3,2560.9489677497677,1664.3119724170167,1.538743342710321,0.0007077783180956006,0.0006110004310042954,"[2565.10640117262, 2561.9081358416806, 2560.9489677497677, 2562.705747617802, 2560.527791351018, 2560.1760933302016, 2560.0142010750824]","[1665.3393373756367, 1664.7220306741983, 1664.0946181588126, 1664.3119724170167, 1663.7142234376083, 1664.4136250149093, 1662.1030396703436]"
c8g,2,intersection_count/terminal/exact/compiled/1,neoverse-v2,neoverse-v3,161.1235645189804,104.99666858358252,1.5345588264137935,0.00020336400844883054,0.0005642928759627218,"[161.10603189702064, 161.15475195041003, 161.18660294422472, 161.0867137936611, 161.1270587693744, 161.11840944483376, 161.1235645189804]","[105.08464353593864, 104.96545425159111, 104.99666858358252, 105.01840861282533, 104.92926847908817, 105.08077463261635, 104.96704416037115]"
c8g,2,intersection_count/terminal/exact/compiled/16,neoverse-v2,neoverse-v3,2569.586267120241,1675.4920919842496,1.5336307938506202,0.0008190592385652607,0.0009985660300404914,"[2573.4160615251462, 2571.985966847435, 2569.586267120241, 2567.948769801067, 2568.4158164046153, 2568.50510157196, 2571.4479578392607]","[1677.5584076267526, 1678.2075430304014, 1676.1133648457985, 1675.4920919842496, 1674.4311813159197, 1674.657791340096, 1673.6614810825129]"
c8g,2,intersection_count/terminal/exact/cps/1,neoverse-v2,neoverse-v3,161.94236162376998,151.9519320405399,1.0657473021176505,0.0002975704254204163,0.0007116100493266474,"[161.9885644567266, 161.94236162376998, 161.88305407838882, 161.93627281857118, 161.8517484835865, 161.94771028928577, 161.97104974548276]","[151.73413558224226, 151.76347233308806, 151.9616723414215, 151.9253593557401, 151.9875101140975, 151.9519320405399, 151.9959851352246]"
c8g,2,intersection_count/terminal/exact/cps/16,neoverse-v2,neoverse-v3,2588.0777345920073,2426.90474951576,1.0664109232586925,0.0005215948610463426,0.00041975990408674076,"[2590.5177062126204, 2590.3819174532323, 2587.544481460855, 2588.0777345920073, 2587.122308594068, 2588.4626133630145, 2587.8917268182818]","[2427.6590639724122, 2428.827074841869, 2426.90474951576, 2426.551383227917, 2425.5375364958372, 2426.6826236522534, 2426.9232792763146]"
c8g,2,intersection_count/terminal/exact/materialized/1,neoverse-v2,neoverse-v3,158.46912609422608,148.36545433344256,1.0680998943195774,0.00025925400300915553,0.00028358400430349216,"[158.40820802359775, 158.46912609422608, 158.54032352352635, 158.46993132007825, 158.5033717654228, 158.45944452615606, 158.45660266346246]","[148.3860102894703, 148.45164094300287, 148.35147946348542, 148.3503434531961, 148.36545433344256, 148.36116293532226, 148.43905649311284]"
c8g,2,intersection_count/terminal/exact/materialized/16,neoverse-v2,neoverse-v3,2523.1864116729644,2375.6879418584213,1.0620866348713964,0.00024389772045819833,0.0002576845228796547,"[2523.69788038927, 2523.1864116729644, 2522.1905247989903, 2523.172360994353, 2522.4946559384343, 2523.6679176174302, 2523.7445658699376]","[2374.984474860014, 2375.781120977424, 2375.167948645343, 2376.7436230982116, 2375.6879418584213, 2375.118771562649, 2375.9309428200186]"
c8g,2,intersection_count/terminal/padded/inline/1,neoverse-v2,neoverse-v3,159.53730307248077,103.1362498104263,1.5468596479484629,0.00045942810650569056,0.00043410161299562697,"[159.58363381181928, 159.48074655590392, 159.57851616877642, 159.53730307248077, 159.51431837026232, 159.7007215287145, 159.50809009790441]","[103.14995308533265, 103.1884551696766, 103.1362498104263, 103.12657712808873, 103.09418936263707, 103.05884245919152, 103.17309847641002]"
c8g,2,intersection_count/terminal/padded/inline/16,neoverse-v2,neoverse-v3,2556.761768380047,1656.364628347057,1.5435983868669831,0.0005237785446250413,0.0002468156141652207,"[2558.5941622741625, 2557.0236738674093, 2554.8743182718063, 2556.761768380047, 2558.416867249579, 2556.0699856799706, 2556.0013710734197]","[1657.1192012470476, 1656.9003729354984, 1656.1796602144182, 1655.9878253319505, 1656.453402790105, 1656.2075021211724, 1656.364628347057]"
c8g,2,intersection_count/terminal/padded/compiled/1,neoverse-v2,neoverse-v3,160.37884632277604,104.61847133043013,1.5329878584846712,0.0003474630977921441,0.0006596431875399343,"[160.33695830676038, 160.30728762874085, 160.28019103196152, 160.43325529615103, 160.40316069676328, 160.39751414026617, 160.37884632277604]","[104.61339772129874, 104.57197052392108, 104.59329664832607, 104.65307716202443, 104.76811098815793, 104.61847133043013, 104.70558845507442]"
c8g,2,intersection_count/terminal/padded/compiled/16,neoverse-v2,neoverse-v3,2565.309256940512,1672.0972660777254,1.5341866223835252,0.0007748365654401706,0.0014852591151795617,"[2565.628378584654, 2565.3082490915313, 2566.2078001406067, 2565.2671410682965, 2566.665424670929, 2565.309256940512, 2560.662828696178]","[1676.6922538870458, 1676.6303409408742, 1672.0972660777254, 1672.6663535713146, 1670.8222151165353, 1671.0687277669404, 1672.0095727248022]"
c8g,2,intersection_count/terminal/padded/cps/1,neoverse-v2,neoverse-v3,161.47486729686395,150.50727947780587,1.0728708130072564,0.00037627159764983556,0.00026251330991563376,"[161.43061108929052, 161.40678230521416, 161.45793560911468, 161.47486729686395, 161.5254813136984, 161.49506167132395, 161.5876630380364]","[150.54983945888003, 150.4996297962862, 150.53446300741672, 150.57845539897173, 150.49800197561726, 150.45820283577413, 150.50727947780587]"
c8g,2,intersection_count/terminal/padded/cps/16,neoverse-v2,neoverse-v3,2578.882260692953,2404.769963936083,1.072402890658151,0.0008954233715780197,0.00019094785846707945,"[2582.290981212302, 2582.886350358275, 2577.2918729435482, 2577.446111743183, 2577.7153839056705, 2579.0324098274377, 2578.882260692953]","[2404.993960730431, 2404.645371801609, 2405.1206136584806, 2404.234186272697, 2405.6996107390355, 2404.6841261664367, 2404.769963936083]"
c8g,2,intersection_count/terminal/padded/materialized/1,neoverse-v2,neoverse-v3,157.9291136097217,148.08168927631436,1.0664999459523483,0.00043513044190599583,0.0005231668434682629,"[157.87225513231334, 157.87350987522632, 157.9291136097217, 157.9962527018376, 157.84992183724063, 158.01080546217906, 157.99730804032706]","[148.090199862068, 148.2332870616259, 148.06812701851283, 148.08168927631436, 148.1795230896954, 148.01255333447384, 148.04654452579587]"
c8g,2,intersection_count/terminal/padded/materialized/16,neoverse-v2,neoverse-v3,2517.023709609715,2359.557623116697,1.0667354274166967,0.0006681722199436815,0.00036437952010635817,"[2516.754660991628, 2517.023709609715, 2517.4916971405037, 2516.760326119554, 2516.8214435583955, 2520.8366105149944, 2519.812211498155]","[2360.3403699122437, 2359.192573645197, 2359.6477681584665, 2359.916067011356, 2358.52791207553, 2357.823982460035, 2359.557623116697]"
c9g,1,codec/random/read_exact,neoverse-v2,neoverse-v3,72.51448900567726,72.60995451409961,0.9986852283676364,0.0011865237303062158,0.0005218034522710721,"[72.55427302438034, 72.42260843757214, 72.32725401406903, 72.4835939954284, 72.56261964971598, 72.51448900567726, 72.54791108735236]","[72.51620100238408, 72.61436133888638, 72.62033881895712, 72.60995451409961, 72.62594373302488, 72.59025865243487, 72.58137584907875]"
c9g,1,codec/random/read_padded,neoverse-v2,neoverse-v3,70.58151191648335,70.57405528795847,1.0001056567954676,0.0004821989462759293,0.00038324197096372575,"[70.56442454242597, 70.62415869761666, 70.62422445070877, 70.58109548023369, 70.58151191648335, 70.65190565948654, 70.56638954829319]","[70.56899648430378, 70.50917753887815, 70.58149851194364, 70.58348622927926, 70.54279727720538, 70.57589928450591, 70.57405528795847]"
c9g,1,codec/random/encode_checked_exact,neoverse-v2,neoverse-v3,26.041369816742655,26.994456747455928,0.9646932353694024,0.0004494739244511144,0.0002798350408542891,"[26.041369816742655, 26.035440062290355, 26.045391183727993, 26.03578994884887, 26.055411537377303, 26.023942237361517, 26.056920985866658]","[26.9929643456482, 26.995272243026623, 26.994456747455928, 26.984243162685654, 27.00979813757749, 26.996482333228435, 26.99375545976214]"
c9g,1,codec/random/prepare_write,neoverse-v2,neoverse-v3,33.52584296226255,33.90048018141982,0.9889489111318664,0.00029278557673007716,0.00017691447338621832,"[33.517324484861966, 33.53248490666858, 33.52584296226255, 33.50599140764329, 33.53219897399686, 33.521683760062544, 33.531826382959686]","[33.89824632903325, 33.908548439813806, 33.90475339254229, 33.90048018141982, 33.89576068403658, 33.89303979049557, 33.90781767632545]"
c9g,1,codec/random/estimate_bytes,neoverse-v2,neoverse-v3,4.56726966976825,4.5616647788972555,1.001228694159405,0.000515200452503148,0.001070024153485666,"[4.568367010324097, 4.563803510249047, 4.56726966976825, 4.569738672414367, 4.5696063276471035, 4.566701000846427, 4.564394545001207]","[4.565779550929376, 4.563866886654595, 4.551821200134334, 4.561495243832086, 4.566333923526253, 4.560086510172579, 4.5616647788972555]"
c9g,1,codec/random/enum_bits,neoverse-v2,neoverse-v3,0.9369577622740509,0.9354268077373329,1.0016366374408503,0.0013851993966137364,0.00393441689823632,"[0.936498008693556, 0.9387103154084714, 0.9368747626505188, 0.9370638018896368, 0.9369577622740509, 0.9381478613416776, 0.9346350639450474]","[0.9353869528521892, 0.9359851687330573, 0.9282125911845939, 0.9359013646669365, 0.9354268077373329, 0.9285718347960813, 0.9366459095589811]"
c9g,1,codec/random/encode_gate144,neoverse-v2,neoverse-v3,1.8265737893917295,1.6791909260801434,1.0877701642038005,0.00018400858628723758,0.05186927123836654,"[1.8269294840371053, 1.8266433222106242, 1.82600342440972, 1.8265468903106155, 1.8269038907366293, 1.8262329153565764, 1.8265737893917295]","[1.6791909260801434, 1.6422619211467717, 1.6506555280904123, 1.7176225377454604, 1.879544356337574, 1.70451671233325, 1.6116850770771245]"
c9g,1,codec/random/native_encode_checked_exact,neoverse-v2,neoverse-v3,25.155907758718765,25.909969770462347,0.9708968393856167,0.0006503650993571044,0.00041646131619163225,"[25.134191268740103, 25.164845086814115, 25.170813424597277, 25.18031341212364, 25.14640747062618, 25.143667812123685, 25.155907758718765]","[25.890412689258298, 25.911617730061078, 25.89989900894443, 25.909969770462347, 25.902824915152685, 25.921150570947614, 25.918358990853758]"
c9g,1,codec/random/native_encode_admitted_exact,neoverse-v2,neoverse-v3,23.13190053856852,23.02049611762158,1.0048393579520496,0.0004325472297775227,0.0004554408375387105,"[23.147222203145045, 23.13151704368292, 23.153674037588413, 23.143564991532156, 23.131713186482695, 23.12701812123221, 23.13190053856852]","[23.027506165420753, 23.025069330143015, 23.019813507672286, 23.03435995311097, 23.02049611762158, 23.000679046122396, 23.018227056355784]"
c9g,1,codec/random/native_encode_wide,neoverse-v2,neoverse-v3,19.4873236967112,17.34283381677463,1.1236527953039799,0.0006714537517264723,0.0003621361339069794,"[19.488875504262083, 19.460990512892078, 19.480243270359555, 19.496516956240075, 19.4873236967112, 19.498139732720634, 19.474394827524737]","[17.336602765534284, 17.346747608192796, 17.340128662876978, 17.34283381677463, 17.34056831740578, 17.354160694967614, 17.350715428450886]"
c9g,1,codec/runs/read_exact,neoverse-v2,neoverse-v3,75.77113726984057,75.68861066966929,1.0010903437048337,0.00047928221422442984,0.0008059266242585512,"[75.8006395132581, 75.72791487052513, 75.76269008853343, 75.74272394194652, 75.83688548597792, 75.77113726984057, 75.77739583876192]","[75.67903931711827, 75.57679164208095, 75.75092129698383, 75.74217259566824, 75.74116441802643, 75.68861066966929, 75.67025260551462]"
c9g,1,codec/runs/read_padded,neoverse-v2,neoverse-v3,66.54088586840264,66.54326845503827,0.9999641949262345,0.00037008019610192057,0.0003090891613086424,"[66.55208199668934, 66.57622397009065, 66.51535299289476, 66.54088586840264, 66.56546665716132, 66.514744671245, 66.52285404240816]","[66.53553146523561, 66.5672893485492, 66.55869497815428, 66.55842447615963, 66.50953321796122, 66.54326845503827, 66.5260061566887]"
c9g,1,codec/runs/encode_checked_exact,neoverse-v2,neoverse-v3,21.365133705841902,21.608468783729727,0.9887389023107901,0.00023257773176780396,0.00024057358471320467,"[21.36097689197237, 21.374447605086463, 21.366324056924178, 21.359614018864878, 21.365133705841902, 21.368406280717885, 21.363568284752006]","[21.60983443446259, 21.61592185668805, 21.608468783729727, 21.606513297409858, 21.611218863214756, 21.59958600898675, 21.604474724786193]"
c9g,1,codec/runs/prepare_write,neoverse-v2,neoverse-v3,31.15838050094761,31.690847608504626,0.9831980793276693,0.00036717974756476967,0.00036965259412505833,"[31.146617295281853, 31.175718560865434, 31.143323686662328, 31.153224900645395, 31.161307123350873, 31.167619656968228, 31.15838050094761]","[31.71086182866755, 31.70521185969218, 31.690847608504626, 31.67945412677048, 31.688143891458886, 31.68196811590386, 31.697851699158385]"
c9g,1,codec/runs/estimate_bytes,neoverse-v2,neoverse-v3,4.410038576082963,4.408368782389902,1.0003787781321136,0.000577945117376116,0.0011295723477873353,"[4.41167759203877, 4.410038576082963, 4.410564828497475, 4.413833509013456, 4.407545536042987, 4.409922891964227, 4.406110517104806]","[4.411083056007697, 4.39858322892135, 4.401269364763271, 4.411602897488804, 4.408368782389902, 4.409168324891647, 4.407850512851529]"
c9g,1,codec/runs/enum_bits,neoverse-v2,neoverse-v3,0.9375642723036506,0.9366199842870797,1.0010081869193617,0.0009138750950730606,0.0017491060483073079,"[0.9368940853479177, 0.9355641808283154, 0.9377455958870498, 0.9377399291743955, 0.9381461819754776, 0.9370353379791105, 0.9375642723036506]","[0.9360856432599123, 0.9366199842870797, 0.9349237346512785, 0.9369952138726055, 0.9371837883174944, 0.932763686836135, 0.9372915948494177]"
c9g,1,codec/runs/encode_gate144,neoverse-v2,neoverse-v3,21.61607343617801,21.449461650620627,1.0077676441614822,0.0005965133597815658,0.0003246737690981437,"[21.637207715022747, 21.596565921152543, 21.620771373489724, 21.613260082600373, 21.61607343617801, 21.627998573104406, 21.611984118705124]","[21.461950322236525, 21.449461650620627, 21.449966101226682, 21.446870038833275, 21.445189048687112, 21.46138342315441, 21.44739982714035]"
c9g,1,codec/runs/native_encode_checked_exact,neoverse-v2,neoverse-v3,20.45617536143464,20.601814379406743,0.9929307673931048,0.001074237105001005,0.0010859226173952465,"[20.47502950873055, 20.44765652057021, 20.441237351094525, 20.476183048450117, 20.434789178613205, 20.45617536143464, 20.49553219662648]","[20.599896451514347, 20.60120834362429, 20.568813511433834, 20.642342991727066, 20.619567230117386, 20.601814379406743, 20.612429693350155]"
c9g,1,codec/runs/native_encode_admitted_exact,neoverse-v2,neoverse-v3,18.62901519054796,18.669844884777042,0.9978130673028583,0.0006367169224092871,0.00048463473800470467,"[18.63412424847403, 18.618970296933053, 18.625966834040998, 18.62901519054796, 18.648605938040415, 18.623474518698295, 18.64872925630458]","[18.672684318960005, 18.67598540823487, 18.661329468961352, 18.655887978803392, 18.66142184439084, 18.680968574145243, 18.669844884777042]"
c9g,1,codec/runs/native_encode_wide,neoverse-v2,neoverse-v3,19.49394320023419,17.340637747472318,1.1241768315629426,0.0005098072796124476,0.0004750813618707283,"[19.481406574322293, 19.49862945953833, 19.490324490487875, 19.49722502124409, 19.504225620260364, 19.49394320023419, 19.47607463095461]","[17.351729564259415, 17.348512735113832, 17.346729804722045, 17.33410233128776, 17.338053344666566, 17.340637747472318, 17.328882337120785]"
c9g,1,codec/terminal/read_exact,neoverse-v2,neoverse-v3,2.5020652723381933,2.492780554815095,1.0037246429514879,0.010597618955406295,0.008309010925874698,"[2.4847843610567977, 2.4934879111788124, 2.5250738137118374, 2.5020652723381933, 2.492385320220835, 2.5039764784471443, 2.5619874717993083]","[2.4845303830866414, 2.480390632504281, 2.4991999647453715, 2.492780554815095, 2.51385021092138, 2.5192836891650146, 2.4586516484136567]"
c9g,1,codec/terminal/read_padded,neoverse-v2,neoverse-v3,2.5133551120038424,2.512387900228558,1.0003849770870161,0.014360582629095226,0.014184416156562457,"[2.561992214345033, 2.458843522670869, 2.4705707932853116, 2.528256840390393, 2.486085715770885, 2.5133551120038424, 2.5204640889963503]","[2.5169731923132814, 2.486162821285874, 2.5153286672416306, 2.422137141259538, 2.512387900228558, 2.522966070051117, 2.4828635131541326]"
c9g,1,codec/terminal/encode_checked_exact,neoverse-v2,neoverse-v3,1.2185865884908722,1.2175109871280416,1.0008834428388755,0.0003396487129250223,0.000570308225480981,"[1.2193641133782966, 1.2191437585533311, 1.2188012407314366, 1.2185865884908722, 1.2185097559610163, 1.2185515168714762, 1.2181394072057614]","[1.2163139231098983, 1.217627962557785, 1.2175109871280416, 1.2166081871616317, 1.2177017060476785, 1.2180374634893607, 1.2164753329764741]"
c9g,1,codec/terminal/prepare_write,neoverse-v2,neoverse-v3,9.81989527566313,9.78367953173861,1.003701648628927,0.0031726794414512825,0.002273264722598834,"[9.851873713181797, 9.799403051318889, 9.81989527566313, 9.847183133733989, 9.825888950402348, 9.808597164728624, 9.76016893976441]","[9.78367953173861, 9.807997947058155, 9.803853284263496, 9.76876486619188, 9.80950763499115, 9.755973341656073, 9.765610465238616]"
c9g,1,codec/terminal/estimate_bytes,neoverse-v2,neoverse-v3,1.217448508850451,1.2167084210373103,1.0006082704782382,0.0003259187918660083,0.0005682645235537012,"[1.217877846289593, 1.2170577015085788, 1.21790581285132, 1.2172761739703213, 1.2173086615513677, 1.217448508850451, 1.2181226913639454]","[1.2167084210373103, 1.217374385806608, 1.2165706247337917, 1.21635714403148, 1.2178856067611137, 1.2166935304034423, 1.2181134421503617]"
c9g,1,codec/terminal/enum_bits,neoverse-v2,neoverse-v3,0.9372305538894357,0.9368024140617229,1.0004570225495646,0.0022055646908508016,0.00144692017567719,"[0.9380689922438382, 0.9391965111551444, 0.9368763455243571, 0.9326682980003372, 0.9372305538894357, 0.937894378406038, 0.9371681894168447]","[0.9366285394850147, 0.9375075869972292, 0.9368024140617229, 0.9358514114986533, 0.9375962598960285, 0.9339179526317734, 0.9377868859131444]"
c9g,1,codec/terminal/encode_gate144,neoverse-v2,neoverse-v3,1.2196292656158139,1.2192295497709178,1.0003278429767153,0.0006663378497213376,0.0004638237404376554,"[1.2200565849471734, 1.2196292656158139, 1.2198800847473845, 1.2190080139661215, 1.2196850919752693, 1.2183491234673298, 1.2179404129224298]","[1.218881645805104, 1.2187851317299736, 1.2203113268311374, 1.2192295497709178, 1.2194305832284802, 1.219653148201815, 1.2187432455220577]"
c9g,1,codec/terminal/native_encode_checked_exact,neoverse-v2,neoverse-v3,0.9135195904624828,0.9132577547466331,1.0002867051656434,0.0006187516818085676,0.0004142201338866339,"[0.9140566723640053, 0.9137927477263407, 0.9129244780209785, 0.9133890489664404, 0.9130236416528323, 0.9135195904624828, 0.9145122502088585]","[0.913273732746643, 0.9132577547466331, 0.9129025188854806, 0.9136173413225701, 0.91379412174058, 0.9128885422142772, 0.9128248586267821]"
c9g,1,codec/terminal/native_encode_admitted_exact,neoverse-v2,neoverse-v3,0.6090428664408463,0.6089901621328531,1.0000865437756967,0.0005231057044571357,0.0005337700903045856,"[0.608728885784226, 0.6090802207260184, 0.6090428664408463, 0.6095697382187466, 0.6085637126394201, 0.6089258394642526, 0.6090818972054809]","[0.6086343304963824, 0.6087848925483024, 0.6090331414291884, 0.6093811057676565, 0.6093322369044125, 0.6089901621328531, 0.6085415298266491]"
c9g,1,codec/terminal/native_encode_wide,neoverse-v2,neoverse-v3,19.49278136182741,17.335515964223646,1.1244419492362296,0.00027793326662055984,0.00032916457502950254,"[19.49278136182741, 19.487099274936835, 19.482745094766706, 19.485406935716004, 19.494859229832983, 19.49474401166912, 19.49652235881526]","[17.334357753364426, 17.335515964223646, 17.334667312667268, 17.35023398919779, 17.33462368072817, 17.340037556553135, 17.338149389555966]"
c9g,1,intersection_count/random/exact/inline/1,neoverse-v2,neoverse-v3,134.89231295378997,89.54262849714138,1.506459160489089,0.0004839306913354945,0.0003165148819296051,"[134.9076016274536, 134.84473695196547, 134.89231295378997, 134.86542210033494, 134.88455782946434, 134.9532846082451, 135.0385620747172]","[89.54262849714138, 89.51585122197096, 89.53474844023788, 89.5829419944697, 89.56851813372042, 89.57022840975982, 89.50973472073495]"
c9g,1,intersection_count/random/exact/inline/16,neoverse-v2,neoverse-v3,2155.159987685361,1423.3646094438059,1.5141306544972422,0.00029964096246570896,0.0014411513343861697,"[2155.159987685361, 2155.348273384979, 2154.770229360169, 2155.0869208271943, 2156.086074195671, 2156.598645389705, 2155.14862229973]","[1423.3646094438059, 1425.9623331752075, 1425.503505860049, 1423.370249305589, 1421.070388185097, 1420.685065374998, 1422.0115507079727]"
c9g,1,intersection_count/random/exact/compiled/1,neoverse-v2,neoverse-v3,135.53763070796967,90.50555946334816,1.4975613819928713,0.0020300389589381664,0.0004252075029517574,"[134.86117856694815, 135.14506936247045, 135.53763070796967, 135.50089256134504, 135.53974712369862, 135.5537723984634, 135.56420169634745]","[90.48810560936793, 90.5432130234887, 90.58399425231427, 90.55249062667401, 90.50038934527944, 90.47980889815373, 90.50555946334816]"
c9g,1,intersection_count/random/exact/compiled/16,neoverse-v2,neoverse-v3,2156.908388322586,1435.244021099001,1.5028164943484585,0.00033656452194389893,0.0017132897893587346,"[2156.7377718438033, 2156.869104167228, 2157.0464990885234, 2158.0787737180867, 2156.908388322586, 2155.6327830128025, 2157.253857806698]","[1431.8537751147867, 1430.2372100169182, 1434.0560079206168, 1435.3884023830342, 1436.2359468087202, 1435.244021099001, 1437.1033440876652]"
c9g,1,intersection_count/random/exact/cps/1,neoverse-v2,neoverse-v3,135.42816316596236,127.1245030934519,1.0653191152802874,0.00047539223143457473,0.0015150677096832752,"[135.46511680386274, 135.4769720776422, 135.29588216615252, 135.42816316596236, 135.38582428404504, 135.41027951366536, 135.47341952517576]","[126.72911408446556, 126.8178444326119, 127.12424964283308, 127.21419896779224, 127.1245030934519, 127.16626813567503, 127.16793065108016]"
c9g,1,intersection_count/random/exact/cps/16,neoverse-v2,neoverse-v3,2172.583382942867,2036.8214528338408,1.066653819813288,0.000356822150810897,0.0012538014412199823,"[2172.583382942867, 2171.685518312361, 2173.6519218325166, 2172.9689141969016, 2172.407894396313, 2173.944739226115, 2172.481635822422]","[2036.476902173926, 2036.8214528338408, 2036.7197447592523, 2035.53309394403, 2038.8993109472397, 2040.8528726708605, 2042.3829338121386]"
c9g,1,intersection_count/random/exact/materialized/1,neoverse-v2,neoverse-v3,133.2340297429073,124.41081153131351,1.0709200277933484,0.00021437099040007147,0.00044090717251097516,"[133.25575702456706, 133.2612217218953, 133.2340297429073, 133.24899151062877, 133.21234999413628, 133.21652655028595, 133.18115257738694]","[124.36341851733863, 124.41081153131351, 124.31683118460481, 124.44373486570679, 124.47891677342497, 124.437640420317, 124.38295776838225]"
c9g,1,intersection_count/random/exact/materialized/16,neoverse-v2,neoverse-v3,2122.8563262002544,1986.1165426851585,1.0688478146051936,0.00020667339694019858,0.0005641283671359665,"[2122.688673040916, 2122.8563262002544, 2123.0550159356667, 2123.540218546054, 2122.6127131076996, 2123.528835938725, 2122.430060201325]","[1985.562191521951, 1986.1276419884116, 1984.148683433714, 1987.372842130189, 1987.3970952886764, 1986.1165426851585, 1985.7257055142632]"
c9g,1,intersection_count/random/padded/inline/1,neoverse-v2,neoverse-v3,132.6487788168291,87.87884567100429,1.5094506283506715,0.00022264127871832987,0.00047309962520339377,"[132.69162757070544, 132.62793061861333, 132.68404095446928, 132.69412329277475, 132.62809005436498, 132.6487788168291, 132.64210145797193]","[87.8448550027207, 87.87884567100429, 87.9136952337102, 87.81246286144734, 87.87528246223583, 87.89347930702469, 87.93689479851086]"
c9g,1,intersection_count/random/padded/inline/16,neoverse-v2,neoverse-v3,2123.955172936925,1392.6887622907195,1.5250752576213837,0.00020638833966762316,0.001028256320481371,"[2123.9323422330385, 2123.955172936925, 2123.85881877028, 2124.670256877027, 2124.0484172734846, 2123.599438713563, 2124.786079085736]","[1394.0061121445713, 1392.7615100983203, 1392.0911340685566, 1392.8012058197992, 1392.121262955098, 1389.3493389582982, 1392.6887622907195]"
c9g,1,intersection_count/random/padded/compiled/1,neoverse-v2,neoverse-v3,133.0933330585412,87.22173119616,1.5259194151881352,0.0003099439861592329,0.0004725787087111657,"[133.06081479555579, 133.09805575284122, 133.04582075639033, 132.99679922128956, 133.0933330585412, 133.11425622717152, 133.1007508116863]","[87.18520544241652, 87.17713020104883, 87.20426742088164, 87.22173119616, 87.232600433606, 87.28910320732382, 87.26638314243952]"
c9g,1,intersection_count/random/padded/compiled/16,neoverse-v2,neoverse-v3,2124.3186763143126,1383.3948304247654,1.5355837896705526,0.00024594296497150567,0.0002190185512240371,"[2123.26122046243, 2125.00614785202, 2124.1739361432647, 2124.3477204878345, 2124.479481860032, 2124.1245762283224, 2124.3186763143126]","[1383.6039677313088, 1383.3948304247654, 1383.2005926901725, 1384.080111952612, 1383.68496871916, 1383.2934968718969, 1383.3349522555368]"
c9g,1,intersection_count/random/padded/cps/1,neoverse-v2,neoverse-v3,133.59092914188236,124.29477716238141,1.0747911713728426,0.0002413506386350233,0.0003928438082956652,"[133.62532387390507, 133.59578147768153, 133.5677105478997, 133.56176894473444, 133.59092914188236, 133.52417807292386, 133.59463328794706]","[124.29477716238141, 124.21794828185743, 124.28893982977807, 124.31916174306805, 124.35253377503999, 124.32166113301173, 124.23232495027099]"
c9g,1,intersection_count/random/padded/cps/16,neoverse-v2,neoverse-v3,2135.624157146134,1992.361436062973,1.0719059897918206,0.00023328225419655472,0.0004316481162064056,"[2134.9055240324947, 2135.6607974351436, 2136.1930485229173, 2134.8987303122135, 2135.2448538205035, 2135.624157146134, 2135.9332078064112]","[1990.8751631350215, 1992.452435754442, 1992.9568848919118, 1993.520893149474, 1992.361436062973, 1991.631350402199, 1992.186911230829]"
c9g,1,intersection_count/random/padded/materialized/1,neoverse-v2,neoverse-v3,131.00764851145425,122.0504663816814,1.0733891675740228,0.000375982989341058,0.0005380779494223428,"[131.0235161326576, 131.00342514872784, 131.10897180059823, 131.00764851145425, 130.94798201523773, 131.01570236595654, 130.98329518951317]","[122.0086716594418, 122.15147332395591, 122.1294261898069, 122.0420405307698, 122.0504663816814, 121.97792232159576, 122.11829499059976]"
c9g,1,intersection_count/random/padded/materialized/16,neoverse-v2,neoverse-v3,2092.5491603129744,1947.4197485120908,1.0745239499146337,0.000422040842725327,0.00028041957495501433,"[2090.823790302448, 2092.221208949993, 2092.5491603129744, 2092.9027258683177, 2093.035007724158, 2091.387775950541, 2093.1340509293823]","[1947.1852349303692, 1947.4197485120908, 1947.8033485399444, 1947.5851839844142, 1946.5553574323235, 1946.5486186694027, 1947.8574902160217]"
c9g,1,intersection_count/runs/exact/inline/1,neoverse-v2,neoverse-v3,140.2011976607883,95.93879183570516,1.4613608841445735,0.0004014643423381039,0.00038891804930899914,"[140.175683077443, 140.073935347694, 140.20813781448572, 140.1613134858736, 140.2428085245688, 140.2011976607883, 140.2283938453754]","[95.9737916354327, 95.99060087776967, 95.90649401182293, 95.88230211546033, 95.93879183570516, 95.9305863436332, 95.95075102568613]"
c9g,1,intersection_count/runs/exact/inline/16,neoverse-v2,neoverse-v3,2253.7350631249046,1537.4474228692038,1.4658940719539897,0.0002846053072971984,0.00041990724927042805,"[2254.7153081191127, 2253.6136918004454, 2254.2675101187306, 2254.2128018869807, 2252.922320208011, 2253.7350631249046, 2253.142198515035]","[1537.5428728371228, 1537.1346333425265, 1537.165925112109, 1538.6516890964156, 1538.5398883090727, 1537.4474228692038, 1537.2518172662953]"
c9g,1,intersection_count/runs/exact/compiled/1,neoverse-v2,neoverse-v3,142.83203920527006,98.63513853667521,1.4480847426615744,0.0003267046697211392,0.0004705877824578935,"[142.78596484058377, 142.81057200460765, 142.83203920527006, 142.89124045580465, 142.7735309943667, 142.88680125598617, 142.8560197388594]","[98.63910596914585, 98.63513853667521, 98.62223997026584, 98.68715036486927, 98.65160344024768, 98.54411342645682, 98.58608258093793]"
c9g,1,intersection_count/runs/exact/compiled/16,neoverse-v2,neoverse-v3,2284.5047339210782,1572.5425238640003,1.4527459189514746,0.00029983634197448274,0.00035860377717329575,"[2284.866525193126, 2284.9601425618293, 2283.7463271303295, 2284.5047339210782, 2283.492627054038, 2284.071036021391, 2285.3589073892776]","[1572.5425238640003, 1572.7000543855142, 1572.52656452189, 1571.9292425407702, 1572.4953397220331, 1573.5231326069295, 1573.4413855184632]"
c9g,1,intersection_count/runs/exact/cps/1,neoverse-v2,neoverse-v3,143.11736997959238,134.44257686057915,1.0645241509169319,0.00039932474762049465,9.943687205677238e-05,"[143.1241721092211, 143.0070561439925, 143.06725243402104, 143.02247430448904, 143.15464360420808, 143.12930865472907, 143.11736997959238]","[134.46376709612193, 134.43539137166022, 134.46038945253906, 134.44257686057915, 134.44265682373876, 134.42664660124277, 134.43814690190692]"
c9g,1,intersection_count/runs/exact/cps/16,neoverse-v2,neoverse-v3,2281.0656418891435,2139.9048856945906,1.0659659021007066,0.0003242783720728494,0.00047595532168187083,"[2281.452920887551, 2279.481328589609, 2280.2811439124703, 2280.9802829906694, 2281.0656418891435, 2281.4602536595416, 2281.3883110181437]","[2141.904987639157, 2139.8173152891045, 2138.9704105818214, 2140.702296301987, 2140.467212070283, 2139.0616764788424, 2139.9048856945906]"
c9g,1,intersection_count/runs/exact/materialized/1,neoverse-v2,neoverse-v3,140.73907432176065,132.71867139723986,1.0604316095096744,0.0002637005165694995,0.00021493807957612875,"[140.79544166993813, 140.73907432176065, 140.7358310622149, 140.81901606042655, 140.75796568011106, 140.7200036203786, 140.72863219928908]","[132.73207205756034, 132.71867139723986, 132.70674548850764, 132.72836780999359, 132.75475070539667, 132.68497790241034, 132.67190724538355]"
c9g,1,intersection_count/runs/exact/materialized/16,neoverse-v2,neoverse-v3,2247.037701014016,2118.1250252577315,1.0608616933462642,0.0001845460111210375,0.0003855424652111725,"[2247.449629411669, 2247.037701014016, 2246.4691087148676, 2247.2334037941305, 2246.275814090383, 2247.0637090947766, 2246.9353276429506]","[2118.1250252577315, 2119.556375025165, 2118.8066781167636, 2117.636517478253, 2119.0542028692603, 2117.848403717931, 2117.3340573853147]"
c9g,1,intersection_count/runs/padded/inline/1,neoverse-v2,neoverse-v3,132.67402018824433,87.93641949283156,1.508749400458131,0.00025309183982959274,0.0003875906152563853,"[132.7250575431231, 132.67402018824433, 132.69790097847888, 132.66002986874756, 132.65427871393928, 132.73081659137, 132.65022622577837]","[87.92219040674338, 87.93641949283156, 87.86998605442732, 87.97129283712309, 87.91121807714153, 87.96320587032139, 87.94038869749593]"
c9g,1,intersection_count/runs/padded/inline/16,neoverse-v2,neoverse-v3,2123.9930975197317,1396.4283815442259,1.5210182817760665,0.0003397584449299402,0.000190120391705089,"[2123.9930975197317, 2123.736492124224, 2125.19362342298, 2124.253192081056, 2122.9745644862364, 2123.9104447422033, 2124.7799044272456]","[1396.097944738984, 1395.9457856347829, 1396.1379201488403, 1396.4283815442259, 1396.5045109409814, 1396.692558193568, 1396.445611178482]"
c9g,1,intersection_count/runs/padded/compiled/1,neoverse-v2,neoverse-v3,133.05975156793832,87.25065065065125,1.525028759965415,0.00028134910557853855,0.00027690677074258504,"[133.04449874422136, 133.05975156793832, 133.0860048458358, 133.00475246207785, 133.08979510446858, 133.11802184898445, 133.0431836273498]","[87.25065065065125, 87.22488187670129, 87.28721156389189, 87.2410555633307, 87.26972775885237, 87.24271110488694, 87.28700721446626]"
c9g,1,intersection_count/runs/padded/compiled/16,neoverse-v2,neoverse-v3,2124.607434361837,1383.9437182459887,1.5351834083647318,0.00040600216578738635,0.0004815869663673205,"[2124.3853384884155, 2124.607434361837, 2124.818462082712, 2125.3893563793417, 2124.9477926868394, 2123.866070300548, 2122.762540115732]","[1383.2436574097023, 1382.9896742793867, 1383.39352833827, 1384.7624097732853, 1384.0295302455602, 1384.5395682270205, 1383.9437182459887]"
c9g,1,intersection_count/runs/padded/cps/1,neoverse-v2,neoverse-v3,133.578562803849,124.26370265715178,1.0749604264762436,0.0003397055912758363,0.0003411165186376061,"[133.64624892758872, 133.578562803849, 133.58562803851268, 133.5067983222629, 133.61988815098712, 133.5758444282081, 133.5489196402986]","[124.28861402120566, 124.26958802430147, 124.27662706558036, 124.24521869455681, 124.19691543968725, 124.26370265715178, 124.17710601066221]"
c9g,1,intersection_count/runs/padded/cps/16,neoverse-v2,neoverse-v3,2135.4124497786456,1991.8494090282948,1.072075248309252,0.00036028771199171454,0.00025860945737915417,"[2136.0703097187716, 2134.615343538585, 2136.9232314500478, 2134.877078777423, 2135.568300869684, 2135.325789553915, 2135.4124497786456]","[1991.8912991882694, 1992.1188351450023, 1990.7836426639387, 1991.8494090282948, 1991.2855888356385, 1992.2674562112795, 1991.5321593012072]"
c9g,1,intersection_count/runs/padded/materialized/1,neoverse-v2,neoverse-v3,131.00017775588384,122.04763878406344,1.0733528240366859,0.00030260751913641906,0.0001948577563450351,"[131.05327686725536, 131.02103444565023, 131.03160000561465, 131.00017775588384, 130.981123573082, 130.9781422639538, 130.93430984720845]","[122.07818851043454, 122.0210097537447, 122.07140582258347, 122.03629697818407, 122.07721851626339, 122.03032431544798, 122.04763878406344]"
c9g,1,intersection_count/runs/padded/materialized/16,neoverse-v2,neoverse-v3,2091.812397270415,1946.610027144296,1.0745924289412672,0.0002908986275845035,0.0003590221456967138,"[2092.0592967076614, 2091.642252328698, 2092.0004482741274, 2091.07448822043, 2092.9140309807376, 2091.812397270415, 2091.230487622544]","[1946.610027144296, 1945.297148690284, 1946.9978655778427, 1946.2984015033217, 1947.193791615447, 1946.1827019001164, 1947.287520590236]"
c9g,1,intersection_count/terminal/exact/inline/1,neoverse-v2,neoverse-v3,133.34512678490455,88.19823180257968,1.5118798195793806,0.0004601085821769963,0.000397812084621633,"[133.3693388256479, 133.25330142537464, 133.39849903450371, 133.4032995198005, 133.26705021850233, 133.29860511205374, 133.34512678490455]","[88.17288924843231, 88.17672530928986, 88.2542429078471, 88.19963570012351, 88.19823180257968, 88.14290375957226, 88.21275763041388]"
c9g,1,intersection_count/terminal/exact/inline/16,neoverse-v2,neoverse-v3,2130.389299220786,1396.5325754553762,1.5254848591885632,0.00038285147016985864,0.000770958333514968,"[2129.399045661084, 2131.7524810273253, 2130.7751973400364, 2129.5830351024247, 2130.0360415238774, 2130.389299220786, 2130.868600725882]","[1395.3666733147184, 1396.9594136417945, 1396.210610291219, 1394.82568807339, 1396.5325754553762, 1397.4557572132176, 1397.7943591278254]"
c9g,1,intersection_count/terminal/exact/compiled/1,neoverse-v2,neoverse-v3,133.52366276390873,87.94104755093578,1.5183315014137322,0.00028200755916887816,0.0004752725097334824,"[133.52366276390873, 133.4331532876835, 133.5339857340227, 133.5264381146101, 133.52511795636846, 133.468233593339, 133.50085468727644]","[87.94104755093578, 87.92742616828085, 87.90544918044128, 87.87555365948579, 87.95704773496008, 87.97507957221265, 87.99876825141335]"
c9g,1,intersection_count/terminal/exact/compiled/16,neoverse-v2,neoverse-v3,2142.8073218710747,1394.5402829437216,1.536568966905598,0.00043503488555249933,0.0003445986611155408,"[2142.2826814502114, 2144.281787292837, 2142.8073218710747, 2142.1672840611327, 2143.4942901668333, 2143.467976394257, 2141.5928518509713]","[1395.2829934909357, 1394.7912626195405, 1394.3385859457353, 1394.470725956441, 1395.2174216258413, 1393.941319075491, 1394.5402829437216]"
c9g,1,intersection_count/terminal/exact/cps/1,neoverse-v2,neoverse-v3,133.64177626340498,125.0254852124339,1.068916277639962,0.00034711107195765115,0.0003268427398284066,"[133.61836289526974, 133.6907190395892, 133.69464700824588, 133.64919116007914, 133.64177626340498, 133.55778906473256, 133.63343788809635]","[125.02821332044635, 125.0254852124339, 125.06475117387993, 125.03795336710354, 125.01897444617364, 124.9348550478222, 124.99787598370726]"
c9g,1,intersection_count/terminal/exact/cps/16,neoverse-v2,neoverse-v3,2127.3552361396387,1999.6502155634469,1.0638636795486796,0.0004326233073801013,0.00037813568382760943,"[2128.7725048798875, 2126.4383349810005, 2126.3835019139033, 2128.0014196263105, 2128.0635536289037, 2126.739067609706, 2127.3552361396387]","[1999.6502155634469, 2000.1684967724868, 1998.937641426235, 1999.9929257081212, 2000.2824952956532, 1998.1601838838824, 1999.5446966628406]"
c9g,1,intersection_count/terminal/exact/materialized/1,neoverse-v2,neoverse-v3,131.27604189456895,122.79328872416083,1.069081569999021,0.0002814344597472158,0.0006327275083464659,"[131.27252255068828, 131.3505951004171, 131.3318434985818, 131.26319128852634, 131.25671988397994, 131.31505785352002, 131.27604189456895]","[122.7648858603108, 122.85064609162418, 122.9267796967331, 122.69764287396808, 122.73872613646107, 122.79328872416083, 122.84607787046123]"
c9g,1,intersection_count/terminal/exact/materialized/16,neoverse-v2,neoverse-v3,2093.600758274797,1960.902640379789,1.0676719563543995,0.0002933450935437019,0.00022360257808110663,"[2092.5834227132104, 2093.5013594074153, 2093.545608740122, 2093.7905265520717, 2094.621660721926, 2093.600758274797, 2094.0074580329124]","[1959.98540658094, 1960.9894992867273, 1960.902640379789, 1960.3647653124995, 1960.5661732032831, 1961.2852498889827, 1960.9160410673924]"
c9g,1,intersection_count/terminal/padded/inline/1,neoverse-v2,neoverse-v3,132.60941977472433,87.90248957443579,1.5085968601882513,0.00027417179357105325,0.00036730973903176793,"[132.55851855362198, 132.60941977472433, 132.6068432775656, 132.61894696933626, 132.56210448161272, 132.65683774860767, 132.63754166468553]","[87.87046132074387, 87.90424810329755, 87.90248957443579, 87.87764721398865, 87.95606818067638, 87.9369305716102, 87.87873792058328]"
c9g,1,intersection_count/terminal/padded/inline/16,neoverse-v2,neoverse-v3,2122.502827997081,1394.5436149213733,1.522005339443436,0.00022820271551773035,0.00041752799113779765,"[2122.282648217343, 2122.351757398121, 2123.4960105040836, 2122.9024845974805, 2123.2223007775733, 2122.502827997081, 2122.3372134127176]","[1394.6924646286757, 1394.1348670569844, 1394.112027069645, 1394.2979482160079, 1394.980659821808, 1394.5436149213733, 1395.7605865082735]"
c9g,1,intersection_count/terminal/padded/compiled/1,neoverse-v2,neoverse-v3,133.02783613361416,87.1662852768292,1.5261386407730284,0.00044240897442548966,0.0007855185156801628,"[133.00974098448575, 133.02783613361416, 133.06672724767762, 133.05217513825, 132.96699970395278, 133.11963062465432, 132.94894888239128]","[87.12056939442681, 87.1662852768292, 87.12878580918309, 87.1646316064977, 87.20334328098112, 87.23931788176672, 87.3155861544529]"
c9g,1,intersection_count/terminal/padded/compiled/16,neoverse-v2,neoverse-v3,2123.55329268608,1383.3059338922958,1.5351291718317894,0.0002659890361687268,0.00036356663526334,"[2122.9585599715997, 2124.6834821767548, 2123.4160194297924, 2123.5567080730443, 2123.178434993863, 2123.55329268608, 2123.9382447440207]","[1382.827533391482, 1383.0217559577093, 1382.7193629671285, 1383.532996261459, 1383.3059338922958, 1384.0947479371746, 1383.7437869530686]"
c9g,1,intersection_count/terminal/padded/cps/1,neoverse-v2,neoverse-v3,133.51470892038208,124.31932729647622,1.0739658251365594,0.000273801920297682,0.00043884226413922747,"[133.51470892038208, 133.50543479988255, 133.53526422343378, 133.51322944708838, 133.5797374133535, 133.53591894202503, 133.45933752650177]","[124.33206646057546, 124.26575660675334, 124.27566599481335, 124.20239474415683, 124.31932729647622, 124.33809100205855, 124.36093608695639]"
c9g,1,intersection_count/terminal/padded/cps/16,neoverse-v2,neoverse-v3,2134.924768077233,1991.785849817368,1.0718646124898366,0.00034348804863215774,0.0002515168338803581,"[2135.4418350488754, 2134.5023001652526, 2135.9834286441105, 2136.258762231542, 2134.895412377661, 2134.924768077233, 2134.3170161391677]","[1991.5600066410682, 1991.8875527726243, 1992.01351928281, 1991.785849817368, 1993.0235994496857, 1991.590768938805, 1991.7561785493901]"
c9g,1,intersection_count/terminal/padded/materialized/1,neoverse-v2,neoverse-v3,131.01873192992954,122.04153180818167,1.0735585664055558,0.0003563872693129631,0.00011031794368904896,"[131.1151374497877, 131.01873192992954, 131.05160735773924, 131.01454826761565, 130.99728538608588, 131.08654570459458, 130.99292825104877]","[122.05404182709786, 122.04123942285727, 122.03015787352776, 122.04153180818167, 122.04593940786529, 122.060160099144, 122.02064007657437]"
c9g,1,intersection_count/terminal/padded/materialized/16,neoverse-v2,neoverse-v3,2090.7064108307222,1946.0194206256751,1.0743502293304596,0.0005144158510089691,0.0005412675759551152,"[2090.7064108307222, 2090.524637897559, 2091.0180677916087, 2090.3527201233533, 2092.1232392612646, 2091.0088348015674, 2088.5505699069736]","[1945.74910776376, 1947.8700579374417, 1946.0194206256751, 1945.631796060244, 1947.1136037079118, 1944.961228273546, 1947.2746002317315]"
c9g,2,codec/random/read_exact,neoverse-v2,neoverse-v3,72.61822914809402,72.58551079635171,1.0004507559619453,0.0005208283020853322,0.000964155775492008,"[72.58243307533813, 72.61822914809402, 72.58923534676275, 72.660563959703, 72.67098871680513, 72.5806396622609, 72.64071465162817]","[72.67283824883751, 72.73656396945022, 72.65600697763087, 72.56354553478633, 72.57780110618431, 72.54528757483803, 72.58551079635171]"
c9g,2,codec/random/read_padded,neoverse-v2,neoverse-v3,70.60973114855346,70.59241964420457,1.0002452317746884,0.00022482569396285872,0.00037035412368873963,"[70.60973114855346, 70.6255270836008, 70.60480960376741, 70.62080861022794, 70.6403940928037, 70.59182058556726, 70.60746463662396]","[70.57088831508528, 70.592973793196, 70.60407857011118, 70.59241964420457, 70.53899330997132, 70.5466625308094, 70.59881457386693]"
c9g,2,codec/random/encode_checked_exact,neoverse-v2,neoverse-v3,26.04274232606808,27.017049567765554,0.9639373189417421,0.0003218385995136401,0.0003450896617424925,"[26.04031231622311, 26.043906382177585, 26.062992304554644, 26.04274232606808, 26.04129556617956, 26.051052263851467, 26.039846010319646]","[27.018542425578918, 27.0086125423201, 27.00397548935778, 27.028414124672278, 27.006744862756126, 27.017049567765554, 27.024782596955355]"
c9g,2,codec/random/prepare_write,neoverse-v2,neoverse-v3,33.516275739572215,33.90493593937087,0.9885367664314817,0.000611100871220384,0.0004787967982726159,"[33.516275739572215, 33.53102086160236, 33.49356246141505, 33.55197750355593, 33.51187236893906, 33.51182804372462, 33.54429766098646]","[33.87701335855918, 33.90025735636851, 33.90568092895271, 33.92423867593642, 33.886302321292334, 33.91579842018616, 33.90493593937087]"
c9g,2,codec/random/estimate_bytes,neoverse-v2,neoverse-v3,4.562691287145991,4.564162572196508,0.9996776440305875,0.00035831981395518744,0.0005660659621574458,"[4.563574348324796, 4.562401278925929, 4.565467033550527, 4.562691287145991, 4.564932970838442, 4.561233369815668, 4.5614527092411565]","[4.568578302112907, 4.561470195765668, 4.564162572196508, 4.564281628399789, 4.560809273538188, 4.56318838706992, 4.5653214547374965]"
c9g,2,codec/random/enum_bits,neoverse-v2,neoverse-v3,0.9369123220879976,0.9378234500439664,0.9990284653727457,0.00220678471071461,0.0016931873747934492,"[0.936524679643135, 0.9375363449754593, 0.9375643709603507, 0.9368487741462198, 0.9369123220879976, 0.9320310346219107, 0.9382783566998968]","[0.9386805617332385, 0.9378234500439664, 0.9383178945464984, 0.9359054884681745, 0.9369552562671236, 0.9356736816131874, 0.9401306042471909]"
c9g,2,codec/random/encode_gate144,neoverse-v2,neoverse-v3,1.827418714764484,1.6580419162748772,1.1021547144418071,0.00023104826970610595,0.008689588229255066,"[1.8266739301856547, 1.827532810440827, 1.8272926421939326, 1.8278061922890616, 1.8267958945293363, 1.827418714764484, 1.8276146489284257]","[1.659978977441282, 1.6571840909739408, 1.6580419162748772, 1.6882700450031434, 1.6561505959627922, 1.6725868484103337, 1.642702202848892]"
c9g,2,codec/random/native_encode_checked_exact,neoverse-v2,neoverse-v3,25.152686941355984,25.915494532057,0.9705655784512452,0.0004968693885255773,0.0005592184114615433,"[25.140636042614478, 25.152686941355984, 25.13882640141636, 25.150971630288257, 25.16156175958327, 25.172334859385238, 25.16526159691619]","[25.92380999302537, 25.925269548107565, 25.908973954331923, 25.915494532057, 25.919497223304393, 25.89983079630453, 25.885097911820257]"
c9g,2,codec/random/native_encode_admitted_exact,neoverse-v2,neoverse-v3,23.14745141354416,23.02857696809305,1.0051620404341883,0.00042798839866492407,0.0005783041329205202,"[23.14745141354416, 23.161239417138713, 23.151943898721825, 23.15873080548681, 23.13502508611644, 23.142665449435718, 23.1387365208925]","[22.99637755971092, 23.029749030720556, 23.034726189191673, 23.031717986396274, 23.016265107421653, 23.018152456867757, 23.02857696809305]"
c9g,2,codec/random/native_encode_wide,neoverse-v2,neoverse-v3,19.46953072667709,17.337452333842137,1.1229752994719533,0.0005718362523551052,0.0005580212842178444,"[19.490811683021565, 19.48311835049909, 19.468950233566645, 19.46541435510019, 19.4771384126752, 19.46953072667709, 19.45810469115491]","[17.356226722049442, 17.337452333842137, 17.336787212652542, 17.346750191015886, 17.339178757103294, 17.333158997220327, 17.326173572256355]"
c9g,2,codec/runs/read_exact,neoverse-v2,neoverse-v3,75.7446047820883,75.71301671151159,1.0004172079247229,0.0009359152096466403,0.0011348837451290272,"[75.73820475764191, 75.60109989466575, 75.7446047820883, 75.8036807555286, 75.72399096932413, 75.81530703220818, 75.76984447967502]","[75.6199342471371, 75.71301671151159, 75.7752014434349, 75.74904953220499, 75.7120484884666, 75.85924086638431, 75.6155678039315]"
c9g,2,codec/runs/read_padded,neoverse-v2,neoverse-v3,66.52836504845189,66.55234682233136,0.9996396554738559,0.00034498434671846275,0.0005738642399806526,"[66.51263219021982, 66.48687400993144, 66.54169843445729, 66.5568608551028, 66.53854838645965, 66.52836504845189, 66.51656994773596]","[66.57687095113987, 66.51102495394554, 66.60463852980534, 66.5341605055658, 66.55234682233136, 66.56394076778587, 66.49435489051173]"
c9g,2,codec/runs/encode_checked_exact,neoverse-v2,neoverse-v3,21.378109348936146,21.593876587454307,0.99000794333318,0.0003276803855448361,0.00045773991376078067,"[21.39269419405008, 21.377215002427278, 21.383084103684066, 21.3713833034284, 21.378549270732364, 21.373664077853842, 21.378109348936146]","[21.601758826276406, 21.60173979636965, 21.60829482777427, 21.588534069704984, 21.593876587454307, 21.587708840368904, 21.580051103014522]"
c9g,2,codec/runs/prepare_write,neoverse-v2,neoverse-v3,31.146481364235715,31.749511677890222,0.9810066271326483,0.0006550883898683145,0.0012732411818504,"[31.11701667729286, 31.147903585338184, 31.165215857895316, 31.146481364235715, 31.117733159608925, 31.119587715181343, 31.15802362020675]","[31.705894769695245, 31.709436094448556, 31.708756853660383, 31.759309028926992, 31.749511677890222, 31.786895929907825, 31.806091455512806]"
c9g,2,codec/runs/estimate_bytes,neoverse-v2,neoverse-v3,4.4302063483542735,4.409864509604641,1.004612803569209,0.00043896036658242567,0.0014605602701987974,"[4.431062276149378, 4.429486875870386, 4.429564639592248, 4.4302063483542735, 4.433111055182579, 4.426741700579841, 4.4309805083334775]","[4.410411039131571, 4.411455013726159, 4.410617644370263, 4.395449812973574, 4.399578879433722, 4.409789547105567, 4.409864509604641]"
c9g,2,codec/runs/enum_bits,neoverse-v2,neoverse-v3,0.93720024545433,0.9364433610748463,1.0008082543066086,0.0008810210956898609,0.0013207362693502557,"[0.9383276687101436, 0.93720024545433, 0.9365466680456207, 0.936951058494812, 0.9380920589955246, 0.9359611437947399, 0.9372276002641518]","[0.934386003706665, 0.9368080941040934, 0.9364433610748463, 0.9372997725676963, 0.9361669790408735, 0.9359230595151775, 0.9383787141652817]"
c9g,2,codec/runs/encode_gate144,neoverse-v2,neoverse-v3,21.640828077385653,21.4657597958187,1.0081556992732703,0.0008270856304814298,0.00041006529049560314,"[21.632068093741555, 21.665325705109552, 21.6095236969319, 21.640828077385653, 21.63374119022176, 21.64487717647113, 21.655020356006922]","[21.460979726317483, 21.469520952403375, 21.456707962682692, 21.467475711647356, 21.4657597958187, 21.450310416869577, 21.477017696868252]"
c9g,2,codec/runs/native_encode_checked_exact,neoverse-v2,neoverse-v3,20.47127491238331,20.61435096179785,0.993059395870397,0.0010806156199968007,0.0005935443702397077,"[20.447319893465796, 20.47127491238331, 20.452951088697453, 20.491359386426065, 20.486481952049576, 20.488461246860492, 20.43694137442751]","[20.61435096179785, 20.618499239923654, 20.602208636701544, 20.61963027624766, 20.611223560492537, 20.59061612774366, 20.62743737100999]"
c9g,2,codec/runs/native_encode_admitted_exact,neoverse-v2,neoverse-v3,18.62237337072382,18.677342132908265,0.9970569280257713,0.00018938034572679214,0.0005200480582804688,"[18.619271308207207, 18.6244178917555, 18.620903996046636, 18.62237337072382, 18.629661220601676, 18.62003750433555, 18.623899993765047]","[18.676838228426636, 18.682756771132976, 18.689547473317127, 18.677342132908265, 18.6673407630705, 18.686393511595828, 18.662987526474243]"
c9g,2,codec/runs/native_encode_wide,neoverse-v2,neoverse-v3,19.484954628273247,17.351078601977832,1.1229823272227109,0.0005488339536915321,0.0003267254427899892,"[19.493432694603147, 19.484954628273247, 19.470661797751067, 19.487699831765678, 19.469999394440496, 19.470642540492005, 19.492705791075316]","[17.351451466835936, 17.351078601977832, 17.340249821520406, 17.35920808875055, 17.3495460344533, 17.352722719099848, 17.348273129602624]"
c9g,2,codec/terminal/read_exact,neoverse-v2,neoverse-v3,2.526602571440987,2.5050897106993992,1.008587660812986,0.015550156563712824,0.012852233883824307,"[2.5559026050322786, 2.526602571440987, 2.5385124057982202, 2.5294475045547427, 2.457623134874412, 2.465940203294487, 2.4799675061289026]","[2.4791046656564335, 2.5050897106993992, 2.4649391361953414, 2.4838869104427697, 2.54985177427917, 2.5318787150822692, 2.533230771418115]"
c9g,2,codec/terminal/read_padded,neoverse-v2,neoverse-v3,2.4975186665971023,2.4944102345329195,1.0012461591205606,0.011931589687397165,0.008883782397740755,"[2.4753412654518563, 2.5218623372555826, 2.46800890413248, 2.4975186665971023, 2.4481357155885504, 2.521825065643221, 2.5189944171757546]","[2.5370561271521956, 2.4904499904022814, 2.4944102345329195, 2.4734699682586463, 2.520089826970354, 2.5193314353230467, 2.490780330516313]"
c9g,2,codec/terminal/encode_checked_exact,neoverse-v2,neoverse-v3,1.2178443858041248,1.217799980936079,1.0000364631866816,0.0004739157070357547,0.0004980100706203488,"[1.2178708619542549, 1.2175280639579193, 1.2179864667434084, 1.2187969037287727, 1.2168613753582982, 1.2178443858041248, 1.217710772593036]","[1.2180425668032162, 1.2171150317533819, 1.2179674638059435, 1.2183931440029285, 1.217799980936079, 1.2173334618551148, 1.2166505256529068]"
c9g,2,codec/terminal/prepare_write,neoverse-v2,neoverse-v3,9.79004112764304,9.739192125849197,1.005221069790674,0.004112380710059823,0.0019844776221422033,"[9.836068242544728, 9.79004112764304, 9.749929410733596, 9.75616573788711, 9.836225793824926, 9.825278427022903, 9.751178517370116]","[9.763413527683442, 9.723297273451873, 9.725360766002291, 9.76661031843046, 9.739192125849197, 9.755519739309477, 9.722974620398926]"
c9g,2,codec/terminal/estimate_bytes,neoverse-v2,neoverse-v3,1.2180670112499854,1.217558848651129,1.0004173618379262,0.0004657434304975831,0.00038239634910641187,"[1.2181891160231135, 1.2174425792788797, 1.218323580340625, 1.217581920840517, 1.2180670112499854, 1.2184032516427232, 1.216849393509627]","[1.217558848651129, 1.2170898491865472, 1.2173486675169876, 1.2179837498109587, 1.2182109119101807, 1.217692477680447, 1.2169148770902167]"
c9g,2,codec/terminal/enum_bits,neoverse-v2,neoverse-v3,0.9371163981369798,0.9349710029814452,1.0022946114357487,0.004039837719454471,0.0035891563552130565,"[0.9344939209764893, 0.9371163981369798, 0.9371350519219406, 0.9292650033422619, 0.93042394351283, 0.9381599521189138, 0.9385358119651124]","[0.9386078817747159, 0.9341022985866573, 0.9369701935129864, 0.9288264583610829, 0.9349710029814452, 0.9328339191407236, 0.9376805556920604]"
c9g,2,codec/terminal/encode_gate144,neoverse-v2,neoverse-v3,1.2187205716339888,1.2191298551907734,0.9996642822296231,0.00043692583973834446,0.0005228353364950498,"[1.2187205716339888, 1.218829053807874, 1.2190491968545647, 1.2188666176111467, 1.2177278450778404, 1.2178145843701915, 1.2182809677271744]","[1.2192613412058289, 1.218930006317701, 1.2195379422643178, 1.2179954962085084, 1.218059359600274, 1.219467184529117, 1.2191298551907734]"
c9g,2,codec/terminal/native_encode_checked_exact,neoverse-v2,neoverse-v3,0.9137681201771773,0.9135703003538254,1.0002165348668575,0.0006040728332401775,0.00045667777200962827,"[0.9128467702246306, 0.9134509942552749, 0.9143489336148479, 0.9134248736494546, 0.913866866950791, 0.9144182511725285, 0.9137681201771773]","[0.9135703003538254, 0.9137906328826848, 0.9134328249472591, 0.9139691019049343, 0.9132167222635856, 0.9137317412587469, 0.9127274737907384]"
c9g,2,codec/terminal/native_encode_admitted_exact,neoverse-v2,neoverse-v3,0.6096495226711092,0.6092090163977293,1.0007230790443395,0.0009188819899685738,0.0007849858557037326,"[0.6102183679899512, 0.6098998784369635, 0.6096495226711092, 0.610027029109989, 0.609251446994382, 0.609289430456511, 0.6085910482589922]","[0.6085235072578595, 0.6082622237752718, 0.6093235133632114, 0.6093747152628884, 0.6095496345324688, 0.6092090163977293, 0.6088919171860034]"
c9g,2,codec/terminal/native_encode_wide,neoverse-v2,neoverse-v3,19.48499088587646,17.349568865162706,1.1230821375049616,0.0005763817657518557,0.00017256859072734362,"[19.49731543639735, 19.492248527152146, 19.474011228488763, 19.48499088587646, 19.46932429681557, 19.49332602006078, 19.47352424440278]","[17.352135697311986, 17.352746365789336, 17.349301749350257, 17.352893455084004, 17.345166515617585, 17.349568865162706, 17.346917126131387]"
c9g,2,intersection_count/random/exact/inline/1,neoverse-v2,neoverse-v3,134.87417080295037,89.63418930104811,1.5047179190739137,0.00031217927385523633,0.0009292642801059148,"[134.87417080295037, 134.85560931430467, 134.83260938335667, 134.86127619668542, 134.91861464076106, 134.9120115746345, 134.95215185767444]","[89.57786589838864, 89.58447815271879, 89.65347103248949, 89.59972173563439, 89.63418930104811, 89.68457311765164, 89.81781276936368]"
c9g,2,intersection_count/random/exact/inline/16,neoverse-v2,neoverse-v3,2163.217380158882,1427.148537655196,1.5157619007990903,0.0019244692626435998,0.0015134277142577306,"[2154.3906434247806, 2155.515329402716, 2162.759138682399, 2163.3837990258567, 2163.799256600879, 2163.9116124069983, 2163.217380158882]","[1424.0706531863805, 1422.4218699724138, 1427.148537655196, 1427.9591356331312, 1427.8539687378031, 1427.0095513895442, 1427.5478331555503]"
c9g,2,intersection_count/random/exact/compiled/1,neoverse-v2,neoverse-v3,135.46210068385244,90.40107729441813,1.4984567080177553,0.002078217864056475,0.001361750314175577,"[134.93383471923298, 134.9069926477687, 135.0884643785922, 135.48797637011666, 135.46210068385244, 135.51127716955182, 135.50196648151794]","[90.37110757110887, 90.36605930181649, 90.40107729441813, 90.35531220750491, 90.58843841854873, 90.60344536032098, 90.61408043841443]"
c9g,2,intersection_count/random/exact/compiled/16,neoverse-v2,neoverse-v3,2164.8871742200763,1435.3513379752887,1.508262901871728,0.0018146836764844573,0.001101286579365037,"[2156.241134933905, 2159.4395172679606, 2166.0676595198315, 2166.1568365643707, 2164.4863268712907, 2166.129387597889, 2164.8871742200763]","[1431.6995528705363, 1434.0565055635195, 1435.3513379752887, 1435.4468905727595, 1435.8397160215397, 1435.0919004710195, 1436.5178681138598]"
c9g,2,intersection_count/random/exact/cps/1,neoverse-v2,neoverse-v3,135.72698719497572,126.78800789335232,1.0705033500419252,0.0014108009975342954,0.0003301819479638767,"[135.37309172908195, 135.34653458967634, 135.68128533461834, 135.7477023435596, 135.820620117581, 135.72698719497572, 135.73573487959868]","[126.76926117471022, 126.71065995208701, 126.73853260836611, 126.78800789335232, 126.8077608940942, 126.81200327079331, 126.82497480523149]"
c9g,2,intersection_count/random/exact/cps/16,neoverse-v2,neoverse-v3,2174.915758689461,2038.0645819170745,1.0671476154321173,0.00038793043429602214,0.00022907008108486221,"[2175.977872098172, 2174.5358057920457, 2174.1011672145232, 2173.8453893733745, 2175.1145733585695, 2174.915758689461, 2175.988431377611]","[2038.0645819170745, 2037.9035884237867, 2037.9568806448322, 2038.0751918034643, 2038.6416431971056, 2037.4684374088922, 2038.8512916383218]"
c9g,2,intersection_count/random/exact/materialized/1,neoverse-v2,neoverse-v3,133.17922755492432,124.32575128329289,1.071211926573905,0.0007155235110182042,0.0003458656203215763,"[133.02736463181608, 133.2222884735884, 133.17922755492432, 133.02674458249697, 133.10042737414116, 133.2464989414717, 133.23012868798426]","[124.31768952534208, 124.32575128329289, 124.30691682545768, 124.39435543691268, 124.37499981492599, 124.298526378752, 124.40010600952937]"
c9g,2,intersection_count/random/exact/materialized/16,neoverse-v2,neoverse-v3,2125.047270154923,1985.350721893495,1.0703636625614414,0.0007486723364569154,0.0005871009066142068,"[2123.262878653871, 2126.988428791588, 2124.2402667946435, 2126.3700007579287, 2125.047270154923, 2126.3245243930132, 2122.9969429777398]","[1986.548591715953, 1986.1946508875278, 1985.350721893495, 1986.4978224852716, 1983.859242603506, 1985.2373017751013, 1983.784994082791]"
c9g,2,intersection_count/random/padded/inline/1,neoverse-v2,neoverse-v3,132.64075838511167,87.91226896702906,1.5087855192869353,0.0003371099779737402,0.0002586576412288661,"[132.67748743496713, 132.64075838511167, 132.6174309870201, 132.63697624639929, 132.59546427489144, 132.657913762184, 132.73307824417603]","[87.92676449683948, 87.93419753823291, 87.91226896702906, 87.91201146411373, 87.89858153578612, 87.95912088924422, 87.89269560538952]"
c9g,2,intersection_count/random/padded/inline/16,neoverse-v2,neoverse-v3,2123.480603612558,1393.0771422383268,1.5243094149119805,0.001452420090649281,0.001463920421535618,"[2131.4012397428573, 2123.480603612558, 2124.2075807230826, 2123.3364834997506, 2123.2748012093157, 2124.622538932425, 2122.12471102307]","[1396.0922207967528, 1395.2888751895332, 1396.116813009182, 1393.0771422383268, 1391.982205634888, 1391.9494660024523, 1391.5808660590872]"
c9g,2,intersection_count/random/padded/compiled/1,neoverse-v2,neoverse-v3,133.05955647312717,87.16813779084754,1.5264701053083427,0.0004122161833246042,0.00026598679449459973,"[133.05955647312717, 133.14145236289443, 133.0229869589109, 133.14727232714284, 133.02848711010913, 133.10409123221513, 133.02535389214017]","[87.19465131496275, 87.17843548674139, 87.16813779084754, 87.16986048853596, 87.15504591259698, 87.12859064396389, 87.1369908757377]"
c9g,2,intersection_count/random/padded/compiled/16,neoverse-v2,neoverse-v3,2122.915511451169,1383.2454089875596,1.5347352665388545,0.00024544944926932445,0.0005397123498045612,"[2122.726308612955, 2122.7425447566793, 2122.999116228595, 2122.006312653136, 2122.915511451169, 2123.619700527709, 2123.399085927852]","[1383.2454089875596, 1383.6597540469745, 1381.88236457751, 1383.462117965124, 1381.9154989944323, 1383.4469684481633, 1383.1336091787275]"
c9g,2,intersection_count/random/padded/cps/1,neoverse-v2,neoverse-v3,133.5325833912006,124.1864401266772,1.0752589675248747,0.0004739750546164865,0.0006212029109366969,"[133.65087804885442, 133.50198079432084, 133.49945097116967, 133.53048262097232, 133.6425337640817, 133.5325833912006, 133.5789751355919]","[124.16584661239759, 124.15095257385902, 124.21604191738818, 124.3045249845479, 124.07959602470501, 124.1864401266772, 124.27950051598047]"
c9g,2,intersection_count/random/padded/cps/16,neoverse-v2,neoverse-v3,2135.282393040623,1993.0305229455194,1.0713746570648943,0.00040630624458153715,0.0003030727411223386,"[2134.4298468739003, 2135.6154041817736, 2136.1433840362256, 2134.4695273947736, 2133.822480541196, 2135.9057841989684, 2135.282393040623]","[1992.1818569903949, 1993.287869085743, 1992.9268587690867, 1992.7633345191516, 1993.0305229455194, 1993.4882248310082, 1994.106581287804]"
c9g,2,intersection_count/random/padded/materialized/1,neoverse-v2,neoverse-v3,130.96457028383972,122.07658201810263,1.072806660530675,0.00029291408148192393,0.0002816522591098646,"[130.96457028383972, 130.98881371826906, 130.94387542896632, 131.03975717621603, 130.93574858983752, 131.01778807285072, 130.9639347173549]","[122.1131453126409, 122.12966508359521, 122.04493075332151, 122.04392479753935, 122.10727820637221, 122.07658201810263, 122.06295800425045]"
c9g,2,intersection_count/random/padded/materialized/16,neoverse-v2,neoverse-v3,2090.145585854803,1947.951164137626,1.0729969130309935,0.0005166845314853418,0.0005604029103625411,"[2091.5460341178436, 2089.7705889677677, 2092.066542149202, 2090.145585854803, 2089.353106711473, 2089.322873863822, 2090.848287884452]","[1948.6096142708302, 1948.1213714815478, 1947.574331055282, 1948.8175605235847, 1947.951164137626, 1947.1113170393414, 1945.585497509557]"
c9g,2,intersection_count/runs/exact/inline/1,neoverse-v2,neoverse-v3,140.1432969848176,95.95789440005154,1.4604665708957274,0.00033291420064921536,0.0003252582692806425,"[140.1432969848176, 140.23703812424154, 140.09716194713914, 140.11327693698786, 140.15027870159565, 140.18203333744538, 140.13325305304477]","[95.95854915766859, 95.95789440005154, 95.95538278181675, 95.98763273696763, 95.93295990438388, 95.9218861590189, 96.01365620997275]"
c9g,2,intersection_count/runs/exact/inline/16,neoverse-v2,neoverse-v3,2252.647328735845,1538.1066200687535,1.4645586328957816,0.0002595755763102405,0.00045485325912620163,"[2252.78106635895, 2252.647328735845, 2251.408511551722, 2252.229210829933, 2251.9402957039733, 2252.8443931628212, 2253.05202994615]","[1537.6723816146182, 1538.1298031178972, 1538.4051635804265, 1536.443734904536, 1538.472132767297, 1538.1066200687535, 1537.5476835248405]"
c9g,2,intersection_count/runs/exact/compiled/1,neoverse-v2,neoverse-v3,142.81090376289762,98.5523555874988,1.449086659690283,0.00034186258064164643,0.0005919740154110504,"[142.88995663952718, 142.80084985160863, 142.78587449288108, 142.74350273640837, 142.86393695373687, 142.8274906744341, 142.81090376289762]","[98.5048034749911, 98.55572230618183, 98.50465668746166, 98.5523555874988, 98.52889424369886, 98.56942873817981, 98.67532125917973]"
c9g,2,intersection_count/runs/exact/compiled/16,neoverse-v2,neoverse-v3,2283.1864637129975,1572.9298692541051,1.451550071202921,0.0005561635282855937,0.0005090083233088336,"[2283.7088882848557, 2283.1864637129975, 2280.6453927697844, 2282.947322642064, 2282.6633324273002, 2283.7472410981068, 2284.7243544441444]","[1572.6723860187908, 1571.9272843067047, 1572.407222867424, 1573.8830966920214, 1572.9298692541051, 1573.9080470534743, 1573.8190162214414]"
c9g,2,intersection_count/runs/exact/cps/1,neoverse-v2,neoverse-v3,143.1328877223543,134.40824773926062,1.0649114926341325,0.00034175706234968465,0.00037096687777496846,"[143.0392584181014, 143.16199069792785, 143.17364208779662, 143.1328877223543, 143.07740337540244, 143.11458276669006, 143.15486624871085]","[134.41643662093585, 134.42694941765765, 134.3419497855249, 134.41426944619855, 134.29330750849658, 134.40824773926062, 134.35895610951465]"
c9g,2,intersection_count/runs/exact/cps/16,neoverse-v2,neoverse-v3,2281.2692349489193,2140.901137000927,1.065564960250629,0.0002285372684121127,0.00048260759951287687,"[2281.373071071502, 2281.482856987618, 2280.7979243642612, 2280.689904368647, 2281.774587046309, 2280.283633992616, 2281.2692349489193]","[2141.693494110994, 2139.891959414729, 2139.521057461867, 2141.1054402692257, 2140.901137000927, 2142.05557538369, 2139.543899454501]"
c9g,2,intersection_count/runs/exact/materialized/1,neoverse-v2,neoverse-v3,140.77653537575586,132.70344010990382,1.0608356140516475,0.00029803724918664264,0.000294950709000549,"[140.81761851324796, 140.76392292634412, 140.7852612650719, 140.7969360420188, 140.77653537575586, 140.7661287211301, 140.6849068282353]","[132.68448875771398, 132.69336686864807, 132.70344010990382, 132.79854782181494, 132.7055742711776, 132.6909876740272, 132.72006759758474]"
c9g,2,intersection_count/runs/exact/materialized/16,neoverse-v2,neoverse-v3,2246.5661815847757,2118.3943754253432,1.0605042232203328,0.0003527298741502764,0.00035012013547024027,"[2246.5661815847757, 2246.610026215803, 2247.5995131344935, 2246.4122304852185, 2245.9734364132987, 2247.952811513638, 2245.8321919640066]","[2118.3943754253432, 2119.0188241816577, 2118.729934732687, 2117.9825870019486, 2117.470352543832, 2119.5653302421942, 2117.7562684272293]"
c9g,2,intersection_count/runs/padded/inline/1,neoverse-v2,neoverse-v3,132.6590269781958,87.91517374694729,1.5089434658917702,0.00022623078873649664,0.000473398553586481,"[132.6301724260476, 132.6590269781958, 132.6678622929107, 132.63735408069195, 132.7187435342211, 132.67728673392304, 132.6450411519782]","[87.93806809138317, 87.91552559709945, 87.93681776676024, 87.86902692491435, 87.85990290611579, 87.83136115742514, 87.91517374694729]"
c9g,2,intersection_count/runs/padded/inline/16,neoverse-v2,neoverse-v3,2122.3245614034995,1392.6349438183645,1.5239633120108649,0.0006105584698031128,0.00030832474189120126,"[2122.4641791798954, 2122.3245614034995, 2121.9539410485377, 2123.374210020811, 2120.2050154204135, 2121.515319278054, 2124.2412659892448]","[1392.8703589982154, 1392.6349438183645, 1392.1877479212299, 1392.9784401918685, 1392.2065359910412, 1392.0018754875882, 1393.0641317156158]"
c9g,2,intersection_count/runs/padded/compiled/1,neoverse-v2,neoverse-v3,133.02397209757788,87.23223360791634,1.5249405706551338,0.000403390825969155,0.00027076631371069417,"[133.09418652049982, 132.98266884277461, 133.0978757555793, 133.00689154187805, 133.10855328375322, 133.02397209757788, 132.9975669447046]","[87.25545883711426, 87.22770377997641, 87.26348464591604, 87.23223360791634, 87.2450798844069, 87.21901468976199, 87.19365429648857]"
c9g,2,intersection_count/runs/padded/compiled/16,neoverse-v2,neoverse-v3,2123.603632316514,1382.9031216006765,1.5356127259720802,0.0006909905554163992,0.00034740640369989944,"[2124.324277836782, 2124.9626650477703, 2121.7308645722674, 2123.603632316514, 2125.02602822895, 2121.8260484646703, 2122.104391156882]","[1383.968965289848, 1383.593450242297, 1382.9031216006765, 1382.8840689587514, 1382.702393117269, 1382.9680588060553, 1382.7444704486074]"
c9g,2,intersection_count/runs/padded/cps/1,neoverse-v2,neoverse-v3,133.45963153917924,124.28350394982338,1.0738322246937977,0.0004268336331592686,0.0003695177837101947,"[133.43252239782205, 133.54416386759584, 133.46249674589268, 133.57546525877015, 133.45963153917924, 133.4319938029074, 133.44887709295674]","[124.28350394982338, 124.27255983904934, 124.31072369004463, 124.37633805733873, 124.26250628716767, 124.23037220036092, 124.30103405426424]"
c9g,2,intersection_count/runs/padded/cps/16,neoverse-v2,neoverse-v3,2140.6474577998956,1992.8289046389084,1.0741752354238214,0.0004459972268108947,0.0004559393868985582,"[2141.6460043857405, 2139.8242133715053, 2141.0464327603195, 2140.6474577998956, 2139.200290682865, 2141.0184609109706, 2139.2660258044966]","[1992.8853201223026, 1993.1520847654476, 1991.8615924336934, 1992.8289046389084, 1993.1081375779947, 1991.853604190967, 1990.6969445564464]"
c9g,2,intersection_count/runs/padded/materialized/1,neoverse-v2,neoverse-v3,130.93001876933636,122.05142860459637,1.0727446640014637,0.00021024117016781022,0.000255668061562675,"[130.93001876933636, 130.9778977102627, 130.9472323032038, 130.9316213334275, 130.89947495759608, 130.90031988925674, 130.91799642072922]","[122.02948478529474, 122.05958045123467, 122.07944495472069, 122.06223292109625, 121.98670717922344, 122.05142860459637, 122.02150851242622]"
c9g,2,intersection_count/runs/padded/materialized/16,neoverse-v2,neoverse-v3,2090.720231875339,1947.355620492066,1.073620149229367,0.00044166458798124706,0.0003571155250320401,"[2089.6714186196477, 2090.720231875339, 2089.095661043982, 2090.745011693328, 2091.4054087673585, 2090.4124247399336, 2091.737846444729]","[1946.1949256707917, 1947.5038845985318, 1947.254017950178, 1946.0490039194801, 1947.355620492066, 1947.698184095201, 1947.7064635079325]"
c9g,2,intersection_count/terminal/exact/inline/1,neoverse-v2,neoverse-v3,133.3087788590483,88.11857001388971,1.512834114739214,0.0005159805519391547,0.0004982744130438767,"[133.19483055351304, 133.34368015734375, 133.30767010080274, 133.3087788590483, 133.3884175212322, 133.3219475441476, 133.21616502889938]","[88.13517394897943, 88.14087119257229, 88.11857001388971, 88.16904375264781, 88.03474993391262, 88.08199478006247, 88.10643386749484]"
c9g,2,intersection_count/terminal/exact/inline/16,neoverse-v2,neoverse-v3,2130.390666565281,1396.534438054733,1.5254838037025098,0.00043119423316818233,0.0008845103533539012,"[2131.865800207794, 2129.5238276202467, 2129.181576347195, 2130.8164981886284, 2130.390666565281, 2130.3491424082, 2131.1174786551815]","[1395.2310939734007, 1394.5671807997712, 1394.171575308278, 1396.9865704882473, 1396.534438054733, 1396.942608782383, 1397.0265930923806]"
c9g,2,intersection_count/terminal/exact/compiled/1,neoverse-v2,neoverse-v3,133.58375218687215,87.93939834905092,1.5190432808813257,0.0005854388904395576,0.0003720224695640987,"[133.49165415133496, 133.45042022943758, 133.50364664530974, 133.6045572747135, 133.58375218687215, 133.59379355891426, 133.6747992519319]","[87.94101580289211, 87.90764181511146, 87.92042859910194, 87.93414712025407, 87.93939834905092, 87.98046073879405, 87.99986285666635]"
c9g,2,intersection_count/terminal/exact/compiled/16,neoverse-v2,neoverse-v3,2142.3978289120773,1394.4585372327301,1.5363653860684987,0.0006856586814600438,0.0003961095103177491,"[2141.5339551003203, 2140.9686058659986, 2144.235354075927, 2142.3978289120773, 2140.604489972738, 2144.132482226078, 2143.149402441195]","[1394.4895244099666, 1394.4585372327301, 1394.831428429166, 1394.180166879573, 1394.738118540924, 1393.2641540733073, 1393.8300350015643]"
c9g,2,intersection_count/terminal/exact/cps/1,neoverse-v2,neoverse-v3,133.6488570277802,125.01914687420036,1.069027108001812,0.0005372319070909576,0.00042294689042609305,"[133.65549723550438, 133.6363614654538, 133.6053939946877, 133.63482996706196, 133.6488570277802, 133.80825226102442, 133.73961183998432]","[125.0184327056425, 125.01914687420036, 124.9523475123384, 124.99536163170391, 125.0911332766718, 125.08108571513283, 125.08576284832036]"
c9g,2,intersection_count/terminal/exact/cps/16,neoverse-v2,neoverse-v3,2129.4401398638047,2001.082970160253,1.064143851912983,0.0005190016431926326,0.00034854676954673664,"[2127.254820482997, 2129.2016114728854, 2129.4401398638047, 2130.7843261458825, 2129.409177287434, 2129.534066435311, 2130.2674132821394]","[2000.285061084388, 2001.390726584246, 2001.118525398261, 1999.9656354932422, 2001.5996284918226, 2001.082970160253, 1999.9080755399789]"
c9g,2,intersection_count/terminal/exact/materialized/1,neoverse-v2,neoverse-v3,131.30958374243502,122.82345839973442,1.0690920566255522,0.0002859949737167694,0.00029838817615011356,"[131.30058911451462, 131.25545024733287, 131.2757596888027, 131.36895485331203, 131.30958374243502, 131.3178982620543, 131.33628932902118]","[122.77794605477992, 122.8284569583926, 122.7684698645189, 122.82345839973442, 122.85680065905848, 122.86588469074438, 122.80984259515968]"
c9g,2,intersection_count/terminal/exact/materialized/16,neoverse-v2,neoverse-v3,2093.882247325595,1962.681768239968,1.0668475558334047,0.0005305589727988959,0.00036184082375927915,"[2094.3542056307656, 2091.907333981751, 2093.747063664229, 2094.7341712176462, 2095.455325303624, 2093.57200568567, 2093.882247325595]","[1962.968464361684, 1963.2112583865007, 1962.0490918016699, 1962.681768239968, 1961.7425485659521, 1963.8542674802225, 1962.5477943754688]"
c9g,2,intersection_count/terminal/padded/inline/1,neoverse-v2,neoverse-v3,132.63250991685874,87.9248180880283,1.5084763642509913,0.00053678776829074,0.00038727747999748853,"[132.63066003383744, 132.63250991685874, 132.6423248811627, 132.71372941788215, 132.54679603736702, 132.67407778355238, 132.50784107119003]","[87.9248180880283, 87.88423555115469, 87.9677089240963, 87.9185722866006, 87.93205271209419, 87.96003377692455, 87.87847735962548]"
c9g,2,intersection_count/terminal/padded/inline/16,neoverse-v2,neoverse-v3,2122.5675832933885,1395.4714271450332,1.521039802037299,0.0004144908568967211,0.0006313104271295142,"[2123.9268132256916, 2122.163424321308, 2122.5675832933885, 2122.743428875013, 2124.1730628146634, 2122.1021528496935, 2122.0627387486284]","[1395.4714271450332, 1394.212740464578, 1396.436264394542, 1395.569077414659, 1395.6096152565597, 1394.1884277441402, 1394.3037509152423]"
c9g,2,intersection_count/terminal/padded/compiled/1,neoverse-v2,neoverse-v3,133.01764282931325,87.23013264967472,1.5249047409285268,0.0003702085279041725,0.0005983557161674535,"[132.99842101427805, 133.038581415168, 133.08235431996712, 132.97728287758835, 133.01764282931325, 132.92828680841492, 133.0337098403858]","[87.18482728555705, 87.17273519887019, 87.1796821805225, 87.27570476625897, 87.25423378726052, 87.30630968197288, 87.23013264967472]"
c9g,2,intersection_count/terminal/padded/compiled/16,neoverse-v2,neoverse-v3,2123.089269931119,1383.4457746131295,1.5346385878585125,0.0006807772199668631,0.00034235156218327597,"[2123.2293744791423, 2120.836511023014, 2125.0755069573756, 2123.028081517321, 2122.091138665042, 2123.089269931119, 2124.6761534381412]","[1383.0862837315383, 1383.4457746131295, 1383.6994129350978, 1383.3487691371242, 1384.4289355544884, 1383.0497936229176, 1383.737284372868]"
c9g,2,intersection_count/terminal/padded/cps/1,neoverse-v2,neoverse-v3,133.44089969871675,124.29554942354893,1.0735774556497124,0.0006277317130028877,0.00022921245039074766,"[133.5390807025697, 133.41675229856406, 133.44089969871675, 133.41708741441678, 133.59146359863846, 133.43470879067544, 133.6053796417941]","[124.30716142517633, 124.27921949111341, 124.3521542305953, 124.31047152662201, 124.27812846035184, 124.26722999580224, 124.29554942354893]"
c9g,2,intersection_count/terminal/padded/cps/16,neoverse-v2,neoverse-v3,2134.170311784854,1992.1236176372986,1.0713041564739973,0.00021093926136553053,0.00043682430356989556,"[2133.9654391943004, 2134.170311784854, 2134.448705559146, 2134.4028533645373, 2134.2049488834737, 2133.1083363002535, 2134.0497177151565]","[1993.432270159985, 1991.9935924819747, 1990.9773838341755, 1992.7106886893982, 1992.1236176372986, 1991.100455645739, 1992.4544354265229]"
c9g,2,intersection_count/terminal/padded/materialized/1,neoverse-v2,neoverse-v3,131.00692861188895,122.11011085766037,1.0728589769654644,0.00021881482576652098,0.0002697146046112746,"[131.0460424986103, 130.99004714264902, 130.97019760588157, 131.01648198170992, 131.00692861188895, 131.0389531554039, 130.98143319272853]","[122.12444825432064, 122.0615020268176, 122.09434669533678, 122.11011085766037, 122.10720792712165, 122.17088206662908, 122.11183983030044]"
c9g,2,intersection_count/terminal/padded/materialized/16,neoverse-v2,neoverse-v3,2092.3782397609093,1947.1491252495632,1.0745855120329997,0.00021979161932577442,0.0005147840743207737,"[2092.71890949839, 2092.186530561417, 2092.318560936166, 2092.9126602763636, 2092.1360886344382, 2092.3782397609093, 2093.403610108328]","[1946.9793957956479, 1948.0806301915384, 1947.1491252495632, 1945.386816093614, 1947.4699522018443, 1946.2663696691718, 1948.2336303308853]"
