case,repetition,cpu_ns,real_ns,logical_values,selected_values,write_records
ordinary/k7/local/read/bound,0,947.6801121461519,947.6858551154825,8192.0,,
ordinary/k7/local/read/bound,1,946.2314823188929,946.236976575602,8192.0,,
ordinary/k7/local/read/bound,2,955.6485936510805,958.4001537482387,8192.0,,
ordinary/k7/local/read/concrete,0,950.1854313680855,950.1907352599932,8192.0,,
ordinary/k7/local/read/concrete,1,949.6202139767815,949.6252902342595,8192.0,,
ordinary/k7/local/read/concrete,2,958.1515365353974,958.1570908263441,8192.0,,
ordinary/k12/striped/read/bound,0,169.87534340101126,169.87629029356148,8192.0,,
ordinary/k12/striped/read/bound,1,170.49834192174524,170.49929287826023,8192.0,,
ordinary/k12/striped/read/bound,2,171.26573142383398,171.26672708348238,8192.0,,
ordinary/k12/striped/read/concrete,0,169.66185366324527,169.6627586152444,8192.0,,
ordinary/k12/striped/read/concrete,1,170.53261848836837,170.5335274621925,8192.0,,
ordinary/k12/striped/read/concrete,2,168.92663052221764,168.92761189223611,8192.0,,
ordinary/k28/local/read/bound,0,1336.5040704488592,1336.511514459008,8192.0,,
ordinary/k28/local/read/bound,1,1341.6476923564248,1341.6554848101136,8192.0,,
ordinary/k28/local/read/bound,2,1340.293832557257,1340.301625011913,8192.0,,
ordinary/k28/local/read/concrete,0,1332.6449775302233,1332.7267865061758,8192.0,,
ordinary/k28/local/read/concrete,1,1332.5826318121428,1332.5900689918908,8192.0,,
ordinary/k28/local/read/concrete,2,1338.8881258307485,1338.895246535106,8192.0,,
ordinary/k64/local/read/bound,0,644.2100700284392,644.2134950004496,8192.0,,
ordinary/k64/local/read/bound,1,647.5195865569867,647.5233479090855,8192.0,,
ordinary/k64/local/read/bound,2,646.4916363413956,646.4952447935174,8192.0,,
ordinary/k64/local/read/concrete,0,654.7558152115125,654.8639588263535,8192.0,,
ordinary/k64/local/read/concrete,1,650.3528075300227,650.4205653705488,8192.0,,
ordinary/k64/local/read/concrete,2,648.3526684286167,648.3564396223674,8192.0,,
ordinary/k7/local/point/bound,0,9193.404730617644,9193.455978975224,8192.0,,
ordinary/k7/local/point/bound,1,9192.476127901873,9192.527376257362,8192.0,,
ordinary/k7/local/point/bound,2,9198.860271572488,9198.913710028028,8192.0,,
ordinary/k7/local/point/concrete,0,5092.397207510818,5092.426937888556,8192.0,,
ordinary/k7/local/point/concrete,1,5090.10664419837,5090.135050554277,8192.0,,
ordinary/k7/local/point/concrete,2,5066.055127587879,5066.083413575004,8192.0,,
ordinary/k12/striped/point/bound,0,11031.750600801086,11031.812016031916,8192.0,,
ordinary/k12/striped/point/bound,1,11071.721228304417,11071.7829105553,8192.0,,
ordinary/k12/striped/point/bound,2,11090.164485981293,11090.645393848507,8192.0,,
ordinary/k12/striped/point/concrete,0,7350.617385233027,7351.513527662621,8192.0,,
ordinary/k12/striped/point/concrete,1,7393.731192180104,7393.774131603497,8192.0,,
ordinary/k12/striped/point/concrete,2,7393.743410717373,7393.786350140535,8192.0,,
ordinary/k28/local/point/bound,0,11083.432489451412,11083.494198309198,8192.0,,
ordinary/k28/local/point/bound,1,11075.020042194095,11075.082014774349,8192.0,,
ordinary/k28/local/point/bound,2,10995.431434599182,10995.495253169513,8192.0,,
ordinary/k28/local/point/concrete,0,7372.35991531405,7372.401199715496,8192.0,,
ordinary/k28/local/point/concrete,1,7368.912491178507,7368.953599145848,8192.0,,
ordinary/k28/local/point/concrete,2,7360.735003528567,7361.234827096658,8192.0,,
ordinary/k64/local/point/bound,0,12838.036924015887,12838.10833078917,8192.0,,
ordinary/k64/local/point/bound,1,12884.58223985353,12884.654256949103,8192.0,,
ordinary/k64/local/point/bound,2,12936.034787915854,12936.10711016617,8192.0,,
ordinary/k64/local/point/concrete,0,3858.8156993427833,3858.8372674251646,8192.0,,
ordinary/k64/local/point/concrete,1,3849.0471165416766,3866.253725816991,8192.0,,
ordinary/k64/local/point/concrete,2,3855.4916226973837,3855.5140238826543,8192.0,,
ordinary/k7/local/maintained-write/bound,0,1707.8357347540111,1707.845663317272,8192.0,,
ordinary/k7/local/maintained-write/bound,1,1710.0430237720439,1710.0525487354096,8192.0,,
ordinary/k7/local/maintained-write/bound,2,1724.3607781410215,1724.3703434652439,8192.0,,
ordinary/k7/local/maintained-write/concrete,0,1701.7537098020193,1701.8758385174933,8192.0,,
ordinary/k7/local/maintained-write/concrete,1,1694.9171037118333,1694.9269829657667,8192.0,,
ordinary/k7/local/maintained-write/concrete,2,1695.6395495385564,1695.6493881352264,8192.0,,
ordinary/k12/striped/maintained-write/bound,0,824.4967671146975,824.50156745897,8192.0,,
ordinary/k12/striped/maintained-write/bound,1,818.7802421724961,818.7846114658552,8192.0,,
ordinary/k12/striped/maintained-write/bound,2,826.3118852619621,826.3164896745764,8192.0,,
ordinary/k12/striped/maintained-write/concrete,0,831.0070286278398,831.0116683115763,8192.0,,
ordinary/k12/striped/maintained-write/concrete,1,817.9302270483666,817.9331885490262,8192.0,,
ordinary/k12/striped/maintained-write/concrete,2,814.8271668311978,814.831905231985,8192.0,,
ordinary/k28/local/maintained-write/bound,0,2429.4606113537047,2429.4683551659336,8192.0,,
ordinary/k28/local/maintained-write/bound,1,2445.1741484715994,2445.2675400298413,8192.0,,
ordinary/k28/local/maintained-write/bound,2,2424.321746724906,2424.335254732105,8192.0,,
ordinary/k28/local/maintained-write/concrete,0,2436.0822528362887,2436.0963764744643,8192.0,,
ordinary/k28/local/maintained-write/concrete,1,2433.1735355406313,2433.1877170649714,8192.0,,
ordinary/k28/local/maintained-write/concrete,2,2436.724125955093,2436.8037161381903,8192.0,,
ordinary/k64/local/maintained-write/bound,0,1250.3936537203363,1254.460595967255,8192.0,,
ordinary/k64/local/maintained-write/bound,1,1249.6825670612038,1249.689525961019,8192.0,,
ordinary/k64/local/maintained-write/bound,2,1251.5376791768329,1251.5446380775722,8192.0,,
ordinary/k64/local/maintained-write/concrete,0,1245.137824785953,1245.1444316049894,8192.0,,
ordinary/k64/local/maintained-write/concrete,1,1259.0965543803463,1259.1039018754918,8192.0,,
ordinary/k64/local/maintained-write/concrete,2,1262.0669570112357,1262.0737119662913,8192.0,,
overwrite-all/local/k1/ikea2,0,78.87187760297671,78.87728145339909,8192.0,8192.0,0.0
overwrite-all/local/k1/ikea2,1,78.95667706447175,78.95711704392986,8192.0,8192.0,0.0
overwrite-all/local/k1/ikea2,2,78.86621803803006,78.86667682000102,8192.0,8192.0,0.0
overwrite-all/local/k1/ikea,0,80.4746389701808,80.47508655149767,8192.0,8192.0,0.0
overwrite-all/local/k1/ikea,1,80.365899657619,80.36636636631877,8192.0,8192.0,0.0
overwrite-all/local/k1/ikea,2,80.37272814215545,80.37317763624128,8192.0,8192.0,0.0
overwrite-all/local/k1/prior,0,419.49748312092834,419.4998302106826,8192.0,8192.0,0.0
overwrite-all/local/k1/prior,1,415.88336462786043,415.8857816307683,8192.0,8192.0,0.0
overwrite-all/local/k1/prior,2,415.10053533618054,415.10295233918157,8192.0,8192.0,0.0
overwrite-all/striped/k1/ikea2,0,44.540369627105775,44.54061782711992,8192.0,8192.0,0.0
overwrite-all/striped/k1/ikea2,1,44.55958921836066,44.559849085886746,8192.0,8192.0,0.0
overwrite-all/striped/k1/ikea2,2,44.41397854024459,44.414237347108426,8192.0,8192.0,0.0
overwrite-all/striped/k1/ikea,0,45.44542695168973,45.44568061413795,8192.0,8192.0,0.0
overwrite-all/striped/k1/ikea,1,45.71970730591083,45.71996096835425,8192.0,8192.0,0.0
overwrite-all/striped/k1/ikea,2,45.883280729857404,45.88354734526389,8192.0,8192.0,0.0
overwrite-all/striped/k1/prior,0,47.16578974936049,47.166052205035534,8192.0,8192.0,0.0
overwrite-all/striped/k1/prior,1,47.03425778552757,47.0345202411646,8192.0,8192.0,0.0
overwrite-all/striped/k1/prior,2,46.915015054592295,47.031602815563744,8192.0,8192.0,0.0
overwrite-all/local/k2/ikea2,0,330.5053276274997,330.50717286308986,8192.0,8192.0,0.0
overwrite-all/local/k2/ikea2,1,328.6644890267393,328.6663264104571,8192.0,8192.0,0.0
overwrite-all/local/k2/ikea2,2,329.26156020572506,329.2633975890801,8192.0,8192.0,0.0
overwrite-all/local/k2/ikea,0,410.17462540936623,410.1769149771697,8192.0,8192.0,0.0
overwrite-all/local/k2/ikea,1,410.5971906910285,410.59956720418285,8192.0,8192.0,0.0
overwrite-all/local/k2/ikea,2,407.14524745683605,407.1590138433127,8192.0,8192.0,0.0
overwrite-all/local/k2/prior,0,386.334073842872,386.3362311122392,8192.0,8192.0,0.0
overwrite-all/local/k2/prior,1,388.1955679585788,388.1978262064471,8192.0,8192.0,0.0
overwrite-all/local/k2/prior,2,388.7418712247839,388.7440284942571,8192.0,8192.0,0.0
overwrite-all/striped/k2/ikea2,0,45.21076773703918,45.21103107494718,8192.0,8192.0,0.0
overwrite-all/striped/k2/ikea2,1,44.9653603607943,44.96561085294601,8192.0,8192.0,0.0
overwrite-all/striped/k2/ikea2,2,45.005171485428676,45.00543268238269,8192.0,8192.0,0.0
overwrite-all/striped/k2/ikea,0,44.56919428459708,44.56934728468907,8192.0,8192.0,0.0
overwrite-all/striped/k2/ikea,1,44.47901986450962,44.47926848964034,8192.0,8192.0,0.0
overwrite-all/striped/k2/ikea,2,45.042463896231965,45.044394459711654,8192.0,8192.0,0.0
overwrite-all/striped/k2/prior,0,44.910035424713996,44.910286076349415,8192.0,8192.0,0.0
overwrite-all/striped/k2/prior,1,44.6276166471423,44.62786514723647,8192.0,8192.0,0.0
overwrite-all/striped/k2/prior,2,45.280505003889644,45.2806609888338,8192.0,8192.0,0.0
overwrite-all/local/k3/ikea2,0,511.03340375928315,511.03636650654,8192.0,8192.0,0.0
overwrite-all/local/k3/ikea2,1,506.76630725144497,506.76913643220166,8192.0,8192.0,0.0
overwrite-all/local/k3/ikea2,2,507.8234251299268,507.8263757348197,8192.0,8192.0,0.0
overwrite-all/local/k3/ikea,0,520.6744746385793,521.942843658353,8192.0,8192.0,0.0
overwrite-all/local/k3/ikea,1,518.663197376918,518.666091211835,8192.0,8192.0,0.0
overwrite-all/local/k3/ikea,2,521.7382507824516,521.7413930147487,8192.0,8192.0,0.0
overwrite-all/local/k3/prior,0,1288.0296396506988,1288.0368343374753,8192.0,8192.0,0.0
overwrite-all/local/k3/prior,1,1279.83784282377,1279.8449760160424,8192.0,8192.0,0.0
overwrite-all/local/k3/prior,2,1282.8383962612377,1282.8458676668224,8192.0,8192.0,0.0
overwrite-all/striped/k3/ikea2,0,50.43396928614718,50.440245844875214,8192.0,8192.0,0.0
overwrite-all/striped/k3/ikea2,1,49.84106484899739,49.84136760767301,8192.0,8192.0,0.0
overwrite-all/striped/k3/ikea2,2,50.10296906954978,50.103247894734054,8192.0,8192.0,0.0
overwrite-all/striped/k3/ikea,0,50.51104193061876,50.51131221720765,8192.0,8192.0,0.0
overwrite-all/striped/k3/ikea,1,50.58247481146225,50.58889894416116,8192.0,8192.0,0.0
overwrite-all/striped/k3/ikea,2,50.72185339366609,50.72213695326508,8192.0,8192.0,0.0
overwrite-all/striped/k3/prior,0,49.62144447046415,49.621733052298524,8192.0,8192.0,0.0
overwrite-all/striped/k3/prior,1,49.40135349621689,49.40162906828382,8192.0,8192.0,0.0
overwrite-all/striped/k3/prior,2,49.72978093798591,49.730070702542356,8192.0,8192.0,0.0
overwrite-all/local/k4/ikea2,0,422.1990846681937,422.2000162004617,8192.0,8192.0,0.0
overwrite-all/local/k4/ikea2,1,423.5934569976303,423.59570482532575,8192.0,8192.0,0.0
overwrite-all/local/k4/ikea2,2,426.0149247686398,426.0173042260461,8192.0,8192.0,0.0
overwrite-all/local/k4/ikea,0,391.8468544977698,391.84913161575764,8192.0,8192.0,0.0
overwrite-all/local/k4/ikea,1,392.6561645497566,392.65845099968107,8192.0,8192.0,0.0
overwrite-all/local/k4/ikea,2,389.60454676957704,389.6068145546168,8192.0,8192.0,0.0
overwrite-all/local/k4/prior,0,362.5185376699949,362.5206491198638,8192.0,8192.0,0.0
overwrite-all/local/k4/prior,1,363.17119120257865,363.17321647116376,8192.0,8192.0,0.0
overwrite-all/local/k4/prior,2,363.4356826447422,364.09113708035085,8192.0,8192.0,0.0
overwrite-all/striped/k4/ikea2,0,43.46491885117934,43.465160641140024,8192.0,8192.0,0.0
overwrite-all/striped/k4/ikea2,1,43.39228823830864,43.39253105715547,8192.0,8192.0,0.0
overwrite-all/striped/k4/ikea2,2,42.8444333781245,42.84467208138741,8192.0,8192.0,0.0
overwrite-all/striped/k4/ikea,0,42.70875015751614,42.708998117953335,8192.0,8192.0,0.0
overwrite-all/striped/k4/ikea,1,43.08128020747374,43.08152105430065,8192.0,8192.0,0.0
overwrite-all/striped/k4/ikea,2,43.13438946859278,43.13609267214763,8192.0,8192.0,0.0
overwrite-all/striped/k4/prior,0,41.1821297977756,41.18236949547166,8192.0,8192.0,0.0
overwrite-all/striped/k4/prior,1,41.01598872335829,41.01622743467997,8192.0,8192.0,0.0
overwrite-all/striped/k4/prior,2,41.581823221477585,41.582056014307625,8192.0,8192.0,0.0
overwrite-all/local/k5/ikea2,0,511.4969298084308,511.49990807781677,8192.0,8192.0,0.0
overwrite-all/local/k5/ikea2,1,518.334938902575,518.3379539410955,8192.0,8192.0,0.0
overwrite-all/local/k5/ikea2,2,512.2927283646518,512.2958291967597,8192.0,8192.0,0.0
overwrite-all/local/k5/ikea,0,590.6640146793115,590.6673203261328,8192.0,8192.0,0.0
overwrite-all/local/k5/ikea,1,593.1976104099905,593.2010421191286,8192.0,8192.0,0.0
overwrite-all/local/k5/ikea,2,591.9068536131113,591.9300351575473,8192.0,8192.0,0.0
overwrite-all/local/k5/prior,0,1288.4748179331866,1288.4823157048663,8192.0,8192.0,0.0
overwrite-all/local/k5/prior,1,1281.58454967274,1281.5917094314643,8192.0,8192.0,0.0
overwrite-all/local/k5/prior,2,1283.3591248501932,1283.36659189305,8192.0,8192.0,0.0
overwrite-all/striped/k5/ikea2,0,68.09266352888483,68.09305940203703,8192.0,8192.0,0.0
overwrite-all/striped/k5/ikea2,1,68.55802543647343,68.55840833021193,8192.0,8192.0,0.0
overwrite-all/striped/k5/ikea2,2,68.01738434905704,68.01777859981982,8192.0,8192.0,0.0
overwrite-all/striped/k5/ikea,0,62.93731837879126,62.94324721468668,8192.0,8192.0,0.0
overwrite-all/striped/k5/ikea,1,62.63954056769202,62.768857866912676,8192.0,8192.0,0.0
overwrite-all/striped/k5/ikea,2,62.54348562774555,62.54383350079536,8192.0,8192.0,0.0
overwrite-all/striped/k5/prior,0,56.75902126026923,56.759336912534856,8192.0,8192.0,0.0
overwrite-all/striped/k5/prior,1,57.04523215408177,57.045534200675164,8192.0,8192.0,0.0
overwrite-all/striped/k5/prior,2,56.77507598784258,56.77540524587229,8192.0,8192.0,0.0
overwrite-all/local/k6/ikea2,0,519.8302332700664,519.8332578218707,8192.0,8192.0,0.0
overwrite-all/local/k6/ikea2,1,519.8728586297706,519.927423009137,8192.0,8192.0,0.0
overwrite-all/local/k6/ikea2,2,518.3178350578594,518.3310230823367,8192.0,8192.0,0.0
overwrite-all/local/k6/ikea,0,592.6321905540818,592.6356315843816,8192.0,8192.0,0.0
overwrite-all/local/k6/ikea,1,594.6925778110048,594.6958919177163,8192.0,8192.0,0.0
overwrite-all/local/k6/ikea,2,595.3979889717849,595.4014582069133,8192.0,8192.0,0.0
overwrite-all/local/k6/prior,0,1290.5492070388939,1290.5564073132377,8192.0,8192.0,0.0
overwrite-all/local/k6/prior,1,1289.0399428943851,1289.0471121322394,8192.0,8192.0,0.0
overwrite-all/local/k6/prior,2,1284.413146705567,1284.420315942539,8192.0,8192.0,0.0
overwrite-all/striped/k6/ikea2,0,57.670766274255044,57.67108656323877,8192.0,8192.0,0.0
overwrite-all/striped/k6/ikea2,1,57.91226005817381,57.91259684270299,8192.0,8192.0,0.0
overwrite-all/striped/k6/ikea2,2,58.51121423897692,58.511555147411364,8192.0,8192.0,0.0
overwrite-all/striped/k6/ikea,0,58.81117635678743,58.81151918109757,8192.0,8192.0,0.0
overwrite-all/striped/k6/ikea,1,58.57492631411147,58.57526629345822,8192.0,8192.0,0.0
overwrite-all/striped/k6/ikea,2,58.411123155007914,58.41146313428895,8192.0,8192.0,0.0
overwrite-all/striped/k6/prior,0,58.31165836587488,58.31198354670952,8192.0,8192.0,0.0
overwrite-all/striped/k6/prior,1,58.231939795091975,58.23226497590411,8192.0,8192.0,0.0
overwrite-all/striped/k6/prior,2,58.662051257506356,58.7681263672244,8192.0,8192.0,0.0
overwrite-all/local/k7/ikea2,0,525.8174653727497,525.8205003311346,8192.0,8192.0,0.0
overwrite-all/local/k7/ikea2,1,526.2985499643856,526.301609902141,8192.0,8192.0,0.0
overwrite-all/local/k7/ikea2,2,525.176239899075,525.1791749412869,8192.0,8192.0,0.0
overwrite-all/local/k7/ikea,0,594.8883994126234,594.8917174968873,8192.0,8192.0,0.0
overwrite-all/local/k7/ikea,1,594.4927708121706,594.4960888963843,8192.0,8192.0,0.0
overwrite-all/local/k7/ikea,2,597.6662713204485,597.6698859149465,8192.0,8192.0,0.0
overwrite-all/local/k7/prior,0,1298.3564178734973,1298.4072905061705,8192.0,8192.0,0.0
overwrite-all/local/k7/prior,1,1299.8262780047285,1299.8335190001703,8192.0,8192.0,0.0
overwrite-all/local/k7/prior,2,1295.5989912117498,1295.606479762383,8192.0,8192.0,0.0
overwrite-all/striped/k7/ikea2,0,80.69865149030687,80.69912221466731,8192.0,8192.0,0.0
overwrite-all/striped/k7/ikea2,1,80.8002430790012,80.80069451135186,8192.0,8192.0,0.0
overwrite-all/striped/k7/ikea2,2,81.40624481527753,81.40671553968936,8192.0,8192.0,0.0
overwrite-all/striped/k7/ikea,0,75.84198609846423,75.84240904788571,8192.0,8192.0,0.0
overwrite-all/striped/k7/ikea,1,75.64424374844738,75.6446828959361,8192.0,8192.0,0.0
overwrite-all/striped/k7/ikea,2,75.21092757306424,75.21408259576398,8192.0,8192.0,0.0
overwrite-all/striped/k7/prior,0,73.05443832903629,73.05486290796048,8192.0,8192.0,0.0
overwrite-all/striped/k7/prior,1,73.66323929373684,73.66366735274242,8192.0,8192.0,0.0
overwrite-all/striped/k7/prior,2,73.52928811683647,73.52969877511983,8192.0,8192.0,0.0
overwrite-all/local/k8/ikea2,0,62.82799063870447,62.82835678143577,8192.0,8192.0,0.0
overwrite-all/local/k8/ikea2,1,62.964690392712626,62.9650550409466,8192.0,8192.0,0.0
overwrite-all/local/k8/ikea2,2,62.99891203309335,63.00305915966917,8192.0,8192.0,0.0
overwrite-all/local/k8/ikea,0,49.49631294548742,49.575445768220874,8192.0,8192.0,0.0
overwrite-all/local/k8/ikea,1,49.540496020444394,49.54079562692917,8192.0,8192.0,0.0
overwrite-all/local/k8/ikea,2,49.1710089870104,49.17130740927342,8192.0,8192.0,0.0
overwrite-all/local/k9/ikea2,0,316.90227288157513,316.9039626439432,8192.0,8192.0,0.0
overwrite-all/local/k9/ikea2,1,317.0040358169388,317.0058085588077,8192.0,8192.0,0.0
overwrite-all/local/k9/ikea2,2,313.09661066813055,313.09842867158187,8192.0,8192.0,0.0
overwrite-all/local/k9/ikea,0,1327.9326995719316,1327.9398136485165,8192.0,8192.0,0.0
overwrite-all/local/k9/ikea,1,1323.000692520758,1323.0080584248335,8192.0,8192.0,0.0
overwrite-all/local/k9/ikea,2,1337.1879564341893,1337.1953852932506,8192.0,8192.0,0.0
overwrite-all/local/k10/ikea2,0,436.4958457683009,436.51127725740486,8192.0,8192.0,0.0
overwrite-all/local/k10/ikea2,1,433.3705533083053,433.4158079170631,8192.0,8192.0,0.0
overwrite-all/local/k10/ikea2,2,437.5021161105074,437.5046637621256,8192.0,8192.0,0.0
overwrite-all/local/k10/ikea,0,1330.6505893940973,1330.6579925637063,8192.0,8192.0,0.0
overwrite-all/local/k10/ikea,1,1336.9493216407711,1336.957106090168,8192.0,8192.0,0.0
overwrite-all/local/k10/ikea,2,1329.4543259301934,1329.4617608737483,8192.0,8192.0,0.0
overwrite-all/striped/k10/ikea2,0,242.04146244306185,242.04281334967575,8192.0,8192.0,0.0
overwrite-all/striped/k10/ikea2,1,242.35170912785748,242.35306003446115,8192.0,8192.0,0.0
overwrite-all/striped/k10/ikea2,2,243.68298723566494,243.6843439153642,8192.0,8192.0,0.0
overwrite-all/striped/k10/ikea,0,190.29066983459228,190.29177556434152,8192.0,8192.0,0.0
overwrite-all/striped/k10/ikea,1,189.71436534771408,189.71546650805604,8192.0,8192.0,0.0
overwrite-all/striped/k10/ikea,2,190.17319747783833,190.1742118249447,8192.0,8192.0,0.0
overwrite-all/local/k11/ikea2,0,1125.6971177070418,1125.7036659323715,8192.0,8192.0,0.0
overwrite-all/local/k11/ikea2,1,1120.1595727550778,1122.4786377537487,8192.0,8192.0,0.0
overwrite-all/local/k11/ikea2,2,1125.3485051795312,1125.3547581991147,8192.0,8192.0,0.0
overwrite-all/local/k11/ikea,0,1720.8556920556914,1720.8648648643139,8192.0,8192.0,0.0
overwrite-all/local/k11/ikea,1,1696.564537264536,1696.5735872236073,8192.0,8192.0,0.0
overwrite-all/local/k11/ikea,2,1695.0285012284878,1695.0383701879366,8192.0,8192.0,0.0
overwrite-all/local/k12/ikea2,0,978.3813667775715,978.38657886786,8192.0,8192.0,0.0
overwrite-all/local/k12/ikea2,1,996.0901645065766,996.1306047412642,8192.0,8192.0,0.0
overwrite-all/local/k12/ikea2,2,975.9265653721666,975.932010144824,8192.0,8192.0,0.0
overwrite-all/local/k12/ikea,0,1342.167746093113,1342.1752537454115,8192.0,8192.0,0.0
overwrite-all/local/k12/ikea,1,1330.5866280006765,1330.5943612061635,8192.0,8192.0,0.0
overwrite-all/local/k12/ikea,2,1336.6552601901185,1336.6630578372071,8192.0,8192.0,0.0
overwrite-all/striped/k12/ikea2,0,237.0152604193154,237.01652319526897,8192.0,8192.0,0.0
overwrite-all/striped/k12/ikea2,1,240.3502849701511,240.35157029575342,8192.0,8192.0,0.0
overwrite-all/striped/k12/ikea2,2,241.63787086990317,241.63921256891638,8192.0,8192.0,0.0
overwrite-all/striped/k12/ikea,0,180.60220085138246,180.60320907203769,8192.0,8192.0,0.0
overwrite-all/striped/k12/ikea,1,179.69661168847267,179.69765437828946,8192.0,8192.0,0.0
overwrite-all/striped/k12/ikea,2,180.2106750771312,180.21172207579122,8192.0,8192.0,0.0
overwrite-all/local/k13/ikea2,0,1117.0605527102093,1117.067034784062,8192.0,8192.0,0.0
overwrite-all/local/k13/ikea2,1,1128.100085360638,1128.106380707819,8192.0,8192.0,0.0
overwrite-all/local/k13/ikea2,2,1123.507709133629,1123.5142178819756,8192.0,8192.0,0.0
overwrite-all/local/k13/ikea,0,1704.7854047705714,1708.1015267496896,8192.0,8192.0,0.0
overwrite-all/local/k13/ikea,1,1699.1412951038876,1699.150366500887,8192.0,8192.0,0.0
overwrite-all/local/k13/ikea,2,1697.9377556392424,1697.9471915128975,8192.0,8192.0,0.0
overwrite-all/local/k14/ikea2,0,1122.08437325385,1122.0905994718703,8192.0,8192.0,0.0
overwrite-all/local/k14/ikea2,1,1126.0097916611421,1126.0163371736678,8192.0,8192.0,0.0
overwrite-all/local/k14/ikea2,2,1119.2168267567713,1119.2233456620402,8192.0,8192.0,0.0
overwrite-all/local/k14/ikea,0,1691.9495260471356,1692.050919550719,8192.0,8192.0,0.0
overwrite-all/local/k14/ikea,1,1706.4626103864189,1706.4721299529524,8192.0,8192.0,0.0
overwrite-all/local/k14/ikea,2,1701.0704852953395,1701.080004860362,8192.0,8192.0,0.0
overwrite-all/striped/k14/ikea2,0,241.78115708586785,241.78250803944098,8192.0,8192.0,0.0
overwrite-all/striped/k14/ikea2,1,241.27068142323168,241.27208433635258,8192.0,8192.0,0.0
overwrite-all/striped/k14/ikea2,2,240.87220788518863,240.87349533235624,8192.0,8192.0,0.0
overwrite-all/striped/k14/ikea,0,197.16269265067405,197.16374315439356,8192.0,8192.0,0.0
overwrite-all/striped/k14/ikea,1,200.99954711625494,201.00062563329675,8192.0,8192.0,0.0
overwrite-all/striped/k14/ikea,2,197.84761629073924,197.84872282111158,8192.0,8192.0,0.0
overwrite-all/local/k15/ikea2,0,1133.4035537792772,1133.4101158475667,8192.0,8192.0,0.0
overwrite-all/local/k15/ikea2,1,1124.106991439605,1124.1132564608422,8192.0,8192.0,0.0
overwrite-all/local/k15/ikea2,2,1134.715670654338,1134.7217196402476,8192.0,8192.0,0.0
overwrite-all/local/k15/ikea,0,1719.7143559286792,1719.7243497828315,8192.0,8192.0,0.0
overwrite-all/local/k15/ikea,1,1732.927954126563,1732.9376612751937,8192.0,8192.0,0.0
overwrite-all/local/k15/ikea,2,1726.9369649805415,1726.946590210201,8192.0,8192.0,0.0
overwrite-all/striped/k15/ikea2,0,267.0427371055045,267.53371525115136,8192.0,8192.0,0.0
overwrite-all/striped/k15/ikea2,1,266.09780820700155,266.0993578953335,8192.0,8192.0,0.0
overwrite-all/striped/k15/ikea2,2,266.2654159071773,266.2669020837377,8192.0,8192.0,0.0
overwrite-all/striped/k15/ikea,0,207.50235252253103,207.50355843754463,8192.0,8192.0,0.0
overwrite-all/striped/k15/ikea,1,206.7260695081469,206.72722105786724,8192.0,8192.0,0.0
overwrite-all/striped/k15/ikea,2,206.97985529021074,206.9810612051102,8192.0,8192.0,0.0
overwrite-all/local/k16/ikea2,0,80.34590541457051,80.3504055500125,8192.0,8192.0,0.0
overwrite-all/local/k16/ikea2,1,80.5845297521784,80.58497918957508,8192.0,8192.0,0.0
overwrite-all/local/k16/ikea2,2,80.03354646394536,80.03401126662348,8192.0,8192.0,0.0
overwrite-all/local/k16/ikea,0,95.4207297399358,95.4212835093893,8192.0,8192.0,0.0
overwrite-all/local/k16/ikea,1,95.64370201713935,95.64423519180013,8192.0,8192.0,0.0
overwrite-all/local/k16/ikea,2,95.32404892392297,95.3246026934293,8192.0,8192.0,0.0
overwrite-all/local/k17/ikea2,0,519.5668560513132,519.5697580446639,8192.0,8192.0,0.0
overwrite-all/local/k17/ikea2,1,520.6429323602797,520.6459568008602,8192.0,8192.0,0.0
overwrite-all/local/k17/ikea2,2,516.8749816329612,516.8945119264811,8192.0,8192.0,0.0
overwrite-all/local/k17/ikea,0,1510.1098687758733,1510.1182815038346,8192.0,8192.0,0.0
overwrite-all/local/k17/ikea,1,1509.1740427826758,1509.1824555101264,8192.0,8192.0,0.0
overwrite-all/local/k17/ikea,2,1512.1720654323378,1512.1804781592773,8192.0,8192.0,0.0
overwrite-all/local/k18/ikea2,0,592.8018306242317,592.8052738044088,8192.0,8192.0,0.0
overwrite-all/local/k18/ikea2,1,588.2691562773315,588.2722981792284,8192.0,8192.0,0.0
overwrite-all/local/k18/ikea2,2,593.8522875629444,593.8555872778478,8192.0,8192.0,0.0
overwrite-all/local/k18/ikea,0,1513.805715535472,1516.2086462059333,8192.0,8192.0,0.0
overwrite-all/local/k18/ikea,1,1506.2472114894267,1506.2555952468542,8192.0,8192.0,0.0
overwrite-all/local/k18/ikea,2,1523.7634322373337,1523.77192534748,8192.0,8192.0,0.0
overwrite-all/local/k19/ikea2,0,1374.6488013136482,1374.6568144499586,8192.0,8192.0,0.0
overwrite-all/local/k19/ikea2,1,1377.0284400657063,1377.0364532024248,8192.0,8192.0,0.0
overwrite-all/local/k19/ikea2,2,1379.0393103448557,1379.0469950746722,8192.0,8192.0,0.0
overwrite-all/local/k19/ikea,0,1882.37549371632,1882.3855026932506,8192.0,8192.0,0.0
overwrite-all/local/k19/ikea,1,1886.167684021561,1886.1777378815596,8192.0,8192.0,0.0
overwrite-all/local/k19/ikea,2,1894.6026032315779,1894.6782315975454,8192.0,8192.0,0.0
overwrite-all/local/k20/ikea2,0,1210.3432305399192,1210.3497076696285,8192.0,8192.0,0.0
overwrite-all/local/k20/ikea2,1,1218.8251175054618,1218.9760976732618,8192.0,8192.0,0.0
overwrite-all/local/k20/ikea2,2,1207.9188925828407,1207.9256276509975,8192.0,8192.0,0.0
overwrite-all/local/k20/ikea,0,1506.9343410824838,1506.942758893944,8192.0,8192.0,0.0
overwrite-all/local/k20/ikea,1,1516.221155568344,1516.2296092000843,8192.0,8192.0,0.0
overwrite-all/local/k20/ikea,2,1521.536948812497,1521.5457964669981,8192.0,8192.0,0.0
overwrite-all/striped/k20/ikea2,0,458.5275166619667,458.53023033692176,8192.0,8192.0,0.0
overwrite-all/striped/k20/ikea2,1,455.0301326444321,455.03293315698636,8192.0,8192.0,0.0
overwrite-all/striped/k20/ikea2,2,453.9454225734307,453.94810368397754,8192.0,8192.0,0.0
overwrite-all/striped/k20/ikea,0,404.20040668342614,404.20279498962526,8192.0,8192.0,0.0
overwrite-all/striped/k20/ikea,1,404.1283834333988,404.1308580635581,8192.0,8192.0,0.0
overwrite-all/striped/k20/ikea,2,402.778741199707,402.78122542162754,8192.0,8192.0,0.0
overwrite-all/local/k21/ikea2,0,1382.8138108429155,1382.8223189544824,8192.0,8192.0,0.0
overwrite-all/local/k21/ikea2,1,1376.9801477377391,1377.737204853881,8192.0,8192.0,0.0
overwrite-all/local/k21/ikea2,2,1379.7136261706582,1379.721474740098,8192.0,8192.0,0.0
overwrite-all/local/k21/ikea,0,1886.9564260365505,1886.9680158108768,8192.0,8192.0,0.0
overwrite-all/local/k21/ikea,1,1882.6964646691283,1882.7076052289754,8192.0,8192.0,0.0
overwrite-all/local/k21/ikea,2,1887.0525133641343,1887.0632047082254,8192.0,8192.0,0.0
overwrite-all/local/k22/ikea2,0,1388.837269815851,1388.9005204162313,8192.0,8192.0,0.0
overwrite-all/local/k22/ikea2,1,1383.124366159616,1383.1325393633308,8192.0,8192.0,0.0
overwrite-all/local/k22/ikea2,2,1378.6944889244842,1378.7026287682336,8192.0,8192.0,0.0
overwrite-all/local/k22/ikea,0,1899.3389424164213,1899.3506129291504,8192.0,8192.0,0.0
overwrite-all/local/k22/ikea,1,1900.4557832360738,1900.4670014019077,8192.0,8192.0,0.0
overwrite-all/local/k22/ikea,2,1896.2973718731587,1896.3085900391536,8192.0,8192.0,0.0
overwrite-all/local/k23/ikea2,0,1388.012191872064,1388.0207528295882,8192.0,8192.0,0.0
overwrite-all/local/k23/ikea2,1,1378.740373084606,1378.748534310184,8192.0,8192.0,0.0
overwrite-all/local/k23/ikea2,2,1381.5431712191908,1381.5516655548126,8192.0,8192.0,0.0
overwrite-all/local/k23/ikea,0,1905.535525781572,1905.5468038055149,8192.0,8192.0,0.0
overwrite-all/local/k23/ikea,1,1913.5916452384242,1913.6034194958677,8192.0,8192.0,0.0
overwrite-all/local/k23/ikea,2,1908.131727342419,1908.1434564907202,8192.0,8192.0,0.0
overwrite-all/local/k24/ikea2,0,360.85213961169205,360.8543558062769,8192.0,8192.0,0.0
overwrite-all/local/k24/ikea2,1,362.174146679561,362.1762944201655,8192.0,8192.0,0.0
overwrite-all/local/k24/ikea2,2,356.9948402885411,356.9970393694105,8192.0,8192.0,0.0
overwrite-all/local/k24/ikea,0,585.4769962982444,585.5009184782987,8192.0,8192.0,0.0
overwrite-all/local/k24/ikea,1,590.0586712683515,590.0620251049177,8192.0,8192.0,0.0
overwrite-all/local/k24/ikea,2,585.3408945420143,585.3721923795334,8192.0,8192.0,0.0
overwrite-all/local/k25/ikea2,0,723.8126845683522,723.8169596872647,8192.0,8192.0,0.0
overwrite-all/local/k25/ikea2,1,722.5437126570936,722.5481594671894,8192.0,8192.0,0.0
overwrite-all/local/k25/ikea2,2,721.5959755511213,721.6004223608816,8192.0,8192.0,0.0
overwrite-all/local/k25/ikea,0,1604.509655249673,1638.7627834020582,8192.0,8192.0,0.0
overwrite-all/local/k25/ikea,1,1556.1422328465285,1556.2429313094476,8192.0,8192.0,0.0
overwrite-all/local/k25/ikea,2,1555.0706308594292,1555.0798192219302,8192.0,8192.0,0.0
overwrite-all/local/k26/ikea2,0,760.9455778660738,760.9502487563277,8192.0,8192.0,0.0
overwrite-all/local/k26/ikea2,1,753.4741042986532,753.4941300694352,8192.0,8192.0,0.0
overwrite-all/local/k26/ikea2,2,752.2673681950051,752.2716453703159,8192.0,8192.0,0.0
overwrite-all/local/k26/ikea,0,1557.0611412034773,1557.0703791639598,8192.0,8192.0,0.0
overwrite-all/local/k26/ikea,1,1575.9945091637387,1576.003858425756,8192.0,8192.0,0.0
overwrite-all/local/k26/ikea,2,1567.1168286710629,1567.1256956315706,8192.0,8192.0,0.0
overwrite-all/local/k27/ikea2,0,1601.2711922418373,1601.3544780380219,8192.0,8192.0,0.0
overwrite-all/local/k27/ikea2,1,1593.5484312607477,1593.5582430133834,8192.0,8192.0,0.0
overwrite-all/local/k27/ikea2,2,1630.8395512454454,1630.8492108762048,8192.0,8192.0,0.0
overwrite-all/local/k27/ikea,0,1965.3524150269018,1965.3593352775467,8192.0,8192.0,0.0
overwrite-all/local/k27/ikea,1,1968.6680161942777,1968.6801619423468,8192.0,8192.0,0.0
overwrite-all/local/k27/ikea,2,1963.2174936447054,1963.229592317228,8192.0,8192.0,0.0
overwrite-all/local/k28/ikea2,0,1437.7432441676394,1437.7513853741232,8192.0,8192.0,0.0
overwrite-all/local/k28/ikea2,1,1449.4737634262335,1449.6222549085228,8192.0,8192.0,0.0
overwrite-all/local/k28/ikea2,2,1462.466169528566,1462.474481767698,8192.0,8192.0,0.0
overwrite-all/local/k28/ikea,0,1594.7457458224844,1594.7555572600238,8192.0,8192.0,0.0
overwrite-all/local/k28/ikea,1,1576.1354054883009,1576.1443737549057,8192.0,8192.0,0.0
overwrite-all/local/k28/ikea,2,1582.784225049751,1582.793959835165,8192.0,8192.0,0.0
overwrite-all/local/k29/ikea2,0,1600.7453668248756,1600.755207535821,8192.0,8192.0,0.0
overwrite-all/local/k29/ikea2,1,1594.3875784960228,1594.3969980087923,8192.0,8192.0,0.0
overwrite-all/local/k29/ikea2,2,1603.3449609434422,1603.408025730816,8192.0,8192.0,0.0
overwrite-all/local/k29/ikea,0,1992.91118096935,1992.9224886225581,8192.0,8192.0,0.0
overwrite-all/local/k29/ikea,1,1974.7049687983842,1974.716135690253,8192.0,8192.0,0.0
overwrite-all/local/k29/ikea,2,1970.5895932060675,1970.6017454126454,8192.0,8192.0,0.0
overwrite-all/local/k30/ikea2,0,1629.3646346668522,1629.3746459192607,8192.0,8192.0,0.0
overwrite-all/local/k30/ikea2,1,1603.6760700011412,1603.6855380088743,8192.0,8192.0,0.0
overwrite-all/local/k30/ikea2,2,1606.2689069108726,1606.2788017537669,8192.0,8192.0,0.0
overwrite-all/local/k30/ikea,0,1998.0265881683206,1998.112477448119,8192.0,8192.0,0.0
overwrite-all/local/k30/ikea,1,1999.6565378406358,1999.668360078525,8192.0,8192.0,0.0
overwrite-all/local/k30/ikea,2,1985.980248789349,1985.9924983381322,8192.0,8192.0,0.0
overwrite-all/local/k31/ikea2,0,1601.6955114782986,1601.7046103475436,8192.0,8192.0,0.0
overwrite-all/local/k31/ikea2,1,1615.7774774431325,1615.7873757945483,8192.0,8192.0,0.0
overwrite-all/local/k31/ikea2,2,1627.4784330147563,1627.4884455776598,8192.0,8192.0,0.0
overwrite-all/local/k31/ikea,0,2048.6600869693493,2048.7542873886528,8192.0,8192.0,0.0
overwrite-all/local/k31/ikea,1,2059.3866223677855,2059.575658378031,8192.0,8192.0,0.0
overwrite-all/local/k31/ikea,2,2069.8767283919865,2069.889431767989,8192.0,8192.0,0.0
overwrite-all/local/k32/ikea2,0,313.0945285528467,313.0963817611786,8192.0,8192.0,0.0
overwrite-all/local/k32/ikea2,1,313.8376051770163,313.8395331110052,8192.0,8192.0,0.0
overwrite-all/local/k32/ikea2,2,312.8393462958371,312.84125928451937,8192.0,8192.0,0.0
overwrite-all/local/k32/ikea,0,244.57783447503618,244.61033249461724,8192.0,8192.0,0.0
overwrite-all/local/k32/ikea,1,241.86207418799873,241.86350132787194,8192.0,8192.0,0.0
overwrite-all/local/k32/ikea,2,242.19171443216342,242.19314157230573,8192.0,8192.0,0.0
overwrite-all/local/k33/ikea2,0,1216.0280892382857,1216.070540977272,8192.0,8192.0,0.0
overwrite-all/local/k33/ikea2,1,1225.5902785804772,1225.735088428095,8192.0,8192.0,0.0
overwrite-all/local/k33/ikea2,2,1220.1310831117873,1220.1383077097735,8192.0,8192.0,0.0
overwrite-all/local/k33/ikea,0,1895.346288483985,1895.3570595095412,8192.0,8192.0,0.0
overwrite-all/local/k33/ikea,1,1896.6455434879008,1896.6567633067198,8192.0,8192.0,0.0
overwrite-all/local/k33/ikea,2,1895.0958621308823,1895.1075307429642,8192.0,8192.0,0.0
overwrite-all/local/k34/ikea2,0,1260.2121438608983,1260.2193189625061,8192.0,8192.0,0.0
overwrite-all/local/k34/ikea2,1,1263.9491763580447,1263.9572782432572,8192.0,8192.0,0.0
overwrite-all/local/k34/ikea2,2,1267.6769709108369,1267.684444976131,8192.0,8192.0,0.0
overwrite-all/local/k34/ikea,0,1888.6559589688225,1888.6671165707016,8192.0,8192.0,0.0
overwrite-all/local/k34/ikea,1,1874.213164169809,1874.223331982013,8192.0,8192.0,0.0
overwrite-all/local/k34/ikea,2,1870.57479641881,1870.585864039388,8192.0,8192.0,0.0
overwrite-all/local/k35/ikea2,0,2056.8995048063434,2056.9121759412014,8192.0,8192.0,0.0
overwrite-all/local/k35/ikea2,1,2076.338333818882,2076.4481503058646,8192.0,8192.0,0.0
overwrite-all/local/k35/ikea2,2,2049.133702301183,2049.1457908549874,8192.0,8192.0,0.0
overwrite-all/local/k35/ikea,0,2308.6581802080213,2308.670688512403,8192.0,8192.0,0.0
overwrite-all/local/k35/ikea,1,2316.2738543279365,2316.286971441167,8192.0,8192.0,0.0
overwrite-all/local/k35/ikea,2,2304.3760239096137,2304.389085676764,8192.0,8192.0,0.0
overwrite-all/local/k36/ikea2,0,1902.5515634190824,1902.6536947374927,8192.0,8192.0,0.0
overwrite-all/local/k36/ikea2,1,1900.2342187429056,1900.2454409710842,8192.0,8192.0,0.0
overwrite-all/local/k36/ikea2,2,1901.163672564404,1901.1744422820955,8192.0,8192.0,0.0
overwrite-all/local/k36/ikea,0,1894.377913779041,1894.3891188932982,8192.0,8192.0,0.0
overwrite-all/local/k36/ikea,1,1892.444289442842,1892.455404554913,8192.0,8192.0,0.0
overwrite-all/local/k36/ikea,2,1895.835028350204,1895.8462334615836,8192.0,8192.0,0.0
overwrite-all/local/k37/ikea2,0,2047.747309221406,2047.759914671193,8192.0,8192.0,0.0
overwrite-all/local/k37/ikea2,1,2038.5787840589471,2038.5903228936934,8192.0,8192.0,0.0
overwrite-all/local/k37/ikea2,2,2032.5126539319292,2032.589644140701,8192.0,8192.0,0.0
overwrite-all/local/k37/ikea,0,2308.3001865876026,2308.3884864452048,8192.0,8192.0,0.0
overwrite-all/local/k37/ikea,1,2301.541872461999,2301.5560311704735,8192.0,8192.0,0.0
overwrite-all/local/k37/ikea,2,2303.8094610909957,2303.9558775109294,8192.0,8192.0,0.0
overwrite-all/local/k38/ikea2,0,2037.4999758418799,2037.5119582557813,8192.0,8192.0,0.0
overwrite-all/local/k38/ikea2,1,2033.5805189158832,2033.7582741463984,8192.0,8192.0,0.0
overwrite-all/local/k38/ikea2,2,2029.6282553026156,2029.6402860309856,8192.0,8192.0,0.0
overwrite-all/local/k38/ikea,0,2268.7671292045743,2268.7805734056988,8192.0,8192.0,0.0
overwrite-all/local/k38/ikea,1,2274.1799038927193,2274.1938880190446,8192.0,8192.0,0.0
overwrite-all/local/k38/ikea,2,2272.946223206097,2272.9590734867575,8192.0,8192.0,0.0
overwrite-all/local/k39/ikea2,0,2027.9384437262356,2027.9504558810263,8192.0,8192.0,0.0
overwrite-all/local/k39/ikea2,1,2046.0479039027332,2046.0594818839998,8192.0,8192.0,0.0
overwrite-all/local/k39/ikea2,2,2027.6142602151263,2027.7425346136424,8192.0,8192.0,0.0
overwrite-all/local/k39/ikea,0,2253.1548796217594,2253.1687446243423,8192.0,8192.0,0.0
overwrite-all/local/k39/ikea,1,2253.7164660360854,2253.808791916474,8192.0,8192.0,0.0
overwrite-all/local/k39/ikea,2,2267.4062768700833,2267.4202493550465,8192.0,8192.0,0.0
overwrite-all/local/k40/ikea2,0,708.2811713488713,708.2852016874584,8192.0,8192.0,0.0
overwrite-all/local/k40/ikea2,1,706.0476328140871,706.0754540512272,8192.0,8192.0,0.0
overwrite-all/local/k40/ikea2,2,706.6142779402704,706.6184443236128,8192.0,8192.0,0.0
overwrite-all/local/k40/ikea,0,1162.7338635922442,1162.7407643488134,8192.0,8192.0,0.0
overwrite-all/local/k40/ikea,1,1159.6537427597805,1159.6605880874981,8192.0,8192.0,0.0
overwrite-all/local/k40/ikea,2,1157.040600836996,1157.0477233039496,8192.0,8192.0,0.0
overwrite-all/local/k41/ikea2,0,1549.719739632935,1549.7285526231567,8192.0,8192.0,0.0
overwrite-all/local/k41/ikea2,1,1547.0173334307906,1547.0268777873844,8192.0,8192.0,0.0
overwrite-all/local/k41/ikea2,2,1551.8502523221587,1551.8593944264942,8192.0,8192.0,0.0
overwrite-all/local/k41/ikea,0,2114.280618670948,2114.29210539685,8192.0,8192.0,0.0
overwrite-all/local/k41/ikea,1,2125.095269283122,2125.1083681801597,8192.0,8192.0,0.0
overwrite-all/local/k41/ikea,2,2123.9465968059194,2123.9596453225813,8192.0,8192.0,0.0
overwrite-all/local/k42/ikea2,0,1581.0005233253696,1581.0835077754891,8192.0,8192.0,0.0
overwrite-all/local/k42/ikea2,1,1584.8518615431426,1584.8615804414765,8192.0,8192.0,0.0
overwrite-all/local/k42/ikea2,2,1578.2676435407225,1578.2769886350648,8192.0,8192.0,0.0
overwrite-all/local/k42/ikea,0,2113.18881189629,2113.2013049419747,8192.0,8192.0,0.0
overwrite-all/local/k42/ikea,1,2118.9042537049454,2118.916797329226,8192.0,8192.0,0.0
overwrite-all/local/k42/ikea,2,2126.3075716959215,2126.3878913563863,8192.0,8192.0,0.0
overwrite-all/local/k43/ikea2,0,2394.4447249152854,2394.459468762859,8192.0,8192.0,0.0
overwrite-all/local/k43/ikea2,1,2393.900866272885,2393.914462737223,8192.0,8192.0,0.0
overwrite-all/local/k43/ikea2,2,2392.741437668536,2392.7556078238804,8192.0,8192.0,0.0
overwrite-all/local/k43/ikea,0,2560.4368294152105,2560.451898732326,8192.0,8192.0,0.0
overwrite-all/local/k43/ikea,1,2529.7598553345097,2529.775406874152,8192.0,8192.0,0.0
overwrite-all/local/k43/ikea,2,2508.941289933736,2508.9567209166753,8192.0,8192.0,0.0
overwrite-all/local/k44/ikea2,0,2264.374233128755,2264.474748028498,8192.0,8192.0,0.0
overwrite-all/local/k44/ikea2,1,2261.6140446976415,2261.626862400719,8192.0,8192.0,0.0
overwrite-all/local/k44/ikea2,2,2279.7856047327,2279.798531989589,8192.0,8192.0,0.0
overwrite-all/local/k44/ikea,0,2120.3717948717112,2121.095043409156,8192.0,8192.0,0.0
overwrite-all/local/k44/ikea,1,2098.482031092162,2099.3737129021397,8192.0,8192.0,0.0
overwrite-all/local/k44/ikea,2,2092.9152029072984,2093.659448817684,8192.0,8192.0,0.0
overwrite-all/local/k45/ikea2,0,2422.1025010014587,2422.962055743829,8192.0,8192.0,0.0
overwrite-all/local/k45/ikea2,1,2432.8384364446783,2433.247124134319,8192.0,8192.0,0.0
overwrite-all/local/k45/ikea2,2,2399.7130429805025,2399.727808619121,8192.0,8192.0,0.0
overwrite-all/local/k45/ikea,0,2489.3163271401895,2489.3310831007598,8192.0,8192.0,0.0
overwrite-all/local/k45/ikea,1,2484.9964752971773,2485.0111715138337,8192.0,8192.0,0.0
overwrite-all/local/k45/ikea,2,2495.029332696111,2495.044088655196,8192.0,8192.0,0.0
overwrite-all/local/k46/ikea2,0,2427.9636572082472,2427.9780452864543,8192.0,8192.0,0.0
overwrite-all/local/k46/ikea2,1,2423.506792777434,2423.5211235328243,8192.0,8192.0,0.0
overwrite-all/local/k46/ikea2,2,2391.4093436514804,2391.4240756661775,8192.0,8192.0,0.0
overwrite-all/local/k46/ikea,0,2460.5355530805587,2460.5500908617805,8192.0,8192.0,0.0
overwrite-all/local/k46/ikea,1,2482.9647693300394,2483.232721729169,8192.0,8192.0,0.0
overwrite-all/local/k46/ikea,2,2480.5215428807255,2480.5361392807854,8192.0,8192.0,0.0
overwrite-all/local/k47/ikea2,0,2395.609764483478,2395.62334536659,8192.0,8192.0,0.0
overwrite-all/local/k47/ikea2,1,2407.0217179532083,2407.036502203615,8192.0,8192.0,0.0
overwrite-all/local/k47/ikea2,2,2415.7639676810268,2415.7787519342833,8192.0,8192.0,0.0
overwrite-all/local/k47/ikea,0,2471.2074336283104,2471.2220648958614,8192.0,8192.0,0.0
overwrite-all/local/k47/ikea,1,2476.4080235988026,2476.422654866982,8192.0,8192.0,0.0
overwrite-all/local/k47/ikea,2,2510.766725663751,2510.781002948134,8192.0,8192.0,0.0
overwrite-all/local/k48/ikea2,0,643.5455062134597,643.5494692856237,8192.0,8192.0,0.0
overwrite-all/local/k48/ikea2,1,644.8969447473752,644.900923180888,8192.0,8192.0,0.0
overwrite-all/local/k48/ikea2,2,649.085974101776,649.0899678965828,8192.0,8192.0,0.0
overwrite-all/local/k48/ikea,0,1178.2427019688255,1178.2971826200398,8192.0,8192.0,0.0
overwrite-all/local/k48/ikea,1,1168.2919212491329,1168.2988232621265,8192.0,8192.0,0.0
overwrite-all/local/k48/ikea,2,1169.860432224406,1169.8670513691545,8192.0,8192.0,0.0
overwrite-all/local/k49/ikea2,0,1472.1805565341072,1472.1892920025632,8192.0,8192.0,0.0
overwrite-all/local/k49/ikea2,1,1472.4341669602738,1472.4425149714532,8192.0,8192.0,0.0
overwrite-all/local/k49/ikea2,2,1471.015005283461,1471.0237055312473,8192.0,8192.0,0.0
overwrite-all/local/k49/ikea,0,2076.8228656273636,2076.8351398189916,8192.0,8192.0,0.0
overwrite-all/local/k49/ikea,1,2079.8434545903815,2079.855184361211,8192.0,8192.0,0.0
overwrite-all/local/k49/ikea,2,2082.511061618393,2082.523385302021,8192.0,8192.0,0.0
overwrite-all/local/k50/ikea2,0,1528.7541560797804,1528.762794918584,8192.0,8192.0,0.0
overwrite-all/local/k50/ikea2,1,1526.31891107077,1526.3283121599611,8192.0,8192.0,0.0
overwrite-all/local/k50/ikea2,2,1542.0597459164605,1542.0692558994854,8192.0,8192.0,0.0
overwrite-all/local/k50/ikea,0,2096.7492256967403,2096.761164949382,8192.0,8192.0,0.0
overwrite-all/local/k50/ikea,1,2096.495504046353,2096.5078429404157,8192.0,8192.0,0.0
overwrite-all/local/k50/ikea,2,2081.792187031706,2081.8664202212326,8192.0,8192.0,0.0
overwrite-all/local/k51/ikea2,0,2380.816238344172,2380.830907437141,8192.0,8192.0,0.0
overwrite-all/local/k51/ikea2,1,2378.1007505119023,2378.1154196028515,8192.0,8192.0,0.0
overwrite-all/local/k51/ikea2,2,2394.157152604018,2394.1718785549497,8192.0,8192.0,0.0
overwrite-all/local/k51/ikea,0,2460.36886297365,2460.3834402322595,8192.0,8192.0,0.0
overwrite-all/local/k51/ikea,1,2457.940932944548,2457.9553935852796,8192.0,8192.0,0.0
overwrite-all/local/k51/ikea,2,2455.2230903790455,2455.3297376105256,8192.0,8192.0,0.0
overwrite-all/local/k52/ikea2,0,2258.8419240287835,2258.9951576453554,8192.0,8192.0,0.0
overwrite-all/local/k52/ikea2,1,2239.289572796607,2239.3033466040774,8192.0,8192.0,0.0
overwrite-all/local/k52/ikea2,2,2244.4848810933304,2244.4987087057,8192.0,8192.0,0.0
overwrite-all/local/k52/ikea,0,2077.9834776156913,2077.9962898836393,8192.0,8192.0,0.0
overwrite-all/local/k52/ikea,1,2079.928073212933,2079.940390800079,8192.0,8192.0,0.0
overwrite-all/local/k52/ikea,2,2088.5533514716044,2088.685926293585,8192.0,8192.0,0.0
overwrite-all/local/k53/ikea2,0,2380.8304565068897,2380.84453781464,8192.0,8192.0,0.0
overwrite-all/local/k53/ikea2,1,2361.629911424088,2361.6444469652033,8192.0,8192.0,0.0
overwrite-all/local/k53/ikea2,2,2364.0878946174043,2364.1728367041296,8192.0,8192.0,0.0
overwrite-all/local/k53/ikea,0,2444.8151005143523,2444.8295932677215,8192.0,8192.0,0.0
overwrite-all/local/k53/ikea,1,2468.5978260868555,2468.613020103593,8192.0,8192.0,0.0
overwrite-all/local/k53/ikea,2,2500.987961664301,2501.0027466090623,8192.0,8192.0,0.0
overwrite-all/local/k54/ikea2,0,2394.7256788295276,2394.740422383394,8192.0,8192.0,0.0
overwrite-all/local/k54/ikea2,1,2402.715090795278,2402.729891275481,8192.0,8192.0,0.0
overwrite-all/local/k54/ikea2,2,2414.548699265587,2414.5634997423513,8192.0,8192.0,0.0
overwrite-all/local/k54/ikea,0,2457.2519201227815,2457.265863168457,8192.0,8192.0,0.0
overwrite-all/local/k54/ikea,1,2463.958170861411,2463.9733546023976,8192.0,8192.0,0.0
overwrite-all/local/k54/ikea,2,2451.9198865649705,2451.933829608967,8192.0,8192.0,0.0
overwrite-all/local/k55/ikea2,0,2380.3175664191685,2380.332238148775,8192.0,8192.0,0.0
overwrite-all/local/k55/ikea2,1,2388.543363734243,2388.701410522938,8192.0,8192.0,0.0
overwrite-all/local/k55/ikea2,2,2394.521950943207,2394.5361128411937,8192.0,8192.0,0.0
overwrite-all/local/k55/ikea,0,2467.1531097667976,2467.1676748688183,8192.0,8192.0,0.0
overwrite-all/local/k55/ikea,1,2461.452164209805,2461.466729312868,8192.0,8192.0,0.0
overwrite-all/local/k55/ikea,2,2452.459388030781,2452.473307101646,8192.0,8192.0,0.0
overwrite-all/local/k56/ikea2,0,814.7303640588708,814.7353989157812,8192.0,8192.0,0.0
overwrite-all/local/k56/ikea2,1,811.1633617350979,811.1681642135746,8192.0,8192.0,0.0
overwrite-all/local/k56/ikea2,2,814.4432029434317,814.4805383431661,8192.0,8192.0,0.0
overwrite-all/local/k56/ikea,0,1165.7580973069084,1165.7650040377684,8192.0,8192.0,0.0
overwrite-all/local/k56/ikea,1,1160.625950371794,1160.6328292536216,8192.0,8192.0,0.0
overwrite-all/local/k56/ikea,2,1162.4696020274357,1162.4764809090655,8192.0,8192.0,0.0
overwrite-all/local/k56/prior,0,1156.042507561144,1156.0493538626306,8192.0,8192.0,0.0
overwrite-all/local/k56/prior,1,1171.8657409953719,1171.872917240416,8192.0,8192.0,0.0
overwrite-all/local/k56/prior,2,1170.9976904041991,1171.0043442409144,8192.0,8192.0,0.0
overwrite-all/local/k57/ikea2,0,1621.027257901691,1621.0368486441528,8192.0,8192.0,0.0
overwrite-all/local/k57/ikea2,1,1603.8019725091833,1603.8743496152952,8192.0,8192.0,0.0
overwrite-all/local/k57/ikea2,2,1602.630892288579,1602.6399782540761,8192.0,8192.0,0.0
overwrite-all/local/k57/ikea,0,2080.931923266067,2080.9447122485753,8192.0,8192.0,0.0
overwrite-all/local/k57/ikea,1,2089.897983275936,2089.9098868678484,8192.0,8192.0,0.0
overwrite-all/local/k57/ikea,2,2088.5783079193498,2088.5911460902544,8192.0,8192.0,0.0
overwrite-all/local/k58/ikea2,0,1653.0311334458559,1653.0409092701505,8192.0,8192.0,0.0
overwrite-all/local/k58/ikea2,1,1642.051195477279,1642.2572337153424,8192.0,8192.0,0.0
overwrite-all/local/k58/ikea2,2,1651.6884692395772,1651.698205802836,8192.0,8192.0,0.0
overwrite-all/local/k58/ikea,0,2092.643800000005,2092.6567000003615,8192.0,8192.0,0.0
overwrite-all/local/k58/ikea,1,2082.083300000015,2082.095599999434,8192.0,8192.0,0.0
overwrite-all/local/k58/ikea,2,2084.656799999962,2084.6691000002693,8192.0,8192.0,0.0
overwrite-all/local/k59/ikea2,0,2477.670570234918,2477.685870653167,8192.0,8192.0,0.0
overwrite-all/local/k59/ikea2,1,2485.2995939504053,2485.3137174099948,8192.0,8192.0,0.0
overwrite-all/local/k59/ikea2,2,2491.864061672393,2491.878243984975,8192.0,8192.0,0.0
overwrite-all/local/k59/ikea,0,2485.8106781766805,2485.825400580574,8192.0,8192.0,0.0
overwrite-all/local/k59/ikea,1,2468.476083486212,2468.7709454278115,8192.0,8192.0,0.0
overwrite-all/local/k59/ikea,2,2460.987760893998,2461.002305918268,8192.0,8192.0,0.0
overwrite-all/local/k60/ikea2,0,2330.689183198471,2330.702925856079,8192.0,8192.0,0.0
overwrite-all/local/k60/ikea2,1,2349.4074033026263,2349.4213122010906,8192.0,8192.0,0.0
overwrite-all/local/k60/ikea2,2,2377.2052532418415,2377.218774242482,8192.0,8192.0,0.0
overwrite-all/local/k60/ikea,0,2081.7187141790223,2081.731024172034,8192.0,8192.0,0.0
overwrite-all/local/k60/ikea,1,2080.128382756118,2080.1411911289038,8192.0,8192.0,0.0
overwrite-all/local/k60/ikea,2,2093.7212060803026,2093.7331173674766,8192.0,8192.0,0.0
overwrite-all/local/k61/ikea2,0,2492.954896907237,2492.9696579185616,8192.0,8192.0,0.0
overwrite-all/local/k61/ikea2,1,2497.755154639313,2497.7705599791307,8192.0,8192.0,0.0
overwrite-all/local/k61/ikea2,2,2466.874824273618,2466.889409557967,8192.0,8192.0,0.0
overwrite-all/local/k61/ikea,0,2476.6972065084606,2476.8518108127805,8192.0,8192.0,0.0
overwrite-all/local/k61/ikea,1,2477.654166909522,2477.668280163959,8192.0,8192.0,0.0
overwrite-all/local/k61/ikea,2,2470.4196652476217,2470.4343033787804,8192.0,8192.0,0.0
overwrite-all/local/k62/ikea2,0,2480.1892036344143,2480.203871962359,8192.0,8192.0,0.0
overwrite-all/local/k62/ikea2,1,2474.7108498128355,2474.726052617532,8192.0,8192.0,0.0
overwrite-all/local/k62/ikea2,2,2479.5086406556375,2479.5239028437563,8192.0,8192.0,0.0
overwrite-all/local/k62/ikea,0,2477.3032334617337,2477.317887868799,8192.0,8192.0,0.0
overwrite-all/local/k62/ikea,1,2485.3477306437476,2486.48140017717,8192.0,8192.0,0.0
overwrite-all/local/k62/ikea,2,2475.251023435124,2476.5276179196057,8192.0,8192.0,0.0
overwrite-all/local/k63/ikea2,0,2550.8875392796317,2552.024172107508,8192.0,8192.0,0.0
overwrite-all/local/k63/ikea2,1,2553.961566352541,2555.7424462181084,8192.0,8192.0,0.0
overwrite-all/local/k63/ikea2,2,2541.955885907797,2542.5081580828787,8192.0,8192.0,0.0
overwrite-all/local/k63/ikea,0,2584.492490651623,2584.726598419293,8192.0,8192.0,0.0
overwrite-all/local/k63/ikea,1,2594.135168270795,2594.566725924191,8192.0,8192.0,0.0
overwrite-all/local/k63/ikea,2,2595.139827131759,2595.2195794752724,8192.0,8192.0,0.0
overwrite-all/local/k64/ikea2,0,641.1057173181107,641.1096549918936,8192.0,8192.0,0.0
overwrite-all/local/k64/ikea2,1,641.0154276836912,641.0192115429451,8192.0,8192.0,0.0
overwrite-all/local/k64/ikea2,2,637.4018427084131,637.43637426382,8192.0,8192.0,0.0
overwrite-all/local/k64/ikea,0,651.5686747733668,651.572697175163,8192.0,8192.0,0.0
overwrite-all/local/k64/ikea,1,653.3519910888228,653.3560134903441,8192.0,8192.0,0.0
overwrite-all/local/k64/ikea,2,656.0021504378393,656.0938921380488,8192.0,8192.0,0.0
overwrite/local/k3/all/ikea2-raw,0,506.90760797543675,506.91060779454494,8192.0,8192.0,0.0
overwrite/local/k3/all/ikea2-raw,1,507.67683874466854,507.68009156069076,8192.0,8192.0,0.0
overwrite/local/k3/all/ikea2-raw,2,504.7626769471668,504.7656647191922,8192.0,8192.0,0.0
overwrite/local/k3/all/ikea2-coverage,0,507.59915058853284,507.6022812767289,8192.0,8192.0,1.0
overwrite/local/k3/all/ikea2-coverage,1,507.00080087367525,507.003919426774,8192.0,8192.0,1.0
overwrite/local/k3/all/ikea2-coverage,2,506.529013469256,506.5736318404092,8192.0,8192.0,1.0
overwrite/local/k3/all/ikea2-sum-coverage,0,1619.0531318830365,1619.0627149433158,8192.0,8192.0,1.0
overwrite/local/k3/all/ikea2-sum-coverage,1,1614.6603810038723,1614.7139765832037,8192.0,8192.0,1.0
overwrite/local/k3/all/ikea2-sum-coverage,2,1625.9066038100295,1625.9169596983108,8192.0,8192.0,1.0
overwrite/local/k3/all/ikea-materialized-sum-coverage,0,1528.5295778780169,1528.5389665179864,8192.0,8192.0,1.0
overwrite/local/k3/all/ikea-materialized-sum-coverage,1,1526.1648146109733,1526.174203249249,8192.0,8192.0,1.0
overwrite/local/k3/all/ikea-materialized-sum-coverage,2,1531.0843143725942,1531.0937396848503,8192.0,8192.0,1.0
overwrite/local/k3/all/control-coverage,0,1280.7572691253283,1280.7648582733318,8192.0,8192.0,1.0
overwrite/local/k3/all/control-coverage,1,1289.5320329167473,1289.540292593384,8192.0,8192.0,1.0
overwrite/local/k3/all/control-coverage,2,1285.897195976848,1285.9050899124936,8192.0,8192.0,1.0
overwrite/local/k3/all/ikea,0,529.3016088486704,529.3047385616387,8192.0,8192.0,0.0
overwrite/local/k3/all/ikea,1,526.5908245349533,526.5939416790583,8192.0,8192.0,0.0
overwrite/local/k3/all/ikea,2,529.4606209150637,529.463738059258,8192.0,8192.0,0.0
overwrite/local/k3/all/prior,0,1290.4300309882701,1290.4379467975423,8192.0,8192.0,0.0
overwrite/local/k3/all/prior,1,1300.531924032793,1300.5399012054847,8192.0,8192.0,0.0
overwrite/local/k3/all/prior,2,1289.6467339613473,1289.6546804529287,8192.0,8192.0,0.0
overwrite/local/k3/prefilter75/ikea2-raw,0,1374.7138867899318,1374.7959197073114,8192.0,6144.0,0.0
overwrite/local/k3/prefilter75/ikea2-raw,1,1371.8080751668087,1371.816518284064,8192.0,6144.0,0.0
overwrite/local/k3/prefilter75/ikea2-raw,2,1370.4637471665458,1370.472518807982,8192.0,6144.0,0.0
overwrite/local/k3/prefilter75/ikea2-coverage,0,1345.5167269584078,1345.5246982733152,8192.0,6144.0,1.0
overwrite/local/k3/prefilter75/ikea2-coverage,1,1351.6408746037432,1351.649166051625,8192.0,6144.0,1.0
overwrite/local/k3/prefilter75/ikea2-coverage,2,1355.5052341773578,1355.5135256277415,8192.0,6144.0,1.0
overwrite/local/k3/prefilter75/ikea2-sum-coverage,0,2163.533814433044,2163.546597938707,8192.0,6144.0,1.0
overwrite/local/k3/prefilter75/ikea2-sum-coverage,1,2151.0111340205053,2151.023865979406,8192.0,6144.0,1.0
overwrite/local/k3/prefilter75/ikea2-sum-coverage,2,2145.740515463926,2145.753247422827,8192.0,6144.0,1.0
overwrite/local/k3/prefilter75/ikea-materialized-sum-coverage,0,3649.8743255005975,3649.8950391676035,8192.0,6144.0,1.0
overwrite/local/k3/prefilter75/ikea-materialized-sum-coverage,1,3632.704612706702,3632.72697998228,8192.0,6144.0,1.0
overwrite/local/k3/prefilter75/ikea-materialized-sum-coverage,2,3639.5418624890012,3639.5625761522974,8192.0,6144.0,1.0
overwrite/local/k7/all/ikea2-raw,0,524.6063601952374,524.6094606034587,8192.0,8192.0,0.0
overwrite/local/k7/all/ikea2-raw,1,526.2594132881702,526.2626631140305,8192.0,8192.0,0.0
overwrite/local/k7/all/ikea2-raw,2,523.9851578842544,524.0071844803166,8192.0,8192.0,0.0
overwrite/local/k7/all/ikea2-coverage,0,535.4260838709027,535.429252157522,8192.0,8192.0,1.0
overwrite/local/k7/all/ikea2-coverage,1,535.3012533742242,535.3045483920974,8192.0,8192.0,1.0
overwrite/local/k7/all/ikea2-coverage,2,537.8887424436355,537.8921768661808,8192.0,8192.0,1.0
overwrite/local/k7/all/ikea2-sum-coverage,0,1666.1152060936045,1666.1254810171004,8192.0,8192.0,1.0
overwrite/local/k7/all/ikea2-sum-coverage,1,1661.497441186907,1661.5072797229443,8192.0,8192.0,1.0
overwrite/local/k7/all/ikea2-sum-coverage,2,1643.7004006823088,1643.7105169191486,8192.0,8192.0,1.0
overwrite/local/k7/all/ikea-materialized-sum-coverage,0,1647.2386519675501,1647.2487739797145,8192.0,8192.0,1.0
overwrite/local/k7/all/ikea-materialized-sum-coverage,1,1640.0410373101547,1640.081721527454,8192.0,8192.0,1.0
overwrite/local/k7/all/ikea-materialized-sum-coverage,2,1652.2486562831443,1652.2584252036,8192.0,8192.0,1.0
overwrite/local/k7/all/control-coverage,0,1300.1041750989061,1300.112176593126,8192.0,8192.0,1.0
overwrite/local/k7/all/control-coverage,1,1302.084934151144,1302.0929356451425,8192.0,8192.0,1.0
overwrite/local/k7/all/control-coverage,2,1311.5254522245357,1311.533515987421,8192.0,8192.0,1.0
overwrite/local/k7/all/ikea,0,605.8304009819944,605.8341419222152,8192.0,8192.0,0.0
overwrite/local/k7/all/ikea,1,598.7044803600714,598.7080313301005,8192.0,8192.0,0.0
overwrite/local/k7/all/ikea,2,596.0132101940582,596.0347059853585,8192.0,8192.0,0.0
overwrite/local/k7/all/prior,0,1288.0127173311382,1288.020642624498,8192.0,8192.0,0.0
overwrite/local/k7/all/prior,1,1295.260674571429,1295.4170301649438,8192.0,8192.0,0.0
overwrite/local/k7/all/prior,2,1288.2443324937033,1288.2522885052567,8192.0,8192.0,0.0
overwrite/local/k7/prefilter75/ikea2-raw,0,1401.6173320025443,1401.6255821684974,8192.0,6144.0,0.0
overwrite/local/k7/prefilter75/ikea2-raw,1,1399.184165003398,1399.1924151700603,8192.0,6144.0,0.0
overwrite/local/k7/prefilter75/ikea2-raw,2,1400.637258815688,1400.64587491635,8192.0,6144.0,0.0
overwrite/local/k7/prefilter75/ikea2-coverage,0,1394.8631949987189,1394.87177440861,8192.0,6144.0,1.0
overwrite/local/k7/prefilter75/ikea2-coverage,1,1392.9956770417057,1393.0035581279892,8192.0,6144.0,1.0
overwrite/local/k7/prefilter75/ikea2-coverage,2,1384.6965948390723,1384.7047752059232,8192.0,6144.0,1.0
overwrite/local/k7/prefilter75/ikea2-sum-coverage,0,2225.0128998426967,2225.0265862598653,8192.0,6144.0,1.0
overwrite/local/k7/prefilter75/ikea2-sum-coverage,1,2221.408862087124,2221.4224960683255,8192.0,6144.0,1.0
overwrite/local/k7/prefilter75/ikea2-sum-coverage,2,2221.511064499176,2221.524698478701,8192.0,6144.0,1.0
overwrite/local/k7/prefilter75/ikea-materialized-sum-coverage,0,3803.685314685262,3803.7069212830315,8192.0,6144.0,1.0
overwrite/local/k7/prefilter75/ikea-materialized-sum-coverage,1,3789.2528240988877,3789.437511206007,8192.0,6144.0,1.0
overwrite/local/k7/prefilter75/ikea-materialized-sum-coverage,2,3757.9402904786507,3757.9616281190492,8192.0,6144.0,1.0
overwrite/local/k12/all/ikea2-raw,0,978.6030482839037,978.6088423502873,8192.0,8192.0,0.0
overwrite/local/k12/all/ikea2-raw,1,988.1164863292472,988.1225828973583,8192.0,8192.0,0.0
overwrite/local/k12/all/ikea2-raw,2,992.8720651542005,992.8779290285352,8192.0,8192.0,0.0
overwrite/local/k12/all/ikea2-coverage,0,996.2900146495798,996.2956618311821,8192.0,8192.0,1.0
overwrite/local/k12/all/ikea2-coverage,1,995.3961533009532,995.4022730490464,8192.0,8192.0,1.0
overwrite/local/k12/all/ikea2-coverage,2,995.0216672180554,995.059685270256,8192.0,8192.0,1.0
overwrite/local/k12/all/ikea2-sum-coverage,0,1665.3212921706863,1665.3315563353374,8192.0,8192.0,1.0
overwrite/local/k12/all/ikea2-sum-coverage,1,1668.917727562066,1668.9279917258687,8192.0,8192.0,1.0
overwrite/local/k12/all/ikea2-sum-coverage,2,1693.8927036919722,1693.9022915346218,8192.0,8192.0,1.0
overwrite/local/k12/all/ikea-materialized-sum-coverage,0,2927.2126818246234,2927.230687758733,8192.0,8192.0,1.0
overwrite/local/k12/all/ikea-materialized-sum-coverage,1,2927.360965965258,2927.3782657810925,8192.0,8192.0,1.0
overwrite/local/k12/all/ikea-materialized-sum-coverage,2,2908.2097161419033,2908.3405592457075,8192.0,8192.0,1.0
overwrite/local/k12/all/control-coverage,0,1327.4725505146678,1327.4807154666428,8192.0,8192.0,1.0
overwrite/local/k12/all/control-coverage,1,1340.0132164188492,1340.021444910063,8192.0,8192.0,1.0
overwrite/local/k12/all/control-coverage,2,1338.1174863388248,1338.1250794252333,8192.0,8192.0,1.0
overwrite/local/k12/all/ikea,0,1337.8800789709226,1337.8879760531665,8192.0,8192.0,0.0
overwrite/local/k12/all/ikea,1,1332.8476308750683,1332.8554642705863,8192.0,8192.0,0.0
overwrite/local/k12/all/ikea,2,1350.0129282893345,1350.0209209005916,8192.0,8192.0,0.0
overwrite/local/k12/prefilter75/ikea2-raw,0,1678.9224227837913,1678.9323305261453,8192.0,6144.0,0.0
overwrite/local/k12/prefilter75/ikea2-raw,1,1685.9866425993473,1686.1349378258537,8192.0,6144.0,0.0
overwrite/local/k12/prefilter75/ikea2-raw,2,1677.749538708383,1677.7590453271314,8192.0,6144.0,0.0
overwrite/local/k12/prefilter75/ikea2-coverage,0,1745.9165690376437,1745.9268619255247,8192.0,6144.0,1.0
overwrite/local/k12/prefilter75/ikea2-coverage,1,1747.3943933055125,1747.4047280336579,8192.0,6144.0,1.0
overwrite/local/k12/prefilter75/ikea2-coverage,2,1755.7329288702704,1755.7432635985645,8192.0,6144.0,1.0
overwrite/local/k12/prefilter75/ikea2-sum-coverage,0,1948.9470847851785,1949.0770731711339,8192.0,6144.0,1.0
overwrite/local/k12/prefilter75/ikea2-sum-coverage,1,1943.7768176539573,1943.788339141719,8192.0,6144.0,1.0
overwrite/local/k12/prefilter75/ikea2-sum-coverage,2,1942.2818118466819,1942.2937514536054,8192.0,6144.0,1.0
overwrite/local/k12/prefilter75/ikea-materialized-sum-coverage,0,5014.828343075212,5014.994035551188,8192.0,6144.0,1.0
overwrite/local/k12/prefilter75/ikea-materialized-sum-coverage,1,5013.776213766144,5013.805916732542,8192.0,6144.0,1.0
overwrite/local/k12/prefilter75/ikea-materialized-sum-coverage,2,5061.908147441447,5061.939401168848,8192.0,6144.0,1.0
overwrite/local/k31/all/ikea2-raw,0,1607.4031867921044,1607.4127087724416,8192.0,8192.0,0.0
overwrite/local/k31/all/ikea2-raw,1,1606.3707429448827,1606.380648878016,8192.0,8192.0,0.0
overwrite/local/k31/all/ikea2-raw,2,1608.2014206182,1608.21094259881,8192.0,8192.0,0.0
overwrite/local/k31/all/ikea2-coverage,0,1613.9835871598464,1613.9927478139637,8192.0,8192.0,1.0
overwrite/local/k31/all/ikea2-coverage,1,1607.5886865910006,1607.5978472449826,8192.0,8192.0,1.0
overwrite/local/k31/all/ikea2-coverage,2,1624.3725714722132,1624.3825336843865,8192.0,8192.0,1.0
overwrite/local/k31/all/ikea2-sum-coverage,0,3933.0853226406166,3933.1094740753338,8192.0,8192.0,1.0
overwrite/local/k31/all/ikea2-sum-coverage,1,3900.20663931396,3900.4004102940735,8192.0,8192.0,1.0
overwrite/local/k31/all/ikea2-sum-coverage,2,3878.9328608730025,3878.956732562658,8192.0,8192.0,1.0
overwrite/local/k31/all/ikea-materialized-sum-coverage,0,4161.771546635526,4161.79614325027,8192.0,8192.0,1.0
overwrite/local/k31/all/ikea-materialized-sum-coverage,1,4153.513970877714,4155.212219597641,8192.0,8192.0,1.0
overwrite/local/k31/all/ikea-materialized-sum-coverage,2,4173.4009248323255,4173.424537584465,8192.0,8192.0,1.0
overwrite/local/k31/all/control-coverage,0,2055.86836141504,2055.881022762908,8192.0,8192.0,1.0
overwrite/local/k31/all/control-coverage,1,2058.0892698789075,2058.101931224325,8192.0,8192.0,1.0
overwrite/local/k31/all/control-coverage,2,2064.540151739103,2064.551877031455,8192.0,8192.0,1.0
overwrite/local/k31/all/ikea,0,2067.8841668696823,2067.895925837123,8192.0,8192.0,0.0
overwrite/local/k31/all/ikea,1,2043.4762625030648,2043.561063673818,8192.0,8192.0,0.0
overwrite/local/k31/all/ikea,2,2045.19326665034,2045.2058550875854,8192.0,8192.0,0.0
overwrite/local/k31/prefilter75/ikea2-raw,0,4990.763735611643,4990.793283492101,8192.0,6144.0,0.0
overwrite/local/k31/prefilter75/ikea2-raw,1,5004.244215022919,5004.2750682337055,8192.0,6144.0,0.0
overwrite/local/k31/prefilter75/ikea2-raw,2,4975.949448201518,4975.978877416197,8192.0,6144.0,0.0
overwrite/local/k31/prefilter75/ikea2-coverage,0,4888.455455922438,4888.485384881921,8192.0,6144.0,1.0
overwrite/local/k31/prefilter75/ikea2-coverage,1,4856.4301851636565,4856.45894957446,8192.0,6144.0,1.0
overwrite/local/k31/prefilter75/ikea2-coverage,2,4871.638057528593,4871.6679864946955,8192.0,6144.0,1.0
overwrite/local/k31/prefilter75/ikea2-sum-coverage,0,6234.801841949071,6234.838680926969,8192.0,6144.0,1.0
overwrite/local/k31/prefilter75/ikea2-sum-coverage,1,6218.663992869964,6218.930926913593,8192.0,6144.0,1.0
overwrite/local/k31/prefilter75/ikea2-sum-coverage,2,6206.517528223304,6206.555704100236,8192.0,6144.0,1.0
overwrite/local/k31/prefilter75/ikea-materialized-sum-coverage,0,6223.852766210635,6223.89113623377,8192.0,6144.0,1.0
overwrite/local/k31/prefilter75/ikea-materialized-sum-coverage,1,6200.350386674426,6200.38860796651,8192.0,6144.0,1.0
overwrite/local/k31/prefilter75/ikea-materialized-sum-coverage,2,6257.216835217566,6257.255353958014,8192.0,6144.0,1.0
overwrite/local/k56/all/ikea2-raw,0,819.1727079722787,819.2081377461253,8192.0,8192.0,0.0
overwrite/local/k56/all/ikea2-raw,1,814.2437038623922,814.2485343099158,8192.0,8192.0,0.0
overwrite/local/k56/all/ikea2-raw,2,820.3978496718189,820.5503398844119,8192.0,8192.0,0.0
overwrite/local/k56/all/ikea2-coverage,0,825.1682455178202,825.1731386525967,8192.0,8192.0,1.0
overwrite/local/k56/all/ikea2-coverage,1,820.152000313173,820.1568543024575,8192.0,8192.0,1.0
overwrite/local/k56/all/ikea2-coverage,2,818.7529554528708,818.7578094415987,8192.0,8192.0,1.0
overwrite/local/k56/all/ikea2-sum-coverage,0,1381.3251679822179,1381.333322461564,8192.0,8192.0,1.0
overwrite/local/k56/all/ikea2-sum-coverage,1,1384.3373996998482,1384.3459455937282,8192.0,8192.0,1.0
overwrite/local/k56/all/ikea2-sum-coverage,2,1379.0692804488178,1379.0771087487676,8192.0,8192.0,1.0
overwrite/local/k56/all/ikea-materialized-sum-coverage,0,2659.1589269898946,2659.1746805009493,8192.0,8192.0,1.0
overwrite/local/k56/all/ikea-materialized-sum-coverage,1,2656.051879033031,2656.1580412492544,8192.0,8192.0,1.0
overwrite/local/k56/all/ikea-materialized-sum-coverage,2,2657.97266860685,2658.296469696662,8192.0,8192.0,1.0
overwrite/local/k56/all/control-coverage,0,1155.9052166712213,1155.9120618269515,8192.0,8192.0,1.0
overwrite/local/k56/all/control-coverage,1,1159.0184101572656,1159.025503726228,8192.0,8192.0,1.0
overwrite/local/k56/all/control-coverage,2,1161.3829975160218,1161.3898702721106,8192.0,8192.0,1.0
overwrite/local/k56/all/ikea,0,1160.3973484325616,1160.4042259357473,8192.0,8192.0,0.0
overwrite/local/k56/all/ikea,1,1160.061207015686,1160.068360722661,8192.0,8192.0,0.0
overwrite/local/k56/all/ikea,2,1160.5089352299742,1160.5155365285855,8192.0,8192.0,0.0
overwrite/local/k56/all/prior,0,1159.3445810301316,1159.3514011502434,8192.0,8192.0,0.0
overwrite/local/k56/all/prior,1,1164.1642878750665,1164.17143800059,8192.0,8192.0,0.0
overwrite/local/k56/all/prior,2,1159.1415999778756,1159.148447597005,8192.0,8192.0,0.0
overwrite/local/k56/prefilter75/ikea2-raw,0,912.9548512289095,912.9604786538407,8192.0,6144.0,0.0
overwrite/local/k56/prefilter75/ikea2-raw,1,912.6797542043186,912.6849072878939,8192.0,6144.0,0.0
overwrite/local/k56/prefilter75/ikea2-raw,2,913.8946959895196,913.9001078057881,8192.0,6144.0,0.0
overwrite/local/k56/prefilter75/ikea2-coverage,0,923.6954042118001,923.7010851476917,8192.0,6144.0,1.0
overwrite/local/k56/prefilter75/ikea2-coverage,1,915.3479794952513,915.3531722264894,8192.0,6144.0,1.0
overwrite/local/k56/prefilter75/ikea2-coverage,2,918.081042096681,918.086257018366,8192.0,6144.0,1.0
overwrite/local/k56/prefilter75/ikea2-sum-coverage,0,1651.6911348631393,1651.7013124803848,8192.0,6144.0,1.0
overwrite/local/k56/prefilter75/ikea2-sum-coverage,1,1654.6120323796601,1654.621777743281,8192.0,6144.0,1.0
overwrite/local/k56/prefilter75/ikea2-sum-coverage,2,1652.7104684063472,1652.7721235467345,8192.0,6144.0,1.0
overwrite/local/k56/prefilter75/ikea-materialized-sum-coverage,0,4725.114783586567,4725.141652607946,8192.0,6144.0,1.0
overwrite/local/k56/prefilter75/ikea-materialized-sum-coverage,1,4718.853962900395,4718.880719505845,8192.0,6144.0,1.0
overwrite/local/k56/prefilter75/ikea-materialized-sum-coverage,2,4721.117032040686,4721.144912873324,8192.0,6144.0,1.0
overwrite/local/k64/all/ikea2-raw,0,637.8936749691412,637.8976005353177,8192.0,8192.0,0.0
overwrite/local/k64/all/ikea2-raw,1,636.9109139875394,636.9148243389358,8192.0,8192.0,0.0
overwrite/local/k64/all/ikea2-raw,2,636.5769517520871,636.5806947339814,8192.0,8192.0,0.0
overwrite/local/k64/all/ikea2-coverage,0,633.1775391485805,633.1812907244349,8192.0,8192.0,1.0
overwrite/local/k64/all/ikea2-coverage,1,633.6061604823985,633.6097601732274,8192.0,8192.0,1.0
overwrite/local/k64/all/ikea2-coverage,2,632.5134950408656,632.5429001045762,8192.0,8192.0,1.0
overwrite/local/k64/all/ikea2-sum-coverage,0,940.1781823875792,940.1835283066079,8192.0,8192.0,1.0
overwrite/local/k64/all/ikea2-sum-coverage,1,943.2738944685602,943.2794864332155,8192.0,8192.0,1.0
overwrite/local/k64/all/ikea2-sum-coverage,2,949.4943968506395,949.5000335519758,8192.0,8192.0,1.0
overwrite/local/k64/all/ikea-materialized-sum-coverage,0,1974.5548760253141,1974.5665860710908,8192.0,8192.0,1.0
overwrite/local/k64/all/ikea-materialized-sum-coverage,1,1981.4400986107219,1981.4513345648547,8192.0,8192.0,1.0
overwrite/local/k64/all/ikea-materialized-sum-coverage,2,1980.7299103968116,1980.7416204419146,8192.0,8192.0,1.0
overwrite/local/k64/all/control-coverage,0,651.2781568644774,651.2821643529926,8192.0,8192.0,1.0
overwrite/local/k64/all/control-coverage,1,653.9823763325896,654.0295532967117,8192.0,8192.0,1.0
overwrite/local/k64/all/control-coverage,2,651.9956366336172,651.999489393698,8192.0,8192.0,1.0
overwrite/local/k64/all/ikea,0,647.8659900038181,647.8696808926805,8192.0,8192.0,0.0
overwrite/local/k64/all/ikea,1,649.5015148020176,649.5053594772421,8192.0,8192.0,0.0
overwrite/local/k64/all/ikea,2,649.7195847751182,649.7651057293043,8192.0,8192.0,0.0
overwrite/local/k64/prefilter75/ikea2-raw,0,729.3635433821862,729.367859928382,8192.0,6144.0,0.0
overwrite/local/k64/prefilter75/ikea2-raw,1,732.3112767617549,732.3156106442821,8192.0,6144.0,0.0
overwrite/local/k64/prefilter75/ikea2-raw,2,726.1134783739341,726.1472479847124,8192.0,6144.0,0.0
overwrite/local/k64/prefilter75/ikea2-coverage,0,737.6928065728971,737.697159339189,8192.0,6144.0,1.0
overwrite/local/k64/prefilter75/ikea2-coverage,1,741.5726946944435,741.5770824220962,8192.0,6144.0,1.0
overwrite/local/k64/prefilter75/ikea2-coverage,2,746.2696617427545,746.2740844327615,8192.0,6144.0,1.0
overwrite/local/k64/prefilter75/ikea2-sum-coverage,0,1432.6309620596016,1432.6391260167964,8192.0,6144.0,1.0
overwrite/local/k64/prefilter75/ikea2-sum-coverage,1,1417.4260162602131,1417.4344173441968,8192.0,6144.0,1.0
overwrite/local/k64/prefilter75/ikea2-sum-coverage,2,1415.976829268305,1415.9851964773084,8192.0,6144.0,1.0
overwrite/local/k64/prefilter75/ikea-materialized-sum-coverage,0,4022.775407778932,4022.7981855049743,8192.0,6144.0,1.0
overwrite/local/k64/prefilter75/ikea-materialized-sum-coverage,1,4014.807064955302,4014.8308078385417,8192.0,6144.0,1.0
overwrite/local/k64/prefilter75/ikea-materialized-sum-coverage,2,4005.414149213401,4005.4378920959543,8192.0,6144.0,1.0
overwrite/striped/k3/all/ikea2-raw,0,50.3406146785001,50.340911365582684,8192.0,8192.0,0.0
overwrite/striped/k3/all/ikea2-raw,1,50.2752708312503,50.27558062504014,8192.0,8192.0,0.0
overwrite/striped/k3/all/ikea2-raw,2,50.156357683124824,50.15666628536195,8192.0,8192.0,0.0
overwrite/striped/k3/all/ikea2-coverage,0,51.281974616163176,51.28228973252109,8192.0,8192.0,1.0
overwrite/striped/k3/all/ikea2-coverage,1,51.202006564117134,51.206018237945685,8192.0,8192.0,1.0
overwrite/striped/k3/all/ikea2-coverage,2,51.05109006026064,51.05140396461948,8192.0,8192.0,1.0
overwrite/striped/k3/all/ikea2-sum-coverage,0,230.8230776002369,230.82444209694836,8192.0,8192.0,1.0
overwrite/striped/k3/all/ikea2-sum-coverage,1,232.78163101370538,232.78300651446236,8192.0,8192.0,1.0
overwrite/striped/k3/all/ikea2-sum-coverage,2,232.00199172498236,232.00336722566112,8192.0,8192.0,1.0
overwrite/striped/k3/all/ikea-materialized-sum-coverage,0,726.8441900796911,726.848491154946,8192.0,8192.0,1.0
overwrite/striped/k3/all/ikea-materialized-sum-coverage,1,730.8395074574944,730.8750433583822,8192.0,8192.0,1.0
overwrite/striped/k3/all/ikea-materialized-sum-coverage,2,729.615626083894,729.6199271600116,8192.0,8192.0,1.0
overwrite/striped/k3/all/control-coverage,0,49.45177255061054,49.45206533902484,8192.0,8192.0,1.0
overwrite/striped/k3/all/control-coverage,1,49.606962225573966,49.607268000594,8192.0,8192.0,1.0
overwrite/striped/k3/all/control-coverage,2,50.2278991957806,50.22820733202303,8192.0,8192.0,1.0
overwrite/striped/k3/all/ikea,0,50.48530334936383,50.48561420395761,8192.0,8192.0,0.0
overwrite/striped/k3/all/ikea,1,50.43106707807852,50.43136462769076,8192.0,8192.0,0.0
overwrite/striped/k3/all/ikea,2,50.74190961508402,50.74220958380725,8192.0,8192.0,0.0
overwrite/striped/k3/all/prior,0,49.42713173834016,49.42946117289887,8192.0,8192.0,0.0
overwrite/striped/k3/all/prior,1,49.74617915186353,49.74648486766559,8192.0,8192.0,0.0
overwrite/striped/k3/all/prior,2,49.442105818430555,49.442421125317544,8192.0,8192.0,0.0
overwrite/striped/k3/prefilter75/ikea2-raw,0,89.42815515755207,89.42870551301243,8192.0,6144.0,0.0
overwrite/striped/k3/prefilter75/ikea2-raw,1,89.23757860696784,89.23810763070114,8192.0,6144.0,0.0
overwrite/striped/k3/prefilter75/ikea2-raw,2,89.0278676075276,89.0283944981382,8192.0,6144.0,0.0
overwrite/striped/k3/prefilter75/ikea2-coverage,0,91.12223271824526,91.12277251378414,8192.0,6144.0,1.0
overwrite/striped/k3/prefilter75/ikea2-coverage,1,91.22698623742282,91.22754594344676,8192.0,6144.0,1.0
overwrite/striped/k3/prefilter75/ikea2-coverage,2,90.7046898056168,90.71641929734795,8192.0,6144.0,1.0
overwrite/striped/k3/prefilter75/ikea2-sum-coverage,0,352.99364565055095,353.0032904953541,8192.0,6144.0,1.0
overwrite/striped/k3/prefilter75/ikea2-sum-coverage,1,354.67062309557065,354.6727216259337,8192.0,6144.0,1.0
overwrite/striped/k3/prefilter75/ikea2-sum-coverage,2,355.27063484736124,355.2727333774858,8192.0,6144.0,1.0
overwrite/striped/k3/prefilter75/ikea-materialized-sum-coverage,0,2842.806484433109,2842.823984264503,8192.0,6144.0,1.0
overwrite/striped/k3/prefilter75/ikea-materialized-sum-coverage,1,2870.1815098692337,2870.1985348973008,8192.0,6144.0,1.0
overwrite/striped/k3/prefilter75/ikea-materialized-sum-coverage,2,2859.8335481244308,2859.976666892452,8192.0,6144.0,1.0
overwrite/striped/k7/all/ikea2-raw,0,81.41583365500338,81.41629649264627,8192.0,8192.0,0.0
overwrite/striped/k7/all/ikea2-raw,1,80.76943773873099,80.77175768819829,8192.0,8192.0,0.0
overwrite/striped/k7/all/ikea2-raw,2,81.17930635815928,81.18896641253914,8192.0,8192.0,0.0
overwrite/striped/k7/all/ikea2-coverage,0,96.55801792828498,96.55861046550227,8192.0,8192.0,1.0
overwrite/striped/k7/all/ikea2-coverage,1,96.03529400914539,96.0358611848519,8192.0,8192.0,1.0
overwrite/striped/k7/all/ikea2-coverage,2,96.08175169690695,96.08231887264621,8192.0,8192.0,1.0
overwrite/striped/k7/all/ikea2-sum-coverage,0,286.21120454294396,286.2128972372463,8192.0,8192.0,1.0
overwrite/striped/k7/all/ikea2-sum-coverage,1,285.5623157147222,285.56407666258264,8192.0,8192.0,1.0
overwrite/striped/k7/all/ikea2-sum-coverage,2,286.9563312220479,286.95803074141503,8192.0,8192.0,1.0
overwrite/striped/k7/all/ikea-materialized-sum-coverage,0,758.0229951342967,758.0274644081533,8192.0,8192.0,1.0
overwrite/striped/k7/all/ikea-materialized-sum-coverage,1,755.9582987925967,755.9625878537877,8192.0,8192.0,1.0
overwrite/striped/k7/all/ikea-materialized-sum-coverage,2,751.6859974769673,751.6906289422874,8192.0,8192.0,1.0
overwrite/striped/k7/all/control-coverage,0,74.21748590189796,74.21792458838429,8192.0,8192.0,1.0
overwrite/striped/k7/all/control-coverage,1,73.8017066319436,73.80212586065419,8192.0,8192.0,1.0
overwrite/striped/k7/all/control-coverage,2,73.79427726400708,73.79963171563557,8192.0,8192.0,1.0
overwrite/striped/k7/all/ikea,0,75.65509891878615,75.65552911688785,8192.0,8192.0,0.0
overwrite/striped/k7/all/ikea,1,75.73751666795413,75.73796471661451,8192.0,8192.0,0.0
overwrite/striped/k7/all/ikea,2,76.44287915003513,76.44335040443704,8192.0,8192.0,0.0
overwrite/striped/k7/all/prior,0,73.70489931272809,73.70533416291796,8192.0,8192.0,0.0
overwrite/striped/k7/all/prior,1,73.31036994088001,73.31080302344235,8192.0,8192.0,0.0
overwrite/striped/k7/all/prior,2,73.11458127104231,73.11501435361723,8192.0,8192.0,0.0
overwrite/striped/k7/prefilter75/ikea2-raw,0,157.83877472090958,157.8447787084718,8192.0,6144.0,0.0
overwrite/striped/k7/prefilter75/ikea2-raw,1,157.42619676109038,157.42712420621206,8192.0,6144.0,0.0
overwrite/striped/k7/prefilter75/ikea2-raw,2,157.47331623630419,157.47428498493895,8192.0,6144.0,0.0
overwrite/striped/k7/prefilter75/ikea2-coverage,0,153.9350127529859,153.93595687756172,8192.0,6144.0,1.0
overwrite/striped/k7/prefilter75/ikea2-coverage,1,154.45932762221568,154.46027906566587,8192.0,6144.0,1.0
overwrite/striped/k7/prefilter75/ikea2-coverage,2,154.6274403609445,154.62839180442072,8192.0,6144.0,1.0
overwrite/striped/k7/prefilter75/ikea2-sum-coverage,0,398.0443037375385,398.04674925855153,8192.0,6144.0,1.0
overwrite/striped/k7/prefilter75/ikea2-sum-coverage,1,399.26734850563514,399.28648612813015,8192.0,6144.0,1.0
overwrite/striped/k7/prefilter75/ikea2-sum-coverage,2,401.97705191517133,401.97942160587326,8192.0,6144.0,1.0
overwrite/striped/k7/prefilter75/ikea-materialized-sum-coverage,0,2875.1749675478154,2875.1926624328394,8192.0,6144.0,1.0
overwrite/striped/k7/prefilter75/ikea-materialized-sum-coverage,1,2869.199016191877,2869.2159595540484,8192.0,6144.0,1.0
overwrite/striped/k7/prefilter75/ikea-materialized-sum-coverage,2,2858.5220332034055,2858.538839926515,8192.0,6144.0,1.0
overwrite/striped/k12/all/ikea2-raw,0,237.4708725886056,237.47227456282053,8192.0,8192.0,0.0
overwrite/striped/k12/all/ikea2-raw,1,238.77745625841635,238.78705697630417,8192.0,8192.0,0.0
overwrite/striped/k12/all/ikea2-raw,2,236.95181135036947,236.95320771646882,8192.0,8192.0,0.0
overwrite/striped/k12/all/ikea2-coverage,0,262.92603890585883,262.92759538939356,8192.0,8192.0,1.0
overwrite/striped/k12/all/ikea2-coverage,1,264.9247824673884,264.92640771090976,8192.0,8192.0,1.0
overwrite/striped/k12/all/ikea2-coverage,2,264.94015352305274,264.94172250819724,8192.0,8192.0,1.0
overwrite/striped/k12/all/ikea2-sum-coverage,0,746.9838296052972,746.9882461894747,8192.0,8192.0,1.0
overwrite/striped/k12/all/ikea2-sum-coverage,1,747.4832062972638,747.4877831600005,8192.0,8192.0,1.0
overwrite/striped/k12/all/ikea2-sum-coverage,2,757.269660920377,757.3291779458367,8192.0,8192.0,1.0
overwrite/striped/k12/all/ikea-materialized-sum-coverage,0,1014.7670709739192,1014.7730515181778,8192.0,8192.0,1.0
overwrite/striped/k12/all/ikea-materialized-sum-coverage,1,1019.5430767383056,1019.5493455016344,8192.0,8192.0,1.0
overwrite/striped/k12/all/ikea-materialized-sum-coverage,2,1021.9542692446117,1021.986501741587,8192.0,8192.0,1.0
overwrite/striped/k12/all/control-coverage,0,179.59993323945085,179.60099456067638,8192.0,8192.0,1.0
overwrite/striped/k12/all/control-coverage,1,179.96591789311367,179.9670220096765,8192.0,8192.0,1.0
overwrite/striped/k12/all/control-coverage,2,180.4262274736478,180.42728879496457,8192.0,8192.0,1.0
overwrite/striped/k12/all/ikea,0,179.59027649707613,179.5912972247326,8192.0,8192.0,0.0
overwrite/striped/k12/all/ikea,1,180.20618698184487,180.20729777351363,8192.0,8192.0,0.0
overwrite/striped/k12/all/ikea,2,179.41053408072608,179.41164058388193,8192.0,8192.0,0.0
overwrite/striped/k12/prefilter75/ikea2-raw,0,473.73356572592,473.7364781289748,8192.0,6144.0,0.0
overwrite/striped/k12/prefilter75/ikea2-raw,1,476.7669740244842,476.769785224537,8192.0,6144.0,0.0
overwrite/striped/k12/prefilter75/ikea2-raw,2,475.8080062970926,475.8109411899077,8192.0,6144.0,0.0
overwrite/striped/k12/prefilter75/ikea2-coverage,0,533.1720302198456,533.1751812809019,8192.0,6144.0,1.0
overwrite/striped/k12/prefilter75/ikea2-coverage,1,537.6851216764865,537.6883107026322,8192.0,6144.0,1.0
overwrite/striped/k12/prefilter75/ikea2-coverage,2,535.3179028359924,535.3444780503066,8192.0,6144.0,1.0
overwrite/striped/k12/prefilter75/ikea2-sum-coverage,0,928.8042906115727,928.8097755166925,8192.0,6144.0,1.0
overwrite/striped/k12/prefilter75/ikea2-sum-coverage,1,939.047373659175,939.0529027972498,8192.0,6144.0,1.0
overwrite/striped/k12/prefilter75/ikea2-sum-coverage,2,934.6837553909002,934.689063362943,8192.0,6144.0,1.0
overwrite/striped/k12/prefilter75/ikea-materialized-sum-coverage,0,3122.49578641165,3122.5142814511755,8192.0,6144.0,1.0
overwrite/striped/k12/prefilter75/ikea-materialized-sum-coverage,1,3106.2522186595356,3106.271384887723,8192.0,6144.0,1.0
overwrite/striped/k12/prefilter75/ikea-materialized-sum-coverage,2,3104.053695279035,3104.0727869344137,8192.0,6144.0,1.0
pipeline-mutation/k7/depth3/inline,0,3611.6110968183484,3611.7825229400814,8192.0,,
pipeline-mutation/k7/depth3/inline,1,3629.0571992112327,3629.0795815145816,8192.0,,
pipeline-mutation/k7/depth3/inline,2,3691.7748049050188,3691.796672670866,8192.0,,
pipeline-mutation/k7/depth3/cps,0,4744.161978990167,4744.189992093783,8192.0,,
pipeline-mutation/k7/depth3/cps,1,4794.375465944161,4794.403817917189,8192.0,,
pipeline-mutation/k7/depth3/cps,2,4764.12809217239,4764.156331184131,8192.0,,
pipeline-mutation/k7/depth3/scratch-calls,0,5449.797776053977,5449.830100849807,8192.0,,
pipeline-mutation/k7/depth3/scratch-calls,1,5466.344194466338,5466.3765192686,8192.0,,
pipeline-mutation/k7/depth3/scratch-calls,2,5442.608869924339,5442.642229124866,8192.0,,
pipeline-mutation/k7/depth3/fused,0,2967.595561562151,2967.61384166666,8192.0,,
pipeline-mutation/k7/depth3/fused,1,2951.9884771317056,2952.005974823489,8192.0,,
pipeline-mutation/k7/depth3/fused,2,2967.2043530835736,2967.222562061031,8192.0,,
pipeline-mutation/k12/depth3/inline,0,4314.04227239933,4314.068873079083,8192.0,,
pipeline-mutation/k12/depth3/inline,1,4287.897309000414,4287.922672442042,8192.0,,
pipeline-mutation/k12/depth3/inline,2,4326.157954427939,4326.1835240786095,8192.0,,
pipeline-mutation/k12/depth3/cps,0,6094.178068264334,6094.214088597247,8192.0,,
pipeline-mutation/k12/depth3/cps,1,6055.611619462581,6056.324183003555,8192.0,,
pipeline-mutation/k12/depth3/cps,2,6062.291358024197,6062.327087867423,8192.0,,
pipeline-mutation/k12/depth3/scratch-calls,0,6737.955832932786,6737.995679309795,8192.0,,
pipeline-mutation/k12/depth3/scratch-calls,1,6804.689870379428,6804.731637057025,8192.0,,
pipeline-mutation/k12/depth3/scratch-calls,2,6703.967994879592,6704.007681231556,8192.0,,
pipeline-mutation/k12/depth3/fused,0,3185.678061379554,3185.697736249073,8192.0,,
pipeline-mutation/k12/depth3/fused,1,3201.8259647522914,3201.8448040113544,8192.0,,
pipeline-mutation/k12/depth3/fused,2,3193.744758431877,3193.764433301396,8192.0,,
pipeline-mutation/k31/depth3/inline,0,9365.96077557247,9366.35725429227,8192.0,,
pipeline-mutation/k31/depth3/inline,1,9485.314686872887,9486.487185201015,8192.0,,
pipeline-mutation/k31/depth3/inline,2,9414.49654557466,9414.552262088897,8192.0,,
pipeline-mutation/k31/depth3/cps,0,10209.834384094098,10209.894519887846,8192.0,,
pipeline-mutation/k31/depth3/cps,1,10183.876333657503,10183.936469454697,8192.0,,
pipeline-mutation/k31/depth3/cps,2,10242.171677982531,10242.232298742369,8192.0,,
pipeline-mutation/k31/depth3/scratch-calls,0,11497.165293795746,11497.233388253026,8192.0,,
pipeline-mutation/k31/depth3/scratch-calls,1,11467.579901154899,11467.625755074378,8192.0,,
pipeline-mutation/k31/depth3/scratch-calls,2,11527.681768259741,11527.749588143566,8192.0,,
pipeline-mutation/k31/depth3/fused,0,7623.977886532804,7624.024832338635,8192.0,,
pipeline-mutation/k31/depth3/fused,1,7575.230378829706,7575.273518215471,8192.0,,
pipeline-mutation/k31/depth3/fused,2,7550.517672647992,7550.562262106334,8192.0,,
pipeline-mutation/k64/depth3/inline,0,5505.499084488624,5505.53034265752,8192.0,,
pipeline-mutation/k64/depth3/inline,1,5589.987705990489,5590.019618098461,8192.0,,
pipeline-mutation/k64/depth3/inline,2,5601.42911326151,5601.462202463536,8192.0,,
pipeline-mutation/k64/depth3/cps,0,6921.396968182785,6921.43961352439,8192.0,,
pipeline-mutation/k64/depth3/cps,1,6902.782941862403,6902.823754793242,8192.0,,
pipeline-mutation/k64/depth3/cps,2,6935.424954189305,6935.467599533277,8192.0,,
pipeline-mutation/k64/depth3/scratch-calls,0,7156.386258759056,7156.430353778265,8192.0,,
pipeline-mutation/k64/depth3/scratch-calls,1,7101.706716801047,7101.747051781356,8192.0,,
pipeline-mutation/k64/depth3/scratch-calls,2,7145.588275508088,7145.924286442616,8192.0,,
pipeline-mutation/k64/depth3/fused,0,2932.4327395146715,2932.4500631206647,8192.0,,
pipeline-mutation/k64/depth3/fused,1,2956.0826904194737,2956.099382802085,8192.0,,
pipeline-mutation/k64/depth3/fused,2,2947.035769392404,2947.0538644979056,8192.0,,
pipeline-mutation/k7/depth7/inline,0,6600.716356759852,6600.755436497231,8192.0,,
pipeline-mutation/k7/depth7/inline,1,6614.049164828212,6614.081941375245,8192.0,,
pipeline-mutation/k7/depth7/inline,2,6617.137724550016,6617.175228493727,8192.0,,
pipeline-mutation/k7/depth7/cps,0,10660.39362509436,10660.45661521837,8192.0,,
pipeline-mutation/k7/depth7/cps,1,10628.658234252278,10629.178851504936,8192.0,,
pipeline-mutation/k7/depth7/cps,2,10643.265115103839,10643.330381995149,8192.0,,
pipeline-mutation/k7/depth7/scratch-calls,0,11134.612483401239,11134.68100929955,8192.0,,
pipeline-mutation/k7/depth7/scratch-calls,1,11119.645683930225,11119.711553780156,8192.0,,
pipeline-mutation/k7/depth7/scratch-calls,2,11296.569986718596,11296.63957503588,8192.0,,
pipeline-mutation/k7/depth7/fused,0,3020.311360045892,3020.3285221893016,8192.0,,
pipeline-mutation/k7/depth7/fused,1,2972.5158695960195,2972.5334625887463,8192.0,,
pipeline-mutation/k7/depth7/fused,2,2969.831681746323,2970.1451242240983,8192.0,,
pipeline-mutation/k31/depth7/inline,0,22629.2798927601,22629.418766768136,8192.0,,
pipeline-mutation/k31/depth7/inline,1,22758.887935656454,22759.027882054444,8192.0,,
pipeline-mutation/k31/depth7/inline,2,22787.440214477127,22787.5747989139,8192.0,,
pipeline-mutation/k31/depth7/cps,0,25379.53527980441,25379.68552311504,8192.0,,
pipeline-mutation/k31/depth7/cps,1,25425.22871046026,25426.917883234877,8192.0,,
pipeline-mutation/k31/depth7/cps,2,25371.268856445662,25371.419099769257,8192.0,,
pipeline-mutation/k31/depth7/scratch-calls,0,28121.2990654207,28122.366488619038,8192.0,,
pipeline-mutation/k31/depth7/scratch-calls,1,28282.381174901766,28282.548064101153,8192.0,,
pipeline-mutation/k31/depth7/scratch-calls,2,28104.970627504288,28105.136849130282,8192.0,,
pipeline-mutation/k31/depth7/fused,0,7555.891872277613,7555.934869375191,8192.0,,
pipeline-mutation/k31/depth7/fused,1,7501.808055152126,7501.854317844562,8192.0,,
pipeline-mutation/k31/depth7/fused,2,7476.25653120433,7476.300798256537,8192.0,,
pipeline-packet/n16/source0-map0-filter0-sink0/inline,0,2246.1977528090088,2246.2116104871075,8192.0,,
pipeline-packet/n16/source0-map0-filter0-sink0/inline,1,2248.295131085961,2248.3100053492235,8192.0,,
pipeline-packet/n16/source0-map0-filter0-sink0/inline,2,2269.883199571746,2269.8965757102046,8192.0,,
pipeline-packet/n16/source0-map0-filter0-sink0/cps,0,2509.9818094781826,2509.9985040696397,8192.0,,
pipeline-packet/n16/source0-map0-filter0-sink0/cps,1,2511.723073240689,2511.7385710867675,8192.0,,
pipeline-packet/n16/source0-map0-filter0-sink0/cps,2,2526.3742221158327,2526.3897797985214,8192.0,,
pipeline-packet/n16/source0-map0-filter0-sink0/fused,0,2259.65668899946,2259.670628915415,8192.0,,
pipeline-packet/n16/source0-map0-filter0-sink0/fused,1,2251.945969310749,2251.960341474943,8192.0,,
pipeline-packet/n16/source0-map0-filter0-sink0/fused,2,2285.7021828400816,2285.876161658706,8192.0,,
pipeline-packet/n16/source0-map1-filter1-sink1/inline,0,3973.876163343047,3973.899715099182,8192.0,,
pipeline-packet/n16/source0-map1-filter1-sink1/inline,1,3993.4849002847072,3993.5085470099725,8192.0,,
pipeline-packet/n16/source0-map1-filter1-sink1/inline,2,4000.0917378916256,4000.1164292503436,8192.0,,
pipeline-packet/n16/source0-map1-filter1-sink1/cps,0,4277.299301561383,4277.325595724432,8192.0,,
pipeline-packet/n16/source0-map1-filter1-sink1/cps,1,4320.011914544447,4320.240858668217,8192.0,,
pipeline-packet/n16/source0-map1-filter1-sink1/cps,2,4314.71096959714,4314.737469182648,8192.0,,
pipeline-packet/n16/source0-map1-filter1-sink1/fused,0,3980.5932026890296,3980.618668934864,8192.0,,
pipeline-packet/n16/source0-map1-filter1-sink1/fused,1,3944.565559026857,3944.590741266144,8192.0,,
pipeline-packet/n16/source0-map1-filter1-sink1/fused,2,3972.178074410686,3972.2042980218907,8192.0,,
pipeline-packet/n16/source1-map0-filter0-sink1/inline,0,5401.176107105867,5401.2094490273785,8192.0,,
pipeline-packet/n16/source1-map0-filter0-sink1/inline,1,5420.900746652458,5420.932672501996,8192.0,,
pipeline-packet/n16/source1-map0-filter0-sink1/inline,2,5387.962924819372,5387.996009267016,8192.0,,
pipeline-packet/n16/source1-map0-filter0-sink1/cps,0,5369.981498136976,5370.013233967266,8192.0,,
pipeline-packet/n16/source1-map0-filter0-sink1/cps,1,5365.805858923361,5366.153539760298,8192.0,,
pipeline-packet/n16/source1-map0-filter0-sink1/cps,2,5361.245792110364,5361.278684311297,8192.0,,
pipeline-packet/n16/source1-map0-filter0-sink1/fused,0,5335.265976256567,5335.297549885295,8192.0,,
pipeline-packet/n16/source1-map0-filter0-sink1/fused,1,5354.8454155091495,5354.879641319851,8192.0,,
pipeline-packet/n16/source1-map0-filter0-sink1/fused,2,5319.075018944252,5319.108992171279,8192.0,,
pipeline-packet/n16/source1-map2-filter2-sink0/inline,0,3698.1505564802487,3698.173341509762,8192.0,,
pipeline-packet/n16/source1-map2-filter2-sink0/inline,1,3713.101919200243,3713.3157479615984,8192.0,,
pipeline-packet/n16/source1-map2-filter2-sink0/inline,2,3715.789764262432,3716.2288143045703,8192.0,,
pipeline-packet/n16/source1-map2-filter2-sink0/cps,0,4619.424279515514,4619.452653834344,8192.0,,
pipeline-packet/n16/source1-map2-filter2-sink0/cps,1,4643.284299543627,4643.4786914437045,8192.0,,
pipeline-packet/n16/source1-map2-filter2-sink0/cps,2,4677.606097697148,4677.632580390242,8192.0,,
pipeline-packet/n16/source1-map2-filter2-sink0/fused,0,3939.149358554053,3939.1726753416187,8192.0,,
pipeline-packet/n16/source1-map2-filter2-sink0/fused,1,3896.5048225491446,3896.5288884772403,8192.0,,
pipeline-packet/n16/source1-map2-filter2-sink0/fused,2,3893.2948777979846,3893.318850082017,8192.0,,
pipeline-packet/n16/source1-map0-filter0-sink1-empty/inline,0,2107.863795343006,2107.8767862515115,8192.0,,
pipeline-packet/n16/source1-map0-filter0-sink1-empty/inline,1,2176.1960127910643,2176.209403416604,8192.0,,
pipeline-packet/n16/source1-map0-filter0-sink1-empty/inline,2,2120.8292195463036,2120.841760766534,8192.0,,
pipeline-packet/n16/source1-map0-filter0-sink1-empty/cps,0,2510.3535499397844,2510.647593259548,8192.0,,
pipeline-packet/n16/source1-map0-filter0-sink1-empty/cps,1,2509.9107099880457,2509.9261131180806,8192.0,,
pipeline-packet/n16/source1-map0-filter0-sink1-empty/cps,2,2530.194765342682,2530.210288807105,8192.0,,
pipeline-packet/n16/source1-map0-filter0-sink1-empty/fused,0,2105.18175011231,2105.1952278736994,8192.0,,
pipeline-packet/n16/source1-map0-filter0-sink1-empty/fused,1,2100.2513852143406,2100.264313880803,8192.0,,
pipeline-packet/n16/source1-map0-filter0-sink1-empty/fused,2,2097.8758548395804,2097.8887335907084,8192.0,,
pipeline-packet/n32/source0-map0-filter0-sink0/inline,0,2162.7623956295906,2162.7762086382368,8192.0,,
pipeline-packet/n32/source0-map0-filter0-sink0/inline,1,2178.6628698074715,2178.676734357017,8192.0,,
pipeline-packet/n32/source0-map0-filter0-sink0/inline,2,2162.2552314191353,2162.268529019154,8192.0,,
pipeline-packet/n32/source0-map0-filter0-sink0/cps,0,2226.256053172849,2226.2708234428787,8192.0,,
pipeline-packet/n32/source0-map0-filter0-sink0/cps,1,2240.1058184311805,2240.1195864345227,8192.0,,
pipeline-packet/n32/source0-map0-filter0-sink0/cps,2,2231.6709394946465,2231.8682280949947,8192.0,,
pipeline-packet/n32/source0-map0-filter0-sink0/fused,0,2270.9050595397184,2270.9189611504153,8192.0,,
pipeline-packet/n32/source0-map0-filter0-sink0/fused,1,2270.093539522522,2270.107548896506,8192.0,,
pipeline-packet/n32/source0-map0-filter0-sink0/fused,2,2276.8455196939412,2276.8600678927855,8192.0,,
pipeline-packet/n32/source0-map1-filter1-sink1/inline,0,3755.5525477710376,3755.574752301302,8192.0,,
pipeline-packet/n32/source0-map1-filter1-sink1/inline,1,3710.0766985137925,3710.09952229676,8192.0,,
pipeline-packet/n32/source0-map1-filter1-sink1/inline,2,3697.5889950458213,3697.611730361692,8192.0,,
pipeline-packet/n32/source0-map1-filter1-sink1/cps,0,4223.376612983763,4223.589676900667,8192.0,,
pipeline-packet/n32/source0-map1-filter1-sink1/cps,1,4204.175852756267,4204.202760828427,8192.0,,
pipeline-packet/n32/source0-map1-filter1-sink1/cps,2,4202.682404721249,4202.709312797674,8192.0,,
pipeline-packet/n32/source0-map1-filter1-sink1/fused,0,3897.165865384784,3897.188979287423,8192.0,,
pipeline-packet/n32/source0-map1-filter1-sink1/fused,1,3885.3158284022084,3885.338849852175,8192.0,,
pipeline-packet/n32/source0-map1-filter1-sink1/fused,2,3886.132211538843,3886.1561575464134,8192.0,,
pipeline-packet/n32/source1-map0-filter0-sink1/inline,0,5989.051472690204,5989.088361455052,8192.0,,
pipeline-packet/n32/source1-map0-filter0-sink1/inline,1,5980.8472976838975,5980.884186449762,8192.0,,
pipeline-packet/n32/source1-map0-filter0-sink1/inline,2,5969.860737774615,5969.896053762159,8192.0,,
pipeline-packet/n32/source1-map0-filter0-sink1/cps,0,5845.543785904037,5845.8600252200595,8192.0,,
pipeline-packet/n32/source1-map0-filter0-sink1/cps,1,5826.3928821633735,5826.427350424229,8192.0,,
pipeline-packet/n32/source1-map0-filter0-sink1/cps,2,5874.229508196331,5874.265657839042,8192.0,,
pipeline-packet/n32/source1-map0-filter0-sink1/fused,0,5333.780832379021,5333.813669336984,8192.0,,
pipeline-packet/n32/source1-map0-filter0-sink1/fused,1,5294.538118874777,5294.56942853483,8192.0,,
pipeline-packet/n32/source1-map0-filter0-sink1/fused,2,5315.471044927253,5315.503754615139,8192.0,,
pipeline-packet/n32/source1-map2-filter2-sink0/inline,0,3439.8217009758973,3439.843680798126,8192.0,,
pipeline-packet/n32/source1-map2-filter2-sink0/inline,1,3440.3310095951965,3440.969736734703,8192.0,,
pipeline-packet/n32/source1-map2-filter2-sink0/inline,2,3454.573689821979,3454.594111375562,8192.0,,
pipeline-packet/n32/source1-map2-filter2-sink0/cps,0,3779.226647356845,3779.2526249118146,8192.0,,
pipeline-packet/n32/source1-map2-filter2-sink0/cps,1,3771.5628167999507,3771.5860789304465,8192.0,,
pipeline-packet/n32/source1-map2-filter2-sink0/cps,2,3796.5311368573543,3796.5545800128893,8192.0,,
pipeline-packet/n32/source1-map2-filter2-sink0/fused,0,3700.821624491265,3700.8444523124967,8192.0,,
pipeline-packet/n32/source1-map2-filter2-sink0/fused,1,3689.45107060671,3689.7976464315525,8192.0,,
pipeline-packet/n32/source1-map2-filter2-sink0/fused,2,3681.5772429654216,3681.5999823064158,8192.0,,
pipeline-packet/n32/source1-map0-filter0-sink1-empty/inline,0,1903.793749999906,1903.867527174935,8192.0,,
pipeline-packet/n32/source1-map0-filter0-sink1-empty/inline,1,1916.2874094202919,1916.2992300742485,8192.0,,
pipeline-packet/n32/source1-map0-filter0-sink1-empty/inline,2,1927.358967391196,1927.3712862324733,8192.0,,
pipeline-packet/n32/source1-map0-filter0-sink1-empty/cps,0,2269.784322217592,2269.7983434379444,8192.0,,
pipeline-packet/n32/source1-map0-filter0-sink1-empty/cps,1,2286.2958531834306,2286.3099285399694,8192.0,,
pipeline-packet/n32/source1-map0-filter0-sink1-empty/cps,2,2310.5801212648726,2310.593817668491,8192.0,,
pipeline-packet/n32/source1-map0-filter0-sink1-empty/fused,0,2078.67682684663,2078.6896346309395,8192.0,,
pipeline-packet/n32/source1-map0-filter0-sink1-empty/fused,1,2058.7795869739616,2058.792245830362,8192.0,,
pipeline-packet/n32/source1-map0-filter0-sink1-empty/fused,2,2055.591540905716,2055.6041997614116,8192.0,,
pipeline-packet/n64/source0-map0-filter0-sink0/inline,0,2154.92509306023,2154.938911837094,8192.0,,
pipeline-packet/n64/source0-map0-filter0-sink0/inline,1,2139.5821732700388,2139.59639997981,8192.0,,
pipeline-packet/n64/source0-map0-filter0-sink0/inline,2,2128.0646575899973,2128.0782723985963,8192.0,,
pipeline-packet/n64/source0-map0-filter0-sink0/cps,0,2378.7845228639985,2378.9307840698507,8192.0,,
pipeline-packet/n64/source0-map0-filter0-sink0/cps,1,2381.6382616588503,2381.6540338141203,8192.0,,
pipeline-packet/n64/source0-map0-filter0-sink0/cps,2,2381.216157948569,2381.230852149718,8192.0,,
pipeline-packet/n64/source0-map0-filter0-sink0/fused,0,2212.8859877249342,2212.8996151034344,8192.0,,
pipeline-packet/n64/source0-map0-filter0-sink0/fused,1,2181.1300322481466,2181.143451575772,8192.0,,
pipeline-packet/n64/source0-map0-filter0-sink0/fused,2,2181.801518776559,2181.815510246677,8192.0,,
pipeline-packet/n64/source0-map1-filter1-sink1/inline,0,2810.0494823179397,2810.1730536501814,8192.0,,
pipeline-packet/n64/source0-map1-filter1-sink1/inline,1,2805.040742234798,2805.057348393853,8192.0,,
pipeline-packet/n64/source0-map1-filter1-sink1/inline,2,2815.2989108510533,2815.316256556879,8192.0,,
pipeline-packet/n64/source0-map1-filter1-sink1/cps,0,3625.627376752834,3625.6487137575928,8192.0,,
pipeline-packet/n64/source0-map1-filter1-sink1/cps,1,3629.6615331671505,3629.683042240259,8192.0,,
pipeline-packet/n64/source0-map1-filter1-sink1/cps,2,3594.003785597594,3594.0251226054093,8192.0,,
pipeline-packet/n64/source0-map1-filter1-sink1/fused,0,3850.999634368823,3851.023400367134,8192.0,,
pipeline-packet/n64/source0-map1-filter1-sink1/fused,1,3816.1312614255116,3816.1547532010886,8192.0,,
pipeline-packet/n64/source0-map1-filter1-sink1/fused,2,3816.102010968651,3816.1245886641227,8192.0,,
pipeline-packet/n64/source1-map0-filter0-sink1/inline,0,4031.3765722514663,4031.573211717771,8192.0,,
pipeline-packet/n64/source1-map0-filter0-sink1/inline,1,4030.3193470956335,4030.344215074862,8192.0,,
pipeline-packet/n64/source1-map0-filter0-sink1/inline,2,4030.5180988959924,4030.5439270289253,8192.0,,
pipeline-packet/n64/source1-map0-filter0-sink1/cps,0,4430.440710009591,4430.468018065489,8192.0,,
pipeline-packet/n64/source1-map0-filter0-sink1/cps,1,4417.508349963156,4417.5355529861945,8192.0,,
pipeline-packet/n64/source1-map0-filter0-sink1/cps,2,4431.165423799674,4431.190631236461,8192.0,,
pipeline-packet/n64/source1-map0-filter0-sink1/fused,0,5316.969013729336,5317.274971656563,8192.0,,
pipeline-packet/n64/source1-map0-filter0-sink1/fused,1,5362.283159087388,5362.973674269056,8192.0,,
pipeline-packet/n64/source1-map0-filter0-sink1/fused,2,5357.215770247963,5357.2500314918725,8192.0,,
pipeline-packet/n64/source1-map2-filter2-sink0/inline,0,2945.9047082038587,2945.9228221011726,8192.0,,
pipeline-packet/n64/source1-map2-filter2-sink0/inline,1,2946.5559627854946,2946.5748519892,8192.0,,
pipeline-packet/n64/source1-map2-filter2-sink0/inline,2,2944.7368198475256,2944.754299407661,8192.0,,
pipeline-packet/n64/source1-map2-filter2-sink0/cps,0,3702.2757346475473,3702.2985219049942,8192.0,,
pipeline-packet/n64/source1-map2-filter2-sink0/cps,1,3688.4564490583066,3688.4791483356094,8192.0,,
pipeline-packet/n64/source1-map2-filter2-sink0/cps,2,3681.9458032728144,3681.969382364062,8192.0,,
pipeline-packet/n64/source1-map2-filter2-sink0/fused,0,3693.9739161082653,3694.165932320619,8192.0,,
pipeline-packet/n64/source1-map2-filter2-sink0/fused,1,3689.123722242179,3689.6019562926676,8192.0,,
pipeline-packet/n64/source1-map2-filter2-sink0/fused,2,3699.637469157513,3699.660292565972,8192.0,,
pipeline-packet/n64/source1-map0-filter0-sink1-empty/inline,0,1767.4448917966483,1767.4557540661474,8192.0,,
pipeline-packet/n64/source1-map0-filter0-sink1-empty/inline,1,1767.5946569367507,1767.6050998146873,8192.0,,
pipeline-packet/n64/source1-map0-filter0-sink1-empty/inline,2,1763.7613655427383,1763.7722278152169,8192.0,,
pipeline-packet/n64/source1-map0-filter0-sink1-empty/cps,0,2146.3974536680394,2146.4101853280995,8192.0,,
pipeline-packet/n64/source1-map0-filter0-sink1-empty/cps,1,2148.2686996250227,2148.2813799475584,8192.0,,
pipeline-packet/n64/source1-map0-filter0-sink1-empty/cps,2,2150.661532932964,2150.6742645933887,8192.0,,
pipeline-packet/n64/source1-map0-filter0-sink1-empty/fused,0,2064.5444979839676,2064.5572327649315,8192.0,,
pipeline-packet/n64/source1-map0-filter0-sink1-empty/fused,1,2075.283017012456,2075.295800964389,8192.0,,
pipeline-packet/n64/source1-map0-filter0-sink1-empty/fused,2,2063.5365325990733,2063.5492182111648,8192.0,,
placed/k20h8/separated/all/sum-native,0,1181.0093940158172,1181.016376432867,8192.0,,
placed/k20h8/separated/all/sum-native,1,1180.5938139704742,1180.6849499443217,8192.0,,
placed/k20h8/separated/all/sum-native,2,1183.6514960320576,1183.658506492044,8192.0,,
placed/k20h8/separated/all/sum-materialized,0,1098.7768500454786,1098.7810118342834,8192.0,,
placed/k20h8/separated/all/sum-materialized,1,1094.9438678630572,1094.950084536464,8192.0,,
placed/k20h8/separated/all/sum-materialized,2,1096.8007803355688,1096.8075432445482,8192.0,,
placed/k20h8/separated/all/mutation-bound,0,2173.951374640689,2173.9648132936973,8192.0,,
placed/k20h8/separated/all/mutation-bound,1,2158.4713274519413,2158.5732970849704,8192.0,,
placed/k20h8/separated/all/mutation-bound,2,2158.034263438911,2158.0475995082224,8192.0,,
placed/k20h8/separated/all/mutation-materialized,0,2071.887352840788,2071.9001514328957,8192.0,,
placed/k20h8/separated/all/mutation-materialized,1,2073.6874603095803,2073.7002589027297,8192.0,,
placed/k20h8/separated/all/mutation-materialized,2,2066.771872405078,2066.7845733000763,8192.0,,
placed/k20h8/separated/partial/sum-native,0,1280.4330856142078,1280.4406682377048,8192.0,,
placed/k20h8/separated/partial/sum-native,1,1274.9576158540542,1274.9651380578068,8192.0,,
placed/k20h8/separated/partial/sum-native,2,1279.58359011535,1279.5912029492563,8192.0,,
placed/k20h8/separated/partial/sum-materialized,0,2102.814476916094,2102.826908617247,8192.0,,
placed/k20h8/separated/partial/sum-materialized,1,2120.0494260362334,2120.061957992691,8192.0,,
placed/k20h8/separated/partial/sum-materialized,2,2137.90200009997,2137.9145821837233,8192.0,,
placed/k20h8/separated/partial/mutation-bound,0,3028.733386825826,3028.751258300415,8192.0,,
placed/k20h8/separated/partial/mutation-bound,1,3037.0330439858385,3037.0517178476407,8192.0,,
placed/k20h8/separated/partial/mutation-bound,2,3001.921073747225,3001.938872274695,8192.0,,
placed/k20h8/separated/partial/mutation-materialized,0,3435.7826299495373,3435.8029982093294,8192.0,,
placed/k20h8/separated/partial/mutation-materialized,1,3411.1712563138503,3411.5336483608057,8192.0,,
placed/k20h8/separated/partial/mutation-materialized,2,3417.193742871248,3417.214762912459,8192.0,,
placed/k20h8/interleaved/all/sum-native,0,1182.1814811694485,1182.1884741763217,8192.0,,
placed/k20h8/interleaved/all/sum-native,1,1193.1501390177152,1193.1574690370016,8192.0,,
placed/k20h8/interleaved/all/sum-native,2,1198.3544246917531,1198.3615300358979,8192.0,,
placed/k20h8/interleaved/all/sum-materialized,0,1091.6480790455719,1091.736532296999,8192.0,,
placed/k20h8/interleaved/all/sum-materialized,1,1103.6242182162134,1103.6310243348657,8192.0,,
placed/k20h8/interleaved/all/sum-materialized,2,1096.9689388763036,1096.9759552212377,8192.0,,
placed/k20h8/interleaved/all/mutation-bound,0,2160.2907969154676,2160.3647814910314,8192.0,,
placed/k20h8/interleaved/all/mutation-bound,1,2169.1195886887435,2169.132956297643,8192.0,,
placed/k20h8/interleaved/all/mutation-bound,2,2163.824473007771,2163.837275065933,8192.0,,
placed/k20h8/interleaved/all/mutation-materialized,0,2080.005710066207,2080.018016243877,8192.0,,
placed/k20h8/interleaved/all/mutation-materialized,1,2081.9806546886502,2081.992911643879,8192.0,,
placed/k20h8/interleaved/all/mutation-materialized,2,2068.3345311347493,2068.347280335728,8192.0,,
placed/k20h8/interleaved/partial/sum-native,0,1272.265706608833,1272.2732240422176,8192.0,,
placed/k20h8/interleaved/partial/sum-native,1,1267.0686833923314,1267.0765027324778,8192.0,,
placed/k20h8/interleaved/partial/sum-native,2,1268.985478368486,1268.9929958035866,8192.0,,
placed/k20h8/interleaved/partial/sum-materialized,0,2088.0522146380367,2088.0650690064517,8192.0,,
placed/k20h8/interleaved/partial/sum-materialized,1,2087.769717502858,2087.7825718709187,8192.0,,
placed/k20h8/interleaved/partial/sum-materialized,2,2087.9077275672203,2087.9195854737027,8192.0,,
placed/k20h8/interleaved/partial/mutation-bound,0,3014.4880492340244,3014.5065836553545,8192.0,,
placed/k20h8/interleaved/partial/mutation-bound,1,3004.350651209332,3004.5837984833174,8192.0,,
placed/k20h8/interleaved/partial/mutation-bound,2,3002.132245598921,3002.150708456994,8192.0,,
placed/k20h8/interleaved/partial/mutation-materialized,0,3388.172716297751,3388.193561370184,8192.0,,
placed/k20h8/interleaved/partial/mutation-materialized,1,3385.732474849021,3385.751790743704,8192.0,,
placed/k20h8/interleaved/partial/mutation-materialized,2,3414.0825754531206,3414.1035814879306,8192.0,,
placed/k20h8/substituted/all/sum-native,0,1197.7187201390066,1197.725814391287,8192.0,,
placed/k20h8/substituted/all/sum-native,1,1196.5242797161764,1196.5855219350656,8192.0,,
placed/k20h8/substituted/all/sum-native,2,1191.515708701122,1191.5230925145354,8192.0,,
placed/k20h8/substituted/all/sum-materialized,0,1122.7746879151034,1122.7813014611843,8192.0,,
placed/k20h8/substituted/all/sum-materialized,1,1116.0431872509537,1116.0498007976007,8192.0,,
placed/k20h8/substituted/all/sum-materialized,2,1106.8689508631362,1106.9437450207472,8192.0,,
placed/k20h8/substituted/all/mutation-bound,0,3131.94007770474,3131.959354450444,8192.0,,
placed/k20h8/substituted/all/mutation-bound,1,3130.317244471069,3130.3357740548604,8192.0,,
placed/k20h8/substituted/all/mutation-bound,2,3110.792438732882,3110.811566052256,8192.0,,
placed/k20h8/substituted/all/mutation-materialized,0,2794.748117320387,2794.8880961811433,8192.0,,
placed/k20h8/substituted/all/mutation-materialized,1,2773.7393314839524,2773.7563746860214,8192.0,,
placed/k20h8/substituted/all/mutation-materialized,2,2795.2699167657174,2795.2870920865857,8192.0,,
placed/k20h8/substituted/partial/sum-native,0,1265.2603666455918,1265.2681586171905,8192.0,,
placed/k20h8/substituted/partial/sum-native,1,1260.4006523513035,1260.4084141224218,8192.0,,
placed/k20h8/substituted/partial/sum-native,2,1256.752921989697,1256.7606535588327,8192.0,,
placed/k20h8/substituted/partial/sum-materialized,0,2112.3568041965245,2112.3693634637125,8192.0,,
placed/k20h8/substituted/partial/sum-materialized,1,2116.634015938849,2116.960758600157,8192.0,,
placed/k20h8/substituted/partial/sum-materialized,2,2091.6027438715437,2091.708413197126,8192.0,,
placed/k20h8/substituted/partial/mutation-bound,0,4066.4229659548387,4066.448066933432,8192.0,,
placed/k20h8/substituted/partial/mutation-bound,1,4040.7343719941828,4040.758318908007,8192.0,,
placed/k20h8/substituted/partial/mutation-bound,2,4070.553567993787,4070.576745526088,8192.0,,
placed/k20h8/substituted/partial/mutation-materialized,0,4026.333652556754,4026.3584562338806,8192.0,,
placed/k20h8/substituted/partial/mutation-materialized,1,4048.2633595097946,4048.287397050783,8192.0,,
placed/k20h8/substituted/partial/mutation-materialized,2,4088.1091744877667,4088.134361229901,8192.0,,
placed/k31h8/separated/all/sum-native,0,2377.4241099311434,2377.4381920404853,8192.0,,
placed/k31h8/separated/all/sum-native,1,2372.6833229233407,2372.781954461145,8192.0,,
placed/k31h8/separated/all/sum-native,2,2384.7740616659703,2385.0539435579276,8192.0,,
placed/k31h8/separated/all/sum-materialized,0,2085.003287834744,2085.015642123127,8192.0,,
placed/k31h8/separated/all/sum-materialized,1,2074.412972003483,2074.4257746314474,8192.0,,
placed/k31h8/separated/all/sum-materialized,2,2082.797449437303,2082.8107502246057,8192.0,,
placed/k31h8/separated/all/mutation-bound,0,5828.95858641634,5828.99309773989,8192.0,,
placed/k31h8/separated/all/mutation-bound,1,5847.779817780371,5847.81570955388,8192.0,,
placed/k31h8/separated/all/mutation-bound,2,5821.789895084889,5821.825786865265,8192.0,,
placed/k31h8/separated/all/mutation-materialized,0,6493.896369841723,6493.934843310213,8192.0,,
placed/k31h8/separated/all/mutation-materialized,1,6447.419484951178,6447.457648154116,8192.0,,
placed/k31h8/separated/all/mutation-materialized,2,6441.9602854489585,6441.996897307607,8192.0,,
placed/k31h8/separated/partial/sum-native,0,2514.1745653727476,2514.189509405528,8192.0,,
placed/k31h8/separated/partial/sum-native,1,2507.219933317406,2507.235353655377,8192.0,,
placed/k31h8/separated/partial/sum-native,2,2511.9520123836464,2512.15027387396,8192.0,,
placed/k31h8/separated/partial/sum-materialized,0,3075.6987343624833,3075.717682348801,8192.0,,
placed/k31h8/separated/partial/sum-materialized,1,3073.803204331174,3073.8221523148927,8192.0,,
placed/k31h8/separated/partial/sum-materialized,2,3077.2292047697697,3077.2488843349224,8192.0,,
placed/k31h8/separated/partial/mutation-bound,0,7833.48179792038,7833.530089149742,8192.0,,
placed/k31h8/separated/partial/mutation-bound,1,7840.1181277867345,7840.164561666094,8192.0,,
placed/k31h8/separated/partial/mutation-bound,2,7899.209881129647,7899.256686476105,8192.0,,
placed/k31h8/separated/partial/mutation-materialized,0,8980.639015893448,8981.247550632655,8192.0,,
placed/k31h8/separated/partial/mutation-materialized,1,8981.767036796105,8981.822338351152,8192.0,,
placed/k31h8/separated/partial/mutation-materialized,2,8952.494230350547,8952.551709118065,8192.0,,
placed/k31h8/interleaved/all/sum-native,0,2371.7990384616473,2371.8130090492295,8192.0,,
placed/k31h8/interleaved/all/sum-native,1,2369.946040724094,2369.9600678721645,8192.0,,
placed/k31h8/interleaved/all/sum-native,2,2355.0812217194343,2355.094626696914,8192.0,,
placed/k31h8/interleaved/all/sum-materialized,0,2074.6174304216815,2074.6301843884085,8192.0,,
placed/k31h8/interleaved/all/sum-materialized,1,2095.664936477327,2095.6778387468876,8192.0,,
placed/k31h8/interleaved/all/sum-materialized,2,2087.5330960502047,2087.6502545848402,8192.0,,
placed/k31h8/interleaved/all/mutation-bound,0,6116.398170998119,6116.434315574782,8192.0,,
placed/k31h8/interleaved/all/mutation-bound,1,6087.427202786325,6087.464798954661,8192.0,,
placed/k31h8/interleaved/all/mutation-bound,2,6086.3298011325105,6086.3673972956885,8192.0,,
placed/k31h8/interleaved/all/mutation-materialized,0,6982.644979253617,6982.686473027087,8192.0,,
placed/k31h8/interleaved/all/mutation-materialized,1,6999.642489626508,6999.683983402337,8192.0,,
placed/k31h8/interleaved/all/mutation-materialized,2,6988.273360995627,6988.316182575934,8192.0,,
placed/k31h8/interleaved/partial/sum-native,0,2508.5024795364816,2508.5179542334804,8192.0,,
placed/k31h8/interleaved/partial/sum-native,1,2524.1958534981886,2524.2114476917736,8192.0,,
placed/k31h8/interleaved/partial/sum-native,2,2530.857142857206,2530.872139571253,8192.0,,
placed/k31h8/interleaved/partial/sum-materialized,0,3106.553421813319,3106.5725513459893,8192.0,,
placed/k31h8/interleaved/partial/sum-materialized,1,3117.399421665756,3117.417883888848,8192.0,,
placed/k31h8/interleaved/partial/sum-materialized,2,3116.6987469419255,3116.9166604871043,8192.0,,
placed/k31h8/interleaved/partial/mutation-bound,0,7916.144279541545,7916.1931241753955,8192.0,,
placed/k31h8/interleaved/partial/mutation-bound,1,7896.674055983597,7896.720834120766,8192.0,,
placed/k31h8/interleaved/partial/mutation-bound,2,7874.18861544288,7874.492579376788,8192.0,,
placed/k31h8/interleaved/partial/mutation-materialized,0,9491.812271062025,9491.87065017228,8192.0,,
placed/k31h8/interleaved/partial/mutation-materialized,1,9521.649725275538,9521.706043964768,8192.0,,
placed/k31h8/interleaved/partial/mutation-materialized,2,9574.509157509381,9574.565934072481,8192.0,,
placed/k31h8/substituted/all/sum-native,0,1358.1446897179283,1358.1527316530576,8192.0,,
placed/k31h8/substituted/all/sum-native,1,1354.409585205588,1354.4172689977056,8192.0,,
placed/k31h8/substituted/all/sum-native,2,1368.2394347854238,1368.2472162536865,8192.0,,
placed/k31h8/substituted/all/sum-materialized,0,1375.935982771928,1375.9441399110353,8192.0,,
placed/k31h8/substituted/all/sum-materialized,1,1389.4191138085444,1389.4279561465842,8192.0,,
placed/k31h8/substituted/all/sum-materialized,2,1360.0912294441002,1360.0996149841658,8192.0,,
placed/k31h8/substituted/all/mutation-bound,0,5976.46882545092,5976.505467973293,8192.0,,
placed/k31h8/substituted/all/mutation-bound,1,5970.456753302652,5970.4921175979,8192.0,,
placed/k31h8/substituted/all/mutation-bound,2,6009.3830421806315,6009.839085357215,8192.0,,
placed/k31h8/substituted/all/mutation-materialized,0,6004.551674572005,6004.590196922694,8192.0,,
placed/k31h8/substituted/all/mutation-materialized,1,5978.551962052967,5978.588759529249,8192.0,,
placed/k31h8/substituted/all/mutation-materialized,2,5985.8266494185555,5985.862153224987,8192.0,,
placed/k31h8/substituted/partial/sum-native,0,1437.4576230819669,1437.466775542549,8192.0,,
placed/k31h8/substituted/partial/sum-native,1,1432.1784219659066,1432.1872341877015,8192.0,,
placed/k31h8/substituted/partial/sum-native,2,1444.3369058555868,1444.3461603888447,8192.0,,
placed/k31h8/substituted/partial/sum-materialized,0,2412.485015185338,2412.6276431139445,8192.0,,
placed/k31h8/substituted/partial/sum-materialized,1,2398.398143372993,2398.412354592527,8192.0,,
placed/k31h8/substituted/partial/sum-materialized,2,2402.5320038963573,2402.545699387924,8192.0,,
placed/k31h8/substituted/partial/mutation-bound,0,7465.252586514351,7465.296824827762,8192.0,,
placed/k31h8/substituted/partial/mutation-bound,1,7508.848733499669,7508.893328577527,8192.0,,
placed/k31h8/substituted/partial/mutation-bound,2,7512.4787727445655,7512.523367821156,8192.0,,
placed/k31h8/substituted/partial/mutation-materialized,0,7285.434880889919,7285.483220315622,8192.0,,
placed/k31h8/substituted/partial/mutation-materialized,1,7302.480785949959,7302.523908876313,8192.0,,
placed/k31h8/substituted/partial/mutation-materialized,2,7362.388454182098,7362.433837593109,8192.0,,
placed/k63h16/separated/all/sum-native,0,3486.588093656595,3486.750581201841,8192.0,,
placed/k63h16/separated/all/sum-native,1,3465.0254068418003,3465.0450846886647,8192.0,,
placed/k63h16/separated/all/sum-native,2,3465.051145798727,3465.0724842265595,8192.0,,
placed/k63h16/separated/all/sum-materialized,0,3272.9536002480327,3272.9729981391474,8192.0,,
placed/k63h16/separated/all/sum-materialized,1,3266.172951583095,3266.192970205071,8192.0,,
placed/k63h16/separated/all/sum-materialized,2,3289.313004344957,3289.3332557402478,8192.0,,
placed/k63h16/separated/all/mutation-bound,0,8692.965274906863,8693.008474574583,8192.0,,
placed/k63h16/separated/all/mutation-bound,1,8623.209177346116,8624.401198831816,8192.0,,
placed/k63h16/separated/all/mutation-bound,2,8636.007854484018,8636.057048365452,8192.0,,
placed/k63h16/separated/all/mutation-materialized,0,11679.63555058646,11679.707378426205,8192.0,,
placed/k63h16/separated/all/mutation-materialized,1,11641.401900502633,11641.467859138244,8192.0,,
placed/k63h16/separated/all/mutation-materialized,2,11534.954164338951,11535.025153722381,8192.0,,
placed/k63h16/separated/partial/sum-native,0,4481.5691864192295,4481.832585952652,8192.0,,
placed/k63h16/separated/partial/sum-native,1,4494.493487081257,4494.52220798638,8192.0,,
placed/k63h16/separated/partial/sum-native,2,4490.815289344641,4490.845184711816,8192.0,,
placed/k63h16/separated/partial/sum-materialized,0,4549.929197792057,4550.074158274825,8192.0,,
placed/k63h16/separated/partial/sum-materialized,1,4552.999458698695,4553.508173645759,8192.0,,
placed/k63h16/separated/partial/sum-materialized,2,4554.737144093931,4554.763992633898,8192.0,,
placed/k63h16/separated/partial/mutation-bound,0,11011.483795085876,11011.551489810885,8192.0,,
placed/k63h16/separated/partial/mutation-bound,1,10986.982749607416,10987.047830634583,8192.0,,
placed/k63h16/separated/partial/mutation-bound,2,10888.056978566437,10888.121536845123,8192.0,,
placed/k63h16/separated/partial/mutation-materialized,0,13605.011612901582,13605.09193547856,8192.0,,
placed/k63h16/separated/partial/mutation-materialized,1,13526.28580645024,13526.36903224295,8192.0,,
placed/k63h16/separated/partial/mutation-materialized,2,13424.356774193358,13424.436129027175,8192.0,,
placed/k63h16/interleaved/all/sum-native,0,3469.9256945581265,3469.946243629257,8192.0,,
placed/k63h16/interleaved/all/sum-native,1,3466.678119348479,3466.6986684225294,8192.0,,
placed/k63h16/interleaved/all/sum-native,2,3456.839224067207,3456.8605129064213,8192.0,,
placed/k63h16/interleaved/all/sum-materialized,0,3216.3810470007597,3216.4009170804757,8192.0,,
placed/k63h16/interleaved/all/sum-materialized,1,3195.175085976054,3195.19480320953,8192.0,,
placed/k63h16/interleaved/all/sum-materialized,2,3194.1831104320004,3194.2027512418126,8192.0,,
placed/k63h16/interleaved/all/mutation-bound,0,8995.377978106868,8995.43120841058,8192.0,,
placed/k63h16/interleaved/all/mutation-bound,1,8981.7398583373,8981.795235030635,8192.0,,
placed/k63h16/interleaved/all/mutation-bound,2,8945.777205408913,8945.823781933623,8192.0,,
placed/k63h16/interleaved/all/mutation-materialized,0,11455.205594785937,11455.281368809723,8192.0,,
placed/k63h16/interleaved/all/mutation-materialized,1,11382.622487777813,11382.695274305177,8192.0,,
placed/k63h16/interleaved/all/mutation-materialized,2,11428.638240088188,11429.126833250737,8192.0,,
placed/k63h16/interleaved/partial/sum-native,0,4495.592865534765,4495.619459576199,8192.0,,
placed/k63h16/interleaved/partial/sum-native,1,4458.814055323634,4458.84150379138,8192.0,,
placed/k63h16/interleaved/partial/sum-native,2,4499.2038876428405,4499.231656520358,8192.0,,
placed/k63h16/interleaved/partial/sum-materialized,0,4461.22326535005,4461.249703249005,8192.0,,
placed/k63h16/interleaved/partial/sum-materialized,1,4472.184741555839,4472.2122585512225,8192.0,,
placed/k63h16/interleaved/partial/sum-materialized,2,4480.553145570117,4480.579583468304,8192.0,,
placed/k63h16/interleaved/partial/mutation-bound,0,11022.010029032164,11022.721826334358,8192.0,,
placed/k63h16/interleaved/partial/mutation-bound,1,11056.172077064606,11056.237529686668,8192.0,,
placed/k63h16/interleaved/partial/mutation-bound,2,11071.432040116097,11071.94642386075,8192.0,,
placed/k63h16/interleaved/partial/mutation-materialized,0,14280.658727457962,14280.743450158556,8192.0,,
placed/k63h16/interleaved/partial/mutation-materialized,1,14267.749574685395,14267.840762169257,8192.0,,
placed/k63h16/interleaved/partial/mutation-materialized,2,14225.309969376403,14225.397754327614,8192.0,,
placed/k63h16/substituted/all/sum-native,0,3010.523850328531,3010.542416453017,8192.0,,
placed/k63h16/substituted/all/sum-native,1,3007.4847900594855,3007.5018566120425,8192.0,,
placed/k63h16/substituted/all/sum-native,2,3006.352185089885,3006.619180236686,8192.0,,
placed/k63h16/substituted/all/sum-materialized,0,2502.6763649425666,2502.7624521084854,8192.0,,
placed/k63h16/substituted/all/sum-materialized,1,2501.391642719964,2501.4064894610847,8192.0,,
placed/k63h16/substituted/all/sum-materialized,2,2491.5335249040727,2491.548850577115,8192.0,,
placed/k63h16/substituted/all/mutation-bound,0,15473.761852261516,15473.86071297614,8192.0,,
placed/k63h16/substituted/all/mutation-bound,1,15558.815509003893,15559.778390283194,8192.0,,
placed/k63h16/substituted/all/mutation-bound,2,15471.850790150555,15471.942300630912,8192.0,,
placed/k63h16/substituted/all/mutation-materialized,0,13055.181732875724,13055.26212073822,8192.0,,
placed/k63h16/substituted/all/mutation-materialized,1,13137.565217390178,13138.102908988301,8192.0,,
placed/k63h16/substituted/all/mutation-materialized,2,13142.782608695044,13142.869877998355,8192.0,,
placed/k63h16/substituted/partial/sum-native,0,2999.8196874772525,2999.838193992856,8192.0,,
placed/k63h16/substituted/partial/sum-native,1,3018.602001872665,3018.621300495293,8192.0,,
placed/k63h16/substituted/partial/sum-native,2,2991.161229927458,2991.1789443391062,8192.0,,
placed/k63h16/substituted/partial/sum-materialized,0,3610.4692899917623,3610.491531224209,8192.0,,
placed/k63h16/substituted/partial/sum-materialized,1,3646.347818648739,3646.3693755343193,8192.0,,
placed/k63h16/substituted/partial/sum-materialized,2,3639.3307955516498,3639.3531223282143,8192.0,,
placed/k63h16/substituted/partial/mutation-bound,0,17802.589482612184,17802.695080577763,8192.0,,
placed/k63h16/substituted/partial/mutation-bound,1,17809.42154368268,17809.5313825277,8192.0,,
placed/k63h16/substituted/partial/mutation-bound,2,18003.95928753233,18004.065733677413,8192.0,,
placed/k63h16/substituted/partial/mutation-materialized,0,15587.6991747947,15587.795198792655,8192.0,,
placed/k63h16/substituted/partial/mutation-materialized,1,15684.436234058643,15684.536384087114,8192.0,,
placed/k63h16/substituted/partial/mutation-materialized,2,15668.71567891842,15668.819954985402,8192.0,,
decode/local/k1/ikea,0,124.72855267727398,124.74371516191742,,,
decode/local/k1/ikea,1,123.60599612697226,123.60672599816593,,,
decode/local/k1/ikea,2,123.9806701865268,123.98143537400682,,,
decode/local/k1/ikea2,0,315.08095745158147,315.0828996504083,,,
decode/local/k1/ikea2,1,315.73816308471106,315.74002279628996,,,
decode/local/k1/ikea2,2,301.8448265519026,301.846768750836,,,
decode/local/k1/prior,0,473.38640069266035,473.38931306288623,,,
decode/local/k1/prior,1,482.8404830711244,482.8589580683253,,,
decode/local/k1/prior,2,477.68602624510066,477.6888486583359,,,
point/local/k1/prior,0,355.1176993267342,355.11989508238867,,,
point/local/k1/prior,1,352.67861658859914,352.6807867126525,,,
point/local/k1/prior,2,351.6814702162917,351.6835463587386,,,
point/local/k1/ikea,0,355.64653421487196,355.648715741185,,,
point/local/k1/ikea,1,355.33835390879847,355.3404602102055,,,
point/local/k1/ikea,2,353.32099363932286,353.33846256704066,,,
point/local/k1/ikea2,0,352.7405716091995,352.74274259285244,,,
point/local/k1/ikea2,1,351.53396217001387,351.5361331535486,,,
point/local/k1/ikea2,2,350.42376603285487,350.42592869870975,,,
decode/striped/k1/ikea,0,30.84301386903457,30.8432035537169,,,
decode/striped/k1/ikea,1,30.777468988763623,30.77765867344072,,,
decode/striped/k1/ikea,2,52.904283491846385,52.9046047794807,,,
decode/striped/k1/ikea2,0,32.4488064028601,32.45141180643628,,,
decode/striped/k1/ikea2,1,32.465499799529034,32.46569256389132,,,
decode/striped/k1/ikea2,2,54.33237747895214,54.33464978564699,,,
decode/striped/k1/prior,0,30.37205764796017,30.372244555268974,,,
decode/striped/k1/prior,1,30.21644295301793,30.21662195267684,,,
decode/striped/k1/prior,2,53.13995545855658,53.140212096623735,,,
point/striped/k1/prior,0,353.32226156213386,353.32443516145264,,,
point/striped/k1/prior,1,354.9707158443678,354.97290642499263,,,
point/striped/k1/prior,2,356.3388097846293,356.34091545926725,,,
point/striped/k1/ikea,0,355.4283791267399,355.4799829609103,,,
point/striped/k1/ikea,1,354.67932694351794,354.6815165067919,,,
point/striped/k1/ikea,2,352.1408732694546,352.1431395102025,,,
point/striped/k1/ikea2,0,353.1221352431672,353.124225516521,,,
point/striped/k1/ikea2,1,357.61306628914446,357.63024650230744,,,
point/striped/k1/ikea2,2,353.7336442371752,353.73590939386577,,,
decode/local/k2/ikea,0,288.1872564608555,288.1890375812992,,,
decode/local/k2/ikea,1,287.04126602833276,287.043101742162,,,
decode/local/k2/ikea,2,288.18466325911794,288.1863761368721,,,
decode/local/k2/ikea2,0,583.4617256854442,583.4650318662149,,,
decode/local/k2/ikea2,1,579.5013435755001,579.5047763757079,,,
decode/local/k2/ikea2,2,577.9710744382837,577.974633857729,,,
decode/local/k2/prior,0,573.3509422682877,573.3819209501163,,,
decode/local/k2/prior,1,571.4582670960135,571.461772578522,,,
decode/local/k2/prior,2,574.2513621109189,574.2548947681945,,,
point/local/k2/prior,0,352.47539599445327,352.4775659426294,,,
point/local/k2/prior,1,352.82832922419936,352.83042318199085,,,
point/local/k2/prior,2,351.39396805022017,351.39604512107286,,,
point/local/k2/ikea,0,353.10433588448,353.10633719096734,,,
point/local/k2/ikea,1,352.1416238214191,352.1437004907028,,,
point/local/k2/ikea,2,354.9856475356715,354.9976553731079,,,
point/local/k2/ikea2,0,352.6658773145713,352.6679934498622,,,
point/local/k2/ikea2,1,352.0793214930765,352.0815216021856,,,
point/local/k2/ikea2,2,352.0264181047189,352.02852584291435,,,
decode/striped/k2/ikea,0,53.89901794733128,53.89934056138113,,,
decode/striped/k2/ikea,1,53.68312126578236,53.683442599676575,,,
decode/striped/k2/ikea,2,53.59293014252238,53.59325147641659,,,
decode/striped/k2/ikea2,0,53.61652117144308,53.616855897757375,,,
decode/striped/k2/ikea2,1,53.57360849030135,53.57394066147989,,,
decode/striped/k2/ikea2,2,53.75396337685277,53.755971734829274,,,
decode/striped/k2/prior,0,53.83598257389069,53.836291493740426,,,
decode/striped/k2/prior,1,53.375108406799406,53.37542872119263,,,
decode/striped/k2/prior,2,53.014925637680705,53.01525608061999,,,
point/striped/k2/prior,0,351.4502266820264,351.45242200722925,,,
point/striped/k2/prior,1,350.1242839960115,350.13799426386964,,,
point/striped/k2/prior,2,350.2939380430562,350.29604084476426,,,
point/striped/k2/ikea,0,350.7951339502193,350.8317882903934,,,
point/striped/k2/ikea,1,351.9950051036753,351.99710513561257,,,
point/striped/k2/ikea,2,350.80550860930396,350.8076170073972,,,
point/striped/k2/ikea2,0,350.4021260478319,350.40421546821904,,,
point/striped/k2/ikea2,1,349.11891383432214,349.12100325465013,,,
point/striped/k2/ikea2,2,349.00528598426394,349.00738372912514,,,
decode/local/k3/ikea,0,369.9986467843362,370.01957769117547,,,
decode/local/k3/ikea,1,369.9366976266376,369.9389207663408,,,
decode/local/k3/ikea,2,379.69374269571847,379.6960976426819,,,
decode/local/k3/ikea2,0,960.5180177071128,960.5239967792171,,,
decode/local/k3/ikea2,1,955.747637116338,955.7533632288558,,,
decode/local/k3/ikea2,2,963.014970679464,963.0212027126254,,,
decode/local/k3/prior,0,937.0333100605992,937.0391432621567,,,
decode/local/k3/prior,1,939.7436093780733,939.7496903223794,,,
decode/local/k3/prior,2,944.6248057474844,944.6309092130874,,,
point/local/k3/prior,0,362.59840846986157,362.600584189174,,,
point/local/k3/prior,1,359.66804005378987,359.67019864151365,,,
point/local/k3/prior,2,360.41241873176693,360.4145773192473,,,
point/local/k3/ikea,0,356.68286599081074,356.6849191869519,,,
point/local/k3/ikea,1,355.9563653332413,355.95857124672784,,,
point/local/k3/ikea,2,355.6643278326314,355.66646587160824,,,
point/local/k3/ikea2,0,350.50097695398006,350.5030644620874,,,
point/local/k3/ikea2,1,350.959051436178,350.973513694393,,,
point/local/k3/ikea2,2,353.1904308617435,353.1925517702246,,,
decode/striped/k3/ikea,0,53.491750119590435,53.49206942878504,,,
decode/striped/k3/ikea,1,53.369419086298485,53.36975111700224,,,
decode/striped/k3/ikea,2,56.55135534658577,56.55170645945383,,,
decode/striped/k3/ikea2,0,53.48192172709074,53.482254522314726,,,
decode/striped/k3/ikea2,1,53.541229132030494,53.541536522985446,,,
decode/striped/k3/ikea2,2,57.86085985639594,57.8623383815938,,,
decode/striped/k3/prior,0,53.01735361750299,53.017684282761095,,,
decode/striped/k3/prior,1,53.552488698065744,53.5528231496173,,,
decode/striped/k3/prior,2,57.53323438617045,57.53359155515991,,,
point/striped/k3/prior,0,384.52149489035,384.52379582799267,,,
point/striped/k3/prior,1,381.6423480347094,381.64472986433975,,,
point/striped/k3/prior,2,382.852856847499,382.8552476653267,,,
point/striped/k3/ikea,0,393.20903520796463,393.21129354682046,,,
point/striped/k3/ikea,1,398.6683758469042,398.68428603161203,,,
point/striped/k3/ikea,2,395.9088612046986,395.91113805486185,,,
point/striped/k3/ikea2,0,380.4765048262674,380.47895649659057,,,
point/striped/k3/ikea2,1,377.96335206889097,377.965522251021,,,
point/striped/k3/ikea2,2,379.50645152504114,379.5088123929462,,,
decode/local/k4/ikea,0,337.04749991972113,337.0496006927941,,,
decode/local/k4/ikea,1,334.7484364476332,334.76110523124595,,,
decode/local/k4/ikea,2,332.59490362107823,332.59698033929766,,,
decode/local/k4/ikea2,0,1041.6590616647804,1041.7816242699782,,,
decode/local/k4/ikea2,1,1044.350094031643,1044.3566019996722,,,
decode/local/k4/ikea2,2,1051.9951252103483,1052.001410472496,,,
decode/local/k4/prior,0,963.1898489312834,963.1958364044715,,,
decode/local/k4/prior,1,957.9503500367617,957.956567797204,,,
decode/local/k4/prior,2,951.576685703691,951.6965963528569,,,
point/local/k4/prior,0,351.3356522029982,351.33776254064577,,,
point/local/k4/prior,1,351.6656323508446,351.6677426889663,,,
point/local/k4/prior,2,353.83786263619385,353.8485811523226,,,
point/local/k4/ikea,0,357.64227422033474,357.67480782922024,,,
point/local/k4/ikea,1,351.9215908706412,351.9236988247175,,,
point/local/k4/ikea,2,352.8013443499223,352.80346077031106,,,
point/local/k4/ikea2,0,353.028338385779,353.03037332283765,,,
point/local/k4/ikea2,1,351.79313983287,351.7953255060952,,,
point/local/k4/ikea2,2,351.1662451639198,351.16843083726405,,,
decode/striped/k4/ikea,0,53.93807265860812,53.938396042260266,,,
decode/striped/k4/ikea,1,53.73768890996103,53.738023707178435,,,
decode/striped/k4/ikea,2,53.848185944343435,53.848506791733854,,,
decode/striped/k4/ikea2,0,54.091329961479744,54.09166714751105,,,
decode/striped/k4/ikea2,1,54.158191503696,54.1585274076285,,,
decode/striped/k4/ikea2,2,55.277570722513026,55.27791560095505,,,
decode/striped/k4/prior,0,53.60176629053346,53.602113195128794,,,
decode/striped/k4/prior,1,53.02162244587101,53.021952831196465,,,
decode/striped/k4/prior,2,53.861144149627,53.86358900072119,,,
point/striped/k4/prior,0,350.5611973373857,350.563295867212,,,
point/striped/k4/prior,1,351.4543317860771,351.45643871029324,,,
point/striped/k4/prior,2,355.5268234127943,355.5290394608577,,,
point/striped/k4/ikea,0,352.5727621999797,352.574876988238,,,
point/striped/k4/ikea,1,350.4572155567479,350.4592292395785,,,
point/striped/k4/ikea,2,350.5695268266453,350.5809770155745,,,
point/striped/k4/ikea2,0,352.720312773595,352.7224301635824,,,
point/striped/k4/ikea2,1,349.9269417050867,349.9290424227688,,,
point/striped/k4/ikea2,2,353.32643653252734,353.3284705609886,,,
decode/local/k5/ikea,0,413.2966194434438,413.2991925705003,,,
decode/local/k5/ikea,1,419.24508789056506,419.2476905936224,,,
decode/local/k5/ikea,2,413.6065777410468,413.60906213926046,,,
decode/local/k5/ikea2,0,949.0388281374585,949.0445108568189,,,
decode/local/k5/ikea2,1,950.1110733772508,950.1464375475256,,,
decode/local/k5/ikea2,2,966.3032217165298,966.308994995864,,,
decode/local/k5/prior,0,944.1862137591603,944.1920937180348,,,
decode/local/k5/prior,1,943.9446831607028,943.9503369671522,,,
decode/local/k5/prior,2,947.0911393548719,947.0965896248457,,,
point/local/k5/prior,0,366.5760852558187,366.5782844529702,,,
point/local/k5/prior,1,368.284157090464,368.2863649796305,,,
point/local/k5/prior,2,365.1291441386701,365.13123902558846,,,
point/local/k5/ikea,0,359.7288200156215,359.75989091822254,,,
point/local/k5/ikea,1,357.7153146913876,357.7233399704793,,,
point/local/k5/ikea,2,357.204449831193,357.2065881745858,,,
point/local/k5/ikea2,0,353.0393275845571,353.04144773783054,,,
point/local/k5/ikea2,1,351.4032062080306,351.4053096009007,,,
point/local/k5/ikea2,2,351.40337380896784,351.4053934014885,,,
decode/striped/k5/ikea,0,53.596833435645514,53.597167229379814,,,
decode/striped/k5/ikea,1,53.680946899946434,53.68128069366257,,,
decode/striped/k5/ikea,2,54.48240996521696,54.48383722122945,,,
decode/striped/k5/ikea2,0,54.136369623337806,54.13668211930081,,,
decode/striped/k5/ikea2,1,54.064108159756984,54.06443227751299,,,
decode/striped/k5/ikea2,2,55.2696840175121,55.2700158830934,,,
decode/striped/k5/prior,0,54.201552626006404,54.201877154427,,,
decode/striped/k5/prior,1,53.671089112456045,53.67141108556134,,,
decode/striped/k5/prior,2,54.00858595021029,54.00891047866721,,,
point/striped/k5/prior,0,428.6656836733451,428.66824489815554,,,
point/striped/k5/prior,1,428.47261224485857,428.4751836736428,,,
point/striped/k5/prior,2,426.28363265316574,426.2861836734225,,,
point/striped/k5/ikea,0,437.0474815326588,437.05009730696537,,,
point/striped/k5/ikea,1,439.1535982588875,439.15623495931476,,,
point/striped/k5/ikea,2,437.1517986064215,437.1543097496785,,,
point/striped/k5/ikea2,0,427.77383749906636,427.77640105421904,,,
point/striped/k5/ikea2,1,426.10835088158063,426.1108940905527,,,
point/striped/k5/ikea2,2,424.9989928891931,425.0212714012915,,,
decode/local/k6/ikea,0,411.48966172781707,411.49221934814625,,,
decode/local/k6/ikea,1,413.9727971149638,413.97537433412384,,,
decode/local/k6/ikea,2,411.74394402638967,411.7464036531222,,,
decode/local/k6/ikea2,0,955.8569937369674,955.8627121719413,,,
decode/local/k6/ikea2,1,956.3814332396543,956.3871289829876,,,
decode/local/k6/ikea2,2,954.4115004081904,954.4172188434867,,,
decode/local/k6/prior,0,944.3814449074392,944.4129644897489,,,
decode/local/k6/prior,1,941.6857849802363,941.6914246225998,,,
decode/local/k6/prior,2,935.1861750742653,935.1917478434717,,,
point/local/k6/prior,0,361.27277620540013,361.2749379260354,,,
point/local/k6/prior,1,362.9124720017846,362.9147292204838,,,
point/local/k6/prior,2,362.23435139681504,362.2365217993393,,,
point/local/k6/ikea,0,360.20690311753685,360.2091447263115,,,
point/local/k6/ikea,1,361.61868411489104,361.63287808759003,,,
point/local/k6/ikea,2,361.356355264779,361.3585189803784,,,
point/local/k6/ikea2,0,353.29248389405706,353.2946060889711,,,
point/local/k6/ikea2,1,353.8482967703019,353.8504189648568,,,
point/local/k6/ikea2,2,354.71713335303724,354.7193481832887,,,
decode/striped/k6/ikea,0,55.24611215725338,55.24645596447802,,,
decode/striped/k6/ikea,1,55.25162357048005,55.251954255319156,,,
decode/striped/k6/ikea,2,54.334432554083186,54.33475798991959,,,
decode/striped/k6/ikea2,0,55.68898198994897,55.694049948401315,,,
decode/striped/k6/ikea2,1,55.00731921562066,55.01060668223039,,,
decode/striped/k6/ikea2,2,54.48588756338062,54.48621368000082,,,
decode/striped/k6/prior,0,53.880637135590135,53.88097282351883,,,
decode/striped/k6/prior,1,53.81577190782837,53.816107595738714,,,
decode/striped/k6/prior,2,53.24133247432424,53.241651377779434,,,
point/striped/k6/prior,0,419.9798644357208,419.98257173869484,,,
point/striped/k6/prior,1,416.8830783625094,416.8855766451675,,,
point/striped/k6/prior,2,417.2388099812304,417.2412087310445,,,
point/striped/k6/ikea,0,382.7396638549668,382.74186986342517,,,
point/striped/k6/ikea,1,382.9423635032116,382.99158281078763,,,
point/striped/k6/ikea,2,384.33685933069046,384.3391557496686,,,
point/striped/k6/ikea2,0,368.5848204536101,368.5870303889236,,,
point/striped/k6/ikea2,1,367.6271324125779,367.6293248776127,,,
point/striped/k6/ikea2,2,368.10247809716395,368.10486273067045,,,
decode/local/k7/ikea,0,416.9006216721667,416.9031202594819,,,
decode/local/k7/ikea,1,416.3510316586913,416.3536194810212,,,
decode/local/k7/ikea,2,419.3732314068787,419.375839059478,,,
decode/local/k7/ikea2,0,955.6375693107688,955.6433178679647,,,
decode/local/k7/ikea2,1,946.9905171437309,946.9961978040134,,,
decode/local/k7/ikea2,2,945.8822224737163,945.8878805027665,,,
decode/local/k7/prior,0,936.9835686492833,936.9891939975589,,,
decode/local/k7/prior,1,947.179922179105,947.1855919954279,,,
decode/local/k7/prior,2,946.9466592549954,946.9952640348689,,,
point/local/k7/prior,0,360.4302376932166,360.4324024762702,,,
point/local/k7/prior,1,360.54185392049993,360.5440100448811,,,
point/local/k7/prior,2,360.168645278569,360.17081006186874,,,
point/local/k7/ikea,0,357.72390153235654,357.7260417642399,,,
point/local/k7/ikea,1,359.50072051638125,359.5028778023323,,,
point/local/k7/ikea,2,360.1595027157693,360.1617452696356,,,
point/local/k7/ikea2,0,351.62429684936217,351.6376661701664,,,
point/local/k7/ikea2,1,351.31444811607804,351.31663429456694,,,
point/local/k7/ikea2,2,352.34876270710134,352.3508732099122,,,
decode/striped/k7/ikea,0,58.108803302756506,58.10915032322912,,,
decode/striped/k7/ikea,1,57.97267902536575,57.973039816482256,,,
decode/striped/k7/ikea,2,57.835247913053706,57.835608704111515,,,
decode/striped/k7/ikea2,0,58.473761105081735,58.47412498109316,,,
decode/striped/k7/ikea2,1,59.54615321240343,59.546522580981346,,,
decode/striped/k7/ikea2,2,59.00920812335636,59.0095623875716,,,
decode/striped/k7/prior,0,58.15614090588775,58.158209704910554,,,
decode/striped/k7/prior,1,58.05245120075257,58.05279946940368,,,
decode/striped/k7/prior,2,57.667440905329094,57.667786398921145,,,
point/striped/k7/prior,0,452.5113371523085,452.5140489206835,,,
point/striped/k7/prior,1,452.1729650847052,452.1755679467863,,,
point/striped/k7/prior,2,452.30376162575027,452.30647339412536,,,
point/striped/k7/ikea,0,475.1857443385617,475.1886017705344,,,
point/striped/k7/ikea,1,475.8073033264462,475.84401120523324,,,
point/striped/k7/ikea,2,469.58798978529046,469.59080221800843,,,
point/striped/k7/ikea2,0,461.0502154293933,461.0528711062987,,,
point/striped/k7/ikea2,1,461.90102370276935,461.9038005927894,,,
point/striped/k7/ikea2,2,461.17517548405345,461.1780515487675,,,
decode/local/k8/ikea,0,64.31073633443225,64.31110721072645,,,
decode/local/k8/ikea,1,64.56824505306889,64.57153104754568,,,
decode/local/k8/ikea,2,71.02288138827903,71.02332399786975,,,
decode/local/k8/ikea2,0,71.50626787153546,71.50673115273038,,,
decode/local/k8/ikea2,1,71.59717619109037,71.59911586263406,,,
decode/local/k8/ikea2,2,73.04682363922406,73.04727843528892,,,
decode/local/k9/ikea,0,447.32125959246304,447.3237258539211,,,
decode/local/k9/ikea,1,446.8529875628887,446.8556655198281,,,
decode/local/k9/ikea,2,447.03642233405253,447.03920613903347,,,
decode/local/k9/ikea2,0,350.60399039652805,350.6060932196069,,,
decode/local/k9/ikea2,1,347.73280900737024,347.73497806086755,,,
decode/local/k9/ikea2,2,345.42269227580465,345.4247537045779,,,
decode/local/k10/ikea,0,843.2725599263089,843.2776221536101,,,
decode/local/k10/ikea,1,845.2680579452715,845.2731201722886,,,
decode/local/k10/ikea,2,842.2010884790749,842.2063307854127,,,
decode/local/k10/ikea2,0,798.5153559483133,798.5199426657797,,,
decode/local/k10/ikea2,1,797.7033349259565,797.7079025320301,,,
decode/local/k10/ikea2,2,795.7684854277077,795.8108934541023,,,
decode/striped/k10/ikea,0,179.29345556011592,179.2945297521918,,,
decode/striped/k10/ikea,1,177.9291461243691,177.9302117569934,,,
decode/striped/k10/ikea,2,177.97254176940018,177.97361168175027,,,
decode/striped/k10/ikea2,0,168.85165108735998,168.85270309328632,,,
decode/striped/k10/ikea2,1,168.39647778743273,168.39752979358732,,,
decode/striped/k10/ikea2,2,170.51313802962045,170.52006440527563,,,
decode/local/k11/ikea,0,1320.7679858391048,1320.7762359333806,,,
decode/local/k11/ikea,1,1316.1510936907346,1316.1589960794988,,,
decode/local/k11/ikea,2,1323.4604880513004,1323.4684220497384,,,
decode/local/k11/ikea2,0,1225.3978576224545,1225.4054756144906,,,
decode/local/k11/ikea2,1,1231.1720615279078,1231.1794460170308,,,
decode/local/k11/ikea2,2,1226.1707480806513,1226.17807419498,,,
decode/local/k12/ikea,0,933.0282479591568,933.0338308236112,,,
decode/local/k12/ikea,1,934.550279143019,934.5558842500418,,,
decode/local/k12/ikea,2,930.4968082031254,930.5339753994239,,,
decode/local/k12/ikea2,0,1173.6167585447204,1173.623511575784,,,
decode/local/k12/ikea2,1,1158.460474090465,1158.467420066784,,,
decode/local/k12/ikea2,2,1162.026378169844,1162.0332965818836,,,
decode/striped/k12/ikea,0,189.8871203119476,189.88830404873593,,,
decode/striped/k12/ikea,1,189.17181802987918,189.17295206768102,,,
decode/striped/k12/ikea,2,192.31061793770354,192.33264809125998,,,
decode/striped/k12/ikea2,0,169.9441533352757,169.94517028850615,,,
decode/striped/k12/ikea2,1,170.34423665195274,170.34525768928984,,,
decode/striped/k12/ikea2,2,169.5170329468552,169.51809074167434,,,
decode/local/k13/ikea,0,1316.0594753649082,1316.0673636766417,,,
decode/local/k13/ikea,1,1326.2350842044548,1326.2430351207286,,,
decode/local/k13/ikea,2,1319.0323045138516,1319.0405371574507,,,
decode/local/k13/ikea2,0,1155.558562978413,1155.5657317296211,,,
decode/local/k13/ikea2,1,1142.1483359226127,1142.1922479350924,,,
decode/local/k13/ikea2,2,1136.3571837433615,1136.4724834404644,,,
decode/local/k14/ikea,0,1319.9722387964641,1319.9801526243334,,,
decode/local/k14/ikea,1,1325.3837892158447,1325.391734447012,,,
decode/local/k14/ikea,2,1332.172408378663,1332.180730459669,,,
decode/local/k14/ikea2,0,1147.5375833060446,1147.5444662950217,,,
decode/local/k14/ikea2,1,1143.1789304050176,1143.185758767674,,,
decode/local/k14/ikea2,2,1145.6611493499668,1145.668032339332,,,
decode/striped/k14/ikea,0,224.67783154716554,224.67911630250342,,,
decode/striped/k14/ikea,1,227.00360802114506,227.00496772051073,,,
decode/striped/k14/ikea,2,225.6902669078702,225.69162125422145,,,
decode/striped/k14/ikea2,0,187.2124143024057,187.21353543353194,,,
decode/striped/k14/ikea2,1,189.71796879517825,189.71914331350396,,,
decode/striped/k14/ikea2,2,185.89201550008934,185.89312773344383,,,
decode/local/k15/ikea,0,1333.795212851244,1333.803502008328,,,
decode/local/k15/ikea,1,1327.9144096385203,1327.9223775092958,,,
decode/local/k15/ikea,2,1334.590393573954,1334.5983935747302,,,
decode/local/k15/ikea2,0,1143.8979697504574,1143.9048371716551,,,
decode/local/k15/ikea2,1,1146.9877640007953,1146.9949039373519,,,
decode/local/k15/ikea2,2,1149.0019348683074,1149.0401689601142,,,
decode/striped/k15/ikea,0,256.06802039149574,256.06955463983843,,,
decode/striped/k15/ikea,1,255.63488551204665,255.63641976047623,,,
decode/striped/k15/ikea,2,253.16346165600177,253.16497756681906,,,
decode/striped/k15/ikea2,0,190.81723064635196,190.81837403250273,,,
decode/striped/k15/ikea2,1,190.7409141644201,190.74210292281148,,,
decode/striped/k15/ikea2,2,190.7431374150431,190.74428080119384,,,
decode/local/k16/ikea,0,118.84678391153064,118.84752266114067,,,
decode/local/k16/ikea,1,119.07573727484004,119.07996471980651,,,
decode/local/k16/ikea,2,125.41848053548391,125.41923332977274,,,
decode/local/k16/ikea2,0,118.92372876531078,118.92444299005827,,,
decode/local/k16/ikea2,1,119.24037788466009,119.24112056455859,,,
decode/local/k16/ikea2,2,119.90617477164706,119.90692029707279,,,
decode/local/k17/ikea,0,337.16090341921847,337.16299914537865,,,
decode/local/k17/ikea,1,334.788380003536,334.7903790040867,,,
decode/local/k17/ikea,2,342.81832470860576,342.84140994014626,,,
decode/local/k17/ikea2,0,454.8390110790003,454.85112699856643,,,
decode/local/k17/ikea2,1,457.6465207662883,457.6492604921934,,,
decode/local/k17/ikea2,2,463.70328003064066,463.7060634175219,,,
decode/local/k18/ikea,0,866.3985221675613,866.403940886638,,,
decode/local/k18/ikea,1,868.3028940888755,868.3080870274559,,,
decode/local/k18/ikea,2,868.0231116583369,868.0685344826784,,,
decode/local/k18/ikea2,0,1008.4430569786032,1008.4493482357067,,,
decode/local/k18/ikea2,1,1012.3705645448192,1012.376403021463,,,
decode/local/k18/ikea2,2,991.2726926099556,991.2786264086766,,,
decode/local/k19/ikea,0,1372.0827261737309,1372.118371614828,,,
decode/local/k19/ikea,1,1377.4210474726926,1377.4292808826387,,,
decode/local/k19/ikea,2,1389.2157676352667,1389.223739667075,,,
decode/local/k19/ikea2,0,1464.5955923637748,1464.6040145986726,,,
decode/local/k19/ikea2,1,1463.6631807971396,1463.6719539592602,,,
decode/local/k19/ikea2,2,1460.4037759685023,1460.4125140378508,,,
decode/local/k20/ikea,0,910.1572264355303,910.1626868904042,,,
decode/local/k20/ikea,1,907.623315276309,907.6287540629396,,,
decode/local/k20/ikea,2,912.8205200434477,912.8257421451829,,,
decode/local/k20/ikea2,0,1265.5289209065272,1265.5362149187306,,,
decode/local/k20/ikea2,1,1256.8979738860264,1256.905508029469,,,
decode/local/k20/ikea2,2,1258.3793186252442,1258.3871229173976,,,
decode/striped/k20/ikea,0,360.89409850107705,360.9137387581095,,,
decode/striped/k20/ikea,1,359.98455674512536,359.9867066380847,,,
decode/striped/k20/ikea,2,362.3340985010589,362.3362740897997,,,
decode/striped/k20/ikea2,0,350.98836258679887,350.99038140650714,,,
decode/striped/k20/ikea2,1,351.0293980245268,351.0315002666185,,,
decode/striped/k20/ikea2,2,349.04753403630684,349.04954451410873,,,
decode/local/k21/ikea,0,1402.1239256446338,1402.1326537411214,,,
decode/local/k21/ikea,1,1407.643946965062,1407.6970151239416,,,
decode/local/k21/ikea,2,1399.9102871609919,1399.9186488117157,,,
decode/local/k21/ikea2,0,1360.2081622012267,1360.2163113620827,,,
decode/local/k21/ikea2,1,1359.8091792160915,1359.817654344623,,,
decode/local/k21/ikea2,2,1367.814590260025,1367.8224460518254,,,
decode/local/k22/ikea,0,1390.8883958141741,1390.8967081739972,,,
decode/local/k22/ikea,1,1397.4150880910458,1397.4234666850477,,,
decode/local/k22/ikea,2,1398.8129553583562,1398.821002780522,,,
decode/local/k22/ikea2,0,1367.773121011063,1367.8330728142132,,,
decode/local/k22/ikea2,1,1374.979679562223,1374.9882441071832,,,
decode/local/k22/ikea2,2,1382.9557769963778,1382.9643741039463,,,
decode/local/k23/ikea,0,1412.1879538233097,1412.196720762307,,,
decode/local/k23/ikea,1,1414.322770620658,1414.3316044835801,,,
decode/local/k23/ikea,2,1405.2944955660814,1405.302927889736,,,
decode/local/k23/ikea2,0,1358.3985991306558,1358.4715934895828,,,
decode/local/k23/ikea2,1,1359.080549970503,1359.1782216735708,,,
decode/local/k23/ikea2,2,1367.1780271092805,1367.1859069987274,,,
decode/local/k24/ikea,0,373.56723877286015,373.56947976879104,,,
decode/local/k24/ikea,1,370.2137483325883,370.2158737220471,,,
decode/local/k24/ikea,2,373.47306358374084,373.47529568717727,,,
decode/local/k24/ikea2,0,366.0701165680776,366.0722248087125,,,
decode/local/k24/ikea2,1,365.2424564516497,365.260631242275,,,
decode/local/k24/ikea2,2,368.6337371199333,368.63594198811376,,,
decode/local/k25/ikea,0,508.2954501358992,508.29837262340027,,,
decode/local/k25/ikea,1,504.3857440822315,504.44988116006454,,,
decode/local/k25/ikea,2,503.6947759022192,503.6979166668907,,,
decode/local/k25/ikea2,0,549.0577929792033,549.061082753575,,,
decode/local/k25/ikea2,1,552.3240819310455,552.3272542128657,,,
decode/local/k25/ikea2,2,551.8905236225713,551.8936959047626,,,
decode/local/k26/ikea,0,936.4945512537649,936.4999557018065,,,
decode/local/k26/ikea,1,932.7869673076003,932.7925711004306,,,
decode/local/k26/ikea,2,936.3984451139539,936.4040267566986,,,
decode/local/k26/ikea2,0,1063.1381148471698,1063.144253846653,,,
decode/local/k26/ikea2,1,1061.6849910315177,1061.691332137265,,,
decode/local/k26/ikea2,2,1057.9288078215823,1057.9351489276885,,,
decode/local/k27/ikea,0,1388.4986753213282,1388.506656511197,,,
decode/local/k27/ikea,1,1397.2660617303147,1397.2744403224342,,,
decode/local/k27/ikea,2,1401.5974301230103,1401.6561796261751,,,
decode/local/k27/ikea2,0,1518.5541156882082,1518.5632013317609,,,
decode/local/k27/ikea2,1,1528.1128646927712,1528.1220227336996,,,
decode/local/k27/ikea2,2,1510.0139723448963,1510.0230217920762,,,
decode/local/k28/ikea,0,934.3382330051991,934.3436144889292,,,
decode/local/k28/ikea,1,935.5728613044591,935.5784651650441,,,
decode/local/k28/ikea,2,943.6206275434565,943.6262758792859,,,
decode/local/k28/ikea2,0,1349.7894231076586,1349.797847465204,,,
decode/local/k28/ikea2,1,1343.0886959865936,1343.0967679937826,,,
decode/local/k28/ikea2,2,1348.1033024763417,1348.111662769193,,,
decode/local/k29/ikea,0,1375.5979181076536,1375.6058240269285,,,
decode/local/k29/ikea,1,1368.2767071845353,1368.284876634016,,,
decode/local/k29/ikea,2,1373.2014362422894,1373.2099351058146,,,
decode/local/k29/ikea2,0,1401.843467790291,1401.8517961073742,,,
decode/local/k29/ikea2,1,1408.1134524048628,1408.1218141686459,,,
decode/local/k29/ikea2,2,1408.958324971624,1409.0095324110398,,,
decode/local/k30/ikea,0,1384.8472080382162,1384.9176741888634,,,
decode/local/k30/ikea,1,1400.0884862460655,1400.0968209514467,,,
decode/local/k30/ikea,2,1373.7073299289023,1373.7158293528603,,,
decode/local/k30/ikea2,0,1412.871516296642,1412.8799176716711,,,
decode/local/k30/ikea2,1,1429.9465888387765,1430.0286119181696,,,
decode/local/k30/ikea2,2,1424.1448815711244,1424.2353397675759,,,
decode/local/k31/ikea,0,1388.4427822486207,1388.4513640763964,,,
decode/local/k31/ikea,1,1379.7387384380545,1379.7469195569304,,,
decode/local/k31/ikea,2,1382.4518649613728,1382.4603800037783,,,
decode/local/k31/ikea2,0,1409.0873112191243,1409.0956715218656,,,
decode/local/k31/ikea2,1,1404.2642934195312,1404.2726537213146,,,
decode/local/k31/ikea2,2,1409.635113268801,1409.705872439588,,,
decode/local/k32/ikea,0,315.2132614466665,315.2151413296578,,,
decode/local/k32/ikea,1,313.37217923556557,313.3741117556858,,,
decode/local/k32/ikea,2,319.3018565724288,319.31157180791524,,,
decode/local/k32/ikea2,0,292.0243446863173,292.0261500537658,,,
decode/local/k32/ikea2,1,291.3625386245053,291.3718362670672,,,
decode/local/k32/ikea2,2,292.37347498521956,292.375280352964,,,
decode/local/k33/ikea,0,645.3781659924806,645.3821643313072,,,
decode/local/k33/ikea,1,643.7191628091626,643.7229919879644,,,
decode/local/k33/ikea,2,654.4996232334755,654.5034985462534,,,
decode/local/k33/ikea2,0,788.0041660411823,788.0088575284017,,,
decode/local/k33/ikea2,1,787.7821648400605,787.7866686686872,,,
decode/local/k33/ikea2,2,808.4145961568614,808.4191938145177,,,
decode/local/k34/ikea,0,1233.3030978642983,1233.310138464428,,,
decode/local/k34/ikea,1,1247.6729640933054,1247.6803860598643,,,
decode/local/k34/ikea,2,1246.2305210040847,1246.2898674031148,,,
decode/local/k34/ikea2,0,1459.2409387586472,1459.2499652829947,,,
decode/local/k34/ikea2,1,1460.556728232167,1460.5654075822356,,,
decode/local/k34/ikea2,2,1472.1707401745807,1472.1798708515078,,,
decode/local/k35/ikea,0,1551.299460665714,1551.3083131851174,,,
decode/local/k35/ikea,1,1553.8949600149429,1553.9045564457651,,,
decode/local/k35/ikea,2,1559.4248093733772,1559.4340710438235,,,
decode/local/k35/ikea2,0,1981.0013215024449,1981.0130734366303,,,
decode/local/k35/ikea2,1,1967.7065319992248,1967.718189540685,,,
decode/local/k35/ikea2,2,1966.5034925429882,1966.5151500851193,,,
decode/local/k36/ikea,0,1075.1913149721731,1075.1977040174165,,,
decode/local/k36/ikea,1,1069.1408135216475,1069.146922566824,,,
decode/local/k36/ikea,2,1065.128951789314,1065.1352899252895,,,
decode/local/k36/ikea2,0,1322.8581390965337,1322.9150279585242,,,
decode/local/k36/ikea2,1,1321.5425645536639,1321.5504177932123,,,
decode/local/k36/ikea2,2,1338.8574165988825,1338.900546586691,,,
decode/local/k37/ikea,0,1555.7571460394208,1555.7667607097549,,,
decode/local/k37/ikea,1,1566.544880837304,1566.5537901849038,,,
decode/local/k37/ikea,2,1582.1143366249028,1582.1237285612697,,,
decode/local/k37/ikea2,0,1892.7399791662326,1892.7512115580025,,,
decode/local/k37/ikea2,1,1892.6213143708242,1892.6624847146768,,,
decode/local/k37/ikea2,2,1921.1171701621545,1921.3102042658754,,,
decode/local/k38/ikea,0,1567.8332704350883,1567.8425918955575,,,
decode/local/k38/ikea,1,1566.6101592573139,1566.6194807145655,,,
decode/local/k38/ikea,2,1571.4339195406858,1571.4436561256528,,,
decode/local/k38/ikea2,0,1868.9726506455422,1868.9841732409502,,,
decode/local/k38/ikea2,1,1865.3495337158415,1865.3606079640078,,,
decode/local/k38/ikea2,2,1874.5321915350494,1874.5433106183857,,,
decode/local/k39/ikea,0,1573.7389785146845,1573.7483458492716,,,
decode/local/k39/ikea,1,1574.918481897596,1574.9742770052326,,,
decode/local/k39/ikea,2,1559.302877109499,1559.451936658366,,,
decode/local/k39/ikea2,0,1876.7778275280325,1876.7890212230786,,,
decode/local/k39/ikea2,1,1872.4091519657368,1872.4198083652527,,,
decode/local/k39/ikea2,2,1890.576967851493,1890.5882063214847,,,
decode/local/k40/ikea,0,766.7758063043092,766.7803746011023,,,
decode/local/k40/ikea,1,764.2409502057186,764.2452992224664,,,
decode/local/k40/ikea,2,760.4556601187659,760.4603563267547,,,
decode/local/k40/ikea2,0,763.1456732860069,763.1502029279725,,,
decode/local/k40/ikea2,1,761.41917306857,761.4236664727532,,,
decode/local/k40/ikea2,2,760.8036671980148,760.8083599076845,,,
decode/local/k41/ikea,0,912.5796534254267,912.5850890351796,,,
decode/local/k41/ikea,1,909.3606853217401,909.3660991889751,,,
decode/local/k41/ikea,2,918.160720109807,918.1663948850966,,,
decode/local/k41/ikea2,0,977.8685446007486,977.9194169993791,,,
decode/local/k41/ikea2,1,981.7206455981822,981.7262513722612,,,
decode/local/k41/ikea2,2,985.4024712119888,985.4085674910797,,,
decode/local/k42/ikea,0,1365.8783299431439,1365.886111917591,,,
decode/local/k42/ikea,1,1354.0732991053558,1354.0816945978581,,,
decode/local/k42/ikea,2,1351.9579579577926,1351.9659982560179,,,
decode/local/k42/ikea2,0,1569.5579710146296,1569.5672717764605,,,
decode/local/k42/ikea2,1,1567.583557447945,1567.5928208582436,,,
decode/local/k42/ikea2,2,1578.8983266099924,1578.907739429604,,,
decode/local/k43/ikea,0,1548.998700285684,1549.0079096878933,,,
decode/local/k43/ikea,1,1554.1039771250191,1554.1132236604678,,,
decode/local/k43/ikea,2,1548.279401388437,1548.2882394450598,,,
decode/local/k43/ikea2,0,2070.7956767379387,2070.8079587345983,,,
decode/local/k43/ikea2,1,2053.64853844291,2053.7241464014405,,,
decode/local/k43/ikea2,2,2049.3699828057765,2049.382657823503,,,
decode/local/k44/ikea,0,1153.307065660103,1153.3139086516483,,,
decode/local/k44/ikea,1,1149.908135556362,1149.9151957865179,,,
decode/local/k44/ikea,2,1148.1142670939091,1148.121354477348,,,
decode/local/k44/ikea2,0,1410.2131318222969,1410.221863979438,,,
decode/local/k44/ikea2,1,1393.8386565908352,1393.846918556493,,,
decode/local/k44/ikea2,2,1402.877111671033,1402.9788077236383,,,
decode/local/k45/ikea,0,1551.6025536335835,1551.6407467883234,,,
decode/local/k45/ikea,1,1562.654442877491,1562.6637220692794,,,
decode/local/k45/ikea,2,1564.9334496326098,1564.9430999939684,,,
decode/local/k45/ikea2,0,2069.5194273021507,2069.5322142692144,,,
decode/local/k45/ikea2,1,2040.6761787211847,2040.687780794128,,,
decode/local/k45/ikea2,2,2025.251789681252,2025.362083436236,,,
decode/local/k46/ikea,0,1556.642187558019,1556.651821111121,,,
decode/local/k46/ikea,1,1561.99403460694,1562.0032976394778,,,
decode/local/k46/ikea,2,1561.265923154039,1561.2752232383173,,,
decode/local/k46/ikea2,0,2018.0088946584913,2018.021299101697,,,
decode/local/k46/ikea2,1,2021.998942256551,2022.0104812731208,,,
decode/local/k46/ikea2,2,2010.319534593157,2010.3314582443188,,,
decode/local/k47/ikea,0,1576.8600044679604,1576.8690148186454,,,
decode/local/k47/ikea,1,1574.5884280290584,1574.598145803901,,,
decode/local/k47/ikea,2,1569.7902300987687,1569.7995383117836,,,
decode/local/k47/ikea2,0,2011.9166306905377,2011.9285748563243,,,
decode/local/k47/ikea2,1,1999.0044610736315,1999.0163572700296,,,
decode/local/k47/ikea2,2,2015.1914903820661,2015.2039142328783,,,
decode/local/k48/ikea,0,716.3265109724464,716.3307728007179,,,
decode/local/k48/ikea,1,714.1760065990138,714.180079394174,,,
decode/local/k48/ikea,2,721.5484525099765,721.5527487069722,,,
decode/local/k48/ikea2,0,718.2567960747288,718.261065679482,,,
decode/local/k48/ikea2,1,714.3669794265909,714.3712318153775,,,
decode/local/k48/ikea2,2,706.778961866194,706.7829904454564,,,
decode/local/k49/ikea,0,916.1200764160589,916.1255285808193,,,
decode/local/k49/ikea,1,908.9728250369469,908.9782128055215,,,
decode/local/k49/ikea,2,909.5940069117929,909.5996307989026,,,
decode/local/k49/ikea2,0,977.1179185902228,977.1234904657866,,,
decode/local/k49/ikea2,1,974.2657714366738,974.2988529862135,,,
decode/local/k49/ikea2,2,978.788338695243,978.7938872564441,,,
decode/local/k50/ikea,0,1352.312868065588,1352.3212298675135,,,
decode/local/k50/ikea,1,1348.6261916379563,1348.634195541344,,,
decode/local/k50/ikea,2,1355.2124938997379,1355.2205303385153,,,
decode/local/k50/ikea2,0,1575.077830809048,1575.0871885460601,,,
decode/local/k50/ikea2,1,1574.7430192790498,1574.752339434122,,,
decode/local/k50/ikea2,2,1583.5742042167092,1583.5835995345935,,,
decode/local/k51/ikea,0,1560.0113851991798,1560.0768314920729,,,
decode/local/k51/ikea,1,1565.8583919338162,1565.8680656327895,,,
decode/local/k51/ikea,2,1572.0517914943487,1572.0615023999906,,,
decode/local/k51/ikea2,0,2071.1474485759663,2071.1602551440087,,,
decode/local/k51/ikea2,1,2080.015130537414,2080.0269976263007,,,
decode/local/k51/ikea2,2,2094.3634790347983,2094.465882119404,,,
decode/local/k52/ikea,0,1177.0548645855547,1177.1384611079259,,,
decode/local/k52/ikea,1,1170.717907152186,1170.7251460350349,,,
decode/local/k52/ikea,2,1159.718438189993,1159.725313731485,,,
decode/local/k52/ikea2,0,1445.6078010254043,1445.6163918513596,,,
decode/local/k52/ikea2,1,1445.526049604782,1445.5346404331985,,,
decode/local/k52/ikea2,2,1447.2348621311146,1447.2434529580544,,,
decode/local/k53/ikea,0,1570.4234453337658,1570.432724687972,,,
decode/local/k53/ikea,1,1562.812093093228,1562.8213724453076,,,
decode/local/k53/ikea,2,1564.912669311072,1564.922322829862,,,
decode/local/k53/ikea2,0,2011.5291232079971,2011.545315998783,,,
decode/local/k53/ikea2,1,2006.7664904512822,2006.7789207976418,,,
decode/local/k53/ikea2,2,2014.417583463797,2014.4295375519428,,,
decode/local/k54/ikea,0,1565.1442537310388,1565.1535820881636,,,
decode/local/k54/ikea,1,1564.7513432833787,1564.7606343253444,,,
decode/local/k54/ikea,2,1577.4879477613363,1577.4969402974054,,,
decode/local/k54/ikea2,0,2004.8424621555776,2004.8543527036556,,,
decode/local/k54/ikea2,1,2024.4862709512654,2024.4977794797285,,,
decode/local/k54/ikea2,2,2029.3026121001976,2029.3146459131815,,,
decode/local/k55/ikea,0,1584.5206962670711,1584.5301327105606,,,
decode/local/k55/ikea,1,1593.655626151499,1593.6647242378447,,,
decode/local/k55/ikea,2,1584.4180984249726,1584.4910334994802,,,
decode/local/k55/ikea2,0,2032.2990550568188,2032.3115900083503,,,
decode/local/k55/ikea2,1,2023.8383955257636,2023.8509304745548,,,
decode/local/k55/ikea2,2,2014.333044065006,2014.3445183710144,,,
decode/local/k56/ikea,0,753.4098951275229,753.4143718346859,,,
decode/local/k56/ikea,1,753.8308304202961,753.8351109384332,,,
decode/local/k56/ikea,2,755.0074195621396,755.0117357496032,,,
decode/local/k56/ikea2,0,748.1286514141682,748.1570577594132,,,
decode/local/k56/ikea2,1,750.6034738742521,750.6075881438248,,,
decode/local/k56/ikea2,2,751.8400980268666,751.8447310512308,,,
decode/local/k56/prior,0,754.5895339626272,754.594197939452,,,
decode/local/k56/prior,1,753.9887992507939,753.9932651444465,,,
decode/local/k56/prior,2,754.4308866959828,754.4353705975919,,,
point/local/k56/prior,0,353.2029680193459,353.20506771738263,,,
point/local/k56/prior,1,351.99718924885474,351.9992805818869,,,
point/local/k56/prior,2,352.30295045219077,352.3050417851041,,,
point/local/k56/ikea,0,352.19883925051187,352.2136971810236,,,
point/local/k56/ikea,1,351.421170660391,351.42326202528574,,,
point/local/k56/ikea,2,352.5925869932598,352.5946027666149,,,
point/local/k56/ikea2,0,353.1192725495355,353.12128669067715,,,
point/local/k56/ikea2,1,350.9309377132752,350.9330277010111,,,
point/local/k56/ikea2,2,352.74762558889415,352.74971557674985,,,
decode/local/k57/ikea,0,913.8365312144538,913.8417210420372,,,
decode/local/k57/ikea,1,910.2861080602938,910.3627926009397,,,
decode/local/k57/ikea,2,911.9498675626701,911.9552942696587,,,
decode/local/k57/ikea2,0,985.3547283139097,985.360804583123,,,
decode/local/k57/ikea2,1,967.4499697349326,967.4554872665148,,,
decode/local/k57/ikea2,2,969.8017879594671,969.8073287708604,,,
decode/local/k58/ikea,0,1360.892384744006,1361.0099524845753,,,
decode/local/k58/ikea,1,1361.301720816827,1361.309811220479,,,
decode/local/k58/ikea,2,1363.3076602029996,1363.3157506098453,,,
decode/local/k58/ikea2,0,1577.6219873307234,1577.6804602875582,,,
decode/local/k58/ikea2,1,1578.3641066005755,1578.373477267684,,,
decode/local/k58/ikea2,2,1587.620450541676,1587.629896169592,,,
decode/local/k59/ikea,0,1546.4233015448997,1546.4321357310853,,,
decode/local/k59/ikea,1,1563.0385894873746,1563.0479041915455,,,
decode/local/k59/ikea,2,1570.918792045232,1570.9277371201026,,,
decode/local/k59/ikea2,0,2059.008744627228,2059.0209969894213,,,
decode/local/k59/ikea2,1,2071.49034138625,2071.5031371990212,,,
decode/local/k59/ikea2,2,2069.00034583306,2069.01264759449,,,
decode/local/k60/ikea,0,1163.4268902939527,1163.4337915870906,,,
decode/local/k60/ikea,1,1154.318559252172,1154.3251580963572,,,
decode/local/k60/ikea,2,1152.799450096593,1152.8062963991545,,,
decode/local/k60/ikea2,0,1400.2985729966613,1400.3751122630872,,,
decode/local/k60/ikea2,1,1391.901207464587,1391.9094900709715,,,
decode/local/k60/ikea2,2,1410.4186541592628,1410.4267039223314,,,
decode/local/k61/ikea,0,1535.8332478567056,1535.8423694018331,,,
decode/local/k61/ikea,1,1535.475712506221,1535.4848340549925,,,
decode/local/k61/ikea,2,1520.1859476882196,1520.1945930109366,,,
decode/local/k61/ikea2,0,2015.4458986532604,2015.4583632958072,,,
decode/local/k61/ikea2,1,2023.6821515891506,2023.7718011404856,,,
decode/local/k61/ikea2,2,2010.3996356486962,2010.4120523542194,,,
decode/local/k62/ikea,0,1517.1562320087858,1517.1652633822728,,,
decode/local/k62/ikea,1,1521.8136873919589,1521.8227187659568,,,
decode/local/k62/ikea,2,1533.1767055266478,1533.1861326999483,,,
decode/local/k62/ikea2,0,2018.9357321533857,2018.948239366704,,,
decode/local/k62/ikea2,1,2020.1960746583666,2020.2081008293305,,,
decode/local/k62/ikea2,2,2023.5917837216282,2023.6033288481874,,,
decode/local/k63/ikea,0,1533.6029803860374,1533.6748968202671,,,
decode/local/k63/ikea,1,1531.8775704007764,1531.886701485065,,,
decode/local/k63/ikea,2,1537.5501661857463,1537.5589320252723,,,
decode/local/k63/ikea2,0,2048.0860515535073,2048.0987231997706,,,
decode/local/k63/ikea2,1,2026.7610696214658,2026.773114911727,,,
decode/local/k63/ikea2,2,2022.2455793785523,2022.2580101188196,,,
decode/local/k64/ikea,0,689.9976310333582,690.0792287696507,,,
decode/local/k64/ikea,1,687.2494653372814,687.2535452234999,,,
decode/local/k64/ikea,2,694.9444937977584,694.9612904297759,,,
decode/local/k64/ikea2,0,656.3753046303071,656.3793663677353,,,
decode/local/k64/ikea2,1,651.1009810660338,651.1046991182076,,,
decode/local/k64/ikea2,2,653.776573142673,653.7801505959198,,,
get16/local/k1/prior,0,1000.0076015483238,1000.0137807226024,32768.0,,
get16/local/k1/prior,1,978.4462528565101,978.4522921231579,32768.0,,
get16/local/k1/prior,2,976.3031292265433,976.367695751873,32768.0,,
get16/local/k1/ikea,0,1040.0726488353046,1040.1162578566523,32768.0,,
get16/local/k1/ikea,1,1032.1825711822419,1032.2831258460171,32768.0,,
get16/local/k1/ikea,2,1029.422802908641,1029.4286700347338,32768.0,,
get16/local/k1/ikea2-range,0,987.6435812389267,987.6496543027243,32768.0,,
get16/local/k1/ikea2-range,1,990.5922638515293,990.5986172099305,32768.0,,
get16/local/k1/ikea2-range,2,982.0086891526503,982.0147622157839,32768.0,,
get16/local/k1/ikea2-region,0,934.8189317798364,934.8244685562854,32768.0,,
get16/local/k1/ikea2-region,1,936.3576447570052,936.3632260073118,32768.0,,
get16/local/k1/ikea2-region,2,947.0511874056126,947.0570577260402,32768.0,,
get16/striped/k1/prior,0,921.4080866840079,921.4137931037254,32768.0,,
get16/striped/k1/prior,1,921.6199125162735,921.6253968974208,32768.0,,
get16/striped/k1/prior,2,916.729244843127,916.7351510979995,32768.0,,
get16/striped/k1/ikea,0,1004.5450991612234,1004.5510583523265,32768.0,,
get16/striped/k1/ikea,1,1018.2178918766903,1018.2241609434881,32768.0,,
get16/striped/k1/ikea,2,1007.3013443937812,1007.3905177347528,32768.0,,
get16/striped/k1/ikea2-range,0,982.27546437094,982.2812660812015,32768.0,,
get16/striped/k1/ikea2-range,1,983.5745098955207,983.5803583976127,32768.0,,
get16/striped/k1/ikea2-range,2,989.08847611469,989.0946053408371,32768.0,,
get16/striped/k1/ikea2-region,0,917.3347373137422,917.3401814722849,32768.0,,
get16/striped/k1/ikea2-region,1,918.6977932116538,918.7346028886659,32768.0,,
get16/striped/k1/ikea2-region,2,918.5947350734906,918.6004032725972,32768.0,,
get16/local/k2/prior,0,1013.3913191407458,1013.3975648866816,16384.0,,
get16/local/k2/prior,1,1003.6528142315937,1003.6587683472924,16384.0,,
get16/local/k2/prior,2,1004.7751045008225,1004.7813016425822,16384.0,,
get16/local/k2/ikea,0,1230.8631721857448,1230.8707868483984,16384.0,,
get16/local/k2/ikea,1,1234.0099757981893,1234.0172953186454,16384.0,,
get16/local/k2/ikea,2,1235.4216398085707,1235.4289888420724,16384.0,,
get16/local/k2/ikea2-range,0,1060.6959296876694,1060.702236520495,16384.0,,
get16/local/k2/ikea2-range,1,1058.1081026314846,1058.1465515046684,16384.0,,
get16/local/k2/ikea2-range,2,1065.9174286364498,1065.923786124578,16384.0,,
get16/local/k2/ikea2-region,0,980.4821161047048,980.4879447549597,16384.0,,
get16/local/k2/ikea2-region,1,985.4498127341234,985.4556647943663,16384.0,,
get16/local/k2/ikea2-region,2,986.2412453185104,986.2473314610035,16384.0,,
get16/striped/k2/prior,0,934.8358696374368,934.8414013729342,16384.0,,
get16/striped/k2/prior,1,917.9869148912551,917.9923799800443,16384.0,,
get16/striped/k2/prior,2,925.9755181837666,926.0249927802205,16384.0,,
get16/striped/k2/ikea,0,1039.8758641345555,1039.930220369759,16384.0,,
get16/striped/k2/ikea,1,1036.7604881580078,1036.7666275664383,16384.0,,
get16/striped/k2/ikea,2,1043.672315255907,1043.6785045794818,16384.0,,
get16/striped/k2/ikea2-range,0,937.3248877628681,937.3304662829364,16384.0,,
get16/striped/k2/ikea2-range,1,933.1961150375795,933.248344223435,16384.0,,
get16/striped/k2/ikea2-range,2,931.4496599545156,931.4549717739139,16384.0,,
get16/striped/k2/ikea2-region,0,920.3593091553474,920.3647896234883,16384.0,,
get16/striped/k2/ikea2-region,1,921.4021485184447,921.407607152899,16384.0,,
get16/striped/k2/ikea2-region,2,916.3764711019436,916.3819079020909,16384.0,,
get16/local/k3/prior,0,1225.4309052192393,1225.4384608660748,10752.0,,
get16/local/k3/prior,1,1232.3357157444632,1232.3433297341974,10752.0,,
get16/local/k3/prior,2,1233.5250736603373,1233.5323959277023,10752.0,,
get16/local/k3/ikea,0,1383.0305720248143,1383.0391176164608,10752.0,,
get16/local/k3/ikea,1,1374.7105428770492,1374.71902222543,10752.0,,
get16/local/k3/ikea,2,1373.1468318376308,1373.1556424126943,10752.0,,
get16/local/k3/ikea2-range,0,1279.8593925415946,1279.8673119507732,10752.0,,
get16/local/k3/ikea2-range,1,1272.3499104894518,1272.3574657882207,10752.0,,
get16/local/k3/ikea2-range,2,1280.4407864794996,1280.44837211879,10752.0,,
get16/local/k3/ikea2-region,0,1198.7773295681397,1198.7847346276797,10752.0,,
get16/local/k3/ikea2-region,1,1204.5529879559788,1204.559845561033,10752.0,,
get16/local/k3/ikea2-region,2,1202.8204345071724,1202.8275802450241,10752.0,,
get16/striped/k3/prior,0,1035.7074863176229,1035.7588448021108,10752.0,,
get16/striped/k3/prior,1,1037.4568999219591,1037.4630570764953,10752.0,,
get16/striped/k3/prior,2,1030.293124511186,1030.2992327975066,10752.0,,
get16/striped/k3/ikea,0,1529.872740909843,1529.8821701555694,10752.0,,
get16/striped/k3/ikea,1,1498.5779698546519,1498.5868633463842,10752.0,,
get16/striped/k3/ikea,2,1492.3832416603766,1492.392099434127,10752.0,,
get16/striped/k3/ikea2-range,0,1036.649365968935,1036.6555342590127,10752.0,,
get16/striped/k3/ikea2-range,1,1024.4712965692793,1024.5147449119893,10752.0,,
get16/striped/k3/ikea2-range,2,1026.3756020837625,1026.3816966472612,10752.0,,
get16/striped/k3/ikea2-region,0,1271.6765998726707,1271.6844514515376,10752.0,,
get16/striped/k3/ikea2-region,1,1277.0720586898922,1277.0796677476662,10752.0,,
get16/striped/k3/ikea2-region,2,1267.7441416314275,1267.7519932098637,10752.0,,
get16/local/k4/prior,0,1336.4907881758406,1336.498743117666,8192.0,,
get16/local/k4/prior,1,1336.762847233014,1336.770802177552,8192.0,,
get16/local/k4/prior,2,1325.826709517228,1325.8345689989353,8192.0,,
get16/local/k4/ikea,0,1288.957700783773,1289.0167727697306,8192.0,,
get16/local/k4/ikea,1,1285.368725514224,1285.3766221828516,8192.0,,
get16/local/k4/ikea,2,1283.6047992163478,1283.6124204191785,8192.0,,
get16/local/k4/ikea2-range,0,1292.2399645357686,1292.247607693805,8192.0,,
get16/local/k4/ikea2-range,1,1289.9977376256284,1290.0053807814925,8192.0,,
get16/local/k4/ikea2-range,2,1300.2420129015238,1300.3157846490403,8192.0,,
get16/local/k4/ikea2-region,0,1280.4120587603165,1280.4193578060476,8192.0,,
get16/local/k4/ikea2-region,1,1283.5650627165633,1283.668384089216,8192.0,,
get16/local/k4/ikea2-region,2,1285.356395866141,1285.3640322622311,8192.0,,
get16/striped/k4/prior,0,923.9592039144662,923.9646698413534,8192.0,,
get16/striped/k4/prior,1,923.306135942945,923.3116239105635,8192.0,,
get16/striped/k4/prior,2,928.1679449881238,928.1736753940763,8192.0,,
get16/striped/k4/ikea,0,1047.3283791222825,1047.334609418994,8192.0,,
get16/striped/k4/ikea,1,1049.1764499825272,1049.1824300645812,8192.0,,
get16/striped/k4/ikea,2,1045.9744783067504,1045.9809337935596,8192.0,,
get16/striped/k4/ikea2-range,0,926.3422601921206,926.4679297057612,8192.0,,
get16/striped/k4/ikea2-range,1,927.0463016247722,927.0518126704716,8192.0,,
get16/striped/k4/ikea2-range,2,929.3257491924326,929.3312823671458,8192.0,,
get16/striped/k4/ikea2-region,0,919.5441880904583,919.5496374427,8192.0,,
get16/striped/k4/ikea2-region,1,916.9133377277108,916.9187870815138,8192.0,,
get16/striped/k4/ikea2-region,2,917.4780487807368,917.4837178644555,8192.0,,
get16/local/k5/prior,0,1229.473951789668,1229.4809642101475,6400.0,,
get16/local/k5/prior,1,1238.3586851714729,1238.3660482087203,6400.0,,
get16/local/k5/prior,2,1243.2244265886045,1243.231526659643,6400.0,,
get16/local/k5/ikea,0,1406.7030826559937,1406.7114498623494,6400.0,,
get16/local/k5/ikea,1,1410.078455284428,1410.0868224917463,6400.0,,
get16/local/k5/ikea,2,1422.414159891331,1422.4229336061182,6400.0,,
get16/local/k5/ikea2-range,0,1279.2553985441803,1279.362696516051,6400.0,,
get16/local/k5/ikea2-range,1,1274.3768581390361,1274.3846883204187,6400.0,,
get16/local/k5/ikea2-range,2,1280.7923778064617,1280.7999938822406,6400.0,,
get16/local/k5/ikea2-region,0,1212.9012992273488,1212.9085332325328,6400.0,,
get16/local/k5/ikea2-region,1,1218.934170549021,1218.941115196218,6400.0,,
get16/local/k5/ikea2-region,2,1214.7448421538134,1214.7523076463738,6400.0,,
get16/striped/k5/prior,0,969.7500952563028,969.7558344442639,6400.0,,
get16/striped/k5/prior,1,956.2020146694766,956.2384263680098,6400.0,,
get16/striped/k5/prior,2,952.8995046675087,952.9051485992227,6400.0,,
get16/striped/k5/ikea,0,1975.5205428339825,1975.5317819320965,6400.0,,
get16/striped/k5/ikea,1,1983.2311710119438,1983.2429697359423,6400.0,,
get16/striped/k5/ikea,2,1974.1774005498273,1974.1896189894285,6400.0,,
get16/striped/k5/ikea2-range,0,1056.5461199455206,1056.5524084448587,6400.0,,
get16/striped/k5/ikea2-range,1,1044.5608618333893,1044.5670472411275,6400.0,,
get16/striped/k5/ikea2-range,2,1040.7745934382028,1040.7810365714618,6400.0,,
get16/striped/k5/ikea2-region,0,987.3897879396364,987.3956640191354,6400.0,,
get16/striped/k5/ikea2-region,1,987.099064092108,987.1049401749741,6400.0,,
get16/striped/k5/ikea2-region,2,993.8646131974992,993.870512972643,6400.0,,
get16/local/k6/prior,0,1238.8361517232204,1238.84378486509,5376.0,,
get16/local/k6/prior,1,1237.5179378780138,1237.5249838540005,5376.0,,
get16/local/k6/prior,2,1235.9704656213753,1235.978098759907,5376.0,,
get16/local/k6/ikea,0,1405.4545636910202,1405.4629220981328,5376.0,,
get16/local/k6/ikea,1,1397.5836509530723,1397.6845202289003,5376.0,,
get16/local/k6/ikea,2,1390.8932129720536,1390.9014710793242,5376.0,,
get16/local/k6/ikea2-range,0,1298.5572437730775,1298.564642835758,5376.0,,
get16/local/k6/ikea2-range,1,1288.647646306577,1288.655288957638,5376.0,,
get16/local/k6/ikea2-range,2,1282.965897326851,1282.9735399809413,5376.0,,
get16/local/k6/ikea2-region,0,1214.7566914176293,1214.7636274684983,5376.0,,
get16/local/k6/ikea2-region,1,1208.7303862315684,1208.8115466534923,5376.0,,
get16/local/k6/ikea2-region,2,1210.1184596789992,1210.125654750977,5376.0,,
get16/striped/k6/prior,0,984.4615567889226,984.4676324126468,5376.0,,
get16/striped/k6/prior,1,981.7556169733361,981.7898310757018,5376.0,,
get16/striped/k6/prior,2,980.1030711680407,980.1615401108105,5376.0,,
get16/striped/k6/ikea,0,1708.4473609132347,1708.4579172597207,5376.0,,
get16/striped/k6/ikea,1,1695.985164051471,1695.995638880301,5376.0,,
get16/striped/k6/ikea,2,1689.7308335027315,1689.7408599942996,5376.0,,
get16/striped/k6/ikea2-range,0,1111.806703124233,1111.8135524399645,5376.0,,
get16/striped/k6/ikea2-range,1,1094.4879257134673,1094.4947208857575,5376.0,,
get16/striped/k6/ikea2-range,2,1088.9413612001026,1088.9478315017434,5376.0,,
get16/striped/k6/ikea2-region,0,989.3001799088064,989.3060634071909,5376.0,,
get16/striped/k6/ikea2-region,1,1010.0264028007358,1010.0326509765595,5376.0,,
get16/striped/k6/ikea2-region,2,994.4810852862674,994.4872362135071,5376.0,,
get16/local/k7/prior,0,1251.2751288277868,1251.2825623429815,4608.0,,
get16/local/k7/prior,1,1249.7078718236503,1249.7742403610148,4608.0,,
get16/local/k7/prior,2,1251.6290351240934,1251.636468637184,4608.0,,
get16/local/k7/ikea,0,1399.996532640145,1400.0048676404574,4608.0,,
get16/local/k7/ikea,1,1412.9324531576133,1412.9405214383669,4608.0,,
get16/local/k7/ikea,2,1433.9203507366433,1433.928519038712,4608.0,,
get16/local/k7/ikea2-range,0,1302.3222625357155,1302.3303253032332,4608.0,,
get16/local/k7/ikea2-range,1,1305.0447173381087,1305.0527490931142,4608.0,,
get16/local/k7/ikea2-range,2,1298.146370205071,1298.1962663205918,4608.0,,
get16/local/k7/ikea2-region,0,1217.8705132704906,1217.8777621871063,4608.0,,
get16/local/k7/ikea2-region,1,1207.6916286683597,1207.6988191269888,4608.0,,
get16/local/k7/ikea2-region,2,1213.9359289136075,1213.9428563085967,4608.0,,
get16/striped/k7/prior,0,1373.4536866962462,1373.4618538415061,4608.0,,
get16/striped/k7/prior,1,1368.0696011547495,1368.0780635005917,4608.0,,
get16/striped/k7/prior,2,1374.9595578586984,1374.9676922091762,4608.0,,
get16/striped/k7/ikea,0,1598.4989654377116,1598.5080849114952,4608.0,,
get16/striped/k7/ikea,1,1626.2014713770996,1626.2655375916481,4608.0,,
get16/striped/k7/ikea,2,1618.4840217640062,1618.4936393609732,4608.0,,
get16/striped/k7/ikea2-range,0,1128.2803707920282,1128.287607739702,4608.0,,
get16/striped/k7/ikea2-range,1,1127.192389006099,1127.1990838597776,4608.0,,
get16/striped/k7/ikea2-range,2,1134.6180137690653,1134.6244646816785,4608.0,,
get16/striped/k7/ikea2-region,0,1078.0422257816729,1078.0945878512912,4608.0,,
get16/striped/k7/ikea2-region,1,1077.2032247055715,1077.2096320986263,4608.0,,
get16/striped/k7/ikea2-region,2,1076.8689372650367,1076.9908878425877,4608.0,,
get16/local/k56/prior,0,949.249558883225,949.2712753947358,512.0,,
get16/local/k56/prior,1,968.0332307830739,968.0389766107114,512.0,,
get16/local/k56/prior,2,947.9687372754074,947.9743699948513,512.0,,
get16/local/k56/ikea,0,1148.6556363333798,1148.662432801611,512.0,,
get16/local/k56/ikea,1,1143.646305116548,1143.6531015855712,512.0,,
get16/local/k56/ikea,2,1144.2083785964899,1144.2583772034548,512.0,,
get16/local/k56/ikea2-range,0,1073.0034241325484,1073.0098124393755,512.0,,
get16/local/k56/ikea2-range,1,1072.9812183778492,1073.0220779895292,512.0,,
get16/local/k56/ikea2-range,2,1055.8191087034304,1055.9452649858779,512.0,,
get16/local/k56/ikea2-region,0,961.3528797710846,961.3585984659205,512.0,,
get16/local/k56/ikea2-region,1,948.5389188943341,948.5445468142959,512.0,,
get16/local/k56/ikea2-region,2,942.7535061043163,942.7590886411949,512.0,,
get16-ends/local/k1/prior,0,488.9280438492371,488.93082532701237,32768.0,,
get16-ends/local/k1/prior,1,496.0414884415702,496.0445504047742,32768.0,,
get16-ends/local/k1/prior,2,490.26980342659056,490.27283033067306,32768.0,,
get16-ends/local/k1/ikea,0,703.470653601247,703.4749974746054,32768.0,,
get16-ends/local/k1/ikea,1,699.9830959357197,699.9874229734954,32768.0,,
get16-ends/local/k1/ikea,2,705.2944068424769,705.298767551896,32768.0,,
get16-ends/local/k1/ikea2-range,0,548.6258964814998,548.6291387290929,32768.0,,
get16-ends/local/k1/ikea2-range,1,545.1843023331402,545.1875445812861,32768.0,,
get16-ends/local/k1/ikea2-range,2,544.5576406810882,544.5609996502102,32768.0,,
get16-ends/local/k1/ikea2-region,0,422.4391611778225,422.44177367200245,32768.0,,
get16-ends/local/k1/ikea2-region,1,415.17078041942744,415.1888762240129,32768.0,,
get16-ends/local/k1/ikea2-region,2,413.211712847661,413.214264819961,32768.0,,
get16-ends/striped/k1/prior,0,411.98012604427487,411.982568763081,32768.0,,
get16-ends/striped/k1/prior,1,412.8792417802341,412.881694268838,32768.0,,
get16-ends/striped/k1/prior,2,413.32519419608076,413.3276466851011,32768.0,,
get16-ends/striped/k1/ikea,0,716.2200067819447,716.2246015591918,32768.0,,
get16-ends/striped/k1/ikea,1,715.6252458460363,715.629315021401,32768.0,,
get16-ends/striped/k1/ikea,2,717.1499830450499,717.1805357747869,32768.0,,
get16-ends/striped/k1/ikea2-range,0,525.8310658458245,525.8341947247487,32768.0,,
get16-ends/striped/k1/ikea2-range,1,526.6566086493913,526.6598642033366,32768.0,,
get16-ends/striped/k1/ikea2-range,2,525.5745484025659,525.5778039565113,32768.0,,
get16-ends/striped/k1/ikea2-region,0,410.3465324296912,410.34896392849777,32768.0,,
get16-ends/striped/k1/ikea2-region,1,411.47018729369455,411.47272620805643,32768.0,,
get16-ends/striped/k1/ikea2-region,2,413.0706794523961,413.0732378962408,32768.0,,
get16-ends/local/k2/prior,0,526.0807431846613,526.1025971771274,16384.0,,
get16-ends/local/k2/prior,1,524.7624339543255,524.7655594966842,16384.0,,
get16-ends/local/k2/prior,2,523.9387542479988,523.9420038208067,16384.0,,
get16-ends/local/k2/ikea,0,870.7799871579803,870.7851446803844,16384.0,,
get16-ends/local/k2/ikea,1,870.0179374055117,870.0229085119613,16384.0,,
get16-ends/local/k2/ikea,2,871.8176847074756,871.8228629443662,16384.0,,
get16-ends/local/k2/ikea2-range,0,630.6140514799608,630.6179546690903,16384.0,,
get16-ends/local/k2/ikea2-range,1,631.5075652540856,631.5660226659094,16384.0,,
get16-ends/local/k2/ikea2-range,2,630.2983302187819,630.3022334076971,16384.0,,
get16-ends/local/k2/ikea2-region,0,515.8265102193269,515.8461274376989,16384.0,,
get16-ends/local/k2/ikea2-region,1,517.0962347200006,517.0994225192253,16384.0,,
get16-ends/local/k2/ikea2-region,2,515.1992496413772,515.2023148320146,16384.0,,
get16-ends/striped/k2/prior,0,413.1128823655711,413.1153318566328,16384.0,,
get16-ends/striped/k2/prior,1,414.2776547589481,414.30176755251637,16384.0,,
get16-ends/striped/k2/prior,2,412.86214261917735,412.8645921107959,16384.0,,
get16-ends/striped/k2/ikea,0,770.0442087614778,770.048964939759,16384.0,,
get16-ends/striped/k2/ikea,1,771.88526860542,771.889678548071,16384.0,,
get16-ends/striped/k2/ikea,2,783.3135979298896,783.3397477950675,16384.0,,
get16-ends/striped/k2/ikea2-range,0,533.7722927917845,533.7754747600056,16384.0,,
get16-ends/striped/k2/ikea2-range,1,532.5907938439195,532.5940772292756,16384.0,,
get16-ends/striped/k2/ikea2-range,2,532.6703937526995,532.6736771378755,16384.0,,
get16-ends/striped/k2/ikea2-region,0,413.0517067040271,413.05416098042514,16384.0,,
get16-ends/striped/k2/ikea2-region,1,413.2672903802609,413.2698428279492,16384.0,,
get16-ends/striped/k2/ikea2-region,2,412.0638111974005,412.066353828783,16384.0,,
get16-ends/local/k3/prior,0,726.7259051769281,726.7304008024649,10752.0,,
get16-ends/local/k3/prior,1,729.7689248539772,729.7734550608823,10752.0,,
get16-ends/local/k3/prior,2,724.1563094372116,724.1606148635033,10752.0,,
get16-ends/local/k3/ikea,0,992.574932652992,992.5810529797905,10752.0,,
get16-ends/local/k3/ikea,1,992.8620445200277,992.8677158643447,10752.0,,
get16-ends/local/k3/ikea,2,988.2458055673721,988.2519258934989,10752.0,,
get16-ends/local/k3/ikea2-range,0,827.7784168722964,827.8154126078094,10752.0,,
get16-ends/local/k3/ikea2-range,1,823.4344015338128,823.4392925608647,10752.0,,
get16-ends/local/k3/ikea2-range,2,822.192667370949,822.1977540395502,10752.0,,
get16-ends/local/k3/ikea2-region,0,730.364230509773,730.3687604829253,10752.0,,
get16-ends/local/k3/ikea2-region,1,730.1659145530361,730.1700814364792,10752.0,,
get16-ends/local/k3/ikea2-region,2,735.4103255702754,735.4148555419533,10752.0,,
get16-ends/striped/k3/prior,0,657.9958611461711,657.9997666060818,10752.0,,
get16-ends/striped/k3/prior,1,651.7910034387601,651.8205511195669,10752.0,,
get16-ends/striped/k3/prior,2,651.5532527344747,651.5569559197208,10752.0,,
get16-ends/striped/k3/ikea,0,1395.7922705317858,1395.8005904446843,10752.0,,
get16-ends/striped/k3/ikea,1,1374.7304414925652,1374.738660763836,10752.0,,
get16-ends/striped/k3/ikea,2,1374.886473430219,1374.8946256037339,10752.0,,
get16-ends/striped/k3/ikea2-range,0,687.4497818044224,687.4538802331259,10752.0,,
get16-ends/striped/k3/ikea2-range,1,683.2051703252886,683.2092189743822,10752.0,,
get16-ends/striped/k3/ikea2-range,2,680.6873745167593,680.69175502481,10752.0,,
get16-ends/striped/k3/ikea2-region,0,988.7291906226083,988.7350573778707,10752.0,,
get16-ends/striped/k3/ikea2-region,1,998.2717949922799,998.3157487150404,10752.0,,
get16-ends/striped/k3/ikea2-region,2,992.9360993124494,992.94201300125,10752.0,,
get16-ends/local/k4/prior,0,994.9866200720688,994.9925321335562,8192.0,,
get16-ends/local/k4/prior,1,1013.8314942911884,1013.8375260308009,8192.0,,
get16-ends/local/k4/prior,2,1001.2419157950076,1001.2481150804578,8192.0,,
get16-ends/local/k4/ikea,0,922.5435779816164,922.5836935424543,8192.0,,
get16-ends/local/k4/ikea,1,922.837773465242,922.8434853566425,8192.0,,
get16-ends/local/k4/ikea,2,924.0092625264144,924.0773862045237,8192.0,,
get16-ends/local/k4/ikea2-range,0,980.9474218480856,980.9532587400299,8192.0,,
get16-ends/local/k4/ikea2-range,1,974.3962856155149,974.4020532921218,8192.0,,
get16-ends/local/k4/ikea2-range,2,973.5793286420891,973.5855808040923,8192.0,,
get16-ends/local/k4/ikea2-region,0,947.759721783069,947.7653674178499,8192.0,,
get16-ends/local/k4/ikea2-region,1,947.9749333814569,947.9810080837958,8192.0,,
get16-ends/local/k4/ikea2-region,2,946.6222618672317,946.6278623358072,8192.0,,
get16-ends/striped/k4/prior,0,415.94375770097537,415.94613259665897,8192.0,,
get16-ends/striped/k4/prior,1,416.7959378353666,416.85665169551095,8192.0,,
get16-ends/striped/k4/prior,2,415.93888866811636,415.9414622994315,8192.0,,
get16-ends/striped/k4/ikea,0,779.9320586974821,779.9366897913529,8192.0,,
get16-ends/striped/k4/ikea,1,785.3360983504489,785.3409526300919,8192.0,,
get16-ends/striped/k4/ikea,2,779.2154295385728,779.2202466205432,8192.0,,
get16-ends/striped/k4/ikea2-range,0,530.8880359745328,530.8913167398488,8192.0,,
get16-ends/striped/k4/ikea2-range,1,528.1072392171748,528.1103806453709,8192.0,,
get16-ends/striped/k4/ikea2-range,2,530.2190892392881,530.2222433349369,8192.0,,
get16-ends/striped/k4/ikea2-region,0,379.8673028836395,379.8694705788985,8192.0,,
get16-ends/striped/k4/ikea2-region,1,379.71870334050817,379.7210509274871,8192.0,,
get16-ends/striped/k4/ikea2-region,2,375.52830595979395,375.53053661648386,8192.0,,
get16-ends/local/k5/prior,0,727.9309291058491,727.9352699116379,6400.0,,
get16-ends/local/k5/prior,1,732.8224957893665,732.8268539576993,6400.0,,
get16-ends/local/k5/prior,2,728.7449169168558,728.7742433985121,6400.0,,
get16-ends/local/k5/ikea,0,1030.1083502654283,1030.1147151705006,6400.0,,
get16-ends/local/k5/ikea,1,1031.6537981344316,1031.659918236667,6400.0,,
get16-ends/local/k5/ikea,2,1032.2055864279844,1032.2117310110602,6400.0,,
get16-ends/local/k5/ikea2-range,0,826.9394895663215,826.9442033854776,6400.0,,
get16-ends/local/k5/ikea2-range,1,830.1634255059337,830.1685732317972,6400.0,,
get16-ends/local/k5/ikea2-range,2,826.4612046861271,826.4663129645502,6400.0,,
get16-ends/local/k5/ikea2-region,0,735.7141164788012,735.7421821914791,6400.0,,
get16-ends/local/k5/ikea2-region,1,731.2459016395086,731.2504137555909,6400.0,,
get16-ends/local/k5/ikea2-region,2,734.2303444189847,734.2348739571725,6400.0,,
get16-ends/striped/k5/prior,0,555.4618025519152,555.4651005623767,6400.0,,
get16-ends/striped/k5/prior,1,551.3960586072096,551.3993295852771,6400.0,,
get16-ends/striped/k5/prior,2,553.5561067256664,553.5595398996345,6400.0,,
get16-ends/striped/k5/ikea,0,1949.2174572335186,1949.2290195736036,6400.0,,
get16-ends/striped/k5/ikea,1,1947.3608491682342,1947.3719376396484,6400.0,,
get16-ends/striped/k5/ikea,2,1937.1139648389774,1937.1254797915892,6400.0,,
get16-ends/striped/k5/ikea2-range,0,648.3438324056148,648.3476902048362,6400.0,,
get16-ends/striped/k5/ikea2-range,1,649.9338314286621,649.9375427284382,6400.0,,
get16-ends/striped/k5/ikea2-range,2,641.075072435286,641.0787023484604,6400.0,,
get16-ends/striped/k5/ikea2-region,0,580.1062669517083,580.1095819642015,6400.0,,
get16-ends/striped/k5/ikea2-region,1,575.1333323765899,575.1367334938147,6400.0,,
get16-ends/striped/k5/ikea2-region,2,565.0103325058824,565.0136905712513,6400.0,,
get16-ends/local/k6/prior,0,734.4142303128682,734.4185865315904,5376.0,,
get16-ends/local/k6/prior,1,730.4020824848634,730.5009828065816,5376.0,,
get16-ends/local/k6/prior,2,729.6275256325054,729.631864142959,5376.0,,
get16-ends/local/k6/ikea,0,1045.3827230417774,1045.3889039370122,5376.0,,
get16-ends/local/k6/ikea,1,1043.7148415376416,1043.721293310125,5376.0,,
get16-ends/local/k6/ikea,2,1034.0278263438286,1034.033957988368,5376.0,,
get16-ends/local/k6/ikea2-range,0,837.9570121052063,837.9619919305086,5376.0,,
get16-ends/local/k6/ikea2-range,1,831.9812420037248,832.0355673665402,5376.0,,
get16-ends/local/k6/ikea2-range,2,824.0213758485927,824.0264540880848,5376.0,,
get16-ends/local/k6/ikea2-region,0,731.9377098812124,731.9662450198342,5376.0,,
get16-ends/local/k6/ikea2-region,1,737.4718041513449,737.4761714209892,5376.0,,
get16-ends/local/k6/ikea2-region,2,733.3397595393533,733.3441268087504,5376.0,,
get16-ends/striped/k6/prior,0,556.4799481837128,556.483254169701,5376.0,,
get16-ends/striped/k6/prior,1,540.0725427754868,540.0756058714514,5376.0,,
get16-ends/striped/k6/prior,2,534.0403870027319,534.0438279276008,5376.0,,
get16-ends/striped/k6/ikea,0,1617.9877776919568,1617.997386428718,5376.0,,
get16-ends/striped/k6/ikea,1,1634.3695518487755,1634.3792374496672,5376.0,,
get16-ends/striped/k6/ikea,2,1621.0149127526095,1621.0245599173395,5376.0,,
get16-ends/striped/k6/ikea2-range,0,625.8102732343773,625.813839230079,5376.0,,
get16-ends/striped/k6/ikea2-range,1,621.5664225941852,621.5701153803686,5376.0,,
get16-ends/striped/k6/ikea2-range,2,614.2732502853754,614.2768955236644,5376.0,,
get16-ends/striped/k6/ikea2-region,0,495.65853204175596,495.6614754099745,5376.0,,
get16-ends/striped/k6/ikea2-region,1,484.3612146052097,484.38297317542714,5376.0,,
get16-ends/striped/k6/ikea2-region,2,475.2747764530471,475.2775956289493,5376.0,,
get16-ends/local/k7/prior,0,739.8067581096805,739.8111487723637,4608.0,,
get16-ends/local/k7/prior,1,741.0998788177924,741.1044626713788,4608.0,,
get16-ends/local/k7/prior,2,745.2495828869851,745.2540086758543,4608.0,,
get16-ends/local/k7/ikea,0,1051.7112262004187,1051.7174560273622,4608.0,,
get16-ends/local/k7/ikea,1,1051.7960419326957,1051.8020465835993,4608.0,,
get16-ends/local/k7/ikea,2,1055.2319547651698,1055.2382346300085,4608.0,,
get16-ends/local/k7/ikea2-range,0,835.063454991462,835.0684229283955,4608.0,,
get16-ends/local/k7/ikea2-range,1,836.5708772068394,836.5758451420854,4608.0,,
get16-ends/local/k7/ikea2-range,2,830.9206713641115,830.9256195072744,4608.0,,
get16-ends/local/k7/ikea2-region,0,736.339139111145,736.3433402785598,4608.0,,
get16-ends/local/k7/ikea2-region,1,736.504577520248,736.5089362314565,4608.0,,
get16-ends/local/k7/ikea2-region,2,734.8493006809708,734.8536768953593,4608.0,,
get16-ends/striped/k7/prior,0,1163.4146653326052,1163.4215866125503,4608.0,,
get16-ends/striped/k7/prior,1,1156.0441961309741,1156.0507838579529,4608.0,,
get16-ends/striped/k7/prior,2,1164.7511118520877,1164.795280185546,4608.0,,
get16-ends/striped/k7/ikea,0,1487.888681547568,1487.8975453965916,4608.0,,
get16-ends/striped/k7/ikea,1,1471.1378023395491,1471.1469173921776,4608.0,,
get16-ends/striped/k7/ikea,2,1473.7097179358868,1473.718151149503,4608.0,,
get16-ends/striped/k7/ikea2-range,0,760.108204651239,760.11270697521,4608.0,,
get16-ends/striped/k7/ikea2-range,1,750.4445581394806,750.4490232561292,4608.0,,
get16-ends/striped/k7/ikea2-range,2,751.2700651162494,751.3065302318441,4608.0,,
get16-ends/striped/k7/ikea2-region,0,671.4802261711793,671.5441518571482,4608.0,,
get16-ends/striped/k7/ikea2-region,1,664.1650403876777,664.1691437793232,4608.0,,
get16-ends/striped/k7/ikea2-region,2,656.521890145498,656.5371082378166,4608.0,,
get16-ends/local/k56/prior,0,544.5147812069388,544.5180182525714,512.0,,
get16-ends/local/k56/prior,1,543.7156600191684,543.7187540615402,512.0,,
get16-ends/local/k56/prior,2,536.1265437716509,536.1298588184743,512.0,,
get16-ends/local/k56/ikea,0,766.7139407362199,766.7182983512546,512.0,,
get16-ends/local/k56/ikea,1,762.6695112209817,762.6740322461383,512.0,,
get16-ends/local/k56/ikea,2,775.4977848789815,775.5022151217116,512.0,,
get16-ends/local/k56/ikea2-range,0,688.9234424757404,688.9275251077473,512.0,,
get16-ends/local/k56/ikea2-range,1,691.8743529027468,691.975961460345,512.0,,
get16-ends/local/k56/ikea2-range,2,680.0033640890732,680.0073977295444,512.0,,
get16-ends/local/k56/ikea2-region,0,547.7526529645377,547.7559009559466,512.0,,
get16-ends/local/k56/ikea2-region,1,546.0773732033812,546.0806080451664,512.0,,
get16-ends/local/k56/ikea2-region,2,539.4583086773592,539.4616355676309,512.0,,
sum/local/k5/all/ikea2-native,0,1292.6354192277433,1292.6434103744873,8192.0,,
sum/local/k5/all/ikea2-native,1,1297.159638554486,1297.1673530874843,8192.0,,
sum/local/k5/all/ikea2-native,2,1292.8576346197478,1292.8656257682387,8192.0,,
sum/local/k5/all/ikea2-native16,0,1299.5431193793515,1299.5511580634936,8192.0,,
sum/local/k5/all/ikea2-native16,1,1303.4894973509713,1303.497197240511,8192.0,,
sum/local/k5/all/ikea2-native16,2,1297.6153751389036,1297.6230750288812,8192.0,,
sum/local/k5/all/ikea2-materialized,0,1541.7222100177632,1541.7313635054686,8192.0,,
sum/local/k5/all/ikea2-materialized,1,1544.7384299945322,1544.7479862349892,8192.0,,
sum/local/k5/all/ikea2-materialized,2,1538.3939660221863,1538.4939220841,8192.0,,
sum/local/k5/all/ikea-materialized,0,999.7225217058196,999.7284371720517,8192.0,,
sum/local/k5/all/ikea-materialized,1,1000.2193492987842,1000.2255271428021,8192.0,,
sum/local/k5/all/ikea-materialized,2,1006.8914225741074,1006.8974095983181,8192.0,,
sum/local/k5/prefilter75/ikea2-native,0,1327.465224699492,1327.4737559896848,8192.0,,
sum/local/k5/prefilter75/ikea2-native,1,1330.5130189339748,1330.5215502187596,8192.0,,
sum/local/k5/prefilter75/ikea2-native,2,1338.4106434938767,1338.41892106143,8192.0,,
sum/local/k5/prefilter75/ikea2-native16,0,1340.731394869641,1340.7396708650679,8192.0,,
sum/local/k5/prefilter75/ikea2-native16,1,1328.2600120492439,1328.2682246264167,8192.0,,
sum/local/k5/prefilter75/ikea2-native16,2,1340.6578621936228,1340.6661064796974,8192.0,,
sum/local/k5/prefilter75/ikea2-materialized,0,3711.850671888171,3711.873631747847,8192.0,,
sum/local/k5/prefilter75/ikea2-materialized,1,3699.824330336885,3699.8472012171605,8192.0,,
sum/local/k5/prefilter75/ikea2-materialized,2,3682.6836344216804,3682.7055263932302,8192.0,,
sum/local/k5/prefilter75/ikea-materialized,0,3146.441013340896,3146.4611752344035,8192.0,,
sum/local/k5/prefilter75/ikea-materialized,1,3143.0187378201463,3143.037475640516,8192.0,,
sum/local/k5/prefilter75/ikea-materialized,2,3155.1076300408263,3155.2208064775186,8192.0,,
sum/local/k7/all/ikea2-native,0,1291.4653557472632,1291.4733267158124,8192.0,,
sum/local/k7/all/ikea2-native,1,1293.2146268840158,1293.2226288663608,8192.0,,
sum/local/k7/all/ikea2-native,2,1292.4296259536127,1292.43762793728,8192.0,,
sum/local/k7/all/ikea2-native16,0,1291.4496656700678,1291.457646440623,8192.0,,
sum/local/k7/all/ikea2-native16,1,1299.9977197793821,1300.0057621790595,8192.0,,
sum/local/k7/all/ikea2-native16,2,1304.4321326227425,1304.4932055590064,8192.0,,
sum/local/k7/all/ikea2-materialized,0,1530.1308873465025,1530.197179978729,8192.0,,
sum/local/k7/all/ikea2-materialized,1,1535.5922781632278,1535.6010261344877,8192.0,,
sum/local/k7/all/ikea2-materialized,2,1538.0221467590102,1538.0316698644142,8192.0,,
sum/local/k7/all/ikea-materialized,0,1008.6351409461182,1008.6413521281144,8192.0,,
sum/local/k7/all/ikea-materialized,1,1010.177400859993,1010.2703774471487,8192.0,,
sum/local/k7/all/ikea-materialized,2,1001.9361204014606,1001.9420688011248,8192.0,,
sum/local/k7/prefilter75/ikea2-native,0,1329.9137892974318,1329.922019362502,8192.0,,
sum/local/k7/prefilter75/ikea2-native,1,1340.7241825118274,1340.7328225031238,8192.0,,
sum/local/k7/prefilter75/ikea2-native,2,1335.814240216941,1335.8527417766318,8192.0,,
sum/local/k7/prefilter75/ikea2-native16,0,1338.4815050209404,1338.4897673833884,8192.0,,
sum/local/k7/prefilter75/ikea2-native16,1,1338.9346637854114,1338.942957927644,8192.0,,
sum/local/k7/prefilter75/ikea2-native16,2,1331.5875174784474,1331.5954302799714,8192.0,,
sum/local/k7/prefilter75/ikea2-materialized,0,3706.160021218929,3706.1838033776585,8192.0,,
sum/local/k7/prefilter75/ikea2-materialized,1,3705.4005835027856,3705.422685879689,8192.0,,
sum/local/k7/prefilter75/ikea2-materialized,2,3691.351427813976,3691.3742374708104,8192.0,,
sum/local/k7/prefilter75/ikea-materialized,0,3148.9018947044397,3148.9205422033224,8192.0,,
sum/local/k7/prefilter75/ikea-materialized,1,3168.9557402831165,3168.97461244398,8192.0,,
sum/local/k7/prefilter75/ikea-materialized,2,3156.078484235094,3156.0972815093396,8192.0,,
sum/local/k12/all/ikea2-native,0,1134.8148068146434,1134.8220968215771,8192.0,,
sum/local/k12/all/ikea2-native,1,1125.9639279641021,1125.9706239721197,8192.0,,
sum/local/k12/all/ikea2-native,2,1136.463725463687,1136.4707454732063,8192.0,,
sum/local/k12/all/ikea2-native16,0,1127.7331600664663,1127.789936228408,8192.0,,
sum/local/k12/all/ikea2-native16,1,1135.2512191200822,1135.2582391083026,8192.0,,
sum/local/k12/all/ikea2-native16,2,1127.404104817645,1127.4108300747491,8192.0,,
sum/local/k12/all/ikea2-materialized,0,1739.503536126558,1739.5142892562176,8192.0,,
sum/local/k12/all/ikea2-materialized,1,1739.2136151205416,1739.2239546684268,8192.0,,
sum/local/k12/all/ikea2-materialized,2,1744.6472558831508,1744.6580503746904,8192.0,,
sum/local/k12/all/ikea-materialized,0,1520.0821710996415,1520.1347232209348,8192.0,,
sum/local/k12/all/ikea-materialized,1,1525.4696621136336,1525.478720346893,8192.0,,
sum/local/k12/all/ikea-materialized,2,1524.7407260964712,1524.7497483821935,8192.0,,
sum/local/k12/prefilter75/ikea2-native,0,1208.2059034451183,1208.213648488938,8192.0,,
sum/local/k12/prefilter75/ikea2-native,1,1210.3400935143238,1210.3472935393966,8192.0,,
sum/local/k12/prefilter75/ikea2-native,2,1204.809012937009,1204.8161269053098,8192.0,,
sum/local/k12/prefilter75/ikea2-native16,0,1199.370361926388,1199.3777999424185,8192.0,,
sum/local/k12/prefilter75/ikea2-native16,1,1203.7425477340119,1203.749700770365,8192.0,,
sum/local/k12/prefilter75/ikea2-native16,2,1200.9138216016459,1200.9212596205114,8192.0,,
sum/local/k12/prefilter75/ikea2-materialized,0,3897.5810394702185,3897.7246430929026,8192.0,,
sum/local/k12/prefilter75/ikea2-materialized,1,3932.92208640461,3932.9463469259595,8192.0,,
sum/local/k12/prefilter75/ikea2-materialized,2,3929.686106186373,3929.710366707722,8192.0,,
sum/local/k12/prefilter75/ikea-materialized,0,3684.2929061777827,3684.3148213356912,8192.0,,
sum/local/k12/prefilter75/ikea-materialized,1,3684.9838936805595,3685.005720822973,8192.0,,
sum/local/k12/prefilter75/ikea-materialized,2,3683.6354515055696,3683.657366660976,8192.0,,
sum/local/k31/all/ikea2-native,0,2450.73272399174,2450.7472783368034,8192.0,,
sum/local/k31/all/ikea2-native,1,2434.7195086454426,2434.9161669644473,8192.0,,
sum/local/k31/all/ikea2-native,2,2433.3111719156,2433.3262502181947,8192.0,,
sum/local/k31/all/ikea2-native16,0,2422.1582792211734,2422.172657701027,8192.0,,
sum/local/k31/all/ikea2-native16,1,2429.713358070243,2429.727852506816,8192.0,,
sum/local/k31/all/ikea2-native16,2,2427.3907699447072,2427.4057861778624,8192.0,,
sum/local/k31/all/ikea2-materialized,0,1996.1024450346201,1996.1138172845735,8192.0,,
sum/local/k31/all/ikea2-materialized,1,2022.3449109170447,2022.3568991709185,8192.0,,
sum/local/k31/all/ikea2-materialized,2,2026.9951667928078,2027.0067285856924,8192.0,,
sum/local/k31/all/ikea-materialized,0,1997.3106897871,1997.3225514478052,8192.0,,
sum/local/k31/all/ikea-materialized,1,1988.2338986283012,1988.2457126496072,8192.0,,
sum/local/k31/all/ikea-materialized,2,1988.396817835559,1988.4086318616035,8192.0,,
sum/local/k31/prefilter75/ikea2-native,0,2606.0471001105557,2606.0631695599295,8192.0,,
sum/local/k31/prefilter75/ikea2-native,1,2595.5957394414777,2595.6105775109277,8192.0,,
sum/local/k31/prefilter75/ikea2-native,2,2586.6522595738074,2586.6676517668484,8192.0,,
sum/local/k31/prefilter75/ikea2-native16,0,2582.753839564329,2582.769809699902,8192.0,,
sum/local/k31/prefilter75/ikea2-native16,1,2575.3078382181698,2575.3231352889516,8192.0,,
sum/local/k31/prefilter75/ikea2-native16,2,2578.6867160258475,2578.7020130905426,8192.0,,
sum/local/k31/prefilter75/ikea2-materialized,0,2998.071690252059,2998.0895050605836,8192.0,,
sum/local/k31/prefilter75/ikea2-materialized,1,3019.9163853166324,3019.9343437996436,8192.0,,
sum/local/k31/prefilter75/ikea2-materialized,2,3006.242080310482,3006.3950147196265,8192.0,,
sum/local/k31/prefilter75/ikea-materialized,0,2982.6589180049095,2982.67596506333,8192.0,,
sum/local/k31/prefilter75/ikea-materialized,1,2984.644054663453,2984.661031276236,8192.0,,
sum/local/k31/prefilter75/ikea-materialized,2,2963.066779375444,2963.0843899679317,8192.0,,
sum/local/k56/all/ikea2-native,0,761.3761607659039,761.3808763775672,8192.0,,
sum/local/k56/all/ikea2-native,1,767.2101168021629,767.2146691812725,8192.0,,
sum/local/k56/all/ikea2-native,2,764.7440147999912,764.7483858097683,8192.0,,
sum/local/k56/all/ikea2-native16,0,767.4119579618499,767.4353729139766,8192.0,,
sum/local/k56/all/ikea2-native16,1,766.4891365509714,766.4936924826898,8192.0,,
sum/local/k56/all/ikea2-native16,2,766.0150291325855,766.0194035544448,8192.0,,
sum/local/k56/all/ikea2-materialized,0,1217.468018540097,1217.4755504050704,8192.0,,
sum/local/k56/all/ikea2-materialized,1,1220.0787079954705,1220.0856604848852,8192.0,,
sum/local/k56/all/ikea2-materialized,2,1230.2119351099386,1230.2192641919432,8192.0,,
sum/local/k56/all/ikea-materialized,0,1216.7591431555213,1216.7663706018675,8192.0,,
sum/local/k56/all/ikea-materialized,1,1216.0532625102564,1216.0601706722898,8192.0,,
sum/local/k56/all/ikea-materialized,2,1217.6540113783894,1217.7053581812002,8192.0,,
sum/local/k56/prefilter75/ikea2-native,0,906.4565757897448,906.4621754253753,8192.0,,
sum/local/k56/prefilter75/ikea2-native,1,902.6829827254402,902.688582361378,8192.0,,
sum/local/k56/prefilter75/ikea2-native,2,904.4376797182339,904.4432577347957,8192.0,,
sum/local/k56/prefilter75/ikea2-native16,0,899.6174825921894,899.6228173546612,8192.0,,
sum/local/k56/prefilter75/ikea2-native16,1,901.0289448312506,901.034301017328,8192.0,,
sum/local/k56/prefilter75/ikea2-native16,2,916.5796893410932,916.584895554624,8192.0,,
sum/local/k56/prefilter75/ikea2-materialized,0,2420.399425782188,2420.606775769281,8192.0,,
sum/local/k56/prefilter75/ikea2-materialized,1,2400.1438989380613,2400.158196953502,8192.0,,
sum/local/k56/prefilter75/ikea2-materialized,2,2391.841860464833,2391.85546942151,8192.0,,
sum/local/k56/prefilter75/ikea-materialized,0,2404.439754544539,2404.453403679709,8192.0,,
sum/local/k56/prefilter75/ikea-materialized,1,2406.828353501597,2406.8425761336284,8192.0,,
sum/local/k56/prefilter75/ikea-materialized,2,2423.0605035273666,2423.207833912863,8192.0,,
sum/local/k64/all/ikea2-native,0,489.06427965666273,489.0671724149269,8192.0,,
sum/local/k64/all/ikea2-native,1,486.4448807463414,486.447761886893,8192.0,,
sum/local/k64/all/ikea2-native,2,487.57224345647296,487.5894141294252,8192.0,,
sum/local/k64/all/ikea2-native16,0,488.34557621517007,488.34833997830845,8192.0,,
sum/local/k64/all/ikea2-native16,1,491.35466723112665,491.3575603610259,8192.0,,
sum/local/k64/all/ikea2-native16,2,489.69417492840773,489.69717390593513,8192.0,,
sum/local/k64/all/ikea2-materialized,0,1217.4644796186462,1217.471661256616,8192.0,,
sum/local/k64/all/ikea2-materialized,1,1226.1875843843854,1226.19456493821,8192.0,,
sum/local/k64/all/ikea2-materialized,2,1209.0257964437412,1209.0329206263573,8192.0,,
sum/local/k64/all/ikea-materialized,0,1230.7969479093633,1230.8041966246751,8192.0,,
sum/local/k64/all/ikea-materialized,1,1249.12710198111,1249.1344680845457,8192.0,,
sum/local/k64/all/ikea-materialized,2,1247.8188407920113,1247.826471019248,8192.0,,
sum/local/k64/prefilter75/ikea2-native,0,607.5498807311025,607.5534661154185,8192.0,,
sum/local/k64/prefilter75/ikea2-native,1,606.0526539155318,606.056239298184,8192.0,,
sum/local/k64/prefilter75/ikea2-native,2,605.6736276762134,605.6773447677198,8192.0,,
sum/local/k64/prefilter75/ikea2-native16,0,607.7061661888312,607.7415846847433,8192.0,,
sum/local/k64/prefilter75/ikea2-native16,1,608.0967923142985,608.100378815166,8192.0,,
sum/local/k64/prefilter75/ikea2-native16,2,611.0159880162115,611.0195745172837,8192.0,,
sum/local/k64/prefilter75/ikea2-materialized,0,2342.7831541220585,2342.7969870043294,8192.0,,
sum/local/k64/prefilter75/ikea2-materialized,1,2338.4731182796954,2338.4874552016277,8192.0,,
sum/local/k64/prefilter75/ikea2-materialized,2,2333.8707437281387,2333.8845206106007,8192.0,,
sum/local/k64/prefilter75/ikea-materialized,0,2368.053863109182,2368.136720732505,8192.0,,
sum/local/k64/prefilter75/ikea-materialized,1,2379.291019047636,2379.305092408938,8192.0,,
sum/local/k64/prefilter75/ikea-materialized,2,2361.5614084664503,2361.5748035893507,8192.0,,
sum/striped/k12/all/ikea2-native,0,431.8677702820214,431.8704238580793,8192.0,,
sum/striped/k12/all/ikea2-native,1,433.9581755646102,433.9608495517027,8192.0,,
sum/striped/k12/all/ikea2-native,2,434.03330237492594,434.035853889719,8192.0,,
sum/striped/k12/all/ikea2-native16,0,438.2991151926859,438.3019142862121,8192.0,,
sum/striped/k12/all/ikea2-native16,1,435.5371325533673,435.5398058457893,8192.0,,
sum/striped/k12/all/ikea2-native16,2,434.29232188530744,434.29499517713356,8192.0,,
sum/striped/k12/all/ikea2-materialized,0,765.4286078811118,765.4586446969432,8192.0,,
sum/striped/k12/all/ikea2-materialized,1,772.2104217547034,772.2149783124777,8192.0,,
sum/striped/k12/all/ikea2-materialized,2,764.8818211642102,764.8863412686272,8192.0,,
sum/striped/k12/all/ikea-materialized,0,781.0249599522268,781.029579405941,8192.0,,
sum/striped/k12/all/ikea-materialized,1,776.9335767239897,776.9381775516002,8192.0,,
sum/striped/k12/all/ikea-materialized,2,776.8311291585104,776.8357113586937,8192.0,,
sum/striped/k12/prefilter75/ikea2-native,0,551.1219473746041,551.1253366263973,8192.0,,
sum/striped/k12/prefilter75/ikea2-native,1,551.4744032683014,551.533885947904,8192.0,,
sum/striped/k12/prefilter75/ikea2-native,2,551.0641461844963,551.0892108822532,8192.0,,
sum/striped/k12/prefilter75/ikea2-native16,0,553.4078339805993,553.4111003253853,8192.0,,
sum/striped/k12/prefilter75/ikea2-native16,1,552.2381152271935,552.2413815717931,8192.0,,
sum/striped/k12/prefilter75/ikea2-native16,2,551.107094133689,551.1104916574598,8192.0,,
sum/striped/k12/prefilter75/ikea2-materialized,0,2916.111721739743,2916.256973912823,8192.0,,
sum/striped/k12/prefilter75/ikea2-materialized,1,2919.237982608968,2919.25593043308,8192.0,,
sum/striped/k12/prefilter75/ikea2-materialized,2,2927.6511999994354,2927.668521743212,8192.0,,
sum/striped/k12/prefilter75/ikea-materialized,0,2934.083164441728,2934.3933188962733,8192.0,,
sum/striped/k12/prefilter75/ikea-materialized,1,2958.592214689718,2958.678174569802,8192.0,,
sum/striped/k12/prefilter75/ikea-materialized,2,2951.5764204346033,2951.5937521842934,8192.0,,
