condition,family,variant,bytes,k,stride,train,ahead,rep,n,p10,median,p90
isolated,mlp,base,16384,1,0,0,0,0,3,1.3629,1.36829,1.36829
isolated,mlp,base,16384,1,0,0,0,1,3,1.36343,1.3636,1.3636
isolated,mlp,base,16384,1,0,0,0,2,3,1.3651,1.36681,1.36681
isolated,mlp,base,16384,2,0,0,0,0,3,0.681224,0.682306,0.682306
isolated,mlp,base,16384,2,0,0,0,1,3,0.682176,0.682401,0.682401
isolated,mlp,base,16384,2,0,0,0,2,3,0.681459,0.681839,0.681839
isolated,mlp,base,16384,4,0,0,0,0,3,0.340495,0.341181,0.341181
isolated,mlp,base,16384,4,0,0,0,1,3,0.34073,0.340785,0.340785
isolated,mlp,base,16384,4,0,0,0,2,3,0.341078,0.341105,0.341105
isolated,mlp,base,16384,8,0,0,0,0,3,0.22169,0.221971,0.221971
isolated,mlp,base,16384,8,0,0,0,1,3,0.221619,0.221665,0.221665
isolated,mlp,base,16384,8,0,0,0,2,3,0.22154,0.22176,0.22176
isolated,mlp,base,16384,12,0,0,0,0,3,0.228443,0.228705,0.228705
isolated,mlp,base,16384,12,0,0,0,1,3,0.22941,0.229557,0.229557
isolated,mlp,base,16384,12,0,0,0,2,3,0.229093,0.229423,0.229423
isolated,mlp,base,16384,16,0,0,0,0,3,0.35907,0.366433,0.366433
isolated,mlp,base,16384,16,0,0,0,1,3,0.362216,0.367719,0.367719
isolated,mlp,base,16384,16,0,0,0,2,3,0.358687,0.360733,0.360733
isolated,mlp,base,16384,24,0,0,0,0,3,0.336968,0.337449,0.337449
isolated,mlp,base,16384,24,0,0,0,1,3,0.337114,0.337262,0.337262
isolated,mlp,base,16384,24,0,0,0,2,3,0.337171,0.337526,0.337526
isolated,mlp,base,16384,32,0,0,0,0,3,0.374818,0.374908,0.374908
isolated,mlp,base,16384,32,0,0,0,1,3,0.374563,0.374695,0.374695
isolated,mlp,base,16384,32,0,0,0,2,3,0.374703,0.374978,0.374978
isolated,mlp,base,16384,48,0,0,0,0,3,0.442806,0.443126,0.443126
isolated,mlp,base,16384,48,0,0,0,1,3,0.443215,0.443514,0.443514
isolated,mlp,base,16384,48,0,0,0,2,3,0.442885,0.443211,0.443211
isolated,mlp,base,16384,64,0,0,0,0,3,0.45992,0.460081,0.460081
isolated,mlp,base,16384,64,0,0,0,1,3,0.459886,0.460351,0.460351
isolated,mlp,base,16384,64,0,0,0,2,3,0.460033,0.460325,0.460325
isolated,mlp,base,524288,1,0,0,0,0,3,5.51496,5.52176,5.52176
isolated,mlp,base,524288,1,0,0,0,1,3,5.54825,5.55703,5.55703
isolated,mlp,base,524288,1,0,0,0,2,3,5.51549,5.53682,5.53682
isolated,mlp,base,524288,2,0,0,0,0,3,2.78347,2.78501,2.78501
isolated,mlp,base,524288,2,0,0,0,1,3,2.78862,2.79088,2.79088
isolated,mlp,base,524288,2,0,0,0,2,3,2.78024,2.78419,2.78419
isolated,mlp,base,524288,4,0,0,0,0,3,1.43895,1.44606,1.44606
isolated,mlp,base,524288,4,0,0,0,1,3,1.44008,1.4413,1.4413
isolated,mlp,base,524288,4,0,0,0,2,3,1.43233,1.43959,1.43959
isolated,mlp,base,524288,8,0,0,0,0,3,0.790864,0.792516,0.792516
isolated,mlp,base,524288,8,0,0,0,1,3,0.791447,0.791779,0.791779
isolated,mlp,base,524288,8,0,0,0,2,3,0.789098,0.789958,0.789958
isolated,mlp,base,524288,12,0,0,0,0,3,0.598086,0.59944,0.59944
isolated,mlp,base,524288,12,0,0,0,1,3,0.59636,0.606001,0.606001
isolated,mlp,base,524288,12,0,0,0,2,3,0.597119,0.598768,0.598768
isolated,mlp,base,524288,16,0,0,0,0,3,0.59619,0.600267,0.600267
isolated,mlp,base,524288,16,0,0,0,1,3,0.596969,0.600108,0.600108
isolated,mlp,base,524288,16,0,0,0,2,3,0.598661,0.598916,0.598916
isolated,mlp,base,524288,24,0,0,0,0,3,0.574487,0.575031,0.575031
isolated,mlp,base,524288,24,0,0,0,1,3,0.580994,0.584335,0.584335
isolated,mlp,base,524288,24,0,0,0,2,3,0.576084,0.580688,0.580688
isolated,mlp,base,524288,32,0,0,0,0,3,0.569343,0.572281,0.572281
isolated,mlp,base,524288,32,0,0,0,1,3,0.57264,0.574957,0.574957
isolated,mlp,base,524288,32,0,0,0,2,3,0.568358,0.570042,0.570042
isolated,mlp,base,524288,48,0,0,0,0,3,0.598749,0.601722,0.601722
isolated,mlp,base,524288,48,0,0,0,1,3,0.595538,0.597711,0.597711
isolated,mlp,base,524288,48,0,0,0,2,3,0.590836,0.596094,0.596094
isolated,mlp,base,524288,64,0,0,0,0,3,0.628969,0.631816,0.631816
isolated,mlp,base,524288,64,0,0,0,1,3,0.631453,0.634085,0.634085
isolated,mlp,base,524288,64,0,0,0,2,3,0.628645,0.629048,0.629048
isolated,mlp,base,8388608,1,0,0,0,0,3,17.6194,17.7429,17.7429
isolated,mlp,base,8388608,1,0,0,0,1,3,16.2374,17.2055,17.2055
isolated,mlp,base,8388608,1,0,0,0,2,3,16.0463,16.0722,16.0722
isolated,mlp,base,8388608,2,0,0,0,0,3,7.98342,8.04473,8.04473
isolated,mlp,base,8388608,2,0,0,0,1,3,8.13653,8.27221,8.27221
isolated,mlp,base,8388608,2,0,0,0,2,3,7.95473,7.98257,7.98257
isolated,mlp,base,8388608,4,0,0,0,0,3,4.02083,4.14105,4.14105
isolated,mlp,base,8388608,4,0,0,0,1,3,3.98788,4.05736,4.05736
isolated,mlp,base,8388608,4,0,0,0,2,3,3.97774,4.03505,4.03505
isolated,mlp,base,8388608,8,0,0,0,0,3,2.0542,2.12505,2.12505
isolated,mlp,base,8388608,8,0,0,0,1,3,2.0916,2.10254,2.10254
isolated,mlp,base,8388608,8,0,0,0,2,3,2.05834,2.20937,2.20937
isolated,mlp,base,8388608,12,0,0,0,0,3,1.45749,1.50901,1.50901
isolated,mlp,base,8388608,12,0,0,0,1,3,1.4265,1.48264,1.48264
isolated,mlp,base,8388608,12,0,0,0,2,3,1.42158,1.43779,1.43779
isolated,mlp,base,8388608,16,0,0,0,0,3,1.17774,1.24568,1.24568
isolated,mlp,base,8388608,16,0,0,0,1,3,1.22199,1.26889,1.26889
isolated,mlp,base,8388608,16,0,0,0,2,3,1.19326,1.23019,1.23019
isolated,mlp,base,8388608,24,0,0,0,0,3,1.05008,1.12064,1.12064
isolated,mlp,base,8388608,24,0,0,0,1,3,0.922453,0.953562,0.953562
isolated,mlp,base,8388608,24,0,0,0,2,3,0.904431,0.988637,0.988637
isolated,mlp,base,8388608,32,0,0,0,0,3,0.877681,0.951796,0.951796
isolated,mlp,base,8388608,32,0,0,0,1,3,0.86702,0.997035,0.997035
isolated,mlp,base,8388608,32,0,0,0,2,3,0.928012,0.941398,0.941398
isolated,mlp,base,8388608,48,0,0,0,0,3,0.921418,0.948478,0.948478
isolated,mlp,base,8388608,48,0,0,0,1,3,1.04211,1.11086,1.11086
isolated,mlp,base,8388608,48,0,0,0,2,3,0.917001,0.97634,0.97634
isolated,mlp,base,8388608,64,0,0,0,0,3,0.955465,0.981748,0.981748
isolated,mlp,base,8388608,64,0,0,0,1,3,0.984443,1.05833,1.05833
isolated,mlp,base,8388608,64,0,0,0,2,3,0.938338,0.978779,0.978779
isolated,mlp,base,268435456,1,0,0,0,0,3,146.768,147.074,147.074
isolated,mlp,base,268435456,1,0,0,0,1,3,145.618,146.81,146.81
isolated,mlp,base,268435456,1,0,0,0,2,3,145.653,147.257,147.257
isolated,mlp,base,268435456,2,0,0,0,0,3,72.3455,72.9285,72.9285
isolated,mlp,base,268435456,2,0,0,0,1,3,72.1754,72.2913,72.2913
isolated,mlp,base,268435456,2,0,0,0,2,3,71.9178,72.4944,72.4944
isolated,mlp,base,268435456,4,0,0,0,0,3,36.8463,36.857,36.857
isolated,mlp,base,268435456,4,0,0,0,1,3,36.6978,36.7604,36.7604
isolated,mlp,base,268435456,4,0,0,0,2,3,36.644,36.667,36.667
isolated,mlp,base,268435456,8,0,0,0,0,3,19.4409,19.5715,19.5715
isolated,mlp,base,268435456,8,0,0,0,1,3,19.6581,19.7022,19.7022
isolated,mlp,base,268435456,8,0,0,0,2,3,19.7331,19.9039,19.9039
isolated,mlp,base,268435456,12,0,0,0,0,3,12.8714,13.058,13.058
isolated,mlp,base,268435456,12,0,0,0,1,3,13.1282,13.1414,13.1414
isolated,mlp,base,268435456,12,0,0,0,2,3,13.3271,13.4193,13.4193
isolated,mlp,base,268435456,16,0,0,0,0,3,10.4052,10.4241,10.4241
isolated,mlp,base,268435456,16,0,0,0,1,3,10.3886,10.4597,10.4597
isolated,mlp,base,268435456,16,0,0,0,2,3,10.4183,10.4496,10.4496
isolated,mlp,base,268435456,24,0,0,0,0,3,7.99319,8.06204,8.06204
isolated,mlp,base,268435456,24,0,0,0,1,3,8.11068,8.28049,8.28049
isolated,mlp,base,268435456,24,0,0,0,2,3,8.06373,8.21513,8.21513
isolated,mlp,base,268435456,32,0,0,0,0,3,8.26918,8.39543,8.39543
isolated,mlp,base,268435456,32,0,0,0,1,3,8.5303,8.66641,8.66641
isolated,mlp,base,268435456,32,0,0,0,2,3,8.53035,8.6537,8.6537
isolated,mlp,base,268435456,48,0,0,0,0,3,8.85801,8.88939,8.88939
isolated,mlp,base,268435456,48,0,0,0,1,3,8.92688,8.9479,8.9479
isolated,mlp,base,268435456,48,0,0,0,2,3,8.97354,8.99931,8.99931
isolated,mlp,base,268435456,64,0,0,0,0,3,8.74206,8.81842,8.81842
isolated,mlp,base,268435456,64,0,0,0,1,3,8.80291,8.83015,8.83015
isolated,mlp,base,268435456,64,0,0,0,2,3,8.5751,8.72867,8.72867
isolated,tlb,packed-base,4096,1,0,0,0,0,3,1.36252,1.36341,1.36341
isolated,tlb,packed-base,4096,1,0,0,0,1,3,1.36168,1.36289,1.36289
isolated,tlb,packed-base,4096,1,0,0,0,2,3,1.36167,1.36228,1.36228
isolated,tlb,sparse-base,65536,1,0,0,0,0,3,1.36341,1.36414,1.36414
isolated,tlb,sparse-base,65536,1,0,0,0,1,3,1.3638,1.36388,1.36388
isolated,tlb,sparse-base,65536,1,0,0,0,2,3,1.36224,1.3638,1.3638
isolated,tlb,packed-base,4096,1,0,0,0,0,3,1.36346,1.36441,1.36441
isolated,tlb,packed-base,4096,1,0,0,0,1,3,1.3623,1.36382,1.36382
isolated,tlb,packed-base,4096,1,0,0,0,2,3,1.36242,1.36243,1.36243
isolated,tlb,sparse-base,131072,1,0,0,0,0,3,1.36345,1.36407,1.36407
isolated,tlb,sparse-base,131072,1,0,0,0,1,3,1.36123,1.36489,1.36489
isolated,tlb,sparse-base,131072,1,0,0,0,2,3,1.36395,1.3641,1.3641
isolated,tlb,packed-base,4096,1,0,0,0,0,3,1.39243,1.3939,1.3939
isolated,tlb,packed-base,4096,1,0,0,0,1,3,1.39206,1.39284,1.39284
isolated,tlb,packed-base,4096,1,0,0,0,2,3,1.39221,1.39329,1.39329
isolated,tlb,sparse-base,262144,1,0,0,0,0,3,1.39313,1.39613,1.39613
isolated,tlb,sparse-base,262144,1,0,0,0,1,3,1.39396,1.39493,1.39493
isolated,tlb,sparse-base,262144,1,0,0,0,2,3,1.39269,1.39317,1.39317
isolated,tlb,packed-base,8192,1,0,0,0,0,3,1.39204,1.39441,1.39441
isolated,tlb,packed-base,8192,1,0,0,0,1,3,1.39249,1.39333,1.39333
isolated,tlb,packed-base,8192,1,0,0,0,2,3,1.39232,1.39243,1.39243
isolated,tlb,sparse-base,524288,1,0,0,0,0,3,3.27461,3.27906,3.27906
isolated,tlb,sparse-base,524288,1,0,0,0,1,3,3.27152,3.27257,3.27257
isolated,tlb,sparse-base,524288,1,0,0,0,2,3,3.26988,3.27356,3.27356
isolated,tlb,packed-base,16384,1,0,0,0,0,3,1.39295,1.39508,1.39508
isolated,tlb,packed-base,16384,1,0,0,0,1,3,1.39315,1.39331,1.39331
isolated,tlb,packed-base,16384,1,0,0,0,2,3,1.39338,1.39437,1.39437
isolated,tlb,sparse-base,1048576,1,0,0,0,0,3,3.2783,3.28051,3.28051
isolated,tlb,sparse-base,1048576,1,0,0,0,1,3,3.27214,3.28296,3.28296
isolated,tlb,sparse-base,1048576,1,0,0,0,2,3,3.27331,3.27604,3.27604
isolated,tlb,packed-base,32768,1,0,0,0,0,3,1.48899,1.48948,1.48948
isolated,tlb,packed-base,32768,1,0,0,0,1,3,1.48809,1.4939,1.4939
isolated,tlb,packed-base,32768,1,0,0,0,2,3,1.4916,1.49208,1.49208
isolated,tlb,sparse-base,2097152,1,0,0,0,0,3,3.32921,3.33397,3.33397
isolated,tlb,sparse-base,2097152,1,0,0,0,1,3,3.32089,3.32435,3.32435
isolated,tlb,sparse-base,2097152,1,0,0,0,2,3,3.32572,3.3294,3.3294
isolated,tlb,packed-base,65536,1,0,0,0,0,3,4.09184,4.09743,4.09743
isolated,tlb,packed-base,65536,1,0,0,0,1,3,4.09405,4.09905,4.09905
isolated,tlb,packed-base,65536,1,0,0,0,2,3,4.10221,4.10386,4.10386
isolated,tlb,sparse-base,4194304,1,0,0,0,0,3,6.27431,6.29031,6.29031
isolated,tlb,sparse-base,4194304,1,0,0,0,1,3,6.27057,6.28078,6.28078
isolated,tlb,sparse-base,4194304,1,0,0,0,2,3,6.27088,6.28186,6.28186
isolated,tlb,packed-base,131072,1,0,0,0,0,3,4.10324,4.10334,4.10334
isolated,tlb,packed-base,131072,1,0,0,0,1,3,4.10581,4.10672,4.10672
isolated,tlb,packed-base,131072,1,0,0,0,2,3,4.10005,4.10623,4.10623
isolated,tlb,sparse-base,8388608,1,0,0,0,0,3,6.28959,6.29593,6.29593
isolated,tlb,sparse-base,8388608,1,0,0,0,1,3,6.28799,6.30055,6.30055
isolated,tlb,sparse-base,8388608,1,0,0,0,2,3,6.27439,6.27507,6.27507
isolated,tlb,packed-base,262144,1,0,0,0,0,3,4.10911,4.12759,4.12759
isolated,tlb,packed-base,262144,1,0,0,0,1,3,4.10243,4.13109,4.13109
isolated,tlb,packed-base,262144,1,0,0,0,2,3,4.1105,4.11261,4.11261
isolated,tlb,sparse-base,16777216,1,0,0,0,0,3,12.6502,12.6569,12.6569
isolated,tlb,sparse-base,16777216,1,0,0,0,1,3,12.6052,12.6546,12.6546
isolated,tlb,sparse-base,16777216,1,0,0,0,2,3,12.6624,12.7243,12.7243
isolated,tlb,packed-base,524288,1,0,0,0,0,3,5.21312,5.21919,5.21919
isolated,tlb,packed-base,524288,1,0,0,0,1,3,5.21045,5.21539,5.21539
isolated,tlb,packed-base,524288,1,0,0,0,2,3,5.18515,5.21604,5.21604
isolated,tlb,sparse-base,33554432,1,0,0,0,0,3,22.005,22.0958,22.0958
isolated,tlb,sparse-base,33554432,1,0,0,0,1,3,22.1276,22.2641,22.2641
isolated,tlb,sparse-base,33554432,1,0,0,0,2,3,21.9591,22.0807,22.0807
isolated,spatial,offset-parity0:cold,33554432,0,1,1,8,0,120,150.002,160.002,210.003
isolated,spatial,offset-parity0:trained,33554432,0,1,1,8,0,120,30.0005,30.0005,30.0005
isolated,spatial,offset-parity0:hot,33554432,0,1,1,8,0,120,30.0005,30.0005,30.0005
isolated,spatial,offset-parity0:cold,33554432,0,1,1,8,1,120,150.002,160.002,190.003
isolated,spatial,offset-parity0:trained,33554432,0,1,1,8,1,120,30.0005,30.0005,30.0005
isolated,spatial,offset-parity0:hot,33554432,0,1,1,8,1,120,20.0003,30.0005,30.0005
isolated,spatial,offset-parity0:cold,33554432,0,1,1,8,2,120,140.002,150.002,160.002
isolated,spatial,offset-parity0:trained,33554432,0,1,1,8,2,120,30.0005,30.0005,30.0005
isolated,spatial,offset-parity0:hot,33554432,0,1,1,8,2,120,30.0005,30.0005,30.0005
isolated,spatial,offset-parity0:cold,33554432,0,1,1,16,0,120,150.002,160.002,180.003
isolated,spatial,offset-parity0:trained,33554432,0,1,1,16,0,120,30.0005,30.0005,30.0005
isolated,spatial,offset-parity0:hot,33554432,0,1,1,16,0,120,30.0005,30.0005,30.0005
isolated,spatial,offset-parity0:cold,33554432,0,1,1,16,1,120,140.002,160.002,190.003
isolated,spatial,offset-parity0:trained,33554432,0,1,1,16,1,120,20.0003,30.0005,30.0005
isolated,spatial,offset-parity0:hot,33554432,0,1,1,16,1,120,30.0005,30.0005,30.0005
isolated,spatial,offset-parity0:cold,33554432,0,1,1,16,2,120,140.002,160.002,180.003
isolated,spatial,offset-parity0:trained,33554432,0,1,1,16,2,120,30.0005,30.0005,30.0005
isolated,spatial,offset-parity0:hot,33554432,0,1,1,16,2,120,30.0005,30.0005,30.0005
isolated,spatial,offset-parity0:cold,33554432,0,1,1,32,0,120,140.002,160.002,180.003
isolated,spatial,offset-parity0:trained,33554432,0,1,1,32,0,120,30.0005,30.0005,30.0005
isolated,spatial,offset-parity0:hot,33554432,0,1,1,32,0,120,30.0005,30.0005,30.0005
isolated,spatial,offset-parity0:cold,33554432,0,1,1,32,1,120,140.002,150.002,180.003
isolated,spatial,offset-parity0:trained,33554432,0,1,1,32,1,120,30.0005,30.0005,30.0005
isolated,spatial,offset-parity0:hot,33554432,0,1,1,32,1,120,30.0005,30.0005,30.0005
isolated,spatial,offset-parity0:cold,33554432,0,1,1,32,2,120,140.002,150.002,180.003
isolated,spatial,offset-parity0:trained,33554432,0,1,1,32,2,120,30.0005,30.0005,30.0005
isolated,spatial,offset-parity0:hot,33554432,0,1,1,32,2,120,30.0005,30.0005,30.0005
isolated,spatial,offset-parity0:cold,33554432,0,1,1,64,0,120,140.002,150.002,160.002
isolated,spatial,offset-parity0:trained,33554432,0,1,1,64,0,120,30.0005,30.0005,60.0009
isolated,spatial,offset-parity0:hot,33554432,0,1,1,64,0,120,30.0005,30.0005,30.0005
isolated,spatial,offset-parity0:cold,33554432,0,1,1,64,1,120,140.002,150.002,180.003
isolated,spatial,offset-parity0:trained,33554432,0,1,1,64,1,120,30.0005,30.0005,40.0006
isolated,spatial,offset-parity0:hot,33554432,0,1,1,64,1,120,30.0005,30.0005,30.0005
isolated,spatial,offset-parity0:cold,33554432,0,1,1,64,2,120,140.002,150.002,190.003
isolated,spatial,offset-parity0:trained,33554432,0,1,1,64,2,120,30.0005,30.0005,40.0006
isolated,spatial,offset-parity0:hot,33554432,0,1,1,64,2,120,30.0005,30.0005,30.0005
isolated,spatial,offset-parity0:cold,33554432,0,1,1,128,0,120,140.002,150.002,170.003
isolated,spatial,offset-parity0:trained,33554432,0,1,1,128,0,120,30.0005,140.002,160.002
isolated,spatial,offset-parity0:hot,33554432,0,1,1,128,0,120,20.0003,30.0005,30.0005
isolated,spatial,offset-parity0:cold,33554432,0,1,1,128,1,120,140.002,150.002,190.003
isolated,spatial,offset-parity0:trained,33554432,0,1,1,128,1,120,30.0005,30.0005,150.002
isolated,spatial,offset-parity0:hot,33554432,0,1,1,128,1,120,30.0005,30.0005,30.0005
isolated,spatial,offset-parity0:cold,33554432,0,1,1,128,2,120,140.002,150.002,200.003
isolated,spatial,offset-parity0:trained,33554432,0,1,1,128,2,120,30.0005,30.0005,150.002
isolated,spatial,offset-parity0:hot,33554432,0,1,1,128,2,120,20.0003,30.0005,30.0005
isolated,spatial,offset-parity0:cold,33554432,0,1,1,256,0,120,140.002,150.002,180.003
isolated,spatial,offset-parity0:trained,33554432,0,1,1,256,0,120,30.0005,30.0005,150.002
isolated,spatial,offset-parity0:hot,33554432,0,1,1,256,0,120,30.0005,30.0005,30.0005
isolated,spatial,offset-parity0:cold,33554432,0,1,1,256,1,120,140.002,150.002,170.003
isolated,spatial,offset-parity0:trained,33554432,0,1,1,256,1,120,30.0005,130.002,180.003
isolated,spatial,offset-parity0:hot,33554432,0,1,1,256,1,120,30.0005,30.0005,30.0005
isolated,spatial,offset-parity0:cold,33554432,0,1,1,256,2,120,140.002,150.002,170.003
isolated,spatial,offset-parity0:trained,33554432,0,1,1,256,2,120,30.0005,140.002,160.002
isolated,spatial,offset-parity0:hot,33554432,0,1,1,256,2,120,30.0005,30.0005,30.0005
isolated,adjacent,parity0:cold,33554432,0,1,1,-2,0,120,140.002,150.002,180.003
isolated,adjacent,parity0:trained,33554432,0,1,1,-2,0,120,30.0005,90.0014,160.002
isolated,adjacent,parity0:hot,33554432,0,1,1,-2,0,120,30.0005,30.0005,30.0005
isolated,adjacent,parity0:cold,33554432,0,1,1,-2,1,120,140.002,150.002,180.003
isolated,adjacent,parity0:trained,33554432,0,1,1,-2,1,120,30.0005,30.0005,160.002
isolated,adjacent,parity0:hot,33554432,0,1,1,-2,1,120,30.0005,30.0005,30.0005
isolated,adjacent,parity0:cold,33554432,0,1,1,-2,2,120,140.002,150.002,180.003
isolated,adjacent,parity0:trained,33554432,0,1,1,-2,2,120,30.0005,30.0005,150.002
isolated,adjacent,parity0:hot,33554432,0,1,1,-2,2,120,30.0005,30.0005,30.0005
isolated,adjacent,parity0:cold,33554432,0,1,1,-1,0,120,140.002,150.002,170.003
isolated,adjacent,parity0:trained,33554432,0,1,1,-1,0,120,30.0005,30.0005,160.002
isolated,adjacent,parity0:hot,33554432,0,1,1,-1,0,120,30.0005,30.0005,30.0005
isolated,adjacent,parity0:cold,33554432,0,1,1,-1,1,120,140.002,150.002,180.003
isolated,adjacent,parity0:trained,33554432,0,1,1,-1,1,120,30.0005,30.0005,170.003
isolated,adjacent,parity0:hot,33554432,0,1,1,-1,1,120,30.0005,30.0005,30.0005
isolated,adjacent,parity0:cold,33554432,0,1,1,-1,2,120,140.002,150.002,200.003
isolated,adjacent,parity0:trained,33554432,0,1,1,-1,2,120,30.0005,140.002,160.002
isolated,adjacent,parity0:hot,33554432,0,1,1,-1,2,120,30.0005,30.0005,30.0005
isolated,adjacent,parity0:cold,33554432,0,1,1,1,0,120,140.002,150.002,170.003
isolated,adjacent,parity0:trained,33554432,0,1,1,1,0,120,30.0005,30.0005,40.0006
isolated,adjacent,parity0:hot,33554432,0,1,1,1,0,120,30.0005,30.0005,30.0005
isolated,adjacent,parity0:cold,33554432,0,1,1,1,1,120,140.002,150.002,180.003
isolated,adjacent,parity0:trained,33554432,0,1,1,1,1,120,30.0005,30.0005,40.0006
isolated,adjacent,parity0:hot,33554432,0,1,1,1,1,120,30.0005,30.0005,30.0005
isolated,adjacent,parity0:cold,33554432,0,1,1,1,2,120,140.002,150.002,180.003
isolated,adjacent,parity0:trained,33554432,0,1,1,1,2,120,30.0005,30.0005,40.0006
isolated,adjacent,parity0:hot,33554432,0,1,1,1,2,120,30.0005,30.0005,30.0005
isolated,adjacent,parity0:cold,33554432,0,1,1,2,0,120,140.002,150.002,190.003
isolated,adjacent,parity0:trained,33554432,0,1,1,2,0,120,30.0005,140.002,160.002
isolated,adjacent,parity0:hot,33554432,0,1,1,2,0,120,30.0005,30.0005,30.0005
isolated,adjacent,parity0:cold,33554432,0,1,1,2,1,120,140.002,150.002,190.003
isolated,adjacent,parity0:trained,33554432,0,1,1,2,1,120,30.0005,30.0005,160.002
isolated,adjacent,parity0:hot,33554432,0,1,1,2,1,120,30.0005,30.0005,30.0005
isolated,adjacent,parity0:cold,33554432,0,1,1,2,2,120,140.002,150.002,180.003
isolated,adjacent,parity0:trained,33554432,0,1,1,2,2,120,30.0005,30.0005,160.002
isolated,adjacent,parity0:hot,33554432,0,1,1,2,2,120,30.0005,30.0005,30.0005
isolated,adjacent,parity0:cold,33554432,0,1,1,4,0,120,140.002,150.002,180.003
isolated,adjacent,parity0:trained,33554432,0,1,1,4,0,120,30.0005,130.002,170.003
isolated,adjacent,parity0:hot,33554432,0,1,1,4,0,120,30.0005,30.0005,30.0005
isolated,adjacent,parity0:cold,33554432,0,1,1,4,1,120,140.002,150.002,190.003
isolated,adjacent,parity0:trained,33554432,0,1,1,4,1,120,30.0005,30.0005,150.002
isolated,adjacent,parity0:hot,33554432,0,1,1,4,1,120,30.0005,30.0005,30.0005
isolated,adjacent,parity0:cold,33554432,0,1,1,4,2,120,140.002,150.002,190.003
isolated,adjacent,parity0:trained,33554432,0,1,1,4,2,120,30.0005,140.002,170.003
isolated,adjacent,parity0:hot,33554432,0,1,1,4,2,120,30.0005,30.0005,30.0005
isolated,spatial,offset-parity1:cold,33554432,0,1,1,8,0,120,140.002,150.002,170.003
isolated,spatial,offset-parity1:trained,33554432,0,1,1,8,0,120,20.0003,30.0005,30.0005
isolated,spatial,offset-parity1:hot,33554432,0,1,1,8,0,120,30.0005,30.0005,30.0005
isolated,spatial,offset-parity1:cold,33554432,0,1,1,8,1,120,140.002,150.002,190.003
isolated,spatial,offset-parity1:trained,33554432,0,1,1,8,1,120,30.0005,30.0005,30.0005
isolated,spatial,offset-parity1:hot,33554432,0,1,1,8,1,120,30.0005,30.0005,30.0005
isolated,spatial,offset-parity1:cold,33554432,0,1,1,8,2,120,140.002,150.002,170.003
isolated,spatial,offset-parity1:trained,33554432,0,1,1,8,2,120,20.0003,30.0005,30.0005
isolated,spatial,offset-parity1:hot,33554432,0,1,1,8,2,120,30.0005,30.0005,30.0005
isolated,spatial,offset-parity1:cold,33554432,0,1,1,16,0,120,140.002,150.002,220.003
isolated,spatial,offset-parity1:trained,33554432,0,1,1,16,0,120,30.0005,30.0005,30.0005
isolated,spatial,offset-parity1:hot,33554432,0,1,1,16,0,120,30.0005,30.0005,30.0005
isolated,spatial,offset-parity1:cold,33554432,0,1,1,16,1,120,140.002,150.002,180.003
isolated,spatial,offset-parity1:trained,33554432,0,1,1,16,1,120,30.0005,30.0005,30.0005
isolated,spatial,offset-parity1:hot,33554432,0,1,1,16,1,120,20.0003,30.0005,30.0005
isolated,spatial,offset-parity1:cold,33554432,0,1,1,16,2,120,140.002,150.002,180.003
isolated,spatial,offset-parity1:trained,33554432,0,1,1,16,2,120,30.0005,30.0005,30.0005
isolated,spatial,offset-parity1:hot,33554432,0,1,1,16,2,120,30.0005,30.0005,30.0005
isolated,spatial,offset-parity1:cold,33554432,0,1,1,32,0,120,140.002,150.002,180.003
isolated,spatial,offset-parity1:trained,33554432,0,1,1,32,0,120,30.0005,30.0005,30.0005
isolated,spatial,offset-parity1:hot,33554432,0,1,1,32,0,120,20.0003,30.0005,30.0005
isolated,spatial,offset-parity1:cold,33554432,0,1,1,32,1,120,140.002,150.002,170.003
isolated,spatial,offset-parity1:trained,33554432,0,1,1,32,1,120,30.0005,30.0005,30.0005
isolated,spatial,offset-parity1:hot,33554432,0,1,1,32,1,120,30.0005,30.0005,30.0005
isolated,spatial,offset-parity1:cold,33554432,0,1,1,32,2,120,140.002,150.002,170.003
isolated,spatial,offset-parity1:trained,33554432,0,1,1,32,2,120,30.0005,30.0005,30.0005
isolated,spatial,offset-parity1:hot,33554432,0,1,1,32,2,120,30.0005,30.0005,30.0005
isolated,spatial,offset-parity1:cold,33554432,0,1,1,64,0,120,140.002,150.002,180.003
isolated,spatial,offset-parity1:trained,33554432,0,1,1,64,0,120,30.0005,30.0005,60.0009
isolated,spatial,offset-parity1:hot,33554432,0,1,1,64,0,120,30.0005,30.0005,30.0005
isolated,spatial,offset-parity1:cold,33554432,0,1,1,64,1,120,140.002,150.002,180.003
isolated,spatial,offset-parity1:trained,33554432,0,1,1,64,1,120,30.0005,30.0005,40.0006
isolated,spatial,offset-parity1:hot,33554432,0,1,1,64,1,120,30.0005,30.0005,30.0005
isolated,spatial,offset-parity1:cold,33554432,0,1,1,64,2,120,140.002,150.002,170.003
isolated,spatial,offset-parity1:trained,33554432,0,1,1,64,2,120,30.0005,30.0005,30.0005
isolated,spatial,offset-parity1:hot,33554432,0,1,1,64,2,120,30.0005,30.0005,30.0005
isolated,spatial,offset-parity1:cold,33554432,0,1,1,128,0,120,140.002,150.002,170.003
isolated,spatial,offset-parity1:trained,33554432,0,1,1,128,0,120,30.0005,30.0005,150.002
isolated,spatial,offset-parity1:hot,33554432,0,1,1,128,0,120,30.0005,30.0005,30.0005
isolated,spatial,offset-parity1:cold,33554432,0,1,1,128,1,120,140.002,150.002,170.003
isolated,spatial,offset-parity1:trained,33554432,0,1,1,128,1,120,30.0005,30.0005,150.002
isolated,spatial,offset-parity1:hot,33554432,0,1,1,128,1,120,30.0005,30.0005,30.0005
isolated,spatial,offset-parity1:cold,33554432,0,1,1,128,2,120,140.002,150.002,190.003
isolated,spatial,offset-parity1:trained,33554432,0,1,1,128,2,120,30.0005,140.002,160.002
isolated,spatial,offset-parity1:hot,33554432,0,1,1,128,2,120,30.0005,30.0005,30.0005
isolated,spatial,offset-parity1:cold,33554432,0,1,1,256,0,120,140.002,150.002,190.003
isolated,spatial,offset-parity1:trained,33554432,0,1,1,256,0,120,30.0005,140.002,160.002
isolated,spatial,offset-parity1:hot,33554432,0,1,1,256,0,120,30.0005,30.0005,30.0005
isolated,spatial,offset-parity1:cold,33554432,0,1,1,256,1,120,140.002,150.002,190.003
isolated,spatial,offset-parity1:trained,33554432,0,1,1,256,1,120,30.0005,30.0005,150.002
isolated,spatial,offset-parity1:hot,33554432,0,1,1,256,1,120,30.0005,30.0005,30.0005
isolated,spatial,offset-parity1:cold,33554432,0,1,1,256,2,120,140.002,150.002,170.003
isolated,spatial,offset-parity1:trained,33554432,0,1,1,256,2,120,30.0005,30.0005,160.002
isolated,spatial,offset-parity1:hot,33554432,0,1,1,256,2,120,30.0005,30.0005,30.0005
isolated,adjacent,parity1:cold,33554432,0,1,1,-2,0,120,140.002,150.002,210.003
isolated,adjacent,parity1:trained,33554432,0,1,1,-2,0,120,30.0005,140.002,180.003
isolated,adjacent,parity1:hot,33554432,0,1,1,-2,0,120,30.0005,30.0005,30.0005
isolated,adjacent,parity1:cold,33554432,0,1,1,-2,1,120,140.002,150.002,190.003
isolated,adjacent,parity1:trained,33554432,0,1,1,-2,1,120,30.0005,30.0005,150.002
isolated,adjacent,parity1:hot,33554432,0,1,1,-2,1,120,30.0005,30.0005,30.0005
isolated,adjacent,parity1:cold,33554432,0,1,1,-2,2,120,140.002,150.002,170.003
isolated,adjacent,parity1:trained,33554432,0,1,1,-2,2,120,30.0005,30.0005,160.002
isolated,adjacent,parity1:hot,33554432,0,1,1,-2,2,120,30.0005,30.0005,30.0005
isolated,adjacent,parity1:cold,33554432,0,1,1,-1,0,120,140.002,150.002,160.002
isolated,adjacent,parity1:trained,33554432,0,1,1,-1,0,120,30.0005,130.002,150.002
isolated,adjacent,parity1:hot,33554432,0,1,1,-1,0,120,30.0005,30.0005,30.0005
isolated,adjacent,parity1:cold,33554432,0,1,1,-1,1,120,140.002,150.002,160.002
isolated,adjacent,parity1:trained,33554432,0,1,1,-1,1,120,30.0005,140.002,160.002
isolated,adjacent,parity1:hot,33554432,0,1,1,-1,1,120,30.0005,30.0005,30.0005
isolated,adjacent,parity1:cold,33554432,0,1,1,-1,2,120,140.002,150.002,180.003
isolated,adjacent,parity1:trained,33554432,0,1,1,-1,2,120,30.0005,30.0005,150.002
isolated,adjacent,parity1:hot,33554432,0,1,1,-1,2,120,30.0005,30.0005,30.0005
isolated,adjacent,parity1:cold,33554432,0,1,1,1,0,120,140.002,150.002,170.003
isolated,adjacent,parity1:trained,33554432,0,1,1,1,0,120,30.0005,30.0005,40.0006
isolated,adjacent,parity1:hot,33554432,0,1,1,1,0,120,30.0005,30.0005,30.0005
isolated,adjacent,parity1:cold,33554432,0,1,1,1,1,120,140.002,150.002,170.003
isolated,adjacent,parity1:trained,33554432,0,1,1,1,1,120,30.0005,30.0005,40.0006
isolated,adjacent,parity1:hot,33554432,0,1,1,1,1,120,30.0005,30.0005,30.0005
isolated,adjacent,parity1:cold,33554432,0,1,1,1,2,120,140.002,150.002,190.003
isolated,adjacent,parity1:trained,33554432,0,1,1,1,2,120,30.0005,30.0005,40.0006
isolated,adjacent,parity1:hot,33554432,0,1,1,1,2,120,30.0005,30.0005,30.0005
isolated,adjacent,parity1:cold,33554432,0,1,1,2,0,120,140.002,150.002,180.003
isolated,adjacent,parity1:trained,33554432,0,1,1,2,0,120,30.0005,30.0005,150.002
isolated,adjacent,parity1:hot,33554432,0,1,1,2,0,120,30.0005,30.0005,30.0005
isolated,adjacent,parity1:cold,33554432,0,1,1,2,1,120,140.002,150.002,200.003
isolated,adjacent,parity1:trained,33554432,0,1,1,2,1,120,30.0005,30.0005,160.002
isolated,adjacent,parity1:hot,33554432,0,1,1,2,1,120,30.0005,30.0005,30.0005
isolated,adjacent,parity1:cold,33554432,0,1,1,2,2,120,140.002,150.002,180.003
isolated,adjacent,parity1:trained,33554432,0,1,1,2,2,120,30.0005,30.0005,150.002
isolated,adjacent,parity1:hot,33554432,0,1,1,2,2,120,30.0005,30.0005,30.0005
isolated,adjacent,parity1:cold,33554432,0,1,1,4,0,120,140.002,150.002,190.003
isolated,adjacent,parity1:trained,33554432,0,1,1,4,0,120,30.0005,140.002,160.002
isolated,adjacent,parity1:hot,33554432,0,1,1,4,0,120,30.0005,30.0005,30.0005
isolated,adjacent,parity1:cold,33554432,0,1,1,4,1,120,140.002,150.002,180.003
isolated,adjacent,parity1:trained,33554432,0,1,1,4,1,120,30.0005,140.002,160.002
isolated,adjacent,parity1:hot,33554432,0,1,1,4,1,120,30.0005,30.0005,30.0005
isolated,adjacent,parity1:cold,33554432,0,1,1,4,2,120,140.002,150.002,180.003
isolated,adjacent,parity1:trained,33554432,0,1,1,4,2,120,30.0005,130.002,170.003
isolated,adjacent,parity1:hot,33554432,0,1,1,4,2,120,30.0005,30.0005,30.0005
isolated,learning,within-page:cold,33554432,0,1,1,1,0,120,140.002,150.002,170.003
isolated,learning,within-page:trained,33554432,0,1,1,1,0,120,30.0005,30.0005,40.0006
isolated,learning,within-page:hot,33554432,0,1,1,1,0,120,30.0005,30.0005,30.0005
isolated,learning,within-page:cold,33554432,0,1,1,1,1,120,140.002,150.002,180.003
isolated,learning,within-page:trained,33554432,0,1,1,1,1,120,30.0005,30.0005,40.0006
isolated,learning,within-page:hot,33554432,0,1,1,1,1,120,30.0005,30.0005,30.0005
isolated,learning,within-page:cold,33554432,0,1,1,1,2,120,140.002,150.002,170.003
isolated,learning,within-page:trained,33554432,0,1,1,1,2,120,30.0005,30.0005,30.0005
isolated,learning,within-page:hot,33554432,0,1,1,1,2,120,30.0005,30.0005,30.0005
isolated,learning,within-page:cold,33554432,0,1,2,1,0,120,140.002,150.002,170.003
isolated,learning,within-page:trained,33554432,0,1,2,1,0,120,30.0005,140.002,190.003
isolated,learning,within-page:hot,33554432,0,1,2,1,0,120,30.0005,30.0005,30.0005
isolated,learning,within-page:cold,33554432,0,1,2,1,1,120,140.002,150.002,180.003
isolated,learning,within-page:trained,33554432,0,1,2,1,1,120,30.0005,30.0005,150.002
isolated,learning,within-page:hot,33554432,0,1,2,1,1,120,30.0005,30.0005,30.0005
isolated,learning,within-page:cold,33554432,0,1,2,1,2,120,140.002,150.002,170.003
isolated,learning,within-page:trained,33554432,0,1,2,1,2,120,30.0005,140.002,160.002
isolated,learning,within-page:hot,33554432,0,1,2,1,2,120,30.0005,30.0005,30.0005
isolated,learning,within-page:cold,33554432,0,1,3,1,0,120,140.002,150.002,180.003
isolated,learning,within-page:trained,33554432,0,1,3,1,0,120,30.0005,30.0005,30.0005
isolated,learning,within-page:hot,33554432,0,1,3,1,0,120,30.0005,30.0005,30.0005
isolated,learning,within-page:cold,33554432,0,1,3,1,1,120,140.002,150.002,170.003
isolated,learning,within-page:trained,33554432,0,1,3,1,1,120,30.0005,30.0005,30.0005
isolated,learning,within-page:hot,33554432,0,1,3,1,1,120,30.0005,30.0005,30.0005
isolated,learning,within-page:cold,33554432,0,1,3,1,2,120,140.002,150.002,190.003
isolated,learning,within-page:trained,33554432,0,1,3,1,2,120,30.0005,30.0005,30.0005
isolated,learning,within-page:hot,33554432,0,1,3,1,2,120,30.0005,30.0005,30.0005
isolated,learning,within-page:cold,33554432,0,1,4,1,0,120,140.002,150.002,180.003
isolated,learning,within-page:trained,33554432,0,1,4,1,0,120,30.0005,30.0005,30.0005
isolated,learning,within-page:hot,33554432,0,1,4,1,0,120,30.0005,30.0005,30.0005
isolated,learning,within-page:cold,33554432,0,1,4,1,1,120,140.002,150.002,170.003
isolated,learning,within-page:trained,33554432,0,1,4,1,1,120,30.0005,30.0005,30.0005
isolated,learning,within-page:hot,33554432,0,1,4,1,1,120,30.0005,30.0005,30.0005
isolated,learning,within-page:cold,33554432,0,1,4,1,2,120,140.002,150.002,180.003
isolated,learning,within-page:trained,33554432,0,1,4,1,2,120,30.0005,30.0005,30.0005
isolated,learning,within-page:hot,33554432,0,1,4,1,2,120,30.0005,30.0005,30.0005
isolated,learning,within-page:cold,33554432,0,1,6,1,0,120,140.002,150.002,160.002
isolated,learning,within-page:trained,33554432,0,1,6,1,0,120,30.0005,30.0005,30.0005
isolated,learning,within-page:hot,33554432,0,1,6,1,0,120,30.0005,30.0005,30.0005
isolated,learning,within-page:cold,33554432,0,1,6,1,1,120,140.002,150.002,170.003
isolated,learning,within-page:trained,33554432,0,1,6,1,1,120,30.0005,30.0005,30.0005
isolated,learning,within-page:hot,33554432,0,1,6,1,1,120,30.0005,30.0005,30.0005
isolated,learning,within-page:cold,33554432,0,1,6,1,2,120,140.002,150.002,180.003
isolated,learning,within-page:trained,33554432,0,1,6,1,2,120,30.0005,30.0005,30.0005
isolated,learning,within-page:hot,33554432,0,1,6,1,2,120,30.0005,30.0005,30.0005
isolated,learning,within-page:cold,33554432,0,1,8,1,0,120,140.002,150.002,170.003
isolated,learning,within-page:trained,33554432,0,1,8,1,0,120,30.0005,40.0006,70.0011
isolated,learning,within-page:hot,33554432,0,1,8,1,0,120,30.0005,30.0005,30.0005
isolated,learning,within-page:cold,33554432,0,1,8,1,1,120,140.002,150.002,190.003
isolated,learning,within-page:trained,33554432,0,1,8,1,1,120,30.0005,40.0006,60.0009
isolated,learning,within-page:hot,33554432,0,1,8,1,1,120,30.0005,30.0005,30.0005
isolated,learning,within-page:cold,33554432,0,1,8,1,2,120,140.002,150.002,180.003
isolated,learning,within-page:trained,33554432,0,1,8,1,2,120,30.0005,50.0008,60.0009
isolated,learning,within-page:hot,33554432,0,1,8,1,2,120,30.0005,30.0005,30.0005
isolated,learning,within-page:cold,33554432,0,1,12,1,0,120,140.002,150.002,180.003
isolated,learning,within-page:trained,33554432,0,1,12,1,0,120,30.0005,30.0005,30.0005
isolated,learning,within-page:hot,33554432,0,1,12,1,0,120,20.0003,30.0005,30.0005
isolated,learning,within-page:cold,33554432,0,1,12,1,1,120,140.002,150.002,180.003
isolated,learning,within-page:trained,33554432,0,1,12,1,1,120,30.0005,30.0005,30.0005
isolated,learning,within-page:hot,33554432,0,1,12,1,1,120,30.0005,30.0005,30.0005
isolated,learning,within-page:cold,33554432,0,1,12,1,2,120,140.002,150.002,170.003
isolated,learning,within-page:trained,33554432,0,1,12,1,2,120,30.0005,30.0005,30.0005
isolated,learning,within-page:hot,33554432,0,1,12,1,2,120,30.0005,30.0005,30.0005
isolated,learning,within-page:cold,33554432,0,1,16,1,0,120,140.002,150.002,190.003
isolated,learning,within-page:trained,33554432,0,1,16,1,0,120,30.0005,30.0005,30.0005
isolated,learning,within-page:hot,33554432,0,1,16,1,0,120,30.0005,30.0005,30.0005
isolated,learning,within-page:cold,33554432,0,1,16,1,1,120,140.002,150.002,190.003
isolated,learning,within-page:trained,33554432,0,1,16,1,1,120,30.0005,30.0005,30.0005
isolated,learning,within-page:hot,33554432,0,1,16,1,1,120,30.0005,30.0005,30.0005
isolated,learning,within-page:cold,33554432,0,1,16,1,2,120,140.002,150.002,180.003
isolated,learning,within-page:trained,33554432,0,1,16,1,2,120,30.0005,30.0005,30.0005
isolated,learning,within-page:hot,33554432,0,1,16,1,2,120,30.0005,30.0005,30.0005
isolated,learning,within-page:cold,33554432,0,2,1,1,0,120,140.002,150.002,190.003
isolated,learning,within-page:trained,33554432,0,2,1,1,0,120,30.0005,30.0005,170.003
isolated,learning,within-page:hot,33554432,0,2,1,1,0,120,30.0005,30.0005,30.0005
isolated,learning,within-page:cold,33554432,0,2,1,1,1,120,140.002,150.002,180.003
isolated,learning,within-page:trained,33554432,0,2,1,1,1,120,30.0005,30.0005,170.003
isolated,learning,within-page:hot,33554432,0,2,1,1,1,120,30.0005,30.0005,30.0005
isolated,learning,within-page:cold,33554432,0,2,1,1,2,120,140.002,150.002,230.004
isolated,learning,within-page:trained,33554432,0,2,1,1,2,120,30.0005,140.002,170.003
isolated,learning,within-page:hot,33554432,0,2,1,1,2,120,30.0005,30.0005,30.0005
isolated,learning,within-page:cold,33554432,0,2,2,1,0,120,140.002,150.002,190.003
isolated,learning,within-page:trained,33554432,0,2,2,1,0,120,30.0005,30.0005,160.002
isolated,learning,within-page:hot,33554432,0,2,2,1,0,120,30.0005,30.0005,30.0005
isolated,learning,within-page:cold,33554432,0,2,2,1,1,120,140.002,150.002,170.003
isolated,learning,within-page:trained,33554432,0,2,2,1,1,120,30.0005,140.002,160.002
isolated,learning,within-page:hot,33554432,0,2,2,1,1,120,30.0005,30.0005,30.0005
isolated,learning,within-page:cold,33554432,0,2,2,1,2,120,140.002,150.002,170.003
isolated,learning,within-page:trained,33554432,0,2,2,1,2,120,30.0005,30.0005,160.002
isolated,learning,within-page:hot,33554432,0,2,2,1,2,120,30.0005,30.0005,30.0005
isolated,learning,within-page:cold,33554432,0,2,3,1,0,120,140.002,150.002,200.003
isolated,learning,within-page:trained,33554432,0,2,3,1,0,120,30.0005,30.0005,30.0005
isolated,learning,within-page:hot,33554432,0,2,3,1,0,120,30.0005,30.0005,30.0005
isolated,learning,within-page:cold,33554432,0,2,3,1,1,120,140.002,150.002,170.003
isolated,learning,within-page:trained,33554432,0,2,3,1,1,120,30.0005,30.0005,30.0005
isolated,learning,within-page:hot,33554432,0,2,3,1,1,120,30.0005,30.0005,30.0005
isolated,learning,within-page:cold,33554432,0,2,3,1,2,120,140.002,150.002,180.003
isolated,learning,within-page:trained,33554432,0,2,3,1,2,120,30.0005,30.0005,30.0005
isolated,learning,within-page:hot,33554432,0,2,3,1,2,120,30.0005,30.0005,30.0005
isolated,learning,within-page:cold,33554432,0,2,4,1,0,120,140.002,150.002,180.003
isolated,learning,within-page:trained,33554432,0,2,4,1,0,120,30.0005,130.002,160.002
isolated,learning,within-page:hot,33554432,0,2,4,1,0,120,30.0005,30.0005,30.0005
isolated,learning,within-page:cold,33554432,0,2,4,1,1,120,140.002,150.002,170.003
isolated,learning,within-page:trained,33554432,0,2,4,1,1,120,30.0005,140.002,160.002
isolated,learning,within-page:hot,33554432,0,2,4,1,1,120,30.0005,30.0005,30.0005
isolated,learning,within-page:cold,33554432,0,2,4,1,2,120,140.002,150.002,170.003
isolated,learning,within-page:trained,33554432,0,2,4,1,2,120,30.0005,140.002,170.003
isolated,learning,within-page:hot,33554432,0,2,4,1,2,120,30.0005,30.0005,30.0005
isolated,learning,within-page:cold,33554432,0,2,6,1,0,120,140.002,150.002,170.003
isolated,learning,within-page:trained,33554432,0,2,6,1,0,120,30.0005,30.0005,30.0005
isolated,learning,within-page:hot,33554432,0,2,6,1,0,120,30.0005,30.0005,30.0005
isolated,learning,within-page:cold,33554432,0,2,6,1,1,120,140.002,150.002,170.003
isolated,learning,within-page:trained,33554432,0,2,6,1,1,120,30.0005,30.0005,40.0006
isolated,learning,within-page:hot,33554432,0,2,6,1,1,120,30.0005,30.0005,30.0005
isolated,learning,within-page:cold,33554432,0,2,6,1,2,120,140.002,150.002,180.003
isolated,learning,within-page:trained,33554432,0,2,6,1,2,120,30.0005,30.0005,30.0005
isolated,learning,within-page:hot,33554432,0,2,6,1,2,120,30.0005,30.0005,30.0005
isolated,learning,within-page:cold,33554432,0,2,8,1,0,120,140.002,150.002,180.003
isolated,learning,within-page:trained,33554432,0,2,8,1,0,120,30.0005,30.0005,50.0008
isolated,learning,within-page:hot,33554432,0,2,8,1,0,120,30.0005,30.0005,30.0005
isolated,learning,within-page:cold,33554432,0,2,8,1,1,120,140.002,150.002,170.003
isolated,learning,within-page:trained,33554432,0,2,8,1,1,120,30.0005,30.0005,60.0009
isolated,learning,within-page:hot,33554432,0,2,8,1,1,120,30.0005,30.0005,30.0005
isolated,learning,within-page:cold,33554432,0,2,8,1,2,120,140.002,150.002,180.003
isolated,learning,within-page:trained,33554432,0,2,8,1,2,120,30.0005,30.0005,50.0008
isolated,learning,within-page:hot,33554432,0,2,8,1,2,120,30.0005,30.0005,30.0005
isolated,learning,within-page:cold,33554432,0,2,12,1,0,120,140.002,150.002,180.003
isolated,learning,within-page:trained,33554432,0,2,12,1,0,120,30.0005,30.0005,40.0006
isolated,learning,within-page:hot,33554432,0,2,12,1,0,120,30.0005,30.0005,30.0005
isolated,learning,within-page:cold,33554432,0,2,12,1,1,120,140.002,150.002,210.003
isolated,learning,within-page:trained,33554432,0,2,12,1,1,120,30.0005,30.0005,30.0005
isolated,learning,within-page:hot,33554432,0,2,12,1,1,120,30.0005,30.0005,30.0005
isolated,learning,within-page:cold,33554432,0,2,12,1,2,120,140.002,150.002,190.003
isolated,learning,within-page:trained,33554432,0,2,12,1,2,120,30.0005,30.0005,30.0005
isolated,learning,within-page:hot,33554432,0,2,12,1,2,120,30.0005,30.0005,30.0005
isolated,learning,within-page:cold,33554432,0,2,16,1,0,120,140.002,150.002,170.003
isolated,learning,within-page:trained,33554432,0,2,16,1,0,120,30.0005,30.0005,30.0005
isolated,learning,within-page:hot,33554432,0,2,16,1,0,120,30.0005,30.0005,30.0005
isolated,learning,within-page:cold,33554432,0,2,16,1,1,120,140.002,150.002,190.003
isolated,learning,within-page:trained,33554432,0,2,16,1,1,120,30.0005,30.0005,30.0005
isolated,learning,within-page:hot,33554432,0,2,16,1,1,120,30.0005,30.0005,30.0005
isolated,learning,within-page:cold,33554432,0,2,16,1,2,120,140.002,150.002,190.003
isolated,learning,within-page:trained,33554432,0,2,16,1,2,120,30.0005,30.0005,30.0005
isolated,learning,within-page:hot,33554432,0,2,16,1,2,120,30.0005,30.0005,30.0005
isolated,learning,within-page:cold,33554432,0,4,1,1,0,120,140.002,150.002,170.003
isolated,learning,within-page:trained,33554432,0,4,1,1,0,120,30.0005,30.0005,150.002
isolated,learning,within-page:hot,33554432,0,4,1,1,0,120,30.0005,30.0005,30.0005
isolated,learning,within-page:cold,33554432,0,4,1,1,1,120,140.002,150.002,180.003
isolated,learning,within-page:trained,33554432,0,4,1,1,1,120,30.0005,140.002,160.002
isolated,learning,within-page:hot,33554432,0,4,1,1,1,120,30.0005,30.0005,30.0005
isolated,learning,within-page:cold,33554432,0,4,1,1,2,120,140.002,150.002,170.003
isolated,learning,within-page:trained,33554432,0,4,1,1,2,120,30.0005,30.0005,160.002
isolated,learning,within-page:hot,33554432,0,4,1,1,2,120,30.0005,30.0005,30.0005
isolated,learning,within-page:cold,33554432,0,4,2,1,0,120,140.002,150.002,160.002
isolated,learning,within-page:trained,33554432,0,4,2,1,0,120,140.002,150.002,170.003
isolated,learning,within-page:hot,33554432,0,4,2,1,0,120,30.0005,30.0005,30.0005
isolated,learning,within-page:cold,33554432,0,4,2,1,1,120,140.002,150.002,180.003
isolated,learning,within-page:trained,33554432,0,4,2,1,1,120,140.002,150.002,170.003
isolated,learning,within-page:hot,33554432,0,4,2,1,1,120,30.0005,30.0005,30.0005
isolated,learning,within-page:cold,33554432,0,4,2,1,2,120,140.002,150.002,180.003
isolated,learning,within-page:trained,33554432,0,4,2,1,2,120,140.002,150.002,170.003
isolated,learning,within-page:hot,33554432,0,4,2,1,2,120,30.0005,30.0005,30.0005
isolated,learning,within-page:cold,33554432,0,4,3,1,0,120,140.002,150.002,200.003
isolated,learning,within-page:trained,33554432,0,4,3,1,0,120,20.0003,30.0005,150.002
isolated,learning,within-page:hot,33554432,0,4,3,1,0,120,30.0005,30.0005,30.0005
isolated,learning,within-page:cold,33554432,0,4,3,1,1,120,140.002,150.002,200.003
isolated,learning,within-page:trained,33554432,0,4,3,1,1,120,30.0005,30.0005,150.002
isolated,learning,within-page:hot,33554432,0,4,3,1,1,120,30.0005,30.0005,30.0005
isolated,learning,within-page:cold,33554432,0,4,3,1,2,120,140.002,150.002,180.003
isolated,learning,within-page:trained,33554432,0,4,3,1,2,120,30.0005,30.0005,150.002
isolated,learning,within-page:hot,33554432,0,4,3,1,2,120,30.0005,30.0005,30.0005
isolated,learning,within-page:cold,33554432,0,4,4,1,0,120,140.002,150.002,170.003
isolated,learning,within-page:trained,33554432,0,4,4,1,0,120,30.0005,30.0005,40.0006
isolated,learning,within-page:hot,33554432,0,4,4,1,0,120,30.0005,30.0005,30.0005
isolated,learning,within-page:cold,33554432,0,4,4,1,1,120,140.002,150.002,180.003
isolated,learning,within-page:trained,33554432,0,4,4,1,1,120,30.0005,30.0005,40.0006
isolated,learning,within-page:hot,33554432,0,4,4,1,1,120,30.0005,30.0005,30.0005
isolated,learning,within-page:cold,33554432,0,4,4,1,2,120,140.002,150.002,170.003
isolated,learning,within-page:trained,33554432,0,4,4,1,2,120,30.0005,30.0005,30.0005
isolated,learning,within-page:hot,33554432,0,4,4,1,2,120,30.0005,30.0005,30.0005
isolated,learning,within-page:cold,33554432,0,4,6,1,0,120,140.002,150.002,190.003
isolated,learning,within-page:trained,33554432,0,4,6,1,0,120,30.0005,30.0005,30.0005
isolated,learning,within-page:hot,33554432,0,4,6,1,0,120,30.0005,30.0005,30.0005
isolated,learning,within-page:cold,33554432,0,4,6,1,1,120,140.002,150.002,180.003
isolated,learning,within-page:trained,33554432,0,4,6,1,1,120,20.0003,30.0005,30.0005
isolated,learning,within-page:hot,33554432,0,4,6,1,1,120,30.0005,30.0005,30.0005
isolated,learning,within-page:cold,33554432,0,4,6,1,2,120,140.002,150.002,180.003
isolated,learning,within-page:trained,33554432,0,4,6,1,2,120,30.0005,30.0005,40.0006
isolated,learning,within-page:hot,33554432,0,4,6,1,2,120,30.0005,30.0005,30.0005
isolated,learning,within-page:cold,33554432,0,4,8,1,0,120,140.002,150.002,210.003
isolated,learning,within-page:trained,33554432,0,4,8,1,0,120,30.0005,50.0008,80.0012
isolated,learning,within-page:hot,33554432,0,4,8,1,0,120,30.0005,30.0005,30.0005
isolated,learning,within-page:cold,33554432,0,4,8,1,1,120,140.002,150.002,200.003
isolated,learning,within-page:trained,33554432,0,4,8,1,1,120,30.0005,50.0008,70.0011
isolated,learning,within-page:hot,33554432,0,4,8,1,1,120,30.0005,30.0005,30.0005
isolated,learning,within-page:cold,33554432,0,4,8,1,2,120,140.002,150.002,170.003
isolated,learning,within-page:trained,33554432,0,4,8,1,2,120,30.0005,50.0008,70.0011
isolated,learning,within-page:hot,33554432,0,4,8,1,2,120,30.0005,30.0005,30.0005
isolated,learning,within-page:cold,33554432,0,4,12,1,0,120,140.002,150.002,180.003
isolated,learning,within-page:trained,33554432,0,4,12,1,0,120,30.0005,30.0005,30.0005
isolated,learning,within-page:hot,33554432,0,4,12,1,0,120,30.0005,30.0005,30.0005
isolated,learning,within-page:cold,33554432,0,4,12,1,1,120,140.002,150.002,180.003
isolated,learning,within-page:trained,33554432,0,4,12,1,1,120,30.0005,30.0005,30.0005
isolated,learning,within-page:hot,33554432,0,4,12,1,1,120,30.0005,30.0005,30.0005
isolated,learning,within-page:cold,33554432,0,4,12,1,2,120,140.002,150.002,190.003
isolated,learning,within-page:trained,33554432,0,4,12,1,2,120,30.0005,30.0005,30.0005
isolated,learning,within-page:hot,33554432,0,4,12,1,2,120,30.0005,30.0005,30.0005
isolated,learning,within-page:cold,33554432,0,-1,1,1,0,120,140.002,150.002,180.003
isolated,learning,within-page:trained,33554432,0,-1,1,1,0,120,30.0005,140.002,160.002
isolated,learning,within-page:hot,33554432,0,-1,1,1,0,120,30.0005,30.0005,30.0005
isolated,learning,within-page:cold,33554432,0,-1,1,1,1,120,140.002,150.002,200.003
isolated,learning,within-page:trained,33554432,0,-1,1,1,1,120,30.0005,140.002,160.002
isolated,learning,within-page:hot,33554432,0,-1,1,1,1,120,30.0005,30.0005,30.0005
isolated,learning,within-page:cold,33554432,0,-1,1,1,2,120,140.002,150.002,180.003
isolated,learning,within-page:trained,33554432,0,-1,1,1,2,120,30.0005,30.0005,160.002
isolated,learning,within-page:hot,33554432,0,-1,1,1,2,120,30.0005,30.0005,30.0005
isolated,learning,within-page:cold,33554432,0,-1,2,1,0,120,140.002,150.002,190.003
isolated,learning,within-page:trained,33554432,0,-1,2,1,0,120,30.0005,140.002,190.003
isolated,learning,within-page:hot,33554432,0,-1,2,1,0,120,30.0005,30.0005,30.0005
isolated,learning,within-page:cold,33554432,0,-1,2,1,1,120,140.002,150.002,170.003
isolated,learning,within-page:trained,33554432,0,-1,2,1,1,120,30.0005,30.0005,160.002
isolated,learning,within-page:hot,33554432,0,-1,2,1,1,120,30.0005,30.0005,30.0005
isolated,learning,within-page:cold,33554432,0,-1,2,1,2,120,140.002,150.002,190.003
isolated,learning,within-page:trained,33554432,0,-1,2,1,2,120,30.0005,30.0005,160.002
isolated,learning,within-page:hot,33554432,0,-1,2,1,2,120,30.0005,30.0005,30.0005
isolated,learning,within-page:cold,33554432,0,-1,3,1,0,120,140.002,150.002,180.003
isolated,learning,within-page:trained,33554432,0,-1,3,1,0,120,30.0005,30.0005,30.0005
isolated,learning,within-page:hot,33554432,0,-1,3,1,0,120,20.0003,30.0005,30.0005
isolated,learning,within-page:cold,33554432,0,-1,3,1,1,120,140.002,150.002,180.003
isolated,learning,within-page:trained,33554432,0,-1,3,1,1,120,30.0005,30.0005,30.0005
isolated,learning,within-page:hot,33554432,0,-1,3,1,1,120,30.0005,30.0005,30.0005
isolated,learning,within-page:cold,33554432,0,-1,3,1,2,120,140.002,150.002,210.003
isolated,learning,within-page:trained,33554432,0,-1,3,1,2,120,30.0005,30.0005,30.0005
isolated,learning,within-page:hot,33554432,0,-1,3,1,2,120,30.0005,30.0005,30.0005
isolated,learning,within-page:cold,33554432,0,-1,4,1,0,120,140.002,150.002,190.003
isolated,learning,within-page:trained,33554432,0,-1,4,1,0,120,30.0005,30.0005,30.0005
isolated,learning,within-page:hot,33554432,0,-1,4,1,0,120,30.0005,30.0005,30.0005
isolated,learning,within-page:cold,33554432,0,-1,4,1,1,120,140.002,150.002,190.003
isolated,learning,within-page:trained,33554432,0,-1,4,1,1,120,30.0005,30.0005,30.0005
isolated,learning,within-page:hot,33554432,0,-1,4,1,1,120,30.0005,30.0005,30.0005
isolated,learning,within-page:cold,33554432,0,-1,4,1,2,120,140.002,150.002,200.003
isolated,learning,within-page:trained,33554432,0,-1,4,1,2,120,30.0005,30.0005,40.0006
isolated,learning,within-page:hot,33554432,0,-1,4,1,2,120,30.0005,30.0005,30.0005
isolated,learning,within-page:cold,33554432,0,-1,6,1,0,120,140.002,150.002,190.003
isolated,learning,within-page:trained,33554432,0,-1,6,1,0,120,30.0005,30.0005,30.0005
isolated,learning,within-page:hot,33554432,0,-1,6,1,0,120,30.0005,30.0005,30.0005
isolated,learning,within-page:cold,33554432,0,-1,6,1,1,120,140.002,150.002,190.003
isolated,learning,within-page:trained,33554432,0,-1,6,1,1,120,30.0005,30.0005,30.0005
isolated,learning,within-page:hot,33554432,0,-1,6,1,1,120,30.0005,30.0005,30.0005
isolated,learning,within-page:cold,33554432,0,-1,6,1,2,120,140.002,150.002,180.003
isolated,learning,within-page:trained,33554432,0,-1,6,1,2,120,30.0005,30.0005,40.0006
isolated,learning,within-page:hot,33554432,0,-1,6,1,2,120,30.0005,30.0005,30.0005
isolated,learning,within-page:cold,33554432,0,-1,8,1,0,120,140.002,150.002,180.003
isolated,learning,within-page:trained,33554432,0,-1,8,1,0,120,30.0005,30.0005,40.0006
isolated,learning,within-page:hot,33554432,0,-1,8,1,0,120,20.0003,30.0005,30.0005
isolated,learning,within-page:cold,33554432,0,-1,8,1,1,120,140.002,150.002,180.003
isolated,learning,within-page:trained,33554432,0,-1,8,1,1,120,30.0005,30.0005,50.0008
isolated,learning,within-page:hot,33554432,0,-1,8,1,1,120,30.0005,30.0005,30.0005
isolated,learning,within-page:cold,33554432,0,-1,8,1,2,120,140.002,150.002,170.003
isolated,learning,within-page:trained,33554432,0,-1,8,1,2,120,30.0005,30.0005,60.0009
isolated,learning,within-page:hot,33554432,0,-1,8,1,2,120,30.0005,30.0005,30.0005
isolated,learning,within-page:cold,33554432,0,-1,12,1,0,120,140.002,150.002,170.003
isolated,learning,within-page:trained,33554432,0,-1,12,1,0,120,30.0005,30.0005,30.0005
isolated,learning,within-page:hot,33554432,0,-1,12,1,0,120,30.0005,30.0005,30.0005
isolated,learning,within-page:cold,33554432,0,-1,12,1,1,120,140.002,150.002,170.003
isolated,learning,within-page:trained,33554432,0,-1,12,1,1,120,30.0005,30.0005,30.0005
isolated,learning,within-page:hot,33554432,0,-1,12,1,1,120,30.0005,30.0005,30.0005
isolated,learning,within-page:cold,33554432,0,-1,12,1,2,120,140.002,150.002,170.003
isolated,learning,within-page:trained,33554432,0,-1,12,1,2,120,30.0005,30.0005,30.0005
isolated,learning,within-page:hot,33554432,0,-1,12,1,2,120,30.0005,30.0005,30.0005
isolated,learning,within-page:cold,33554432,0,-1,16,1,0,120,140.002,150.002,190.003
isolated,learning,within-page:trained,33554432,0,-1,16,1,0,120,30.0005,30.0005,30.0005
isolated,learning,within-page:hot,33554432,0,-1,16,1,0,120,30.0005,30.0005,30.0005
isolated,learning,within-page:cold,33554432,0,-1,16,1,1,120,140.002,150.002,180.003
isolated,learning,within-page:trained,33554432,0,-1,16,1,1,120,30.0005,30.0005,30.0005
isolated,learning,within-page:hot,33554432,0,-1,16,1,1,120,30.0005,30.0005,30.0005
isolated,learning,within-page:cold,33554432,0,-1,16,1,2,120,140.002,150.002,170.003
isolated,learning,within-page:trained,33554432,0,-1,16,1,2,120,30.0005,30.0005,30.0005
isolated,learning,within-page:hot,33554432,0,-1,16,1,2,120,30.0005,30.0005,30.0005
isolated,learning,within-page:cold,33554432,0,-2,1,1,0,120,140.002,150.002,180.003
isolated,learning,within-page:trained,33554432,0,-2,1,1,0,120,30.0005,140.002,160.002
isolated,learning,within-page:hot,33554432,0,-2,1,1,0,120,30.0005,30.0005,30.0005
isolated,learning,within-page:cold,33554432,0,-2,1,1,1,120,140.002,150.002,190.003
isolated,learning,within-page:trained,33554432,0,-2,1,1,1,120,30.0005,140.002,160.002
isolated,learning,within-page:hot,33554432,0,-2,1,1,1,120,30.0005,30.0005,30.0005
isolated,learning,within-page:cold,33554432,0,-2,1,1,2,120,140.002,150.002,220.003
isolated,learning,within-page:trained,33554432,0,-2,1,1,2,120,30.0005,30.0005,150.002
isolated,learning,within-page:hot,33554432,0,-2,1,1,2,120,30.0005,30.0005,30.0005
isolated,learning,within-page:cold,33554432,0,-2,2,1,0,120,140.002,150.002,190.003
isolated,learning,within-page:trained,33554432,0,-2,2,1,0,120,30.0005,140.002,160.002
isolated,learning,within-page:hot,33554432,0,-2,2,1,0,120,30.0005,30.0005,30.0005
isolated,learning,within-page:cold,33554432,0,-2,2,1,1,120,140.002,150.002,170.003
isolated,learning,within-page:trained,33554432,0,-2,2,1,1,120,30.0005,30.0005,150.002
isolated,learning,within-page:hot,33554432,0,-2,2,1,1,120,30.0005,30.0005,30.0005
isolated,learning,within-page:cold,33554432,0,-2,2,1,2,120,140.002,150.002,190.003
isolated,learning,within-page:trained,33554432,0,-2,2,1,2,120,30.0005,30.0005,160.002
isolated,learning,within-page:hot,33554432,0,-2,2,1,2,120,30.0005,30.0005,30.0005
isolated,learning,within-page:cold,33554432,0,-2,3,1,0,120,140.002,150.002,190.003
isolated,learning,within-page:trained,33554432,0,-2,3,1,0,120,30.0005,30.0005,40.0006
isolated,learning,within-page:hot,33554432,0,-2,3,1,0,120,30.0005,30.0005,30.0005
isolated,learning,within-page:cold,33554432,0,-2,3,1,1,120,140.002,150.002,170.003
isolated,learning,within-page:trained,33554432,0,-2,3,1,1,120,30.0005,30.0005,40.0006
isolated,learning,within-page:hot,33554432,0,-2,3,1,1,120,30.0005,30.0005,30.0005
isolated,learning,within-page:cold,33554432,0,-2,3,1,2,120,140.002,150.002,170.003
isolated,learning,within-page:trained,33554432,0,-2,3,1,2,120,30.0005,30.0005,40.0006
isolated,learning,within-page:hot,33554432,0,-2,3,1,2,120,30.0005,30.0005,30.0005
isolated,learning,within-page:cold,33554432,0,-2,4,1,0,120,140.002,150.002,180.003
isolated,learning,within-page:trained,33554432,0,-2,4,1,0,120,30.0005,60.0009,100.002
isolated,learning,within-page:hot,33554432,0,-2,4,1,0,120,30.0005,30.0005,30.0005
isolated,learning,within-page:cold,33554432,0,-2,4,1,1,120,140.002,150.002,170.003
isolated,learning,within-page:trained,33554432,0,-2,4,1,1,120,30.0005,70.0011,100.002
isolated,learning,within-page:hot,33554432,0,-2,4,1,1,120,30.0005,30.0005,30.0005
isolated,learning,within-page:cold,33554432,0,-2,4,1,2,120,140.002,150.002,170.003
isolated,learning,within-page:trained,33554432,0,-2,4,1,2,120,30.0005,70.0011,100.002
isolated,learning,within-page:hot,33554432,0,-2,4,1,2,120,30.0005,30.0005,30.0005
isolated,learning,within-page:cold,33554432,0,-2,6,1,0,120,140.002,150.002,170.003
isolated,learning,within-page:trained,33554432,0,-2,6,1,0,120,30.0005,30.0005,30.0005
isolated,learning,within-page:hot,33554432,0,-2,6,1,0,120,30.0005,30.0005,30.0005
isolated,learning,within-page:cold,33554432,0,-2,6,1,1,120,140.002,150.002,170.003
isolated,learning,within-page:trained,33554432,0,-2,6,1,1,120,30.0005,30.0005,30.0005
isolated,learning,within-page:hot,33554432,0,-2,6,1,1,120,30.0005,30.0005,30.0005
isolated,learning,within-page:cold,33554432,0,-2,6,1,2,120,140.002,150.002,180.003
isolated,learning,within-page:trained,33554432,0,-2,6,1,2,120,30.0005,30.0005,30.0005
isolated,learning,within-page:hot,33554432,0,-2,6,1,2,120,30.0005,30.0005,30.0005
isolated,learning,within-page:cold,33554432,0,-2,8,1,0,120,140.002,150.002,180.003
isolated,learning,within-page:trained,33554432,0,-2,8,1,0,120,30.0005,30.0005,40.0006
isolated,learning,within-page:hot,33554432,0,-2,8,1,0,120,30.0005,30.0005,30.0005
isolated,learning,within-page:cold,33554432,0,-2,8,1,1,120,140.002,150.002,180.003
isolated,learning,within-page:trained,33554432,0,-2,8,1,1,120,30.0005,30.0005,30.0005
isolated,learning,within-page:hot,33554432,0,-2,8,1,1,120,30.0005,30.0005,30.0005
isolated,learning,within-page:cold,33554432,0,-2,8,1,2,120,140.002,150.002,170.003
isolated,learning,within-page:trained,33554432,0,-2,8,1,2,120,30.0005,30.0005,30.0005
isolated,learning,within-page:hot,33554432,0,-2,8,1,2,120,30.0005,30.0005,30.0005
isolated,learning,within-page:cold,33554432,0,-2,12,1,0,120,140.002,150.002,190.003
isolated,learning,within-page:trained,33554432,0,-2,12,1,0,120,30.0005,30.0005,40.0006
isolated,learning,within-page:hot,33554432,0,-2,12,1,0,120,30.0005,30.0005,30.0005
isolated,learning,within-page:cold,33554432,0,-2,12,1,1,120,140.002,150.002,170.003
isolated,learning,within-page:trained,33554432,0,-2,12,1,1,120,30.0005,30.0005,30.0005
isolated,learning,within-page:hot,33554432,0,-2,12,1,1,120,30.0005,30.0005,30.0005
isolated,learning,within-page:cold,33554432,0,-2,12,1,2,120,140.002,150.002,180.003
isolated,learning,within-page:trained,33554432,0,-2,12,1,2,120,30.0005,30.0005,30.0005
isolated,learning,within-page:hot,33554432,0,-2,12,1,2,120,30.0005,30.0005,30.0005
isolated,learning,within-page:cold,33554432,0,-2,16,1,0,120,140.002,150.002,180.003
isolated,learning,within-page:trained,33554432,0,-2,16,1,0,120,30.0005,30.0005,30.0005
isolated,learning,within-page:hot,33554432,0,-2,16,1,0,120,30.0005,30.0005,30.0005
isolated,learning,within-page:cold,33554432,0,-2,16,1,1,120,140.002,150.002,180.003
isolated,learning,within-page:trained,33554432,0,-2,16,1,1,120,30.0005,30.0005,30.0005
isolated,learning,within-page:hot,33554432,0,-2,16,1,1,120,30.0005,30.0005,30.0005
isolated,learning,within-page:cold,33554432,0,-2,16,1,2,120,140.002,150.002,180.003
isolated,learning,within-page:trained,33554432,0,-2,16,1,2,120,30.0005,30.0005,30.0005
isolated,learning,within-page:hot,33554432,0,-2,16,1,2,120,30.0005,30.0005,30.0005
isolated,lookahead,within-page:cold,33554432,0,1,8,1,0,120,140.002,150.002,180.003
isolated,lookahead,within-page:trained,33554432,0,1,8,1,0,120,30.0005,40.0006,60.0009
isolated,lookahead,within-page:hot,33554432,0,1,8,1,0,120,30.0005,30.0005,30.0005
isolated,lookahead,within-page:cold,33554432,0,1,8,1,1,120,140.002,150.002,190.003
isolated,lookahead,within-page:trained,33554432,0,1,8,1,1,120,30.0005,40.0006,60.0009
isolated,lookahead,within-page:hot,33554432,0,1,8,1,1,120,30.0005,30.0005,30.0005
isolated,lookahead,within-page:cold,33554432,0,1,8,1,2,120,140.002,150.002,190.003
isolated,lookahead,within-page:trained,33554432,0,1,8,1,2,120,30.0005,40.0006,60.0009
isolated,lookahead,within-page:hot,33554432,0,1,8,1,2,120,30.0005,30.0005,30.0005
isolated,lookahead,cross-page:cold,33554432,0,1,8,1,0,120,140.002,150.002,170.003
isolated,lookahead,cross-page:trained,33554432,0,1,8,1,0,120,30.0005,50.0008,150.002
isolated,lookahead,cross-page:hot,33554432,0,1,8,1,0,120,30.0005,30.0005,30.0005
isolated,lookahead,cross-page:cold,33554432,0,1,8,1,1,120,140.002,150.002,190.003
isolated,lookahead,cross-page:trained,33554432,0,1,8,1,1,120,30.0005,50.0008,100.002
isolated,lookahead,cross-page:hot,33554432,0,1,8,1,1,120,30.0005,30.0005,30.0005
isolated,lookahead,cross-page:cold,33554432,0,1,8,1,2,120,140.002,150.002,170.003
isolated,lookahead,cross-page:trained,33554432,0,1,8,1,2,120,30.0005,50.0008,80.0012
isolated,lookahead,cross-page:hot,33554432,0,1,8,1,2,120,30.0005,30.0005,30.0005
isolated,lookahead,within-page:cold,33554432,0,1,8,2,0,120,140.002,150.002,180.003
isolated,lookahead,within-page:trained,33554432,0,1,8,2,0,120,30.0005,50.0008,70.0011
isolated,lookahead,within-page:hot,33554432,0,1,8,2,0,120,30.0005,30.0005,30.0005
isolated,lookahead,within-page:cold,33554432,0,1,8,2,1,120,140.002,150.002,170.003
isolated,lookahead,within-page:trained,33554432,0,1,8,2,1,120,30.0005,50.0008,60.0009
isolated,lookahead,within-page:hot,33554432,0,1,8,2,1,120,30.0005,30.0005,30.0005
isolated,lookahead,within-page:cold,33554432,0,1,8,2,2,120,140.002,150.002,180.003
isolated,lookahead,within-page:trained,33554432,0,1,8,2,2,120,30.0005,50.0008,70.0011
isolated,lookahead,within-page:hot,33554432,0,1,8,2,2,120,30.0005,30.0005,30.0005
isolated,lookahead,cross-page:cold,33554432,0,1,8,2,0,120,140.002,150.002,170.003
isolated,lookahead,cross-page:trained,33554432,0,1,8,2,0,120,30.0005,50.0008,100.002
isolated,lookahead,cross-page:hot,33554432,0,1,8,2,0,120,30.0005,30.0005,30.0005
isolated,lookahead,cross-page:cold,33554432,0,1,8,2,1,120,140.002,150.002,170.003
isolated,lookahead,cross-page:trained,33554432,0,1,8,2,1,120,30.0005,50.0008,90.0014
isolated,lookahead,cross-page:hot,33554432,0,1,8,2,1,120,30.0005,30.0005,30.0005
isolated,lookahead,cross-page:cold,33554432,0,1,8,2,2,120,140.002,150.002,170.003
isolated,lookahead,cross-page:trained,33554432,0,1,8,2,2,120,30.0005,50.0008,150.002
isolated,lookahead,cross-page:hot,33554432,0,1,8,2,2,120,30.0005,30.0005,30.0005
isolated,lookahead,within-page:cold,33554432,0,1,8,4,0,120,140.002,150.002,170.003
isolated,lookahead,within-page:trained,33554432,0,1,8,4,0,120,30.0005,60.0009,80.0012
isolated,lookahead,within-page:hot,33554432,0,1,8,4,0,120,30.0005,30.0005,30.0005
isolated,lookahead,within-page:cold,33554432,0,1,8,4,1,120,140.002,150.002,180.003
isolated,lookahead,within-page:trained,33554432,0,1,8,4,1,120,30.0005,60.0009,90.0014
isolated,lookahead,within-page:hot,33554432,0,1,8,4,1,120,30.0005,30.0005,30.0005
isolated,lookahead,within-page:cold,33554432,0,1,8,4,2,120,140.002,150.002,220.003
isolated,lookahead,within-page:trained,33554432,0,1,8,4,2,120,30.0005,50.0008,80.0012
isolated,lookahead,within-page:hot,33554432,0,1,8,4,2,120,30.0005,30.0005,30.0005
isolated,lookahead,cross-page:cold,33554432,0,1,8,4,0,120,140.002,150.002,190.003
isolated,lookahead,cross-page:trained,33554432,0,1,8,4,0,120,30.0005,60.0009,80.0012
isolated,lookahead,cross-page:hot,33554432,0,1,8,4,0,120,30.0005,30.0005,30.0005
isolated,lookahead,cross-page:cold,33554432,0,1,8,4,1,120,140.002,150.002,170.003
isolated,lookahead,cross-page:trained,33554432,0,1,8,4,1,120,30.0005,60.0009,120.002
isolated,lookahead,cross-page:hot,33554432,0,1,8,4,1,120,30.0005,30.0005,30.0005
isolated,lookahead,cross-page:cold,33554432,0,1,8,4,2,120,140.002,150.002,200.003
isolated,lookahead,cross-page:trained,33554432,0,1,8,4,2,120,30.0005,60.0009,100.002
isolated,lookahead,cross-page:hot,33554432,0,1,8,4,2,120,30.0005,30.0005,30.0005
isolated,lookahead,within-page:cold,33554432,0,1,8,8,0,120,140.002,150.002,180.003
isolated,lookahead,within-page:trained,33554432,0,1,8,8,0,120,30.0005,70.0011,110.002
isolated,lookahead,within-page:hot,33554432,0,1,8,8,0,120,30.0005,30.0005,30.0005
isolated,lookahead,within-page:cold,33554432,0,1,8,8,1,120,140.002,150.002,170.003
isolated,lookahead,within-page:trained,33554432,0,1,8,8,1,120,30.0005,70.0011,80.0012
isolated,lookahead,within-page:hot,33554432,0,1,8,8,1,120,30.0005,30.0005,30.0005
isolated,lookahead,within-page:cold,33554432,0,1,8,8,2,120,140.002,150.002,170.003
isolated,lookahead,within-page:trained,33554432,0,1,8,8,2,120,30.0005,70.0011,90.0014
isolated,lookahead,within-page:hot,33554432,0,1,8,8,2,120,30.0005,30.0005,30.0005
isolated,lookahead,cross-page:cold,33554432,0,1,8,8,0,120,140.002,150.002,190.003
isolated,lookahead,cross-page:trained,33554432,0,1,8,8,0,120,50.0008,80.0012,150.002
isolated,lookahead,cross-page:hot,33554432,0,1,8,8,0,120,30.0005,30.0005,30.0005
isolated,lookahead,cross-page:cold,33554432,0,1,8,8,1,120,140.002,150.002,170.003
isolated,lookahead,cross-page:trained,33554432,0,1,8,8,1,120,40.0006,70.0011,130.002
isolated,lookahead,cross-page:hot,33554432,0,1,8,8,1,120,30.0005,30.0005,30.0005
isolated,lookahead,cross-page:cold,33554432,0,1,8,8,2,120,140.002,150.002,170.003
isolated,lookahead,cross-page:trained,33554432,0,1,8,8,2,120,40.0006,80.0012,150.002
isolated,lookahead,cross-page:hot,33554432,0,1,8,8,2,120,30.0005,30.0005,30.0005
isolated,lookahead,within-page:cold,33554432,0,1,8,16,0,120,140.002,150.002,170.003
isolated,lookahead,within-page:trained,33554432,0,1,8,16,0,120,80.0012,90.0014,150.002
isolated,lookahead,within-page:hot,33554432,0,1,8,16,0,120,30.0005,30.0005,30.0005
isolated,lookahead,within-page:cold,33554432,0,1,8,16,1,120,140.002,150.002,170.003
isolated,lookahead,within-page:trained,33554432,0,1,8,16,1,120,80.0012,90.0014,140.002
isolated,lookahead,within-page:hot,33554432,0,1,8,16,1,120,30.0005,30.0005,30.0005
isolated,lookahead,within-page:cold,33554432,0,1,8,16,2,120,140.002,150.002,170.003
isolated,lookahead,within-page:trained,33554432,0,1,8,16,2,120,80.0012,90.0014,150.002
isolated,lookahead,within-page:hot,33554432,0,1,8,16,2,120,30.0005,30.0005,30.0005
isolated,lookahead,cross-page:cold,33554432,0,1,8,16,0,120,140.002,150.002,220.003
isolated,lookahead,cross-page:trained,33554432,0,1,8,16,0,120,130.002,140.002,160.002
isolated,lookahead,cross-page:hot,33554432,0,1,8,16,0,120,30.0005,30.0005,30.0005
isolated,lookahead,cross-page:cold,33554432,0,1,8,16,1,120,140.002,150.002,200.003
isolated,lookahead,cross-page:trained,33554432,0,1,8,16,1,120,130.002,150.002,160.002
isolated,lookahead,cross-page:hot,33554432,0,1,8,16,1,120,30.0005,30.0005,30.0005
isolated,lookahead,cross-page:cold,33554432,0,1,8,16,2,120,140.002,150.002,180.003
isolated,lookahead,cross-page:trained,33554432,0,1,8,16,2,120,130.002,150.002,170.003
isolated,lookahead,cross-page:hot,33554432,0,1,8,16,2,120,30.0005,30.0005,30.0005
isolated,retention,shared-pc:cold,33554432,0,2,8,1,0,120,140.002,150.002,230.004
isolated,retention,shared-pc:trained,33554432,0,2,8,1,0,120,140.002,150.002,170.003
isolated,retention,shared-pc:hot,33554432,0,2,8,1,0,120,30.0005,30.0005,30.0005
isolated,retention,shared-pc:cold,33554432,0,2,8,1,1,120,140.002,150.002,210.003
isolated,retention,shared-pc:trained,33554432,0,2,8,1,1,120,140.002,150.002,180.003
isolated,retention,shared-pc:hot,33554432,0,2,8,1,1,120,30.0005,30.0005,30.0005
isolated,retention,shared-pc:cold,33554432,0,2,8,1,2,120,140.002,150.002,180.003
isolated,retention,shared-pc:trained,33554432,0,2,8,1,2,120,140.002,150.002,180.003
isolated,retention,shared-pc:hot,33554432,0,2,8,1,2,120,30.0005,30.0005,30.0005
isolated,retention,distinct-pc:cold,33554432,0,2,8,1,0,120,140.002,150.002,180.003
isolated,retention,distinct-pc:trained,33554432,0,2,8,1,0,120,140.002,150.002,210.003
isolated,retention,distinct-pc:hot,33554432,0,2,8,1,0,120,30.0005,30.0005,30.0005
isolated,retention,distinct-pc:cold,33554432,0,2,8,1,1,120,140.002,150.002,180.003
isolated,retention,distinct-pc:trained,33554432,0,2,8,1,1,120,140.002,150.002,180.003
isolated,retention,distinct-pc:hot,33554432,0,2,8,1,1,120,30.0005,30.0005,30.0005
isolated,retention,distinct-pc:cold,33554432,0,2,8,1,2,120,140.002,150.002,220.003
isolated,retention,distinct-pc:trained,33554432,0,2,8,1,2,120,140.002,150.002,180.003
isolated,retention,distinct-pc:hot,33554432,0,2,8,1,2,120,30.0005,30.0005,30.0005
isolated,retention,shared-pc:cold,33554432,1,2,8,1,0,120,140.002,150.002,200.003
isolated,retention,shared-pc:trained,33554432,1,2,8,1,0,120,40.0006,150.002,180.003
isolated,retention,shared-pc:hot,33554432,1,2,8,1,0,120,30.0005,30.0005,30.0005
isolated,retention,shared-pc:cold,33554432,1,2,8,1,1,120,140.002,150.002,190.003
isolated,retention,shared-pc:trained,33554432,1,2,8,1,1,120,140.002,150.002,190.003
isolated,retention,shared-pc:hot,33554432,1,2,8,1,1,120,30.0005,30.0005,30.0005
isolated,retention,shared-pc:cold,33554432,1,2,8,1,2,120,140.002,150.002,180.003
isolated,retention,shared-pc:trained,33554432,1,2,8,1,2,120,140.002,150.002,180.003
isolated,retention,shared-pc:hot,33554432,1,2,8,1,2,120,30.0005,30.0005,30.0005
isolated,retention,distinct-pc:cold,33554432,1,2,8,1,0,120,140.002,150.002,180.003
isolated,retention,distinct-pc:trained,33554432,1,2,8,1,0,120,40.0006,150.002,170.003
isolated,retention,distinct-pc:hot,33554432,1,2,8,1,0,120,30.0005,30.0005,30.0005
isolated,retention,distinct-pc:cold,33554432,1,2,8,1,1,120,140.002,150.002,190.003
isolated,retention,distinct-pc:trained,33554432,1,2,8,1,1,120,40.0006,150.002,170.003
isolated,retention,distinct-pc:hot,33554432,1,2,8,1,1,120,30.0005,30.0005,30.0005
isolated,retention,distinct-pc:cold,33554432,1,2,8,1,2,120,140.002,150.002,170.003
isolated,retention,distinct-pc:trained,33554432,1,2,8,1,2,120,140.002,150.002,180.003
isolated,retention,distinct-pc:hot,33554432,1,2,8,1,2,120,30.0005,30.0005,30.0005
isolated,retention,shared-pc:cold,33554432,2,2,8,1,0,120,140.002,150.002,180.003
isolated,retention,shared-pc:trained,33554432,2,2,8,1,0,120,30.0005,150.002,190.003
isolated,retention,shared-pc:hot,33554432,2,2,8,1,0,120,30.0005,30.0005,30.0005
isolated,retention,shared-pc:cold,33554432,2,2,8,1,1,120,140.002,150.002,180.003
isolated,retention,shared-pc:trained,33554432,2,2,8,1,1,120,130.002,150.002,210.003
isolated,retention,shared-pc:hot,33554432,2,2,8,1,1,120,30.0005,30.0005,30.0005
isolated,retention,shared-pc:cold,33554432,2,2,8,1,2,120,140.002,150.002,190.003
isolated,retention,shared-pc:trained,33554432,2,2,8,1,2,120,30.0005,150.002,170.003
isolated,retention,shared-pc:hot,33554432,2,2,8,1,2,120,30.0005,30.0005,30.0005
isolated,retention,distinct-pc:cold,33554432,2,2,8,1,0,120,140.002,150.002,180.003
isolated,retention,distinct-pc:trained,33554432,2,2,8,1,0,120,40.0006,150.002,160.002
isolated,retention,distinct-pc:hot,33554432,2,2,8,1,0,120,30.0005,30.0005,30.0005
isolated,retention,distinct-pc:cold,33554432,2,2,8,1,1,120,140.002,150.002,190.003
isolated,retention,distinct-pc:trained,33554432,2,2,8,1,1,120,40.0006,150.002,190.003
isolated,retention,distinct-pc:hot,33554432,2,2,8,1,1,120,30.0005,30.0005,30.0005
isolated,retention,distinct-pc:cold,33554432,2,2,8,1,2,120,140.002,150.002,170.003
isolated,retention,distinct-pc:trained,33554432,2,2,8,1,2,120,130.002,150.002,170.003
isolated,retention,distinct-pc:hot,33554432,2,2,8,1,2,120,30.0005,30.0005,30.0005
isolated,retention,shared-pc:cold,33554432,4,2,8,1,0,120,140.002,150.002,160.002
isolated,retention,shared-pc:trained,33554432,4,2,8,1,0,120,40.0006,150.002,160.002
isolated,retention,shared-pc:hot,33554432,4,2,8,1,0,120,30.0005,30.0005,30.0005
isolated,retention,shared-pc:cold,33554432,4,2,8,1,1,120,140.002,150.002,190.003
isolated,retention,shared-pc:trained,33554432,4,2,8,1,1,120,30.0005,150.002,170.003
isolated,retention,shared-pc:hot,33554432,4,2,8,1,1,120,30.0005,30.0005,30.0005
isolated,retention,shared-pc:cold,33554432,4,2,8,1,2,120,140.002,150.002,190.003
isolated,retention,shared-pc:trained,33554432,4,2,8,1,2,120,30.0005,150.002,170.003
isolated,retention,shared-pc:hot,33554432,4,2,8,1,2,120,30.0005,30.0005,30.0005
isolated,retention,distinct-pc:cold,33554432,4,2,8,1,0,120,140.002,150.002,200.003
isolated,retention,distinct-pc:trained,33554432,4,2,8,1,0,120,140.002,150.002,190.003
isolated,retention,distinct-pc:hot,33554432,4,2,8,1,0,120,30.0005,30.0005,30.0005
isolated,retention,distinct-pc:cold,33554432,4,2,8,1,1,120,140.002,150.002,190.003
isolated,retention,distinct-pc:trained,33554432,4,2,8,1,1,120,140.002,150.002,170.003
isolated,retention,distinct-pc:hot,33554432,4,2,8,1,1,120,20.0003,30.0005,30.0005
isolated,retention,distinct-pc:cold,33554432,4,2,8,1,2,120,140.002,150.002,200.003
isolated,retention,distinct-pc:trained,33554432,4,2,8,1,2,120,30.0005,150.002,180.003
isolated,retention,distinct-pc:hot,33554432,4,2,8,1,2,120,30.0005,30.0005,30.0005
isolated,retention,shared-pc:cold,33554432,8,2,8,1,0,120,140.002,150.002,180.003
isolated,retention,shared-pc:trained,33554432,8,2,8,1,0,120,30.0005,30.0005,150.002
isolated,retention,shared-pc:hot,33554432,8,2,8,1,0,120,30.0005,30.0005,30.0005
isolated,retention,shared-pc:cold,33554432,8,2,8,1,1,120,140.002,150.002,180.003
isolated,retention,shared-pc:trained,33554432,8,2,8,1,1,120,30.0005,30.0005,150.002
isolated,retention,shared-pc:hot,33554432,8,2,8,1,1,120,30.0005,30.0005,30.0005
isolated,retention,shared-pc:cold,33554432,8,2,8,1,2,120,140.002,150.002,200.003
isolated,retention,shared-pc:trained,33554432,8,2,8,1,2,120,30.0005,30.0005,150.002
isolated,retention,shared-pc:hot,33554432,8,2,8,1,2,120,30.0005,30.0005,30.0005
isolated,retention,distinct-pc:cold,33554432,8,2,8,1,0,120,140.002,150.002,180.003
isolated,retention,distinct-pc:trained,33554432,8,2,8,1,0,120,30.0005,150.002,170.003
isolated,retention,distinct-pc:hot,33554432,8,2,8,1,0,120,30.0005,30.0005,30.0005
isolated,retention,distinct-pc:cold,33554432,8,2,8,1,1,120,140.002,150.002,200.003
isolated,retention,distinct-pc:trained,33554432,8,2,8,1,1,120,30.0005,150.002,180.003
isolated,retention,distinct-pc:hot,33554432,8,2,8,1,1,120,20.0003,30.0005,30.0005
isolated,retention,distinct-pc:cold,33554432,8,2,8,1,2,120,140.002,150.002,200.003
isolated,retention,distinct-pc:trained,33554432,8,2,8,1,2,120,30.0005,150.002,180.003
isolated,retention,distinct-pc:hot,33554432,8,2,8,1,2,120,30.0005,30.0005,30.0005
isolated,retention,shared-pc:cold,33554432,12,2,8,1,0,120,140.002,150.002,190.003
isolated,retention,shared-pc:trained,33554432,12,2,8,1,0,120,30.0005,30.0005,30.0005
isolated,retention,shared-pc:hot,33554432,12,2,8,1,0,120,30.0005,30.0005,30.0005
isolated,retention,shared-pc:cold,33554432,12,2,8,1,1,120,140.002,150.002,170.003
isolated,retention,shared-pc:trained,33554432,12,2,8,1,1,120,30.0005,30.0005,30.0005
isolated,retention,shared-pc:hot,33554432,12,2,8,1,1,120,30.0005,30.0005,30.0005
isolated,retention,shared-pc:cold,33554432,12,2,8,1,2,120,140.002,150.002,190.003
isolated,retention,shared-pc:trained,33554432,12,2,8,1,2,120,30.0005,30.0005,30.0005
isolated,retention,shared-pc:hot,33554432,12,2,8,1,2,120,30.0005,30.0005,30.0005
isolated,retention,distinct-pc:cold,33554432,12,2,8,1,0,120,140.002,150.002,190.003
isolated,retention,distinct-pc:trained,33554432,12,2,8,1,0,120,30.0005,140.002,160.002
isolated,retention,distinct-pc:hot,33554432,12,2,8,1,0,120,30.0005,30.0005,30.0005
isolated,retention,distinct-pc:cold,33554432,12,2,8,1,1,120,140.002,150.002,210.003
isolated,retention,distinct-pc:trained,33554432,12,2,8,1,1,120,30.0005,140.002,160.002
isolated,retention,distinct-pc:hot,33554432,12,2,8,1,1,120,30.0005,30.0005,30.0005
isolated,retention,distinct-pc:cold,33554432,12,2,8,1,2,120,140.002,150.002,190.003
isolated,retention,distinct-pc:trained,33554432,12,2,8,1,2,120,30.0005,30.0005,160.002
isolated,retention,distinct-pc:hot,33554432,12,2,8,1,2,120,30.0005,30.0005,30.0005
isolated,retention,shared-pc:cold,33554432,16,2,8,1,0,120,140.002,150.002,180.003
isolated,retention,shared-pc:trained,33554432,16,2,8,1,0,120,30.0005,30.0005,30.0005
isolated,retention,shared-pc:hot,33554432,16,2,8,1,0,120,30.0005,30.0005,30.0005
isolated,retention,shared-pc:cold,33554432,16,2,8,1,1,120,140.002,150.002,210.003
isolated,retention,shared-pc:trained,33554432,16,2,8,1,1,120,30.0005,30.0005,30.0005
isolated,retention,shared-pc:hot,33554432,16,2,8,1,1,120,30.0005,30.0005,30.0005
isolated,retention,shared-pc:cold,33554432,16,2,8,1,2,120,140.002,150.002,180.003
isolated,retention,shared-pc:trained,33554432,16,2,8,1,2,120,30.0005,30.0005,30.0005
isolated,retention,shared-pc:hot,33554432,16,2,8,1,2,120,30.0005,30.0005,30.0005
isolated,retention,distinct-pc:cold,33554432,16,2,8,1,0,120,140.002,150.002,220.003
isolated,retention,distinct-pc:trained,33554432,16,2,8,1,0,120,30.0005,30.0005,140.002
isolated,retention,distinct-pc:hot,33554432,16,2,8,1,0,120,30.0005,30.0005,30.0005
isolated,retention,distinct-pc:cold,33554432,16,2,8,1,1,120,140.002,150.002,180.003
isolated,retention,distinct-pc:trained,33554432,16,2,8,1,1,120,30.0005,30.0005,30.0005
isolated,retention,distinct-pc:hot,33554432,16,2,8,1,1,120,30.0005,30.0005,30.0005
isolated,retention,distinct-pc:cold,33554432,16,2,8,1,2,120,140.002,150.002,180.003
isolated,retention,distinct-pc:trained,33554432,16,2,8,1,2,120,30.0005,30.0005,30.0005
isolated,retention,distinct-pc:hot,33554432,16,2,8,1,2,120,30.0005,30.0005,30.0005
isolated,retention,shared-pc:cold,33554432,24,2,8,1,0,120,140.002,150.002,180.003
isolated,retention,shared-pc:trained,33554432,24,2,8,1,0,120,30.0005,30.0005,30.0005
isolated,retention,shared-pc:hot,33554432,24,2,8,1,0,120,30.0005,30.0005,30.0005
isolated,retention,shared-pc:cold,33554432,24,2,8,1,1,120,140.002,150.002,200.003
isolated,retention,shared-pc:trained,33554432,24,2,8,1,1,120,30.0005,30.0005,30.0005
isolated,retention,shared-pc:hot,33554432,24,2,8,1,1,120,30.0005,30.0005,30.0005
isolated,retention,shared-pc:cold,33554432,24,2,8,1,2,120,140.002,150.002,190.003
isolated,retention,shared-pc:trained,33554432,24,2,8,1,2,120,30.0005,30.0005,30.0005
isolated,retention,shared-pc:hot,33554432,24,2,8,1,2,120,30.0005,30.0005,30.0005
isolated,retention,distinct-pc:cold,33554432,24,2,8,1,0,120,140.002,150.002,210.003
isolated,retention,distinct-pc:trained,33554432,24,2,8,1,0,120,30.0005,30.0005,30.0005
isolated,retention,distinct-pc:hot,33554432,24,2,8,1,0,120,30.0005,30.0005,30.0005
isolated,retention,distinct-pc:cold,33554432,24,2,8,1,1,120,140.002,150.002,210.003
isolated,retention,distinct-pc:trained,33554432,24,2,8,1,1,120,30.0005,30.0005,30.0005
isolated,retention,distinct-pc:hot,33554432,24,2,8,1,1,120,30.0005,30.0005,30.0005
isolated,retention,distinct-pc:cold,33554432,24,2,8,1,2,120,140.002,150.002,170.003
isolated,retention,distinct-pc:trained,33554432,24,2,8,1,2,120,30.0005,30.0005,30.0005
isolated,retention,distinct-pc:hot,33554432,24,2,8,1,2,120,30.0005,30.0005,30.0005
isolated,retention,shared-pc:cold,33554432,32,2,8,1,0,120,140.002,150.002,180.003
isolated,retention,shared-pc:trained,33554432,32,2,8,1,0,120,30.0005,30.0005,160.002
isolated,retention,shared-pc:hot,33554432,32,2,8,1,0,120,30.0005,30.0005,30.0005
isolated,retention,shared-pc:cold,33554432,32,2,8,1,1,120,140.002,150.002,230.004
isolated,retention,shared-pc:trained,33554432,32,2,8,1,1,120,30.0005,30.0005,160.002
isolated,retention,shared-pc:hot,33554432,32,2,8,1,1,120,30.0005,30.0005,30.0005
isolated,retention,shared-pc:cold,33554432,32,2,8,1,2,120,140.002,150.002,200.003
isolated,retention,shared-pc:trained,33554432,32,2,8,1,2,120,30.0005,30.0005,160.002
isolated,retention,shared-pc:hot,33554432,32,2,8,1,2,120,30.0005,30.0005,30.0005
isolated,retention,distinct-pc:cold,33554432,32,2,8,1,0,120,140.002,150.002,170.003
isolated,retention,distinct-pc:trained,33554432,32,2,8,1,0,120,30.0005,30.0005,160.002
isolated,retention,distinct-pc:hot,33554432,32,2,8,1,0,120,30.0005,30.0005,30.0005
isolated,retention,distinct-pc:cold,33554432,32,2,8,1,1,120,140.002,150.002,210.003
isolated,retention,distinct-pc:trained,33554432,32,2,8,1,1,120,30.0005,30.0005,160.002
isolated,retention,distinct-pc:hot,33554432,32,2,8,1,1,120,30.0005,30.0005,30.0005
isolated,retention,distinct-pc:cold,33554432,32,2,8,1,2,120,140.002,150.002,190.003
isolated,retention,distinct-pc:trained,33554432,32,2,8,1,2,120,30.0005,140.002,160.002
isolated,retention,distinct-pc:hot,33554432,32,2,8,1,2,120,30.0005,30.0005,30.0005
isolated,retention,shared-pc:cold,33554432,48,2,8,1,0,120,140.002,150.002,200.003
isolated,retention,shared-pc:trained,33554432,48,2,8,1,0,120,30.0005,30.0005,30.0005
isolated,retention,shared-pc:hot,33554432,48,2,8,1,0,120,30.0005,30.0005,30.0005
isolated,retention,shared-pc:cold,33554432,48,2,8,1,1,120,140.002,150.002,200.003
isolated,retention,shared-pc:trained,33554432,48,2,8,1,1,120,30.0005,30.0005,30.0005
isolated,retention,shared-pc:hot,33554432,48,2,8,1,1,120,30.0005,30.0005,30.0005
isolated,retention,shared-pc:cold,33554432,48,2,8,1,2,120,140.002,150.002,190.003
isolated,retention,shared-pc:trained,33554432,48,2,8,1,2,120,30.0005,30.0005,30.0005
isolated,retention,shared-pc:hot,33554432,48,2,8,1,2,120,30.0005,30.0005,30.0005
isolated,retention,distinct-pc:cold,33554432,48,2,8,1,0,120,140.002,150.002,200.003
isolated,retention,distinct-pc:trained,33554432,48,2,8,1,0,120,30.0005,30.0005,30.0005
isolated,retention,distinct-pc:hot,33554432,48,2,8,1,0,120,30.0005,30.0005,30.0005
isolated,retention,distinct-pc:cold,33554432,48,2,8,1,1,120,140.002,150.002,180.003
isolated,retention,distinct-pc:trained,33554432,48,2,8,1,1,120,30.0005,30.0005,30.0005
isolated,retention,distinct-pc:hot,33554432,48,2,8,1,1,120,30.0005,30.0005,30.0005
isolated,retention,distinct-pc:cold,33554432,48,2,8,1,2,120,140.002,150.002,180.003
isolated,retention,distinct-pc:trained,33554432,48,2,8,1,2,120,30.0005,30.0005,30.0005
isolated,retention,distinct-pc:hot,33554432,48,2,8,1,2,120,30.0005,30.0005,30.0005
isolated,retention,shared-pc:cold,33554432,64,2,8,1,0,120,140.002,150.002,200.003
isolated,retention,shared-pc:trained,33554432,64,2,8,1,0,120,30.0005,30.0005,150.002
isolated,retention,shared-pc:hot,33554432,64,2,8,1,0,120,30.0005,30.0005,30.0005
isolated,retention,shared-pc:cold,33554432,64,2,8,1,1,120,140.002,150.002,200.003
isolated,retention,shared-pc:trained,33554432,64,2,8,1,1,120,30.0005,30.0005,160.002
isolated,retention,shared-pc:hot,33554432,64,2,8,1,1,120,30.0005,30.0005,30.0005
isolated,retention,shared-pc:cold,33554432,64,2,8,1,2,120,140.002,150.002,180.003
isolated,retention,shared-pc:trained,33554432,64,2,8,1,2,120,30.0005,30.0005,150.002
isolated,retention,shared-pc:hot,33554432,64,2,8,1,2,120,30.0005,30.0005,30.0005
isolated,retention,distinct-pc:cold,33554432,64,2,8,1,0,120,140.002,150.002,190.003
isolated,retention,distinct-pc:trained,33554432,64,2,8,1,0,120,30.0005,30.0005,160.002
isolated,retention,distinct-pc:hot,33554432,64,2,8,1,0,120,30.0005,30.0005,30.0005
isolated,retention,distinct-pc:cold,33554432,64,2,8,1,1,120,140.002,150.002,170.003
isolated,retention,distinct-pc:trained,33554432,64,2,8,1,1,120,30.0005,30.0005,150.002
isolated,retention,distinct-pc:hot,33554432,64,2,8,1,1,120,30.0005,30.0005,30.0005
isolated,retention,distinct-pc:cold,33554432,64,2,8,1,2,120,140.002,150.002,190.003
isolated,retention,distinct-pc:trained,33554432,64,2,8,1,2,120,30.0005,30.0005,160.002
isolated,retention,distinct-pc:hot,33554432,64,2,8,1,2,120,30.0005,30.0005,30.0005
thp,mlp,thp-requested,16384,1,0,0,0,0,3,1.36339,1.36479,1.36479
thp,mlp,thp-requested,16384,1,0,0,0,1,3,1.36453,1.36622,1.36622
thp,mlp,thp-requested,16384,1,0,0,0,2,3,1.36206,1.36389,1.36389
thp,mlp,thp-requested,16384,2,0,0,0,0,3,0.682012,0.682837,0.682837
thp,mlp,thp-requested,16384,2,0,0,0,1,3,0.681157,0.68136,0.68136
thp,mlp,thp-requested,16384,2,0,0,0,2,3,0.68165,0.68174,0.68174
thp,mlp,thp-requested,16384,4,0,0,0,0,3,0.340657,0.341049,0.341049
thp,mlp,thp-requested,16384,4,0,0,0,1,3,0.341123,0.341225,0.341225
thp,mlp,thp-requested,16384,4,0,0,0,2,3,0.34046,0.340675,0.340675
thp,mlp,thp-requested,16384,8,0,0,0,0,3,0.22173,0.221908,0.221908
thp,mlp,thp-requested,16384,8,0,0,0,1,3,0.221537,0.221675,0.221675
thp,mlp,thp-requested,16384,8,0,0,0,2,3,0.221907,0.222036,0.222036
thp,mlp,thp-requested,16384,12,0,0,0,0,3,0.229006,0.229263,0.229263
thp,mlp,thp-requested,16384,12,0,0,0,1,3,0.230406,0.23043,0.23043
thp,mlp,thp-requested,16384,12,0,0,0,2,3,0.227858,0.229611,0.229611
thp,mlp,thp-requested,16384,16,0,0,0,0,3,0.356784,0.362816,0.362816
thp,mlp,thp-requested,16384,16,0,0,0,1,3,0.360144,0.365008,0.365008
thp,mlp,thp-requested,16384,16,0,0,0,2,3,0.354447,0.363424,0.363424
thp,mlp,thp-requested,16384,24,0,0,0,0,3,0.338043,0.338272,0.338272
thp,mlp,thp-requested,16384,24,0,0,0,1,3,0.33787,0.337979,0.337979
thp,mlp,thp-requested,16384,24,0,0,0,2,3,0.337561,0.33771,0.33771
thp,mlp,thp-requested,16384,32,0,0,0,0,3,0.374762,0.374807,0.374807
thp,mlp,thp-requested,16384,32,0,0,0,1,3,0.374908,0.375159,0.375159
thp,mlp,thp-requested,16384,32,0,0,0,2,3,0.375202,0.375296,0.375296
thp,mlp,thp-requested,16384,48,0,0,0,0,3,0.443234,0.443323,0.443323
thp,mlp,thp-requested,16384,48,0,0,0,1,3,0.442783,0.442977,0.442977
thp,mlp,thp-requested,16384,48,0,0,0,2,3,0.442955,0.44334,0.44334
thp,mlp,thp-requested,16384,64,0,0,0,0,3,0.45978,0.46036,0.46036
thp,mlp,thp-requested,16384,64,0,0,0,1,3,0.460222,0.460307,0.460307
thp,mlp,thp-requested,16384,64,0,0,0,2,3,0.460323,0.460396,0.460396
thp,mlp,thp-requested,524288,1,0,0,0,0,3,5.41251,5.44194,5.44194
thp,mlp,thp-requested,524288,1,0,0,0,1,3,5.40833,5.41981,5.41981
thp,mlp,thp-requested,524288,1,0,0,0,2,3,5.39572,5.4165,5.4165
thp,mlp,thp-requested,524288,2,0,0,0,0,3,2.72145,2.72752,2.72752
thp,mlp,thp-requested,524288,2,0,0,0,1,3,2.72419,2.73193,2.73193
thp,mlp,thp-requested,524288,2,0,0,0,2,3,2.72089,2.72391,2.72391
thp,mlp,thp-requested,524288,4,0,0,0,0,3,1.39285,1.40058,1.40058
thp,mlp,thp-requested,524288,4,0,0,0,1,3,1.39422,1.39469,1.39469
thp,mlp,thp-requested,524288,4,0,0,0,2,3,1.38795,1.3922,1.3922
thp,mlp,thp-requested,524288,8,0,0,0,0,3,0.765325,0.769589,0.769589
thp,mlp,thp-requested,524288,8,0,0,0,1,3,0.767724,0.768282,0.768282
thp,mlp,thp-requested,524288,8,0,0,0,2,3,0.766722,0.767735,0.767735
thp,mlp,thp-requested,524288,12,0,0,0,0,3,0.586426,0.588008,0.588008
thp,mlp,thp-requested,524288,12,0,0,0,1,3,0.582957,0.586173,0.586173
thp,mlp,thp-requested,524288,12,0,0,0,2,3,0.583951,0.584216,0.584216
thp,mlp,thp-requested,524288,16,0,0,0,0,3,0.586702,0.588484,0.588484
thp,mlp,thp-requested,524288,16,0,0,0,1,3,0.588879,0.59075,0.59075
thp,mlp,thp-requested,524288,16,0,0,0,2,3,0.587211,0.587662,0.587662
thp,mlp,thp-requested,524288,24,0,0,0,0,3,0.567378,0.567971,0.567971
thp,mlp,thp-requested,524288,24,0,0,0,1,3,0.563758,0.568308,0.568308
thp,mlp,thp-requested,524288,24,0,0,0,2,3,0.566067,0.567098,0.567098
thp,mlp,thp-requested,524288,32,0,0,0,0,3,0.563391,0.563707,0.563707
thp,mlp,thp-requested,524288,32,0,0,0,1,3,0.5623,0.563295,0.563295
thp,mlp,thp-requested,524288,32,0,0,0,2,3,0.562888,0.564024,0.564024
thp,mlp,thp-requested,524288,48,0,0,0,0,3,0.575185,0.579083,0.579083
thp,mlp,thp-requested,524288,48,0,0,0,1,3,0.576261,0.577155,0.577155
thp,mlp,thp-requested,524288,48,0,0,0,2,3,0.577177,0.57916,0.57916
thp,mlp,thp-requested,524288,64,0,0,0,0,3,0.60887,0.610154,0.610154
thp,mlp,thp-requested,524288,64,0,0,0,1,3,0.60564,0.607954,0.607954
thp,mlp,thp-requested,524288,64,0,0,0,2,3,0.605986,0.608545,0.608545
thp,mlp,thp-requested,8388608,1,0,0,0,0,3,16.3454,19.133,19.133
thp,mlp,thp-requested,8388608,1,0,0,0,1,3,15.3404,15.8527,15.8527
thp,mlp,thp-requested,8388608,1,0,0,0,2,3,13.7424,14.0971,14.0971
thp,mlp,thp-requested,8388608,2,0,0,0,0,3,7.13075,7.43398,7.43398
thp,mlp,thp-requested,8388608,2,0,0,0,1,3,6.63102,6.66811,6.66811
thp,mlp,thp-requested,8388608,2,0,0,0,2,3,7.56544,8.47752,8.47752
thp,mlp,thp-requested,8388608,4,0,0,0,0,3,3.57793,3.66161,3.66161
thp,mlp,thp-requested,8388608,4,0,0,0,1,3,3.37604,3.55573,3.55573
thp,mlp,thp-requested,8388608,4,0,0,0,2,3,3.4756,3.47758,3.47758
thp,mlp,thp-requested,8388608,8,0,0,0,0,3,1.85077,1.883,1.883
thp,mlp,thp-requested,8388608,8,0,0,0,1,3,1.76788,1.81235,1.81235
thp,mlp,thp-requested,8388608,8,0,0,0,2,3,1.76201,1.76714,1.76714
thp,mlp,thp-requested,8388608,12,0,0,0,0,3,1.27191,1.30471,1.30471
thp,mlp,thp-requested,8388608,12,0,0,0,1,3,1.26221,1.26665,1.26665
thp,mlp,thp-requested,8388608,12,0,0,0,2,3,1.23773,1.26658,1.26658
thp,mlp,thp-requested,8388608,16,0,0,0,0,3,1.11039,1.17525,1.17525
thp,mlp,thp-requested,8388608,16,0,0,0,1,3,1.02473,1.08678,1.08678
thp,mlp,thp-requested,8388608,16,0,0,0,2,3,1.0235,1.02941,1.02941
thp,mlp,thp-requested,8388608,24,0,0,0,0,3,0.837509,0.943888,0.943888
thp,mlp,thp-requested,8388608,24,0,0,0,1,3,1.08256,1.12786,1.12786
thp,mlp,thp-requested,8388608,24,0,0,0,2,3,0.941556,0.955634,0.955634
thp,mlp,thp-requested,8388608,32,0,0,0,0,3,0.946524,0.961116,0.961116
thp,mlp,thp-requested,8388608,32,0,0,0,1,3,0.86984,0.871329,0.871329
thp,mlp,thp-requested,8388608,32,0,0,0,2,3,0.903685,0.967523,0.967523
thp,mlp,thp-requested,8388608,48,0,0,0,0,3,0.855411,0.856277,0.856277
thp,mlp,thp-requested,8388608,48,0,0,0,1,3,0.955342,0.992405,0.992405
thp,mlp,thp-requested,8388608,48,0,0,0,2,3,0.91324,1.02928,1.02928
thp,mlp,thp-requested,8388608,64,0,0,0,0,3,0.962954,0.969529,0.969529
thp,mlp,thp-requested,8388608,64,0,0,0,1,3,0.933313,0.933381,0.933381
thp,mlp,thp-requested,8388608,64,0,0,0,2,3,1.0108,1.04308,1.04308
thp,mlp,thp-requested,268435456,1,0,0,0,0,3,127.882,128.164,128.164
thp,mlp,thp-requested,268435456,1,0,0,0,1,3,126.767,127.063,127.063
thp,mlp,thp-requested,268435456,1,0,0,0,2,3,126.011,126.775,126.775
thp,mlp,thp-requested,268435456,2,0,0,0,0,3,60.4598,60.5403,60.5403
thp,mlp,thp-requested,268435456,2,0,0,0,1,3,60.96,61.0701,61.0701
thp,mlp,thp-requested,268435456,2,0,0,0,2,3,60.7275,60.9054,60.9054
thp,mlp,thp-requested,268435456,4,0,0,0,0,3,31.7586,31.9832,31.9832
thp,mlp,thp-requested,268435456,4,0,0,0,1,3,31.4047,31.6311,31.6311
thp,mlp,thp-requested,268435456,4,0,0,0,2,3,31.6492,31.9228,31.9228
thp,mlp,thp-requested,268435456,8,0,0,0,0,3,16.7349,16.8513,16.8513
thp,mlp,thp-requested,268435456,8,0,0,0,1,3,16.9128,16.9623,16.9623
thp,mlp,thp-requested,268435456,8,0,0,0,2,3,17.1398,17.2384,17.2384
thp,mlp,thp-requested,268435456,12,0,0,0,0,3,11.5846,11.6202,11.6202
thp,mlp,thp-requested,268435456,12,0,0,0,1,3,11.5471,11.6727,11.6727
thp,mlp,thp-requested,268435456,12,0,0,0,2,3,11.6446,11.649,11.649
thp,mlp,thp-requested,268435456,16,0,0,0,0,3,8.88027,8.89237,8.89237
thp,mlp,thp-requested,268435456,16,0,0,0,1,3,8.93309,8.94321,8.94321
thp,mlp,thp-requested,268435456,16,0,0,0,2,3,8.8341,8.87035,8.87035
thp,mlp,thp-requested,268435456,24,0,0,0,0,3,7.06349,7.09182,7.09182
thp,mlp,thp-requested,268435456,24,0,0,0,1,3,7.03055,7.0515,7.0515
thp,mlp,thp-requested,268435456,24,0,0,0,2,3,6.84387,6.8883,6.8883
thp,mlp,thp-requested,268435456,32,0,0,0,0,3,6.62621,6.73545,6.73545
thp,mlp,thp-requested,268435456,32,0,0,0,1,3,6.83742,6.89342,6.89342
thp,mlp,thp-requested,268435456,32,0,0,0,2,3,6.81847,6.86459,6.86459
thp,mlp,thp-requested,268435456,48,0,0,0,0,3,6.90495,6.95899,6.95899
thp,mlp,thp-requested,268435456,48,0,0,0,1,3,6.9997,7.02382,7.02382
thp,mlp,thp-requested,268435456,48,0,0,0,2,3,6.88682,6.88704,6.88704
thp,mlp,thp-requested,268435456,64,0,0,0,0,3,7.1663,7.26435,7.26435
thp,mlp,thp-requested,268435456,64,0,0,0,1,3,7.27551,7.27644,7.27644
thp,mlp,thp-requested,268435456,64,0,0,0,2,3,6.9299,7.13804,7.13804
thp-tlb,tlb,packed-thp-requested,4096,1,0,0,0,0,3,1.48179,1.4822,1.4822
thp-tlb,tlb,packed-thp-requested,4096,1,0,0,0,1,3,1.48133,1.4829,1.4829
thp-tlb,tlb,packed-thp-requested,4096,1,0,0,0,2,3,1.48122,1.48192,1.48192
thp-tlb,tlb,sparse-thp-requested,65536,1,0,0,0,0,3,1.36394,1.36422,1.36422
thp-tlb,tlb,sparse-thp-requested,65536,1,0,0,0,1,3,1.36111,1.3629,1.3629
thp-tlb,tlb,sparse-thp-requested,65536,1,0,0,0,2,3,1.36292,1.36418,1.36418
thp-tlb,tlb,packed-thp-requested,4096,1,0,0,0,0,3,1.42286,1.42396,1.42396
thp-tlb,tlb,packed-thp-requested,4096,1,0,0,0,1,3,1.42303,1.42329,1.42329
thp-tlb,tlb,packed-thp-requested,4096,1,0,0,0,2,3,1.42228,1.42362,1.42362
thp-tlb,tlb,sparse-thp-requested,131072,1,0,0,0,0,3,1.36468,1.36534,1.36534
thp-tlb,tlb,sparse-thp-requested,131072,1,0,0,0,1,3,1.36307,1.36335,1.36335
thp-tlb,tlb,sparse-thp-requested,131072,1,0,0,0,2,3,1.36337,1.36502,1.36502
thp-tlb,tlb,packed-thp-requested,4096,1,0,0,0,0,3,1.3941,1.39437,1.39437
thp-tlb,tlb,packed-thp-requested,4096,1,0,0,0,1,3,1.39295,1.39392,1.39392
thp-tlb,tlb,packed-thp-requested,4096,1,0,0,0,2,3,1.39246,1.39397,1.39397
thp-tlb,tlb,sparse-thp-requested,262144,1,0,0,0,0,3,1.39345,1.39532,1.39532
thp-tlb,tlb,sparse-thp-requested,262144,1,0,0,0,1,3,1.39233,1.39296,1.39296
thp-tlb,tlb,sparse-thp-requested,262144,1,0,0,0,2,3,1.39396,1.39499,1.39499
thp-tlb,tlb,packed-thp-requested,8192,1,0,0,0,0,3,1.39317,1.39507,1.39507
thp-tlb,tlb,packed-thp-requested,8192,1,0,0,0,1,3,1.39326,1.39413,1.39413
thp-tlb,tlb,packed-thp-requested,8192,1,0,0,0,2,3,1.39288,1.39417,1.39417
thp-tlb,tlb,sparse-thp-requested,524288,1,0,0,0,0,3,3.28695,3.28872,3.28872
thp-tlb,tlb,sparse-thp-requested,524288,1,0,0,0,1,3,3.28949,3.29048,3.29048
thp-tlb,tlb,sparse-thp-requested,524288,1,0,0,0,2,3,3.28981,3.29233,3.29233
thp-tlb,tlb,packed-thp-requested,16384,1,0,0,0,0,3,1.39486,1.39529,1.39529
thp-tlb,tlb,packed-thp-requested,16384,1,0,0,0,1,3,1.39301,1.39382,1.39382
thp-tlb,tlb,packed-thp-requested,16384,1,0,0,0,2,3,1.39558,1.39738,1.39738
thp-tlb,tlb,sparse-thp-requested,1048576,1,0,0,0,0,3,3.27624,3.28002,3.28002
thp-tlb,tlb,sparse-thp-requested,1048576,1,0,0,0,1,3,3.27617,3.28152,3.28152
thp-tlb,tlb,sparse-thp-requested,1048576,1,0,0,0,2,3,3.27725,3.28099,3.28099
thp-tlb,tlb,packed-thp-requested,32768,1,0,0,0,0,3,1.56197,1.5629,1.5629
thp-tlb,tlb,packed-thp-requested,32768,1,0,0,0,1,3,1.56592,1.57087,1.57087
thp-tlb,tlb,packed-thp-requested,32768,1,0,0,0,2,3,1.56119,1.56579,1.56579
thp-tlb,tlb,sparse-thp-requested,2097152,1,0,0,0,0,3,1.40999,1.41297,1.41297
thp-tlb,tlb,sparse-thp-requested,2097152,1,0,0,0,1,3,1.41018,1.41209,1.41209
thp-tlb,tlb,sparse-thp-requested,2097152,1,0,0,0,2,3,1.41059,1.41182,1.41182
thp-tlb,tlb,packed-thp-requested,65536,1,0,0,0,0,3,4.09555,4.09686,4.09686
thp-tlb,tlb,packed-thp-requested,65536,1,0,0,0,1,3,4.09583,4.10089,4.10089
thp-tlb,tlb,packed-thp-requested,65536,1,0,0,0,2,3,4.09361,4.09543,4.09543
thp-tlb,tlb,sparse-thp-requested,4194304,1,0,0,0,0,3,4.11156,4.13794,4.13794
thp-tlb,tlb,sparse-thp-requested,4194304,1,0,0,0,1,3,4.10799,4.12356,4.12356
thp-tlb,tlb,sparse-thp-requested,4194304,1,0,0,0,2,3,4.11966,4.13405,4.13405
thp-tlb,tlb,packed-thp-requested,131072,1,0,0,0,0,3,4.10326,4.10775,4.10775
thp-tlb,tlb,packed-thp-requested,131072,1,0,0,0,1,3,4.10451,4.10553,4.10553
thp-tlb,tlb,packed-thp-requested,131072,1,0,0,0,2,3,4.10725,4.10783,4.10783
thp-tlb,tlb,sparse-thp-requested,8388608,1,0,0,0,0,3,4.13891,4.16183,4.16183
thp-tlb,tlb,sparse-thp-requested,8388608,1,0,0,0,1,3,4.1608,4.16277,4.16277
thp-tlb,tlb,sparse-thp-requested,8388608,1,0,0,0,2,3,4.13873,4.16358,4.16358
thp-tlb,tlb,packed-thp-requested,262144,1,0,0,0,0,3,4.10598,4.10791,4.10791
thp-tlb,tlb,packed-thp-requested,262144,1,0,0,0,1,3,4.10963,4.11472,4.11472
thp-tlb,tlb,packed-thp-requested,262144,1,0,0,0,2,3,4.11445,4.11506,4.11506
thp-tlb,tlb,sparse-thp-requested,16777216,1,0,0,0,0,3,7.60225,7.64873,7.64873
thp-tlb,tlb,sparse-thp-requested,16777216,1,0,0,0,1,3,7.60144,7.65677,7.65677
thp-tlb,tlb,sparse-thp-requested,16777216,1,0,0,0,2,3,7.63123,7.63656,7.63656
thp-tlb,tlb,packed-thp-requested,524288,1,0,0,0,0,3,5.24544,5.25175,5.25175
thp-tlb,tlb,packed-thp-requested,524288,1,0,0,0,1,3,5.23334,5.25367,5.25367
thp-tlb,tlb,packed-thp-requested,524288,1,0,0,0,2,3,5.19677,5.26631,5.26631
thp-tlb,tlb,sparse-thp-requested,33554432,1,0,0,0,0,3,9.17631,9.24628,9.24628
thp-tlb,tlb,sparse-thp-requested,33554432,1,0,0,0,1,3,9.18656,9.2016,9.2016
thp-tlb,tlb,sparse-thp-requested,33554432,1,0,0,0,2,3,9.19028,9.20823,9.20823
separate-core-cpu1-handoff,handoff,cold,33554432,2,0,0,0,0,120,150.003,160.003,220.004
separate-core-cpu1-handoff,handoff,peer-clean,33554432,2,0,0,0,0,120,60.001,80.0014,90.0015
separate-core-cpu1-handoff,handoff,peer-dirty,33554432,2,0,0,0,0,120,80.0014,80.0014,90.0015
separate-core-cpu1-handoff,handoff,local-hot,33554432,2,0,0,0,0,120,30.0005,30.0005,30.0005
separate-core-cpu1-handoff,handoff,cold,33554432,2,0,0,0,1,120,140.002,150.003,200.003
separate-core-cpu1-handoff,handoff,peer-clean,33554432,2,0,0,0,1,120,80.0014,80.0014,90.0015
separate-core-cpu1-handoff,handoff,peer-dirty,33554432,2,0,0,0,1,120,60.001,80.0014,90.0015
separate-core-cpu1-handoff,handoff,local-hot,33554432,2,0,0,0,1,120,30.0005,30.0005,30.0005
separate-core-cpu1-handoff,handoff,cold,33554432,2,0,0,0,2,120,140.002,160.003,180.003
separate-core-cpu1-handoff,handoff,peer-clean,33554432,2,0,0,0,2,120,60.001,80.0014,90.0015
separate-core-cpu1-handoff,handoff,peer-dirty,33554432,2,0,0,0,2,120,60.001,80.0014,90.0015
separate-core-cpu1-handoff,handoff,local-hot,33554432,2,0,0,0,2,120,30.0005,30.0005,30.0005
separate-core-cpu1-handoff,sharing,same-word,1024,2,0,0,0,0,1,8.36191,8.36191,8.36191
separate-core-cpu1-handoff,sharing,same-word,1024,2,0,0,0,1,1,8.31681,8.31681,8.31681
separate-core-cpu1-handoff,sharing,same-word,1024,2,0,0,0,2,1,8.28109,8.28109,8.28109
separate-core-cpu1-handoff,sharing,same-line,1024,2,8,0,0,0,1,8.28851,8.28851,8.28851
separate-core-cpu1-handoff,sharing,same-line,1024,2,8,0,0,1,1,8.22721,8.22721,8.22721
separate-core-cpu1-handoff,sharing,same-line,1024,2,8,0,0,2,1,8.24664,8.24664,8.24664
separate-core-cpu1-handoff,sharing,same-line,1024,2,16,0,0,0,1,8.31029,8.31029,8.31029
separate-core-cpu1-handoff,sharing,same-line,1024,2,16,0,0,1,1,8.26649,8.26649,8.26649
separate-core-cpu1-handoff,sharing,same-line,1024,2,16,0,0,2,1,8.28516,8.28516,8.28516
separate-core-cpu1-handoff,sharing,same-line,1024,2,32,0,0,0,1,8.29469,8.29469,8.29469
separate-core-cpu1-handoff,sharing,same-line,1024,2,32,0,0,1,1,8.26246,8.26246,8.26246
separate-core-cpu1-handoff,sharing,same-line,1024,2,32,0,0,2,1,8.31419,8.31419,8.31419
separate-core-cpu1-handoff,sharing,separate-lines,1024,2,64,0,0,0,1,1.1575,1.1575,1.1575
separate-core-cpu1-handoff,sharing,separate-lines,1024,2,64,0,0,1,1,1.17193,1.17193,1.17193
separate-core-cpu1-handoff,sharing,separate-lines,1024,2,64,0,0,2,1,1.1915,1.1915,1.1915
separate-core-cpu1-handoff,sharing,separate-lines,1024,2,128,0,0,0,1,1.14065,1.14065,1.14065
separate-core-cpu1-handoff,sharing,separate-lines,1024,2,128,0,0,1,1,1.1946,1.1946,1.1946
separate-core-cpu1-handoff,sharing,separate-lines,1024,2,128,0,0,2,1,1.13005,1.13005,1.13005
separate-core-cpu1-handoff,sharing,separate-lines,1024,2,256,0,0,0,1,1.17223,1.17223,1.17223
separate-core-cpu1-handoff,sharing,separate-lines,1024,2,256,0,0,1,1,0.98445,0.98445,0.98445
separate-core-cpu1-handoff,sharing,separate-lines,1024,2,256,0,0,2,1,1.15078,1.15078,1.15078
separate-core-cpu1-handoff,sharing,separate-lines,1024,2,512,0,0,0,1,1.1588,1.1588,1.1588
separate-core-cpu1-handoff,sharing,separate-lines,1024,2,512,0,0,1,1,1.17992,1.17992,1.17992
separate-core-cpu1-handoff,sharing,separate-lines,1024,2,512,0,0,2,1,1.1968,1.1968,1.1968
separate-core-cpu1-compute,mlp,base,16384,1,0,0,0,0,3,1.3619,1.36386,1.36386
separate-core-cpu1-compute,mlp,base,16384,1,0,0,0,1,3,1.36316,1.36508,1.36508
separate-core-cpu1-compute,mlp,base,16384,1,0,0,0,2,3,1.36388,1.36459,1.36459
separate-core-cpu1-compute,mlp,base,16384,2,0,0,0,0,3,0.681603,0.681742,0.681742
separate-core-cpu1-compute,mlp,base,16384,2,0,0,0,1,3,0.68112,0.681792,0.681792
separate-core-cpu1-compute,mlp,base,16384,2,0,0,0,2,3,0.681141,0.68218,0.68218
separate-core-cpu1-compute,mlp,base,16384,4,0,0,0,0,3,0.340817,0.340903,0.340903
separate-core-cpu1-compute,mlp,base,16384,4,0,0,0,1,3,0.340652,0.340888,0.340888
separate-core-cpu1-compute,mlp,base,16384,4,0,0,0,2,3,0.340686,0.34099,0.34099
separate-core-cpu1-compute,mlp,base,16384,8,0,0,0,0,3,0.221468,0.2216,0.2216
separate-core-cpu1-compute,mlp,base,16384,8,0,0,0,1,3,0.221022,0.221551,0.221551
separate-core-cpu1-compute,mlp,base,16384,8,0,0,0,2,3,0.221093,0.221141,0.221141
separate-core-cpu1-compute,mlp,base,16384,12,0,0,0,0,3,0.227946,0.22976,0.22976
separate-core-cpu1-compute,mlp,base,16384,12,0,0,0,1,3,0.229002,0.229909,0.229909
separate-core-cpu1-compute,mlp,base,16384,12,0,0,0,2,3,0.229226,0.229652,0.229652
separate-core-cpu1-compute,mlp,base,16384,16,0,0,0,0,3,0.355956,0.362639,0.362639
separate-core-cpu1-compute,mlp,base,16384,16,0,0,0,1,3,0.3595,0.36228,0.36228
separate-core-cpu1-compute,mlp,base,16384,16,0,0,0,2,3,0.360435,0.360524,0.360524
separate-core-cpu1-compute,mlp,base,16384,24,0,0,0,0,3,0.336496,0.336646,0.336646
separate-core-cpu1-compute,mlp,base,16384,24,0,0,0,1,3,0.336913,0.337108,0.337108
separate-core-cpu1-compute,mlp,base,16384,24,0,0,0,2,3,0.33674,0.336893,0.336893
separate-core-cpu1-compute,mlp,base,16384,32,0,0,0,0,3,0.374829,0.374903,0.374903
separate-core-cpu1-compute,mlp,base,16384,32,0,0,0,1,3,0.374481,0.374556,0.374556
separate-core-cpu1-compute,mlp,base,16384,32,0,0,0,2,3,0.374659,0.374885,0.374885
separate-core-cpu1-compute,mlp,base,16384,48,0,0,0,0,3,0.442669,0.442834,0.442834
separate-core-cpu1-compute,mlp,base,16384,48,0,0,0,1,3,0.442585,0.442709,0.442709
separate-core-cpu1-compute,mlp,base,16384,48,0,0,0,2,3,0.442593,0.442983,0.442983
separate-core-cpu1-compute,mlp,base,16384,64,0,0,0,0,3,0.459621,0.45965,0.45965
separate-core-cpu1-compute,mlp,base,16384,64,0,0,0,1,3,0.459725,0.459974,0.459974
separate-core-cpu1-compute,mlp,base,16384,64,0,0,0,2,3,0.459869,0.460673,0.460673
separate-core-cpu1-compute,mlp,base,524288,1,0,0,0,0,3,5.24815,5.29804,5.29804
separate-core-cpu1-compute,mlp,base,524288,1,0,0,0,1,3,5.2322,5.25644,5.25644
separate-core-cpu1-compute,mlp,base,524288,1,0,0,0,2,3,5.22372,5.24839,5.24839
separate-core-cpu1-compute,mlp,base,524288,2,0,0,0,0,3,2.63383,2.63488,2.63488
separate-core-cpu1-compute,mlp,base,524288,2,0,0,0,1,3,2.64296,2.65119,2.65119
separate-core-cpu1-compute,mlp,base,524288,2,0,0,0,2,3,2.63117,2.63359,2.63359
separate-core-cpu1-compute,mlp,base,524288,4,0,0,0,0,3,1.35109,1.35463,1.35463
separate-core-cpu1-compute,mlp,base,524288,4,0,0,0,1,3,1.3448,1.34592,1.34592
separate-core-cpu1-compute,mlp,base,524288,4,0,0,0,2,3,1.34688,1.3496,1.3496
separate-core-cpu1-compute,mlp,base,524288,8,0,0,0,0,3,0.725942,0.728179,0.728179
separate-core-cpu1-compute,mlp,base,524288,8,0,0,0,1,3,0.724632,0.731291,0.731291
separate-core-cpu1-compute,mlp,base,524288,8,0,0,0,2,3,0.725597,0.735969,0.735969
separate-core-cpu1-compute,mlp,base,524288,12,0,0,0,0,3,0.558992,0.560577,0.560577
separate-core-cpu1-compute,mlp,base,524288,12,0,0,0,1,3,0.55736,0.560631,0.560631
separate-core-cpu1-compute,mlp,base,524288,12,0,0,0,2,3,0.556408,0.556471,0.556471
separate-core-cpu1-compute,mlp,base,524288,16,0,0,0,0,3,0.574045,0.574047,0.574047
separate-core-cpu1-compute,mlp,base,524288,16,0,0,0,1,3,0.566251,0.566293,0.566293
separate-core-cpu1-compute,mlp,base,524288,16,0,0,0,2,3,0.572236,0.572285,0.572285
separate-core-cpu1-compute,mlp,base,524288,24,0,0,0,0,3,0.550025,0.550875,0.550875
separate-core-cpu1-compute,mlp,base,524288,24,0,0,0,1,3,0.548581,0.549364,0.549364
separate-core-cpu1-compute,mlp,base,524288,24,0,0,0,2,3,0.548426,0.548735,0.548735
separate-core-cpu1-compute,mlp,base,524288,32,0,0,0,0,3,0.551904,0.553937,0.553937
separate-core-cpu1-compute,mlp,base,524288,32,0,0,0,1,3,0.549227,0.549467,0.549467
separate-core-cpu1-compute,mlp,base,524288,32,0,0,0,2,3,0.556589,0.559448,0.559448
separate-core-cpu1-compute,mlp,base,524288,48,0,0,0,0,3,0.554398,0.558001,0.558001
separate-core-cpu1-compute,mlp,base,524288,48,0,0,0,1,3,0.553295,0.55712,0.55712
separate-core-cpu1-compute,mlp,base,524288,48,0,0,0,2,3,0.552522,0.555021,0.555021
separate-core-cpu1-compute,mlp,base,524288,64,0,0,0,0,3,0.557292,0.55931,0.55931
separate-core-cpu1-compute,mlp,base,524288,64,0,0,0,1,3,0.55623,0.55746,0.55746
separate-core-cpu1-compute,mlp,base,524288,64,0,0,0,2,3,0.562898,0.563352,0.563352
separate-core-cpu1-compute,mlp,base,8388608,1,0,0,0,0,3,16.1824,16.9493,16.9493
separate-core-cpu1-compute,mlp,base,8388608,1,0,0,0,1,3,16.4884,16.6435,16.6435
separate-core-cpu1-compute,mlp,base,8388608,1,0,0,0,2,3,16.6148,16.8395,16.8395
separate-core-cpu1-compute,mlp,base,8388608,2,0,0,0,0,3,8.19578,8.22439,8.22439
separate-core-cpu1-compute,mlp,base,8388608,2,0,0,0,1,3,8.06359,8.10059,8.10059
separate-core-cpu1-compute,mlp,base,8388608,2,0,0,0,2,3,8.09333,8.13625,8.13625
separate-core-cpu1-compute,mlp,base,8388608,4,0,0,0,0,3,4.01791,4.0312,4.0312
separate-core-cpu1-compute,mlp,base,8388608,4,0,0,0,1,3,4.03217,4.03518,4.03518
separate-core-cpu1-compute,mlp,base,8388608,4,0,0,0,2,3,4.03809,4.06898,4.06898
separate-core-cpu1-compute,mlp,base,8388608,8,0,0,0,0,3,2.1546,2.16739,2.16739
separate-core-cpu1-compute,mlp,base,8388608,8,0,0,0,1,3,2.10839,2.11621,2.11621
separate-core-cpu1-compute,mlp,base,8388608,8,0,0,0,2,3,2.11805,2.13279,2.13279
separate-core-cpu1-compute,mlp,base,8388608,12,0,0,0,0,3,1.45973,1.47565,1.47565
separate-core-cpu1-compute,mlp,base,8388608,12,0,0,0,1,3,1.47361,1.48911,1.48911
separate-core-cpu1-compute,mlp,base,8388608,12,0,0,0,2,3,1.45819,1.49027,1.49027
separate-core-cpu1-compute,mlp,base,8388608,16,0,0,0,0,3,1.29738,1.34279,1.34279
separate-core-cpu1-compute,mlp,base,8388608,16,0,0,0,1,3,1.26692,1.28016,1.28016
separate-core-cpu1-compute,mlp,base,8388608,16,0,0,0,2,3,1.29107,1.30104,1.30104
separate-core-cpu1-compute,mlp,base,8388608,24,0,0,0,0,3,0.943975,0.951732,0.951732
separate-core-cpu1-compute,mlp,base,8388608,24,0,0,0,1,3,0.973864,0.987171,0.987171
separate-core-cpu1-compute,mlp,base,8388608,24,0,0,0,2,3,0.979477,0.999604,0.999604
separate-core-cpu1-compute,mlp,base,8388608,32,0,0,0,0,3,0.912086,0.962195,0.962195
separate-core-cpu1-compute,mlp,base,8388608,32,0,0,0,1,3,0.952834,0.999424,0.999424
separate-core-cpu1-compute,mlp,base,8388608,32,0,0,0,2,3,1.01099,1.0117,1.0117
separate-core-cpu1-compute,mlp,base,8388608,48,0,0,0,0,3,0.975728,0.977557,0.977557
separate-core-cpu1-compute,mlp,base,8388608,48,0,0,0,1,3,0.989076,0.99819,0.99819
separate-core-cpu1-compute,mlp,base,8388608,48,0,0,0,2,3,0.987275,0.998402,0.998402
separate-core-cpu1-compute,mlp,base,8388608,64,0,0,0,0,3,0.995975,1.00769,1.00769
separate-core-cpu1-compute,mlp,base,8388608,64,0,0,0,1,3,1.04077,1.06205,1.06205
separate-core-cpu1-compute,mlp,base,8388608,64,0,0,0,2,3,1.00606,1.04838,1.04838
separate-core-cpu1-compute,mlp,base,268435456,1,0,0,0,0,3,145.131,145.386,145.386
separate-core-cpu1-compute,mlp,base,268435456,1,0,0,0,1,3,145.497,146.835,146.835
separate-core-cpu1-compute,mlp,base,268435456,1,0,0,0,2,3,144.918,145.83,145.83
separate-core-cpu1-compute,mlp,base,268435456,2,0,0,0,0,3,72.3021,73.074,73.074
separate-core-cpu1-compute,mlp,base,268435456,2,0,0,0,1,3,72.2188,72.6632,72.6632
separate-core-cpu1-compute,mlp,base,268435456,2,0,0,0,2,3,73.2486,73.5823,73.5823
separate-core-cpu1-compute,mlp,base,268435456,4,0,0,0,0,3,36.35,36.4258,36.4258
separate-core-cpu1-compute,mlp,base,268435456,4,0,0,0,1,3,36.354,36.4399,36.4399
separate-core-cpu1-compute,mlp,base,268435456,4,0,0,0,2,3,36.3244,36.7879,36.7879
separate-core-cpu1-compute,mlp,base,268435456,8,0,0,0,0,3,19.2334,19.5037,19.5037
separate-core-cpu1-compute,mlp,base,268435456,8,0,0,0,1,3,19.8226,19.842,19.842
separate-core-cpu1-compute,mlp,base,268435456,8,0,0,0,2,3,19.9223,20.0087,20.0087
separate-core-cpu1-compute,mlp,base,268435456,12,0,0,0,0,3,13.3648,13.4156,13.4156
separate-core-cpu1-compute,mlp,base,268435456,12,0,0,0,1,3,13.3283,13.4338,13.4338
separate-core-cpu1-compute,mlp,base,268435456,12,0,0,0,2,3,13.3593,13.4401,13.4401
separate-core-cpu1-compute,mlp,base,268435456,16,0,0,0,0,3,10.3826,10.4296,10.4296
separate-core-cpu1-compute,mlp,base,268435456,16,0,0,0,1,3,10.348,10.3834,10.3834
separate-core-cpu1-compute,mlp,base,268435456,16,0,0,0,2,3,10.2435,10.4233,10.4233
separate-core-cpu1-compute,mlp,base,268435456,24,0,0,0,0,3,8.10038,8.18292,8.18292
separate-core-cpu1-compute,mlp,base,268435456,24,0,0,0,1,3,8.06755,8.08714,8.08714
separate-core-cpu1-compute,mlp,base,268435456,24,0,0,0,2,3,8.01996,8.0426,8.0426
separate-core-cpu1-compute,mlp,base,268435456,32,0,0,0,0,3,8.49154,8.65684,8.65684
separate-core-cpu1-compute,mlp,base,268435456,32,0,0,0,1,3,8.54447,8.58227,8.58227
separate-core-cpu1-compute,mlp,base,268435456,32,0,0,0,2,3,8.53432,8.5708,8.5708
separate-core-cpu1-compute,mlp,base,268435456,48,0,0,0,0,3,9.1439,9.19167,9.19167
separate-core-cpu1-compute,mlp,base,268435456,48,0,0,0,1,3,9.17019,9.26756,9.26756
separate-core-cpu1-compute,mlp,base,268435456,48,0,0,0,2,3,9.14336,9.15704,9.15704
separate-core-cpu1-compute,mlp,base,268435456,64,0,0,0,0,3,8.8573,8.86125,8.86125
separate-core-cpu1-compute,mlp,base,268435456,64,0,0,0,1,3,8.8826,8.9038,8.9038
separate-core-cpu1-compute,mlp,base,268435456,64,0,0,0,2,3,8.8989,8.914,8.914
separate-core-cpu1-stream,mlp,base,16384,1,0,0,0,0,3,1.36245,1.36527,1.36527
separate-core-cpu1-stream,mlp,base,16384,1,0,0,0,1,3,1.36354,1.36355,1.36355
separate-core-cpu1-stream,mlp,base,16384,1,0,0,0,2,3,1.3647,1.36508,1.36508
separate-core-cpu1-stream,mlp,base,16384,2,0,0,0,0,3,0.681418,0.681481,0.681481
separate-core-cpu1-stream,mlp,base,16384,2,0,0,0,1,3,0.68151,0.681546,0.681546
separate-core-cpu1-stream,mlp,base,16384,2,0,0,0,2,3,0.681641,0.681939,0.681939
separate-core-cpu1-stream,mlp,base,16384,4,0,0,0,0,3,0.341075,0.34135,0.34135
separate-core-cpu1-stream,mlp,base,16384,4,0,0,0,1,3,0.340896,0.340913,0.340913
separate-core-cpu1-stream,mlp,base,16384,4,0,0,0,2,3,0.340729,0.340946,0.340946
separate-core-cpu1-stream,mlp,base,16384,8,0,0,0,0,3,0.221365,0.22156,0.22156
separate-core-cpu1-stream,mlp,base,16384,8,0,0,0,1,3,0.221766,0.222125,0.222125
separate-core-cpu1-stream,mlp,base,16384,8,0,0,0,2,3,0.221656,0.222023,0.222023
separate-core-cpu1-stream,mlp,base,16384,12,0,0,0,0,3,0.228437,0.229033,0.229033
separate-core-cpu1-stream,mlp,base,16384,12,0,0,0,1,3,0.229823,0.230108,0.230108
separate-core-cpu1-stream,mlp,base,16384,12,0,0,0,2,3,0.229529,0.229558,0.229558
separate-core-cpu1-stream,mlp,base,16384,16,0,0,0,0,3,0.364349,0.364532,0.364532
separate-core-cpu1-stream,mlp,base,16384,16,0,0,0,1,3,0.362231,0.36228,0.36228
separate-core-cpu1-stream,mlp,base,16384,16,0,0,0,2,3,0.363545,0.365748,0.365748
separate-core-cpu1-stream,mlp,base,16384,24,0,0,0,0,3,0.337154,0.337999,0.337999
separate-core-cpu1-stream,mlp,base,16384,24,0,0,0,1,3,0.3373,0.337683,0.337683
separate-core-cpu1-stream,mlp,base,16384,24,0,0,0,2,3,0.337053,0.337065,0.337065
separate-core-cpu1-stream,mlp,base,16384,32,0,0,0,0,3,0.374719,0.374964,0.374964
separate-core-cpu1-stream,mlp,base,16384,32,0,0,0,1,3,0.3748,0.375227,0.375227
separate-core-cpu1-stream,mlp,base,16384,32,0,0,0,2,3,0.37484,0.375013,0.375013
separate-core-cpu1-stream,mlp,base,16384,48,0,0,0,0,3,0.442678,0.442768,0.442768
separate-core-cpu1-stream,mlp,base,16384,48,0,0,0,1,3,0.442994,0.443296,0.443296
separate-core-cpu1-stream,mlp,base,16384,48,0,0,0,2,3,0.442919,0.44302,0.44302
separate-core-cpu1-stream,mlp,base,16384,64,0,0,0,0,3,0.459861,0.459863,0.459863
separate-core-cpu1-stream,mlp,base,16384,64,0,0,0,1,3,0.460119,0.460297,0.460297
separate-core-cpu1-stream,mlp,base,16384,64,0,0,0,2,3,0.459865,0.460026,0.460026
separate-core-cpu1-stream,mlp,base,524288,1,0,0,0,0,3,5.40687,5.43965,5.43965
separate-core-cpu1-stream,mlp,base,524288,1,0,0,0,1,3,5.40399,5.45108,5.45108
separate-core-cpu1-stream,mlp,base,524288,1,0,0,0,2,3,5.40777,5.42652,5.42652
separate-core-cpu1-stream,mlp,base,524288,2,0,0,0,0,3,2.73477,2.75187,2.75187
separate-core-cpu1-stream,mlp,base,524288,2,0,0,0,1,3,2.7344,2.74205,2.74205
separate-core-cpu1-stream,mlp,base,524288,2,0,0,0,2,3,2.72887,2.74215,2.74215
separate-core-cpu1-stream,mlp,base,524288,4,0,0,0,0,3,1.39722,1.39738,1.39738
separate-core-cpu1-stream,mlp,base,524288,4,0,0,0,1,3,1.39452,1.39987,1.39987
separate-core-cpu1-stream,mlp,base,524288,4,0,0,0,2,3,1.39817,1.39911,1.39911
separate-core-cpu1-stream,mlp,base,524288,8,0,0,0,0,3,0.77266,0.776533,0.776533
separate-core-cpu1-stream,mlp,base,524288,8,0,0,0,1,3,0.769134,0.771193,0.771193
separate-core-cpu1-stream,mlp,base,524288,8,0,0,0,2,3,0.768403,0.772705,0.772705
separate-core-cpu1-stream,mlp,base,524288,12,0,0,0,0,3,0.585445,0.586661,0.586661
separate-core-cpu1-stream,mlp,base,524288,12,0,0,0,1,3,0.584817,0.5853,0.5853
separate-core-cpu1-stream,mlp,base,524288,12,0,0,0,2,3,0.583747,0.590217,0.590217
separate-core-cpu1-stream,mlp,base,524288,16,0,0,0,0,3,0.587388,0.58981,0.58981
separate-core-cpu1-stream,mlp,base,524288,16,0,0,0,1,3,0.589555,0.589628,0.589628
separate-core-cpu1-stream,mlp,base,524288,16,0,0,0,2,3,0.587262,0.589241,0.589241
separate-core-cpu1-stream,mlp,base,524288,24,0,0,0,0,3,0.567716,0.571384,0.571384
separate-core-cpu1-stream,mlp,base,524288,24,0,0,0,1,3,0.569048,0.569855,0.569855
separate-core-cpu1-stream,mlp,base,524288,24,0,0,0,2,3,0.57135,0.57306,0.57306
separate-core-cpu1-stream,mlp,base,524288,32,0,0,0,0,3,0.567193,0.568495,0.568495
separate-core-cpu1-stream,mlp,base,524288,32,0,0,0,1,3,0.564948,0.570572,0.570572
separate-core-cpu1-stream,mlp,base,524288,32,0,0,0,2,3,0.565833,0.572051,0.572051
separate-core-cpu1-stream,mlp,base,524288,48,0,0,0,0,3,0.588374,0.589295,0.589295
separate-core-cpu1-stream,mlp,base,524288,48,0,0,0,1,3,0.588095,0.594521,0.594521
separate-core-cpu1-stream,mlp,base,524288,48,0,0,0,2,3,0.58999,0.590836,0.590836
separate-core-cpu1-stream,mlp,base,524288,64,0,0,0,0,3,0.709477,0.711258,0.711258
separate-core-cpu1-stream,mlp,base,524288,64,0,0,0,1,3,0.707376,0.709504,0.709504
separate-core-cpu1-stream,mlp,base,524288,64,0,0,0,2,3,0.708066,0.71058,0.71058
separate-core-cpu1-stream,mlp,base,8388608,1,0,0,0,0,3,140.298,140.501,140.501
separate-core-cpu1-stream,mlp,base,8388608,1,0,0,0,1,3,140.267,140.525,140.525
separate-core-cpu1-stream,mlp,base,8388608,1,0,0,0,2,3,139.788,140.724,140.724
separate-core-cpu1-stream,mlp,base,8388608,2,0,0,0,0,3,70.4764,71.486,71.486
separate-core-cpu1-stream,mlp,base,8388608,2,0,0,0,1,3,66.2812,70.2309,70.2309
separate-core-cpu1-stream,mlp,base,8388608,2,0,0,0,2,3,64.0993,65.3264,65.3264
separate-core-cpu1-stream,mlp,base,8388608,4,0,0,0,0,3,30.1779,30.8183,30.8183
separate-core-cpu1-stream,mlp,base,8388608,4,0,0,0,1,3,29.2927,30.7268,30.7268
separate-core-cpu1-stream,mlp,base,8388608,4,0,0,0,2,3,29.3851,30.7649,30.7649
separate-core-cpu1-stream,mlp,base,8388608,8,0,0,0,0,3,17.7841,18.1359,18.1359
separate-core-cpu1-stream,mlp,base,8388608,8,0,0,0,1,3,17.2438,17.4289,17.4289
separate-core-cpu1-stream,mlp,base,8388608,8,0,0,0,2,3,16.4327,17.1272,17.1272
separate-core-cpu1-stream,mlp,base,8388608,12,0,0,0,0,3,11.2201,12.0957,12.0957
separate-core-cpu1-stream,mlp,base,8388608,12,0,0,0,1,3,9.03688,9.63543,9.63543
separate-core-cpu1-stream,mlp,base,8388608,12,0,0,0,2,3,4.15026,7.30587,7.30587
separate-core-cpu1-stream,mlp,base,8388608,16,0,0,0,0,3,1.21836,1.46781,1.46781
separate-core-cpu1-stream,mlp,base,8388608,16,0,0,0,1,3,1.22201,1.24424,1.24424
separate-core-cpu1-stream,mlp,base,8388608,16,0,0,0,2,3,1.36025,1.40238,1.40238
separate-core-cpu1-stream,mlp,base,8388608,24,0,0,0,0,3,0.878576,0.919293,0.919293
separate-core-cpu1-stream,mlp,base,8388608,24,0,0,0,1,3,0.893565,0.919502,0.919502
separate-core-cpu1-stream,mlp,base,8388608,24,0,0,0,2,3,0.918391,0.930563,0.930563
separate-core-cpu1-stream,mlp,base,8388608,32,0,0,0,0,3,0.90445,0.933635,0.933635
separate-core-cpu1-stream,mlp,base,8388608,32,0,0,0,1,3,0.888704,0.906127,0.906127
separate-core-cpu1-stream,mlp,base,8388608,32,0,0,0,2,3,0.921657,0.969213,0.969213
separate-core-cpu1-stream,mlp,base,8388608,48,0,0,0,0,3,0.90426,0.955712,0.955712
separate-core-cpu1-stream,mlp,base,8388608,48,0,0,0,1,3,0.918137,0.956909,0.956909
separate-core-cpu1-stream,mlp,base,8388608,48,0,0,0,2,3,1.01429,1.03017,1.03017
separate-core-cpu1-stream,mlp,base,8388608,64,0,0,0,0,3,1.05028,1.3524,1.3524
separate-core-cpu1-stream,mlp,base,8388608,64,0,0,0,1,3,0.995534,1.23606,1.23606
separate-core-cpu1-stream,mlp,base,8388608,64,0,0,0,2,3,0.984033,1.00499,1.00499
separate-core-cpu1-stream,mlp,base,268435456,1,0,0,0,0,3,178.933,181.769,181.769
separate-core-cpu1-stream,mlp,base,268435456,1,0,0,0,1,3,189.622,189.811,189.811
separate-core-cpu1-stream,mlp,base,268435456,1,0,0,0,2,3,184.377,188.916,188.916
separate-core-cpu1-stream,mlp,base,268435456,2,0,0,0,0,3,88.7806,89.962,89.962
separate-core-cpu1-stream,mlp,base,268435456,2,0,0,0,1,3,89.4072,92.5261,92.5261
separate-core-cpu1-stream,mlp,base,268435456,2,0,0,0,2,3,97.7464,97.8011,97.8011
separate-core-cpu1-stream,mlp,base,268435456,4,0,0,0,0,3,44.2903,47.0623,47.0623
separate-core-cpu1-stream,mlp,base,268435456,4,0,0,0,1,3,44.8657,46.9419,46.9419
separate-core-cpu1-stream,mlp,base,268435456,4,0,0,0,2,3,45.4868,45.644,45.644
separate-core-cpu1-stream,mlp,base,268435456,8,0,0,0,0,3,22.1969,22.2547,22.2547
separate-core-cpu1-stream,mlp,base,268435456,8,0,0,0,1,3,22.1907,23.5202,23.5202
separate-core-cpu1-stream,mlp,base,268435456,8,0,0,0,2,3,22.3494,22.7639,22.7639
separate-core-cpu1-stream,mlp,base,268435456,12,0,0,0,0,3,15.5897,15.7006,15.7006
separate-core-cpu1-stream,mlp,base,268435456,12,0,0,0,1,3,15.7846,15.9976,15.9976
separate-core-cpu1-stream,mlp,base,268435456,12,0,0,0,2,3,15.6427,15.7899,15.7899
separate-core-cpu1-stream,mlp,base,268435456,16,0,0,0,0,3,11.8237,12.0163,12.0163
separate-core-cpu1-stream,mlp,base,268435456,16,0,0,0,1,3,11.9419,12.1715,12.1715
separate-core-cpu1-stream,mlp,base,268435456,16,0,0,0,2,3,12.2364,12.2424,12.2424
separate-core-cpu1-stream,mlp,base,268435456,24,0,0,0,0,3,9.4469,9.60235,9.60235
separate-core-cpu1-stream,mlp,base,268435456,24,0,0,0,1,3,9.6576,9.68444,9.68444
separate-core-cpu1-stream,mlp,base,268435456,24,0,0,0,2,3,9.40283,9.539,9.539
separate-core-cpu1-stream,mlp,base,268435456,32,0,0,0,0,3,9.64933,9.69655,9.69655
separate-core-cpu1-stream,mlp,base,268435456,32,0,0,0,1,3,9.74337,9.79456,9.79456
separate-core-cpu1-stream,mlp,base,268435456,32,0,0,0,2,3,9.68346,9.80633,9.80633
separate-core-cpu1-stream,mlp,base,268435456,48,0,0,0,0,3,10.1881,10.2108,10.2108
separate-core-cpu1-stream,mlp,base,268435456,48,0,0,0,1,3,10.4075,10.535,10.535
separate-core-cpu1-stream,mlp,base,268435456,48,0,0,0,2,3,10.4737,10.5426,10.5426
separate-core-cpu1-stream,mlp,base,268435456,64,0,0,0,0,3,10.3952,10.4958,10.4958
separate-core-cpu1-stream,mlp,base,268435456,64,0,0,0,1,3,10.4765,10.4809,10.4809
separate-core-cpu1-stream,mlp,base,268435456,64,0,0,0,2,3,10.4578,10.5677,10.5677
separate-core-cpu1-prefetch,spatial,offset-parity0:cold,33554432,0,1,1,8,0,120,150.004,160.004,200.005
separate-core-cpu1-prefetch,spatial,offset-parity0:trained,33554432,0,1,1,8,0,120,30.0007,30.0007,30.0007
separate-core-cpu1-prefetch,spatial,offset-parity0:hot,33554432,0,1,1,8,0,120,30.0007,30.0007,30.0007
separate-core-cpu1-prefetch,spatial,offset-parity0:cold,33554432,0,1,1,8,1,120,150.004,170.004,230.006
separate-core-cpu1-prefetch,spatial,offset-parity0:trained,33554432,0,1,1,8,1,120,30.0007,30.0007,30.0007
separate-core-cpu1-prefetch,spatial,offset-parity0:hot,33554432,0,1,1,8,1,120,30.0007,30.0007,30.0007
separate-core-cpu1-prefetch,spatial,offset-parity0:cold,33554432,0,1,1,8,2,120,150.004,170.004,220.005
separate-core-cpu1-prefetch,spatial,offset-parity0:trained,33554432,0,1,1,8,2,120,30.0007,30.0007,30.0007
separate-core-cpu1-prefetch,spatial,offset-parity0:hot,33554432,0,1,1,8,2,120,30.0007,30.0007,30.0007
separate-core-cpu1-prefetch,spatial,offset-parity0:cold,33554432,0,1,1,16,0,120,150.004,170.004,210.005
separate-core-cpu1-prefetch,spatial,offset-parity0:trained,33554432,0,1,1,16,0,120,30.0007,30.0007,30.0007
separate-core-cpu1-prefetch,spatial,offset-parity0:hot,33554432,0,1,1,16,0,120,30.0007,30.0007,30.0007
separate-core-cpu1-prefetch,spatial,offset-parity0:cold,33554432,0,1,1,16,1,120,150.004,170.004,220.005
separate-core-cpu1-prefetch,spatial,offset-parity0:trained,33554432,0,1,1,16,1,120,30.0007,30.0007,30.0007
separate-core-cpu1-prefetch,spatial,offset-parity0:hot,33554432,0,1,1,16,1,120,30.0007,30.0007,30.0007
separate-core-cpu1-prefetch,spatial,offset-parity0:cold,33554432,0,1,1,16,2,120,150.004,160.004,210.005
separate-core-cpu1-prefetch,spatial,offset-parity0:trained,33554432,0,1,1,16,2,120,30.0007,30.0007,30.0007
separate-core-cpu1-prefetch,spatial,offset-parity0:hot,33554432,0,1,1,16,2,120,30.0007,30.0007,30.0007
separate-core-cpu1-prefetch,spatial,offset-parity0:cold,33554432,0,1,1,32,0,120,150.004,170.004,200.005
separate-core-cpu1-prefetch,spatial,offset-parity0:trained,33554432,0,1,1,32,0,120,30.0007,30.0007,30.0007
separate-core-cpu1-prefetch,spatial,offset-parity0:hot,33554432,0,1,1,32,0,120,30.0007,30.0007,30.0007
separate-core-cpu1-prefetch,spatial,offset-parity0:cold,33554432,0,1,1,32,1,120,150.004,170.004,200.005
separate-core-cpu1-prefetch,spatial,offset-parity0:trained,33554432,0,1,1,32,1,120,30.0007,30.0007,30.0007
separate-core-cpu1-prefetch,spatial,offset-parity0:hot,33554432,0,1,1,32,1,120,30.0007,30.0007,30.0007
separate-core-cpu1-prefetch,spatial,offset-parity0:cold,33554432,0,1,1,32,2,120,150.004,160.004,200.005
separate-core-cpu1-prefetch,spatial,offset-parity0:trained,33554432,0,1,1,32,2,120,30.0007,30.0007,30.0007
separate-core-cpu1-prefetch,spatial,offset-parity0:hot,33554432,0,1,1,32,2,120,30.0007,30.0007,30.0007
separate-core-cpu1-prefetch,spatial,offset-parity0:cold,33554432,0,1,1,64,0,120,150.004,170.004,210.005
separate-core-cpu1-prefetch,spatial,offset-parity0:trained,33554432,0,1,1,64,0,120,30.0007,30.0007,40.001
separate-core-cpu1-prefetch,spatial,offset-parity0:hot,33554432,0,1,1,64,0,120,30.0007,30.0007,30.0007
separate-core-cpu1-prefetch,spatial,offset-parity0:cold,33554432,0,1,1,64,1,120,150.004,160.004,190.005
separate-core-cpu1-prefetch,spatial,offset-parity0:trained,33554432,0,1,1,64,1,120,30.0007,30.0007,40.001
separate-core-cpu1-prefetch,spatial,offset-parity0:hot,33554432,0,1,1,64,1,120,30.0007,30.0007,30.0007
separate-core-cpu1-prefetch,spatial,offset-parity0:cold,33554432,0,1,1,64,2,120,150.004,160.004,190.005
separate-core-cpu1-prefetch,spatial,offset-parity0:trained,33554432,0,1,1,64,2,120,30.0007,30.0007,40.001
separate-core-cpu1-prefetch,spatial,offset-parity0:hot,33554432,0,1,1,64,2,120,30.0007,30.0007,30.0007
separate-core-cpu1-prefetch,spatial,offset-parity0:cold,33554432,0,1,1,128,0,120,150.004,160.004,210.005
separate-core-cpu1-prefetch,spatial,offset-parity0:trained,33554432,0,1,1,128,0,120,30.0007,150.004,190.005
separate-core-cpu1-prefetch,spatial,offset-parity0:hot,33554432,0,1,1,128,0,120,30.0007,30.0007,30.0007
separate-core-cpu1-prefetch,spatial,offset-parity0:cold,33554432,0,1,1,128,1,120,150.004,160.004,240.006
separate-core-cpu1-prefetch,spatial,offset-parity0:trained,33554432,0,1,1,128,1,120,30.0007,30.0007,170.004
separate-core-cpu1-prefetch,spatial,offset-parity0:hot,33554432,0,1,1,128,1,120,30.0007,30.0007,30.0007
separate-core-cpu1-prefetch,spatial,offset-parity0:cold,33554432,0,1,1,128,2,120,150.004,160.004,190.005
separate-core-cpu1-prefetch,spatial,offset-parity0:trained,33554432,0,1,1,128,2,120,30.0007,30.0007,170.004
separate-core-cpu1-prefetch,spatial,offset-parity0:hot,33554432,0,1,1,128,2,120,30.0007,30.0007,30.0007
separate-core-cpu1-prefetch,spatial,offset-parity0:cold,33554432,0,1,1,256,0,120,150.004,160.004,230.006
separate-core-cpu1-prefetch,spatial,offset-parity0:trained,33554432,0,1,1,256,0,120,30.0007,30.0007,190.005
separate-core-cpu1-prefetch,spatial,offset-parity0:hot,33554432,0,1,1,256,0,120,30.0007,30.0007,30.0007
separate-core-cpu1-prefetch,spatial,offset-parity0:cold,33554432,0,1,1,256,1,120,150.004,160.004,210.005
separate-core-cpu1-prefetch,spatial,offset-parity0:trained,33554432,0,1,1,256,1,120,30.0007,30.0007,180.004
separate-core-cpu1-prefetch,spatial,offset-parity0:hot,33554432,0,1,1,256,1,120,30.0007,30.0007,30.0007
separate-core-cpu1-prefetch,spatial,offset-parity0:cold,33554432,0,1,1,256,2,120,150.004,170.004,220.005
separate-core-cpu1-prefetch,spatial,offset-parity0:trained,33554432,0,1,1,256,2,120,30.0007,140.003,180.004
separate-core-cpu1-prefetch,spatial,offset-parity0:hot,33554432,0,1,1,256,2,120,30.0007,30.0007,30.0007
separate-core-cpu1-prefetch,adjacent,parity0:cold,33554432,0,1,1,-2,0,120,150.004,160.004,210.005
separate-core-cpu1-prefetch,adjacent,parity0:trained,33554432,0,1,1,-2,0,120,30.0007,150.004,190.005
separate-core-cpu1-prefetch,adjacent,parity0:hot,33554432,0,1,1,-2,0,120,30.0007,30.0007,30.0007
separate-core-cpu1-prefetch,adjacent,parity0:cold,33554432,0,1,1,-2,1,120,150.004,160.004,190.005
separate-core-cpu1-prefetch,adjacent,parity0:trained,33554432,0,1,1,-2,1,120,30.0007,30.0007,170.004
separate-core-cpu1-prefetch,adjacent,parity0:hot,33554432,0,1,1,-2,1,120,30.0007,30.0007,30.0007
separate-core-cpu1-prefetch,adjacent,parity0:cold,33554432,0,1,1,-2,2,120,150.004,160.004,200.005
separate-core-cpu1-prefetch,adjacent,parity0:trained,33554432,0,1,1,-2,2,120,30.0007,60.0015,180.004
separate-core-cpu1-prefetch,adjacent,parity0:hot,33554432,0,1,1,-2,2,120,30.0007,30.0007,30.0007
separate-core-cpu1-prefetch,adjacent,parity0:cold,33554432,0,1,1,-1,0,120,150.004,160.004,200.005
separate-core-cpu1-prefetch,adjacent,parity0:trained,33554432,0,1,1,-1,0,120,30.0007,160.004,180.004
separate-core-cpu1-prefetch,adjacent,parity0:hot,33554432,0,1,1,-1,0,120,30.0007,30.0007,30.0007
separate-core-cpu1-prefetch,adjacent,parity0:cold,33554432,0,1,1,-1,1,120,150.004,160.004,240.006
separate-core-cpu1-prefetch,adjacent,parity0:trained,33554432,0,1,1,-1,1,120,30.0007,140.003,180.004
separate-core-cpu1-prefetch,adjacent,parity0:hot,33554432,0,1,1,-1,1,120,30.0007,30.0007,30.0007
separate-core-cpu1-prefetch,adjacent,parity0:cold,33554432,0,1,1,-1,2,120,150.004,160.004,210.005
separate-core-cpu1-prefetch,adjacent,parity0:trained,33554432,0,1,1,-1,2,120,30.0007,30.0007,190.005
separate-core-cpu1-prefetch,adjacent,parity0:hot,33554432,0,1,1,-1,2,120,30.0007,30.0007,30.0007
separate-core-cpu1-prefetch,adjacent,parity0:cold,33554432,0,1,1,1,0,120,150.004,170.004,210.005
separate-core-cpu1-prefetch,adjacent,parity0:trained,33554432,0,1,1,1,0,120,30.0007,30.0007,40.001
separate-core-cpu1-prefetch,adjacent,parity0:hot,33554432,0,1,1,1,0,120,30.0007,30.0007,30.0007
separate-core-cpu1-prefetch,adjacent,parity0:cold,33554432,0,1,1,1,1,120,150.004,170.004,210.005
separate-core-cpu1-prefetch,adjacent,parity0:trained,33554432,0,1,1,1,1,120,30.0007,30.0007,50.0012
separate-core-cpu1-prefetch,adjacent,parity0:hot,33554432,0,1,1,1,1,120,30.0007,30.0007,30.0007
separate-core-cpu1-prefetch,adjacent,parity0:cold,33554432,0,1,1,1,2,120,150.004,170.004,230.006
separate-core-cpu1-prefetch,adjacent,parity0:trained,33554432,0,1,1,1,2,120,30.0007,30.0007,40.001
separate-core-cpu1-prefetch,adjacent,parity0:hot,33554432,0,1,1,1,2,120,30.0007,30.0007,30.0007
separate-core-cpu1-prefetch,adjacent,parity0:cold,33554432,0,1,1,2,0,120,150.004,160.004,190.005
separate-core-cpu1-prefetch,adjacent,parity0:trained,33554432,0,1,1,2,0,120,30.0007,30.0007,170.004
separate-core-cpu1-prefetch,adjacent,parity0:hot,33554432,0,1,1,2,0,120,20.0005,30.0007,30.0007
separate-core-cpu1-prefetch,adjacent,parity0:cold,33554432,0,1,1,2,1,120,150.004,160.004,200.005
separate-core-cpu1-prefetch,adjacent,parity0:trained,33554432,0,1,1,2,1,120,30.0007,30.0007,180.004
separate-core-cpu1-prefetch,adjacent,parity0:hot,33554432,0,1,1,2,1,120,30.0007,30.0007,30.0007
separate-core-cpu1-prefetch,adjacent,parity0:cold,33554432,0,1,1,2,2,120,150.004,170.004,200.005
separate-core-cpu1-prefetch,adjacent,parity0:trained,33554432,0,1,1,2,2,120,30.0007,30.0007,190.005
separate-core-cpu1-prefetch,adjacent,parity0:hot,33554432,0,1,1,2,2,120,30.0007,30.0007,30.0007
separate-core-cpu1-prefetch,adjacent,parity0:cold,33554432,0,1,1,4,0,120,150.004,160.004,210.005
separate-core-cpu1-prefetch,adjacent,parity0:trained,33554432,0,1,1,4,0,120,30.0007,150.004,190.005
separate-core-cpu1-prefetch,adjacent,parity0:hot,33554432,0,1,1,4,0,120,30.0007,30.0007,30.0007
separate-core-cpu1-prefetch,adjacent,parity0:cold,33554432,0,1,1,4,1,120,150.004,170.004,230.006
separate-core-cpu1-prefetch,adjacent,parity0:trained,33554432,0,1,1,4,1,120,30.0007,30.0007,170.004
separate-core-cpu1-prefetch,adjacent,parity0:hot,33554432,0,1,1,4,1,120,30.0007,30.0007,30.0007
separate-core-cpu1-prefetch,adjacent,parity0:cold,33554432,0,1,1,4,2,120,150.004,170.004,220.005
separate-core-cpu1-prefetch,adjacent,parity0:trained,33554432,0,1,1,4,2,120,30.0007,30.0007,190.005
separate-core-cpu1-prefetch,adjacent,parity0:hot,33554432,0,1,1,4,2,120,30.0007,30.0007,30.0007
separate-core-cpu1-prefetch,spatial,offset-parity1:cold,33554432,0,1,1,8,0,120,150.004,170.004,220.005
separate-core-cpu1-prefetch,spatial,offset-parity1:trained,33554432,0,1,1,8,0,120,30.0007,30.0007,30.0007
separate-core-cpu1-prefetch,spatial,offset-parity1:hot,33554432,0,1,1,8,0,120,30.0007,30.0007,30.0007
separate-core-cpu1-prefetch,spatial,offset-parity1:cold,33554432,0,1,1,8,1,120,150.004,160.004,200.005
separate-core-cpu1-prefetch,spatial,offset-parity1:trained,33554432,0,1,1,8,1,120,30.0007,30.0007,30.0007
separate-core-cpu1-prefetch,spatial,offset-parity1:hot,33554432,0,1,1,8,1,120,30.0007,30.0007,30.0007
separate-core-cpu1-prefetch,spatial,offset-parity1:cold,33554432,0,1,1,8,2,120,150.004,170.004,210.005
separate-core-cpu1-prefetch,spatial,offset-parity1:trained,33554432,0,1,1,8,2,120,30.0007,30.0007,30.0007
separate-core-cpu1-prefetch,spatial,offset-parity1:hot,33554432,0,1,1,8,2,120,30.0007,30.0007,30.0007
separate-core-cpu1-prefetch,spatial,offset-parity1:cold,33554432,0,1,1,16,0,120,150.004,170.004,210.005
separate-core-cpu1-prefetch,spatial,offset-parity1:trained,33554432,0,1,1,16,0,120,30.0007,30.0007,30.0007
separate-core-cpu1-prefetch,spatial,offset-parity1:hot,33554432,0,1,1,16,0,120,30.0007,30.0007,30.0007
separate-core-cpu1-prefetch,spatial,offset-parity1:cold,33554432,0,1,1,16,1,120,150.004,170.004,210.005
separate-core-cpu1-prefetch,spatial,offset-parity1:trained,33554432,0,1,1,16,1,120,30.0007,30.0007,30.0007
separate-core-cpu1-prefetch,spatial,offset-parity1:hot,33554432,0,1,1,16,1,120,30.0007,30.0007,30.0007
separate-core-cpu1-prefetch,spatial,offset-parity1:cold,33554432,0,1,1,16,2,120,150.004,170.004,250.006
separate-core-cpu1-prefetch,spatial,offset-parity1:trained,33554432,0,1,1,16,2,120,20.0005,30.0007,30.0007
separate-core-cpu1-prefetch,spatial,offset-parity1:hot,33554432,0,1,1,16,2,120,30.0007,30.0007,30.0007
separate-core-cpu1-prefetch,spatial,offset-parity1:cold,33554432,0,1,1,32,0,120,150.004,160.004,210.005
separate-core-cpu1-prefetch,spatial,offset-parity1:trained,33554432,0,1,1,32,0,120,30.0007,30.0007,30.0007
separate-core-cpu1-prefetch,spatial,offset-parity1:hot,33554432,0,1,1,32,0,120,30.0007,30.0007,30.0007
separate-core-cpu1-prefetch,spatial,offset-parity1:cold,33554432,0,1,1,32,1,120,150.004,160.004,200.005
separate-core-cpu1-prefetch,spatial,offset-parity1:trained,33554432,0,1,1,32,1,120,30.0007,30.0007,30.0007
separate-core-cpu1-prefetch,spatial,offset-parity1:hot,33554432,0,1,1,32,1,120,30.0007,30.0007,30.0007
separate-core-cpu1-prefetch,spatial,offset-parity1:cold,33554432,0,1,1,32,2,120,150.004,160.004,200.005
separate-core-cpu1-prefetch,spatial,offset-parity1:trained,33554432,0,1,1,32,2,120,30.0007,30.0007,30.0007
separate-core-cpu1-prefetch,spatial,offset-parity1:hot,33554432,0,1,1,32,2,120,30.0007,30.0007,30.0007
separate-core-cpu1-prefetch,spatial,offset-parity1:cold,33554432,0,1,1,64,0,120,150.004,160.004,210.005
separate-core-cpu1-prefetch,spatial,offset-parity1:trained,33554432,0,1,1,64,0,120,30.0007,30.0007,40.001
separate-core-cpu1-prefetch,spatial,offset-parity1:hot,33554432,0,1,1,64,0,120,30.0007,30.0007,30.0007
separate-core-cpu1-prefetch,spatial,offset-parity1:cold,33554432,0,1,1,64,1,120,150.004,160.004,210.005
separate-core-cpu1-prefetch,spatial,offset-parity1:trained,33554432,0,1,1,64,1,120,30.0007,30.0007,40.001
separate-core-cpu1-prefetch,spatial,offset-parity1:hot,33554432,0,1,1,64,1,120,30.0007,30.0007,30.0007
separate-core-cpu1-prefetch,spatial,offset-parity1:cold,33554432,0,1,1,64,2,120,150.004,160.004,200.005
separate-core-cpu1-prefetch,spatial,offset-parity1:trained,33554432,0,1,1,64,2,120,30.0007,30.0007,40.001
separate-core-cpu1-prefetch,spatial,offset-parity1:hot,33554432,0,1,1,64,2,120,30.0007,30.0007,30.0007
separate-core-cpu1-prefetch,spatial,offset-parity1:cold,33554432,0,1,1,128,0,120,150.004,170.004,210.005
separate-core-cpu1-prefetch,spatial,offset-parity1:trained,33554432,0,1,1,128,0,120,30.0007,30.0007,190.005
separate-core-cpu1-prefetch,spatial,offset-parity1:hot,33554432,0,1,1,128,0,120,30.0007,30.0007,30.0007
separate-core-cpu1-prefetch,spatial,offset-parity1:cold,33554432,0,1,1,128,1,120,150.004,160.004,210.005
separate-core-cpu1-prefetch,spatial,offset-parity1:trained,33554432,0,1,1,128,1,120,30.0007,150.004,190.005
separate-core-cpu1-prefetch,spatial,offset-parity1:hot,33554432,0,1,1,128,1,120,30.0007,30.0007,30.0007
separate-core-cpu1-prefetch,spatial,offset-parity1:cold,33554432,0,1,1,128,2,120,150.004,160.004,230.006
separate-core-cpu1-prefetch,spatial,offset-parity1:trained,33554432,0,1,1,128,2,120,30.0007,30.0007,200.005
separate-core-cpu1-prefetch,spatial,offset-parity1:hot,33554432,0,1,1,128,2,120,30.0007,30.0007,30.0007
separate-core-cpu1-prefetch,spatial,offset-parity1:cold,33554432,0,1,1,256,0,120,150.004,160.004,240.006
separate-core-cpu1-prefetch,spatial,offset-parity1:trained,33554432,0,1,1,256,0,120,30.0007,30.0007,180.004
separate-core-cpu1-prefetch,spatial,offset-parity1:hot,33554432,0,1,1,256,0,120,30.0007,30.0007,30.0007
separate-core-cpu1-prefetch,spatial,offset-parity1:cold,33554432,0,1,1,256,1,120,150.004,160.004,200.005
separate-core-cpu1-prefetch,spatial,offset-parity1:trained,33554432,0,1,1,256,1,120,30.0007,150.004,180.004
separate-core-cpu1-prefetch,spatial,offset-parity1:hot,33554432,0,1,1,256,1,120,30.0007,30.0007,30.0007
separate-core-cpu1-prefetch,spatial,offset-parity1:cold,33554432,0,1,1,256,2,120,150.004,160.004,210.005
separate-core-cpu1-prefetch,spatial,offset-parity1:trained,33554432,0,1,1,256,2,120,30.0007,150.004,190.005
separate-core-cpu1-prefetch,spatial,offset-parity1:hot,33554432,0,1,1,256,2,120,30.0007,30.0007,30.0007
separate-core-cpu1-prefetch,adjacent,parity1:cold,33554432,0,1,1,-2,0,120,150.004,170.004,210.005
separate-core-cpu1-prefetch,adjacent,parity1:trained,33554432,0,1,1,-2,0,120,30.0007,150.004,190.005
separate-core-cpu1-prefetch,adjacent,parity1:hot,33554432,0,1,1,-2,0,120,30.0007,30.0007,30.0007
separate-core-cpu1-prefetch,adjacent,parity1:cold,33554432,0,1,1,-2,1,120,150.004,170.004,210.005
separate-core-cpu1-prefetch,adjacent,parity1:trained,33554432,0,1,1,-2,1,120,30.0007,30.0007,180.004
separate-core-cpu1-prefetch,adjacent,parity1:hot,33554432,0,1,1,-2,1,120,30.0007,30.0007,30.0007
separate-core-cpu1-prefetch,adjacent,parity1:cold,33554432,0,1,1,-2,2,120,150.004,170.004,230.006
separate-core-cpu1-prefetch,adjacent,parity1:trained,33554432,0,1,1,-2,2,120,30.0007,30.0007,170.004
separate-core-cpu1-prefetch,adjacent,parity1:hot,33554432,0,1,1,-2,2,120,30.0007,30.0007,30.0007
separate-core-cpu1-prefetch,adjacent,parity1:cold,33554432,0,1,1,-1,0,120,150.004,160.004,200.005
separate-core-cpu1-prefetch,adjacent,parity1:trained,33554432,0,1,1,-1,0,120,30.0007,150.004,190.005
separate-core-cpu1-prefetch,adjacent,parity1:hot,33554432,0,1,1,-1,0,120,30.0007,30.0007,30.0007
separate-core-cpu1-prefetch,adjacent,parity1:cold,33554432,0,1,1,-1,1,120,150.004,160.004,200.005
separate-core-cpu1-prefetch,adjacent,parity1:trained,33554432,0,1,1,-1,1,120,30.0007,30.0007,190.005
separate-core-cpu1-prefetch,adjacent,parity1:hot,33554432,0,1,1,-1,1,120,30.0007,30.0007,30.0007
separate-core-cpu1-prefetch,adjacent,parity1:cold,33554432,0,1,1,-1,2,120,150.004,160.004,200.005
separate-core-cpu1-prefetch,adjacent,parity1:trained,33554432,0,1,1,-1,2,120,30.0007,150.004,190.005
separate-core-cpu1-prefetch,adjacent,parity1:hot,33554432,0,1,1,-1,2,120,30.0007,30.0007,30.0007
separate-core-cpu1-prefetch,adjacent,parity1:cold,33554432,0,1,1,1,0,120,150.004,160.004,180.004
separate-core-cpu1-prefetch,adjacent,parity1:trained,33554432,0,1,1,1,0,120,30.0007,30.0007,40.001
separate-core-cpu1-prefetch,adjacent,parity1:hot,33554432,0,1,1,1,0,120,30.0007,30.0007,30.0007
separate-core-cpu1-prefetch,adjacent,parity1:cold,33554432,0,1,1,1,1,120,150.004,160.004,190.005
separate-core-cpu1-prefetch,adjacent,parity1:trained,33554432,0,1,1,1,1,120,30.0007,30.0007,50.0012
separate-core-cpu1-prefetch,adjacent,parity1:hot,33554432,0,1,1,1,1,120,30.0007,30.0007,30.0007
separate-core-cpu1-prefetch,adjacent,parity1:cold,33554432,0,1,1,1,2,120,150.004,160.004,200.005
separate-core-cpu1-prefetch,adjacent,parity1:trained,33554432,0,1,1,1,2,120,30.0007,30.0007,40.001
separate-core-cpu1-prefetch,adjacent,parity1:hot,33554432,0,1,1,1,2,120,30.0007,30.0007,30.0007
separate-core-cpu1-prefetch,adjacent,parity1:cold,33554432,0,1,1,2,0,120,150.004,170.004,200.005
separate-core-cpu1-prefetch,adjacent,parity1:trained,33554432,0,1,1,2,0,120,30.0007,150.004,190.005
separate-core-cpu1-prefetch,adjacent,parity1:hot,33554432,0,1,1,2,0,120,30.0007,30.0007,30.0007
separate-core-cpu1-prefetch,adjacent,parity1:cold,33554432,0,1,1,2,1,120,150.004,160.004,190.005
separate-core-cpu1-prefetch,adjacent,parity1:trained,33554432,0,1,1,2,1,120,30.0007,30.0007,160.004
separate-core-cpu1-prefetch,adjacent,parity1:hot,33554432,0,1,1,2,1,120,30.0007,30.0007,30.0007
separate-core-cpu1-prefetch,adjacent,parity1:cold,33554432,0,1,1,2,2,120,150.004,160.004,200.005
separate-core-cpu1-prefetch,adjacent,parity1:trained,33554432,0,1,1,2,2,120,30.0007,30.0007,180.004
separate-core-cpu1-prefetch,adjacent,parity1:hot,33554432,0,1,1,2,2,120,30.0007,30.0007,30.0007
separate-core-cpu1-prefetch,adjacent,parity1:cold,33554432,0,1,1,4,0,120,150.004,160.004,200.005
separate-core-cpu1-prefetch,adjacent,parity1:trained,33554432,0,1,1,4,0,120,30.0007,30.0007,180.004
separate-core-cpu1-prefetch,adjacent,parity1:hot,33554432,0,1,1,4,0,120,30.0007,30.0007,30.0007
separate-core-cpu1-prefetch,adjacent,parity1:cold,33554432,0,1,1,4,1,120,150.004,160.004,200.005
separate-core-cpu1-prefetch,adjacent,parity1:trained,33554432,0,1,1,4,1,120,30.0007,150.004,190.005
separate-core-cpu1-prefetch,adjacent,parity1:hot,33554432,0,1,1,4,1,120,30.0007,30.0007,30.0007
separate-core-cpu1-prefetch,adjacent,parity1:cold,33554432,0,1,1,4,2,120,150.004,160.004,210.005
separate-core-cpu1-prefetch,adjacent,parity1:trained,33554432,0,1,1,4,2,120,30.0007,30.0007,180.004
separate-core-cpu1-prefetch,adjacent,parity1:hot,33554432,0,1,1,4,2,120,30.0007,30.0007,30.0007
separate-core-cpu1-prefetch,learning,within-page:cold,33554432,0,1,1,1,0,120,150.004,160.004,210.005
separate-core-cpu1-prefetch,learning,within-page:trained,33554432,0,1,1,1,0,120,30.0007,30.0007,40.001
separate-core-cpu1-prefetch,learning,within-page:hot,33554432,0,1,1,1,0,120,30.0007,30.0007,30.0007
separate-core-cpu1-prefetch,learning,within-page:cold,33554432,0,1,1,1,1,120,150.004,170.004,220.005
separate-core-cpu1-prefetch,learning,within-page:trained,33554432,0,1,1,1,1,120,30.0007,30.0007,40.001
separate-core-cpu1-prefetch,learning,within-page:hot,33554432,0,1,1,1,1,120,30.0007,30.0007,30.0007
separate-core-cpu1-prefetch,learning,within-page:cold,33554432,0,1,1,1,2,120,150.004,160.004,210.005
separate-core-cpu1-prefetch,learning,within-page:trained,33554432,0,1,1,1,2,120,30.0007,30.0007,40.001
separate-core-cpu1-prefetch,learning,within-page:hot,33554432,0,1,1,1,2,120,30.0007,30.0007,30.0007
separate-core-cpu1-prefetch,learning,within-page:cold,33554432,0,1,2,1,0,120,150.004,170.004,210.005
separate-core-cpu1-prefetch,learning,within-page:trained,33554432,0,1,2,1,0,120,30.0007,30.0007,170.004
separate-core-cpu1-prefetch,learning,within-page:hot,33554432,0,1,2,1,0,120,30.0007,30.0007,30.0007
separate-core-cpu1-prefetch,learning,within-page:cold,33554432,0,1,2,1,1,120,150.004,160.004,190.005
separate-core-cpu1-prefetch,learning,within-page:trained,33554432,0,1,2,1,1,120,30.0007,30.0007,170.004
separate-core-cpu1-prefetch,learning,within-page:hot,33554432,0,1,2,1,1,120,30.0007,30.0007,30.0007
separate-core-cpu1-prefetch,learning,within-page:cold,33554432,0,1,2,1,2,120,150.004,170.004,210.005
separate-core-cpu1-prefetch,learning,within-page:trained,33554432,0,1,2,1,2,120,30.0007,150.004,190.005
separate-core-cpu1-prefetch,learning,within-page:hot,33554432,0,1,2,1,2,120,30.0007,30.0007,30.0007
separate-core-cpu1-prefetch,learning,within-page:cold,33554432,0,1,3,1,0,120,150.004,160.004,210.005
separate-core-cpu1-prefetch,learning,within-page:trained,33554432,0,1,3,1,0,120,30.0007,30.0007,30.0007
separate-core-cpu1-prefetch,learning,within-page:hot,33554432,0,1,3,1,0,120,30.0007,30.0007,30.0007
separate-core-cpu1-prefetch,learning,within-page:cold,33554432,0,1,3,1,1,120,150.004,170.004,200.005
separate-core-cpu1-prefetch,learning,within-page:trained,33554432,0,1,3,1,1,120,30.0007,30.0007,30.0007
separate-core-cpu1-prefetch,learning,within-page:hot,33554432,0,1,3,1,1,120,30.0007,30.0007,30.0007
separate-core-cpu1-prefetch,learning,within-page:cold,33554432,0,1,3,1,2,120,150.004,170.004,210.005
separate-core-cpu1-prefetch,learning,within-page:trained,33554432,0,1,3,1,2,120,30.0007,30.0007,30.0007
separate-core-cpu1-prefetch,learning,within-page:hot,33554432,0,1,3,1,2,120,30.0007,30.0007,30.0007
separate-core-cpu1-prefetch,learning,within-page:cold,33554432,0,1,4,1,0,120,150.004,160.004,210.005
separate-core-cpu1-prefetch,learning,within-page:trained,33554432,0,1,4,1,0,120,30.0007,30.0007,40.001
separate-core-cpu1-prefetch,learning,within-page:hot,33554432,0,1,4,1,0,120,30.0007,30.0007,30.0007
separate-core-cpu1-prefetch,learning,within-page:cold,33554432,0,1,4,1,1,120,150.004,160.004,210.005
separate-core-cpu1-prefetch,learning,within-page:trained,33554432,0,1,4,1,1,120,30.0007,30.0007,30.0007
separate-core-cpu1-prefetch,learning,within-page:hot,33554432,0,1,4,1,1,120,30.0007,30.0007,30.0007
separate-core-cpu1-prefetch,learning,within-page:cold,33554432,0,1,4,1,2,120,150.004,160.004,190.005
separate-core-cpu1-prefetch,learning,within-page:trained,33554432,0,1,4,1,2,120,30.0007,30.0007,30.0007
separate-core-cpu1-prefetch,learning,within-page:hot,33554432,0,1,4,1,2,120,30.0007,30.0007,30.0007
separate-core-cpu1-prefetch,learning,within-page:cold,33554432,0,1,6,1,0,120,150.004,160.004,220.005
separate-core-cpu1-prefetch,learning,within-page:trained,33554432,0,1,6,1,0,120,30.0007,30.0007,30.0007
separate-core-cpu1-prefetch,learning,within-page:hot,33554432,0,1,6,1,0,120,30.0007,30.0007,30.0007
separate-core-cpu1-prefetch,learning,within-page:cold,33554432,0,1,6,1,1,120,150.004,160.004,190.005
separate-core-cpu1-prefetch,learning,within-page:trained,33554432,0,1,6,1,1,120,30.0007,30.0007,30.0007
separate-core-cpu1-prefetch,learning,within-page:hot,33554432,0,1,6,1,1,120,30.0007,30.0007,30.0007
separate-core-cpu1-prefetch,learning,within-page:cold,33554432,0,1,6,1,2,120,150.004,160.004,200.005
separate-core-cpu1-prefetch,learning,within-page:trained,33554432,0,1,6,1,2,120,30.0007,30.0007,40.001
separate-core-cpu1-prefetch,learning,within-page:hot,33554432,0,1,6,1,2,120,30.0007,30.0007,30.0007
separate-core-cpu1-prefetch,learning,within-page:cold,33554432,0,1,8,1,0,120,150.004,170.004,220.005
separate-core-cpu1-prefetch,learning,within-page:trained,33554432,0,1,8,1,0,120,30.0007,50.0012,100.002
separate-core-cpu1-prefetch,learning,within-page:hot,33554432,0,1,8,1,0,120,30.0007,30.0007,30.0007
separate-core-cpu1-prefetch,learning,within-page:cold,33554432,0,1,8,1,1,120,150.004,160.004,190.005
separate-core-cpu1-prefetch,learning,within-page:trained,33554432,0,1,8,1,1,120,30.0007,60.0015,90.0022
separate-core-cpu1-prefetch,learning,within-page:hot,33554432,0,1,8,1,1,120,30.0007,30.0007,30.0007
separate-core-cpu1-prefetch,learning,within-page:cold,33554432,0,1,8,1,2,120,150.004,160.004,190.005
separate-core-cpu1-prefetch,learning,within-page:trained,33554432,0,1,8,1,2,120,30.0007,60.0015,80.002
separate-core-cpu1-prefetch,learning,within-page:hot,33554432,0,1,8,1,2,120,30.0007,30.0007,30.0007
separate-core-cpu1-prefetch,learning,within-page:cold,33554432,0,1,12,1,0,120,150.004,160.004,210.005
separate-core-cpu1-prefetch,learning,within-page:trained,33554432,0,1,12,1,0,120,30.0007,30.0007,30.0007
separate-core-cpu1-prefetch,learning,within-page:hot,33554432,0,1,12,1,0,120,30.0007,30.0007,30.0007
separate-core-cpu1-prefetch,learning,within-page:cold,33554432,0,1,12,1,1,120,150.004,160.004,210.005
separate-core-cpu1-prefetch,learning,within-page:trained,33554432,0,1,12,1,1,120,30.0007,30.0007,30.0007
separate-core-cpu1-prefetch,learning,within-page:hot,33554432,0,1,12,1,1,120,30.0007,30.0007,30.0007
separate-core-cpu1-prefetch,learning,within-page:cold,33554432,0,1,12,1,2,120,150.004,160.004,200.005
separate-core-cpu1-prefetch,learning,within-page:trained,33554432,0,1,12,1,2,120,30.0007,30.0007,30.0007
separate-core-cpu1-prefetch,learning,within-page:hot,33554432,0,1,12,1,2,120,30.0007,30.0007,30.0007
separate-core-cpu1-prefetch,learning,within-page:cold,33554432,0,1,16,1,0,120,150.004,160.004,220.005
separate-core-cpu1-prefetch,learning,within-page:trained,33554432,0,1,16,1,0,120,30.0007,30.0007,30.0007
separate-core-cpu1-prefetch,learning,within-page:hot,33554432,0,1,16,1,0,120,30.0007,30.0007,30.0007
separate-core-cpu1-prefetch,learning,within-page:cold,33554432,0,1,16,1,1,120,150.004,160.004,210.005
separate-core-cpu1-prefetch,learning,within-page:trained,33554432,0,1,16,1,1,120,30.0007,30.0007,30.0007
separate-core-cpu1-prefetch,learning,within-page:hot,33554432,0,1,16,1,1,120,30.0007,30.0007,30.0007
separate-core-cpu1-prefetch,learning,within-page:cold,33554432,0,1,16,1,2,120,150.004,160.004,200.005
separate-core-cpu1-prefetch,learning,within-page:trained,33554432,0,1,16,1,2,120,30.0007,30.0007,30.0007
separate-core-cpu1-prefetch,learning,within-page:hot,33554432,0,1,16,1,2,120,30.0007,30.0007,30.0007
separate-core-cpu1-prefetch,learning,within-page:cold,33554432,0,2,1,1,0,120,150.004,170.004,200.005
separate-core-cpu1-prefetch,learning,within-page:trained,33554432,0,2,1,1,0,120,30.0007,150.004,190.005
separate-core-cpu1-prefetch,learning,within-page:hot,33554432,0,2,1,1,0,120,20.0005,30.0007,30.0007
separate-core-cpu1-prefetch,learning,within-page:cold,33554432,0,2,1,1,1,120,150.004,160.004,200.005
separate-core-cpu1-prefetch,learning,within-page:trained,33554432,0,2,1,1,1,120,30.0007,30.0007,170.004
separate-core-cpu1-prefetch,learning,within-page:hot,33554432,0,2,1,1,1,120,30.0007,30.0007,30.0007
separate-core-cpu1-prefetch,learning,within-page:cold,33554432,0,2,1,1,2,120,150.004,170.004,200.005
separate-core-cpu1-prefetch,learning,within-page:trained,33554432,0,2,1,1,2,120,30.0007,30.0007,190.005
separate-core-cpu1-prefetch,learning,within-page:hot,33554432,0,2,1,1,2,120,20.0005,30.0007,30.0007
separate-core-cpu1-prefetch,learning,within-page:cold,33554432,0,2,2,1,0,120,150.004,160.004,200.005
separate-core-cpu1-prefetch,learning,within-page:trained,33554432,0,2,2,1,0,120,30.0007,150.004,200.005
separate-core-cpu1-prefetch,learning,within-page:hot,33554432,0,2,2,1,0,120,30.0007,30.0007,30.0007
separate-core-cpu1-prefetch,learning,within-page:cold,33554432,0,2,2,1,1,120,150.004,160.004,210.005
separate-core-cpu1-prefetch,learning,within-page:trained,33554432,0,2,2,1,1,120,30.0007,30.0007,170.004
separate-core-cpu1-prefetch,learning,within-page:hot,33554432,0,2,2,1,1,120,30.0007,30.0007,30.0007
separate-core-cpu1-prefetch,learning,within-page:cold,33554432,0,2,2,1,2,120,150.004,160.004,200.005
separate-core-cpu1-prefetch,learning,within-page:trained,33554432,0,2,2,1,2,120,30.0007,30.0007,170.004
separate-core-cpu1-prefetch,learning,within-page:hot,33554432,0,2,2,1,2,120,30.0007,30.0007,30.0007
separate-core-cpu1-prefetch,learning,within-page:cold,33554432,0,2,3,1,0,120,150.004,160.004,200.005
separate-core-cpu1-prefetch,learning,within-page:trained,33554432,0,2,3,1,0,120,30.0007,30.0007,30.0007
separate-core-cpu1-prefetch,learning,within-page:hot,33554432,0,2,3,1,0,120,30.0007,30.0007,30.0007
separate-core-cpu1-prefetch,learning,within-page:cold,33554432,0,2,3,1,1,120,150.004,170.004,210.005
separate-core-cpu1-prefetch,learning,within-page:trained,33554432,0,2,3,1,1,120,30.0007,30.0007,40.001
separate-core-cpu1-prefetch,learning,within-page:hot,33554432,0,2,3,1,1,120,30.0007,30.0007,30.0007
separate-core-cpu1-prefetch,learning,within-page:cold,33554432,0,2,3,1,2,120,150.004,160.004,200.005
separate-core-cpu1-prefetch,learning,within-page:trained,33554432,0,2,3,1,2,120,30.0007,30.0007,30.0007
separate-core-cpu1-prefetch,learning,within-page:hot,33554432,0,2,3,1,2,120,30.0007,30.0007,30.0007
separate-core-cpu1-prefetch,learning,within-page:cold,33554432,0,2,4,1,0,120,150.004,170.004,210.005
separate-core-cpu1-prefetch,learning,within-page:trained,33554432,0,2,4,1,0,120,30.0007,70.0017,170.004
separate-core-cpu1-prefetch,learning,within-page:hot,33554432,0,2,4,1,0,120,30.0007,30.0007,30.0007
separate-core-cpu1-prefetch,learning,within-page:cold,33554432,0,2,4,1,1,120,150.004,160.004,190.005
separate-core-cpu1-prefetch,learning,within-page:trained,33554432,0,2,4,1,1,120,30.0007,120.003,190.005
separate-core-cpu1-prefetch,learning,within-page:hot,33554432,0,2,4,1,1,120,30.0007,30.0007,30.0007
separate-core-cpu1-prefetch,learning,within-page:cold,33554432,0,2,4,1,2,120,150.004,160.004,200.005
separate-core-cpu1-prefetch,learning,within-page:trained,33554432,0,2,4,1,2,120,30.0007,80.002,180.004
separate-core-cpu1-prefetch,learning,within-page:hot,33554432,0,2,4,1,2,120,30.0007,30.0007,30.0007
separate-core-cpu1-prefetch,learning,within-page:cold,33554432,0,2,6,1,0,120,150.004,160.004,180.004
separate-core-cpu1-prefetch,learning,within-page:trained,33554432,0,2,6,1,0,120,30.0007,30.0007,80.002
separate-core-cpu1-prefetch,learning,within-page:hot,33554432,0,2,6,1,0,120,30.0007,30.0007,30.0007
separate-core-cpu1-prefetch,learning,within-page:cold,33554432,0,2,6,1,1,120,150.004,160.004,210.005
separate-core-cpu1-prefetch,learning,within-page:trained,33554432,0,2,6,1,1,120,30.0007,30.0007,40.001
separate-core-cpu1-prefetch,learning,within-page:hot,33554432,0,2,6,1,1,120,30.0007,30.0007,30.0007
separate-core-cpu1-prefetch,learning,within-page:cold,33554432,0,2,6,1,2,120,150.004,160.004,210.005
separate-core-cpu1-prefetch,learning,within-page:trained,33554432,0,2,6,1,2,120,30.0007,30.0007,80.002
separate-core-cpu1-prefetch,learning,within-page:hot,33554432,0,2,6,1,2,120,30.0007,30.0007,30.0007
separate-core-cpu1-prefetch,learning,within-page:cold,33554432,0,2,8,1,0,120,150.004,170.004,200.005
separate-core-cpu1-prefetch,learning,within-page:trained,33554432,0,2,8,1,0,120,30.0007,30.0007,40.001
separate-core-cpu1-prefetch,learning,within-page:hot,33554432,0,2,8,1,0,120,30.0007,30.0007,30.0007
separate-core-cpu1-prefetch,learning,within-page:cold,33554432,0,2,8,1,1,120,150.004,170.004,220.005
separate-core-cpu1-prefetch,learning,within-page:trained,33554432,0,2,8,1,1,120,30.0007,30.0007,40.001
separate-core-cpu1-prefetch,learning,within-page:hot,33554432,0,2,8,1,1,120,20.0005,30.0007,30.0007
separate-core-cpu1-prefetch,learning,within-page:cold,33554432,0,2,8,1,2,120,150.004,160.004,200.005
separate-core-cpu1-prefetch,learning,within-page:trained,33554432,0,2,8,1,2,120,30.0007,30.0007,60.0015
separate-core-cpu1-prefetch,learning,within-page:hot,33554432,0,2,8,1,2,120,30.0007,30.0007,30.0007
separate-core-cpu1-prefetch,learning,within-page:cold,33554432,0,2,12,1,0,120,150.004,160.004,200.005
separate-core-cpu1-prefetch,learning,within-page:trained,33554432,0,2,12,1,0,120,30.0007,30.0007,80.002
separate-core-cpu1-prefetch,learning,within-page:hot,33554432,0,2,12,1,0,120,30.0007,30.0007,30.0007
separate-core-cpu1-prefetch,learning,within-page:cold,33554432,0,2,12,1,1,120,150.004,160.004,200.005
separate-core-cpu1-prefetch,learning,within-page:trained,33554432,0,2,12,1,1,120,30.0007,30.0007,60.0015
separate-core-cpu1-prefetch,learning,within-page:hot,33554432,0,2,12,1,1,120,30.0007,30.0007,30.0007
separate-core-cpu1-prefetch,learning,within-page:cold,33554432,0,2,12,1,2,120,150.004,160.004,200.005
separate-core-cpu1-prefetch,learning,within-page:trained,33554432,0,2,12,1,2,120,30.0007,30.0007,60.0015
separate-core-cpu1-prefetch,learning,within-page:hot,33554432,0,2,12,1,2,120,30.0007,30.0007,30.0007
separate-core-cpu1-prefetch,learning,within-page:cold,33554432,0,2,16,1,0,120,150.004,160.004,200.005
separate-core-cpu1-prefetch,learning,within-page:trained,33554432,0,2,16,1,0,120,30.0007,30.0007,40.001
separate-core-cpu1-prefetch,learning,within-page:hot,33554432,0,2,16,1,0,120,30.0007,30.0007,30.0007
separate-core-cpu1-prefetch,learning,within-page:cold,33554432,0,2,16,1,1,120,150.004,160.004,200.005
separate-core-cpu1-prefetch,learning,within-page:trained,33554432,0,2,16,1,1,120,30.0007,30.0007,30.0007
separate-core-cpu1-prefetch,learning,within-page:hot,33554432,0,2,16,1,1,120,30.0007,30.0007,30.0007
separate-core-cpu1-prefetch,learning,within-page:cold,33554432,0,2,16,1,2,120,150.004,160.004,200.005
separate-core-cpu1-prefetch,learning,within-page:trained,33554432,0,2,16,1,2,120,30.0007,30.0007,40.001
separate-core-cpu1-prefetch,learning,within-page:hot,33554432,0,2,16,1,2,120,30.0007,30.0007,30.0007
separate-core-cpu1-prefetch,learning,within-page:cold,33554432,0,4,1,1,0,120,150.004,160.004,200.005
separate-core-cpu1-prefetch,learning,within-page:trained,33554432,0,4,1,1,0,120,30.0007,140.003,190.005
separate-core-cpu1-prefetch,learning,within-page:hot,33554432,0,4,1,1,0,120,30.0007,30.0007,30.0007
separate-core-cpu1-prefetch,learning,within-page:cold,33554432,0,4,1,1,1,120,150.004,160.004,220.005
separate-core-cpu1-prefetch,learning,within-page:trained,33554432,0,4,1,1,1,120,30.0007,30.0007,170.004
separate-core-cpu1-prefetch,learning,within-page:hot,33554432,0,4,1,1,1,120,30.0007,30.0007,30.0007
separate-core-cpu1-prefetch,learning,within-page:cold,33554432,0,4,1,1,2,120,150.004,170.004,220.005
separate-core-cpu1-prefetch,learning,within-page:trained,33554432,0,4,1,1,2,120,30.0007,150.004,200.005
separate-core-cpu1-prefetch,learning,within-page:hot,33554432,0,4,1,1,2,120,30.0007,30.0007,30.0007
separate-core-cpu1-prefetch,learning,within-page:cold,33554432,0,4,2,1,0,120,150.004,160.004,220.005
separate-core-cpu1-prefetch,learning,within-page:trained,33554432,0,4,2,1,0,120,150.004,160.004,200.005
separate-core-cpu1-prefetch,learning,within-page:hot,33554432,0,4,2,1,0,120,30.0007,30.0007,30.0007
separate-core-cpu1-prefetch,learning,within-page:cold,33554432,0,4,2,1,1,120,150.004,160.004,210.005
separate-core-cpu1-prefetch,learning,within-page:trained,33554432,0,4,2,1,1,120,150.004,160.004,200.005
separate-core-cpu1-prefetch,learning,within-page:hot,33554432,0,4,2,1,1,120,30.0007,30.0007,30.0007
separate-core-cpu1-prefetch,learning,within-page:cold,33554432,0,4,2,1,2,120,150.004,160.004,210.005
separate-core-cpu1-prefetch,learning,within-page:trained,33554432,0,4,2,1,2,120,150.004,160.004,220.005
separate-core-cpu1-prefetch,learning,within-page:hot,33554432,0,4,2,1,2,120,20.0005,30.0007,30.0007
separate-core-cpu1-prefetch,learning,within-page:cold,33554432,0,4,3,1,0,120,140.003,160.004,220.005
separate-core-cpu1-prefetch,learning,within-page:trained,33554432,0,4,3,1,0,120,30.0007,30.0007,180.004
separate-core-cpu1-prefetch,learning,within-page:hot,33554432,0,4,3,1,0,120,30.0007,30.0007,30.0007
separate-core-cpu1-prefetch,learning,within-page:cold,33554432,0,4,3,1,1,120,150.004,160.004,220.005
separate-core-cpu1-prefetch,learning,within-page:trained,33554432,0,4,3,1,1,120,30.0007,30.0007,170.004
separate-core-cpu1-prefetch,learning,within-page:hot,33554432,0,4,3,1,1,120,30.0007,30.0007,30.0007
separate-core-cpu1-prefetch,learning,within-page:cold,33554432,0,4,3,1,2,120,150.004,170.004,250.006
separate-core-cpu1-prefetch,learning,within-page:trained,33554432,0,4,3,1,2,120,30.0007,30.0007,180.004
separate-core-cpu1-prefetch,learning,within-page:hot,33554432,0,4,3,1,2,120,30.0007,30.0007,30.0007
separate-core-cpu1-prefetch,learning,within-page:cold,33554432,0,4,4,1,0,120,150.004,160.004,200.005
separate-core-cpu1-prefetch,learning,within-page:trained,33554432,0,4,4,1,0,120,30.0007,30.0007,40.001
separate-core-cpu1-prefetch,learning,within-page:hot,33554432,0,4,4,1,0,120,30.0007,30.0007,30.0007
separate-core-cpu1-prefetch,learning,within-page:cold,33554432,0,4,4,1,1,120,150.004,160.004,200.005
separate-core-cpu1-prefetch,learning,within-page:trained,33554432,0,4,4,1,1,120,30.0007,30.0007,160.004
separate-core-cpu1-prefetch,learning,within-page:hot,33554432,0,4,4,1,1,120,30.0007,30.0007,30.0007
separate-core-cpu1-prefetch,learning,within-page:cold,33554432,0,4,4,1,2,120,150.004,160.004,210.005
separate-core-cpu1-prefetch,learning,within-page:trained,33554432,0,4,4,1,2,120,30.0007,30.0007,160.004
separate-core-cpu1-prefetch,learning,within-page:hot,33554432,0,4,4,1,2,120,30.0007,30.0007,30.0007
separate-core-cpu1-prefetch,learning,within-page:cold,33554432,0,4,6,1,0,120,150.004,160.004,240.006
separate-core-cpu1-prefetch,learning,within-page:trained,33554432,0,4,6,1,0,120,30.0007,30.0007,150.004
separate-core-cpu1-prefetch,learning,within-page:hot,33554432,0,4,6,1,0,120,30.0007,30.0007,30.0007
separate-core-cpu1-prefetch,learning,within-page:cold,33554432,0,4,6,1,1,120,150.004,170.004,210.005
separate-core-cpu1-prefetch,learning,within-page:trained,33554432,0,4,6,1,1,120,30.0007,30.0007,150.004
separate-core-cpu1-prefetch,learning,within-page:hot,33554432,0,4,6,1,1,120,30.0007,30.0007,30.0007
separate-core-cpu1-prefetch,learning,within-page:cold,33554432,0,4,6,1,2,120,150.004,160.004,200.005
separate-core-cpu1-prefetch,learning,within-page:trained,33554432,0,4,6,1,2,120,30.0007,30.0007,160.004
separate-core-cpu1-prefetch,learning,within-page:hot,33554432,0,4,6,1,2,120,30.0007,30.0007,30.0007
separate-core-cpu1-prefetch,learning,within-page:cold,33554432,0,4,8,1,0,120,150.004,160.004,190.005
separate-core-cpu1-prefetch,learning,within-page:trained,33554432,0,4,8,1,0,120,30.0007,50.0012,110.003
separate-core-cpu1-prefetch,learning,within-page:hot,33554432,0,4,8,1,0,120,30.0007,30.0007,30.0007
separate-core-cpu1-prefetch,learning,within-page:cold,33554432,0,4,8,1,1,120,150.004,160.004,190.005
separate-core-cpu1-prefetch,learning,within-page:trained,33554432,0,4,8,1,1,120,30.0007,60.0015,150.004
separate-core-cpu1-prefetch,learning,within-page:hot,33554432,0,4,8,1,1,120,30.0007,30.0007,30.0007
separate-core-cpu1-prefetch,learning,within-page:cold,33554432,0,4,8,1,2,120,150.004,160.004,200.005
separate-core-cpu1-prefetch,learning,within-page:trained,33554432,0,4,8,1,2,120,30.0007,60.0015,140.003
separate-core-cpu1-prefetch,learning,within-page:hot,33554432,0,4,8,1,2,120,30.0007,30.0007,30.0007
separate-core-cpu1-prefetch,learning,within-page:cold,33554432,0,4,12,1,0,120,150.004,160.004,220.005
separate-core-cpu1-prefetch,learning,within-page:trained,33554432,0,4,12,1,0,120,30.0007,30.0007,40.001
separate-core-cpu1-prefetch,learning,within-page:hot,33554432,0,4,12,1,0,120,30.0007,30.0007,30.0007
separate-core-cpu1-prefetch,learning,within-page:cold,33554432,0,4,12,1,1,120,150.004,160.004,200.005
separate-core-cpu1-prefetch,learning,within-page:trained,33554432,0,4,12,1,1,120,30.0007,30.0007,40.001
separate-core-cpu1-prefetch,learning,within-page:hot,33554432,0,4,12,1,1,120,30.0007,30.0007,30.0007
separate-core-cpu1-prefetch,learning,within-page:cold,33554432,0,4,12,1,2,120,150.004,160.004,230.006
separate-core-cpu1-prefetch,learning,within-page:trained,33554432,0,4,12,1,2,120,30.0007,30.0007,30.0007
separate-core-cpu1-prefetch,learning,within-page:hot,33554432,0,4,12,1,2,120,30.0007,30.0007,30.0007
separate-core-cpu1-prefetch,learning,within-page:cold,33554432,0,-1,1,1,0,120,150.004,170.004,200.005
separate-core-cpu1-prefetch,learning,within-page:trained,33554432,0,-1,1,1,0,120,30.0007,160.004,220.005
separate-core-cpu1-prefetch,learning,within-page:hot,33554432,0,-1,1,1,0,120,30.0007,30.0007,30.0007
separate-core-cpu1-prefetch,learning,within-page:cold,33554432,0,-1,1,1,1,120,150.004,160.004,200.005
separate-core-cpu1-prefetch,learning,within-page:trained,33554432,0,-1,1,1,1,120,30.0007,150.004,190.005
separate-core-cpu1-prefetch,learning,within-page:hot,33554432,0,-1,1,1,1,120,30.0007,30.0007,30.0007
separate-core-cpu1-prefetch,learning,within-page:cold,33554432,0,-1,1,1,2,120,150.004,160.004,190.005
separate-core-cpu1-prefetch,learning,within-page:trained,33554432,0,-1,1,1,2,120,30.0007,150.004,190.005
separate-core-cpu1-prefetch,learning,within-page:hot,33554432,0,-1,1,1,2,120,30.0007,30.0007,30.0007
separate-core-cpu1-prefetch,learning,within-page:cold,33554432,0,-1,2,1,0,120,150.004,160.004,190.005
separate-core-cpu1-prefetch,learning,within-page:trained,33554432,0,-1,2,1,0,120,30.0007,150.004,190.005
separate-core-cpu1-prefetch,learning,within-page:hot,33554432,0,-1,2,1,0,120,30.0007,30.0007,30.0007
separate-core-cpu1-prefetch,learning,within-page:cold,33554432,0,-1,2,1,1,120,150.004,160.004,200.005
separate-core-cpu1-prefetch,learning,within-page:trained,33554432,0,-1,2,1,1,120,30.0007,30.0007,180.004
separate-core-cpu1-prefetch,learning,within-page:hot,33554432,0,-1,2,1,1,120,30.0007,30.0007,30.0007
separate-core-cpu1-prefetch,learning,within-page:cold,33554432,0,-1,2,1,2,120,150.004,160.004,210.005
separate-core-cpu1-prefetch,learning,within-page:trained,33554432,0,-1,2,1,2,120,30.0007,30.0007,190.005
separate-core-cpu1-prefetch,learning,within-page:hot,33554432,0,-1,2,1,2,120,30.0007,30.0007,30.0007
separate-core-cpu1-prefetch,learning,within-page:cold,33554432,0,-1,3,1,0,120,150.004,160.004,220.005
separate-core-cpu1-prefetch,learning,within-page:trained,33554432,0,-1,3,1,0,120,30.0007,30.0007,40.001
separate-core-cpu1-prefetch,learning,within-page:hot,33554432,0,-1,3,1,0,120,30.0007,30.0007,30.0007
separate-core-cpu1-prefetch,learning,within-page:cold,33554432,0,-1,3,1,1,120,150.004,170.004,230.006
separate-core-cpu1-prefetch,learning,within-page:trained,33554432,0,-1,3,1,1,120,30.0007,30.0007,40.001
separate-core-cpu1-prefetch,learning,within-page:hot,33554432,0,-1,3,1,1,120,30.0007,30.0007,30.0007
separate-core-cpu1-prefetch,learning,within-page:cold,33554432,0,-1,3,1,2,120,150.004,160.004,210.005
separate-core-cpu1-prefetch,learning,within-page:trained,33554432,0,-1,3,1,2,120,30.0007,30.0007,40.001
separate-core-cpu1-prefetch,learning,within-page:hot,33554432,0,-1,3,1,2,120,30.0007,30.0007,30.0007
separate-core-cpu1-prefetch,learning,within-page:cold,33554432,0,-1,4,1,0,120,150.004,160.004,210.005
separate-core-cpu1-prefetch,learning,within-page:trained,33554432,0,-1,4,1,0,120,30.0007,30.0007,30.0007
separate-core-cpu1-prefetch,learning,within-page:hot,33554432,0,-1,4,1,0,120,30.0007,30.0007,30.0007
separate-core-cpu1-prefetch,learning,within-page:cold,33554432,0,-1,4,1,1,120,150.004,160.004,230.006
separate-core-cpu1-prefetch,learning,within-page:trained,33554432,0,-1,4,1,1,120,30.0007,30.0007,30.0007
separate-core-cpu1-prefetch,learning,within-page:hot,33554432,0,-1,4,1,1,120,30.0007,30.0007,30.0007
separate-core-cpu1-prefetch,learning,within-page:cold,33554432,0,-1,4,1,2,120,150.004,160.004,200.005
separate-core-cpu1-prefetch,learning,within-page:trained,33554432,0,-1,4,1,2,120,30.0007,30.0007,30.0007
separate-core-cpu1-prefetch,learning,within-page:hot,33554432,0,-1,4,1,2,120,30.0007,30.0007,30.0007
separate-core-cpu1-prefetch,learning,within-page:cold,33554432,0,-1,6,1,0,120,150.004,160.004,220.005
separate-core-cpu1-prefetch,learning,within-page:trained,33554432,0,-1,6,1,0,120,30.0007,30.0007,30.0007
separate-core-cpu1-prefetch,learning,within-page:hot,33554432,0,-1,6,1,0,120,30.0007,30.0007,30.0007
separate-core-cpu1-prefetch,learning,within-page:cold,33554432,0,-1,6,1,1,120,150.004,160.004,220.005
separate-core-cpu1-prefetch,learning,within-page:trained,33554432,0,-1,6,1,1,120,30.0007,30.0007,30.0007
separate-core-cpu1-prefetch,learning,within-page:hot,33554432,0,-1,6,1,1,120,30.0007,30.0007,30.0007
separate-core-cpu1-prefetch,learning,within-page:cold,33554432,0,-1,6,1,2,120,150.004,160.004,190.005
separate-core-cpu1-prefetch,learning,within-page:trained,33554432,0,-1,6,1,2,120,30.0007,30.0007,30.0007
separate-core-cpu1-prefetch,learning,within-page:hot,33554432,0,-1,6,1,2,120,30.0007,30.0007,30.0007
separate-core-cpu1-prefetch,learning,within-page:cold,33554432,0,-1,8,1,0,120,150.004,170.004,230.006
separate-core-cpu1-prefetch,learning,within-page:trained,33554432,0,-1,8,1,0,120,30.0007,30.0007,60.0015
separate-core-cpu1-prefetch,learning,within-page:hot,33554432,0,-1,8,1,0,120,30.0007,30.0007,30.0007
separate-core-cpu1-prefetch,learning,within-page:cold,33554432,0,-1,8,1,1,120,150.004,160.004,200.005
separate-core-cpu1-prefetch,learning,within-page:trained,33554432,0,-1,8,1,1,120,30.0007,30.0007,80.002
separate-core-cpu1-prefetch,learning,within-page:hot,33554432,0,-1,8,1,1,120,30.0007,30.0007,30.0007
separate-core-cpu1-prefetch,learning,within-page:cold,33554432,0,-1,8,1,2,120,150.004,170.004,220.005
separate-core-cpu1-prefetch,learning,within-page:trained,33554432,0,-1,8,1,2,120,30.0007,30.0007,50.0012
separate-core-cpu1-prefetch,learning,within-page:hot,33554432,0,-1,8,1,2,120,30.0007,30.0007,30.0007
separate-core-cpu1-prefetch,learning,within-page:cold,33554432,0,-1,12,1,0,120,150.004,170.004,210.005
separate-core-cpu1-prefetch,learning,within-page:trained,33554432,0,-1,12,1,0,120,30.0007,30.0007,30.0007
separate-core-cpu1-prefetch,learning,within-page:hot,33554432,0,-1,12,1,0,120,30.0007,30.0007,30.0007
separate-core-cpu1-prefetch,learning,within-page:cold,33554432,0,-1,12,1,1,120,150.004,160.004,210.005
separate-core-cpu1-prefetch,learning,within-page:trained,33554432,0,-1,12,1,1,120,30.0007,30.0007,40.001
separate-core-cpu1-prefetch,learning,within-page:hot,33554432,0,-1,12,1,1,120,30.0007,30.0007,30.0007
separate-core-cpu1-prefetch,learning,within-page:cold,33554432,0,-1,12,1,2,120,150.004,160.004,200.005
separate-core-cpu1-prefetch,learning,within-page:trained,33554432,0,-1,12,1,2,120,30.0007,30.0007,30.0007
separate-core-cpu1-prefetch,learning,within-page:hot,33554432,0,-1,12,1,2,120,30.0007,30.0007,30.0007
separate-core-cpu1-prefetch,learning,within-page:cold,33554432,0,-1,16,1,0,120,150.004,160.004,200.005
separate-core-cpu1-prefetch,learning,within-page:trained,33554432,0,-1,16,1,0,120,30.0007,30.0007,30.0007
separate-core-cpu1-prefetch,learning,within-page:hot,33554432,0,-1,16,1,0,120,30.0007,30.0007,30.0007
separate-core-cpu1-prefetch,learning,within-page:cold,33554432,0,-1,16,1,1,120,150.004,160.004,200.005
separate-core-cpu1-prefetch,learning,within-page:trained,33554432,0,-1,16,1,1,120,30.0007,30.0007,30.0007
separate-core-cpu1-prefetch,learning,within-page:hot,33554432,0,-1,16,1,1,120,30.0007,30.0007,30.0007
separate-core-cpu1-prefetch,learning,within-page:cold,33554432,0,-1,16,1,2,120,150.004,160.004,210.005
separate-core-cpu1-prefetch,learning,within-page:trained,33554432,0,-1,16,1,2,120,30.0007,30.0007,30.0007
separate-core-cpu1-prefetch,learning,within-page:hot,33554432,0,-1,16,1,2,120,30.0007,30.0007,30.0007
separate-core-cpu1-prefetch,learning,within-page:cold,33554432,0,-2,1,1,0,120,150.004,160.004,200.005
separate-core-cpu1-prefetch,learning,within-page:trained,33554432,0,-2,1,1,0,120,30.0007,150.004,190.005
separate-core-cpu1-prefetch,learning,within-page:hot,33554432,0,-2,1,1,0,120,30.0007,30.0007,30.0007
separate-core-cpu1-prefetch,learning,within-page:cold,33554432,0,-2,1,1,1,120,150.004,170.004,190.005
separate-core-cpu1-prefetch,learning,within-page:trained,33554432,0,-2,1,1,1,120,30.0007,150.004,200.005
separate-core-cpu1-prefetch,learning,within-page:hot,33554432,0,-2,1,1,1,120,30.0007,30.0007,30.0007
separate-core-cpu1-prefetch,learning,within-page:cold,33554432,0,-2,1,1,2,120,150.004,160.004,190.005
separate-core-cpu1-prefetch,learning,within-page:trained,33554432,0,-2,1,1,2,120,30.0007,150.004,180.004
separate-core-cpu1-prefetch,learning,within-page:hot,33554432,0,-2,1,1,2,120,30.0007,30.0007,30.0007
separate-core-cpu1-prefetch,learning,within-page:cold,33554432,0,-2,2,1,0,120,140.003,160.004,210.005
separate-core-cpu1-prefetch,learning,within-page:trained,33554432,0,-2,2,1,0,120,30.0007,30.0007,170.004
separate-core-cpu1-prefetch,learning,within-page:hot,33554432,0,-2,2,1,0,120,30.0007,30.0007,30.0007
separate-core-cpu1-prefetch,learning,within-page:cold,33554432,0,-2,2,1,1,120,150.004,160.004,200.005
separate-core-cpu1-prefetch,learning,within-page:trained,33554432,0,-2,2,1,1,120,30.0007,140.003,170.004
separate-core-cpu1-prefetch,learning,within-page:hot,33554432,0,-2,2,1,1,120,30.0007,30.0007,30.0007
separate-core-cpu1-prefetch,learning,within-page:cold,33554432,0,-2,2,1,2,120,150.004,160.004,220.005
separate-core-cpu1-prefetch,learning,within-page:trained,33554432,0,-2,2,1,2,120,30.0007,150.004,180.004
separate-core-cpu1-prefetch,learning,within-page:hot,33554432,0,-2,2,1,2,120,30.0007,30.0007,30.0007
separate-core-cpu1-prefetch,learning,within-page:cold,33554432,0,-2,3,1,0,120,150.004,160.004,200.005
separate-core-cpu1-prefetch,learning,within-page:trained,33554432,0,-2,3,1,0,120,30.0007,30.0007,40.001
separate-core-cpu1-prefetch,learning,within-page:hot,33554432,0,-2,3,1,0,120,30.0007,30.0007,30.0007
separate-core-cpu1-prefetch,learning,within-page:cold,33554432,0,-2,3,1,1,120,150.004,160.004,200.005
separate-core-cpu1-prefetch,learning,within-page:trained,33554432,0,-2,3,1,1,120,30.0007,30.0007,40.001
separate-core-cpu1-prefetch,learning,within-page:hot,33554432,0,-2,3,1,1,120,30.0007,30.0007,30.0007
separate-core-cpu1-prefetch,learning,within-page:cold,33554432,0,-2,3,1,2,120,150.004,160.004,200.005
separate-core-cpu1-prefetch,learning,within-page:trained,33554432,0,-2,3,1,2,120,30.0007,30.0007,40.001
separate-core-cpu1-prefetch,learning,within-page:hot,33554432,0,-2,3,1,2,120,30.0007,30.0007,30.0007
separate-core-cpu1-prefetch,learning,within-page:cold,33554432,0,-2,4,1,0,120,150.004,160.004,190.005
separate-core-cpu1-prefetch,learning,within-page:trained,33554432,0,-2,4,1,0,120,30.0007,80.002,110.003
separate-core-cpu1-prefetch,learning,within-page:hot,33554432,0,-2,4,1,0,120,30.0007,30.0007,30.0007
separate-core-cpu1-prefetch,learning,within-page:cold,33554432,0,-2,4,1,1,120,150.004,160.004,230.006
separate-core-cpu1-prefetch,learning,within-page:trained,33554432,0,-2,4,1,1,120,30.0007,70.0017,110.003
separate-core-cpu1-prefetch,learning,within-page:hot,33554432,0,-2,4,1,1,120,30.0007,30.0007,30.0007
separate-core-cpu1-prefetch,learning,within-page:cold,33554432,0,-2,4,1,2,120,150.004,160.004,210.005
separate-core-cpu1-prefetch,learning,within-page:trained,33554432,0,-2,4,1,2,120,30.0007,70.0017,120.003
separate-core-cpu1-prefetch,learning,within-page:hot,33554432,0,-2,4,1,2,120,30.0007,30.0007,30.0007
separate-core-cpu1-prefetch,learning,within-page:cold,33554432,0,-2,6,1,0,120,150.004,160.004,220.005
separate-core-cpu1-prefetch,learning,within-page:trained,33554432,0,-2,6,1,0,120,30.0007,30.0007,30.0007
separate-core-cpu1-prefetch,learning,within-page:hot,33554432,0,-2,6,1,0,120,30.0007,30.0007,30.0007
separate-core-cpu1-prefetch,learning,within-page:cold,33554432,0,-2,6,1,1,120,150.004,160.004,200.005
separate-core-cpu1-prefetch,learning,within-page:trained,33554432,0,-2,6,1,1,120,30.0007,30.0007,40.001
separate-core-cpu1-prefetch,learning,within-page:hot,33554432,0,-2,6,1,1,120,30.0007,30.0007,30.0007
separate-core-cpu1-prefetch,learning,within-page:cold,33554432,0,-2,6,1,2,120,150.004,160.004,220.005
separate-core-cpu1-prefetch,learning,within-page:trained,33554432,0,-2,6,1,2,120,30.0007,30.0007,40.001
separate-core-cpu1-prefetch,learning,within-page:hot,33554432,0,-2,6,1,2,120,30.0007,30.0007,30.0007
separate-core-cpu1-prefetch,learning,within-page:cold,33554432,0,-2,8,1,0,120,150.004,160.004,220.005
separate-core-cpu1-prefetch,learning,within-page:trained,33554432,0,-2,8,1,0,120,30.0007,30.0007,60.0015
separate-core-cpu1-prefetch,learning,within-page:hot,33554432,0,-2,8,1,0,120,30.0007,30.0007,30.0007
separate-core-cpu1-prefetch,learning,within-page:cold,33554432,0,-2,8,1,1,120,150.004,160.004,210.005
separate-core-cpu1-prefetch,learning,within-page:trained,33554432,0,-2,8,1,1,120,30.0007,30.0007,60.0015
separate-core-cpu1-prefetch,learning,within-page:hot,33554432,0,-2,8,1,1,120,30.0007,30.0007,30.0007
separate-core-cpu1-prefetch,learning,within-page:cold,33554432,0,-2,8,1,2,120,150.004,160.004,210.005
separate-core-cpu1-prefetch,learning,within-page:trained,33554432,0,-2,8,1,2,120,30.0007,30.0007,50.0012
separate-core-cpu1-prefetch,learning,within-page:hot,33554432,0,-2,8,1,2,120,30.0007,30.0007,30.0007
separate-core-cpu1-prefetch,learning,within-page:cold,33554432,0,-2,12,1,0,120,150.004,160.004,220.005
separate-core-cpu1-prefetch,learning,within-page:trained,33554432,0,-2,12,1,0,120,30.0007,30.0007,40.001
separate-core-cpu1-prefetch,learning,within-page:hot,33554432,0,-2,12,1,0,120,30.0007,30.0007,30.0007
separate-core-cpu1-prefetch,learning,within-page:cold,33554432,0,-2,12,1,1,120,150.004,160.004,190.005
separate-core-cpu1-prefetch,learning,within-page:trained,33554432,0,-2,12,1,1,120,30.0007,30.0007,30.0007
separate-core-cpu1-prefetch,learning,within-page:hot,33554432,0,-2,12,1,1,120,30.0007,30.0007,30.0007
separate-core-cpu1-prefetch,learning,within-page:cold,33554432,0,-2,12,1,2,120,150.004,160.004,210.005
separate-core-cpu1-prefetch,learning,within-page:trained,33554432,0,-2,12,1,2,120,30.0007,30.0007,40.001
separate-core-cpu1-prefetch,learning,within-page:hot,33554432,0,-2,12,1,2,120,30.0007,30.0007,30.0007
separate-core-cpu1-prefetch,learning,within-page:cold,33554432,0,-2,16,1,0,120,150.004,160.004,210.005
separate-core-cpu1-prefetch,learning,within-page:trained,33554432,0,-2,16,1,0,120,30.0007,30.0007,40.001
separate-core-cpu1-prefetch,learning,within-page:hot,33554432,0,-2,16,1,0,120,30.0007,30.0007,30.0007
separate-core-cpu1-prefetch,learning,within-page:cold,33554432,0,-2,16,1,1,120,150.004,160.004,230.006
separate-core-cpu1-prefetch,learning,within-page:trained,33554432,0,-2,16,1,1,120,30.0007,30.0007,30.0007
separate-core-cpu1-prefetch,learning,within-page:hot,33554432,0,-2,16,1,1,120,30.0007,30.0007,30.0007
separate-core-cpu1-prefetch,learning,within-page:cold,33554432,0,-2,16,1,2,120,150.004,160.004,220.005
separate-core-cpu1-prefetch,learning,within-page:trained,33554432,0,-2,16,1,2,120,30.0007,30.0007,40.001
separate-core-cpu1-prefetch,learning,within-page:hot,33554432,0,-2,16,1,2,120,30.0007,30.0007,30.0007
separate-core-cpu1-prefetch,lookahead,within-page:cold,33554432,0,1,8,1,0,120,150.004,160.004,200.005
separate-core-cpu1-prefetch,lookahead,within-page:trained,33554432,0,1,8,1,0,120,30.0007,50.0012,80.002
separate-core-cpu1-prefetch,lookahead,within-page:hot,33554432,0,1,8,1,0,120,30.0007,30.0007,30.0007
separate-core-cpu1-prefetch,lookahead,within-page:cold,33554432,0,1,8,1,1,120,150.004,160.004,200.005
separate-core-cpu1-prefetch,lookahead,within-page:trained,33554432,0,1,8,1,1,120,30.0007,50.0012,90.0022
separate-core-cpu1-prefetch,lookahead,within-page:hot,33554432,0,1,8,1,1,120,30.0007,30.0007,30.0007
separate-core-cpu1-prefetch,lookahead,within-page:cold,33554432,0,1,8,1,2,120,150.004,160.004,250.006
separate-core-cpu1-prefetch,lookahead,within-page:trained,33554432,0,1,8,1,2,120,30.0007,60.0015,100.002
separate-core-cpu1-prefetch,lookahead,within-page:hot,33554432,0,1,8,1,2,120,30.0007,30.0007,30.0007
separate-core-cpu1-prefetch,lookahead,cross-page:cold,33554432,0,1,8,1,0,120,150.004,160.004,210.005
separate-core-cpu1-prefetch,lookahead,cross-page:trained,33554432,0,1,8,1,0,120,30.0007,60.0015,110.003
separate-core-cpu1-prefetch,lookahead,cross-page:hot,33554432,0,1,8,1,0,120,30.0007,30.0007,30.0007
separate-core-cpu1-prefetch,lookahead,cross-page:cold,33554432,0,1,8,1,1,120,150.004,160.004,210.005
separate-core-cpu1-prefetch,lookahead,cross-page:trained,33554432,0,1,8,1,1,120,30.0007,70.0017,190.005
separate-core-cpu1-prefetch,lookahead,cross-page:hot,33554432,0,1,8,1,1,120,30.0007,30.0007,30.0007
separate-core-cpu1-prefetch,lookahead,cross-page:cold,33554432,0,1,8,1,2,120,150.004,160.004,200.005
separate-core-cpu1-prefetch,lookahead,cross-page:trained,33554432,0,1,8,1,2,120,30.0007,60.0015,160.004
separate-core-cpu1-prefetch,lookahead,cross-page:hot,33554432,0,1,8,1,2,120,30.0007,30.0007,30.0007
separate-core-cpu1-prefetch,lookahead,within-page:cold,33554432,0,1,8,2,0,120,150.004,160.004,200.005
separate-core-cpu1-prefetch,lookahead,within-page:trained,33554432,0,1,8,2,0,120,30.0007,60.0015,90.0022
separate-core-cpu1-prefetch,lookahead,within-page:hot,33554432,0,1,8,2,0,120,30.0007,30.0007,30.0007
separate-core-cpu1-prefetch,lookahead,within-page:cold,33554432,0,1,8,2,1,120,150.004,160.004,190.005
separate-core-cpu1-prefetch,lookahead,within-page:trained,33554432,0,1,8,2,1,120,30.0007,60.0015,90.0022
separate-core-cpu1-prefetch,lookahead,within-page:hot,33554432,0,1,8,2,1,120,30.0007,30.0007,30.0007
separate-core-cpu1-prefetch,lookahead,within-page:cold,33554432,0,1,8,2,2,120,150.004,160.004,190.005
separate-core-cpu1-prefetch,lookahead,within-page:trained,33554432,0,1,8,2,2,120,30.0007,60.0015,90.0022
separate-core-cpu1-prefetch,lookahead,within-page:hot,33554432,0,1,8,2,2,120,30.0007,30.0007,30.0007
separate-core-cpu1-prefetch,lookahead,cross-page:cold,33554432,0,1,8,2,0,120,150.004,170.004,240.006
separate-core-cpu1-prefetch,lookahead,cross-page:trained,33554432,0,1,8,2,0,120,30.0007,60.0015,150.004
separate-core-cpu1-prefetch,lookahead,cross-page:hot,33554432,0,1,8,2,0,120,30.0007,30.0007,30.0007
separate-core-cpu1-prefetch,lookahead,cross-page:cold,33554432,0,1,8,2,1,120,150.004,160.004,240.006
separate-core-cpu1-prefetch,lookahead,cross-page:trained,33554432,0,1,8,2,1,120,30.0007,60.0015,170.004
separate-core-cpu1-prefetch,lookahead,cross-page:hot,33554432,0,1,8,2,1,120,30.0007,30.0007,30.0007
separate-core-cpu1-prefetch,lookahead,cross-page:cold,33554432,0,1,8,2,2,120,150.004,160.004,210.005
separate-core-cpu1-prefetch,lookahead,cross-page:trained,33554432,0,1,8,2,2,120,30.0007,70.0017,160.004
separate-core-cpu1-prefetch,lookahead,cross-page:hot,33554432,0,1,8,2,2,120,30.0007,30.0007,30.0007
separate-core-cpu1-prefetch,lookahead,within-page:cold,33554432,0,1,8,4,0,120,150.004,160.004,210.005
separate-core-cpu1-prefetch,lookahead,within-page:trained,33554432,0,1,8,4,0,120,30.0007,70.0017,110.003
separate-core-cpu1-prefetch,lookahead,within-page:hot,33554432,0,1,8,4,0,120,30.0007,30.0007,30.0007
separate-core-cpu1-prefetch,lookahead,within-page:cold,33554432,0,1,8,4,1,120,150.004,170.004,220.005
separate-core-cpu1-prefetch,lookahead,within-page:trained,33554432,0,1,8,4,1,120,30.0007,70.0017,100.002
separate-core-cpu1-prefetch,lookahead,within-page:hot,33554432,0,1,8,4,1,120,30.0007,30.0007,30.0007
separate-core-cpu1-prefetch,lookahead,within-page:cold,33554432,0,1,8,4,2,120,150.004,170.004,200.005
separate-core-cpu1-prefetch,lookahead,within-page:trained,33554432,0,1,8,4,2,120,30.0007,60.0015,110.003
separate-core-cpu1-prefetch,lookahead,within-page:hot,33554432,0,1,8,4,2,120,30.0007,30.0007,30.0007
separate-core-cpu1-prefetch,lookahead,cross-page:cold,33554432,0,1,8,4,0,120,150.004,170.004,210.005
separate-core-cpu1-prefetch,lookahead,cross-page:trained,33554432,0,1,8,4,0,120,30.0007,70.0017,160.004
separate-core-cpu1-prefetch,lookahead,cross-page:hot,33554432,0,1,8,4,0,120,30.0007,30.0007,30.0007
separate-core-cpu1-prefetch,lookahead,cross-page:cold,33554432,0,1,8,4,1,120,150.004,160.004,190.005
separate-core-cpu1-prefetch,lookahead,cross-page:trained,33554432,0,1,8,4,1,120,40.001,80.002,160.004
separate-core-cpu1-prefetch,lookahead,cross-page:hot,33554432,0,1,8,4,1,120,30.0007,30.0007,30.0007
separate-core-cpu1-prefetch,lookahead,cross-page:cold,33554432,0,1,8,4,2,120,150.004,170.004,200.005
separate-core-cpu1-prefetch,lookahead,cross-page:trained,33554432,0,1,8,4,2,120,30.0007,70.0017,160.004
separate-core-cpu1-prefetch,lookahead,cross-page:hot,33554432,0,1,8,4,2,120,30.0007,30.0007,30.0007
separate-core-cpu1-prefetch,lookahead,within-page:cold,33554432,0,1,8,8,0,120,150.004,160.004,220.005
separate-core-cpu1-prefetch,lookahead,within-page:trained,33554432,0,1,8,8,0,120,40.001,80.002,110.003
separate-core-cpu1-prefetch,lookahead,within-page:hot,33554432,0,1,8,8,0,120,30.0007,30.0007,30.0007
separate-core-cpu1-prefetch,lookahead,within-page:cold,33554432,0,1,8,8,1,120,150.004,160.004,200.005
separate-core-cpu1-prefetch,lookahead,within-page:trained,33554432,0,1,8,8,1,120,50.0012,80.002,150.004
separate-core-cpu1-prefetch,lookahead,within-page:hot,33554432,0,1,8,8,1,120,30.0007,30.0007,30.0007
separate-core-cpu1-prefetch,lookahead,within-page:cold,33554432,0,1,8,8,2,120,150.004,160.004,210.005
separate-core-cpu1-prefetch,lookahead,within-page:trained,33554432,0,1,8,8,2,120,40.001,80.002,120.003
separate-core-cpu1-prefetch,lookahead,within-page:hot,33554432,0,1,8,8,2,120,30.0007,30.0007,30.0007
separate-core-cpu1-prefetch,lookahead,cross-page:cold,33554432,0,1,8,8,0,120,150.004,170.004,210.005
separate-core-cpu1-prefetch,lookahead,cross-page:trained,33554432,0,1,8,8,0,120,40.001,90.0022,170.004
separate-core-cpu1-prefetch,lookahead,cross-page:hot,33554432,0,1,8,8,0,120,30.0007,30.0007,30.0007
separate-core-cpu1-prefetch,lookahead,cross-page:cold,33554432,0,1,8,8,1,120,150.004,160.004,210.005
separate-core-cpu1-prefetch,lookahead,cross-page:trained,33554432,0,1,8,8,1,120,70.0017,90.0022,170.004
separate-core-cpu1-prefetch,lookahead,cross-page:hot,33554432,0,1,8,8,1,120,30.0007,30.0007,30.0007
separate-core-cpu1-prefetch,lookahead,cross-page:cold,33554432,0,1,8,8,2,120,150.004,160.004,190.005
separate-core-cpu1-prefetch,lookahead,cross-page:trained,33554432,0,1,8,8,2,120,60.0015,90.0022,170.004
separate-core-cpu1-prefetch,lookahead,cross-page:hot,33554432,0,1,8,8,2,120,30.0007,30.0007,30.0007
separate-core-cpu1-prefetch,lookahead,within-page:cold,33554432,0,1,8,16,0,120,150.004,170.004,210.005
separate-core-cpu1-prefetch,lookahead,within-page:trained,33554432,0,1,8,16,0,120,90.0022,110.003,180.004
separate-core-cpu1-prefetch,lookahead,within-page:hot,33554432,0,1,8,16,0,120,30.0007,30.0007,30.0007
separate-core-cpu1-prefetch,lookahead,within-page:cold,33554432,0,1,8,16,1,120,150.004,170.004,230.006
separate-core-cpu1-prefetch,lookahead,within-page:trained,33554432,0,1,8,16,1,120,80.002,110.003,180.004
separate-core-cpu1-prefetch,lookahead,within-page:hot,33554432,0,1,8,16,1,120,30.0007,30.0007,30.0007
separate-core-cpu1-prefetch,lookahead,within-page:cold,33554432,0,1,8,16,2,120,150.004,170.004,210.005
separate-core-cpu1-prefetch,lookahead,within-page:trained,33554432,0,1,8,16,2,120,80.002,120.003,180.004
separate-core-cpu1-prefetch,lookahead,within-page:hot,33554432,0,1,8,16,2,120,30.0007,30.0007,30.0007
separate-core-cpu1-prefetch,lookahead,cross-page:cold,33554432,0,1,8,16,0,120,150.004,170.004,220.005
separate-core-cpu1-prefetch,lookahead,cross-page:trained,33554432,0,1,8,16,0,120,140.003,160.004,200.005
separate-core-cpu1-prefetch,lookahead,cross-page:hot,33554432,0,1,8,16,0,120,30.0007,30.0007,30.0007
separate-core-cpu1-prefetch,lookahead,cross-page:cold,33554432,0,1,8,16,1,120,150.004,160.004,200.005
separate-core-cpu1-prefetch,lookahead,cross-page:trained,33554432,0,1,8,16,1,120,140.003,160.004,200.005
separate-core-cpu1-prefetch,lookahead,cross-page:hot,33554432,0,1,8,16,1,120,30.0007,30.0007,30.0007
separate-core-cpu1-prefetch,lookahead,cross-page:cold,33554432,0,1,8,16,2,120,150.004,170.004,200.005
separate-core-cpu1-prefetch,lookahead,cross-page:trained,33554432,0,1,8,16,2,120,140.003,160.004,210.005
separate-core-cpu1-prefetch,lookahead,cross-page:hot,33554432,0,1,8,16,2,120,30.0007,30.0007,30.0007
separate-core-cpu1-prefetch,retention,shared-pc:cold,33554432,0,2,8,1,0,120,150.004,160.004,200.005
separate-core-cpu1-prefetch,retention,shared-pc:trained,33554432,0,2,8,1,0,120,40.001,160.004,210.005
separate-core-cpu1-prefetch,retention,shared-pc:hot,33554432,0,2,8,1,0,120,20.0005,30.0007,30.0007
separate-core-cpu1-prefetch,retention,shared-pc:cold,33554432,0,2,8,1,1,120,150.004,170.004,220.005
separate-core-cpu1-prefetch,retention,shared-pc:trained,33554432,0,2,8,1,1,120,40.001,160.004,210.005
separate-core-cpu1-prefetch,retention,shared-pc:hot,33554432,0,2,8,1,1,120,30.0007,30.0007,30.0007
separate-core-cpu1-prefetch,retention,shared-pc:cold,33554432,0,2,8,1,2,120,150.004,170.004,220.005
separate-core-cpu1-prefetch,retention,shared-pc:trained,33554432,0,2,8,1,2,120,150.004,170.004,220.005
separate-core-cpu1-prefetch,retention,shared-pc:hot,33554432,0,2,8,1,2,120,30.0007,30.0007,30.0007
separate-core-cpu1-prefetch,retention,distinct-pc:cold,33554432,0,2,8,1,0,120,150.004,170.004,220.005
separate-core-cpu1-prefetch,retention,distinct-pc:trained,33554432,0,2,8,1,0,120,40.001,160.004,190.005
separate-core-cpu1-prefetch,retention,distinct-pc:hot,33554432,0,2,8,1,0,120,30.0007,30.0007,30.0007
separate-core-cpu1-prefetch,retention,distinct-pc:cold,33554432,0,2,8,1,1,120,150.004,160.004,200.005
separate-core-cpu1-prefetch,retention,distinct-pc:trained,33554432,0,2,8,1,1,120,150.004,160.004,210.005
separate-core-cpu1-prefetch,retention,distinct-pc:hot,33554432,0,2,8,1,1,120,20.0005,30.0007,30.0007
separate-core-cpu1-prefetch,retention,distinct-pc:cold,33554432,0,2,8,1,2,120,150.004,170.004,210.005
separate-core-cpu1-prefetch,retention,distinct-pc:trained,33554432,0,2,8,1,2,120,150.004,160.004,210.005
separate-core-cpu1-prefetch,retention,distinct-pc:hot,33554432,0,2,8,1,2,120,30.0007,30.0007,30.0007
separate-core-cpu1-prefetch,retention,shared-pc:cold,33554432,1,2,8,1,0,120,150.004,160.004,220.005
separate-core-cpu1-prefetch,retention,shared-pc:trained,33554432,1,2,8,1,0,120,30.0007,160.004,200.005
separate-core-cpu1-prefetch,retention,shared-pc:hot,33554432,1,2,8,1,0,120,30.0007,30.0007,30.0007
separate-core-cpu1-prefetch,retention,shared-pc:cold,33554432,1,2,8,1,1,120,150.004,160.004,200.005
separate-core-cpu1-prefetch,retention,shared-pc:trained,33554432,1,2,8,1,1,120,40.001,160.004,200.005
separate-core-cpu1-prefetch,retention,shared-pc:hot,33554432,1,2,8,1,1,120,30.0007,30.0007,30.0007
separate-core-cpu1-prefetch,retention,shared-pc:cold,33554432,1,2,8,1,2,120,150.004,170.004,200.005
separate-core-cpu1-prefetch,retention,shared-pc:trained,33554432,1,2,8,1,2,120,40.001,160.004,200.005
separate-core-cpu1-prefetch,retention,shared-pc:hot,33554432,1,2,8,1,2,120,30.0007,30.0007,30.0007
separate-core-cpu1-prefetch,retention,distinct-pc:cold,33554432,1,2,8,1,0,120,150.004,160.004,210.005
separate-core-cpu1-prefetch,retention,distinct-pc:trained,33554432,1,2,8,1,0,120,40.001,160.004,200.005
separate-core-cpu1-prefetch,retention,distinct-pc:hot,33554432,1,2,8,1,0,120,30.0007,30.0007,30.0007
separate-core-cpu1-prefetch,retention,distinct-pc:cold,33554432,1,2,8,1,1,120,150.004,160.004,220.005
separate-core-cpu1-prefetch,retention,distinct-pc:trained,33554432,1,2,8,1,1,120,140.003,160.004,220.005
separate-core-cpu1-prefetch,retention,distinct-pc:hot,33554432,1,2,8,1,1,120,30.0007,30.0007,30.0007
separate-core-cpu1-prefetch,retention,distinct-pc:cold,33554432,1,2,8,1,2,120,150.004,160.004,210.005
separate-core-cpu1-prefetch,retention,distinct-pc:trained,33554432,1,2,8,1,2,120,30.0007,160.004,200.005
separate-core-cpu1-prefetch,retention,distinct-pc:hot,33554432,1,2,8,1,2,120,30.0007,30.0007,30.0007
separate-core-cpu1-prefetch,retention,shared-pc:cold,33554432,2,2,8,1,0,120,150.004,160.004,210.005
separate-core-cpu1-prefetch,retention,shared-pc:trained,33554432,2,2,8,1,0,120,40.001,160.004,210.005
separate-core-cpu1-prefetch,retention,shared-pc:hot,33554432,2,2,8,1,0,120,30.0007,30.0007,30.0007
separate-core-cpu1-prefetch,retention,shared-pc:cold,33554432,2,2,8,1,1,120,150.004,160.004,220.005
separate-core-cpu1-prefetch,retention,shared-pc:trained,33554432,2,2,8,1,1,120,30.0007,160.004,200.005
separate-core-cpu1-prefetch,retention,shared-pc:hot,33554432,2,2,8,1,1,120,30.0007,30.0007,30.0007
separate-core-cpu1-prefetch,retention,shared-pc:cold,33554432,2,2,8,1,2,120,150.004,160.004,210.005
separate-core-cpu1-prefetch,retention,shared-pc:trained,33554432,2,2,8,1,2,120,40.001,160.004,190.005
separate-core-cpu1-prefetch,retention,shared-pc:hot,33554432,2,2,8,1,2,120,30.0007,30.0007,30.0007
separate-core-cpu1-prefetch,retention,distinct-pc:cold,33554432,2,2,8,1,0,120,150.004,160.004,200.005
separate-core-cpu1-prefetch,retention,distinct-pc:trained,33554432,2,2,8,1,0,120,30.0007,160.004,190.005
separate-core-cpu1-prefetch,retention,distinct-pc:hot,33554432,2,2,8,1,0,120,30.0007,30.0007,30.0007
separate-core-cpu1-prefetch,retention,distinct-pc:cold,33554432,2,2,8,1,1,120,150.004,160.004,200.005
separate-core-cpu1-prefetch,retention,distinct-pc:trained,33554432,2,2,8,1,1,120,140.003,160.004,190.005
separate-core-cpu1-prefetch,retention,distinct-pc:hot,33554432,2,2,8,1,1,120,30.0007,30.0007,30.0007
separate-core-cpu1-prefetch,retention,distinct-pc:cold,33554432,2,2,8,1,2,120,150.004,160.004,200.005
separate-core-cpu1-prefetch,retention,distinct-pc:trained,33554432,2,2,8,1,2,120,40.001,160.004,200.005
separate-core-cpu1-prefetch,retention,distinct-pc:hot,33554432,2,2,8,1,2,120,20.0005,30.0007,30.0007
separate-core-cpu1-prefetch,retention,shared-pc:cold,33554432,4,2,8,1,0,120,150.004,170.004,210.005
separate-core-cpu1-prefetch,retention,shared-pc:trained,33554432,4,2,8,1,0,120,30.0007,160.004,200.005
separate-core-cpu1-prefetch,retention,shared-pc:hot,33554432,4,2,8,1,0,120,30.0007,30.0007,30.0007
separate-core-cpu1-prefetch,retention,shared-pc:cold,33554432,4,2,8,1,1,120,150.004,170.004,210.005
separate-core-cpu1-prefetch,retention,shared-pc:trained,33554432,4,2,8,1,1,120,30.0007,160.004,200.005
separate-core-cpu1-prefetch,retention,shared-pc:hot,33554432,4,2,8,1,1,120,30.0007,30.0007,30.0007
separate-core-cpu1-prefetch,retention,shared-pc:cold,33554432,4,2,8,1,2,120,150.004,170.004,210.005
separate-core-cpu1-prefetch,retention,shared-pc:trained,33554432,4,2,8,1,2,120,30.0007,160.004,190.005
separate-core-cpu1-prefetch,retention,shared-pc:hot,33554432,4,2,8,1,2,120,30.0007,30.0007,30.0007
separate-core-cpu1-prefetch,retention,distinct-pc:cold,33554432,4,2,8,1,0,120,150.004,170.004,210.005
separate-core-cpu1-prefetch,retention,distinct-pc:trained,33554432,4,2,8,1,0,120,40.001,160.004,200.005
separate-core-cpu1-prefetch,retention,distinct-pc:hot,33554432,4,2,8,1,0,120,30.0007,30.0007,30.0007
separate-core-cpu1-prefetch,retention,distinct-pc:cold,33554432,4,2,8,1,1,120,150.004,160.004,240.006
separate-core-cpu1-prefetch,retention,distinct-pc:trained,33554432,4,2,8,1,1,120,30.0007,160.004,200.005
separate-core-cpu1-prefetch,retention,distinct-pc:hot,33554432,4,2,8,1,1,120,30.0007,30.0007,30.0007
separate-core-cpu1-prefetch,retention,distinct-pc:cold,33554432,4,2,8,1,2,120,150.004,170.004,210.005
separate-core-cpu1-prefetch,retention,distinct-pc:trained,33554432,4,2,8,1,2,120,30.0007,160.004,190.005
separate-core-cpu1-prefetch,retention,distinct-pc:hot,33554432,4,2,8,1,2,120,30.0007,30.0007,30.0007
separate-core-cpu1-prefetch,retention,shared-pc:cold,33554432,8,2,8,1,0,120,150.004,160.004,210.005
separate-core-cpu1-prefetch,retention,shared-pc:trained,33554432,8,2,8,1,0,120,30.0007,30.0007,180.004
separate-core-cpu1-prefetch,retention,shared-pc:hot,33554432,8,2,8,1,0,120,30.0007,30.0007,30.0007
separate-core-cpu1-prefetch,retention,shared-pc:cold,33554432,8,2,8,1,1,120,150.004,160.004,200.005
separate-core-cpu1-prefetch,retention,shared-pc:trained,33554432,8,2,8,1,1,120,30.0007,30.0007,180.004
separate-core-cpu1-prefetch,retention,shared-pc:hot,33554432,8,2,8,1,1,120,30.0007,30.0007,30.0007
separate-core-cpu1-prefetch,retention,shared-pc:cold,33554432,8,2,8,1,2,120,150.004,160.004,190.005
separate-core-cpu1-prefetch,retention,shared-pc:trained,33554432,8,2,8,1,2,120,30.0007,30.0007,170.004
separate-core-cpu1-prefetch,retention,shared-pc:hot,33554432,8,2,8,1,2,120,30.0007,30.0007,30.0007
separate-core-cpu1-prefetch,retention,distinct-pc:cold,33554432,8,2,8,1,0,120,150.004,170.004,230.006
separate-core-cpu1-prefetch,retention,distinct-pc:trained,33554432,8,2,8,1,0,120,30.0007,150.004,200.005
separate-core-cpu1-prefetch,retention,distinct-pc:hot,33554432,8,2,8,1,0,120,30.0007,30.0007,30.0007
separate-core-cpu1-prefetch,retention,distinct-pc:cold,33554432,8,2,8,1,1,120,150.004,160.004,200.005
separate-core-cpu1-prefetch,retention,distinct-pc:trained,33554432,8,2,8,1,1,120,30.0007,160.004,190.005
separate-core-cpu1-prefetch,retention,distinct-pc:hot,33554432,8,2,8,1,1,120,30.0007,30.0007,30.0007
separate-core-cpu1-prefetch,retention,distinct-pc:cold,33554432,8,2,8,1,2,120,150.004,170.004,230.006
separate-core-cpu1-prefetch,retention,distinct-pc:trained,33554432,8,2,8,1,2,120,30.0007,150.004,190.005
separate-core-cpu1-prefetch,retention,distinct-pc:hot,33554432,8,2,8,1,2,120,20.0005,30.0007,30.0007
separate-core-cpu1-prefetch,retention,shared-pc:cold,33554432,12,2,8,1,0,120,150.004,170.004,210.005
separate-core-cpu1-prefetch,retention,shared-pc:trained,33554432,12,2,8,1,0,120,30.0007,30.0007,30.0007
separate-core-cpu1-prefetch,retention,shared-pc:hot,33554432,12,2,8,1,0,120,30.0007,30.0007,30.0007
separate-core-cpu1-prefetch,retention,shared-pc:cold,33554432,12,2,8,1,1,120,150.004,170.004,220.005
separate-core-cpu1-prefetch,retention,shared-pc:trained,33554432,12,2,8,1,1,120,30.0007,30.0007,30.0007
separate-core-cpu1-prefetch,retention,shared-pc:hot,33554432,12,2,8,1,1,120,30.0007,30.0007,30.0007
separate-core-cpu1-prefetch,retention,shared-pc:cold,33554432,12,2,8,1,2,120,150.004,160.004,220.005
separate-core-cpu1-prefetch,retention,shared-pc:trained,33554432,12,2,8,1,2,120,30.0007,30.0007,30.0007
separate-core-cpu1-prefetch,retention,shared-pc:hot,33554432,12,2,8,1,2,120,30.0007,30.0007,30.0007
separate-core-cpu1-prefetch,retention,distinct-pc:cold,33554432,12,2,8,1,0,120,150.004,170.004,210.005
separate-core-cpu1-prefetch,retention,distinct-pc:trained,33554432,12,2,8,1,0,120,30.0007,130.003,190.005
separate-core-cpu1-prefetch,retention,distinct-pc:hot,33554432,12,2,8,1,0,120,30.0007,30.0007,30.0007
separate-core-cpu1-prefetch,retention,distinct-pc:cold,33554432,12,2,8,1,1,120,150.004,170.004,260.006
separate-core-cpu1-prefetch,retention,distinct-pc:trained,33554432,12,2,8,1,1,120,30.0007,30.0007,180.004
separate-core-cpu1-prefetch,retention,distinct-pc:hot,33554432,12,2,8,1,1,120,30.0007,30.0007,30.0007
separate-core-cpu1-prefetch,retention,distinct-pc:cold,33554432,12,2,8,1,2,120,150.004,170.004,230.006
separate-core-cpu1-prefetch,retention,distinct-pc:trained,33554432,12,2,8,1,2,120,30.0007,30.0007,160.004
separate-core-cpu1-prefetch,retention,distinct-pc:hot,33554432,12,2,8,1,2,120,30.0007,30.0007,30.0007
separate-core-cpu1-prefetch,retention,shared-pc:cold,33554432,16,2,8,1,0,120,150.004,160.004,220.005
separate-core-cpu1-prefetch,retention,shared-pc:trained,33554432,16,2,8,1,0,120,30.0007,30.0007,30.0007
separate-core-cpu1-prefetch,retention,shared-pc:hot,33554432,16,2,8,1,0,120,30.0007,30.0007,30.0007
separate-core-cpu1-prefetch,retention,shared-pc:cold,33554432,16,2,8,1,1,120,150.004,160.004,200.005
separate-core-cpu1-prefetch,retention,shared-pc:trained,33554432,16,2,8,1,1,120,30.0007,30.0007,30.0007
separate-core-cpu1-prefetch,retention,shared-pc:hot,33554432,16,2,8,1,1,120,30.0007,30.0007,30.0007
separate-core-cpu1-prefetch,retention,shared-pc:cold,33554432,16,2,8,1,2,120,150.004,170.004,200.005
separate-core-cpu1-prefetch,retention,shared-pc:trained,33554432,16,2,8,1,2,120,30.0007,30.0007,30.0007
separate-core-cpu1-prefetch,retention,shared-pc:hot,33554432,16,2,8,1,2,120,30.0007,30.0007,30.0007
separate-core-cpu1-prefetch,retention,distinct-pc:cold,33554432,16,2,8,1,0,120,150.004,170.004,240.006
separate-core-cpu1-prefetch,retention,distinct-pc:trained,33554432,16,2,8,1,0,120,30.0007,30.0007,30.0007
separate-core-cpu1-prefetch,retention,distinct-pc:hot,33554432,16,2,8,1,0,120,30.0007,30.0007,30.0007
separate-core-cpu1-prefetch,retention,distinct-pc:cold,33554432,16,2,8,1,1,120,150.004,170.004,210.005
separate-core-cpu1-prefetch,retention,distinct-pc:trained,33554432,16,2,8,1,1,120,30.0007,30.0007,30.0007
separate-core-cpu1-prefetch,retention,distinct-pc:hot,33554432,16,2,8,1,1,120,30.0007,30.0007,30.0007
separate-core-cpu1-prefetch,retention,distinct-pc:cold,33554432,16,2,8,1,2,120,150.004,170.004,220.005
separate-core-cpu1-prefetch,retention,distinct-pc:trained,33554432,16,2,8,1,2,120,30.0007,30.0007,30.0007
separate-core-cpu1-prefetch,retention,distinct-pc:hot,33554432,16,2,8,1,2,120,30.0007,30.0007,30.0007
separate-core-cpu1-prefetch,retention,shared-pc:cold,33554432,24,2,8,1,0,120,150.004,170.004,210.005
separate-core-cpu1-prefetch,retention,shared-pc:trained,33554432,24,2,8,1,0,120,30.0007,30.0007,30.0007
separate-core-cpu1-prefetch,retention,shared-pc:hot,33554432,24,2,8,1,0,120,30.0007,30.0007,30.0007
separate-core-cpu1-prefetch,retention,shared-pc:cold,33554432,24,2,8,1,1,120,150.004,160.004,210.005
separate-core-cpu1-prefetch,retention,shared-pc:trained,33554432,24,2,8,1,1,120,30.0007,30.0007,30.0007
separate-core-cpu1-prefetch,retention,shared-pc:hot,33554432,24,2,8,1,1,120,30.0007,30.0007,30.0007
separate-core-cpu1-prefetch,retention,shared-pc:cold,33554432,24,2,8,1,2,120,150.004,160.004,220.005
separate-core-cpu1-prefetch,retention,shared-pc:trained,33554432,24,2,8,1,2,120,30.0007,30.0007,30.0007
separate-core-cpu1-prefetch,retention,shared-pc:hot,33554432,24,2,8,1,2,120,30.0007,30.0007,30.0007
separate-core-cpu1-prefetch,retention,distinct-pc:cold,33554432,24,2,8,1,0,120,150.004,170.004,200.005
separate-core-cpu1-prefetch,retention,distinct-pc:trained,33554432,24,2,8,1,0,120,30.0007,30.0007,30.0007
separate-core-cpu1-prefetch,retention,distinct-pc:hot,33554432,24,2,8,1,0,120,30.0007,30.0007,30.0007
separate-core-cpu1-prefetch,retention,distinct-pc:cold,33554432,24,2,8,1,1,120,150.004,170.004,220.005
separate-core-cpu1-prefetch,retention,distinct-pc:trained,33554432,24,2,8,1,1,120,30.0007,30.0007,30.0007
separate-core-cpu1-prefetch,retention,distinct-pc:hot,33554432,24,2,8,1,1,120,30.0007,30.0007,30.0007
separate-core-cpu1-prefetch,retention,distinct-pc:cold,33554432,24,2,8,1,2,120,150.004,170.004,230.006
separate-core-cpu1-prefetch,retention,distinct-pc:trained,33554432,24,2,8,1,2,120,30.0007,30.0007,30.0007
separate-core-cpu1-prefetch,retention,distinct-pc:hot,33554432,24,2,8,1,2,120,30.0007,30.0007,30.0007
separate-core-cpu1-prefetch,retention,shared-pc:cold,33554432,32,2,8,1,0,120,150.004,170.004,230.006
separate-core-cpu1-prefetch,retention,shared-pc:trained,33554432,32,2,8,1,0,120,30.0007,150.004,190.005
separate-core-cpu1-prefetch,retention,shared-pc:hot,33554432,32,2,8,1,0,120,30.0007,30.0007,30.0007
separate-core-cpu1-prefetch,retention,shared-pc:cold,33554432,32,2,8,1,1,120,150.004,170.004,230.006
separate-core-cpu1-prefetch,retention,shared-pc:trained,33554432,32,2,8,1,1,120,30.0007,30.0007,180.004
separate-core-cpu1-prefetch,retention,shared-pc:hot,33554432,32,2,8,1,1,120,30.0007,30.0007,30.0007
separate-core-cpu1-prefetch,retention,shared-pc:cold,33554432,32,2,8,1,2,120,150.004,170.004,200.005
separate-core-cpu1-prefetch,retention,shared-pc:trained,33554432,32,2,8,1,2,120,30.0007,30.0007,170.004
separate-core-cpu1-prefetch,retention,shared-pc:hot,33554432,32,2,8,1,2,120,30.0007,30.0007,30.0007
separate-core-cpu1-prefetch,retention,distinct-pc:cold,33554432,32,2,8,1,0,120,150.004,170.004,220.005
separate-core-cpu1-prefetch,retention,distinct-pc:trained,33554432,32,2,8,1,0,120,30.0007,30.0007,190.005
separate-core-cpu1-prefetch,retention,distinct-pc:hot,33554432,32,2,8,1,0,120,30.0007,30.0007,30.0007
separate-core-cpu1-prefetch,retention,distinct-pc:cold,33554432,32,2,8,1,1,120,150.004,170.004,210.005
separate-core-cpu1-prefetch,retention,distinct-pc:trained,33554432,32,2,8,1,1,120,30.0007,30.0007,190.005
separate-core-cpu1-prefetch,retention,distinct-pc:hot,33554432,32,2,8,1,1,120,30.0007,30.0007,30.0007
separate-core-cpu1-prefetch,retention,distinct-pc:cold,33554432,32,2,8,1,2,120,150.004,170.004,220.005
separate-core-cpu1-prefetch,retention,distinct-pc:trained,33554432,32,2,8,1,2,120,30.0007,30.0007,180.004
separate-core-cpu1-prefetch,retention,distinct-pc:hot,33554432,32,2,8,1,2,120,30.0007,30.0007,30.0007
separate-core-cpu1-prefetch,retention,shared-pc:cold,33554432,48,2,8,1,0,120,150.004,160.004,200.005
separate-core-cpu1-prefetch,retention,shared-pc:trained,33554432,48,2,8,1,0,120,30.0007,30.0007,30.0007
separate-core-cpu1-prefetch,retention,shared-pc:hot,33554432,48,2,8,1,0,120,30.0007,30.0007,30.0007
separate-core-cpu1-prefetch,retention,shared-pc:cold,33554432,48,2,8,1,1,120,150.004,160.004,220.005
separate-core-cpu1-prefetch,retention,shared-pc:trained,33554432,48,2,8,1,1,120,30.0007,30.0007,30.0007
separate-core-cpu1-prefetch,retention,shared-pc:hot,33554432,48,2,8,1,1,120,30.0007,30.0007,30.0007
separate-core-cpu1-prefetch,retention,shared-pc:cold,33554432,48,2,8,1,2,120,150.004,170.004,210.005
separate-core-cpu1-prefetch,retention,shared-pc:trained,33554432,48,2,8,1,2,120,30.0007,30.0007,30.0007
separate-core-cpu1-prefetch,retention,shared-pc:hot,33554432,48,2,8,1,2,120,30.0007,30.0007,30.0007
separate-core-cpu1-prefetch,retention,distinct-pc:cold,33554432,48,2,8,1,0,120,150.004,170.004,220.005
separate-core-cpu1-prefetch,retention,distinct-pc:trained,33554432,48,2,8,1,0,120,30.0007,30.0007,30.0007
separate-core-cpu1-prefetch,retention,distinct-pc:hot,33554432,48,2,8,1,0,120,30.0007,30.0007,30.0007
separate-core-cpu1-prefetch,retention,distinct-pc:cold,33554432,48,2,8,1,1,120,150.004,170.004,220.005
separate-core-cpu1-prefetch,retention,distinct-pc:trained,33554432,48,2,8,1,1,120,30.0007,30.0007,30.0007
separate-core-cpu1-prefetch,retention,distinct-pc:hot,33554432,48,2,8,1,1,120,30.0007,30.0007,30.0007
separate-core-cpu1-prefetch,retention,distinct-pc:cold,33554432,48,2,8,1,2,120,150.004,160.004,200.005
separate-core-cpu1-prefetch,retention,distinct-pc:trained,33554432,48,2,8,1,2,120,30.0007,30.0007,30.0007
separate-core-cpu1-prefetch,retention,distinct-pc:hot,33554432,48,2,8,1,2,120,30.0007,30.0007,30.0007
separate-core-cpu1-prefetch,retention,shared-pc:cold,33554432,64,2,8,1,0,120,150.004,170.004,200.005
separate-core-cpu1-prefetch,retention,shared-pc:trained,33554432,64,2,8,1,0,120,30.0007,30.0007,170.004
separate-core-cpu1-prefetch,retention,shared-pc:hot,33554432,64,2,8,1,0,120,30.0007,30.0007,30.0007
separate-core-cpu1-prefetch,retention,shared-pc:cold,33554432,64,2,8,1,1,120,150.004,160.004,210.005
separate-core-cpu1-prefetch,retention,shared-pc:trained,33554432,64,2,8,1,1,120,30.0007,30.0007,180.004
separate-core-cpu1-prefetch,retention,shared-pc:hot,33554432,64,2,8,1,1,120,30.0007,30.0007,30.0007
separate-core-cpu1-prefetch,retention,shared-pc:cold,33554432,64,2,8,1,2,120,150.004,170.004,210.005
separate-core-cpu1-prefetch,retention,shared-pc:trained,33554432,64,2,8,1,2,120,30.0007,30.0007,200.005
separate-core-cpu1-prefetch,retention,shared-pc:hot,33554432,64,2,8,1,2,120,30.0007,30.0007,30.0007
separate-core-cpu1-prefetch,retention,distinct-pc:cold,33554432,64,2,8,1,0,120,150.004,170.004,210.005
separate-core-cpu1-prefetch,retention,distinct-pc:trained,33554432,64,2,8,1,0,120,30.0007,30.0007,190.005
separate-core-cpu1-prefetch,retention,distinct-pc:hot,33554432,64,2,8,1,0,120,30.0007,30.0007,30.0007
separate-core-cpu1-prefetch,retention,distinct-pc:cold,33554432,64,2,8,1,1,120,150.004,160.004,210.005
separate-core-cpu1-prefetch,retention,distinct-pc:trained,33554432,64,2,8,1,1,120,30.0007,30.0007,170.004
separate-core-cpu1-prefetch,retention,distinct-pc:hot,33554432,64,2,8,1,1,120,30.0007,30.0007,30.0007
separate-core-cpu1-prefetch,retention,distinct-pc:cold,33554432,64,2,8,1,2,120,150.004,160.004,230.006
separate-core-cpu1-prefetch,retention,distinct-pc:trained,33554432,64,2,8,1,2,120,30.0007,30.0007,190.005
separate-core-cpu1-prefetch,retention,distinct-pc:hot,33554432,64,2,8,1,2,120,30.0007,30.0007,30.0007
