case,scope,changed_callback,before,after,ratio,before_min,before_max,after_min,after_max,before0,after1,after2,before3,edge_directions_agree,separated_gain,separated_loss
resident/predecessor/local/k1/h0/u64/get16,resident,False,6.2389890374750205,6.262041037551851,1.0036948293927697,6.208219513820148,6.2758624672998184,6.212823409333436,6.277222568266702,6.218012651812229,6.264498480134718,6.2554728290902855,6.275569972465499,False,False,False
resident/predecessor/striped/k1/h0/u64/get16,resident,False,6.237984451955862,6.240464307364968,1.000397541133391,6.215701529270579,6.243426282081935,6.220368515833019,6.258102230973001,6.238673428916462,6.239378833444277,6.245008408577337,6.229441835363759,True,False,False
resident/series/avx2/local/k1/h0/u64/get16,resident,False,3.6604002114527696,3.663753175051353,1.000916010109521,3.64261057622143,3.6721790709674886,3.6609651278377533,3.6687412396277175,3.653398078278477,3.662089070621749,3.6684748367066606,3.667402344627062,True,False,False
resident/series/avx2/local/k1/h0/u64/admitted-region/get16,resident,False,2.1541028167228067,2.146030211634878,0.9962524513568902,2.1501502585234005,2.1582890225905804,2.1434132866792264,2.147997738103826,2.1541538320430993,2.1458029060044166,2.14771828097531,2.1529692462140084,True,True,False
resident/series/avx2/local/k1/h0/u64/raw-dense/get16,resident,False,1.9461760913523198,2.0168663798484125,1.036322657959986,1.9373286642922474,1.9487707995852352,2.0135038258982005,2.0203220938593165,1.9486072974520559,2.0182560942657783,2.0151951344128283,1.946096199641313,True,False,True
resident/series/avx512/local/k1/h0/u64/get16,resident,False,7.270480112412683,7.270691041930872,1.0000290117729405,7.237091340843824,7.282986475405322,7.251385798175401,7.3170579610733615,7.246259077479572,7.253270594543954,7.2933564237896205,7.282204086506598,True,False,False
resident/series/avx512/local/k1/h0/u64/admitted-region/get16,resident,True,6.499593660886895,1.9585527510711955,0.30133464540365484,6.4685903410660135,6.5380068750000095,1.9546227805132792,1.971523034546091,6.482470959334442,1.9600941156159797,1.9570113865264114,6.524293437500003,True,True,False
resident/series/avx512/local/k1/h0/u64/raw-dense/get16,resident,True,6.232574594561349,1.9067460550234543,0.3059323279800475,6.206861057289481,6.263399700556055,1.8979412683748078,1.913621758209573,6.240322488125422,1.9083277111699175,1.905164398876991,6.222022044121573,True,True,False
resident/series/avx2/striped/k1/h0/u64/get16,resident,False,3.648699746631011,3.66505467200742,1.0044823982547508,3.6457731735489416,3.6592748513127753,3.6516156355457077,3.681588648421393,3.6483834697235906,3.6665851001922154,3.663524243822624,3.655252157422409,True,False,False
resident/series/avx2/striped/k1/h0/u64/admitted-region/get16,resident,False,1.9936822186963217,2.006363832133114,1.0063609001062792,1.9886216029461978,1.9976380559596583,2.0037677221136336,2.0104946800145385,1.996766064015634,2.0061661929927026,2.0065614712735256,1.9892921192008535,True,False,True
resident/series/avx2/striped/k1/h0/u64/raw-dense/get16,resident,False,2.159259021964821,2.15955576429167,1.0001374278508648,2.1529970680955284,2.1625225468387175,2.1530246631228187,2.174667846749596,2.1569542033672002,2.157815342196268,2.1612961863870725,2.1623139987735893,False,False,False
resident/series/avx512/striped/k1/h0/u64/get16,resident,False,7.276321067819433,7.2632653000879674,0.998205718575393,7.25463504489181,7.343392571099386,7.256374641011704,7.283430438048904,7.271014980202992,7.265483416265942,7.257862917757021,7.296993206216282,True,False,False
resident/series/avx512/striped/k1/h0/u64/admitted-region/get16,resident,True,6.223870891446122,1.936524996547155,0.3111447892032352,6.2163474284199465,6.239175552170626,1.932939977937788,1.9403119620898588,6.221429962079609,1.9402987906601128,1.9330011695630092,6.225924052741826,True,True,False
resident/series/avx512/striped/k1/h0/u64/raw-dense/get16,resident,True,6.242819209945127,1.8899614398841438,0.3027416582676845,6.221008774642246,6.261047985804533,1.8812316286333266,1.8902595068592631,6.2407209466338145,1.8902570394328855,1.889834294941785,6.244917473256439,True,True,False
resident/calico/local/k1/h0/u64/get16,resident,False,2.7121947437630523,2.7157407988458506,1.0013074485491695,2.7046396153862102,2.717468336514263,2.704063080375552,2.7225890039457745,2.7142806408977376,2.7196725438603675,2.7099220362154433,2.7050605690389906,True,False,False
resident/calico/striped/k1/h0/u64/get16,resident,False,3.520595990785517,3.5093828824722784,0.9968149971361137,3.50835999502644,3.5277209663975753,3.5051555075840786,3.5172126455230512,3.5265088320897946,3.508626050132248,3.5101397148123086,3.5187161074507567,True,False,False
resident/predecessor/local/k2/h0/u64/get16,resident,False,6.235308945201149,6.2537079507522595,1.0029507768921813,6.204321497018746,6.266375880332156,6.239927081748367,6.291502179956239,6.208286455375771,6.263931672923383,6.245280344168429,6.248399097450554,False,False,False
resident/predecessor/striped/k2/h0/u64/get16,resident,False,6.219570429584962,6.2562144312599415,1.0058917254961328,6.2065386617451885,6.246453098381596,6.238881128226511,6.267022069046508,6.221957499809658,6.253603913770954,6.25882494874893,6.217183359360266,True,False,False
resident/series/avx2/local/k2/h0/u64/get16,resident,False,3.6784164448017775,3.670593767645392,0.9978733573879487,3.665210627261361,3.685036796738004,3.652368501886386,3.687416272586111,3.673815998123889,3.674736377752685,3.665796006672357,3.6786135825711908,False,False,False
resident/series/avx2/local/k2/h0/u64/admitted-region/get16,resident,False,2.1519426155546375,2.149248329153991,0.9987479747920918,2.148378721959042,2.1540832992597383,2.14426388866137,2.1516953872362756,2.1508995555661405,2.1488807522471665,2.1510346878685707,2.1521684557355196,True,False,False
resident/series/avx2/local/k2/h0/u64/raw-dense/get16,resident,False,1.896811764275633,1.9031640284528657,1.0033489164802067,1.8902088226182983,1.899587622718069,1.8989525547366113,1.907704991113228,1.8977202322632671,1.9061645083814456,1.9004070609930372,1.8959032962879991,True,False,False
resident/series/avx512/local/k2/h0/u64/get16,resident,False,7.521775466174004,7.540410928726834,1.002477535076211,7.503691888072693,7.576090711765652,7.500813162094578,7.568732114272855,7.563652625666572,7.505662680124459,7.554643055587562,7.505174185603451,False,False,False
resident/series/avx512/local/k2/h0/u64/admitted-region/get16,resident,True,6.214281573098537,1.9467502638188727,0.313270366158866,6.202087956872719,6.255066167091844,1.9326646468527722,1.9543366355211655,6.245331248818916,1.9459234908885543,1.9475770367491914,6.206419345756374,True,True,False
resident/series/avx512/local/k2/h0/u64/raw-dense/get16,resident,True,6.21837752423218,1.895228432803216,0.3047786059012606,6.2027195912416815,6.240540230677122,1.8869067409380844,1.8984170903664341,6.2315499004391315,1.8975544100013944,1.8916354117223082,6.217398932851909,True,True,False
resident/series/avx2/striped/k2/h0/u64/get16,resident,False,3.65018390580521,3.6785837970107407,1.007780400094462,3.6463431161595827,3.6726348430341313,3.6639628872261336,3.699232020422717,3.6519438463313394,3.6972295048427375,3.6701791426364028,3.6484935344108833,True,False,False
resident/series/avx2/striped/k2/h0/u64/admitted-region/get16,resident,False,1.9944655661379116,1.994936800805184,1.0002362711471549,1.9895230770908852,1.9978615224102485,1.9934473184956496,1.9962873290273528,1.9963053128798725,1.9950188069908688,1.9948547946194992,1.9926258193959507,False,False,False
resident/series/avx2/striped/k2/h0/u64/raw-dense/get16,resident,False,2.169805486575165,2.186165798469922,1.0075399901032513,2.1618024735341974,2.174466815960919,2.1799272409291675,2.194599760946751,2.16866828178224,2.1835418165919247,2.18878978034792,2.1709426913680896,True,False,True
resident/series/avx512/striped/k2/h0/u64/get16,resident,False,7.259571756569047,7.288829251088771,1.0040301956507627,7.249866033941758,7.267513703955782,7.28274217661079,7.318645568713138,7.264165884967007,7.292362114169804,7.287166283934645,7.254354587439728,True,False,True
resident/series/avx512/striped/k2/h0/u64/admitted-region/get16,resident,True,6.224822747313727,1.9404476254701601,0.31172737027854247,6.204960815271305,6.27580173918593,1.938149786509291,1.9429759771732673,6.2572828264551426,1.9397746223993941,1.94289529851012,6.213543206946905,True,True,False
resident/series/avx512/striped/k2/h0/u64/raw-dense/get16,resident,True,6.21657701283479,1.8910974295881369,0.30420236501273346,6.207872209610231,6.2336442962542495,1.885442112001435,1.8940454164592315,6.216620034191277,1.8887139311229297,1.8929100863800552,6.208510984203579,True,True,False
resident/calico/local/k2/h0/u64/get16,resident,False,2.7145486401046517,2.7179488654564476,1.0012525932678313,2.705801141014103,2.7187396528317924,2.7111563436977266,2.727988674845656,2.7143855513574913,2.720091215386985,2.7134367959729793,2.7168099706347317,False,False,False
resident/calico/striped/k2/h0/u64/get16,resident,False,3.5312542238240052,3.53642352702368,1.0014638717214974,3.5248585206708296,3.534975230709243,3.5199157593272568,3.5548107415290247,3.5347717626721886,3.5509856114670484,3.520271489018212,3.5257125131953084,False,False,False
resident/predecessor/local/k3/h0/u64/get16,resident,False,6.484599182644604,6.492692955570715,1.0012481531545965,6.478894835233528,6.525510860104494,6.474114719321178,6.52217034872194,6.502469919587685,6.498712570586393,6.48659275205871,6.479018520843155,False,False,False
resident/predecessor/striped/k3/h0/u64/get16,resident,False,6.702957674464761,6.702539757677366,0.9999376518832892,6.659696625025676,6.742273160552351,6.681277615268194,6.724854124902965,6.6940282357791245,6.709499614580685,6.692590126774602,6.711887113150397,False,False,False
resident/series/avx2/local/k3/h0/u64/get16,resident,False,3.657588440544131,3.6706746794515595,1.0035778325309563,3.6501929265592192,3.665413667739746,3.6593247305950576,3.687740793260126,3.661422019560145,3.664252404704231,3.6707825763594286,3.651058036508946,True,False,False
resident/series/avx2/local/k3/h0/u64/admitted-region/get16,resident,False,2.1529953803813475,2.1487025613157344,0.9980061178464523,2.1447153015205025,2.1566295929984918,2.1440949985643436,2.153321408925779,2.1541197230685905,2.1492533920137187,2.14815173061775,2.150530868157215,True,False,False
resident/series/avx2/local/k3/h0/u64/raw-dense/get16,resident,False,1.9234409901924239,1.9609608386265298,1.0195066282903498,1.9058121564934494,1.9328025457441291,1.959180508327476,1.973117336316695,1.9271252563561547,1.9602992189651436,1.9661998612302776,1.9203281743062932,True,False,True
resident/series/avx512/local/k3/h0/u64/get16,resident,False,7.313100662459411,7.335851164462262,1.0031109242239256,7.267985555190564,7.329306154000765,7.282350752898438,7.352875702247247,7.302550492117194,7.346480512640592,7.325221816283933,7.320885460852351,True,False,False
resident/series/avx512/local/k3/h0/u64/admitted-region/get16,resident,True,6.22586274476579,1.9797501313297254,0.3179880785187791,6.20384815423486,6.251280108929054,1.953080190172916,2.0071820807918344,6.2074196930690135,1.956718094656309,1.9919923337189205,6.249400847892379,True,True,False
resident/series/avx512/local/k3/h0/u64/raw-dense/get16,resident,True,6.223959343999691,1.9426504229857033,0.31212453610554947,6.2099502515523195,6.258838412237624,1.9373508231135161,1.9453454968028143,6.2187936312048775,1.9412190530544238,1.9440817929169827,6.229517417275892,True,True,False
resident/series/avx2/striped/k3/h0/u64/get16,resident,False,5.8288931935089865,6.037989171629748,1.0358723296480383,5.745767832161575,5.920400903184436,5.969799818939782,6.110748484106609,5.773147732979339,5.9905386600171555,6.0987028401815415,5.862370080566008,True,False,True
resident/series/avx2/striped/k3/h0/u64/admitted-region/get16,resident,False,3.1866925180448185,3.179887865052181,0.9978646659650701,3.1581574415794402,3.3294472869494687,3.1086743763599247,3.408607994024514,3.18791779795575,3.174116683411765,3.185659046692597,3.1854672381338873,False,False,False
resident/series/avx2/striped/k3/h0/u64/raw-dense/get16,resident,False,3.2730005927263606,3.424113559155926,1.0461695505846795,3.1797274839050123,3.4020264881016393,3.2864431067757107,3.590329072769582,3.2610673406410164,3.3879855315378693,3.4882395453239856,3.2849338448117047,True,False,False
resident/series/avx512/striped/k3/h0/u64/get16,resident,False,7.824328156446134,7.820539985907673,0.9995158471803947,7.777449173833651,7.8445537489816415,7.772440337662443,7.8478593653277455,7.786827811698204,7.821574004260653,7.802207149361945,7.835786446104268,False,False,False
resident/series/avx512/striped/k3/h0/u64/admitted-region/get16,resident,True,6.614326857087093,3.0295336815724108,0.4580260012893584,6.580246537322556,6.662340958569569,3.000173536915278,3.2251599536409588,6.600161195779573,3.021714590325812,3.0373527728190095,6.6267188328505595,True,True,False
resident/series/avx512/striped/k3/h0/u64/raw-dense/get16,resident,True,6.6510341207563,3.2974728316370268,0.4957834784438101,6.598712329942211,6.675590042693952,3.256907436481422,3.397005792821104,6.643899210518423,3.3120333023296107,3.2829123609444433,6.6563434721100725,True,True,False
resident/calico/local/k3/h0/u64/get16,resident,False,2.9363472182507975,2.939731136821099,1.0011524245325174,2.923882336937158,2.9446811387054534,2.9256461623394276,2.95048176638592,2.941355412934447,2.947213555242972,2.936629458311037,2.9286459631544983,True,False,False
resident/calico/striped/k3/h0/u64/get16,resident,False,6.596409427064765,6.6085243056234955,1.001836586811762,6.4573701506576695,6.844257161820724,6.478598468781832,6.835392640029399,6.637569483845823,6.6077161929508526,6.609332418296138,6.5552493702837085,False,False,False
resident/predecessor/local/k4/h0/u64/get16,resident,False,6.229492113151851,6.223339770120178,0.999012384489791,6.212502928245645,6.263124375475851,6.20594586029444,6.261733079932369,6.215469921298168,6.2541365738087284,6.207270263367015,6.242772917063071,False,False,False
resident/predecessor/striped/k4/h0/u64/get16,resident,False,6.241716741571276,6.233980491156831,0.9987605572737833,6.209918149967745,6.2763598571725945,6.213380553660161,6.25288567018283,6.23825889388443,6.234569789675063,6.213497242124392,6.25664098040982,True,False,False
resident/series/avx2/local/k4/h0/u64/get16,resident,False,3.6681513972292548,3.6623331293607855,0.9984138419496905,3.6471995793937735,3.6829316500223586,3.6420203497254833,3.688525225776465,3.6557024297830867,3.6632539950483625,3.6540340044115,3.682621667645696,False,False,False
resident/series/avx2/local/k4/h0/u64/admitted-region/get16,resident,False,2.1553682608874096,2.150370461787457,0.9976812319311527,2.148881526677078,2.163463986908053,2.1416957965980474,2.152955587117473,2.15688833878966,2.145790027928663,2.1524639020716267,2.153574249914265,True,False,False
resident/series/avx2/local/k4/h0/u64/raw-dense/get16,resident,False,1.8970059403192026,1.971084216939266,1.0390501026093775,1.893858787243821,1.9011450082914756,1.9568630795878437,1.9815194149909088,1.90029352705749,1.9610691900040171,1.9716982419339495,1.8939472394954742,True,False,True
resident/series/avx512/local/k4/h0/u64/get16,resident,False,7.279048426161524,7.291922992415155,1.0017687155655344,7.270758475592005,7.32627158777104,7.2717240009335224,7.3388460149391195,7.270873114212096,7.319956241040963,7.2739855140914615,7.288220247182534,False,False,False
resident/series/avx512/local/k4/h0/u64/admitted-region/get16,resident,True,6.243608679552706,1.9512787754423164,0.3125241948350464,6.203545754957986,6.271005089133803,1.9463653175388982,1.961464165953421,6.225064429026988,1.9531423123526377,1.9494152385319954,6.256556618829185,True,True,False
resident/series/avx512/local/k4/h0/u64/raw-dense/get16,resident,True,6.229942357678866,1.8889140476622472,0.3031992816649452,6.200826146030235,6.296329783194703,1.8874429142479754,1.8938921744525572,6.202502215264671,1.8876472178216896,1.891285672570558,6.268342926538625,True,True,False
resident/series/avx2/striped/k4/h0/u64/get16,resident,False,3.7756793799577135,3.745384486901312,0.9919763067761488,3.6918291672304018,3.923856400520865,3.730827440391159,3.7569020890474056,3.696027474293048,3.747282182018741,3.743486791783883,3.7766408725296827,False,False,False
resident/series/avx2/striped/k4/h0/u64/admitted-region/get16,resident,False,1.9941177557139702,2.0261204736673646,1.0160485597511448,1.9831836482355025,1.9968638035451283,2.0202925811983308,2.0364815012170574,1.9948797860326226,2.0257540633968842,2.0266592355679407,1.9904593832607993,True,False,True
resident/series/avx2/striped/k4/h0/u64/raw-dense/get16,resident,False,2.161575337743935,2.1578546494424473,0.9982787144928424,2.154610792844492,2.1647087238016978,2.144528163275373,2.1612754817234587,2.163668422480528,2.158814399364558,2.1568948995203368,2.1549516268491473,False,False,False
resident/series/avx512/striped/k4/h0/u64/get16,resident,False,7.284354333715969,7.281245890644694,0.9995732712977886,7.246881388121521,7.315273546646756,7.2453860208721705,7.319553743269398,7.255124136740538,7.300175809062539,7.24695823378466,7.286803330265629,False,False,False
resident/series/avx512/striped/k4/h0/u64/admitted-region/get16,resident,True,6.250776797632504,1.943540738090089,0.31092787360863844,6.225211110269654,6.2909736908240825,1.933916798678995,1.9458103390167822,6.246457779129581,1.942901768841437,1.9457731286820417,6.256786520370256,True,True,False
resident/series/avx512/striped/k4/h0/u64/raw-dense/get16,resident,True,6.2316079003815155,1.8921982278478042,0.30364526428756194,6.216647472728293,6.248222367521995,1.8783654852847167,1.8957932413843095,6.217210753620295,1.8829495978223036,1.8948050155661618,6.240854238046651,True,True,False
resident/calico/local/k4/h0/u64/get16,resident,False,2.71106405576711,2.7157950280721095,1.0017450610563536,2.700164951536203,2.717486371273117,2.70509939918348,2.7205425968501182,2.715513080263184,2.7177232440079826,2.714188414757605,2.707552850710291,True,False,False
resident/calico/striped/k4/h0/u64/get16,resident,False,3.533789408320673,3.5324410294751414,0.9996184325974953,3.517398495876309,3.5399210998166737,3.525996032708248,3.540690336004084,3.5381749150668447,3.539840799341827,3.5315942753798812,3.531644250387532,False,False,False
resident/predecessor/local/k5/h0/u64/get16,resident,False,6.486891248495459,6.487863930173122,1.0001499457352376,6.464940624630466,6.544225322218476,6.467354955006381,6.513552510906265,6.480301491099233,6.513012157941906,6.482124542374354,6.495970714838803,False,False,False
resident/predecessor/striped/k5/h0/u64/get16,resident,False,6.946414747353362,6.931890352870388,0.9979090804377168,6.925816054376076,6.9740825770769,6.9146886015673665,6.947099876258522,6.929222553502082,6.945324728720557,6.922668327422972,6.967324507520632,False,False,False
resident/series/avx2/local/k5/h0/u64/get16,resident,False,3.6694591926336693,3.6661272900588173,0.999091990835723,3.650272674289527,3.6799031936888675,3.6551471317222184,3.6703571199137266,3.6664564070257595,3.6696529073470034,3.65653712800786,3.672461978241579,False,False,False
resident/series/avx2/local/k5/h0/u64/admitted-region/get16,resident,False,2.151783888044382,2.1505816598921257,0.9994412876874225,2.1463389559635333,2.1538818618103304,2.1467487510066743,2.151108856415476,2.153798659855693,2.1506731148602745,2.1504902049239765,2.1476105973910706,False,False,False
resident/series/avx2/local/k5/h0/u64/raw-dense/get16,resident,False,1.92524660557945,1.9278270341471133,1.0013403106699086,1.909857687793447,1.9337525417661952,1.91537348602348,1.9409268756550402,1.928383586741332,1.9349921743437388,1.9220872902202675,1.9190935849472102,True,False,False
resident/series/avx512/local/k5/h0/u64/get16,resident,False,7.293262117204169,7.313845947264086,1.0028223077313183,7.264299382595972,7.315259928597003,7.304442457203809,7.327639308235409,7.2780214269020025,7.32264120922274,7.309728355538303,7.294036956911852,True,False,False
resident/series/avx512/local/k5/h0/u64/admitted-region/get16,resident,True,6.226787425791553,1.9746485861589909,0.3171215670507609,6.20154258688481,6.2668323433895035,1.9666811702677984,1.9775069549823125,6.21887308741119,1.9709457832095445,1.9754410655574604,6.234701764171915,True,True,False
resident/series/avx512/local/k5/h0/u64/raw-dense/get16,resident,True,6.237156750128392,1.9105151515587169,0.306311870632302,6.206485157469934,6.269861624894731,1.9014064699637467,1.9108363495100855,6.211151117235842,1.9106396744680534,1.9103906286493801,6.2563894385180205,True,True,False
resident/series/avx2/striped/k5/h0/u64/get16,resident,False,7.675665339085089,7.8095488622379925,1.0174425951677646,7.625213591535201,7.735162280390372,7.748770880648157,7.887945372114427,7.634677988301202,7.834448461496578,7.77206139433401,7.727900469704492,True,False,True
resident/series/avx2/striped/k5/h0/u64/admitted-region/get16,resident,False,4.9303178785219615,4.861779731682835,0.9860986353156455,4.7930505330807,5.289023710114233,4.542679422014386,5.152605129341,4.908255766982967,4.672442314830061,4.94957538111319,4.952379990060956,True,False,False
resident/series/avx2/striped/k5/h0/u64/raw-dense/get16,resident,False,4.899838008353559,5.355414658008214,1.0929779002648574,4.8190032268842415,5.209410884799462,5.130227082579694,5.686187897005333,4.918394916338318,5.230155430309363,5.44369243421061,4.8812811003688,True,False,False
resident/series/avx512/striped/k5/h0/u64/get16,resident,False,8.270159260267189,8.334478233192817,1.007777235105331,8.253466255979443,8.3068711229072,8.305198387785572,8.36482828168162,8.257764901183362,8.350308646909772,8.325278767463802,8.3008594616827,True,False,False
resident/series/avx512/striped/k5/h0/u64/admitted-region/get16,resident,True,6.777004139640817,4.870554824726536,0.7186884830477139,6.766089182882329,6.784119238463877,4.679321085258486,5.277009413117665,6.7823623596967755,4.8140413908904565,4.927068258562616,6.772789787846677,True,True,False
resident/series/avx512/striped/k5/h0/u64/raw-dense/get16,resident,True,6.880917962194887,5.4916474612618815,0.7980980868299942,6.851146201042113,6.922518721681277,5.4788132710449045,5.517082443801315,6.8580049561903715,5.49880969789772,5.484485224626043,6.888831986019247,True,True,False
resident/calico/local/k5/h0/u64/get16,resident,False,2.9321276355301378,2.9762237369071523,1.0150389433402143,2.9084082150488504,2.9385256508758446,2.958108860624703,2.9909744128240523,2.9367333030123146,2.9856759478160892,2.9591958183779457,2.920141133376387,True,False,True
resident/calico/striped/k5/h0/u64/get16,resident,False,11.7416119281846,11.395645602953472,0.9705350230149687,11.61584985676885,11.838393466623272,11.354575900856757,11.520212273848966,11.671393654359935,11.398097398166586,11.368029113209403,11.779043559585606,True,True,False
resident/predecessor/local/k6/h0/u64/get16,resident,False,6.485512334927028,6.473091249154564,0.9980847949813353,6.465102954375124,6.535710747404072,6.464645150602963,6.506355358462085,6.4667127337461565,6.466194071946415,6.490110749620719,6.521632055213203,True,False,False
resident/predecessor/striped/k6/h0/u64/get16,resident,False,6.946940382048924,6.964754673239845,1.0025643362705334,6.936010459134894,7.004161129212184,6.948777882348694,7.01938582222274,6.938432974476608,6.957702424124881,6.982609733078573,7.001093870573417,False,False,False
resident/series/avx2/local/k6/h0/u64/get16,resident,False,3.654202559316081,3.661642739017429,1.0020360611051458,3.6469845756191606,3.688641320315535,3.658664498935961,3.673453749667025,3.648118751947034,3.659855601839512,3.661897669759501,3.682493922610698,False,False,False
resident/series/avx2/local/k6/h0/u64/admitted-region/get16,resident,False,2.152538014700334,2.1523459247572347,0.999910761184338,2.149625451537437,2.15452554531524,2.150788894224415,2.1539643649272833,2.1534969142093643,2.1527290638615777,2.151636325765033,2.1512524319864235,False,False,False
resident/series/avx2/local/k6/h0/u64/raw-dense/get16,resident,False,1.9110916314031172,1.917512501984916,1.003359792108495,1.9057142720430644,1.9213602981231155,1.9105716811231332,1.9357343790254775,1.9127177908503579,1.9297621539569538,1.9115267327364611,1.9094654719558768,True,False,False
resident/series/avx512/local/k6/h0/u64/get16,resident,False,7.282394440618623,7.284439153932315,1.0002807748646911,7.2633290359748095,7.311231159858637,7.257285511552127,7.292004852166619,7.27193750279662,7.284412260582257,7.284466047282373,7.290300021555682,False,False,False
resident/series/avx512/local/k6/h0/u64/admitted-region/get16,resident,True,6.243527584175526,1.969602627506676,0.31546310974884034,6.218855426461212,6.27704604434598,1.9647196029102691,1.9743005256832395,6.243047176640934,1.9720259530045259,1.9681319511058308,6.272162151041788,True,True,False
resident/series/avx512/local/k6/h0/u64/raw-dense/get16,resident,True,6.235454937469136,1.9466922736143837,0.312197312487437,6.210702073408367,6.269711515427373,1.9361207552509507,1.9497070021624123,6.228264690383112,1.9459357649851927,1.9474487822435749,6.263337246071287,True,True,False
resident/series/avx2/striped/k6/h0/u64/get16,resident,False,7.622199760626053,7.442252158021931,0.9763916443736261,7.57564537727728,7.685595349100818,7.414337319613191,7.486679708872861,7.606593370504534,7.477583055010936,7.432205551786511,7.660138458008072,True,True,False
resident/series/avx2/striped/k6/h0/u64/admitted-region/get16,resident,False,4.471876290730513,4.263146672948517,0.9533239284336511,4.394091851379549,4.734744261908966,4.16325057573248,4.5008036206467175,4.480961434714047,4.250790051952677,4.275503293944357,4.462791146746979,True,False,False
resident/series/avx2/striped/k6/h0/u64/raw-dense/get16,resident,False,4.768284724609714,4.806214509621109,1.00795459734517,4.700121402359448,4.836577681972523,4.758150846118798,4.9305213130267775,4.7805692581848644,4.827378751365775,4.785050267876442,4.756000191034563,True,False,False
resident/series/avx512/striped/k6/h0/u64/get16,resident,False,7.882116100140404,7.888320472399446,1.0007871455051178,7.848533901124644,7.890380227310676,7.862706012627852,7.917924730616618,7.863910686025146,7.875282460868213,7.892380884300441,7.8902511925880905,True,False,False
resident/series/avx512/striped/k6/h0/u64/admitted-region/get16,resident,True,6.646444413568822,4.309021340967571,0.6483197741292526,6.606583196637526,6.663793860211206,4.147048073948013,5.083303937782483,6.6216169327968695,4.2704074972927515,4.347635184642391,6.647443208132595,True,True,False
resident/series/avx512/striped/k6/h0/u64/raw-dense/get16,resident,True,6.724137894955111,4.706679184926724,0.699967677411551,6.680323245260116,6.782568417235111,4.62607069304448,4.866083410287781,6.682461762707649,4.692757536782073,4.720600833071374,6.728662509787054,True,True,False
resident/calico/local/k6/h0/u64/get16,resident,False,2.9381783363369958,2.9259886307359055,0.9958512710238389,2.9277859336278365,2.9442611595532724,2.917194954409657,2.9508975673598745,2.9432667127046495,2.934634487957286,2.917926740569847,2.932094270777306,True,False,False
resident/calico/striped/k6/h0/u64/get16,resident,False,4.662644975438081,4.727418214022196,1.0138919516551932,4.5938550163132685,4.844675295603875,4.684629966045469,4.909989015033315,4.665029959032631,4.7420134731152785,4.712822954929113,4.66025999184353,True,False,False
resident/predecessor/local/k7/h0/u64/get16,resident,False,6.4973073714094225,6.496141935175478,0.9998206278128271,6.474368646367683,6.529650488551208,6.482998846676067,6.5252269085370616,6.4963164983953146,6.495617949029673,6.496665921321284,6.49829824442353,True,False,False
resident/predecessor/striped/k7/h0/u64/get16,resident,False,6.801769629995647,6.836454667542881,1.0050994137458396,6.768966747947093,6.823209765214911,6.804665916715002,6.879890476290073,6.774644332770626,6.8493931582902015,6.8089321045033575,6.819874081846704,False,False,False
resident/series/avx2/local/k7/h0/u64/get16,resident,False,3.6671700224100903,3.6596236501748054,0.9979421809762926,3.648137888425926,3.6773764838898964,3.651301238444769,3.677427211611085,3.670706454017342,3.6634337593360558,3.656388885802609,3.665372277869636,True,False,False
resident/series/avx2/local/k7/h0/u64/admitted-region/get16,resident,False,2.1531592762744554,2.152942922277838,0.9998995178856477,2.147817865651949,2.1551957883272945,2.152162773776673,2.1571528431595457,2.154622383000881,2.1522021856912756,2.1539812755665153,2.1516961695480297,False,False,False
resident/series/avx2/local/k7/h0/u64/raw-dense/get16,resident,False,1.9265365078004333,1.9268356987047497,1.0001552998882217,1.9199532814396283,1.9387642838515786,1.9240258108338697,1.9306886725056895,1.9378168581305664,1.9300666814615535,1.9251085754256017,1.9210501365291164,False,False,False
resident/series/avx512/local/k7/h0/u64/get16,resident,False,7.2889100161156275,7.276328967198603,0.9982739464626114,7.254145938706187,7.307106922645494,7.250026063676132,7.288187137709364,7.263985480722389,7.286634562530644,7.252370404452614,7.294752487387912,False,False,False
resident/series/avx512/local/k7/h0/u64/admitted-region/get16,resident,True,6.243420874159437,1.983152424522775,0.3176387535767033,6.221107028618049,6.265843402212694,1.9795991494515943,1.9912793664217994,6.248670068043252,1.9804418828357901,1.9863624159506776,6.238171680275622,True,True,False
resident/series/avx512/local/k7/h0/u64/raw-dense/get16,resident,True,6.2250409304590715,1.9011029435667897,0.30539605519133367,6.205668315659721,6.244599091390843,1.8979774025518097,1.9039981134270083,6.208246396279113,1.8997723265573405,1.9021237762378835,6.2418354646390295,True,True,False
resident/series/avx2/striped/k7/h0/u64/get16,resident,False,6.005600734593173,5.962211735453785,0.9927752441334534,5.900088466442225,6.0931156815389,5.90618134115569,6.063700507198873,6.088317721130192,5.967879552620452,5.956543918287117,5.902296783101909,False,False,False
resident/series/avx2/striped/k7/h0/u64/admitted-region/get16,resident,False,3.8264381022964775,4.008840529496514,1.0476689867505151,3.783255136683792,3.9913172699564723,3.9745184058990777,4.067178158879325,3.827133573497379,4.004240483109993,4.013440575883036,3.8257426310955767,True,False,False
resident/series/avx2/striped/k7/h0/u64/raw-dense/get16,resident,False,3.463671366055005,3.453401812115384,0.997035066883,3.4130662854176324,3.5774583115326375,3.3929582819740136,3.6049583971541113,3.477828863983661,3.470467679419079,3.43633594481169,3.449513868126349,True,False,False
resident/series/avx512/striped/k7/h0/u64/get16,resident,False,8.09076956926988,8.114015481789055,1.0028731398564938,8.067933627255313,8.142640128968313,8.072799224612222,8.170120748542944,8.091615677068171,8.145767885386544,8.073961110288288,8.089923461471587,False,False,False
resident/series/avx512/striped/k7/h0/u64/admitted-region/get16,resident,True,6.760214576865142,3.51767673793832,0.5203498643336767,6.748535014419881,6.784835010735969,3.4518617692321794,3.7058670095232045,6.752665761546033,3.5024677502178965,3.532885725658743,6.78021901969838,True,True,False
resident/series/avx512/striped/k7/h0/u64/raw-dense/get16,resident,True,6.778104056055438,3.4445617206797463,0.5081895604129056,6.767471744229399,6.79555285216606,3.3857865513328194,3.5888814540180767,6.773729543944134,3.4615938053367916,3.4275296360227014,6.782478568166742,True,True,False
resident/calico/local/k7/h0/u64/get16,resident,False,2.936074569948749,2.9528026124945845,1.0056974174692461,2.929795849358104,2.939821674147481,2.9308281881668137,2.977841484475252,2.939640111809887,2.9626234340810718,2.9439021010311923,2.935372794631793,True,False,False
resident/calico/striped/k7/h0/u64/get16,resident,False,11.25727356990493,11.338939228340577,1.007254479330943,11.16852938158454,11.365316331135496,11.251589066093,11.368609328824245,11.347359700032342,11.339781689864775,11.338096766816378,11.168729530801205,False,False,False
resident/series/avx2/local/k8/h0/u64/get16,resident,False,4.204321306547429,3.6704100033636693,0.8730089200479766,4.186452813530289,4.241367339009988,3.663559404458077,3.682148941288311,4.201702912685213,3.681110592180731,3.6640593512795716,4.206939700409645,True,True,False
resident/series/avx512/local/k8/h0/u64/get16,resident,False,7.278268246180414,7.278679068960608,1.0000564451276457,7.246331587920278,7.303389615822102,7.250658877181859,7.30387934051118,7.262716458453474,7.2935610037065794,7.2664526732580255,7.299066959158016,False,False,False
resident/calico/local/k8/h0/u64/get16,resident,False,2.5852659237154,2.5501335242093477,0.9864105277589541,2.5777695618393697,2.5913177961684974,2.5471858307350623,2.5572671173405914,2.58727672075082,2.5513348817174264,2.5489696601989653,2.58325512667998,True,True,False
resident/calico/striped/k8/h0/u64/get16,resident,False,2.5859046245600488,2.551724331990833,0.9867820753153141,2.576053187972833,2.590756646963951,2.543167917649039,2.5537988680308876,2.5824660857451365,2.55161951166429,2.5533396293897463,2.589430123257948,True,True,False
resident/series/avx2/local/k9/h0/u64/get16,resident,False,4.175917606191849,4.176426235470939,1.0001218006021804,4.164413090300184,4.200573918499622,4.167767131298366,4.1855038876556065,4.177591636087973,4.184467792681835,4.170282621686233,4.174243576295725,False,False,False
resident/series/avx512/local/k9/h0/u64/get16,resident,False,7.5453280749930265,7.588973431588505,1.005784421321603,7.53227494628446,7.588563245833729,7.552233578335225,7.60113139348592,7.53468192733756,7.5807440531075025,7.5937229658805805,7.564131601422268,True,False,False
resident/calico/local/k9/h0/u64/get16,resident,False,4.030591545023487,4.026932277441533,0.9990921264183984,4.02619798706664,4.0347676897666265,4.018760483349771,4.034218807706614,4.029745601567182,4.033478817862896,4.025814256231459,4.031437488479793,False,False,False
resident/calico/striped/k9/h0/u64/get16,resident,False,5.195795647594965,5.210249009086126,1.0027817417141591,5.182563990265705,5.206610699035181,5.187240645955806,5.226344249426849,5.205118369408444,5.219369060600006,5.19585876213868,5.186960720004311,True,False,False
resident/series/avx2/local/k10/h0/u64/get16,resident,False,4.423263156597002,4.437409679020464,1.0031982095395708,4.419415144569302,4.4404628916827775,4.431407190728712,4.470997473591702,4.419915204708182,4.4417246994754,4.435821385127704,4.428190562398486,True,False,False
resident/series/avx512/local/k10/h0/u64/get16,resident,False,7.520375226545819,7.520862315172025,1.0000647691918996,7.5019738838874765,7.547277510866728,7.5006960672024725,7.555461807314555,7.5034692396236125,7.526649469475757,7.515075160868292,7.540748684511386,False,False,False
resident/series/avx2/striped/k10/h0/u64/get16,resident,False,5.2057693006683,5.234049115479418,1.0054323987825367,5.203477771435552,5.22751252160431,5.224666792289179,5.267616049150718,5.203726495116762,5.259263364295886,5.230329966961304,5.222934728102425,True,False,False
resident/series/avx2/striped/k10/h0/u64/admitted-region/get16,resident,False,3.8352698440781476,3.860482974945415,1.0065740174465683,3.8280946292027256,3.8495264031571486,3.8415723667527266,3.8759400307815066,3.835180145341895,3.8483446559575403,3.8689361485332254,3.8380270114031214,True,False,False
resident/series/avx2/striped/k10/h0/u64/raw-dense/get16,resident,False,3.848372868074907,3.8346225089601242,0.9964269680755594,3.8331113942920503,3.855556654618205,3.828753767662801,3.839327804348489,3.848797908934378,3.838672806277079,3.8294703193106,3.847947827215436,True,False,False
resident/series/avx512/striped/k10/h0/u64/get16,resident,False,7.51714774831203,7.544043491612643,1.0035779186735625,7.512219321261821,7.522963661755654,7.5241957331643885,7.586597670796615,7.518359662065921,7.558382373224097,7.533070974770101,7.515935834558138,True,False,True
resident/series/avx512/striped/k10/h0/u64/admitted-region/get16,resident,True,6.996746042546963,2.775595793378196,0.39669809029796094,6.990555601657842,7.024506080553245,2.7708627423427306,2.780369290124742,6.9933167950234605,2.7758355631902485,2.775356023566143,7.016041256210497,True,True,False
resident/series/avx512/striped/k10/h0/u64/raw-dense/get16,resident,True,7.003555622728671,3.032865433644046,0.43304652622469,6.9827132857370735,7.025414339728612,3.0242570455855957,3.0423575380398042,6.98770723649214,3.0335643384054625,3.032116018725672,7.004872875695095,True,True,False
resident/calico/local/k10/h0/u64/get16,resident,False,4.025771393465097,4.025083527054644,0.9998291342594442,4.015155846799175,4.028941770090941,4.008561026485043,4.035745597184447,4.0270401972228065,4.032372122418379,4.017945594764358,4.025670531448912,False,False,False
resident/calico/striped/k10/h0/u64/get16,resident,False,5.2997908525577655,5.30688264637646,1.0013381271102937,5.29525562691221,5.31606487574307,5.275365884367338,5.327831828274901,5.299043978499151,5.32723330633789,5.285784271756596,5.312520563194487,False,False,False
resident/series/avx2/local/k11/h0/u64/get16,resident,False,4.724527619940307,4.719402559069554,0.9989152225824393,4.712376905114818,4.741882858381792,4.702030410091933,4.751710492294145,4.725979081500199,4.712419870058256,4.71972360356474,4.7191763571470995,False,False,False
resident/series/avx512/local/k11/h0/u64/get16,resident,False,7.786401530004622,7.760007348849189,0.9966102209019502,7.777166866702056,7.830844372332302,7.755549909161643,7.803438095663567,7.7913154251704375,7.7598210373938645,7.778072693293111,7.781487634838807,True,False,False
resident/calico/local/k11/h0/u64/get16,resident,False,4.098529044286275,4.110104327559553,1.0028242530791418,4.091153896671161,4.108246812747049,4.086798345469537,4.134170330716162,4.099513753815399,4.134154532915607,4.088966415095927,4.097544334757152,False,False,False
resident/calico/striped/k11/h0/u64/get16,resident,False,8.229139657445891,8.24387064605769,1.0017901006939978,8.17031222167858,8.289573419767049,8.167122208326733,8.30929280710811,8.202115684958263,8.274339752888432,8.198420170469324,8.242111449466817,False,False,False
resident/series/avx2/local/k12/h0/u64/get16,resident,False,4.184623062365242,4.171113342758717,0.9967715802820984,4.1684494606093105,4.195403521774252,4.163788151305538,4.2124553316743825,4.185862736163918,4.166964608616922,4.184895074004634,4.183383388566566,False,False,False
resident/series/avx512/local/k12/h0/u64/get16,resident,False,7.545371520447055,7.515243586295682,0.9960070973218841,7.5297585325063485,7.567576254431916,7.503449793745103,7.584046067777722,7.5604488500324125,7.509169889692796,7.521317282898569,7.543972025885322,True,False,False
resident/series/avx2/striped/k12/h0/u64/get16,resident,False,4.211806532700107,4.549006095499254,1.0800605536320718,4.194144779304287,4.227380518459152,4.248332399925533,4.82229642738472,4.219227551300491,4.264296320661896,4.81735674006922,4.203573444082965,True,False,True
resident/series/avx2/striped/k12/h0/u64/admitted-region/get16,resident,False,3.069760312777351,3.05160521724608,0.994085826357288,3.0631899499876574,3.0750708785978285,3.046340309420018,3.053166570381239,3.0710721940625816,3.051718726752094,3.051589412154894,3.0684484314921208,True,True,False
resident/series/avx2/striped/k12/h0/u64/raw-dense/get16,resident,False,2.9967074672572362,2.997201504265499,1.000164859938336,2.992817796319241,3.0011656789137002,2.9884545008571566,3.001438358943529,2.9991349154417626,2.9987570178486114,2.990044419320792,2.99428001907271,False,False,False
resident/series/avx512/striped/k12/h0/u64/get16,resident,False,7.273025695491807,7.282502313010383,1.0013029814433971,7.256640642263319,7.331827711362809,7.273018880005443,7.3043415590405285,7.306849256419178,7.2740833509647205,7.292186735873308,7.268918222834557,False,False,False
resident/series/avx512/striped/k12/h0/u64/admitted-region/get16,resident,True,6.757995890190396,2.492656863914155,0.3688455726249233,6.735348102651016,6.7838832539421885,2.4843739354817775,2.4950741187115737,6.7776328048007235,2.4940266328293323,2.491287094998978,6.735744778363946,True,True,False
resident/series/avx512/striped/k12/h0/u64/raw-dense/get16,resident,True,6.728541372713581,2.510438521527759,0.37310293308270376,6.717431395217156,6.762369098388206,2.5027549769171413,2.5144003404179203,6.7463513295585065,2.510214681108987,2.5110206832986903,6.722993866894682,True,True,False
resident/calico/local/k12/h0/u64/get16,resident,False,4.014231545477687,4.018512339508737,1.001066404362218,4.002638860775725,4.021591051860803,4.00734973767536,4.026835220219482,4.0028862240234675,4.024574010287518,4.011052410537278,4.02000219865415,False,False,False
resident/calico/striped/k12/h0/u64/get16,resident,False,5.3054706787496535,5.328509671746632,1.0043424974695003,5.297413434537724,5.311345089994302,5.320370378850795,5.3354389975421315,5.308922549551593,5.327393818386038,5.332513347657343,5.301032587082702,True,False,True
resident/series/avx2/local/k13/h0/u64/get16,resident,False,4.820355679685758,4.737326815502525,0.98277536561604,4.773349201250124,4.844204613117047,4.715824445115939,4.753805069288748,4.817048298275236,4.7330494202573234,4.741604210747728,4.827034410927717,True,True,False
resident/series/avx512/local/k13/h0/u64/get16,resident,False,7.798228220530834,8.03295259199825,1.0300997053214527,7.767933948457612,7.80351024102464,8.015168338546529,8.090357866617854,7.798631915170855,8.02734355908822,8.038561624908278,7.7937512269778635,True,False,True
resident/calico/local/k13/h0/u64/get16,resident,False,4.073039629168677,4.076889495910349,1.0009452072879679,4.063141842920356,4.077948479625452,4.065828869343667,4.084519902212641,4.073857883224258,4.081531087332746,4.070916866504423,4.072623794107521,False,False,False
resident/calico/striped/k13/h0/u64/get16,resident,False,11.537452046590563,11.627671639126248,1.0078197154944923,11.405366986548659,11.688826553930165,11.594806203541383,11.646304515240237,11.670010854661355,11.646278338467482,11.618643234935947,11.435429746274565,False,False,False
resident/series/avx2/local/k14/h0/u64/get16,resident,False,4.720967784158598,4.713588525792073,0.9984369182964377,4.687550460417209,4.738470819172675,4.701078874396462,4.72797642077231,4.737130446991786,4.714434239137964,4.712742812446181,4.7013113798696216,False,False,False
resident/series/avx512/local/k14/h0/u64/get16,resident,False,8.04441075428174,8.049618579025006,1.0006473842401067,8.023141674504055,8.0695063628011,8.01897231219998,8.078400672319393,8.065458725775537,8.047944042724893,8.05129311532512,8.042404941407,False,False,False
resident/series/avx2/striped/k14/h0/u64/get16,resident,False,9.021296629351413,8.892908447771394,0.9857683227971575,8.905771532353238,9.114064254632531,8.806883805984551,8.992992405961742,8.996803818668573,8.870179828402103,8.915637067140684,9.029085003158267,True,False,False
resident/series/avx2/striped/k14/h0/u64/admitted-region/get16,resident,False,5.275054181386992,5.102900493317113,0.9673645649598592,5.174021891077178,5.4967353313516725,5.00797415574612,5.310282104863152,5.298737248642447,5.09412484011158,5.111676146522646,5.251371114131536,True,False,False
resident/series/avx2/striped/k14/h0/u64/raw-dense/get16,resident,False,5.375401226464318,5.453336605056884,1.0144985230514278,5.30491920553003,5.454606666681674,5.361958484660162,5.514280623126121,5.366865887173911,5.428022993556854,5.478650216556914,5.383936565754723,True,False,False
resident/series/avx512/striped/k14/h0/u64/get16,resident,False,8.402590832767636,8.375647008901463,0.996793390943053,8.388670062074342,8.47541051311273,8.33730733519778,8.390640129700893,8.405351997602384,8.361937095479876,8.375772091289912,8.399829667932886,True,False,False
resident/series/avx512/striped/k14/h0/u64/admitted-region/get16,resident,True,7.07304579354485,5.282353249358052,0.7468286511277706,7.064004809981622,7.108858267184296,5.17063389015171,5.488353661613745,7.073364231409774,5.274709504895172,5.289996993820932,7.072521696316208,True,True,False
resident/series/avx512/striped/k14/h0/u64/raw-dense/get16,resident,True,7.084067042503794,5.123348658096285,0.7232213680865289,7.046926373567037,7.117361253286708,5.084778984813365,5.247243890377486,7.095061231197339,5.114696109156453,5.132001207036117,7.054107688459773,True,True,False
resident/calico/local/k14/h0/u64/get16,resident,False,4.111319792472265,4.111314018804697,0.9999985956656599,4.110176068430983,4.118305251668408,4.101287579311188,4.1310016165015035,4.110783343364915,4.118659445977907,4.102771742009675,4.1181466650147325,False,False,False
resident/calico/striped/k14/h0/u64/get16,resident,False,6.2032099012288,6.2674962855135,1.0103634062539082,6.13955143624198,6.333677540371578,6.206424868043162,6.3859194570562146,6.211364069164836,6.2727015627530935,6.262291008273908,6.1800408840026195,True,False,False
resident/series/avx2/local/k15/h0/u64/get16,resident,False,4.741395010516861,4.779681252371565,1.0080748897254461,4.706891126565502,4.77056830351955,4.751254770087298,4.8171997229468575,4.756633773119734,4.785127503440504,4.777045847561769,4.72068597506118,True,False,False
resident/series/avx512/local/k15/h0/u64/get16,resident,False,7.784259542024776,8.047861601521902,1.0338634725723135,7.7768560462694865,7.815873058160482,8.016965487206996,8.102645489234598,7.798680118937493,8.031193162266957,8.064530040776848,7.778729057754112,True,False,True
resident/series/avx2/striped/k15/h0/u64/get16,resident,False,7.429166437733158,7.42850977186261,0.9999116097511005,7.3775828408454185,7.53831760659761,7.403149875980561,7.582067796092872,7.447211343838234,7.414982009978978,7.442037533746243,7.411121531628082,False,False,False
resident/series/avx2/striped/k15/h0/u64/admitted-region/get16,resident,False,4.6795436562789945,4.647767545942028,0.9932095707036882,4.633336128560003,4.793873935639996,4.605555460495378,4.689866276030113,4.6613470404268,4.659407302549991,4.636127789334063,4.697740272131188,True,False,False
resident/series/avx2/striped/k15/h0/u64/raw-dense/get16,resident,False,4.843130065566836,4.889395605567446,1.0095528179863564,4.786445417158474,4.969405405244695,4.826084835119545,5.050948591189025,4.846133968726226,4.913209945931707,4.865581265203185,4.840126162407446,True,False,False
resident/series/avx512/striped/k15/h0/u64/get16,resident,False,8.147557061619377,8.174097987649231,1.003257531776596,8.135829576520306,8.175298063177065,8.159703546663682,8.209522777673515,8.136796039647564,8.170687659144438,8.177508316154025,8.161143197293429,True,False,False
resident/series/avx512/striped/k15/h0/u64/admitted-region/get16,resident,True,7.296448360004121,4.039174782409759,0.5535809455667111,7.273458199280943,7.36475267117971,3.9929388797892615,4.264898207878231,7.292604686177832,4.041211641688797,4.037137923130722,7.312601218113683,True,True,False
resident/series/avx512/striped/k15/h0/u64/raw-dense/get16,resident,True,7.324397767502257,4.002406157632242,0.5464484978397248,7.31157236628387,7.369167920498281,3.947876522052273,4.133754899984288,7.317263335237786,4.002990211130223,4.001822104134261,7.332636505668499,True,True,False
resident/calico/local/k15/h0/u64/get16,resident,False,4.141198101877866,4.140192844461353,0.9997572544486444,4.1304961581471415,4.14597096307069,4.12304756113249,4.1550927283594135,4.140630212004862,4.154052362851201,4.123069321332791,4.14176599175087,False,False,False
resident/calico/striped/k15/h0/u64/get16,resident,False,11.544287246939126,11.65513315694606,1.0096017976368636,11.43729011277446,11.645225136350444,11.531927109731361,11.769414794992588,11.547608956241813,11.5382538714611,11.767204438910337,11.476587093976407,False,False,False
resident/series/avx2/local/k16/h0/u64/get16,resident,False,4.68387525512558,3.4947615657884854,0.7461260976077783,4.678335281119622,4.69463905066242,3.4535197382109706,3.5216853755585484,4.682281831187313,3.462191297810707,3.516081225308214,4.685468679063847,True,True,False
resident/series/avx512/local/k16/h0/u64/get16,resident,False,7.067143377617855,7.077092626643729,1.0014078176278953,7.055096463649414,7.0932636094193455,7.054576624278474,7.141385400314084,7.060223553347987,7.071684544670475,7.082500708616984,7.0899319529038864,False,False,False
resident/calico/local/k16/h0/u64/get16,resident,False,3.713307918646155,3.7293561648326286,1.0043218193960937,3.7128052842232173,3.715472192849875,3.7226559825829613,3.7346409908266396,3.713223290676878,3.729304690522804,3.7294076391424533,3.7133925466154327,True,False,True
resident/calico/striped/k16/h0/u64/get16,resident,False,3.707161246134876,3.7066718144856905,0.9998679767032804,3.701464188131758,3.7113572893100106,3.700649103684812,3.7104144952034592,3.7089374469738225,3.705628514753972,3.7088251785189263,3.703334797915604,False,False,False
resident/series/avx2/local/k17/h0/u64/get16,resident,False,4.170354541581704,4.180413816305147,1.0024120910160381,4.164210474605269,4.180501873347047,4.164519827728672,4.200964237492744,4.164319708220441,4.200874500135622,4.166086716327205,4.176427125457619,False,False,False
resident/series/avx512/local/k17/h0/u64/get16,resident,False,7.503677968791671,7.526493704052019,1.003040606933725,7.497327669542276,7.5505953746614,7.497654358353099,7.559713037402031,7.497466022971392,7.541452534289742,7.509099890355909,7.529426019822967,False,False,False
resident/calico/local/k17/h0/u64/get16,resident,False,5.089273050161391,5.097018914678465,1.001521998218749,5.076433054677181,5.098982919224759,5.081375854348565,5.10694490169999,5.0896783367870055,5.101999720451821,5.084268835337705,5.086913789996113,False,False,False
resident/calico/striped/k17/h0/u64/get16,resident,False,6.322436275026768,6.312549313059183,0.9984362101035896,6.310438171082363,6.330389602081435,6.281736010348959,6.334777393539902,6.322674138926179,6.323169841154962,6.297419265528111,6.322198411127357,False,False,False
resident/series/avx2/local/k18/h0/u64/get16,resident,False,4.417213785956868,4.441398238866395,1.0054750469597857,4.41610830996539,4.418306540087221,4.42525318774401,4.4543887494244,4.418235343359706,4.447776943624534,4.432049041571136,4.416497270848966,True,False,True
resident/series/avx512/local/k18/h0/u64/get16,resident,False,7.506006791793668,7.564234558068601,1.0077574891536993,7.50080464885987,7.512850052665616,7.50773416972034,7.584306318681363,7.507530211004688,7.572940633585244,7.551778295417862,7.504483372582649,True,False,False
resident/calico/local/k18/h0/u64/get16,resident,False,5.121463521043003,5.132799379539984,1.0022134021750626,5.109544561359022,5.125781127815156,5.12073550936745,5.153123082701166,5.12398317758851,5.141984807129922,5.125187719554841,5.117755548837458,True,False,False
resident/calico/striped/k18/h0/u64/get16,resident,False,6.524613606213599,6.541004668059441,1.0025121888950224,6.520938712582879,6.528662426326831,6.510571459789976,6.576643853460995,6.526239278852296,6.576067208355105,6.513466225713177,6.521468135047243,False,False,False
resident/series/avx2/local/k19/h0/u64/get16,resident,False,4.745456088585357,4.745883517275237,1.0000900711505705,4.732207235374358,4.750683251057171,4.734721080733913,4.75704605655211,4.73801212103788,4.754987673318501,4.735539243015076,4.748234738142045,False,False,False
resident/series/avx512/local/k19/h0/u64/get16,resident,False,7.7714395580761995,7.800249499692702,1.0037071563641724,7.762462401511644,7.787731099717551,7.7731076959979,7.835335994111947,7.767554464201293,7.808593563775279,7.791905435610126,7.77793923884994,True,False,False
resident/calico/local/k19/h0/u64/get16,resident,False,5.228332972115271,5.213053771876282,0.9970776153086504,5.218047649887127,5.236862211333043,5.184070281827813,5.227970146543274,5.230143426445421,5.224993609457445,5.195782353208653,5.226522517785121,True,False,False
resident/calico/striped/k19/h0/u64/get16,resident,False,9.108533363421376,9.10580447356731,0.999700402935886,8.990161278514643,9.132568509414101,9.06833824011307,9.144699893323244,9.110781765042926,9.117708028293599,9.093900918841022,9.099483771055372,False,False,False
resident/series/avx2/local/k20/h0/u64/get16,resident,False,4.253515822778541,4.180315246049261,0.9827905714286347,4.225811166089626,4.289774180545483,4.167918816817062,4.202416521256112,4.266822938251139,4.184875079314635,4.175765402941967,4.226282919810311,True,True,False
resident/series/avx512/local/k20/h0/u64/get16,resident,False,7.504710494348434,7.530911127019548,1.0034912249700831,7.494610139950455,7.536516825708465,7.496290122515932,7.5666686342487814,7.495516462870999,7.557958844904721,7.523265202430835,7.524156633251017,False,False,False
resident/series/avx2/striped/k20/h0/u64/get16,resident,False,5.074371663925865,5.0770940034117675,1.00053648799619,5.060067288034589,5.10983862641199,5.057875390015658,5.0943368214860945,5.060089106619348,5.090326309558684,5.0656182966067265,5.087559402513851,False,False,False
resident/series/avx2/striped/k20/h0/u64/admitted-region/get16,resident,False,3.6412929396421796,3.678732086107713,1.0102818276601533,3.5600792935216754,3.730831905871209,3.6474932589708393,3.7921440520683,3.597238710975667,3.6671609060052384,3.6903032662101882,3.7284375625973545,False,False,False
resident/series/avx2/striped/k20/h0/u64/raw-dense/get16,resident,False,3.7340708228676465,3.7192978152565708,0.99604372591955,3.6992752097841746,3.745103720282209,3.6989943638594314,3.720926182363362,3.7425159665554184,3.72039259989501,3.7081434363377626,3.7208019073237892,True,False,False
resident/series/avx512/striped/k20/h0/u64/get16,resident,False,7.533816614272081,7.581137968638383,1.0062811927591462,7.524510876112488,7.573599984234999,7.546521516746544,7.605481433217845,7.529103606342814,7.591984496033937,7.561888802167065,7.53844570482714,True,False,False
resident/series/avx512/striped/k20/h0/u64/admitted-region/get16,resident,True,6.724242444001883,2.518033900663335,0.37447101612308104,6.718898290009757,6.74706702872574,2.5077089054671924,2.546593900334769,6.7195084066202435,2.5162545444011375,2.5309955919359206,6.73739895585569,True,True,False
resident/series/avx512/striped/k20/h0/u64/raw-dense/get16,resident,True,6.731104592287532,2.8298202240891888,0.42040948633179515,6.718446775844122,6.7598023306133275,2.825414525778611,2.840042699866026,6.719060580859695,2.830249336588577,2.829391111589801,6.751988059728226,True,True,False
resident/calico/local/k20/h0/u64/get16,resident,False,5.139635892694557,5.1402659407084395,1.0001225861183627,5.136026439672294,5.1432523546201825,5.120911725644848,5.156792728831398,5.139934146212306,5.1539839508205985,5.124088900255351,5.138380221382758,False,False,False
resident/calico/striped/k20/h0/u64/get16,resident,False,6.513294269260584,6.498929902665102,0.9977946080736327,6.50562577659062,6.514484067897532,6.491440447579183,6.502618223277245,6.513697234217241,6.4969737759051185,6.500528005498435,6.511622452783561,True,True,False
resident/series/avx2/local/k21/h0/u64/get16,resident,False,4.872954655423841,4.766398765041886,0.9781332070752283,4.863849846184243,4.89668139975254,4.757814770217695,4.780724454437061,4.877632010055463,4.764045042026428,4.768752488057346,4.865077967667079,True,True,False
resident/series/avx512/local/k21/h0/u64/get16,resident,False,7.772572595649498,7.825460744323162,1.0068044586297291,7.761472852967495,7.8085981794830115,7.789009604611037,7.8398372312021145,7.762310197072131,7.8216524756296355,7.835233283566604,7.790470521793115,True,False,False
resident/calico/local/k21/h0/u64/get16,resident,False,5.222938555523072,5.234669458566753,1.0022460350469327,5.2097133839986896,5.228709069460805,5.219987860374978,5.2440019179494755,5.22439147846428,5.2361838048045675,5.232613862847378,5.219022658651915,True,False,False
resident/calico/striped/k21/h0/u64/get16,resident,False,12.169459277070779,12.13373957273286,0.9970648076036361,12.035544890327317,12.306276798762326,12.088719333031051,12.194009934663562,12.048599591453833,12.142562652698619,12.124916492767104,12.271518924973263,False,False,False
resident/series/avx2/local/k22/h0/u64/get16,resident,False,4.832533231777652,4.819715578457698,0.9973476326586503,4.818843970353746,4.841379597255604,4.7950208571074775,4.83668190291657,4.830919794828231,4.8351385725829905,4.811826098724089,4.834146668727072,False,False,False
resident/series/avx512/local/k22/h0/u64/get16,resident,False,8.019018146033023,8.054952939425744,1.004481196168698,8.01609311617213,8.023377735787951,8.028335692189412,8.07416266559353,8.019148988171025,8.051422229592314,8.064087130883285,8.01888730389502,True,False,True
resident/calico/local/k22/h0/u64/get16,resident,False,5.2248125881843865,5.196224364988326,0.9945283734653543,5.213818594402749,5.229329976704447,5.177789385625257,5.2231503588828785,5.227157459581343,5.212758325331616,5.180998338778096,5.2207790186400365,True,False,False
resident/calico/striped/k22/h0/u64/get16,resident,False,7.286717023520461,7.1873840858631315,0.986367943569553,7.218460861524915,7.382669313285759,7.161844666401486,7.263158314160404,7.280138710992185,7.1889484186573585,7.185819753068905,7.293295336048736,True,False,False
resident/series/avx2/local/k23/h0/u64/get16,resident,False,4.8451709421229765,4.845331980770024,1.0000332369381744,4.814232881566471,4.863274140430133,4.836633632551107,4.866457028496687,4.858096653456481,4.838217826895162,4.846577120903177,4.8418772099317895,False,False,False
resident/series/avx512/local/k23/h0/u64/get16,resident,False,8.028764337075296,8.041536528539954,1.0015908041298058,8.022138219448468,8.071758481051411,8.032076016494518,8.078381906068731,8.023600125054958,8.054916140593289,8.038380280071468,8.052592260085078,False,False,False
resident/calico/local/k23/h0/u64/get16,resident,False,5.255344709056196,5.25573867298699,1.0000749644319458,5.246606981748513,5.2601063240529875,5.229595236535806,5.285159775382473,5.25835617135606,5.281423121474702,5.229949504421654,5.25404918144506,False,False,False
resident/calico/striped/k23/h0/u64/get16,resident,False,11.90674470679737,12.142627444855492,1.0198108503933456,11.860997670949072,12.049974259027476,11.996351584381324,12.219942777224897,11.881280485852097,12.068758693039873,12.164331997782588,11.999220875927865,True,False,False
resident/series/avx2/local/k24/h0/u64/get16,resident,False,3.656345509200774,3.6746019405014994,1.0049930815495376,3.6459676304806945,3.6645309511756547,3.6615023274136322,3.678161092146098,3.6466103816642406,3.6771495919623436,3.672898414869604,3.663705580633502,True,False,False
resident/series/avx512/local/k24/h0/u64/get16,resident,False,7.259352840889287,7.279362414032492,1.0027563852566166,7.242027547655049,7.294583622364051,7.2435503441212115,7.31158333890151,7.243094988251586,7.287422671944849,7.2568484094508925,7.264110363484765,False,False,False
resident/calico/local/k24/h0/u64/get16,resident,False,4.966213781037221,4.963623061103942,0.9994783309685193,4.951632383267708,4.969524143420356,4.951346843183106,4.967436032479363,4.96863060946051,4.96405386337303,4.9631922588348525,4.963163477183307,False,False,False
resident/calico/striped/k24/h0/u64/get16,resident,False,4.967001683998319,4.957554689392379,0.9980980488417439,4.961128115155696,4.976447728615301,4.933485874598499,4.960534053662258,4.9674618669949675,4.955616081036992,4.957561253822589,4.961969732537572,True,True,False
resident/series/avx2/local/k25/h0/u64/get16,resident,False,4.876668726277927,4.857310761635574,0.9960304942310224,4.864359359702728,4.891565202517434,4.84170933080628,4.873142962944635,4.876073126501925,4.856987458935925,4.8576340643352225,4.877264326053928,True,False,False
resident/series/avx512/local/k25/h0/u64/get16,resident,False,7.5030546814182975,7.552734965016109,1.0066213410013987,7.501303335508505,7.548561497150056,7.497847711468645,7.564891123517359,7.501939440514291,7.561391624908139,7.505785839070887,7.5083366356322045,False,False,False
resident/calico/local/k25/h0/u64/get16,resident,False,6.304911643253383,6.290185829898586,0.9976643902106774,6.297138553854618,6.311241803180567,6.269802440535694,6.325346808592874,6.304182793616866,6.303403179399161,6.272807662223794,6.305640492889899,True,False,False
resident/calico/striped/k25/h0/u64/get16,resident,False,7.636095541757678,7.616482313070813,0.997431510831732,7.624603574088511,7.638484521829341,7.612507064533431,7.645926677426593,7.636273354635841,7.622595509578914,7.6159780645552315,7.629193022322337,True,False,False
resident/series/avx2/local/k26/h0/u64/get16,resident,False,4.8804281852269575,4.871589117072426,0.9981888744554652,4.8503417607669075,4.916597490831459,4.833665201803331,4.954259457834883,4.881261184813748,4.922815820817009,4.851827698812815,4.8795951856401665,False,False,False
resident/series/avx512/local/k26/h0/u64/get16,resident,False,7.765173873348865,7.810549881082453,1.005843527585303,7.757931515233943,7.7747054557765,7.762979341578549,7.835181763543464,7.769919119039613,7.823545021362409,7.77920901558714,7.758076403344353,True,False,False
resident/calico/local/k26/h0/u64/get16,resident,False,6.285970289580376,6.2991024038832855,1.0020891149174975,6.281781976660883,6.291389120219264,6.284794662902045,6.311138051914884,6.286354884657673,6.303259711794639,6.287762315548719,6.281835398789312,True,False,False
resident/calico/striped/k26/h0/u64/get16,resident,False,8.427946762383213,7.730630343108217,0.9172614114760008,8.33203085130172,8.49294509984719,7.700676435145899,7.7470875407933555,8.416809495039313,7.741685339119055,7.715454556168412,8.439084029727113,True,True,False
resident/series/avx2/local/k27/h0/u64/get16,resident,False,5.113216187144569,5.113050113468182,0.999967520701197,5.109977068247237,5.120643479032616,5.102951827546916,5.130749832335152,5.112832167113099,5.122112893485951,5.103617125600513,5.113600207176038,False,False,False
resident/series/avx512/local/k27/h0/u64/get16,resident,False,8.038997903785637,8.078280607780963,1.004886517506968,8.037499617034381,8.05070772058861,8.038198604863691,8.124453512879109,8.03881216570997,8.086742397356284,8.069818818205642,8.043568857230582,True,False,False
resident/calico/local/k27/h0/u64/get16,resident,False,6.3944467097039075,6.376313644866741,0.9971642480326486,6.384985277355842,6.405741435537018,6.372363411040899,6.3947636219505535,6.3950552777560326,6.376384961142798,6.376242328590684,6.386474742566987,True,False,False
resident/calico/striped/k27/h0/u64/get16,resident,False,8.26239753045388,8.293069673470981,1.0037122569936932,8.176063323862179,8.482010911442472,8.200954041041378,8.759764570624492,8.263477922169272,8.283283086144964,8.302856260796998,8.261317138738487,True,False,False
resident/series/avx2/local/k28/h0/u64/get16,resident,False,4.908746458426944,4.880112114139872,0.9941666687147969,4.854655581903664,4.918732584343419,4.839166420058588,4.9045222959250525,4.9099342880387775,4.851526427815145,4.894283571736745,4.87140840110326,False,False,False
resident/series/avx512/local/k28/h0/u64/get16,resident,False,7.770099315751841,7.794232891610475,1.0031059546188439,7.7610398285760835,7.83572339780189,7.770520214334139,7.80851231909193,7.761670453872394,7.79709027711242,7.7913755061085315,7.775923464411739,True,False,False
resident/calico/local/k28/h0/u64/get16,resident,False,6.291574923868003,6.308288526692843,1.002656505410344,6.276497787621059,6.294633274560464,6.278013418539539,6.334062656865741,6.2919612027621294,6.332119034288116,6.280874116697086,6.285704703132004,False,False,False
resident/calico/striped/k28/h0/u64/get16,resident,False,8.24119112833231,7.7100721753210735,0.9355531324609972,8.067565124428466,8.333962875239822,7.693486227543205,7.7390274846560665,8.231986356923052,7.706148427559714,7.713995923082434,8.250395899741571,True,True,False
resident/series/avx2/local/k29/h0/u64/get16,resident,False,5.469929354208381,5.434144873225481,0.9934579628610068,5.422640705985563,5.482172928136353,5.411084898335118,5.472301242062729,5.479102931056144,5.434911723426437,5.4333780230245265,5.444483572981277,True,False,False
resident/series/avx512/local/k29/h0/u64/get16,resident,False,8.039935114241716,8.055117130924717,1.0018883257721953,8.016945089176625,8.061424997553551,8.042567212192727,8.069606341502016,8.020237868006175,8.044014353686487,8.06056877509442,8.058762531500728,True,False,False
resident/calico/local/k29/h0/u64/get16,resident,False,6.393734850664751,6.389478424850434,0.9993342817752484,6.384416062389849,6.397741467854503,6.374817115440706,6.396712043624191,6.396104139448894,6.393784417510383,6.3773931577158125,6.3846450992796635,True,False,False
resident/calico/striped/k29/h0/u64/get16,resident,False,12.400850241064513,12.61241385904609,1.0170604122998759,12.34209169473602,12.467912667946347,12.523554072677722,12.680811828323188,12.425670885315373,12.551604563561686,12.665597195993348,12.366625513816329,True,False,True
resident/series/avx2/local/k30/h0/u64/get16,resident,False,5.44801846024261,5.398263722830773,0.9908673698933059,5.430382343629926,5.455238964477465,5.378958660360352,5.415973567601049,5.451600498895396,5.413989076669109,5.379997702205774,5.441576381252339,True,True,False
resident/series/avx512/local/k30/h0/u64/get16,resident,False,8.04625263718455,8.033694925956146,0.998439309353727,8.036702785025563,8.079781804779493,8.023982869215592,8.043133702042494,8.039898651132354,8.025411644836273,8.04020884901083,8.053539114269192,True,False,False
resident/calico/local/k30/h0/u64/get16,resident,False,6.392684952584259,6.388823757617251,0.9993959979264352,6.387821594430164,6.4037431378955025,6.366810686955191,6.4136923571525335,6.40221150517824,6.399897634990206,6.374612179610244,6.3924208912419545,True,False,False
resident/calico/striped/k30/h0/u64/get16,resident,False,8.150001820836717,8.165311038606484,1.0018784312085216,8.109165990675779,8.20108818231655,8.122568225177698,8.217118044083207,8.147930020693996,8.13728524637366,8.17657568431327,8.15207362097944,False,False,False
resident/series/avx2/local/k31/h0/u64/get16,resident,False,5.101189793528474,5.097465080123214,0.9992698343806018,5.0895601711571725,5.103723047264651,5.083279156892482,5.107882455128207,5.102418694362957,5.098834826301743,5.095205529662273,5.095054025654026,False,False,False
resident/series/avx512/local/k31/h0/u64/get16,resident,False,8.029645094168218,8.061284958896088,1.0039403814685222,8.020664457225564,8.049154030156357,8.038619084717496,8.104296041780048,8.024852380309362,8.052768769531896,8.069801148260282,8.033236561024324,True,False,False
resident/calico/local/k31/h0/u64/get16,resident,False,6.439126939003302,6.443098132687914,1.000616728591039,6.417409792673753,6.456090145837229,6.425446766124638,6.448710401344514,6.440544351471893,6.443201216964733,6.442995048411095,6.428538711365716,True,False,False
resident/calico/striped/k31/h0/u64/get16,resident,False,12.404608785869097,12.624284029660345,1.017709163391069,12.377624107761223,12.45181189394931,12.482159776471693,12.809192370130212,12.395239846440509,12.52989373453164,12.710963633904706,12.413977725297688,True,False,True
resident/series/avx2/local/k32/h0/u64/get16,resident,False,3.3999093082665417,3.4296312893843384,1.00874199233654,3.389531796237896,3.4107220874101047,3.4090984462273313,3.4456279968907113,3.3918233303856407,3.419362871243125,3.442642220597229,3.4069238439482796,True,False,False
resident/series/avx512/local/k32/h0/u64/get16,resident,False,7.037834259482711,7.0528674163884855,1.0021360487262851,7.027383979144988,7.051988215697095,7.0399986146496,7.080721693366297,7.032811728940644,7.049639332453639,7.057452677270984,7.0509066577420345,True,False,False
resident/calico/local/k32/h0/u64/get16,resident,False,4.923520642691544,4.903213086875762,0.9958753994774192,4.912093821103348,4.93098342570533,4.896368479110516,4.911419282158001,4.926521930254042,4.906786914607139,4.899765182826979,4.920519355129047,True,True,False
resident/calico/striped/k32/h0/u64/get16,resident,False,4.905788673586482,4.905052598021206,0.9998499577510872,4.898369100803606,4.911516990654836,4.893918559841976,4.909687861744001,4.909287973439251,4.90916039643403,4.89501341660714,4.901215163258603,True,False,False
resident/series/avx2/local/k33/h0/u64/get16,resident,False,4.170314841256929,4.171513230705309,1.0002873618645105,4.166033756867348,4.194184736450006,4.169341447385679,4.18503397828795,4.166770556470825,4.172178429068322,4.170145254099076,4.188710819425868,False,False,False
resident/series/avx512/local/k33/h0/u64/get16,resident,False,7.5118553312455045,7.517231027036448,1.0007156282374854,7.497789050317008,7.562339311772884,7.494986961314885,7.545272568808415,7.504058902280759,7.500018386973854,7.522665330145895,7.525077238072774,False,False,False
resident/calico/local/k33/h0/u64/get16,resident,False,6.2983229185904746,6.319829897659352,1.0034147152102024,6.290627196380906,6.305383422071032,6.2885913251002385,6.3462301659229485,6.297844038674766,6.339315123196597,6.293323181565575,6.298801798506183,False,False,False
resident/calico/striped/k33/h0/u64/get16,resident,False,7.647678289766025,7.64162542640806,0.9992085358289633,7.622657450189456,7.668496360652658,7.616189145120276,7.661586738529256,7.655498847126194,7.654939356320276,7.637099093001172,7.6401060093804345,True,False,False
resident/series/avx2/local/k34/h0/u64/get16,resident,False,4.350494268236665,4.355212387025061,1.0010845017824395,4.342411708486774,4.367560391917522,4.33160721047803,4.367235457468362,4.3513695284326515,4.35249773466107,4.365186988453605,4.3456431853175275,True,False,False
resident/series/avx512/local/k34/h0/u64/get16,resident,False,7.520923276534877,7.549446073330765,1.003792459482319,7.517223939701244,7.527298961773342,7.52121636239814,7.569156024169624,7.517354183866387,7.524021112030856,7.56529048877827,7.523279441567804,True,False,False
resident/calico/local/k34/h0/u64/get16,resident,False,6.312209696037777,6.3132329727144345,1.0001621106911736,6.304154337470954,6.32052648571023,6.291097230222559,6.333461282555536,6.309516485036157,6.332375097811369,6.297836261520695,6.3146928668628055,False,False,False
resident/calico/striped/k34/h0/u64/get16,resident,False,7.727684994103718,7.763950832753498,1.004692975797726,7.724379974941805,7.736005893498588,7.736086721300235,7.800659486644932,7.7276411409200545,7.780317222269558,7.750028639550382,7.728118507412728,True,False,True
resident/series/avx2/local/k35/h0/u64/get16,resident,False,4.6786521718913034,4.662679857141121,0.9965861290467067,4.628815985968254,4.694031796740078,4.638875863770979,4.681858275454353,4.69394786152055,4.657389428073841,4.673602541954868,4.654085089040598,False,False,False
resident/series/avx512/local/k35/h0/u64/get16,resident,False,7.765328042825093,7.8563667202356156,1.011723738766534,7.760805206457057,7.791223624450327,7.804205825663401,7.911978136617125,7.764863775406455,7.899689011568499,7.846734550561928,7.774267464931592,True,False,True
resident/calico/local/k35/h0/u64/get16,resident,False,6.364500020471434,6.3731225628665245,1.0013547870794808,6.354484201193708,6.374770175941394,6.367111924534218,6.377525524483218,6.374281989565438,6.37333132544854,6.370806016899597,6.3597998260734965,False,False,False
resident/calico/striped/k35/h0/u64/get16,resident,False,9.813884908350971,9.837197185559637,1.0023754382108994,9.785999247958674,9.847741551616302,9.765232064990185,9.91574066361755,9.802243134115098,9.777173182605502,9.89926427716886,9.832883326189382,False,False,False
resident/series/avx2/local/k36/h0/u64/get16,resident,False,4.176218260718184,4.186276449049696,1.002408444124226,4.1701162241956675,4.206879557775295,4.165803794722507,4.196221558408516,4.17022546492874,4.192541728899178,4.165989607258096,4.187658000217949,False,False,False
resident/series/avx512/local/k36/h0/u64/get16,resident,False,7.516435597844518,7.529474985151039,1.0017347833473436,7.510334510404846,7.560338741783357,7.513458515997456,7.553086244881453,7.513913310651292,7.528206392940883,7.5307435773611955,7.520482586971187,True,False,False
resident/calico/local/k36/h0/u64/get16,resident,False,6.279398592417396,6.312578390765017,1.005283913397007,6.25754974306895,6.288390026713183,6.2698873643377775,6.345512222588036,6.2872322696051945,6.329970893423668,6.276841709111091,6.270305329827874,True,False,False
resident/calico/striped/k36/h0/u64/get16,resident,False,7.761697463113929,7.7600414592903375,0.9997866441159989,7.74779012790748,7.764977533791453,7.745854315532988,7.769686298191105,7.759992543318932,7.7655656514105385,7.7562122357610805,7.763402382908928,False,False,False
resident/series/avx2/local/k37/h0/u64/get16,resident,False,4.6962483978959515,4.711252485749041,1.0031949093365273,4.6947018696327385,4.717681560045368,4.690467515265688,4.722459591764803,4.696173955231795,4.714935802791129,4.695463249820491,4.696322840560108,False,False,False
resident/series/avx512/local/k37/h0/u64/get16,resident,False,7.79168234542192,7.815576726200392,1.003066652324772,7.7835901317196905,7.82769714775095,7.7874365472822,7.858250481909469,7.795577582963215,7.8232981168437075,7.799822606502759,7.784259513464253,True,False,False
resident/calico/local/k37/h0/u64/get16,resident,False,6.35770664401274,6.368196269075979,1.001649907057778,6.344075192356148,6.372673386274242,6.365036187914851,6.381451072386693,6.345822741208996,6.368611291794789,6.3677812463571675,6.364693625306855,True,False,False
resident/calico/striped/k37/h0/u64/get16,resident,False,12.484732576134114,12.748820135924257,1.0211528407340478,12.442329009887743,12.544647151046483,12.620692750116522,12.89654370813362,12.489453874759958,12.891003819228471,12.640812112995334,12.480011277508272,True,False,True
resident/series/avx2/local/k38/h0/u64/get16,resident,False,4.651705607156559,4.634030027492122,0.9962001938305719,4.641300639196427,4.689479181545987,4.589922281621754,4.6664126593236475,4.651697190579542,4.629245175946211,4.657288798364627,4.651714023733575,False,False,False
resident/series/avx512/local/k38/h0/u64/get16,resident,False,7.804789498773113,7.801817446196441,0.9996192014432754,7.777795025546783,7.816198818862732,7.767527857656264,7.841894695064159,7.815433616120455,7.80791060088626,7.795724291506621,7.802900507971766,True,False,False
resident/calico/local/k38/h0/u64/get16,resident,False,6.35941961257344,6.363843690006483,1.0006956731435517,6.349028634670251,6.37205202057531,6.350802884055973,6.380846142958826,6.3603960288495305,6.371754293533607,6.363101420696701,6.358443196297348,True,False,False
resident/calico/striped/k38/h0/u64/get16,resident,False,8.459473473681342,8.534534331211443,1.0088729940183188,8.429875836689487,8.502257934918275,8.435549539284082,8.720294341126037,8.449485321994942,8.452110932580828,8.64247164035712,8.486371874671063,True,False,False
resident/series/avx2/local/k39/h0/u64/get16,resident,False,4.656068203728471,4.667579616311798,1.0024723462113612,4.64820345982196,4.668237834821414,4.617088904747617,4.692235932507588,4.663469308035279,4.6284152858859,4.692217210322647,4.65574051281657,False,False,False
resident/series/avx512/local/k39/h0/u64/get16,resident,False,7.780552088763724,7.765229123769533,0.9980306069775795,7.765430140446506,7.800220080894956,7.755503891838032,7.816781133230889,7.791115720914841,7.758672111675505,7.793796301497032,7.768289066568415,False,False,False
resident/calico/local/k39/h0/u64/get16,resident,False,6.456725809339558,6.461679413884602,1.0007672006975856,6.430744155341356,6.472645787792052,6.4537002459967905,6.470655319091473,6.454072091108387,6.462964870189835,6.454228504841321,6.4649082156642255,False,False,False
resident/calico/striped/k39/h0/u64/get16,resident,False,12.763083508174962,12.62893462212482,0.9894893043703571,12.718819531188046,12.803164859693233,12.528961842765908,12.639483135730057,12.754123992407953,12.581558139311497,12.629968308183749,12.772043023941972,True,True,False
resident/series/avx2/local/k40/h0/u64/get16,resident,False,4.014566345604648,4.015613802487048,1.0002609140794363,4.006305436397601,4.027829702290679,4.001950060372536,4.035211030204498,4.012316205696613,4.022645677037697,4.009555467385022,4.015018450765259,False,False,False
resident/series/avx512/local/k40/h0/u64/get16,resident,False,7.013625588789762,7.011588149958139,0.9997095027663182,6.98540279378459,7.049842917997568,6.986693270094639,7.067405048900219,6.986435589810693,7.031584835750925,6.991591464165353,7.037253893769101,False,False,False
resident/calico/local/k40/h0/u64/get16,resident,False,6.060684252405123,6.065056996034838,1.00072149339045,6.04729164938438,6.066877773840639,6.061043297873273,6.070401841706954,6.063684528111648,6.065742383138162,6.061736128402993,6.0576839766985975,True,False,False
resident/calico/striped/k40/h0/u64/get16,resident,False,6.073066851615554,6.066314573070703,0.9988881600170342,6.0444831530782475,6.083645666141526,6.041607004020783,6.0765384097316675,6.073553006926742,6.076100640335705,6.054696700986027,6.058750317757228,False,False,False
resident/series/avx2/local/k41/h0/u64/get16,resident,False,4.5593054973236615,4.551598003474401,0.9983095026525892,4.54649467982451,4.562581297206166,4.5441491793051405,4.554927227097924,4.558849579872749,4.547236613808052,4.553446017362236,4.559761414774574,True,False,False
resident/series/avx512/local/k41/h0/u64/get16,resident,False,7.548050149060684,7.511212268344283,0.9951195500839399,7.503124137971218,7.5688153917606025,7.497908374508001,7.564700452255966,7.510503109053589,7.556482389227162,7.500389231060207,7.565916081413304,False,False,False
resident/calico/local/k41/h0/u64/get16,resident,False,7.49222498783263,7.506656151730759,1.0019261519670812,7.460743529547093,7.519061528037292,7.485403720068556,7.51837465083821,7.509902932464983,7.490813854047528,7.517782756834597,7.486011759906506,False,False,False
resident/calico/striped/k41/h0/u64/get16,resident,False,8.87530377947598,8.898981873784232,1.0026678629708436,8.838289881432708,8.879329418306446,8.888617600956007,8.924469555630553,8.878337110743226,8.908235880257202,8.890511796828752,8.862346949946993,True,False,True
resident/series/avx2/local/k42/h0/u64/get16,resident,False,4.803426176218844,4.8150924962326584,1.0024287497269289,4.796956045389056,4.819650935442542,4.806861635908335,4.829226409987912,4.799420214749495,4.80885429692096,4.821069210516025,4.807432137688194,True,False,False
resident/series/avx512/local/k42/h0/u64/get16,resident,False,7.546953674013085,7.533298105499769,0.9981905853536194,7.510468764305779,7.618605044577365,7.507555269625007,7.586526822856331,7.546111763387699,7.551704955801498,7.51551956597616,7.5584127792526825,False,False,False
resident/calico/local/k42/h0/u64/get16,resident,False,7.44777988559287,7.452692294574957,1.0006595803121934,7.422388924512415,7.460496960133098,7.436407595150723,7.455552467998567,7.458433257501484,7.450610982101915,7.453731959949625,7.432410717312768,False,False,False
resident/calico/striped/k42/h0/u64/get16,resident,False,8.895796165376218,8.930843904178307,1.003939809113264,8.878828299168006,8.920328090167368,8.916370854522158,8.9373595027241,8.893743245677472,8.92903248467232,8.932655323684294,8.897849085074963,True,False,False
resident/series/avx2/local/k43/h0/u64/get16,resident,False,5.111161181261629,5.11563585545416,1.0008754711569137,5.101148480738179,5.1190462133870085,5.1017281562566605,5.122458820257587,5.118318975611846,5.1114286020319115,5.118256523552537,5.104261837955418,False,False,False
resident/series/avx512/local/k43/h0/u64/get16,resident,False,7.865989006752283,7.805630136840202,0.9923266012881192,7.790582637656814,7.911879369264455,7.76119415680531,7.8446150381037425,7.838671013520538,7.823206152157893,7.766502773668962,7.87924389203889,True,False,False
resident/calico/local/k43/h0/u64/get16,resident,False,7.5925151987393615,7.5862408419615,0.9991736128787857,7.577865228727285,7.6044360840203264,7.560712990836167,7.602990259384911,7.603334465055687,7.593444657755736,7.585390039983299,7.578203702268962,False,False,False
resident/calico/striped/k43/h0/u64/get16,resident,False,10.306885761997883,10.41805445598942,1.0107858665127951,10.26597935049831,10.396864672195782,10.300548978307184,10.585532277881255,10.33595361080312,10.499857576716321,10.329849510136047,10.277817913192646,True,False,False
resident/series/avx2/local/k44/h0/u64/get16,resident,False,4.598416853556834,4.56471060779191,0.9926700325702632,4.59225466421825,4.605395503725502,4.55819241328196,4.569067180570446,4.602248529842872,4.563519838058702,4.5669166893285515,4.595969629861446,True,True,False
resident/series/avx512/local/k44/h0/u64/get16,resident,False,7.526405593924375,7.528495231245226,1.0002776408067269,7.506059781040795,7.597145453496612,7.494243760018616,7.571266980560888,7.538516364239734,7.553061367962743,7.49649770294309,7.514294823609016,False,False,False
resident/calico/local/k44/h0/u64/get16,resident,False,7.4336388020433315,7.444492444605882,1.0014600712856223,7.424818290871399,7.457281762016025,7.43973994259436,7.45008842065273,7.449680060874823,7.4439578275314755,7.445027061680289,7.430735535585638,False,False,False
resident/calico/striped/k44/h0/u64/get16,resident,False,8.915696331216402,8.971924095882216,1.0063066038340656,8.876922454334617,8.924819188537215,8.960397745079813,8.98292223952133,8.924310324313076,8.962252074703455,8.972488955569414,8.889186886587318,True,False,True
resident/series/avx2/local/k45/h0/u64/get16,resident,False,5.096510015455806,5.105617305280026,1.0017869659426943,5.062992476079998,5.10399762625075,5.091191933367565,5.108293700296327,5.101850502254501,5.097413132977499,5.1067420425301435,5.08796277001984,False,False,False
resident/series/avx512/local/k45/h0/u64/get16,resident,False,7.819731169057509,7.8043727551758995,0.9980359409358748,7.779289459948021,7.857191081471843,7.774787234830064,7.845319218824206,7.813138083772175,7.828587292461919,7.784238341432248,7.826324254342843,False,False,False
resident/calico/local/k45/h0/u64/get16,resident,False,7.573817410820391,7.5912852568877325,1.002306346340273,7.549766308498597,7.594436049742764,7.5625802654106495,7.60452689686654,7.589471958802729,7.590714195841155,7.59185631793431,7.566881986876906,True,False,False
resident/calico/striped/k45/h0/u64/get16,resident,False,13.3173981052284,13.495939162094174,1.013406602059578,13.304248599130096,13.37493148622726,13.456044849512246,13.568431966718446,13.322087452530596,13.538505909127947,13.483284853467728,13.312708757926204,True,False,True
resident/series/avx2/local/k46/h0/u64/get16,resident,False,5.1061147000215605,5.114054214942237,1.0015549033633426,5.0893376031298025,5.111898496936412,5.104694146046378,5.118318929411635,5.110176175869604,5.108856778191275,5.115954165238184,5.103410045735528,False,False,False
resident/series/avx512/local/k46/h0/u64/get16,resident,False,7.819009731425205,7.808440090417167,0.9986482123221362,7.787282971631073,7.848619637175827,7.763988072303533,7.830682833128536,7.793199033145891,7.822835952656789,7.790983393991928,7.824438151851139,False,False,False
resident/calico/local/k46/h0/u64/get16,resident,False,7.577920738909426,7.586287349834906,1.0011040773866269,7.546945531528893,7.595069127254469,7.579726378226585,7.603135770644837,7.591886310418035,7.601393735879545,7.585164452005628,7.557342313986006,True,False,False
resident/calico/striped/k46/h0/u64/get16,resident,False,9.196408756503404,9.22334150658235,1.002928616027414,9.158598338580772,9.236247273323649,9.194795616028745,9.273514167426296,9.200510754026842,9.228145102913176,9.218537910251523,9.192306758979965,True,False,False
resident/series/avx2/local/k47/h0/u64/get16,resident,False,5.106282040488685,5.113848985192676,1.0014818892971424,5.087741148368161,5.1149942801466395,5.088448929609439,5.120430199236528,5.113738887003989,5.099117010445796,5.114780026707159,5.1028752789743175,False,False,False
resident/series/avx512/local/k47/h0/u64/get16,resident,False,7.82356346656325,7.799626625647152,0.9969404171106426,7.800852815745345,7.866853283344407,7.7775787504199005,7.851278841128398,7.809564301728302,7.8218360525978445,7.788159199583372,7.84545246250744,False,False,False
resident/calico/local/k47/h0/u64/get16,resident,False,7.578122945826237,7.578529250196297,1.0000536154365618,7.550165015190151,7.591576333245332,7.5729569702511395,7.58652703043205,7.5881203672699,7.583427153803912,7.576976770843402,7.564729925258128,False,False,False
resident/calico/striped/k47/h0/u64/get16,resident,False,13.447613766379334,13.342987447801956,0.9922197112145683,13.294068987664398,13.564690277372202,13.232961505598277,13.426828126292353,13.31914823077887,13.413522593411567,13.2366461129884,13.47955273877525,False,False,False
resident/series/avx2/local/k48/h0/u64/get16,resident,False,3.9628652462874396,3.986871381389258,1.0060577722455508,3.956998761481191,3.980239075190984,3.9774304711432453,3.999335090233641,3.960590484950731,3.986770496830463,3.9869722659480527,3.9795587548216704,True,False,False
resident/series/avx512/local/k48/h0/u64/get16,resident,False,7.293371612597268,7.280459939383387,0.9982296701855176,7.27062490975764,7.314087930811764,7.24657189377397,7.316386357544731,7.301038612333724,7.308841358717334,7.250773554145357,7.285704612860812,False,False,False
resident/calico/local/k48/h0/u64/get16,resident,False,4.9593408761645,4.963302910640076,1.0007989034378777,4.945442569876775,4.9702695060856605,4.9486016124394006,4.973668559916201,4.956991484783367,4.951172407525562,4.971388669147625,4.961690267545634,False,False,False
resident/calico/striped/k48/h0/u64/get16,resident,False,4.963245474615238,4.977771592176549,1.002926737683156,4.9405955546543225,4.983085900797182,4.96072316367043,4.990712261608283,4.982917067635934,4.96540730060368,4.989173083566477,4.956909390836895,False,False,False
resident/series/avx2/local/k49/h0/u64/get16,resident,False,4.561773747913879,4.5576224585788765,0.9990899835098352,4.5379683443578225,4.575111363779205,4.540422981817838,4.561155385760579,4.565578829568532,4.5502691402118876,4.559789252476111,4.556411911732243,False,False,False
resident/series/avx512/local/k49/h0/u64/get16,resident,False,7.53983987902221,7.523604417700749,0.9978467100652054,7.534348758327948,7.583545567975957,7.507929085766694,7.5499429718185915,7.538177252435351,7.539195866539015,7.507973499392079,7.5415025056090705,False,False,False
resident/calico/local/k49/h0/u64/get16,resident,False,6.319302098297129,6.339914554953058,1.0032618248558625,6.303133756861405,6.3513467600992195,6.305475686402136,6.358174459432447,6.3368962601873395,6.356788453545497,6.324024832320379,6.306666640675698,True,False,False
resident/calico/striped/k49/h0/u64/get16,resident,False,7.6366904602691985,7.656175745317773,1.0025515352690997,7.620465350101893,7.649158511312214,7.632803771762651,7.671174702492387,7.648372828791348,7.671003007224525,7.647744514301993,7.622789521631758,True,False,False
resident/series/avx2/local/k50/h0/u64/get16,resident,False,4.806679759592557,4.811783062395671,1.0010617105899202,4.78330989667344,4.819307140837978,4.793348673257581,4.818838761715644,4.809419904435989,4.800725801740509,4.817339659661853,4.794850980442824,False,False,False
resident/series/avx512/local/k50/h0/u64/get16,resident,False,7.531866842804509,7.54347320650336,1.0015409677230207,7.511581939923335,7.595982039732209,7.50950228532552,7.559600967734552,7.512478726392415,7.558796559997154,7.511995987409626,7.5345159462341345,False,False,False
resident/calico/local/k50/h0/u64/get16,resident,False,6.301963085368362,6.303188699593335,1.0001944813399206,6.279017235626963,6.311560326442476,6.274735670913885,6.329834502120224,6.309207990286871,6.3225737119237335,6.289208914779219,6.290161104683715,False,False,False
resident/calico/striped/k50/h0/u64/get16,resident,False,7.719501639282644,7.7567866889606165,1.0048299814444288,7.703224528152461,7.726204616731003,7.740796344261364,7.78646742842661,7.7246754457574704,7.7658139552141625,7.7547282293746544,7.7156256254995474,True,False,True
resident/series/avx2/local/k51/h0/u64/get16,resident,False,5.108394159954787,5.115377625057815,1.0013670568253663,5.089042142884965,5.121558062239586,5.090378926084365,5.12031608416356,5.1209419766457,5.110659519953226,5.117087777370165,5.091068468169781,False,False,False
resident/series/avx512/local/k51/h0/u64/get16,resident,False,7.824038256383017,7.7874617326957765,0.9953251092992291,7.804894276312604,7.856328771095301,7.758934376330167,7.851985437660321,7.812475082711435,7.820025939679093,7.765495154913251,7.830780754159289,False,False,False
resident/calico/local/k51/h0/u64/get16,resident,False,6.356670733739163,6.367039597077354,1.001631178296393,6.331764969448404,6.366210937499672,6.358353815656122,6.3733926522639015,6.365529318138105,6.364971648258506,6.368957861359502,6.346830043542525,False,False,False
resident/calico/striped/k51/h0/u64/get16,resident,False,9.715619739605764,9.788988165396061,1.0075515950352822,9.63686542003336,9.77324281776766,9.768866471621614,9.922133205730951,9.75764559616699,9.79040171170465,9.787574619087472,9.69010269687175,True,False,False
resident/series/avx2/local/k52/h0/u64/get16,resident,False,4.563718185578535,4.557031086906049,0.9985347257651408,4.544484688865775,4.588115519095337,4.551884317243168,4.563055101543713,4.5778957004816085,4.5532090586817855,4.562665834956094,4.560388969204851,False,False,False
resident/series/avx512/local/k52/h0/u64/get16,resident,False,7.523187042795066,7.526918371399521,1.0004959771149156,7.496312987432258,7.588463594353531,7.496386629402881,7.572724651903171,7.501277723617775,7.542656643937371,7.504671417542534,7.54697702087597,False,False,False
resident/calico/local/k52/h0/u64/get16,resident,False,6.31581664534432,6.304369527583681,0.998187547485395,6.305956692296576,6.32822714679838,6.285396861061718,6.333620599050707,6.321316366835124,6.3150432604963544,6.296935678445485,6.30852656189758,True,False,False
resident/calico/striped/k52/h0/u64/get16,resident,False,7.755019943675209,7.741840378223673,0.9983005117269511,7.728125259317763,7.776532934984255,7.727124729687292,7.755731060785183,7.774367427206784,7.743876893626924,7.728991258391017,7.728866722579435,False,False,False
resident/series/avx2/local/k53/h0/u64/get16,resident,False,5.108783934733482,5.110425113861794,1.0003212465332805,5.086275432866783,5.120315475540501,5.101811501074978,5.115283733268928,5.117020186844249,5.109025716967664,5.111824510755925,5.1012484959060425,False,False,False
resident/series/avx512/local/k53/h0/u64/get16,resident,False,7.832548798543126,7.807091935049941,0.9967498621268827,7.793665414314315,7.899157687382731,7.767608465166934,7.842102696440641,7.802641986821618,7.8227994667182985,7.787063027136921,7.881823831546378,False,False,False
resident/calico/local/k53/h0/u64/get16,resident,False,6.363633902673399,6.361062586274112,0.999595935838137,6.338429202365329,6.374976291677676,6.335879806391056,6.369273531743655,6.3727730894743955,6.361418290142126,6.360706882406099,6.348518275298528,False,False,False
resident/calico/striped/k53/h0/u64/get16,resident,False,12.853220314566908,12.531871291247738,0.9749985594695691,12.84032508007828,12.936608376233913,12.487953191334928,12.604454730099311,12.854745519120598,12.55933832073643,12.52743873021825,12.851695110013216,True,True,False
resident/series/avx2/local/k54/h0/u64/get16,resident,False,5.10268979874761,5.115103672102656,1.0024328097228432,5.088296539170923,5.112736543108779,5.111632691647945,5.120152358295159,5.110011425202613,5.116191106183171,5.113098144530872,5.0953533034300715,True,False,False
resident/series/avx512/local/k54/h0/u64/get16,resident,False,7.807922897495311,7.8182569660000745,1.001323536187592,7.794969027718652,7.876315546251184,7.765723279805347,7.912417354638356,7.831576265990339,7.782204877657737,7.869586285305232,7.802930597139209,False,False,False
resident/calico/local/k54/h0/u64/get16,resident,False,6.344889803334302,6.382095011541956,1.0058638068368189,6.322878536682534,6.368951119558711,6.363704685553722,6.39370031123191,6.36585861485821,6.392346437031861,6.3718237012004275,6.339372991348423,True,False,False
resident/calico/striped/k54/h0/u64/get16,resident,False,8.43232591733114,8.520637918620794,1.0104730298799462,8.406254289439174,8.447202713214333,8.458735037688278,8.557784704574315,8.425904833185312,8.52849465434445,8.46958520223957,8.438747001476967,True,False,True
resident/series/avx2/local/k55/h0/u64/get16,resident,False,5.116410110107138,5.115193968463844,0.9997623056758309,5.101739321123831,5.121540401478919,5.109658284185312,5.117371221561109,5.119237903352259,5.115354434903817,5.110244965245823,5.109966310281703,False,False,False
resident/series/avx512/local/k55/h0/u64/get16,resident,False,7.821224450438136,7.826910777091781,1.000727037906875,7.781282402415675,7.868752444067953,7.792925952995889,7.895090846468269,7.806300584798001,7.824103942384742,7.869715683515336,7.826283159115945,True,False,False
resident/calico/local/k55/h0/u64/get16,resident,False,6.455353671897237,6.441877990401251,0.9979124797523253,6.425967429871233,6.472437182028007,6.4312582485378895,6.473011029122729,6.459774837562518,6.464637229913066,6.436916196307463,6.432217951296582,False,False,False
resident/calico/striped/k55/h0/u64/get16,resident,False,12.703142319011826,12.45104544139285,0.9801547623975146,12.607025098903325,12.768907860321823,12.399824567092098,12.5140156024701,12.68674968818334,12.412729786476174,12.458321673179965,12.735509849799596,True,True,False
resident/predecessor/local/k56/h0/u64/get16,resident,False,6.25980964478717,6.239203547697489,0.9967081911018107,6.231965485699303,6.295018020393417,6.217619942499934,6.254413022927466,6.261898406112601,6.220842665909142,6.247597465536982,6.257720883461739,True,False,False
resident/series/avx2/local/k56/h0/u64/get16,resident,False,4.201805514010504,4.048730034293357,0.9635691182738632,4.181904619855779,4.238127175637356,4.028776337833475,4.075051838756628,4.196164512736306,4.043766798999494,4.065811718883741,4.213267312319797,True,True,False
resident/series/avx2/local/k56/h0/u64/admitted-region/get16,resident,False,2.522743586327915,2.5217809864522427,0.9996184313455838,2.5145961532868966,2.53085128934406,2.515405626828633,2.526943741338243,2.527470394991562,2.522091472004897,2.516366610043924,2.518016777664268,True,False,False
resident/series/avx2/local/k56/h0/u64/raw-dense/get16,resident,False,2.4545048383001378,2.46267331985226,1.0033279549604714,2.4404011845118236,2.4579386855857925,2.461553600444092,2.4729299157506066,2.4572663372434023,2.4712768314481766,2.4623484813494336,2.4486770183615434,True,False,True
resident/series/avx512/local/k56/h0/u64/get16,resident,False,7.080152953456835,7.075347638568456,0.9993212978702624,7.048674872827196,7.106320328522182,7.0461422214700775,7.128571968550978,7.067128820549751,7.049319385364736,7.0963786907640864,7.081589779148956,False,False,False
resident/series/avx512/local/k56/h0/u64/admitted-region/get16,resident,True,6.245098293998938,2.395527148119031,0.3835851791830001,6.213623890873194,6.281022232497666,2.388207676048425,2.4106373543117283,6.2269721205919515,2.396290848201439,2.391917219497699,6.256342540816048,True,True,False
resident/series/avx512/local/k56/h0/u64/raw-dense/get16,resident,True,6.2763431963548495,2.276949536872849,0.3627828284143619,6.246144486316901,6.322660284763945,2.264982100750053,2.2876746102029055,6.2541905816735035,2.2801531813100056,2.2737458924356924,6.3023180470549685,True,True,False
resident/calico/local/k56/h0/u64/get16,resident,False,6.002815979545993,6.01493154169266,1.002018313103042,5.9791008158113605,6.014237674832125,6.00574094296025,6.020258004180987,6.005094200809266,6.012996554286768,6.017532783447115,6.00053775828272,True,False,False
resident/calico/striped/k56/h0/u64/get16,resident,False,6.007022372351388,6.023637837274116,1.0027660068321376,5.981389215376469,6.023598453695652,6.006591260301805,6.029092507514719,6.017152552515994,6.023895947802614,6.023379726745618,5.9919121336466485,True,False,False
resident/series/avx2/local/k57/h0/u64/get16,resident,False,4.557544522769172,4.554587524902445,0.9993511861810775,4.537938316322053,4.571124936161224,4.541918440772568,4.555829216651657,4.5700379496334325,4.545068178119084,4.555718118379987,4.546132542713598,False,False,False
resident/series/avx512/local/k57/h0/u64/get16,resident,False,7.578266376381224,7.5315866508310485,0.9938403160786667,7.514908168230887,7.597204454421399,7.493615017201525,7.566146464198955,7.524665740953163,7.556585275446973,7.501110330845432,7.58231077948722,False,False,False
resident/calico/local/k57/h0/u64/get16,resident,False,7.489990325619259,7.501048182479427,1.0014763512874436,7.458240178856415,7.5096897546383605,7.495716727789109,7.507462617223445,7.501926820888068,7.496073934912418,7.503566910167984,7.472379460009039,False,False,False
resident/calico/striped/k57/h0/u64/get16,resident,False,8.87644341085716,8.88270050342232,1.0007049098693637,8.837238742601714,8.896823892946594,8.854469074219118,8.903739459629223,8.884453116558785,8.900623102055947,8.856473913866619,8.866181144067923,False,False,False
resident/series/avx2/local/k58/h0/u64/get16,resident,False,4.8059252529024885,4.812685268214855,1.0014066001772048,4.792523349375746,4.822426657883166,4.801810013172651,4.814456163589297,4.813314899687798,4.811955061042818,4.8134154753868925,4.79902446788766,False,False,False
resident/series/avx512/local/k58/h0/u64/get16,resident,False,7.560054166330092,7.546486298477568,0.9982053213437344,7.513911383618167,7.588501778691341,7.519506711678422,7.565509415147402,7.516645397096528,7.564637762179131,7.51964158289019,7.563118935337666,False,False,False
resident/calico/local/k58/h0/u64/get16,resident,False,7.442214060149887,7.451370161555754,1.0012302926698784,7.423183840935674,7.468236463972579,7.443483584753006,7.461940537721235,7.457718393190268,7.447013204464942,7.458505688796255,7.429963139056656,False,False,False
resident/calico/striped/k58/h0/u64/get16,resident,False,9.664615528760201,8.92594202281996,0.9235692818051501,9.557389631694347,9.750717630293748,8.903443704106955,8.948079756035114,9.712881949584455,8.941687904557797,8.913259365651633,9.567524063954854,True,True,False
resident/series/avx2/local/k59/h0/u64/get16,resident,False,5.11294884023779,5.116007349667295,1.0005981889365752,5.094127171069255,5.130035204157551,5.112694043127829,5.119306736903984,5.1266440532763315,5.11922325439858,5.115459566577888,5.103957154142871,False,False,False
resident/series/avx512/local/k59/h0/u64/get16,resident,False,7.841855580884909,7.830879208179949,0.9986002837476737,7.7844059494332525,7.912086125725675,7.809923273906431,7.875013126470514,7.8349255056057,7.871456415618414,7.82950852124996,7.8432170297199235,False,False,False
resident/calico/local/k59/h0/u64/get16,resident,False,7.572957272183485,7.593452229406476,1.0027063347231961,7.545376983442092,7.605670566274566,7.58900134610987,7.5992681092339955,7.602816876913104,7.595203114151444,7.591701344661509,7.549349084277536,False,False,False
resident/calico/striped/k59/h0/u64/get16,resident,False,9.217311030656514,9.294192599439953,1.0083409975564166,9.154397974494117,9.342128431308957,9.236416056564076,9.755229139453538,9.184609704108716,9.294329230261473,9.29405596861843,9.259546655691405,True,False,False
resident/series/avx2/local/k60/h0/u64/get16,resident,False,4.573761698311448,4.552412683713397,0.9953322853252429,4.542651735840386,4.574015208774362,4.538220858922678,4.558007687782628,4.57390070322914,4.548629655398775,4.55604941142172,4.571645091276088,True,False,False
resident/series/avx512/local/k60/h0/u64/get16,resident,False,7.5241170165723315,7.536954065056419,1.0017061202604656,7.499585316188869,7.566134791993301,7.492943939912503,7.581970457248034,7.522336135449356,7.550705664946142,7.497771732922638,7.525897897695307,False,False,False
resident/calico/local/k60/h0/u64/get16,resident,False,7.446316452177392,7.45213574505052,1.000781499538799,7.424586405354172,7.458263888101499,7.4320288511467565,7.459000871288169,7.449493575813017,7.432602459247378,7.456053002395669,7.438107823005743,False,False,False
resident/calico/striped/k60/h0/u64/get16,resident,False,8.917489900727357,8.98566947475851,1.0076456014854125,8.898944440502312,8.945010762397828,8.960937287078837,8.993313385127436,8.924473296009777,8.97610365508738,8.989792987797687,8.899652594792855,True,False,True
resident/series/avx2/local/k61/h0/u64/get16,resident,False,5.101661505078461,5.115966441733071,1.0028039760459158,5.081558734413526,5.11810115406815,5.102078673014332,5.12645994858525,5.116934155312908,5.116690639602853,5.115242243863289,5.095073407113673,False,False,False
resident/series/avx512/local/k61/h0/u64/get16,resident,False,7.840555391673009,7.831984321902474,0.9989068287458771,7.784671694665706,7.886723876311999,7.800105121755869,7.8540169703968585,7.797540448540499,7.838352894809207,7.805924587700435,7.871956679243287,False,False,False
resident/calico/local/k61/h0/u64/get16,resident,False,7.578373126897464,7.588803968133448,1.0013763958387008,7.553926063263998,7.600031535302126,7.5839925243392345,7.596768515299555,7.599053253023973,7.588292477977895,7.589315458289,7.562969299566027,False,False,False
resident/calico/striped/k61/h0/u64/get16,resident,False,13.320087361452753,13.49112974831856,1.0128409358155406,13.257953291768786,13.390215138580297,13.348098292962893,13.565121613557276,13.304375128283633,13.477403435679653,13.500755995623978,13.359153636165157,True,False,False
resident/series/avx2/local/k62/h0/u64/get16,resident,False,5.095801568627307,5.083794681915446,0.9976437687868809,5.063009690178612,5.103193348425787,5.071748747638957,5.089675932213103,5.098079869113833,5.083457577464499,5.088504239096523,5.091662477875538,True,False,False
resident/series/avx512/local/k62/h0/u64/get16,resident,False,8.067123086178704,8.059917402197811,0.9991067839297956,8.025269940828236,8.081320588667035,8.030887214048253,8.099254383407711,8.051945463427042,8.06274260635559,8.057092198040033,8.071074918716837,False,False,False
resident/calico/local/k62/h0/u64/get16,resident,False,7.572851735179654,7.587095128524148,1.0018808493606612,7.563515999562038,7.598399480154361,7.579989457517386,7.594153788879872,7.587700254718401,7.592975558278772,7.580826601474156,7.565507121001145,True,False,False
resident/calico/striped/k62/h0/u64/get16,resident,False,9.193507865396398,9.184585332193432,0.9990294745668789,9.167752323826898,9.198712727093373,9.149959616417174,9.241355013187789,9.198403735753436,9.182556761476878,9.186613902909986,9.191304940326587,True,False,False
resident/series/avx2/local/k63/h0/u64/get16,resident,False,5.1009794194539015,5.10443369444215,1.0006771787737616,5.0859547912965,5.112221878411079,5.0935906010776,5.114222252423894,5.112183260564352,5.105719010124289,5.103486271676053,5.08694721429987,False,False,False
resident/series/avx512/local/k63/h0/u64/get16,resident,False,7.808930543882484,7.792553358619086,0.9979027620784477,7.764415464591522,7.829036383949774,7.763025790581883,7.817821863461872,7.771308281146025,7.790550780140424,7.7945559370977495,7.824093599744581,False,False,False
resident/calico/local/k63/h0/u64/get16,resident,False,7.5717966264042795,7.581567416198922,1.0012904189423908,7.537389188218678,7.590019123069932,7.564040992748966,7.588108861333872,7.589295957498006,7.582860728425791,7.5802741039720525,7.552005387930273,False,False,False
resident/calico/striped/k63/h0/u64/get16,resident,False,13.528939411954758,13.320439212646981,0.984588577643896,13.403440566016943,13.680823821387023,13.202214961267865,13.413746275221726,13.42542040824702,13.278482419153796,13.408550336628718,13.664651408599394,True,False,False
resident/series/avx2/local/k64/h0/u64/get16,resident,False,3.925782127688129,3.184588002541364,0.8111983546108684,3.9007427566760997,3.9459046731341045,3.1765848453155114,3.1951186668525673,3.907089073143943,3.191526494828671,3.1844102660762514,3.9407190576812137,True,True,False
resident/series/avx512/local/k64/h0/u64/get16,resident,False,7.090298398392135,7.083795316556991,0.9990828197249613,7.06663327561257,7.133203057194141,7.039365230148851,7.0956698605094815,7.06689234992526,7.094598963976841,7.0795730676662645,7.126700212095013,False,False,False
resident/calico/local/k64/h0/u64/get16,resident,False,6.050550417291072,6.042225339988879,0.9986240793435252,6.030762873420375,6.066515917831873,6.030107733467244,6.048466841638769,6.058860209686472,6.04098202470236,6.043468655275398,6.042617730194991,False,False,False
resident/calico/striped/k64/h0/u64/get16,resident,False,6.046849533761206,6.039380758746507,0.9987648485425347,6.025922851382825,6.0636388349066745,6.031319664504808,6.058236647444128,6.061839921108402,6.040958986606706,6.037802530886308,6.0324586976806955,False,False,False
bulk/predecessor/local/k1/h0/u8/encode,bulk,False,0.008216595584400766,0.008173560632127416,0.994762435143449,0.008195213000673551,0.00822948163203852,0.0081569659829337,0.008239096355300584,0.008224851346566486,0.008159599570419607,0.008216210718590999,0.008210222211442757,False,False,False
bulk/predecessor/local/k1/h0/u8/decode,bulk,False,0.0105982647193795,0.010399447828051881,0.9812406184793563,0.010563266520277335,0.010639653053945613,0.010337202382940117,0.010463483923994803,0.010621525658982224,0.010458280245078465,0.010354172888265957,0.010571215066497046,True,True,False
bulk/predecessor/striped/k1/h0/u8/encode,bulk,False,0.007734313413716494,0.007637041550571863,0.9874233357324099,0.0077005131003723675,0.007740910824967009,0.007611881996937158,0.007665956351084529,0.0077348355342719095,0.007635428297983605,0.007638654803160122,0.007733039407169113,True,True,False
bulk/predecessor/striped/k1/h0/u8/decode,bulk,False,0.0058386737586601034,0.0058123272418100815,0.9954875853765688,0.005829754535230064,0.005848398750469495,0.005790023517389086,0.005839259188714726,0.005837098369735626,0.005819797088415921,0.005804857395204241,0.0058402491475845805,True,False,False
bulk/series/avx2/local/k1/h0/u64/encode,bulk,False,0.12091264554798259,0.1204782390210572,0.9964072696866682,0.12038413186633103,0.1210920243206809,0.12009801827491705,0.12126576407029387,0.12079741760861637,0.12010670526952527,0.1209659976363591,0.12102787348734881,True,False,False
bulk/series/avx2/local/k1/h0/u64/decode,bulk,False,0.13175504042370495,0.1317019577568515,0.9995971109212768,0.13153974228625626,0.1321711379362336,0.13122070362510888,0.1322818835925391,0.13166775089679403,0.13125416715677327,0.13216466645004524,0.13206998788510824,False,False,False
bulk/series/avx2/local/k1/h0/u8/encode,bulk,False,0.011000054574722343,0.013147274220095631,1.1952008174857158,0.010978149573980515,0.011065793634474151,0.013037488407198332,0.013228109747444382,0.011012777902337506,0.013118467240470954,0.013206194391776572,0.01098733124710718,True,False,True
bulk/series/avx2/local/k1/h0/u8/decode,bulk,False,0.01025729495539096,0.010330330561904159,1.007120357446172,0.010223906630881824,0.010304859887307095,0.010312115149481185,0.010397308371982715,0.010255858168101872,0.010324163523950387,0.01033649759985793,0.010258731742680046,True,False,True
bulk/series/avx512/local/k1/h0/u64/encode,bulk,False,0.06759602698861295,0.06768274384442441,1.0012828691222646,0.06749704522966897,0.06775065637593237,0.06762221130923989,0.06786310633041147,0.06757551567991263,0.06766781241539614,0.06769767527345268,0.06773362156220744,False,False,False
bulk/series/avx512/local/k1/h0/u64/decode,bulk,False,0.13155150949700928,0.13203778986166498,1.0036965015948125,0.13099378317137544,0.1319367968359399,0.1312925322835815,0.13219633152501806,0.13158508648194328,0.1320036830865853,0.1320867435336292,0.13151793251207528,True,False,False
bulk/series/avx512/local/k1/h0/u8/encode,bulk,False,0.009473824062797235,0.009505409912396352,1.0033340126848198,0.009451199683282242,0.009510892638129072,0.009475685401098204,0.009513340704147505,0.0095013934979291,0.009499488865396604,0.009511330959396103,0.009466350938761648,False,False,False
bulk/series/avx512/local/k1/h0/u8/decode,bulk,False,0.008928767221764403,0.008918443241467063,0.9988437395621453,0.008885756751897208,0.009021503495592761,0.008891849821592019,0.008956734720375663,0.009019664798165015,0.008907301516519691,0.008935683861001758,0.008903170888571442,False,False,False
bulk/series/avx2/striped/k1/h0/u64/encode,bulk,False,0.09534860398033523,0.09574825210228266,1.004191441775381,0.09513586835817704,0.09583566311348059,0.09496647288722264,0.0959485413986401,0.09535325296071707,0.0955308373062414,0.09592335913326508,0.09534395499995339,True,False,False
bulk/series/avx2/striped/k1/h0/u64/decode,bulk,False,0.14051928099229194,0.14084778113638485,1.0023377585038378,0.13981557941095563,0.14106011354699802,0.14021603299770963,0.14110915043829025,0.13995117389102507,0.14094281286960963,0.14075274940316007,0.14084992507812719,False,False,False
bulk/series/avx2/striped/k1/h0/u8/encode,bulk,False,0.006728802189116307,0.006726733232512331,0.9996925223025099,0.006713395732152303,0.006739226323709982,0.00671954958468191,0.00673939247580873,0.006730621553146001,0.006730404657660385,0.006723373014479797,0.006726036588681009,True,False,False
bulk/series/avx2/striped/k1/h0/u8/decode,bulk,False,0.005967897396526968,0.0059591271113812,0.9985304229340686,0.005965318892565012,0.005976159409055176,0.005954291425807128,0.005967975461358146,0.005969081410564422,0.005963457522317204,0.005959019987204661,0.005967520351472203,True,False,False
bulk/series/avx512/striped/k1/h0/u64/encode,bulk,False,0.09130165198368578,0.09148588810480421,1.002017883763498,0.09075097101483362,0.09203726228253174,0.09091138027357802,0.09178582088287758,0.09095574135156459,0.09136079411069094,0.09161098209891747,0.09164756261580696,False,False,False
bulk/series/avx512/striped/k1/h0/u64/decode,bulk,False,0.13167477183672588,0.13204601440259228,1.0028193902346514,0.1310918201348159,0.1321909081409621,0.13131742303129068,0.13258660114453602,0.13205090620510238,0.13183559186977278,0.13240751504873458,0.13109855011648455,False,False,False
bulk/series/avx512/striped/k1/h0/u8/encode,bulk,False,0.006721786553750697,0.006721872853631259,1.0000128388308482,0.0066814694485184565,0.006727218797493948,0.006695867568070859,0.006727535418316165,0.006703553130196969,0.006727396918998575,0.006721837494544211,0.006726421167186867,False,False,False
bulk/series/avx512/striped/k1/h0/u8/decode,bulk,False,0.005969165052002024,0.005957190699642486,0.9979939652773512,0.0059449091204813245,0.005976466008023896,0.005927365512748522,0.005974870578117739,0.0059698981265415545,0.005948130043162341,0.005966256749858928,0.005963513822198665,False,False,False
bulk/calico/local/k1/h0/u64/encode,bulk,False,0.14506498846174198,0.1456672658657111,1.004151776457956,0.14474067723505857,0.14542224652523106,0.14551873765969195,0.14623859505478737,0.1450071599337326,0.14568567874302898,0.1456488529883932,0.14512281698975135,True,False,True
bulk/calico/local/k1/h0/u64/decode,bulk,False,0.1376222636277034,0.13793420893776417,1.002266677656928,0.13713015859213692,0.13834802032107227,0.13754605290717153,0.13849525479415264,0.13740264345357356,0.13763364899254338,0.13800832553150016,0.1381649360876246,False,False,False
bulk/calico/local/k1/h0/u8/encode,bulk,False,0.008218191063931967,0.008251520344070274,1.0040555494364913,0.008190802969493679,0.008257044183730381,0.0081818604403724,0.008261564631519967,0.008207915977351612,0.008259149804547401,0.008233041929685839,0.008226298638115909,True,False,False
bulk/calico/local/k1/h0/u8/decode,bulk,False,0.010183443287249478,0.010121736016165672,0.9939404316061672,0.010121888014538089,0.010201731024022893,0.010106545083054643,0.010154424228821356,0.01020063872716425,0.01012404915770256,0.010118703056280327,0.010173371321640834,True,False,False
bulk/calico/striped/k1/h0/u64/encode,bulk,False,0.09698334664939157,0.09593975066429611,0.9892394310863678,0.0964191550720135,0.09728929819004889,0.09561873847030163,0.09610159467674882,0.09660810764506322,0.0958398169664098,0.09603968436218242,0.0970896326274239,True,True,False
bulk/calico/striped/k1/h0/u64/decode,bulk,False,0.13148068595479145,0.13189667275840555,1.0031638624379944,0.12897403552474962,0.13432240600760464,0.1311076440430944,0.1324845656411602,0.12905765921838538,0.13131269400137688,0.13245125709538588,0.1340039186844674,False,False,False
bulk/calico/striped/k1/h0/u8/encode,bulk,False,0.007724852860844474,0.007723228324121075,0.9997896999784122,0.007703561003828622,0.0077525642212398806,0.007710066570719311,0.007743322758323762,0.007715771362953553,0.0077257686455757,0.007716721780308321,0.007726189083165304,False,False,False
bulk/calico/striped/k1/h0/u8/decode,bulk,False,0.005755278582053849,0.005823590023033025,1.0118693543683854,0.005735631534417378,0.005790822764705809,0.005792564752223984,0.005859198470263896,0.005782029678690108,0.005831154011191504,0.005816026034874546,0.005741650491816504,True,False,True
bulk/predecessor/local/k6/h0/u8/encode,bulk,False,0.014270019458838289,0.014174125485072644,0.9932800390327252,0.014194383456545943,0.014385266880414138,0.014078271013494003,0.014285343484675715,0.014241187479039673,0.014108875586143113,0.014252827914019392,0.014298851438636906,True,False,False
bulk/predecessor/local/k6/h0/u8/decode,bulk,False,0.009920977380245593,0.009893294831528225,0.9972096954104049,0.009828473200447892,0.010054586014853385,0.009861769220980327,0.00991703737522489,0.009973634522681803,0.009908274899821098,0.009862807387493427,0.009909152197248163,True,False,False
bulk/predecessor/striped/k6/h0/u8/encode,bulk,False,0.0066491054187726144,0.006630004068543163,0.9971272300518018,0.006623430258802635,0.0066547986605220485,0.0066118262308748526,0.0066476984281365935,0.0066495000923319685,0.006642771263405842,0.006616119540469374,0.006634419733787801,True,False,False
bulk/predecessor/striped/k6/h0/u8/decode,bulk,False,0.008032851287935981,0.00799278946732352,0.9950127521129855,0.008006526017130962,0.008039734221084316,0.007982557702450061,0.007994561427368294,0.008024708768011382,0.00799191191255706,0.007993778823206924,0.008034897451098628,True,True,False
bulk/series/avx2/local/k6/h0/u64/encode,bulk,False,0.11968326422192951,0.1207049394768677,1.0085364922287186,0.11953616196769958,0.12031532931806108,0.12017484432656891,0.12121486974738191,0.12009262668504106,0.12060643027460273,0.12092775899807182,0.11956120867524067,True,False,False
bulk/series/avx2/local/k6/h0/u64/decode,bulk,False,0.1360192373218349,0.1345548327072032,0.9892338418927701,0.13580121029509526,0.13674702003741523,0.1343971911712584,0.1352672017348568,0.1360561971026483,0.13518383805092626,0.13446707951162395,0.1359822775410215,True,True,False
bulk/series/avx2/local/k6/h0/u8/encode,bulk,False,0.028451790174566817,0.028575155557014058,1.0043359444762643,0.028366903681070185,0.028685647001244007,0.02842515236930871,0.028769338413892776,0.028655473906558624,0.028677295047607857,0.028473016066420255,0.02837424738850037,True,False,False
bulk/series/avx2/local/k6/h0/u8/decode,bulk,False,0.011492590787495233,0.011764867276096685,1.0236914803316333,0.011465445727203167,0.011504959765649482,0.011732489265525127,0.011811224445996943,0.011495389987276476,0.011738126998600409,0.011810101109957618,0.011489791587713991,True,False,True
bulk/series/avx512/local/k6/h0/u64/encode,bulk,False,0.10713547064053851,0.1075244004039986,1.0036302613983472,0.10686520404064824,0.10736503936430429,0.10728911449099852,0.1079446337743858,0.10730721215744228,0.10736677281236637,0.10761285449316693,0.10689071594197644,True,False,False
bulk/series/avx512/local/k6/h0/u64/decode,bulk,False,0.14631759167773759,0.14650083656975577,1.0012523777210725,0.14557739715264273,0.1468754478754013,0.14581691455995555,0.1474149885042358,0.14636226655569382,0.14692634972905488,0.1464734827429437,0.14571424800916893,True,False,False
bulk/series/avx512/local/k6/h0/u8/encode,bulk,False,0.01555661164925632,0.01564803783445006,1.0058769986199476,0.015515140484665565,0.015611135894010753,0.015592053582734484,0.015718997971165962,0.015608193697407983,0.01570430676302331,0.015595154514164718,0.015528026562211677,True,False,False
bulk/series/avx512/local/k6/h0/u8/decode,bulk,False,0.008969948584245522,0.008956165361693042,0.9984634000492837,0.008886772140789782,0.008989185480182401,0.008888122503935761,0.009045111043267877,0.008941636850258363,0.00894932753197819,0.009040213565571347,0.008980283464338245,False,False,False
bulk/series/avx2/striped/k6/h0/u64/encode,bulk,False,0.095163736298186,0.095538766827472,1.0039408974875774,0.09494075462070657,0.09571459734670959,0.09509387532807581,0.09574441509841466,0.0954437454637658,0.09554944956223124,0.09552808409271278,0.094975891836447,True,False,False
bulk/series/avx2/striped/k6/h0/u64/decode,bulk,False,0.1443233290895014,0.14480121549703973,1.003311220788442,0.14396132638094422,0.14450802855680486,0.14425182511283136,0.1452845119780275,0.14434281852914355,0.144873787567138,0.14448821698333986,0.1443038396498593,True,False,False
bulk/series/avx2/striped/k6/h0/u8/encode,bulk,False,0.007141437579801641,0.007177303244422579,1.0050221911513135,0.0071276494266082945,0.007162812455422361,0.007129687945626002,0.007221384289491328,0.007134953914207657,0.007133332638309986,0.007212195502163828,0.0071592188171667875,False,False,False
bulk/series/avx2/striped/k6/h0/u8/decode,bulk,False,0.008081545458192764,0.008110154043983867,1.0035399894660124,0.008063464601269086,0.00810916396303171,0.008093740439172336,0.008139207070927301,0.008080222735942243,0.008098970956937016,0.00812810057035434,0.008082868180443284,True,False,False
bulk/series/avx512/striped/k6/h0/u64/encode,bulk,False,0.0905671770364398,0.09119140816618246,1.0068924653518956,0.09052740478515657,0.091193305486625,0.09085477402246073,0.09154076306302558,0.09057315324977598,0.0911484093096316,0.0912344070227333,0.09056120082310362,True,False,False
bulk/series/avx512/striped/k6/h0/u64/decode,bulk,False,0.1336328623181256,0.13434691105938476,1.0053433618712686,0.13351125805641076,0.13420676097302034,0.13393167799392067,0.1345650218679479,0.13363055751406522,0.13451483263557001,0.1341371523428205,0.13418470623934015,False,False,False
bulk/series/avx512/striped/k6/h0/u8/encode,bulk,False,0.007187711752590241,0.007158007281449733,0.9958673257688995,0.00717808870221405,0.00720225058496427,0.0071365648930430455,0.007168607818283196,0.007200796646266057,0.0071546024652798254,0.007162671838133641,0.007181995332835594,True,True,False
bulk/series/avx512/striped/k6/h0/u8/decode,bulk,False,0.008144831213379545,0.008024512760895618,0.9852276309561481,0.008099804511235657,0.008160728630934302,0.00800809121417069,0.008047368699434492,0.008146746157174225,0.008017291060996487,0.00803173446079475,0.008142916269584863,True,True,False
bulk/calico/local/k6/h0/u64/encode,bulk,False,0.15836396341535547,0.15879806786982958,1.002741182053745,0.15808502721156606,0.15886562771267182,0.15864885947597987,0.1592731490780321,0.15855632640697573,0.15878208508884178,0.1588140506508174,0.1581074414436375,True,False,False
bulk/calico/local/k6/h0/u64/decode,bulk,False,0.1383401902787619,0.1381619402176944,0.9987115092099532,0.13712747355672597,0.13954568389591357,0.13696476475524644,0.13856196593829687,0.13732250122054104,0.13748953430721847,0.13855597850882329,0.13950291165857043,False,False,False
bulk/calico/local/k6/h0/u8/encode,bulk,False,0.014271885495025269,0.014277042556804013,1.0003613441111576,0.014234629268575468,0.014295356920701708,0.014201073243520988,0.014403893520557792,0.014283293662902936,0.01427308887326976,0.014386081949470397,0.014271302095406843,False,False,False
bulk/calico/local/k6/h0/u8/decode,bulk,False,0.010016835772163495,0.009971629191929388,0.9954869400614779,0.009947486920675333,0.010092499461537374,0.009922283374832279,0.010054459655059897,0.010074142326451293,0.009925168084751686,0.010008947444619215,0.009956054668476365,False,False,False
bulk/calico/striped/k6/h0/u64/encode,bulk,False,0.09186903190428317,0.09191867611759164,1.0005403802813575,0.09152749907371713,0.09206960597275578,0.09146651070638251,0.09215894192768323,0.09167552070642974,0.09169889100679027,0.09211436635655365,0.09186927458445518,True,False,False
bulk/calico/striped/k6/h0/u64/decode,bulk,False,0.13557814245701583,0.13570368933990418,1.0009260112331761,0.1329829315105463,0.1382360711930191,0.1345706070560071,0.1365727128926504,0.1330499602706062,0.13478660729206488,0.13647218802763256,0.13813007721480863,False,False,False
bulk/calico/striped/k6/h0/u8/encode,bulk,False,0.008069404043335858,0.00811865034474496,1.0061028424335465,0.008044327338420245,0.008084483732878234,0.008113251284331595,0.00813242039175711,0.008053204033897697,0.008121576126689158,0.008118163014477972,0.008079925705740284,True,False,True
bulk/calico/striped/k6/h0/u8/decode,bulk,False,0.008435637586891667,0.008439045768789292,1.0004040218492698,0.008423068542520593,0.008453145404198923,0.008412656214473442,0.008458730741720644,0.008436828525045414,0.008420649091469204,0.008441080633545888,0.00843444664873792,False,False,False
bulk/series/avx2/local/k8/h0/u64/encode,bulk,False,0.08347695155807279,0.08370725222555826,1.0027588533503797,0.08334032668565723,0.08385375926879869,0.08350352689764261,0.0839774304585254,0.08345822562131172,0.08381337931113374,0.08359465940634023,0.08349567749483386,True,False,False
bulk/series/avx2/local/k8/h0/u64/decode,bulk,False,0.13424808703096802,0.13479860831989374,1.004100775669144,0.13400575470135292,0.13490246211575924,0.13451192658384853,0.13527792902037902,0.13424663624499794,0.13507796912461442,0.13463619930898368,0.13476360725577685,False,False,False
bulk/series/avx2/local/k8/h0/u8/encode,bulk,False,0.005358210364584441,0.005367141342185069,1.00166678368204,0.005347225061386986,0.005371391872953212,0.005346787679380524,0.005376956562239557,0.005358084358076844,0.005348705242213571,0.0053691217238374545,0.005358336371092038,False,False,False
bulk/series/avx2/local/k8/h0/u8/decode,bulk,False,0.004169224906298709,0.004311915239009891,1.0342246666750001,0.004154901967644093,0.004178057597744929,0.004273090484578183,0.004358398163193155,0.004168145909617215,0.004300282241661116,0.004323548236358665,0.0041739037133883125,True,False,True
bulk/series/avx512/local/k8/h0/u64/encode,bulk,False,0.0664190211219188,0.06660941142987259,1.0028665027689028,0.06625152087707571,0.06664969346879485,0.06624155521861891,0.06671154871207774,0.06661074282995919,0.06670889466701427,0.0663209631541626,0.06640030882302274,False,False,False
bulk/series/avx512/local/k8/h0/u64/decode,bulk,False,0.13838421034708728,0.13878200354255638,1.002874556240711,0.13794968878350422,0.13896526431841918,0.13849176123777932,0.13900825120249835,0.13833695808796387,0.1386818139468696,0.13896140716250271,0.138657333088919,True,False,False
bulk/series/avx512/local/k8/h0/u8/encode,bulk,False,0.0053489869286374465,0.005377465098460267,1.005324030550599,0.005334612566453429,0.005387361619097049,0.005354762512428573,0.0054058178249515075,0.005357863225332253,0.0053753508705948905,0.005379579326325644,0.0053397811521176015,True,False,False
bulk/series/avx512/local/k8/h0/u8/decode,bulk,False,0.004269270468450286,0.004235720456381387,0.992141511689917,0.004228752553372233,0.004290985156223362,0.004209853579202442,0.004246189614515278,0.004263052352411387,0.004217874681817278,0.004245295452150253,0.004286859462200506,True,False,False
bulk/series/avx2/local/k8/h8/u64/encode,bulk,False,0.08275652116822445,0.08209073879344023,0.9919549255407819,0.08269540373248502,0.08296482465991507,0.08188090110710587,0.08224651470650492,0.08270567071083226,0.08194378060354504,0.08220428544409843,0.08282443950449137,True,True,False
bulk/series/avx2/local/k8/h8/u64/decode,bulk,False,0.13442481296594197,0.13544306085471294,1.0075748507013282,0.13419845209610692,0.1349610924466475,0.13474768160845027,0.13578356073364312,0.1348550761499113,0.13558476041865314,0.13530938954743904,0.1342487829497449,True,False,False
bulk/series/avx2/local/k8/h8/u8/encode,bulk,False,0.02017098935232982,0.019712328014096576,0.9772613365551023,0.020125935008534657,0.020286474298062747,0.019671150807584387,0.01981449855159303,0.02020437647514158,0.019735560901496054,0.019695358828390776,0.020129713517568676,True,True,False
bulk/series/avx2/local/k8/h8/u8/decode,bulk,False,0.019962318795218037,0.020135806600427658,1.008690764183727,0.01992031124991212,0.020027578443711353,0.02003692386777786,0.020194267421504177,0.020003854003994254,0.02013613512500612,0.020116979284247227,0.019935245386415827,True,False,True
bulk/series/avx512/local/k8/h8/u64/encode,bulk,False,0.06926173409012844,0.06915282581261913,0.9984275837309012,0.06852004477120047,0.06948135434816807,0.0687197288569227,0.06971651947587801,0.06920560497427278,0.06922152631919108,0.06908412530604717,0.0693947795522805,False,False,False
bulk/series/avx512/local/k8/h8/u64/decode,bulk,False,0.13798798219592195,0.1385321630213544,1.0039436827524573,0.13793673278537916,0.13860620243767183,0.13818161227258635,0.138970685783744,0.13824111481611867,0.13859530978001985,0.13846901626268898,0.13794048475137835,True,False,False
bulk/series/avx512/local/k8/h8/u8/encode,bulk,False,0.020005127584563312,0.020171092080753673,1.0082960978623512,0.019952211175295203,0.02003573774873568,0.02011498525061239,0.020267141277889537,0.02001752336520082,0.020214720436404245,0.020168063161177315,0.0199927318039258,True,False,True
bulk/series/avx512/local/k8/h8/u8/decode,bulk,False,0.019955733612614796,0.020196770233347983,1.012078564757991,0.01991578463116509,0.020038128008172396,0.020147784509489185,0.020259352629828135,0.019967030407148954,0.020150916717017284,0.02024262374967868,0.019953209476167015,True,False,True
bulk/calico/local/k8/h0/u64/encode,bulk,False,0.07691843896604886,0.07677633950402044,0.9981525956072621,0.07684430015870876,0.07697057739035805,0.07659939932655856,0.0768335594265048,0.07693471543556903,0.07677732784055624,0.07677535116748462,0.07689701038104146,True,True,False
bulk/calico/local/k8/h0/u64/decode,bulk,False,0.13209220317928877,0.13289703234222702,1.0060929346590264,0.13167729816938736,0.1325814719966849,0.1321786965519228,0.1335728160635709,0.13253348799670553,0.13314835717283924,0.1324284985179603,0.13171668429123648,True,False,False
bulk/calico/striped/k8/h0/u64/encode,bulk,False,0.07691536801033175,0.07686649016089653,0.999364524272592,0.07668013129204883,0.076984304572985,0.07676113524742334,0.077055763853891,0.07691829024740804,0.07679275115985283,0.07695616860072664,0.07687790547399313,False,False,False
bulk/calico/striped/k8/h0/u64/decode,bulk,False,0.13256814152462026,0.13202962711205485,0.995937829358003,0.13215462231196792,0.13295480056294548,0.13180712327967276,0.13253686212330423,0.132582371465442,0.1323378194788586,0.13186281758501694,0.13255391158379853,True,False,False
bulk/series/avx2/local/k16/h0/u64/encode,bulk,False,0.07050041511483233,0.07268884950500007,1.0310414397788037,0.07038921003696672,0.07068060488260268,0.07235860403252792,0.07272717508161543,0.07062440550980648,0.07271781613800617,0.07267218715023578,0.07039720167846086,True,False,True
bulk/series/avx2/local/k16/h0/u64/decode,bulk,False,0.13906700953835965,0.1400308974782411,1.0069311042430633,0.13889332738871832,0.13938800252631214,0.13956303160404818,0.14029031258641242,0.1393394271704986,0.14017374622250986,0.13968026975839357,0.1388955714254875,True,False,True
bulk/series/avx2/local/k16/h0/u16/encode,bulk,False,0.00950634406363623,0.009465048796979483,0.9956560307116686,0.009487489635875828,0.009541148165085878,0.0093956463919899,0.00948782543500063,0.009513865394283803,0.009460139256757585,0.009472166308374554,0.009498901897154598,True,False,False
bulk/series/avx2/local/k16/h0/u16/decode,bulk,False,0.008201766881460244,0.00821613206776499,1.001751474592288,0.008171753991660303,0.008244392931796303,0.008183464502686548,0.00828185103923223,0.008197655630106368,0.008233520289562143,0.008184702670556643,0.008205878132814119,False,False,False
bulk/series/avx512/local/k16/h0/u64/encode,bulk,False,0.07307550822581771,0.07132427333696764,0.9760352691159067,0.07293408249755794,0.07320259647001472,0.07110542252539408,0.07144615833509114,0.07301965020752342,0.07137841346208397,0.07127013321185133,0.0731094646122706,True,True,False
bulk/series/avx512/local/k16/h0/u64/decode,bulk,False,0.14206869846471687,0.14239192448007376,1.0022751388507805,0.14185097574696343,0.14262625593153608,0.1419864722933461,0.14261825756689214,0.14239093435996136,0.14228845673244053,0.14252837154298012,0.14188886301260667,False,False,False
bulk/series/avx512/local/k16/h0/u16/encode,bulk,False,0.009434917478318209,0.009472217987196807,1.0039534536432688,0.00941317775197365,0.009467708428624839,0.009427195569478169,0.009486582319249983,0.009454978096544412,0.009477488679581083,0.00946694729481253,0.009426326864810422,True,False,False
bulk/series/avx512/local/k16/h0/u16/decode,bulk,False,0.008211129692565296,0.008296230881795975,1.0103641267909498,0.008191136142517983,0.008247021832944073,0.008256346823377097,0.00833392467318969,0.00823293778022884,0.00832126973286709,0.008277026879298207,0.008192734274156488,True,False,True
bulk/series/avx2/local/k16/h8/u64/encode,bulk,False,0.1769568352177288,0.17594770837271628,0.9942973276857553,0.1765303425487018,0.1771143937413166,0.1751687207004445,0.17625408626940844,0.17690256572208243,0.1757785330535894,0.17610642956961056,0.17701110471337514,True,True,False
bulk/series/avx2/local/k16/h8/u64/decode,bulk,False,0.13801818889148632,0.1372791296419414,0.9946452039728909,0.13702161339240548,0.13840339001954707,0.1369956212248694,0.13825360481019103,0.13754262867335854,0.13716824847726397,0.13731053247528432,0.13830788472977726,True,False,False
bulk/series/avx2/local/k16/h8/u16/encode,bulk,False,0.05700220700723302,0.05657043252357204,0.992425302346518,0.056739134074266166,0.05711085247217968,0.056335588620447546,0.05660950491165788,0.057077515854370466,0.05656750601959284,0.056582990440903036,0.056976664089772644,True,True,False
bulk/series/avx2/local/k16/h8/u16/decode,bulk,False,0.03187705039312413,0.03123981179257407,0.9800094866779924,0.031170469703325564,0.03270446836369279,0.03097575488549974,0.031352084327063136,0.03246421879789966,0.03116838913177457,0.03124954141212861,0.03127335824107674,True,False,False
bulk/series/avx512/local/k16/h8/u64/encode,bulk,False,0.14359058143791376,0.14283386193000513,0.9947300198917586,0.14299479275792257,0.14400592634831608,0.1425463974290513,0.1431847787973153,0.14384932036525183,0.1428658952536816,0.14263304918408623,0.14327330444894948,True,False,False
bulk/series/avx512/local/k16/h8/u64/decode,bulk,False,0.14353740292811518,0.14692368632141814,1.0235916445764233,0.1433667384647613,0.14396508860426901,0.14396875238179568,0.15003037246507617,0.1434006814324539,0.1441712808813177,0.14984055171558577,0.1439313535898452,True,False,True
bulk/series/avx512/local/k16/h8/u16/encode,bulk,False,0.05672241514511106,0.060016841308738675,1.0580797935912918,0.05652803312945325,0.056888968533793646,0.059834091079816416,0.0604628001393148,0.05662232300986496,0.06030969864282855,0.05991846610818213,0.056794219743021665,True,False,True
bulk/series/avx512/local/k16/h8/u16/decode,bulk,False,0.031611699562711995,0.03136567990044838,0.9922174490563042,0.031236876937477127,0.031955874087828726,0.031183483217432816,0.031516432666658614,0.0318868196197456,0.03128291700951733,0.03147034383694164,0.03127791319744309,False,False,False
bulk/series/avx2/local/k16/h16/u64/encode,bulk,False,0.17061318391954244,0.1757548485314956,1.0301363850895475,0.17053009879841913,0.1710723822134719,0.1752842088814908,0.17610226834293072,0.17089600518953557,0.17552779836129492,0.17588525585146172,0.17057322752684534,True,False,True
bulk/series/avx2/local/k16/h16/u64/decode,bulk,False,0.13776949475160877,0.13778370685421326,1.0001031585593756,0.13708966796875205,0.13826751975309234,0.13705216563489286,0.13868294677440432,0.13755595703124693,0.1381276471695126,0.13766822215217037,0.13798914529055592,False,False,False
bulk/series/avx2/local/k16/h16/u16/encode,bulk,False,0.0570349595735042,0.05660365340773283,0.9924378632158839,0.05642740903285772,0.057658041284484804,0.05642622209199839,0.05702381314735779,0.05764634820029005,0.056695396630431306,0.056439309757107384,0.05643919993815861,False,False,False
bulk/series/avx2/local/k16/h16/u16/decode,bulk,False,0.031558137727156974,0.033172406989310954,1.051152234523802,0.03128446096454084,0.03187560559680126,0.032990002221971425,0.0334207171356299,0.031746142962158025,0.033140391640198046,0.03320442233842387,0.03148124398212001,True,False,True
bulk/series/avx512/local/k16/h16/u64/encode,bulk,False,0.14380429169418046,0.14269020485970674,0.9922527567060169,0.14350789099342348,0.14421338391039507,0.14242724905237156,0.1429910482590624,0.1437606595162706,0.14264374635694366,0.14298154524783324,0.1438479238720903,True,True,False
bulk/series/avx512/local/k16/h16/u64/decode,bulk,False,0.14396942400668827,0.1440119500819914,1.0002953826869598,0.14371719972219646,0.14442110325285437,0.14360094733900705,0.14442760754332631,0.14409976576233227,0.14372394187175033,0.14416783032544192,0.1438380187209237,False,False,False
bulk/series/avx512/local/k16/h16/u16/encode,bulk,False,0.056024357465657725,0.05714502865368795,1.0200032849768457,0.05584789464147806,0.05624714041567635,0.05700862084819102,0.05747773813466155,0.0558552095459713,0.0573537322142756,0.057094168101807966,0.05606589474268737,True,False,True
bulk/series/avx512/local/k16/h16/u16/decode,bulk,False,0.031999489726342506,0.031244568309400617,0.9764083295265666,0.031461486776871196,0.032499980681439306,0.031050159126945403,0.031507532351676984,0.032495008171191386,0.03121493263064093,0.03125746742355822,0.03148521825714398,True,False,False
bulk/calico/local/k16/h0/u64/encode,bulk,False,0.15324375724796652,0.15238634341843543,0.9944049020662963,0.15276743240992624,0.15343144930308483,0.15213027394271203,0.15303318003766228,0.15340022572331463,0.1521885108528103,0.15278344862711477,0.15289724319696268,True,False,False
bulk/calico/local/k16/h0/u64/decode,bulk,False,0.19407859684223328,0.19377578446222732,0.9984397435630055,0.19399003860559527,0.1941959548211485,0.19311278286891492,0.1942774606483888,0.19401563822816068,0.193268357097944,0.194250817403683,0.19414155545630588,False,False,False
bulk/calico/striped/k16/h0/u64/encode,bulk,False,0.15188810867693003,0.15330640640278453,1.0093377798842125,0.15159444222456495,0.15207831623323814,0.1528510843502714,0.15363518429756093,0.15203572633336504,0.15335574216652723,0.15325707063904181,0.15174049102049506,True,False,True
bulk/calico/striped/k16/h0/u64/decode,bulk,False,0.19436731714351238,0.19366805740304316,0.9964023800361821,0.19396300362211352,0.19455067984144814,0.19336157039308727,0.19400128202824807,0.19415813050247127,0.19387272204148331,0.19356877214579685,0.19444035401113838,True,False,False
bulk/series/avx2/local/k17/h0/u64/encode,bulk,False,0.19654534377438482,0.19682245832412448,1.0014099268108725,0.1961718977641259,0.1969920942275522,0.1960118345672211,0.19785199712438611,0.19620079504393853,0.19682838630031066,0.1964026058764088,0.19668859035488617,False,False,False
bulk/series/avx2/local/k17/h0/u64/decode,bulk,False,0.1391081809428427,0.13923081553696834,1.0008815771530795,0.1385516706000779,0.1393606391988721,0.13851758722200339,0.13968828863294308,0.13879264742994685,0.13934330300670647,0.13921076333075183,0.13927176405378677,False,False,False
bulk/series/avx2/local/k17/h0/u32/encode,bulk,False,0.09949316555682454,0.09968488580771094,1.0019269690517274,0.09928043454461326,0.09974833320334778,0.09905571646056077,0.10005659029567827,0.09938075665963451,0.10000428893779868,0.09908973651982864,0.09960557445401456,False,False,False
bulk/series/avx2/local/k17/h0/u32/decode,bulk,False,0.07371962746391272,0.07133383740167795,0.9676369761444784,0.07354125251406249,0.07397043707404512,0.07119746957153335,0.07149924339325514,0.07377005697053018,0.07136112452054402,0.0713065502828119,0.07366919795729525,True,True,False
bulk/series/avx512/local/k17/h0/u64/encode,bulk,False,0.19593828882375053,0.19663328643044944,1.0035470229472305,0.19565533913724523,0.19640281344214564,0.19541585934820158,0.19756784792082197,0.19583217009421386,0.19731222394973555,0.19615110578309236,0.19596914234952864,True,False,False
bulk/series/avx512/local/k17/h0/u64/decode,bulk,False,0.1587238465033171,0.158982586333468,1.001630125755209,0.1583828134353432,0.15929172174180595,0.15841002530397585,0.15944317756414364,0.15876071243743095,0.1593239679224637,0.15864120474447233,0.15868698056920325,False,False,False
bulk/series/avx512/local/k17/h0/u32/encode,bulk,False,0.09958515115546704,0.09940338044192606,0.9981747207145651,0.09942587543047436,0.09995472339802758,0.09904124876333528,0.0999962909432278,0.0995890204960917,0.09942261216618219,0.09938414871766994,0.09954586710168233,True,False,False
bulk/series/avx512/local/k17/h0/u32/decode,bulk,False,0.07396684174162915,0.07300535424753479,0.9870011011494462,0.07277949990341422,0.07449435184317048,0.07228004563580355,0.07323240495874132,0.07391088371065348,0.07256989971150117,0.07319704614522089,0.07402279977260484,True,False,False
bulk/series/avx2/local/k17/h8/u64/encode,bulk,False,0.2922456817991843,0.2924909124398063,1.0008391249414268,0.29194840542146366,0.29277110041306276,0.2917212225956552,0.29267702464898465,0.29257354135690455,0.2926097462685073,0.2923720786111053,0.29215326388468843,True,False,False
bulk/series/avx2/local/k17/h8/u64/decode,bulk,False,0.1962362427626767,0.19631696005234414,1.000411327125566,0.19564125136314806,0.19664577938966868,0.1957886246571653,0.1964318265746405,0.19567083768370114,0.19634479695211188,0.1962891231525764,0.19632203839986012,False,False,False
bulk/series/avx2/local/k17/h8/u32/encode,bulk,False,0.15488103563087627,0.15484454859220986,0.9997644189392343,0.1543111306834122,0.1553780968801556,0.15418595464924856,0.1559934552060645,0.15474450197655487,0.15529595328164342,0.1542403429967317,0.15500724625712922,False,False,False
bulk/series/avx2/local/k17/h8/u32/decode,bulk,False,0.09879451695113753,0.09913213787782951,1.0034174055110667,0.09850433518214925,0.09925484616094128,0.09851306935935113,0.09950526364937196,0.09894300092088504,0.09905860706161274,0.0992056686940463,0.09852973760477915,True,False,False
bulk/series/avx512/local/k17/h8/u64/encode,bulk,False,0.282206099091326,0.28159772608292505,0.9978442244502871,0.280736410591001,0.28257737808757943,0.28090879498105953,0.2825130276584383,0.2822462655233847,0.2815690709474083,0.2816263812184418,0.28207693203130196,True,False,False
bulk/series/avx512/local/k17/h8/u64/decode,bulk,False,0.14134978186677044,0.13991932608996685,0.9898800284095813,0.1411561007361708,0.1420968524594013,0.1395215362773372,0.1403784106491867,0.14151321384293247,0.13992013552630386,0.1396307008732353,0.14118634989060838,True,True,False
bulk/series/avx512/local/k17/h8/u32/encode,bulk,False,0.17165309458665431,0.1726085246927571,1.0055660523243317,0.17129682041607955,0.1721636194534104,0.1719058186944894,0.1730590965313707,0.17190738968987018,0.17252491618100937,0.1726921332045048,0.17159737907373782,True,False,False
bulk/series/avx512/local/k17/h8/u32/decode,bulk,False,0.13891854890115266,0.13933034973426534,1.0029643329589175,0.1384838563059064,0.1391691341574537,0.13848108335250012,0.1398580127060078,0.13889494428024987,0.13966438485654054,0.13929367624982233,0.13894215352205544,True,False,False
bulk/series/avx2/local/k17/h16/u64/encode,bulk,False,0.3023812144416165,0.3040042820791146,1.0053676206059803,0.3017864650350233,0.3029070046348191,0.3035900640974965,0.30464426615982926,0.3025279358454293,0.30409108337153706,0.3039174807866922,0.30223449303780364,True,False,True
bulk/series/avx2/local/k17/h16/u64/decode,bulk,False,0.19591741099268373,0.19584669797594884,0.9996390672152281,0.19547306944714318,0.19632717223320528,0.19564240594712967,0.1965312672823034,0.1959091427553623,0.19575180398422362,0.19642653071103477,0.19592567923000512,False,False,False
bulk/series/avx2/local/k17/h16/u32/encode,bulk,False,0.1329804864941621,0.13294079247672635,0.9997015049464607,0.13244216006073675,0.13326519153552677,0.1325702970494313,0.13362651702754746,0.13317365385200367,0.13291029220486125,0.13297129274859143,0.13262491409154312,False,False,False
bulk/series/avx2/local/k17/h16/u32/decode,bulk,False,0.09828096320186971,0.09877393789991833,1.0050159734091744,0.09813963477509394,0.09919017598117394,0.09822540618945587,0.09900779736544213,0.09868705713242852,0.09873782603466671,0.09881004976516994,0.09814524946203607,True,False,False
bulk/series/avx512/local/k17/h16/u64/encode,bulk,False,0.21887233395211297,0.217186302201488,0.9922967342643046,0.21792268277134152,0.22023424322994173,0.2162709756048492,0.21776884334498683,0.21896133406511528,0.21718150385339055,0.2171911005495854,0.21886631676553733,True,True,False
bulk/series/avx512/local/k17/h16/u64/decode,bulk,False,0.14270013506767987,0.13968438327985971,0.9788665106281095,0.1424075837383872,0.14307486872831648,0.13939446366781158,0.14053102008448684,0.1426152160799583,0.14020291093053297,0.13949364051686652,0.14278505405540146,True,True,False
bulk/series/avx512/local/k17/h16/u32/encode,bulk,False,0.16604148226859516,0.16529776278523878,0.9955208814496529,0.16550381502048483,0.16660385863419128,0.1645337016642545,0.16605980545764154,0.16602958298813014,0.16513464347577922,0.16546088209469834,0.16605338154906019,True,False,False
bulk/series/avx512/local/k17/h16/u32/decode,bulk,False,0.13548047316806017,0.13651315244189488,1.0076223477058106,0.13489609409364076,0.13598522427545662,0.13559056511233233,0.13723132497207594,0.13579877990318903,0.13681919500839834,0.13620710987539145,0.13512008545370882,True,False,False
bulk/series/avx2/striped/k17/h16/u64/encode,bulk,False,0.2766285786163835,0.276539234632874,0.9996770254759779,0.27603320117598223,0.2769252740639567,0.27609952843887353,0.2768266392660916,0.27669028962171077,0.2765060821340271,0.2765639559812686,0.27656686761105626,True,False,False
bulk/series/avx2/striped/k17/h16/u64/decode,bulk,False,0.19676395434425045,0.1962443873066214,0.9973594399474202,0.19558040694072024,0.197486191870967,0.19554315937728106,0.1969144871817562,0.19576368557878243,0.19624438964209093,0.19596417472087044,0.1969844036494421,False,False,False
bulk/series/avx2/striped/k17/h16/u32/encode,bulk,False,0.1476303736396449,0.14733089189409376,0.9979714083344248,0.14718065715476505,0.1477187253253608,0.14700431624446178,0.14812931024620216,0.1476021879448721,0.14726434323881515,0.1473974405493724,0.1476585593344177,True,False,False
bulk/series/avx2/striped/k17/h16/u32/decode,bulk,False,0.10288796640974723,0.1023864229784271,0.9951253441114507,0.10111165952337758,0.10335838356354239,0.10168320805636323,0.10354016750379932,0.10316718967310669,0.10237649139681258,0.10344437900425218,0.10260874314638779,False,False,False
bulk/series/avx512/striped/k17/h16/u64/encode,bulk,False,0.23073776086115358,0.23042297154716113,0.9986357269273238,0.22935915969489343,0.2315258995217851,0.2283675588904171,0.2313078230693514,0.2308062033562593,0.22851775804457675,0.2312006929520272,0.2303728568352764,False,False,False
bulk/series/avx512/striped/k17/h16/u64/decode,bulk,False,0.1463519114204161,0.14640433183689727,1.000358180607089,0.14593677700845845,0.1465311854915863,0.14612858151012734,0.14664992107283775,0.1462793024601547,0.14616447777545283,0.1466237345102261,0.14642452038067746,False,False,False
bulk/series/avx512/striped/k17/h16/u32/encode,bulk,False,0.10773215012279946,0.10717767176828288,0.9948531765690692,0.10755609623889825,0.10792693107691452,0.1068913700028601,0.10740401061542615,0.10777866167507755,0.10733511487334609,0.1069640391191033,0.10760850431426182,True,True,False
bulk/series/avx512/striped/k17/h16/u32/decode,bulk,False,0.06920919475869142,0.06876221103727448,0.9935415558153015,0.06888953860351489,0.07036442621758295,0.06829709352964806,0.06921208987766417,0.06958290759113134,0.06831353607257505,0.06914161829090804,0.06909405762063274,False,False,False
bulk/calico/local/k17/h0/u64/encode,bulk,False,0.27734439354207796,0.27896390474666,1.005839350793786,0.277277622783001,0.27850362944181734,0.2778931264342731,0.2804525617643437,0.27792004432798684,0.27938056344212575,0.2781565027046178,0.27730396765423587,True,False,False
bulk/calico/local/k17/h0/u64/decode,bulk,False,0.3213541305031899,0.3200795568634044,0.9960337412256388,0.3196851695945632,0.32191981781204604,0.31912392506068904,0.320697015377809,0.32092605468506563,0.3198946274895254,0.3202644862372834,0.3216255521032533,True,False,False
bulk/calico/striped/k17/h0/u64/encode,bulk,False,0.24229907230013875,0.24119809526913527,0.9954561236221339,0.2413991566782287,0.2431309175426039,0.24108539406208432,0.24178030618248508,0.2419491953598287,0.24122088558292673,0.24117530495534384,0.2424450435668186,True,False,False
bulk/calico/striped/k17/h0/u64/decode,bulk,False,0.2906487198373403,0.2877955917314767,0.990183586194839,0.2904309844840619,0.29125916083474307,0.2869880599456237,0.28794780078718185,0.290839686643569,0.2878111714609114,0.28773604013822424,0.2905034132851901,True,True,False
bulk/series/avx2/local/k23/h0/u64/encode,bulk,False,0.19631466030010047,0.19702207194376425,1.003603458053425,0.19608321688634492,0.1971881847037778,0.19646856777062996,0.1980322395167486,0.19702609547371933,0.19793730271995646,0.19652952115728947,0.196313559746577,True,False,False
bulk/series/avx2/local/k23/h0/u64/decode,bulk,False,0.16330152261448935,0.1642807290903004,1.005996309526903,0.16307756309866336,0.1636793615332656,0.16370578420551748,0.1648284061944659,0.1636205954358838,0.16398803859336727,0.1645734195872335,0.16308423462730323,True,False,True
bulk/series/avx2/local/k23/h0/u32/encode,bulk,False,0.10414631292488734,0.10472401783972757,1.0055470510536162,0.10381774325099873,0.10429585073784751,0.10425103083817136,0.10515096666223339,0.10414110655790422,0.10466407787782635,0.105008378169523,0.10417884714848176,True,False,False
bulk/series/avx2/local/k23/h0/u32/decode,bulk,False,0.10172962033063923,0.10397270788536778,1.0220495028629628,0.10142249607148285,0.10183565060094413,0.1031304930392212,0.10492500403489084,0.10173769478455777,0.10395833569860376,0.1039870800721318,0.1017131001835258,True,False,True
bulk/series/avx512/local/k23/h0/u64/encode,bulk,False,0.1649898589124792,0.16482192261007378,0.9989821416691161,0.16415446921881968,0.1657573517375177,0.16415315524472648,0.16576755119511516,0.16453403128907004,0.16495456409499903,0.16453625734773003,0.1653635591722265,False,False,False
bulk/series/avx512/local/k23/h0/u64/decode,bulk,False,0.15398214344040115,0.15392229781163594,0.9996113469560295,0.15358146186600474,0.15470637229639744,0.15323971697962652,0.1548925100435619,0.1539830964573471,0.15456064257299262,0.15353570201147554,0.15367334147906378,False,False,False
bulk/series/avx512/local/k23/h0/u32/encode,bulk,False,0.10416673773856983,0.10486137733473105,1.006668535573271,0.1038776774682709,0.10429909053309736,0.10451474587726224,0.1050775863960426,0.1041960871123447,0.10466346378969583,0.10496564471966122,0.10414958558160121,True,False,True
bulk/series/avx512/local/k23/h0/u32/decode,bulk,False,0.10449267753971322,0.10167408731294653,0.9730259546110733,0.1036667895852966,0.1048345302472678,0.10131380002381128,0.10177511210013472,0.10371920545770666,0.10152974966308416,0.10173938555568625,0.10481464632586213,True,True,False
bulk/series/avx2/local/k23/h8/u64/encode,bulk,False,0.2928031943111198,0.288801889259114,0.9863344897537074,0.2918472773270361,0.29338486038154743,0.28860742551108126,0.2895194092623717,0.29263194738542403,0.28863488203459897,0.2891426835756856,0.293254241864809,True,True,False
bulk/series/avx2/local/k23/h8/u64/decode,bulk,False,0.22816630596403426,0.22828330391010535,1.000512774862076,0.22747048221266983,0.22914506011039495,0.22753662434462282,0.22984587812505516,0.22913238322112942,0.22950106106641605,0.22754859297846686,0.22748259448983424,True,False,False
bulk/series/avx2/local/k23/h8/u32/encode,bulk,False,0.15716194637908415,0.1562178666906872,0.9939929498829204,0.15685278909043665,0.15815323134568363,0.15603763242309976,0.1574929216269414,0.1573524098473529,0.1574213048903599,0.1560534483734141,0.15698186970634095,False,False,False
bulk/series/avx2/local/k23/h8/u32/decode,bulk,False,0.1307267406410237,0.13105736358859288,1.0025291148998894,0.1307089595418601,0.13149196689501413,0.1307400875021526,0.13161370980264644,0.13100051968305743,0.1314870820740453,0.13074067581532162,0.1307199594759072,True,False,False
bulk/series/avx512/local/k23/h8/u64/encode,bulk,False,0.24993059555979558,0.24907531221862098,0.9965779166041719,0.24972216535634584,0.2500674622597319,0.24863882436055176,0.24955926392876304,0.24972454620242854,0.24873216422044697,0.2494768126150113,0.25003924730528154,True,True,False
bulk/series/avx512/local/k23/h8/u64/decode,bulk,False,0.16326447899824142,0.16375793581309933,1.0030224383030875,0.16305735288961568,0.1640555369805359,0.16332422503708663,0.1650641204088399,0.16361787378647763,0.16433036885117744,0.16361107326348548,0.16307483313456578,True,False,False
bulk/series/avx512/local/k23/h8/u32/encode,bulk,False,0.17233736159250929,0.1729742622742065,1.0036956622511326,0.17206087318250549,0.17368359155407362,0.1725135786994968,0.17400425667291333,0.17253064245068953,0.1733709823673416,0.17269896945767874,0.17206920705340756,True,False,False
bulk/series/avx512/local/k23/h8/u32/decode,bulk,False,0.16331569425572168,0.16374367018992636,1.0026205438255955,0.16285533064677168,0.16381842204948735,0.1629018474682032,0.1645628153548584,0.16321484309901846,0.16431569960987386,0.16373671816701305,0.16341654541242492,True,False,False
bulk/series/avx2/striped/k23/h8/u64/encode,bulk,False,0.23245334549509844,0.2322153786799201,0.9989762813924166,0.2319937048856647,0.23258066493041155,0.231338097715477,0.23245005487871287,0.23227034115680062,0.23197004522466613,0.23229320314627055,0.23250201719890204,True,False,False
bulk/series/avx2/striped/k23/h8/u64/decode,bulk,False,0.2446044384074665,0.24509766220193102,1.0020164139198606,0.24384383874014243,0.2462754356397137,0.24416804773495465,0.24666634416657193,0.2446328570103326,0.24537730443957254,0.2446833077216456,0.24457601980460042,True,False,False
bulk/series/avx2/striped/k23/h8/u32/encode,bulk,False,0.13865801056988256,0.13908332844614188,1.0030673877009433,0.1385071575883231,0.1396257684907611,0.13849014333432427,0.13983071451189452,0.13858791001903342,0.1395428009990348,0.13876342190612442,0.13939820086677276,False,False,False
bulk/series/avx2/striped/k23/h8/u32/decode,bulk,False,0.12285925125495373,0.12330835009442057,1.0036553929385006,0.12263217502169617,0.12337372878502811,0.12293074417820093,0.12372187788942147,0.12284204183409948,0.12312269878449614,0.12338909964850876,0.12287646067580797,True,False,False
bulk/series/avx512/striped/k23/h8/u64/encode,bulk,False,0.19413771655213344,0.19264010023410444,0.9922858044040771,0.19371837330516126,0.1949333993904918,0.1924022257586956,0.1929767098047924,0.1942888692572897,0.19278368305563795,0.1924965174125709,0.19398656384697718,True,True,False
bulk/series/avx512/striped/k23/h8/u64/decode,bulk,False,0.1485446292869192,0.14808795841178907,0.9969256991833205,0.14795785910905013,0.14914653572837636,0.14723967425989212,0.14819380071210142,0.14819076620451072,0.14790467343506766,0.14816061922322576,0.14877822159297768,True,False,False
bulk/series/avx512/striped/k23/h8/u32/encode,bulk,False,0.1069983043690649,0.107466740970826,1.0043779815439442,0.1067883365327246,0.10768246258915339,0.1068966138319613,0.10785075389793168,0.10696313333881816,0.10772326777155844,0.10707953119686872,0.10748320209116066,False,False,False
bulk/series/avx512/striped/k23/h8/u32/decode,bulk,False,0.0821942867154406,0.08302734573973602,1.0101352424552268,0.08208672764980646,0.08277716965051518,0.08270559207961772,0.08385337058389071,0.08221139503718741,0.08289012557622305,0.08328349051075323,0.0821771783936938,True,False,False
bulk/series/avx2/local/k23/h16/u64/encode,bulk,False,0.30374194341183125,0.3083890205665008,1.0152994252373264,0.30339108355879235,0.3039465418901314,0.3074381564252549,0.3089090200006029,0.30362859434080497,0.30848823358417715,0.30828980754882446,0.3038552924828575,True,False,True
bulk/series/avx2/local/k23/h16/u64/decode,bulk,False,0.22825369500976805,0.2288052173842291,1.0024162692062333,0.2274468783674653,0.22946104399034406,0.22849220978362364,0.22966568208232144,0.22900001399462977,0.22920993209389218,0.2285126273735405,0.22750737602490634,True,False,False
bulk/series/avx2/local/k23/h16/u32/encode,bulk,False,0.17047778074857353,0.17097552639656735,1.0029197098050444,0.16985781449450166,0.17071740965180665,0.17084319749360163,0.17239453906956936,0.1705584732378885,0.17120752715450432,0.1709514030358251,0.17039708825925856,True,False,True
bulk/series/avx2/local/k23/h16/u32/decode,bulk,False,0.13138245929795472,0.13140497127679784,1.0001713469131528,0.13096424083442604,0.1319023265062626,0.1308804155958853,0.1321652280481029,0.13121256750923085,0.13176489989561688,0.13131883950618714,0.1314608957959881,False,False,False
bulk/series/avx512/local/k23/h16/u64/encode,bulk,False,0.25958367185088055,0.2592100360174243,0.9985606343003313,0.2585961988457797,0.2637571808683073,0.2573055118072416,0.260563457810036,0.2598160448091708,0.2574799505229419,0.26001470113239494,0.2593512988925903,False,False,False
bulk/series/avx512/local/k23/h16/u64/decode,bulk,False,0.16635406555974785,0.16780617280444915,1.0087290156679685,0.16550250298470537,0.1668155579255133,0.16638862247788314,0.16879446177305907,0.16620119709646308,0.1684493813180626,0.1666849654258312,0.16644460048533993,True,False,False
bulk/series/avx512/local/k23/h16/u32/encode,bulk,False,0.18841543808808497,0.18746756058043695,0.9949692152762722,0.18726615150789871,0.18894662074895016,0.18680841203665965,0.1880805652146021,0.18761988172989022,0.18772494808807438,0.18721017307279955,0.1887433303546671,False,False,False
bulk/series/avx512/local/k23/h16/u32/decode,bulk,False,0.16361217539360515,0.16353206644392582,0.9995103729322918,0.16283264963921504,0.16402511345400206,0.16272572407912905,0.16421393945897567,0.16374312958787135,0.16404830550299462,0.16331871440927478,0.16348122119933894,False,False,False
bulk/series/avx2/striped/k23/h16/u64/encode,bulk,False,0.2773951876445333,0.2773776591515099,0.9999368103925226,0.27708467710533863,0.2775740098304898,0.2766211227124913,0.27776498755395646,0.2773881289998631,0.2772171575896447,0.2776663380151511,0.27747255239864044,False,False,False
bulk/series/avx2/striped/k23/h16/u64/decode,bulk,False,0.24517218669217544,0.2443513052217962,0.996651816499031,0.24467480430990435,0.24579293595254634,0.2435908178823176,0.24555045007120255,0.24499545940212664,0.24547006430579627,0.2440563453101668,0.24527472820050936,False,False,False
bulk/series/avx2/striped/k23/h16/u32/encode,bulk,False,0.14717607544473948,0.14728785525663457,1.000759497163906,0.14682232966417147,0.14756576938207677,0.1469204167359648,0.14782698422832005,0.1468526072350328,0.14765199663274617,0.1472163219068279,0.14753965139525513,False,False,False
bulk/series/avx2/striped/k23/h16/u32/decode,bulk,False,0.12314609213476799,0.12279447729338511,0.9971447340692056,0.12266325291208723,0.12338484998620966,0.12268009115456406,0.12352556589697287,0.12327511924759407,0.12303395105443644,0.122726248242457,0.1230170650219419,True,False,False
bulk/series/avx512/striped/k23/h16/u64/encode,bulk,False,0.22902744249234286,0.2284945476661485,0.9976732271888676,0.22795028856746957,0.2301401155843432,0.22766837528772918,0.2290553077109554,0.22971983124894563,0.22800764901298423,0.22862965227815998,0.2282026707088837,False,False,False
bulk/series/avx512/striped/k23/h16/u64/decode,bulk,False,0.14705595183726244,0.14690006827165014,0.9989399710541141,0.14670521036813194,0.14732373945982452,0.14659539797196927,0.147236608269125,0.14711623290321163,0.14664994159050881,0.1472170984823509,0.14699567077131329,False,False,False
bulk/series/avx512/striped/k23/h16/u32/encode,bulk,False,0.10724341568830412,0.10802997416629358,1.0073343288531162,0.10702678141308802,0.10772520381423716,0.10784812221651703,0.10823796064521041,0.10723581919532146,0.10806324863334174,0.10799669969924541,0.10726282659956488,True,False,True
bulk/series/avx512/striped/k23/h16/u32/decode,bulk,False,0.07963366259635736,0.07884628188520557,0.9901124639319577,0.07911720408163582,0.08188372149331312,0.07855570741078984,0.08042451263469981,0.08046168984652013,0.07858381795934206,0.07976208187228219,0.07925300534981378,False,False,False
bulk/calico/local/k23/h0/u64/encode,bulk,False,0.2868386655314681,0.28672228546556755,0.999594266464443,0.2852240986046258,0.2879834435926505,0.28549961144294284,0.287435492058957,0.28533296403218816,0.2874083729667441,0.2857876075878716,0.28760434003670016,False,False,False
bulk/calico/local/k23/h0/u64/decode,bulk,False,0.3210868008722274,0.32136867474802056,1.0008778743786024,0.3205340579614229,0.3217744481995254,0.3199940220774086,0.32174877573066346,0.32105277072757216,0.32107618229004936,0.32158051292827083,0.3211208310168827,True,False,False
bulk/calico/striped/k23/h0/u64/encode,bulk,False,0.24317745027691728,0.24191616560781942,0.9948133156768377,0.24216704444487586,0.24383663400359257,0.24109696688472346,0.242022436333734,0.24295972603299346,0.24175867593115846,0.24195895805007356,0.24319828440668645,True,True,False
bulk/calico/striped/k23/h0/u64/decode,bulk,False,0.29438826262975726,0.29406881653600714,0.9989148816909461,0.2942224617907951,0.29562708101422397,0.29391687654046644,0.29494180256220115,0.29436396258703573,0.2940684862173516,0.2946635093981987,0.2944125626724788,False,False,False
bulk/predecessor/local/k56/h0/u64/encode,bulk,False,0.18488175667268283,0.18468233579510296,0.9989213598941894,0.18437743447345595,0.18577868425875435,0.18416474933991595,0.1849962761395697,0.18462395268756224,0.1844872771955784,0.18487739439462755,0.18521229843523943,True,False,False
bulk/predecessor/local/k56/h0/u64/decode,bulk,False,0.16512659555082126,0.1651477905890431,1.0001283562962777,0.16459809725074795,0.1660858044970874,0.16462871262672107,0.16631059219403468,0.165158138060397,0.16485874982788395,0.1657789352667882,0.16495097357138022,False,False,False
bulk/series/avx2/local/k56/h0/u64/encode,bulk,False,0.19465324772156967,0.19514511050325384,1.0025268665559988,0.1945432907633147,0.19487360357156544,0.19448895626254467,0.19562556366625863,0.19460976576595201,0.19559865041660374,0.19469157058990394,0.19469672967718735,False,False,False
bulk/series/avx2/local/k56/h0/u64/decode,bulk,False,0.16198349457119796,0.16236020672964907,1.0023256206408457,0.16158971826350887,0.16237773028176936,0.16147952630939763,0.16288997439623315,0.16200848574939164,0.16240708486849656,0.16189558288066777,0.16195850339300427,False,False,False
bulk/series/avx512/local/k56/h0/u64/encode,bulk,False,0.16644976289805835,0.16670835234400994,1.0015535585118853,0.16638244093562704,0.16793589266516373,0.1660002515951214,0.16729422945653055,0.16638779437298898,0.16645554333621215,0.16691048327662591,0.16746331119256466,False,False,False
bulk/series/avx512/local/k56/h0/u64/decode,bulk,False,0.16575297774083136,0.16544254979808945,0.9981271652131204,0.1645249521978122,0.16626485221409168,0.16467209234089422,0.16600942599463445,0.16570671644492027,0.16544814125217583,0.16521648163366695,0.16579923903674246,True,False,False
bulk/series/avx2/local/k56/h8/u64/encode,bulk,False,0.26713983374493266,0.2695517063789842,1.0090285024147854,0.2666790173449948,0.2674352425539565,0.2689134111508982,0.2706436697289254,0.2671664387563362,0.26949128212907497,0.2696121306288934,0.2669473721572335,True,False,True
bulk/series/avx2/local/k56/h8/u64/decode,bulk,False,0.19462764137044164,0.1950956933895373,1.002404858918291,0.1942057727946921,0.19597028196426827,0.1942345145618161,0.1960562265669384,0.19421113811468815,0.1951853904695183,0.1950059963095563,0.1956525443665841,False,False,False
bulk/series/avx512/local/k56/h8/u64/encode,bulk,False,0.26209814802700226,0.26155102400778535,0.9979125223763101,0.2612231953081101,0.26221472263409146,0.26096827016532453,0.2619078352749824,0.26212798986432445,0.2614220301277766,0.26184159310663785,0.26160798907870203,False,False,False
bulk/series/avx512/local/k56/h8/u64/decode,bulk,False,0.1880776033794965,0.18829060403441927,1.0011325147231538,0.18737549445884752,0.18852847427102368,0.18735916719408632,0.18865368518992423,0.18749752000611253,0.18829051266666313,0.18829069540217544,0.18834476684234655,False,False,False
bulk/series/avx2/local/k56/h16/u64/encode,bulk,False,0.3600137410472472,0.3565955522421076,0.9905053935019358,0.3585840986068704,0.3602408389888414,0.35552118578868974,0.3572548734355431,0.35957660382930035,0.3561635263201172,0.3569518635275017,0.3601768835106849,True,True,False
bulk/series/avx2/local/k56/h16/u64/decode,bulk,False,0.19978354893411632,0.20523934683498335,1.0273085443219663,0.1992950850612773,0.20015015034478983,0.20350344356405106,0.20638717289176362,0.19965375744555952,0.20354070164298574,0.20620188442816828,0.19991334042267314,True,False,True
bulk/series/avx512/local/k56/h16/u64/encode,bulk,False,0.33176478425955463,0.32993636817661776,0.9944888180732696,0.3305991990286913,0.3364970589221621,0.32893423236832725,0.33040295710264633,0.33404562212556016,0.32980745384047333,0.3300652825127621,0.33086418418802804,True,True,False
bulk/series/avx512/local/k56/h16/u64/decode,bulk,False,0.1871601208796036,0.18601996266471582,0.9939081134937864,0.18682442316844103,0.1886804263920477,0.18562414258138218,0.1863573266378015,0.18844278288391703,0.18599598093641695,0.1863300368378177,0.1869053798167036,True,True,False
bulk/calico/local/k56/h0/u64/encode,bulk,False,0.3000080779541281,0.2999785966211388,0.9999017315360628,0.2993498413443928,0.30043060805132143,0.2991504379589652,0.3013460426179075,0.300170053610707,0.3000657343262906,0.29952332840376,0.29984610229754927,True,False,False
bulk/calico/local/k56/h0/u64/decode,bulk,False,0.36359880730634675,0.36222417003653407,0.9962193570435601,0.36201474467465594,0.36497748438498273,0.361537275513615,0.36401837886747657,0.3626582143538024,0.3618890661278393,0.3630596146828278,0.3648425426539879,True,False,False
bulk/calico/striped/k56/h0/u64/encode,bulk,False,0.3000759977153529,0.30108103387407703,1.0033492720723283,0.2987758930257102,0.300873957279372,0.3005552518695988,0.3014457905836579,0.3001826119307147,0.30101531477555116,0.30114675297260285,0.299591871739616,True,False,False
bulk/calico/striped/k56/h0/u64/decode,bulk,False,0.3637546853839616,0.36317702648037387,0.9984119547409321,0.36185279624145067,0.3654340220571276,0.3609926039103384,0.36459086308214816,0.36189398074361223,0.3614525984748769,0.3644755600123039,0.36543344805877637,True,False,False
bulk/series/avx2/local/k64/h0/u64/encode,bulk,False,0.1593300823725322,0.1601716799156739,1.005282100722034,0.159262246618346,0.15990924306188226,0.15937140253845117,0.16061094546357876,0.15933492624934006,0.1605851105375143,0.1600089860482447,0.15931608688176005,True,False,False
bulk/series/avx2/local/k64/h0/u64/decode,bulk,False,0.15959072763969745,0.16018132620749675,1.0037007072812694,0.159320983924522,0.15992064648364038,0.1594862135827069,0.16082578047627638,0.15990390164785437,0.15998939022619849,0.16075291677186093,0.15936036985867866,True,False,False
bulk/series/avx512/local/k64/h0/u64/encode,bulk,False,0.15586442171006898,0.1554013677879188,0.9970291236635674,0.15490861709613607,0.15734069191923472,0.1545608736355785,0.15602202995902095,0.15732621234193883,0.15586379533008277,0.15503689398458106,0.15583071888290703,True,False,False
bulk/series/avx512/local/k64/h0/u64/decode,bulk,False,0.15534744805207096,0.1515271726445223,0.9754081869032819,0.15081860841665762,0.15990902627486,0.15078802322537932,0.1520087661839996,0.15116797658586942,0.15163546522214832,0.15145958949098592,0.15943732331638705,False,False,False
bulk/series/avx2/local/k64/h8/u64/encode,bulk,False,0.28910813557784554,0.28807091735672663,0.996412352011313,0.2888031715014228,0.2896242941124782,0.2876365904573564,0.28852448131311514,0.289075295918694,0.288319322970881,0.287833797536739,0.2891409752369971,True,True,False
bulk/series/avx2/local/k64/h8/u64/decode,bulk,False,0.19556254466052192,0.19548139348273633,0.9995850372169862,0.19448673650501122,0.19617468663167686,0.19439090050792293,0.19596690408985126,0.1948878359223853,0.19554977072687826,0.19439924327455227,0.19608992693920743,False,False,False
bulk/series/avx512/local/k64/h8/u64/encode,bulk,False,0.24069932973789465,0.2436194899989419,1.0121319833512918,0.23934367769247297,0.24142759590511617,0.23959527341918196,0.24713417017609307,0.24132468719065703,0.24698749900376418,0.24035508389101684,0.24001097600010296,True,False,False
bulk/series/avx512/local/k64/h8/u64/decode,bulk,False,0.18581413064338137,0.18487005565673964,0.9949192508482919,0.18482915345644274,0.18616893812173682,0.18446489256042586,0.1856513092543195,0.18580258973186123,0.18463438062380988,0.1852808637199961,0.18586969339287085,True,False,False
bulk/series/avx2/local/k64/h16/u64/encode,bulk,False,0.36065691416270707,0.3598624680462108,0.9977972247715239,0.3588259092556693,0.36094768053365917,0.3589796941404627,0.36088800702085155,0.36073808989098033,0.35969712357331274,0.3605421196608243,0.35937672013974237,False,False,False
bulk/series/avx2/local/k64/h16/u64/decode,bulk,False,0.20504901405423703,0.19559759633646984,0.9539065439482327,0.2039210885278602,0.20579870496519748,0.1949859376641554,0.1961350585563683,0.2054482668822761,0.19550134616842632,0.19564468360421267,0.204060514071266,True,True,False
bulk/series/avx512/local/k64/h16/u64/encode,bulk,False,0.33975532993432755,0.33864195968690547,0.996723023454445,0.33732648599876663,0.3428495525010622,0.3374825411532744,0.3409830916370669,0.3405594137959143,0.33989735984738695,0.3381129279855338,0.3379442248480643,False,False,False
bulk/series/avx512/local/k64/h16/u64/decode,bulk,False,0.1864494142724955,0.18582239732408407,0.9966370666764602,0.18572897474695035,0.18691123433895848,0.1849520716050393,0.18640396395916145,0.1867078488537055,0.1854601474449523,0.18590763668488217,0.18583157605369133,False,False,False
bulk/calico/local/k64/h0/u64/encode,bulk,False,0.30055348770571744,0.2997938572983464,0.9974725616622528,0.2993452744222957,0.30168656617956874,0.29926364922808724,0.3002963524533886,0.3002385068300477,0.30006408334477586,0.29965990593292047,0.3008684685813871,True,False,False
bulk/calico/local/k64/h0/u64/decode,bulk,False,0.3795515677236097,0.3752500586254733,0.9886668651536995,0.37508996635806197,0.38365859184666734,0.3737413285766823,0.375697482202785,0.37614519340529057,0.37412051127164453,0.3755819948563668,0.3825071412047831,True,False,False
bulk/calico/striped/k64/h0/u64/encode,bulk,False,0.3008786853037636,0.3000590600376249,0.9972758945509509,0.3007289873058332,0.30166883453446985,0.29971145746634736,0.30022237601803187,0.3007791320156862,0.30009212888796816,0.3000259911872816,0.3014953408163339,True,True,False
bulk/calico/striped/k64/h0/u64/decode,bulk,False,0.37393248101069937,0.3767138111593691,1.007438054434726,0.37378016937813646,0.37420494486349537,0.3727901600335813,0.3828875198493681,0.37399198679847834,0.373258011330091,0.3825708423439762,0.3738729752229204,False,False,False
