name,family_index,per_family_instance_index,run_name,run_type,repetitions,repetition_index,threads,iterations,real_time,cpu_time,time_unit,invocations,items_per_iteration,items_per_second,native_read_bytes,prepared_read_bytes,prepared_write_bytes,read_preparations,stride,tuple_bytes,write_bytes,write_preparations
runtime/bytes64_0/read_inline/1024,0,0,runtime/bytes64_0/read_inline/1024,iteration,5,0,1,46040,605.5516724587757,605.4705039096438,ns,11786240.0,256.0,422811678.43347764,64.0,960.0,7040.0,1.0,64.0,64.0,64.0,1.0
runtime/bytes64_0/read_inline/1024,0,0,runtime/bytes64_0/read_inline/1024,iteration,5,1,1,46040,606.1583188532517,605.4291920069504,ns,11786240.0,256.0,422840529.29687786,64.0,960.0,7040.0,1.0,64.0,64.0,64.0,1.0
runtime/bytes64_0/read_inline/1024,0,0,runtime/bytes64_0/read_inline/1024,iteration,5,2,1,46040,605.4593614248165,604.8184622067766,ns,11786240.0,256.0,423267502.5592691,64.0,960.0,7040.0,1.0,64.0,64.0,64.0,1.0
runtime/bytes64_0/read_inline/1024,0,0,runtime/bytes64_0/read_inline/1024,iteration,5,3,1,46040,606.0844700262078,606.019135534318,ns,11786240.0,256.0,422428905.2758848,64.0,960.0,7040.0,1.0,64.0,64.0,64.0,1.0
runtime/bytes64_0/read_inline/1024,0,0,runtime/bytes64_0/read_inline/1024,iteration,5,4,1,46040,606.6133579495283,606.5712858384014,ns,11786240.0,256.0,422044376.27830905,64.0,960.0,7040.0,1.0,64.0,64.0,64.0,1.0
runtime/bytes64_0/read_inline/65536,0,1,runtime/bytes64_0/read_inline/65536,iteration,5,0,1,32521,861.8563389811571,861.201408320777,ns,8325376.0,256.0,297259151.60678196,64.0,960.0,7040.0,1.0,64.0,64.0,64.0,1.0
runtime/bytes64_0/read_inline/65536,0,1,runtime/bytes64_0/read_inline/65536,iteration,5,1,1,32521,862.3440238614085,862.34805202792,ns,8325376.0,256.0,296863893.17861134,64.0,960.0,7040.0,1.0,64.0,64.0,64.0,1.0
runtime/bytes64_0/read_inline/65536,0,1,runtime/bytes64_0/read_inline/65536,iteration,5,2,1,32521,865.3697610773254,863.5629593185944,ns,8325376.0,256.0,296446248.9243403,64.0,960.0,7040.0,1.0,64.0,64.0,64.0,1.0
runtime/bytes64_0/read_inline/65536,0,1,runtime/bytes64_0/read_inline/65536,iteration,5,3,1,32521,862.1837889362437,862.1900310568556,ns,8325376.0,256.0,296918301.9736383,64.0,960.0,7040.0,1.0,64.0,64.0,64.0,1.0
runtime/bytes64_0/read_inline/65536,0,1,runtime/bytes64_0/read_inline/65536,iteration,5,4,1,32521,865.3882106942743,863.006426616648,ns,8325376.0,256.0,296637420.19121313,64.0,960.0,7040.0,1.0,64.0,64.0,64.0,1.0
runtime/bytes64_0/read_bound/1024,1,0,runtime/bytes64_0/read_bound/1024,iteration,5,0,1,40097,705.618649774019,705.103424196323,ns,10264832.0,256.0,363067305.04363793,64.0,960.0,7040.0,1.0,64.0,64.0,64.0,1.0
runtime/bytes64_0/read_bound/1024,1,0,runtime/bytes64_0/read_bound/1024,iteration,5,1,1,40097,707.5035788210984,706.6324413297746,ns,10264832.0,256.0,362281696.99971175,64.0,960.0,7040.0,1.0,64.0,64.0,64.0,1.0
runtime/bytes64_0/read_bound/1024,1,0,runtime/bytes64_0/read_bound/1024,iteration,5,2,1,40097,696.0877122975502,695.963313963638,ns,10264832.0,256.0,367835480.4968574,64.0,960.0,7040.0,1.0,64.0,64.0,64.0,1.0
runtime/bytes64_0/read_bound/1024,1,0,runtime/bytes64_0/read_bound/1024,iteration,5,3,1,40097,707.0574107787213,707.0551911614339,ns,10264832.0,256.0,362065087.98766524,64.0,960.0,7040.0,1.0,64.0,64.0,64.0,1.0
runtime/bytes64_0/read_bound/1024,1,0,runtime/bytes64_0/read_bound/1024,iteration,5,4,1,40097,707.9894007031832,707.9435369229611,ns,10264832.0,256.0,361610759.4013646,64.0,960.0,7040.0,1.0,64.0,64.0,64.0,1.0
runtime/bytes64_0/read_bound/65536,1,1,runtime/bytes64_0/read_bound/65536,iteration,5,0,1,29898,936.9308649408539,936.0479630744542,ns,7653888.0,256.0,273490259.1520703,64.0,960.0,7040.0,1.0,64.0,64.0,64.0,1.0
runtime/bytes64_0/read_bound/65536,1,1,runtime/bytes64_0/read_bound/65536,iteration,5,1,1,29898,935.5712756707056,934.9381898454767,ns,7653888.0,256.0,273814892.55702645,64.0,960.0,7040.0,1.0,64.0,64.0,64.0,1.0
runtime/bytes64_0/read_bound/65536,1,1,runtime/bytes64_0/read_bound/65536,iteration,5,2,1,29898,935.7007157670486,935.7068031306466,ns,7653888.0,256.0,273589974.0639765,64.0,960.0,7040.0,1.0,64.0,64.0,64.0,1.0
runtime/bytes64_0/read_bound/65536,1,1,runtime/bytes64_0/read_bound/65536,iteration,5,3,1,29898,937.1145227104715,935.3546056592417,ns,7653888.0,256.0,273692991.3544074,64.0,960.0,7040.0,1.0,64.0,64.0,64.0,1.0
runtime/bytes64_0/read_bound/65536,1,1,runtime/bytes64_0/read_bound/65536,iteration,5,4,1,29898,935.3184159476392,935.3305237808567,ns,7653888.0,256.0,273700038.1054383,64.0,960.0,7040.0,1.0,64.0,64.0,64.0,1.0
runtime/bytes64_0/weighted_bound/1024,2,0,runtime/bytes64_0/weighted_bound/1024,iteration,5,0,1,24338,1155.7983400445291,1155.7951351795573,ns,6230528.0,256.0,221492539.81781933,64.0,960.0,7040.0,1.0,64.0,64.0,64.0,1.0
runtime/bytes64_0/weighted_bound/1024,2,0,runtime/bytes64_0/weighted_bound/1024,iteration,5,1,1,24338,1150.217355575594,1150.149190566192,ns,6230528.0,256.0,222579820.16574484,64.0,960.0,7040.0,1.0,64.0,64.0,64.0,1.0
runtime/bytes64_0/weighted_bound/1024,2,0,runtime/bytes64_0/weighted_bound/1024,iteration,5,2,1,24338,1157.1480811899248,1156.890130659877,ns,6230528.0,256.0,221282897.32576466,64.0,960.0,7040.0,1.0,64.0,64.0,64.0,1.0
runtime/bytes64_0/weighted_bound/1024,2,0,runtime/bytes64_0/weighted_bound/1024,iteration,5,3,1,24338,1156.498479743889,1156.3095570712433,ns,6230528.0,256.0,221394001.66198504,64.0,960.0,7040.0,1.0,64.0,64.0,64.0,1.0
runtime/bytes64_0/weighted_bound/1024,2,0,runtime/bytes64_0/weighted_bound/1024,iteration,5,4,1,24338,1148.6189908779777,1148.6157860136402,ns,6230528.0,256.0,222876964.70589855,64.0,960.0,7040.0,1.0,64.0,64.0,64.0,1.0
runtime/bytes64_0/weighted_bound/65536,2,1,runtime/bytes64_0/weighted_bound/65536,iteration,5,0,1,19440,1441.9521090537514,1440.993930041155,ns,4976640.0,256.0,177655155.0031086,64.0,960.0,7040.0,1.0,64.0,64.0,64.0,1.0
runtime/bytes64_0/weighted_bound/65536,2,1,runtime/bytes64_0/weighted_bound/65536,iteration,5,1,1,19440,1438.9618827163379,1438.964609053498,ns,4976640.0,256.0,177905695.79636022,64.0,960.0,7040.0,1.0,64.0,64.0,64.0,1.0
runtime/bytes64_0/weighted_bound/65536,2,1,runtime/bytes64_0/weighted_bound/65536,iteration,5,2,1,19440,1440.39917695424,1439.4646090534973,ns,4976640.0,256.0,177843900.0096916,64.0,960.0,7040.0,1.0,64.0,64.0,64.0,1.0
runtime/bytes64_0/weighted_bound/65536,2,1,runtime/bytes64_0/weighted_bound/65536,iteration,5,3,1,19440,1440.2525720159001,1439.9177983539073,ns,4976640.0,256.0,177787926.70849362,64.0,960.0,7040.0,1.0,64.0,64.0,64.0,1.0
runtime/bytes64_0/weighted_bound/65536,2,1,runtime/bytes64_0/weighted_bound/65536,iteration,5,4,1,19440,1444.467592592092,1441.5242798353913,ns,4976640.0,256.0,177589794.06800753,64.0,960.0,7040.0,1.0,64.0,64.0,64.0,1.0
runtime/bytes64_0/scalar64/1024,3,0,runtime/bytes64_0/scalar64/1024,iteration,5,0,1,4953,5658.059761759971,5654.169392287498,ns,1267968.0,256.0,45276323.052718185,64.0,960.0,7040.0,1.0,64.0,64.0,64.0,1.0
runtime/bytes64_0/scalar64/1024,3,0,runtime/bytes64_0/scalar64/1024,iteration,5,1,1,4953,5649.939228751308,5643.271148798696,ns,1267968.0,256.0,45363760.35280454,64.0,960.0,7040.0,1.0,64.0,64.0,64.0,1.0
runtime/bytes64_0/scalar64/1024,3,0,runtime/bytes64_0/scalar64/1024,iteration,5,2,1,4953,5641.233595799276,5640.183928931953,ns,1267968.0,256.0,45388590.73138012,64.0,960.0,7040.0,1.0,64.0,64.0,64.0,1.0
runtime/bytes64_0/scalar64/1024,3,0,runtime/bytes64_0/scalar64/1024,iteration,5,3,1,4953,5628.532000806231,5624.022208762377,ns,1267968.0,256.0,45519023.66266356,64.0,960.0,7040.0,1.0,64.0,64.0,64.0,1.0
runtime/bytes64_0/scalar64/1024,3,0,runtime/bytes64_0/scalar64/1024,iteration,5,4,1,4953,5641.877448009534,5640.951140722832,ns,1267968.0,256.0,45382417.54159142,64.0,960.0,7040.0,1.0,64.0,64.0,64.0,1.0
runtime/bytes64_0/scalar64/65536,3,1,runtime/bytes64_0/scalar64/65536,iteration,5,0,1,3702,7597.204484062986,7591.883306320899,ns,947712.0,256.0,33720223.25301785,64.0,960.0,7040.0,1.0,64.0,64.0,64.0,1.0
runtime/bytes64_0/scalar64/65536,3,1,runtime/bytes64_0/scalar64/65536,iteration,5,1,1,3702,7557.430848187442,7557.410048622358,ns,947712.0,256.0,33874038.63929102,64.0,960.0,7040.0,1.0,64.0,64.0,64.0,1.0
runtime/bytes64_0/scalar64/65536,3,1,runtime/bytes64_0/scalar64/65536,iteration,5,2,1,3702,7583.613992437094,7569.7142085358755,ns,947712.0,256.0,33818978.22659215,64.0,960.0,7040.0,1.0,64.0,64.0,64.0,1.0
runtime/bytes64_0/scalar64/65536,3,1,runtime/bytes64_0/scalar64/65536,iteration,5,3,1,3702,7597.385197191581,7580.937871420848,ns,947712.0,256.0,33768908.852964856,64.0,960.0,7040.0,1.0,64.0,64.0,64.0,1.0
runtime/bytes64_0/scalar64/65536,3,1,runtime/bytes64_0/scalar64/65536,iteration,5,4,1,3702,7593.111831442918,7593.131280389003,ns,947712.0,256.0,33714681.14362496,64.0,960.0,7040.0,1.0,64.0,64.0,64.0,1.0
runtime/bytes64_0/scalar8_projection/1024,4,0,runtime/bytes64_0/scalar8_projection/1024,iteration,5,0,1,32035,876.8643670984665,875.2358670204497,ns,8200960.0,256.0,292492583.5952043,64.0,960.0,7040.0,1.0,64.0,64.0,64.0,1.0
runtime/bytes64_0/scalar8_projection/1024,4,0,runtime/bytes64_0/scalar8_projection/1024,iteration,5,1,1,32035,874.4007803965308,874.3980646168286,ns,8200960.0,256.0,292772834.6610444,64.0,960.0,7040.0,1.0,64.0,64.0,64.0,1.0
runtime/bytes64_0/scalar8_projection/1024,4,0,runtime/bytes64_0/scalar8_projection/1024,iteration,5,2,1,32035,874.8465428439174,874.7885437802382,ns,8200960.0,256.0,292642149.7173968,64.0,960.0,7040.0,1.0,64.0,64.0,64.0,1.0
runtime/bytes64_0/scalar8_projection/1024,4,0,runtime/bytes64_0/scalar8_projection/1024,iteration,5,3,1,32035,874.8571874510388,874.807304510696,ns,8200960.0,256.0,292635873.8433122,64.0,960.0,7040.0,1.0,64.0,64.0,64.0,1.0
runtime/bytes64_0/scalar8_projection/1024,4,0,runtime/bytes64_0/scalar8_projection/1024,iteration,5,4,1,32035,875.9800218508826,875.0888715467441,ns,8200960.0,256.0,292541715.8459721,64.0,960.0,7040.0,1.0,64.0,64.0,64.0,1.0
runtime/bytes64_0/scalar8_projection/65536,4,1,runtime/bytes64_0/scalar8_projection/65536,iteration,5,0,1,25565,1092.4928222179558,1092.5046352434942,ns,6544640.0,256.0,234323948.6054386,64.0,960.0,7040.0,1.0,64.0,64.0,64.0,1.0
runtime/bytes64_0/scalar8_projection/65536,4,1,runtime/bytes64_0/scalar8_projection/65536,iteration,5,1,1,25565,1093.6486993940878,1092.8375122237414,ns,6544640.0,256.0,234252573.81500643,64.0,960.0,7040.0,1.0,64.0,64.0,64.0,1.0
runtime/bytes64_0/scalar8_projection/65536,4,1,runtime/bytes64_0/scalar8_projection/65536,iteration,5,2,1,25565,1092.4599647957593,1092.2492079014228,ns,6544640.0,256.0,234378746.3044829,64.0,960.0,7040.0,1.0,64.0,64.0,64.0,1.0
runtime/bytes64_0/scalar8_projection/65536,4,1,runtime/bytes64_0/scalar8_projection/65536,iteration,5,3,1,25565,1092.6046939173514,1091.856483473501,ns,6544640.0,256.0,234463048.83000043,64.0,960.0,7040.0,1.0,64.0,64.0,64.0,1.0
runtime/bytes64_0/scalar8_projection/65536,4,1,runtime/bytes64_0/scalar8_projection/65536,iteration,5,4,1,25565,1093.2567964011128,1092.452610991591,ns,6544640.0,256.0,234335107.46762317,64.0,960.0,7040.0,1.0,64.0,64.0,64.0,1.0
runtime/bytes64_0/write_scalar/1024,5,0,runtime/bytes64_0/write_scalar/1024,iteration,5,0,1,1905,14887.853543304274,14872.510236220507,ns,487680.0,256.0,17212965.123838857,64.0,960.0,7040.0,1.0,64.0,64.0,64.0,1.0
runtime/bytes64_0/write_scalar/1024,5,0,runtime/bytes64_0/write_scalar/1024,iteration,5,1,1,1905,14735.606299214203,14727.460367454103,ns,487680.0,256.0,17382494.579019804,64.0,960.0,7040.0,1.0,64.0,64.0,64.0,1.0
runtime/bytes64_0/write_scalar/1024,5,0,runtime/bytes64_0/write_scalar/1024,iteration,5,2,1,1905,14725.826771655371,14721.18162729662,ns,487680.0,256.0,17389908.397388037,64.0,960.0,7040.0,1.0,64.0,64.0,64.0,1.0
runtime/bytes64_0/write_scalar/1024,5,0,runtime/bytes64_0/write_scalar/1024,iteration,5,3,1,1905,14718.76062991843,14718.720209973757,ns,487680.0,256.0,17392816.51855358,64.0,960.0,7040.0,1.0,64.0,64.0,64.0,1.0
runtime/bytes64_0/write_scalar/1024,5,0,runtime/bytes64_0/write_scalar/1024,iteration,5,4,1,1905,14785.186351703313,14784.179527559047,ns,487680.0,256.0,17315807.043792512,64.0,960.0,7040.0,1.0,64.0,64.0,64.0,1.0
runtime/bytes64_0/write_scalar/65536,5,1,runtime/bytes64_0/write_scalar/65536,iteration,5,0,1,1906,14786.453305349874,14757.32528856246,ns,487936.0,256.0,17347317.009974066,64.0,960.0,7040.0,1.0,64.0,64.0,64.0,1.0
runtime/bytes64_0/write_scalar/65536,5,1,runtime/bytes64_0/write_scalar/65536,iteration,5,1,1,1906,14829.207764950852,14812.115424973757,ns,487936.0,256.0,17283149.14211206,64.0,960.0,7040.0,1.0,64.0,64.0,64.0,1.0
runtime/bytes64_0/write_scalar/65536,5,1,runtime/bytes64_0/write_scalar/65536,iteration,5,2,1,1906,14678.4470094453,14667.51888772308,ns,487936.0,256.0,17453531.29998528,64.0,960.0,7040.0,1.0,64.0,64.0,64.0,1.0
runtime/bytes64_0/write_scalar/65536,5,1,runtime/bytes64_0/write_scalar/65536,iteration,5,3,1,1906,14689.941762854178,14679.386673662204,ns,487936.0,256.0,17439420.712264217,64.0,960.0,7040.0,1.0,64.0,64.0,64.0,1.0
runtime/bytes64_0/write_scalar/65536,5,1,runtime/bytes64_0/write_scalar/65536,iteration,5,4,1,1906,14885.142182582935,14885.21091290657,ns,487936.0,256.0,17198278.311127536,64.0,960.0,7040.0,1.0,64.0,64.0,64.0,1.0
runtime/bytes64_0/write_native/1024,6,0,runtime/bytes64_0/write_native/1024,iteration,5,0,1,25644,1091.3172671966624,1090.4929418187526,ns,6564864.0,256.0,234756219.12145212,64.0,960.0,7040.0,1.0,64.0,64.0,64.0,1.0
runtime/bytes64_0/write_native/1024,6,0,runtime/bytes64_0/write_native/1024,iteration,5,1,1,25644,1092.240290126177,1092.1631570737836,ns,6564864.0,256.0,234397212.85407296,64.0,960.0,7040.0,1.0,64.0,64.0,64.0,1.0
runtime/bytes64_0/write_native/1024,6,0,runtime/bytes64_0/write_native/1024,iteration,5,2,1,25644,1093.6410076430218,1093.3205038215633,ns,6564864.0,256.0,234149089.0413053,64.0,960.0,7040.0,1.0,64.0,64.0,64.0,1.0
runtime/bytes64_0/write_native/1024,6,0,runtime/bytes64_0/write_native/1024,iteration,5,3,1,25644,1091.1296599592342,1090.068671034153,ns,6564864.0,256.0,234847589.7001348,64.0,960.0,7040.0,1.0,64.0,64.0,64.0,1.0
runtime/bytes64_0/write_native/1024,6,0,runtime/bytes64_0/write_native/1024,iteration,5,4,1,25644,1093.9159257522701,1092.5554515676195,ns,6564864.0,256.0,234313049.86185032,64.0,960.0,7040.0,1.0,64.0,64.0,64.0,1.0
runtime/bytes64_0/write_native/65536,6,1,runtime/bytes64_0/write_native/65536,iteration,5,0,1,25352,1113.787906279921,1113.0297806879016,ns,6490112.0,256.0,230002830.50987247,64.0,960.0,7040.0,1.0,64.0,64.0,64.0,1.0
runtime/bytes64_0/write_native/65536,6,1,runtime/bytes64_0/write_native/65536,iteration,5,1,1,25352,1109.358236036323,1108.5725386557226,ns,6490112.0,256.0,230927603.8087961,64.0,960.0,7040.0,1.0,64.0,64.0,64.0,1.0
runtime/bytes64_0/write_native/65536,6,1,runtime/bytes64_0/write_native/65536,iteration,5,2,1,25352,1110.6177027452923,1109.832044809087,ns,6490112.0,256.0,230665532.85910666,64.0,960.0,7040.0,1.0,64.0,64.0,64.0,1.0
runtime/bytes64_0/write_native/65536,6,1,runtime/bytes64_0/write_native/65536,iteration,5,3,1,25352,1109.2876301670074,1109.2936257494432,ns,6490112.0,256.0,230777491.24091953,64.0,960.0,7040.0,1.0,64.0,64.0,64.0,1.0
runtime/bytes64_0/write_native/65536,6,1,runtime/bytes64_0/write_native/65536,iteration,5,4,1,25352,1108.2190754177477,1105.0434679709745,ns,6490112.0,256.0,231665095.01210335,64.0,960.0,7040.0,1.0,64.0,64.0,64.0,1.0
runtime/bytes64_0/prepare_read,7,0,runtime/bytes64_0/prepare_read,iteration,5,0,1,107235,260.27173031200317,260.27101226278694,ns,0.0,1.0,3842148.9635208906,,960.0,7040.0,107235.0,,,,0.0
runtime/bytes64_0/prepare_read,7,0,runtime/bytes64_0/prepare_read,iteration,5,1,1,107235,260.77353476018516,260.2818109758968,ns,0.0,1.0,3841989.55835836,,960.0,7040.0,107235.0,,,,0.0
runtime/bytes64_0/prepare_read,7,0,runtime/bytes64_0/prepare_read,iteration,5,2,1,107235,260.2755536905494,260.227090035904,ns,0.0,1.0,3842797.457643738,,960.0,7040.0,107235.0,,,,0.0
runtime/bytes64_0/prepare_read,7,0,runtime/bytes64_0/prepare_read,iteration,5,3,1,107235,260.2130740896715,260.2123467151575,ns,0.0,1.0,3843015.1859575445,,960.0,7040.0,107235.0,,,,0.0
runtime/bytes64_0/prepare_read,7,0,runtime/bytes64_0/prepare_read,iteration,5,4,1,107235,260.4065743461592,260.39102904835084,ns,0.0,1.0,3840378.0792859592,,960.0,7040.0,107235.0,,,,0.0
runtime/bytes64_0/prepare_write,8,0,runtime/bytes64_0/prepare_write,iteration,5,0,1,59370,472.1984167087307,472.196917635165,ns,0.0,1.0,2117760.5415303307,,960.0,7040.0,0.0,,,,59370.0
runtime/bytes64_0/prepare_write,8,0,runtime/bytes64_0/prepare_write,iteration,5,1,1,59370,471.68384706067116,471.19491325585125,ns,0.0,1.0,2122263.9970585085,,960.0,7040.0,0.0,,,,59370.0
runtime/bytes64_0/prepare_write,8,0,runtime/bytes64_0/prepare_write,iteration,5,2,1,59370,470.957874347132,470.9565773959867,ns,0.0,1.0,2123338.006083704,,960.0,7040.0,0.0,,,,59370.0
runtime/bytes64_0/prepare_write,8,0,runtime/bytes64_0/prepare_write,iteration,5,3,1,59370,470.7827017011216,470.7461849418909,ns,0.0,1.0,2124286.997935927,,960.0,7040.0,0.0,,,,59370.0
runtime/bytes64_0/prepare_write,8,0,runtime/bytes64_0/prepare_write,iteration,5,4,1,59370,470.9994946943807,470.91648980966795,ns,0.0,1.0,2123518.758929367,,960.0,7040.0,0.0,,,,59370.0
runtime/bytes64_1/read_inline/1024,9,0,runtime/bytes64_1/read_inline/1024,iteration,5,0,1,46325,605.3683756069046,605.3662601187349,ns,11859200.0,256.0,422884486.40958095,64.0,960.0,7040.0,1.0,64.0,64.0,64.0,1.0
runtime/bytes64_1/read_inline/1024,9,0,runtime/bytes64_1/read_inline/1024,iteration,5,1,1,46325,604.4902320559513,604.4043389098808,ns,11859200.0,256.0,423557515.25829244,64.0,960.0,7040.0,1.0,64.0,64.0,64.0,1.0
runtime/bytes64_1/read_inline/1024,9,0,runtime/bytes64_1/read_inline/1024,iteration,5,2,1,46325,606.39892066926,606.3970210469549,ns,11859200.0,256.0,422165662.2883991,64.0,960.0,7040.0,1.0,64.0,64.0,64.0,1.0
runtime/bytes64_1/read_inline/1024,9,0,runtime/bytes64_1/read_inline/1024,iteration,5,3,1,46325,605.9946033458309,605.5661305990284,ns,11859200.0,256.0,422744911.02526456,64.0,960.0,7040.0,1.0,64.0,64.0,64.0,1.0
runtime/bytes64_1/read_inline/1024,9,0,runtime/bytes64_1/read_inline/1024,iteration,5,4,1,46325,605.079330814841,605.0776470588222,ns,11859200.0,256.0,423086196.0351233,64.0,960.0,7040.0,1.0,64.0,64.0,64.0,1.0
runtime/bytes64_1/read_inline/65536,9,1,runtime/bytes64_1/read_inline/65536,iteration,5,0,1,32421,859.6394003885944,859.6416520156755,ns,8299776.0,256.0,297798506.3889527,64.0,960.0,7040.0,1.0,64.0,64.0,64.0,1.0
runtime/bytes64_1/read_inline/65536,9,1,runtime/bytes64_1/read_inline/65536,iteration,5,1,1,32421,860.9151167451943,860.3001449677557,ns,8299776.0,256.0,297570564.7586459,64.0,960.0,7040.0,1.0,64.0,64.0,64.0,1.0
runtime/bytes64_1/read_inline/65536,9,1,runtime/bytes64_1/read_inline/65536,iteration,5,2,1,32421,862.0391104531611,860.4084081305339,ns,8299776.0,256.0,297533122.1555913,64.0,960.0,7040.0,1.0,64.0,64.0,64.0,1.0
runtime/bytes64_1/read_inline/65536,9,1,runtime/bytes64_1/read_inline/65536,iteration,5,3,1,32421,890.0050276055201,864.7491440732906,ns,8299776.0,256.0,296039610.7409192,64.0,960.0,7040.0,1.0,64.0,64.0,64.0,1.0
runtime/bytes64_1/read_inline/65536,9,1,runtime/bytes64_1/read_inline/65536,iteration,5,4,1,32421,860.8075013109448,859.8146571666584,ns,8299776.0,256.0,297738585.7128734,64.0,960.0,7040.0,1.0,64.0,64.0,64.0,1.0
runtime/bytes64_1/read_bound/1024,10,0,runtime/bytes64_1/read_bound/1024,iteration,5,0,1,40536,698.3432257746819,696.6758436944916,ns,10377216.0,256.0,367459274.3770543,64.0,960.0,7040.0,1.0,64.0,64.0,64.0,1.0
runtime/bytes64_1/read_bound/1024,10,0,runtime/bytes64_1/read_bound/1024,iteration,5,1,1,40536,704.8478142884817,704.7841918294821,ns,10377216.0,256.0,363231756.56859446,64.0,960.0,7040.0,1.0,64.0,64.0,64.0,1.0
runtime/bytes64_1/read_bound/1024,10,0,runtime/bytes64_1/read_bound/1024,iteration,5,2,1,40536,694.7942816260598,694.6934083284056,ns,10377216.0,256.0,368507886.97707057,64.0,960.0,7040.0,1.0,64.0,64.0,64.0,1.0
runtime/bytes64_1/read_bound/1024,10,0,runtime/bytes64_1/read_bound/1024,iteration,5,3,1,40536,707.7605585159049,707.7203473455795,ns,10377216.0,256.0,361724798.4464057,64.0,960.0,7040.0,1.0,64.0,64.0,64.0,1.0
runtime/bytes64_1/read_bound/1024,10,0,runtime/bytes64_1/read_bound/1024,iteration,5,4,1,40536,705.2497039666525,705.2033254391184,ns,10377216.0,256.0,363015871.8275939,64.0,960.0,7040.0,1.0,64.0,64.0,64.0,1.0
runtime/bytes64_1/read_bound/65536,10,1,runtime/bytes64_1/read_bound/65536,iteration,5,0,1,29913,936.8431785508568,936.1161033664341,ns,7657728.0,256.0,273470351.6790066,64.0,960.0,7040.0,1.0,64.0,64.0,64.0,1.0
runtime/bytes64_1/read_bound/65536,10,1,runtime/bytes64_1/read_bound/65536,iteration,5,1,1,29913,940.892922809357,937.2443753552034,ns,7657728.0,256.0,273141143.0481824,64.0,960.0,7040.0,1.0,64.0,64.0,64.0,1.0
runtime/bytes64_1/read_bound/65536,10,1,runtime/bytes64_1/read_bound/65536,iteration,5,2,1,29913,937.3814060777016,936.3250091933214,ns,7657728.0,256.0,273409337.0212908,64.0,960.0,7040.0,1.0,64.0,64.0,64.0,1.0
runtime/bytes64_1/read_bound/65536,10,1,runtime/bytes64_1/read_bound/65536,iteration,5,3,1,29913,937.1417109617487,936.2066994283308,ns,7657728.0,256.0,273443888.14598256,64.0,960.0,7040.0,1.0,64.0,64.0,64.0,1.0
runtime/bytes64_1/read_bound/65536,10,1,runtime/bytes64_1/read_bound/65536,iteration,5,4,1,29913,935.5781767125156,935.2415672115703,ns,7657728.0,256.0,273726071.39700377,64.0,960.0,7040.0,1.0,64.0,64.0,64.0,1.0
runtime/bytes64_1/weighted_bound/1024,11,0,runtime/bytes64_1/weighted_bound/1024,iteration,5,0,1,24232,1149.1898728952422,1149.1871079564378,ns,6203392.0,256.0,222766160.73011515,64.0,960.0,7040.0,1.0,64.0,64.0,64.0,1.0
runtime/bytes64_1/weighted_bound/1024,11,0,runtime/bytes64_1/weighted_bound/1024,iteration,5,1,1,24232,1157.284169693011,1155.8192060085903,ns,6203392.0,256.0,221487927.06434518,64.0,960.0,7040.0,1.0,64.0,64.0,64.0,1.0
runtime/bytes64_1/weighted_bound/1024,11,0,runtime/bytes64_1/weighted_bound/1024,iteration,5,2,1,24232,1153.1874793657369,1153.1838478045615,ns,6203392.0,256.0,221994090.95728698,64.0,960.0,7040.0,1.0,64.0,64.0,64.0,1.0
runtime/bytes64_1/weighted_bound/1024,11,0,runtime/bytes64_1/weighted_bound/1024,iteration,5,3,1,24232,1158.0893034005603,1154.8696764608862,ns,6203392.0,256.0,221670033.61324322,64.0,960.0,7040.0,1.0,64.0,64.0,64.0,1.0
runtime/bytes64_1/weighted_bound/1024,11,0,runtime/bytes64_1/weighted_bound/1024,iteration,5,4,1,24232,1163.1231842189982,1163.1153433476359,ns,6203392.0,256.0,220098549.5240654,64.0,960.0,7040.0,1.0,64.0,64.0,64.0,1.0
runtime/bytes64_1/weighted_bound/65536,11,1,runtime/bytes64_1/weighted_bound/65536,iteration,5,0,1,19378,1444.0757560121008,1444.0737950252756,ns,4960768.0,256.0,177276258.92935705,64.0,960.0,7040.0,1.0,64.0,64.0,64.0,1.0
runtime/bytes64_1/weighted_bound/65536,11,1,runtime/bytes64_1/weighted_bound/65536,iteration,5,1,1,19378,1445.2559603673035,1444.2972442976632,ns,4960768.0,256.0,177248832.26824155,64.0,960.0,7040.0,1.0,64.0,64.0,64.0,1.0
runtime/bytes64_1/weighted_bound/65536,11,1,runtime/bytes64_1/weighted_bound/65536,iteration,5,2,1,19378,1444.0437609657251,1443.1092992052681,ns,4960768.0,256.0,177394740.74554244,64.0,960.0,7040.0,1.0,64.0,64.0,64.0,1.0
runtime/bytes64_1/weighted_bound/65536,11,1,runtime/bytes64_1/weighted_bound/65536,iteration,5,3,1,19378,1443.013210857522,1442.6887191660608,ns,4960768.0,256.0,177446455.7732035,64.0,960.0,7040.0,1.0,64.0,64.0,64.0,1.0
runtime/bytes64_1/weighted_bound/65536,11,1,runtime/bytes64_1/weighted_bound/65536,iteration,5,4,1,19378,1447.297966766232,1444.5645577459059,ns,4960768.0,256.0,177216032.76731473,64.0,960.0,7040.0,1.0,64.0,64.0,64.0,1.0
runtime/bytes64_1/scalar64/1024,12,0,runtime/bytes64_1/scalar64/1024,iteration,5,0,1,4987,5643.465009022297,5638.676960096259,ns,1276672.0,256.0,45400721.09320299,64.0,960.0,7040.0,1.0,64.0,64.0,64.0,1.0
runtime/bytes64_1/scalar64/1024,12,0,runtime/bytes64_1/scalar64/1024,iteration,5,1,1,4987,5640.635652699686,5640.619811509953,ns,1276672.0,256.0,45385083.29840274,64.0,960.0,7040.0,1.0,64.0,64.0,64.0,1.0
runtime/bytes64_1/scalar64/1024,12,0,runtime/bytes64_1/scalar64/1024,iteration,5,2,1,4987,5623.290555445027,5622.921997192643,ns,1276672.0,256.0,45527930.16296743,64.0,960.0,7040.0,1.0,64.0,64.0,64.0,1.0
runtime/bytes64_1/scalar64/1024,12,0,runtime/bytes64_1/scalar64/1024,iteration,5,3,1,4987,5865.471225185516,5664.71064768401,ns,1276672.0,256.0,45192069.97883721,64.0,960.0,7040.0,1.0,64.0,64.0,64.0,1.0
runtime/bytes64_1/scalar64/1024,12,0,runtime/bytes64_1/scalar64/1024,iteration,5,4,1,4987,5971.549227992329,5678.977541608133,ns,1276672.0,256.0,45078537.13531463,64.0,960.0,7040.0,1.0,64.0,64.0,64.0,1.0
runtime/bytes64_1/scalar64/65536,12,1,runtime/bytes64_1/scalar64/65536,iteration,5,0,1,4050,6719.678024691724,6704.0002469135015,ns,1036800.0,256.0,38186156.11147412,64.0,960.0,7040.0,1.0,64.0,64.0,64.0,1.0
runtime/bytes64_1/scalar64/65536,12,1,runtime/bytes64_1/scalar64/65536,iteration,5,1,1,4050,6739.339753087252,6739.365679012361,ns,1036800.0,256.0,37985770.79698044,64.0,960.0,7040.0,1.0,64.0,64.0,64.0,1.0
runtime/bytes64_1/scalar64/65536,12,1,runtime/bytes64_1/scalar64/65536,iteration,5,2,1,4050,6739.47580246982,6734.069382716016,ns,1036800.0,256.0,38015646.327770524,64.0,960.0,7040.0,1.0,64.0,64.0,64.0,1.0
runtime/bytes64_1/scalar64/65536,12,1,runtime/bytes64_1/scalar64/65536,iteration,5,3,1,4050,6833.676049380015,6817.545925925924,ns,1036800.0,256.0,37550168.753022574,64.0,960.0,7040.0,1.0,64.0,64.0,64.0,1.0
runtime/bytes64_1/scalar64/65536,12,1,runtime/bytes64_1/scalar64/65536,iteration,5,4,1,4050,6809.908148150857,6809.931358024715,ns,1036800.0,256.0,37592155.71216201,64.0,960.0,7040.0,1.0,64.0,64.0,64.0,1.0
runtime/bytes64_1/scalar8_projection/1024,13,0,runtime/bytes64_1/scalar8_projection/1024,iteration,5,0,1,32035,876.3421257999279,875.5608553144923,ns,8200960.0,256.0,292384016.99450976,64.0,960.0,7040.0,1.0,64.0,64.0,64.0,1.0
runtime/bytes64_1/scalar8_projection/1024,13,0,runtime/bytes64_1/scalar8_projection/1024,iteration,5,1,1,32035,874.7335726546972,874.7305135008513,ns,8200960.0,256.0,292661563.81744975,64.0,960.0,7040.0,1.0,64.0,64.0,64.0,1.0
runtime/bytes64_1/scalar8_projection/1024,13,0,runtime/bytes64_1/scalar8_projection/1024,iteration,5,2,1,32035,876.0899016700502,875.1341033244937,ns,8200960.0,256.0,292526595.6697347,64.0,960.0,7040.0,1.0,64.0,64.0,64.0,1.0
runtime/bytes64_1/scalar8_projection/1024,13,0,runtime/bytes64_1/scalar8_projection/1024,iteration,5,3,1,32035,874.1507725926191,874.0481348525002,ns,8200960.0,256.0,292890047.804062,64.0,960.0,7040.0,1.0,64.0,64.0,64.0,1.0
runtime/bytes64_1/scalar8_projection/1024,13,0,runtime/bytes64_1/scalar8_projection/1024,iteration,5,4,1,32035,877.6491337596527,875.7515529889137,ns,8200960.0,256.0,292320349.4487446,64.0,960.0,7040.0,1.0,64.0,64.0,64.0,1.0
runtime/bytes64_1/scalar8_projection/65536,13,1,runtime/bytes64_1/scalar8_projection/65536,iteration,5,0,1,25503,1092.621221032728,1092.6369838842425,ns,6528768.0,256.0,234295565.4767782,64.0,960.0,7040.0,1.0,64.0,64.0,64.0,1.0
runtime/bytes64_1/scalar8_projection/65536,13,1,runtime/bytes64_1/scalar8_projection/65536,iteration,5,1,1,25503,1092.7619887857657,1091.7606556091387,ns,6528768.0,256.0,234483628.51761404,64.0,960.0,7040.0,1.0,64.0,64.0,64.0,1.0
runtime/bytes64_1/scalar8_projection/65536,13,1,runtime/bytes64_1/scalar8_projection/65536,iteration,5,2,1,25503,1096.3996392581998,1094.0364662980721,ns,6528768.0,256.0,233995856.52408445,64.0,960.0,7040.0,1.0,64.0,64.0,64.0,1.0
runtime/bytes64_1/scalar8_projection/65536,13,1,runtime/bytes64_1/scalar8_projection/65536,iteration,5,3,1,25503,1094.651570403658,1093.6259263616164,ns,6528768.0,256.0,234083697.02032056,64.0,960.0,7040.0,1.0,64.0,64.0,64.0,1.0
runtime/bytes64_1/scalar8_projection/65536,13,1,runtime/bytes64_1/scalar8_projection/65536,iteration,5,4,1,25503,1104.371681763279,1097.503117280311,ns,6528768.0,256.0,233256740.65909335,64.0,960.0,7040.0,1.0,64.0,64.0,64.0,1.0
runtime/bytes64_1/write_scalar/1024,14,0,runtime/bytes64_1/write_scalar/1024,iteration,5,0,1,1895,14715.086543540177,14715.045910290495,ns,485120.0,256.0,17397159.448953852,64.0,960.0,7040.0,1.0,64.0,64.0,64.0,1.0
runtime/bytes64_1/write_scalar/1024,14,0,runtime/bytes64_1/write_scalar/1024,iteration,5,1,1,1895,14724.157783642611,14714.427968337946,ns,485120.0,256.0,17397890.053956084,64.0,960.0,7040.0,1.0,64.0,64.0,64.0,1.0
runtime/bytes64_1/write_scalar/1024,14,0,runtime/bytes64_1/write_scalar/1024,iteration,5,2,1,1895,14730.569393143103,14711.726649076792,ns,485120.0,256.0,17401084.597780015,64.0,960.0,7040.0,1.0,64.0,64.0,64.0,1.0
runtime/bytes64_1/write_scalar/1024,14,0,runtime/bytes64_1/write_scalar/1024,iteration,5,3,1,1895,14851.920844324139,14849.705013192777,ns,485120.0,256.0,17239399.689930838,64.0,960.0,7040.0,1.0,64.0,64.0,64.0,1.0
runtime/bytes64_1/write_scalar/1024,14,0,runtime/bytes64_1/write_scalar/1024,iteration,5,4,1,1895,14726.527704486174,14700.00052770427,ns,485120.0,256.0,17414965.361227784,64.0,960.0,7040.0,1.0,64.0,64.0,64.0,1.0
runtime/bytes64_1/write_scalar/65536,14,1,runtime/bytes64_1/write_scalar/65536,iteration,5,0,1,1910,14904.346073294273,14892.959162303658,ns,488960.0,256.0,17189330.69043625,64.0,960.0,7040.0,1.0,64.0,64.0,64.0,1.0
runtime/bytes64_1/write_scalar/65536,14,1,runtime/bytes64_1/write_scalar/65536,iteration,5,1,1,1910,14730.445026183937,14730.649738219976,ns,488960.0,256.0,17378731.050524224,64.0,960.0,7040.0,1.0,64.0,64.0,64.0,1.0
runtime/bytes64_1/write_scalar/65536,14,1,runtime/bytes64_1/write_scalar/65536,iteration,5,2,1,1910,14853.335602091794,14842.001047120408,ns,488960.0,256.0,17248348.06218183,64.0,960.0,7040.0,1.0,64.0,64.0,64.0,1.0
runtime/bytes64_1/write_scalar/65536,14,1,runtime/bytes64_1/write_scalar/65536,iteration,5,3,1,1910,14679.85863874526,14669.200000000179,ns,488960.0,256.0,17451531.09917357,64.0,960.0,7040.0,1.0,64.0,64.0,64.0,1.0
runtime/bytes64_1/write_scalar/65536,14,1,runtime/bytes64_1/write_scalar/65536,iteration,5,4,1,1910,14667.449738219875,14667.446073298572,ns,488960.0,256.0,17453617.94552881,64.0,960.0,7040.0,1.0,64.0,64.0,64.0,1.0
runtime/bytes64_1/write_native/1024,15,0,runtime/bytes64_1/write_native/1024,iteration,5,0,1,25715,1092.0392766868233,1091.262376045102,ns,6583040.0,256.0,234590695.71131214,64.0,960.0,7040.0,1.0,64.0,64.0,64.0,1.0
runtime/bytes64_1/write_native/1024,15,0,runtime/bytes64_1/write_native/1024,iteration,5,1,1,25715,1094.2169939724824,1092.8660703869161,ns,6583040.0,256.0,234246452.45813724,64.0,960.0,7040.0,1.0,64.0,64.0,64.0,1.0
runtime/bytes64_1/write_native/1024,15,0,runtime/bytes64_1/write_native/1024,iteration,5,2,1,25715,1095.5676064554498,1095.5637565623144,ns,6583040.0,256.0,233669650.41202417,64.0,960.0,7040.0,1.0,64.0,64.0,64.0,1.0
runtime/bytes64_1/write_native/1024,15,0,runtime/bytes64_1/write_native/1024,iteration,5,3,1,25715,1097.6263270461216,1097.5544234882584,ns,6583040.0,256.0,233245836.85461196,64.0,960.0,7040.0,1.0,64.0,64.0,64.0,1.0
runtime/bytes64_1/write_native/1024,15,0,runtime/bytes64_1/write_native/1024,iteration,5,4,1,25715,1090.793311297223,1090.789889169742,ns,6583040.0,256.0,234692311.08738562,64.0,960.0,7040.0,1.0,64.0,64.0,64.0,1.0
runtime/bytes64_1/write_native/65536,15,1,runtime/bytes64_1/write_native/65536,iteration,5,0,1,25291,1106.0128108818315,1106.0168439365593,ns,6474496.0,256.0,231461212.7323841,64.0,960.0,7040.0,1.0,64.0,64.0,64.0,1.0
runtime/bytes64_1/write_native/65536,15,1,runtime/bytes64_1/write_native/65536,iteration,5,1,1,25291,1110.125696888365,1109.0629868332717,ns,6474496.0,256.0,230825483.34875157,64.0,960.0,7040.0,1.0,64.0,64.0,64.0,1.0
runtime/bytes64_1/write_native/65536,15,1,runtime/bytes64_1/write_native/65536,iteration,5,2,1,25291,1113.5898145585986,1112.3985212130785,ns,6474496.0,256.0,230133351.59851718,64.0,960.0,7040.0,1.0,64.0,64.0,64.0,1.0
runtime/bytes64_1/write_native/65536,15,1,runtime/bytes64_1/write_native/65536,iteration,5,3,1,25291,1114.0986912343392,1114.1034755446572,ns,6474496.0,256.0,229781169.89972413,64.0,960.0,7040.0,1.0,64.0,64.0,64.0,1.0
runtime/bytes64_1/write_native/65536,15,1,runtime/bytes64_1/write_native/65536,iteration,5,4,1,25291,1114.7969633468488,1112.6002135146948,ns,6474496.0,256.0,230091632.99663422,64.0,960.0,7040.0,1.0,64.0,64.0,64.0,1.0
runtime/bytes64_1/prepare_read,16,0,runtime/bytes64_1/prepare_read,iteration,5,0,1,108075,258.38046726808653,258.32618089290423,ns,0.0,1.0,3871074.919868752,,960.0,7040.0,108075.0,,,,0.0
runtime/bytes64_1/prepare_read,16,0,runtime/bytes64_1/prepare_read,iteration,5,1,1,108075,258.3909229701557,258.2234651862097,ns,0.0,1.0,3872614.7497048015,,960.0,7040.0,108075.0,,,,0.0
runtime/bytes64_1/prepare_read,16,0,runtime/bytes64_1/prepare_read,iteration,5,2,1,108075,258.29201943088304,258.27667823271133,ns,0.0,1.0,3871816.8703524377,,960.0,7040.0,108075.0,,,,0.0
runtime/bytes64_1/prepare_read,16,0,runtime/bytes64_1/prepare_read,iteration,5,3,1,108075,258.2253897756594,258.2063474439065,ns,0.0,1.0,3872871.483987212,,960.0,7040.0,108075.0,,,,0.0
runtime/bytes64_1/prepare_read,16,0,runtime/bytes64_1/prepare_read,iteration,5,4,1,108075,258.44301642381265,258.42749942169604,ns,0.0,1.0,3869557.234573643,,960.0,7040.0,108075.0,,,,0.0
runtime/bytes64_1/prepare_write,17,0,runtime/bytes64_1/prepare_write,iteration,5,0,1,59145,473.3434778932017,473.3419731169205,ns,0.0,1.0,2112637.494230814,,960.0,7040.0,0.0,,,,59145.0
runtime/bytes64_1/prepare_write,17,0,runtime/bytes64_1/prepare_write,iteration,5,1,1,59145,473.23237805382183,473.1429875729129,ns,0.0,1.0,2113525.9874181203,,960.0,7040.0,0.0,,,,59145.0
runtime/bytes64_1/prepare_write,17,0,runtime/bytes64_1/prepare_write,iteration,5,2,1,59145,472.8974554061914,472.89611970580376,ns,0.0,1.0,2114629.3199066976,,960.0,7040.0,0.0,,,,59145.0
runtime/bytes64_1/prepare_write,17,0,runtime/bytes64_1/prepare_write,iteration,5,3,1,59145,471.8243131286658,471.73052667174727,ns,0.0,1.0,2119854.3309363737,,960.0,7040.0,0.0,,,,59145.0
runtime/bytes64_1/prepare_write,17,0,runtime/bytes64_1/prepare_write,iteration,5,4,1,59145,473.2362837094368,472.8442133739077,ns,0.0,1.0,2114861.4527069135,,960.0,7040.0,0.0,,,,59145.0
runtime/bytes64_2/read_inline/1024,18,0,runtime/bytes64_2/read_inline/1024,iteration,5,0,1,46301,606.0342109242284,605.9988121206953,ns,11853056.0,256.0,422443072.2960115,64.0,960.0,7040.0,1.0,64.0,64.0,64.0,1.0
runtime/bytes64_2/read_inline/1024,18,0,runtime/bytes64_2/read_inline/1024,iteration,5,1,1,46301,605.854949137126,605.7169823545879,ns,11853056.0,256.0,422639627.8421283,64.0,960.0,7040.0,1.0,64.0,64.0,64.0,1.0
runtime/bytes64_2/read_inline/1024,18,0,runtime/bytes64_2/read_inline/1024,iteration,5,2,1,46301,605.9458758989707,605.574415239408,ns,11853056.0,256.0,422739127.607947,64.0,960.0,7040.0,1.0,64.0,64.0,64.0,1.0
runtime/bytes64_2/read_inline/1024,18,0,runtime/bytes64_2/read_inline/1024,iteration,5,3,1,46301,606.9544934234005,606.5668344096123,ns,11853056.0,256.0,422047473.54703563,64.0,960.0,7040.0,1.0,64.0,64.0,64.0,1.0
runtime/bytes64_2/read_inline/1024,18,0,runtime/bytes64_2/read_inline/1024,iteration,5,4,1,46301,607.7045852142925,607.0923090214018,ns,11853056.0,256.0,421682166.2798816,64.0,960.0,7040.0,1.0,64.0,64.0,64.0,1.0
runtime/bytes64_2/read_inline/65536,18,1,runtime/bytes64_2/read_inline/65536,iteration,5,0,1,32577,860.1016054269753,860.1163704453982,ns,8339712.0,256.0,297634144.39773345,64.0,960.0,7040.0,1.0,64.0,64.0,64.0,1.0
runtime/bytes64_2/read_inline/65536,18,1,runtime/bytes64_2/read_inline/65536,iteration,5,1,1,32577,862.8305246033453,862.2488872517267,ns,8339712.0,256.0,296898034.645144,64.0,960.0,7040.0,1.0,64.0,64.0,64.0,1.0
runtime/bytes64_2/read_inline/65536,18,1,runtime/bytes64_2/read_inline/65536,iteration,5,2,1,32577,861.6041992817549,860.9452067409534,ns,8339712.0,256.0,297347610.50481915,64.0,960.0,7040.0,1.0,64.0,64.0,64.0,1.0
runtime/bytes64_2/read_inline/65536,18,1,runtime/bytes64_2/read_inline/65536,iteration,5,3,1,32577,861.3438929309216,860.3493876047479,ns,8339712.0,256.0,297553533.1206729,64.0,960.0,7040.0,1.0,64.0,64.0,64.0,1.0
runtime/bytes64_2/read_inline/65536,18,1,runtime/bytes64_2/read_inline/65536,iteration,5,4,1,32577,861.2683795313205,860.6984068514612,ns,8339712.0,256.0,297432873.0739481,64.0,960.0,7040.0,1.0,64.0,64.0,64.0,1.0
runtime/bytes64_2/read_bound/1024,19,0,runtime/bytes64_2/read_bound/1024,iteration,5,0,1,40006,711.5795630655653,711.0856371544122,ns,10241536.0,256.0,360012896.6525724,64.0,960.0,7040.0,1.0,64.0,64.0,64.0,1.0
runtime/bytes64_2/read_bound/1024,19,0,runtime/bytes64_2/read_bound/1024,iteration,5,1,1,40006,702.7078438234604,702.7056441533844,ns,10241536.0,256.0,364306167.3546501,64.0,960.0,7040.0,1.0,64.0,64.0,64.0,1.0
runtime/bytes64_2/read_bound/1024,19,0,runtime/bytes64_2/read_bound/1024,iteration,5,2,1,40006,699.1203819428769,699.0709143628505,ns,10241536.0,256.0,366200330.6679185,64.0,960.0,7040.0,1.0,64.0,64.0,64.0,1.0
runtime/bytes64_2/read_bound/1024,19,0,runtime/bytes64_2/read_bound/1024,iteration,5,3,1,40006,701.6592511124569,701.5638154276836,ns,10241536.0,256.0,364899093.09809345,64.0,960.0,7040.0,1.0,64.0,64.0,64.0,1.0
runtime/bytes64_2/read_bound/1024,19,0,runtime/bytes64_2/read_bound/1024,iteration,5,4,1,40006,697.7650602411525,697.645628155763,ns,10241536.0,256.0,366948475.9429224,64.0,960.0,7040.0,1.0,64.0,64.0,64.0,1.0
runtime/bytes64_2/read_bound/65536,19,1,runtime/bytes64_2/read_bound/65536,iteration,5,0,1,29871,936.7985671724443,936.1518194904875,ns,7646976.0,256.0,273459918.22066987,64.0,960.0,7040.0,1.0,64.0,64.0,64.0,1.0
runtime/bytes64_2/read_bound/65536,19,1,runtime/bytes64_2/read_bound/65536,iteration,5,1,1,29871,936.5203709281753,936.5317866827575,ns,7646976.0,256.0,273348970.78802294,64.0,960.0,7040.0,1.0,64.0,64.0,64.0,1.0
runtime/bytes64_2/read_bound/65536,19,1,runtime/bytes64_2/read_bound/65536,iteration,5,2,1,29871,938.2116433998721,937.5535134411269,ns,7646976.0,256.0,273051080.63687646,64.0,960.0,7040.0,1.0,64.0,64.0,64.0,1.0
runtime/bytes64_2/read_bound/65536,19,1,runtime/bytes64_2/read_bound/65536,iteration,5,3,1,29871,937.8778748615641,937.1802417060081,ns,7646976.0,256.0,273159834.7976128,64.0,960.0,7040.0,1.0,64.0,64.0,64.0,1.0
runtime/bytes64_2/read_bound/65536,19,1,runtime/bytes64_2/read_bound/65536,iteration,5,4,1,29871,938.2059522615523,937.9529309363702,ns,7646976.0,256.0,272934804.67557365,64.0,960.0,7040.0,1.0,64.0,64.0,64.0,1.0
runtime/bytes64_2/weighted_bound/1024,20,0,runtime/bytes64_2/weighted_bound/1024,iteration,5,0,1,24219,1155.8280275818831,1154.9767124984742,ns,6200064.0,256.0,221649490.61718696,64.0,960.0,7040.0,1.0,64.0,64.0,64.0,1.0
runtime/bytes64_2/weighted_bound/1024,20,0,runtime/bytes64_2/weighted_bound/1024,iteration,5,1,1,24219,1156.6274412653406,1154.0237829802913,ns,6200064.0,256.0,221832516.60453174,64.0,960.0,7040.0,1.0,64.0,64.0,64.0,1.0
runtime/bytes64_2/weighted_bound/1024,20,0,runtime/bytes64_2/weighted_bound/1024,iteration,5,2,1,24219,1156.6926793017103,1156.6890045005932,ns,6200064.0,256.0,221321374.2016415,64.0,960.0,7040.0,1.0,64.0,64.0,64.0,1.0
runtime/bytes64_2/weighted_bound/1024,20,0,runtime/bytes64_2/weighted_bound/1024,iteration,5,3,1,24219,1152.083446880471,1151.9758041207328,ns,6200064.0,256.0,222226889.73523784,64.0,960.0,7040.0,1.0,64.0,64.0,64.0,1.0
runtime/bytes64_2/weighted_bound/1024,20,0,runtime/bytes64_2/weighted_bound/1024,iteration,5,4,1,24219,1150.2881621865445,1150.284941574802,ns,6200064.0,256.0,222553552.38287503,64.0,960.0,7040.0,1.0,64.0,64.0,64.0,1.0
runtime/bytes64_2/weighted_bound/65536,20,1,runtime/bytes64_2/weighted_bound/65536,iteration,5,0,1,19365,1445.3028143561435,1445.3024528789012,ns,4957440.0,256.0,177125555.61645457,64.0,960.0,7040.0,1.0,64.0,64.0,64.0,1.0
runtime/bytes64_2/weighted_bound/65536,20,1,runtime/bytes64_2/weighted_bound/65536,iteration,5,1,1,19365,1447.1979860574318,1444.525277562608,ns,4957440.0,256.0,177220851.7056598,64.0,960.0,7040.0,1.0,64.0,64.0,64.0,1.0
runtime/bytes64_2/weighted_bound/65536,20,1,runtime/bytes64_2/weighted_bound/65536,iteration,5,2,1,19365,1449.0978569585122,1446.1147430932222,ns,4957440.0,256.0,177026063.26550484,64.0,960.0,7040.0,1.0,64.0,64.0,64.0,1.0
runtime/bytes64_2/weighted_bound/65536,20,1,runtime/bytes64_2/weighted_bound/65536,iteration,5,3,1,19365,1443.8590240123465,1443.8694552027216,ns,4957440.0,256.0,177301347.4850863,64.0,960.0,7040.0,1.0,64.0,64.0,64.0,1.0
runtime/bytes64_2/weighted_bound/65536,20,1,runtime/bytes64_2/weighted_bound/65536,iteration,5,4,1,19365,1444.8473534728478,1443.49558481794,ns,4957440.0,256.0,177347269.1517015,64.0,960.0,7040.0,1.0,64.0,64.0,64.0,1.0
runtime/bytes64_2/scalar64/1024,21,0,runtime/bytes64_2/scalar64/1024,iteration,5,0,1,4953,5648.348273772001,5640.523319200361,ns,1267968.0,256.0,45385859.70003441,64.0,960.0,7040.0,1.0,64.0,64.0,64.0,1.0
runtime/bytes64_2/scalar64/1024,21,0,runtime/bytes64_2/scalar64/1024,iteration,5,1,1,4953,5646.866545527986,5646.202503533344,ns,1267968.0,256.0,45340208.72255245,64.0,960.0,7040.0,1.0,64.0,64.0,64.0,1.0
runtime/bytes64_2/scalar64/1024,21,0,runtime/bytes64_2/scalar64/1024,iteration,5,2,1,4953,5659.1439531613205,5658.780940844029,ns,1267968.0,256.0,45239425.713096544,64.0,960.0,7040.0,1.0,64.0,64.0,64.0,1.0
runtime/bytes64_2/scalar64/1024,21,0,runtime/bytes64_2/scalar64/1024,iteration,5,3,1,4953,5633.629921259957,5632.92973955171,ns,1267968.0,256.0,45447042.98413164,64.0,960.0,7040.0,1.0,64.0,64.0,64.0,1.0
runtime/bytes64_2/scalar64/1024,21,0,runtime/bytes64_2/scalar64/1024,iteration,5,4,1,4953,5640.490409852278,5635.611144760714,ns,1267968.0,256.0,45425419.430862755,64.0,960.0,7040.0,1.0,64.0,64.0,64.0,1.0
runtime/bytes64_2/scalar64/65536,21,1,runtime/bytes64_2/scalar64/65536,iteration,5,0,1,4052,6923.158933859457,6909.911648568572,ns,1037312.0,256.0,37048230.57369075,64.0,960.0,7040.0,1.0,64.0,64.0,64.0,1.0
runtime/bytes64_2/scalar64/65536,21,1,runtime/bytes64_2/scalar64/65536,iteration,5,1,1,4052,6889.0422013847,6889.087117472879,ns,1037312.0,256.0,37160221.03287154,64.0,960.0,7040.0,1.0,64.0,64.0,64.0,1.0
runtime/bytes64_2/scalar64/65536,21,1,runtime/bytes64_2/scalar64/65536,iteration,5,2,1,4052,6921.157453110195,6908.008637709881,ns,1037312.0,256.0,37058436.58077246,64.0,960.0,7040.0,1.0,64.0,64.0,64.0,1.0
runtime/bytes64_2/scalar64/65536,21,1,runtime/bytes64_2/scalar64/65536,iteration,5,3,1,4052,6897.475074038247,6897.542201381965,ns,1037312.0,256.0,37114669.620826505,64.0,960.0,7040.0,1.0,64.0,64.0,64.0,1.0
runtime/bytes64_2/scalar64/65536,21,1,runtime/bytes64_2/scalar64/65536,iteration,5,4,1,4052,6898.862043435099,6894.279615004969,ns,1037312.0,256.0,37132233.43057221,64.0,960.0,7040.0,1.0,64.0,64.0,64.0,1.0
runtime/bytes64_2/scalar8_projection/1024,22,0,runtime/bytes64_2/scalar8_projection/1024,iteration,5,0,1,31988,877.3314680506289,876.7157058897097,ns,8188928.0,256.0,291998875.2114413,64.0,960.0,7040.0,1.0,64.0,64.0,64.0,1.0
runtime/bytes64_2/scalar8_projection/1024,22,0,runtime/bytes64_2/scalar8_projection/1024,iteration,5,1,1,31988,877.8791734401532,876.9870263848819,ns,8188928.0,256.0,291908537.1824528,64.0,960.0,7040.0,1.0,64.0,64.0,64.0,1.0
runtime/bytes64_2/scalar8_projection/1024,22,0,runtime/bytes64_2/scalar8_projection/1024,iteration,5,2,1,31988,877.3130236340014,877.1596223584086,ns,8188928.0,256.0,291851099.2465611,64.0,960.0,7040.0,1.0,64.0,64.0,64.0,1.0
runtime/bytes64_2/scalar8_projection/1024,22,0,runtime/bytes64_2/scalar8_projection/1024,iteration,5,3,1,31988,875.0515818429159,875.0491434287808,ns,8188928.0,256.0,292554997.536359,64.0,960.0,7040.0,1.0,64.0,64.0,64.0,1.0
runtime/bytes64_2/scalar8_projection/1024,22,0,runtime/bytes64_2/scalar8_projection/1024,iteration,5,4,1,31988,875.7074527950348,875.6568400650162,ns,8188928.0,256.0,292351967.4453664,64.0,960.0,7040.0,1.0,64.0,64.0,64.0,1.0
runtime/bytes64_2/scalar8_projection/65536,22,1,runtime/bytes64_2/scalar8_projection/65536,iteration,5,0,1,25602,1094.6371377232736,1093.694320756174,ns,6554112.0,256.0,234069058.54919595,64.0,960.0,7040.0,1.0,64.0,64.0,64.0,1.0
runtime/bytes64_2/scalar8_projection/65536,22,1,runtime/bytes64_2/scalar8_projection/65536,iteration,5,1,1,25602,1092.6688930553637,1091.9694555112774,ns,6554112.0,256.0,234438791.95333058,64.0,960.0,7040.0,1.0,64.0,64.0,64.0,1.0
runtime/bytes64_2/scalar8_projection/65536,22,1,runtime/bytes64_2/scalar8_projection/65536,iteration,5,2,1,25602,1092.7583391922917,1091.6163580970078,ns,6554112.0,256.0,234514624.2094425,64.0,960.0,7040.0,1.0,64.0,64.0,64.0,1.0
runtime/bytes64_2/scalar8_projection/65536,22,1,runtime/bytes64_2/scalar8_projection/65536,iteration,5,3,1,25602,1094.1019842201838,1093.3213030231966,ns,6554112.0,256.0,234148917.88179907,64.0,960.0,7040.0,1.0,64.0,64.0,64.0,1.0
runtime/bytes64_2/scalar8_projection/65536,22,1,runtime/bytes64_2/scalar8_projection/65536,iteration,5,4,1,25602,1093.3297789233854,1093.0045308960362,ns,6554112.0,256.0,234216778.39718863,64.0,960.0,7040.0,1.0,64.0,64.0,64.0,1.0
runtime/bytes64_2/write_scalar/1024,23,0,runtime/bytes64_2/write_scalar/1024,iteration,5,0,1,1910,14687.356020947009,14687.314659686113,ns,488960.0,256.0,17430007.18182142,64.0,960.0,7040.0,1.0,64.0,64.0,64.0,1.0
runtime/bytes64_2/write_scalar/1024,23,0,runtime/bytes64_2/write_scalar/1024,iteration,5,1,1,1910,14649.706806285954,14648.372251309129,ns,488960.0,256.0,17476344.5117338,64.0,960.0,7040.0,1.0,64.0,64.0,64.0,1.0
runtime/bytes64_2/write_scalar/1024,23,0,runtime/bytes64_2/write_scalar/1024,iteration,5,2,1,1910,14638.078534036029,14638.037696334919,ns,488960.0,256.0,17488682.930779543,64.0,960.0,7040.0,1.0,64.0,64.0,64.0,1.0
runtime/bytes64_2/write_scalar/1024,23,0,runtime/bytes64_2/write_scalar/1024,iteration,5,3,1,1910,14655.356020940602,14639.571204188256,ns,488960.0,256.0,17486850.975987643,64.0,960.0,7040.0,1.0,64.0,64.0,64.0,1.0
runtime/bytes64_2/write_scalar/1024,23,0,runtime/bytes64_2/write_scalar/1024,iteration,5,4,1,1910,14660.057591623348,14643.692146596746,ns,488960.0,256.0,17481929.928409174,64.0,960.0,7040.0,1.0,64.0,64.0,64.0,1.0
runtime/bytes64_2/write_scalar/65536,23,1,runtime/bytes64_2/write_scalar/65536,iteration,5,0,1,1894,14670.670010560621,14659.768743400504,ns,484864.0,256.0,17462758.415970605,64.0,960.0,7040.0,1.0,64.0,64.0,64.0,1.0
runtime/bytes64_2/write_scalar/65536,23,1,runtime/bytes64_2/write_scalar/65536,iteration,5,1,1,1894,14658.906019001017,14659.097676873977,ns,484864.0,256.0,17463557.828928493,64.0,960.0,7040.0,1.0,64.0,64.0,64.0,1.0
runtime/bytes64_2/write_scalar/65536,23,1,runtime/bytes64_2/write_scalar/65536,iteration,5,2,1,1894,14685.643611406305,14672.32893347401,ns,484864.0,256.0,17447809.48959997,64.0,960.0,7040.0,1.0,64.0,64.0,64.0,1.0
runtime/bytes64_2/write_scalar/65536,23,1,runtime/bytes64_2/write_scalar/65536,iteration,5,3,1,1894,14804.614572333325,14804.784582893455,ns,484864.0,256.0,17291707.188755814,64.0,960.0,7040.0,1.0,64.0,64.0,64.0,1.0
runtime/bytes64_2/write_scalar/65536,23,1,runtime/bytes64_2/write_scalar/65536,iteration,5,4,1,1894,14766.451425553316,14753.432946146071,ns,484864.0,256.0,17351893.68701289,64.0,960.0,7040.0,1.0,64.0,64.0,64.0,1.0
runtime/bytes64_2/write_native/1024,24,0,runtime/bytes64_2/write_native/1024,iteration,5,0,1,25284,1092.5932605599128,1091.4547539946143,ns,6472704.0,256.0,234549347.15622962,64.0,960.0,7040.0,1.0,64.0,64.0,64.0,1.0
runtime/bytes64_2/write_native/1024,24,0,runtime/bytes64_2/write_native/1024,iteration,5,1,1,25284,1098.33092074049,1097.4146100300795,ns,6472704.0,256.0,233275552.9771771,64.0,960.0,7040.0,1.0,64.0,64.0,64.0,1.0
runtime/bytes64_2/write_native/1024,24,0,runtime/bytes64_2/write_native/1024,iteration,5,2,1,25284,1092.455624109837,1092.314151241893,ns,6472704.0,256.0,234364811.35847592,64.0,960.0,7040.0,1.0,64.0,64.0,64.0,1.0
runtime/bytes64_2/write_native/1024,24,0,runtime/bytes64_2/write_native/1024,iteration,5,3,1,25284,1101.5317592152471,1101.2660575858342,ns,6472704.0,256.0,232459720.55217636,64.0,960.0,7040.0,1.0,64.0,64.0,64.0,1.0
runtime/bytes64_2/write_native/1024,24,0,runtime/bytes64_2/write_native/1024,iteration,5,4,1,25284,1094.0499129888524,1094.0464720772143,ns,6472704.0,256.0,233993716.47709346,64.0,960.0,7040.0,1.0,64.0,64.0,64.0,1.0
runtime/bytes64_2/write_native/65536,24,1,runtime/bytes64_2/write_native/65536,iteration,5,0,1,25096,1110.1111332487458,1110.1343640420841,ns,6424576.0,256.0,230602716.47468367,64.0,960.0,7040.0,1.0,64.0,64.0,64.0,1.0
runtime/bytes64_2/write_native/65536,24,1,runtime/bytes64_2/write_native/65536,iteration,5,1,1,25096,1115.8196525343276,1111.104239719499,ns,6424576.0,256.0,230401424.86057642,64.0,960.0,7040.0,1.0,64.0,64.0,64.0,1.0
runtime/bytes64_2/write_native/65536,24,1,runtime/bytes64_2/write_native/65536,iteration,5,2,1,25096,1110.525143449005,1109.2469716289288,ns,6424576.0,256.0,230787197.57428238,64.0,960.0,7040.0,1.0,64.0,64.0,64.0,1.0
runtime/bytes64_2/write_native/65536,24,1,runtime/bytes64_2/write_native/65536,iteration,5,3,1,25096,1108.1540086068196,1105.6631335671013,ns,6424576.0,256.0,231535259.002523,64.0,960.0,7040.0,1.0,64.0,64.0,64.0,1.0
runtime/bytes64_2/write_native/65536,24,1,runtime/bytes64_2/write_native/65536,iteration,5,4,1,25096,1111.0962703222106,1110.2168473063434,ns,6424576.0,256.0,230585583.90743065,64.0,960.0,7040.0,1.0,64.0,64.0,64.0,1.0
runtime/bytes64_2/prepare_read,25,0,runtime/bytes64_2/prepare_read,iteration,5,0,1,108156,258.0695754280815,258.0691963460164,ns,0.0,1.0,3874929.7248913464,,960.0,7040.0,108156.0,,,,0.0
runtime/bytes64_2/prepare_read,25,0,runtime/bytes64_2/prepare_read,iteration,5,1,1,108156,258.3352102518251,258.1336310514518,ns,0.0,1.0,3873962.474113563,,960.0,7040.0,108156.0,,,,0.0
runtime/bytes64_2/prepare_read,25,0,runtime/bytes64_2/prepare_read,iteration,5,2,1,108156,257.7700913494835,257.7697122674676,ns,0.0,1.0,3879431.7268833267,,960.0,7040.0,108156.0,,,,0.0
runtime/bytes64_2/prepare_read,25,0,runtime/bytes64_2/prepare_read,iteration,5,3,1,108156,258.12061281853585,257.8196493953129,ns,0.0,1.0,3878680.319150957,,960.0,7040.0,108156.0,,,,0.0
runtime/bytes64_2/prepare_read,25,0,runtime/bytes64_2/prepare_read,iteration,5,4,1,108156,257.7025962498779,257.7021247087563,ns,0.0,1.0,3880449.1857805075,,960.0,7040.0,108156.0,,,,0.0
runtime/bytes64_2/prepare_write,26,0,runtime/bytes64_2/prepare_write,iteration,5,0,1,53411,525.1686543970374,525.1678680421514,ns,0.0,1.0,1904153.0543901008,,960.0,7040.0,0.0,,,,53411.0
runtime/bytes64_2/prepare_write,26,0,runtime/bytes64_2/prepare_write,iteration,5,1,1,53411,524.2424219730616,524.2132145063796,ns,0.0,1.0,1907620.7396672375,,960.0,7040.0,0.0,,,,53411.0
runtime/bytes64_2/prepare_write,26,0,runtime/bytes64_2/prepare_write,iteration,5,2,1,53411,524.5221583567507,524.427777049669,ns,0.0,1.0,1906840.2624014502,,960.0,7040.0,0.0,,,,53411.0
runtime/bytes64_2/prepare_write,26,0,runtime/bytes64_2/prepare_write,iteration,5,3,1,53411,524.9992136453473,524.9692198236297,ns,0.0,1.0,1904873.5854188998,,960.0,7040.0,0.0,,,,53411.0
runtime/bytes64_2/prepare_write,26,0,runtime/bytes64_2/prepare_write,iteration,5,4,1,53411,524.0194529215861,524.0184980621874,ns,0.0,1.0,1908329.5793907754,,960.0,7040.0,0.0,,,,53411.0
runtime/motif16_0/read_inline/1024,27,0,runtime/motif16_0/read_inline/1024,iteration,5,0,1,44713,594.835730101034,594.4890971305812,ns,11446528.0,256.0,430621858.72816586,16.0,960.0,7040.0,1.0,16.0,16.0,16.0,1.0
runtime/motif16_0/read_inline/1024,27,0,runtime/motif16_0/read_inline/1024,iteration,5,1,1,44713,602.304922505605,602.2550488672101,ns,11446528.0,256.0,425069080.75160843,16.0,960.0,7040.0,1.0,16.0,16.0,16.0,1.0
runtime/motif16_0/read_inline/1024,27,0,runtime/motif16_0/read_inline/1024,iteration,5,2,1,44713,613.4321338313428,613.1776217207484,ns,11446528.0,256.0,417497297.57193714,16.0,960.0,7040.0,1.0,16.0,16.0,16.0,1.0
runtime/motif16_0/read_inline/1024,27,0,runtime/motif16_0/read_inline/1024,iteration,5,3,1,44713,622.3085456130186,622.20879833605,ns,11446528.0,256.0,411437447.822357,16.0,960.0,7040.0,1.0,16.0,16.0,16.0,1.0
runtime/motif16_0/read_inline/1024,27,0,runtime/motif16_0/read_inline/1024,iteration,5,4,1,44713,602.3767360722709,602.376065126465,ns,11446528.0,256.0,424983685.14402115,16.0,960.0,7040.0,1.0,16.0,16.0,16.0,1.0
runtime/motif16_0/read_inline/65536,27,1,runtime/motif16_0/read_inline/65536,iteration,5,0,1,46396,611.0514484007158,610.0095266833395,ns,11877376.0,256.0,419665577.01465464,16.0,960.0,7040.0,1.0,16.0,16.0,16.0,1.0
runtime/motif16_0/read_inline/65536,27,1,runtime/motif16_0/read_inline/65536,iteration,5,1,1,46396,616.5855677214078,599.6014958185932,ns,11877376.0,256.0,426950235.75700295,16.0,960.0,7040.0,1.0,16.0,16.0,16.0,1.0
runtime/motif16_0/read_inline/65536,27,1,runtime/motif16_0/read_inline/65536,iteration,5,2,1,46396,601.4566557462161,600.4075997930946,ns,11877376.0,256.0,426377014.69505,16.0,960.0,7040.0,1.0,16.0,16.0,16.0,1.0
runtime/motif16_0/read_inline/65536,27,1,runtime/motif16_0/read_inline/65536,iteration,5,3,1,46396,587.9757091128398,587.518988705908,ns,11877376.0,256.0,435730597.514602,16.0,960.0,7040.0,1.0,16.0,16.0,16.0,1.0
runtime/motif16_0/read_inline/65536,27,1,runtime/motif16_0/read_inline/65536,iteration,5,4,1,46396,601.4236787653168,601.4283774463202,ns,11877376.0,256.0,425653343.9392773,16.0,960.0,7040.0,1.0,16.0,16.0,16.0,1.0
runtime/motif16_0/read_bound/1024,28,0,runtime/motif16_0/read_bound/1024,iteration,5,0,1,40249,694.7723670151287,692.7332852989998,ns,10303744.0,256.0,369550598.2356607,16.0,960.0,7040.0,1.0,16.0,16.0,16.0,1.0
runtime/motif16_0/read_bound/1024,28,0,runtime/motif16_0/read_bound/1024,iteration,5,1,1,40249,699.2492484285527,699.2482297696639,ns,10303744.0,256.0,366107469.5667485,16.0,960.0,7040.0,1.0,16.0,16.0,16.0,1.0
runtime/motif16_0/read_bound/1024,28,0,runtime/motif16_0/read_bound/1024,iteration,5,2,1,40249,700.6348729161923,700.3478595741323,ns,10303744.0,256.0,365532637.10360813,16.0,960.0,7040.0,1.0,16.0,16.0,16.0,1.0
runtime/motif16_0/read_bound/1024,28,0,runtime/motif16_0/read_bound/1024,iteration,5,3,1,40249,694.6739794775301,694.6329598250929,ns,10303744.0,256.0,368539955.35204697,16.0,960.0,7040.0,1.0,16.0,16.0,16.0,1.0
runtime/motif16_0/read_bound/1024,28,0,runtime/motif16_0/read_bound/1024,iteration,5,4,1,40249,698.6892345154334,697.8148773882748,ns,10303744.0,256.0,366859475.6221537,16.0,960.0,7040.0,1.0,16.0,16.0,16.0,1.0
runtime/motif16_0/read_bound/65536,28,1,runtime/motif16_0/read_bound/65536,iteration,5,0,1,40436,695.6460332377342,695.3868087842665,ns,10351616.0,256.0,368140431.7225411,16.0,960.0,7040.0,1.0,16.0,16.0,16.0,1.0
runtime/motif16_0/read_bound/65536,28,1,runtime/motif16_0/read_bound/65536,iteration,5,1,1,40436,697.8403650213342,697.4498219408418,ns,10351616.0,256.0,367051495.24249804,16.0,960.0,7040.0,1.0,16.0,16.0,16.0,1.0
runtime/motif16_0/read_bound/65536,28,1,runtime/motif16_0/read_bound/65536,iteration,5,2,1,40436,693.3159313481248,693.322311801363,ns,10351616.0,256.0,369236638.77896965,16.0,960.0,7040.0,1.0,16.0,16.0,16.0,1.0
runtime/motif16_0/read_bound/65536,28,1,runtime/motif16_0/read_bound/65536,iteration,5,3,1,40436,702.4009298643509,701.9824413888579,ns,10351616.0,256.0,364681486.1829154,16.0,960.0,7040.0,1.0,16.0,16.0,16.0,1.0
runtime/motif16_0/read_bound/65536,28,1,runtime/motif16_0/read_bound/65536,iteration,5,4,1,40436,696.0044020180718,695.8525076664561,ns,10351616.0,256.0,367894053.9547625,16.0,960.0,7040.0,1.0,16.0,16.0,16.0,1.0
runtime/motif16_0/weighted_bound/1024,29,0,runtime/motif16_0/weighted_bound/1024,iteration,5,0,1,28626,975.0060085236885,974.4149374693952,ns,7328256.0,256.0,262721752.46496624,16.0,960.0,7040.0,1.0,16.0,16.0,16.0,1.0
runtime/motif16_0/weighted_bound/1024,29,0,runtime/motif16_0/weighted_bound/1024,iteration,5,1,1,28626,977.6033326349575,974.5577796408763,ns,7328256.0,256.0,262683245.00404254,16.0,960.0,7040.0,1.0,16.0,16.0,16.0,1.0
runtime/motif16_0/weighted_bound/1024,29,0,runtime/motif16_0/weighted_bound/1024,iteration,5,2,1,28626,973.1723957242058,973.170614127033,ns,7328256.0,256.0,263057675.89338964,16.0,960.0,7040.0,1.0,16.0,16.0,16.0,1.0
runtime/motif16_0/weighted_bound/1024,29,0,runtime/motif16_0/weighted_bound/1024,iteration,5,3,1,28626,967.2633969121338,967.1934954237153,ns,7328256.0,256.0,264683335.04233256,16.0,960.0,7040.0,1.0,16.0,16.0,16.0,1.0
runtime/motif16_0/weighted_bound/1024,29,0,runtime/motif16_0/weighted_bound/1024,iteration,5,4,1,28626,969.4481240833011,969.4463424858179,ns,7328256.0,256.0,264068250.89831623,16.0,960.0,7040.0,1.0,16.0,16.0,16.0,1.0
runtime/motif16_0/weighted_bound/65536,29,1,runtime/motif16_0/weighted_bound/65536,iteration,5,0,1,27015,1035.3759763090416,1035.3859707569375,ns,6915840.0,256.0,247250790.7489288,16.0,960.0,7040.0,1.0,16.0,16.0,16.0,1.0
runtime/motif16_0/weighted_bound/65536,29,1,runtime/motif16_0/weighted_bound/65536,iteration,5,1,1,27015,1035.1309642790625,1034.4202109938929,ns,6915840.0,256.0,247481630.07568246,16.0,960.0,7040.0,1.0,16.0,16.0,16.0,1.0
runtime/motif16_0/weighted_bound/65536,29,1,runtime/motif16_0/weighted_bound/65536,iteration,5,2,1,27015,1034.3017582820382,1034.3087914121656,ns,6915840.0,256.0,247508289.71537337,16.0,960.0,7040.0,1.0,16.0,16.0,16.0,1.0
runtime/motif16_0/weighted_bound/65536,29,1,runtime/motif16_0/weighted_bound/65536,iteration,5,3,1,27015,1036.519044975015,1034.721488062195,ns,6915840.0,256.0,247409571.5161299,16.0,960.0,7040.0,1.0,16.0,16.0,16.0,1.0
runtime/motif16_0/weighted_bound/65536,29,1,runtime/motif16_0/weighted_bound/65536,iteration,5,4,1,27015,1035.4759578013188,1035.4822135850684,ns,6915840.0,256.0,247227810.03999227,16.0,960.0,7040.0,1.0,16.0,16.0,16.0,1.0
runtime/motif16_0/scalar64/1024,30,0,runtime/motif16_0/scalar64/1024,iteration,5,0,1,6165,4572.947931872559,4569.062611516657,ns,1578240.0,256.0,56028998.01695281,16.0,960.0,7040.0,1.0,16.0,16.0,16.0,1.0
runtime/motif16_0/scalar64/1024,30,0,runtime/motif16_0/scalar64/1024,iteration,5,1,1,6165,4558.670397406693,4558.368532035749,ns,1578240.0,256.0,56160443.851974264,16.0,960.0,7040.0,1.0,16.0,16.0,16.0,1.0
runtime/motif16_0/scalar64/1024,30,0,runtime/motif16_0/scalar64/1024,iteration,5,2,1,6165,4566.506569342236,4566.498296837198,ns,1578240.0,256.0,56060461.070862144,16.0,960.0,7040.0,1.0,16.0,16.0,16.0,1.0
runtime/motif16_0/scalar64/1024,30,0,runtime/motif16_0/scalar64/1024,iteration,5,3,1,6165,4551.0905109495625,4550.817680454446,ns,1578240.0,256.0,56253626.92500477,16.0,960.0,7040.0,1.0,16.0,16.0,16.0,1.0
runtime/motif16_0/scalar64/1024,30,0,runtime/motif16_0/scalar64/1024,iteration,5,4,1,6165,4542.558475263654,4542.550202757751,ns,1578240.0,256.0,56356008.9758797,16.0,960.0,7040.0,1.0,16.0,16.0,16.0,1.0
runtime/motif16_0/scalar64/65536,30,1,runtime/motif16_0/scalar64/65536,iteration,5,0,1,5589,5015.2376095897,5006.750939345109,ns,1430784.0,256.0,51130963.593225025,16.0,960.0,7040.0,1.0,16.0,16.0,16.0,1.0
runtime/motif16_0/scalar64/65536,30,1,runtime/motif16_0/scalar64/65536,iteration,5,1,1,5589,5857.927178385527,5154.068706387508,ns,1430784.0,256.0,49669496.97095339,16.0,960.0,7040.0,1.0,16.0,16.0,16.0,1.0
runtime/motif16_0/scalar64/65536,30,1,runtime/motif16_0/scalar64/65536,iteration,5,2,1,5589,5002.278225083884,5002.2118446950135,ns,1430784.0,256.0,51177360.72523502,16.0,960.0,7040.0,1.0,16.0,16.0,16.0,1.0
runtime/motif16_0/scalar64/65536,30,1,runtime/motif16_0/scalar64/65536,iteration,5,3,1,5589,5024.031669349099,5012.322776883291,ns,1430784.0,256.0,51074124.99064618,16.0,960.0,7040.0,1.0,16.0,16.0,16.0,1.0
runtime/motif16_0/scalar64/65536,30,1,runtime/motif16_0/scalar64/65536,iteration,5,4,1,5589,5005.62748255579,5005.6310610128185,ns,1430784.0,256.0,51142402.80189608,16.0,960.0,7040.0,1.0,16.0,16.0,16.0,1.0
runtime/motif16_0/scalar8_projection/1024,31,0,runtime/motif16_0/scalar8_projection/1024,iteration,5,0,1,35450,788.81362482382,788.8124400563939,ns,9075200.0,256.0,324538492.29570717,16.0,960.0,7040.0,1.0,16.0,16.0,16.0,1.0
runtime/motif16_0/scalar8_projection/1024,31,0,runtime/motif16_0/scalar8_projection/1024,iteration,5,1,1,35450,789.8883779972359,788.7766431594006,ns,9075200.0,256.0,324553220.76298606,16.0,960.0,7040.0,1.0,16.0,16.0,16.0,1.0
runtime/motif16_0/scalar8_projection/1024,31,0,runtime/motif16_0/scalar8_projection/1024,iteration,5,2,1,35450,788.508660084873,788.4304936530252,ns,9075200.0,256.0,324695711.3668681,16.0,960.0,7040.0,1.0,16.0,16.0,16.0,1.0
runtime/motif16_0/scalar8_projection/1024,31,0,runtime/motif16_0/scalar8_projection/1024,iteration,5,3,1,35450,789.7580535963114,789.6573201692829,ns,9075200.0,256.0,324191257.98152536,16.0,960.0,7040.0,1.0,16.0,16.0,16.0,1.0
runtime/motif16_0/scalar8_projection/1024,31,0,runtime/motif16_0/scalar8_projection/1024,iteration,5,4,1,35450,789.2395768689207,789.2381100141246,ns,9075200.0,256.0,324363454.76958597,16.0,960.0,7040.0,1.0,16.0,16.0,16.0,1.0
runtime/motif16_0/scalar8_projection/65536,31,1,runtime/motif16_0/scalar8_projection/65536,iteration,5,0,1,26517,1054.0963532828628,1054.1049515404916,ns,6788352.0,256.0,242860067.80053172,16.0,960.0,7040.0,1.0,16.0,16.0,16.0,1.0
runtime/motif16_0/scalar8_projection/65536,31,1,runtime/motif16_0/scalar8_projection/65536,iteration,5,1,1,26517,1055.2929441486936,1054.6155673718904,ns,6788352.0,256.0,242742481.63997224,16.0,960.0,7040.0,1.0,16.0,16.0,16.0,1.0
runtime/motif16_0/scalar8_projection/65536,31,1,runtime/motif16_0/scalar8_projection/65536,iteration,5,2,1,26517,1058.0507976018857,1056.1070633933232,ns,6788352.0,256.0,242399666.5427647,16.0,960.0,7040.0,1.0,16.0,16.0,16.0,1.0
runtime/motif16_0/scalar8_projection/65536,31,1,runtime/motif16_0/scalar8_projection/65536,iteration,5,3,1,26517,1057.3908058983716,1055.432062450551,ns,6788352.0,256.0,242554693.10417512,16.0,960.0,7040.0,1.0,16.0,16.0,16.0,1.0
runtime/motif16_0/scalar8_projection/65536,31,1,runtime/motif16_0/scalar8_projection/65536,iteration,5,4,1,26517,1054.396123242042,1053.6841271636922,ns,6788352.0,256.0,242957062.17868257,16.0,960.0,7040.0,1.0,16.0,16.0,16.0,1.0
runtime/motif16_0/write_scalar/1024,32,0,runtime/motif16_0/write_scalar/1024,iteration,5,0,1,4888,5762.889320786034,5762.878887070313,ns,1251328.0,256.0,44422241.90662165,16.0,960.0,7040.0,1.0,16.0,16.0,16.0,1.0
runtime/motif16_0/write_scalar/1024,32,0,runtime/motif16_0/write_scalar/1024,iteration,5,1,1,4888,5753.06117021406,5749.709901800165,ns,1251328.0,256.0,44523985.448352695,16.0,960.0,7040.0,1.0,16.0,16.0,16.0,1.0
runtime/motif16_0/write_scalar/1024,32,0,runtime/motif16_0/write_scalar/1024,iteration,5,2,1,4888,5788.992021275207,5788.981382978634,ns,1251328.0,256.0,44221942.18014206,16.0,960.0,7040.0,1.0,16.0,16.0,16.0,1.0
runtime/motif16_0/write_scalar/1024,32,0,runtime/motif16_0/write_scalar/1024,iteration,5,3,1,4888,5798.683101472489,5790.577332242267,ns,1251328.0,256.0,44209754.107691005,16.0,960.0,7040.0,1.0,16.0,16.0,16.0,1.0
runtime/motif16_0/write_scalar/1024,32,0,runtime/motif16_0/write_scalar/1024,iteration,5,4,1,4888,5784.978314240533,5778.290098199891,ns,1251328.0,256.0,44303763.85563467,16.0,960.0,7040.0,1.0,16.0,16.0,16.0,1.0
runtime/motif16_0/write_scalar/65536,32,1,runtime/motif16_0/write_scalar/65536,iteration,5,0,1,4846,5768.69438712397,5759.907552620787,ns,1240576.0,256.0,44445157.784436785,16.0,960.0,7040.0,1.0,16.0,16.0,16.0,1.0
runtime/motif16_0/write_scalar/65536,32,1,runtime/motif16_0/write_scalar/65536,iteration,5,1,1,4846,5803.770738753245,5799.705323978669,ns,1240576.0,256.0,44140173.62943897,16.0,960.0,7040.0,1.0,16.0,16.0,16.0,1.0
runtime/motif16_0/write_scalar/65536,32,1,runtime/motif16_0/write_scalar/65536,iteration,5,2,1,4846,5735.03136607406,5735.064176640357,ns,1240576.0,256.0,44637687.06246051,16.0,960.0,7040.0,1.0,16.0,16.0,16.0,1.0
runtime/motif16_0/write_scalar/65536,32,1,runtime/motif16_0/write_scalar/65536,iteration,5,3,1,4846,5753.700577793608,5749.90528270756,ns,1240576.0,256.0,44522472.530095786,16.0,960.0,7040.0,1.0,16.0,16.0,16.0,1.0
runtime/motif16_0/write_scalar/65536,32,1,runtime/motif16_0/write_scalar/65536,iteration,5,4,1,4846,5772.115765579064,5772.11947998337,ns,1240576.0,256.0,44351126.28693153,16.0,960.0,7040.0,1.0,16.0,16.0,16.0,1.0
runtime/motif16_0/write_native/1024,33,0,runtime/motif16_0/write_native/1024,iteration,5,0,1,15942,1766.8362187930568,1766.8329569690086,ns,4081152.0,256.0,144892022.18593797,16.0,960.0,7040.0,1.0,16.0,16.0,16.0,1.0
runtime/motif16_0/write_native/1024,33,0,runtime/motif16_0/write_native/1024,iteration,5,1,1,15942,1758.6383766147865,1758.5065863756288,ns,4081152.0,256.0,145578072.88491818,16.0,960.0,7040.0,1.0,16.0,16.0,16.0,1.0
runtime/motif16_0/write_native/1024,33,0,runtime/motif16_0/write_native/1024,iteration,5,2,1,15942,1786.2579350152214,1784.3490151800993,ns,4081152.0,256.0,143469689.9665457,16.0,960.0,7040.0,1.0,16.0,16.0,16.0,1.0
runtime/motif16_0/write_native/1024,33,0,runtime/motif16_0/write_native/1024,iteration,5,3,1,15942,1772.0030736419603,1771.7909923472132,ns,4081152.0,256.0,144486568.17069557,16.0,960.0,7040.0,1.0,16.0,16.0,16.0,1.0
runtime/motif16_0/write_native/1024,33,0,runtime/motif16_0/write_native/1024,iteration,5,4,1,15942,1760.74225316754,1760.6354911555488,ns,4081152.0,256.0,145402044.4810986,16.0,960.0,7040.0,1.0,16.0,16.0,16.0,1.0
runtime/motif16_0/write_native/65536,33,1,runtime/motif16_0/write_native/65536,iteration,5,0,1,15841,1778.2168423711325,1776.9239315700493,ns,4055296.0,256.0,144069194.77628076,16.0,960.0,7040.0,1.0,16.0,16.0,16.0,1.0
runtime/motif16_0/write_native/65536,33,1,runtime/motif16_0/write_native/65536,iteration,5,1,1,15841,1776.4101382483482,1776.4328009595652,ns,4055296.0,256.0,144109025.60553825,16.0,960.0,7040.0,1.0,16.0,16.0,16.0,1.0
runtime/motif16_0/write_native/65536,33,1,runtime/motif16_0/write_native/65536,iteration,5,2,1,15841,1768.027460387418,1766.3999747491264,ns,4055296.0,256.0,144927538.30363843,16.0,960.0,7040.0,1.0,16.0,16.0,16.0,1.0
runtime/motif16_0/write_native/65536,33,1,runtime/motif16_0/write_native/65536,iteration,5,3,1,15841,1769.4736443401225,1767.5204848179098,ns,4055296.0,256.0,144835662.273172,16.0,960.0,7040.0,1.0,16.0,16.0,16.0,1.0
runtime/motif16_0/write_native/65536,33,1,runtime/motif16_0/write_native/65536,iteration,5,4,1,15841,1789.0242408937593,1787.8140268922346,ns,4055296.0,256.0,143191627.4004215,16.0,960.0,7040.0,1.0,16.0,16.0,16.0,1.0
runtime/motif16_0/prepare_read,34,0,runtime/motif16_0/prepare_read,iteration,5,0,1,122538,228.51966736846654,228.1676785976648,ns,0.0,1.0,4382741.701831183,,960.0,7040.0,122538.0,,,,0.0
runtime/motif16_0/prepare_read,34,0,runtime/motif16_0/prepare_read,iteration,5,1,1,122538,228.07848993790665,228.05066183551912,ns,0.0,1.0,4384990.562848035,,960.0,7040.0,122538.0,,,,0.0
runtime/motif16_0/prepare_read,34,0,runtime/motif16_0/prepare_read,iteration,5,2,1,122538,228.14084610494285,228.12671171391065,ns,0.0,1.0,4383528.752450879,,960.0,7040.0,122538.0,,,,0.0
runtime/motif16_0/prepare_read,34,0,runtime/motif16_0/prepare_read,iteration,5,3,1,122538,228.09204491676118,228.09171032660367,ns,0.0,1.0,4384201.418666657,,960.0,7040.0,122538.0,,,,0.0
runtime/motif16_0/prepare_read,34,0,runtime/motif16_0/prepare_read,iteration,5,4,1,122538,227.9756646918186,227.96015113678834,ns,0.0,1.0,4386731.606437418,,960.0,7040.0,122538.0,,,,0.0
runtime/motif16_0/prepare_write,35,0,runtime/motif16_0/prepare_write,iteration,5,0,1,56362,497.67490507801574,497.17346793937924,ns,0.0,1.0,2011370.4058759843,,960.0,7040.0,0.0,,,,56362.0
runtime/motif16_0/prepare_write,35,0,runtime/motif16_0/prepare_write,iteration,5,1,1,56362,500.7024768461082,500.7017494056054,ns,0.0,1.0,1997196.9364739049,,960.0,7040.0,0.0,,,,56362.0
runtime/motif16_0/prepare_write,35,0,runtime/motif16_0/prepare_write,iteration,5,2,1,56362,497.36370249443155,497.3333451616439,ns,0.0,1.0,2010723.8127678302,,960.0,7040.0,0.0,,,,56362.0
runtime/motif16_0/prepare_write,35,0,runtime/motif16_0/prepare_write,iteration,5,3,1,56362,498.30635889434546,498.2750966963454,ns,0.0,1.0,2006923.49794357,,960.0,7040.0,0.0,,,,56362.0
runtime/motif16_0/prepare_write,35,0,runtime/motif16_0/prepare_write,iteration,5,4,1,56362,498.81929314077917,498.78379049711606,ns,0.0,1.0,2004876.7001897627,,960.0,7040.0,0.0,,,,56362.0
runtime/motif16_1/read_inline/1024,36,0,runtime/motif16_1/read_inline/1024,iteration,5,0,1,45757,607.5318093404597,606.9388727408,ns,11713792.0,256.0,421788769.01385695,16.0,960.0,7040.0,1.0,16.0,16.0,16.0,1.0
runtime/motif16_1/read_inline/1024,36,0,runtime/motif16_1/read_inline/1024,iteration,5,1,1,45757,596.2871473217759,596.2198352164676,ns,11713792.0,256.0,429371827.099739,16.0,960.0,7040.0,1.0,16.0,16.0,16.0,1.0
runtime/motif16_1/read_inline/1024,36,0,runtime/motif16_1/read_inline/1024,iteration,5,2,1,45757,631.0683611251765,631.0324540507509,ns,11713792.0,256.0,405684364.3408096,16.0,960.0,7040.0,1.0,16.0,16.0,16.0,1.0
runtime/motif16_1/read_inline/1024,36,0,runtime/motif16_1/read_inline/1024,iteration,5,3,1,45757,600.8853508753366,600.4655244006299,ns,11713792.0,256.0,426335883.7387591,16.0,960.0,7040.0,1.0,16.0,16.0,16.0,1.0
runtime/motif16_1/read_inline/1024,36,0,runtime/motif16_1/read_inline/1024,iteration,5,4,1,45757,584.34794676222,584.30908931965,ns,11713792.0,256.0,438124281.61622113,16.0,960.0,7040.0,1.0,16.0,16.0,16.0,1.0
runtime/motif16_1/read_inline/65536,36,1,runtime/motif16_1/read_inline/65536,iteration,5,0,1,47144,595.5612379094705,591.2996563719768,ns,12068864.0,256.0,432944611.4863876,16.0,960.0,7040.0,1.0,16.0,16.0,16.0,1.0
runtime/motif16_1/read_inline/65536,36,1,runtime/motif16_1/read_inline/65536,iteration,5,1,1,47144,596.9353470218042,596.2827082979647,ns,12068864.0,256.0,429326553.39063734,16.0,960.0,7040.0,1.0,16.0,16.0,16.0,1.0
runtime/motif16_1/read_inline/65536,36,1,runtime/motif16_1/read_inline/65536,iteration,5,2,1,47144,612.946970982436,611.6691837773941,ns,12068864.0,256.0,418526888.04601693,16.0,960.0,7040.0,1.0,16.0,16.0,16.0,1.0
runtime/motif16_1/read_inline/65536,36,1,runtime/motif16_1/read_inline/65536,iteration,5,3,1,47144,607.2162311217287,607.2170795859278,ns,12068864.0,256.0,421595519.3068202,16.0,960.0,7040.0,1.0,16.0,16.0,16.0,1.0
runtime/motif16_1/read_inline/65536,36,1,runtime/motif16_1/read_inline/65536,iteration,5,4,1,47144,610.0851009672994,609.6691413541461,ns,12068864.0,256.0,419899881.15749836,16.0,960.0,7040.0,1.0,16.0,16.0,16.0,1.0
runtime/motif16_1/read_bound/1024,37,0,runtime/motif16_1/read_bound/1024,iteration,5,0,1,39997,698.9794234569416,698.5171887891574,ns,10239232.0,256.0,366490623.4358563,16.0,960.0,7040.0,1.0,16.0,16.0,16.0,1.0
runtime/motif16_1/read_bound/1024,37,0,runtime/motif16_1/read_bound/1024,iteration,5,1,1,39997,698.5518913918371,698.5506662999871,ns,10239232.0,256.0,366473059.6507123,16.0,960.0,7040.0,1.0,16.0,16.0,16.0,1.0
runtime/motif16_1/read_bound/1024,37,0,runtime/motif16_1/read_bound/1024,iteration,5,2,1,39997,698.5711428356894,698.5269395204696,ns,10239232.0,256.0,366485507.5965158,16.0,960.0,7040.0,1.0,16.0,16.0,16.0,1.0
runtime/motif16_1/read_bound/1024,37,0,runtime/motif16_1/read_bound/1024,iteration,5,3,1,39997,698.1658374377363,698.1643873290802,ns,10239232.0,256.0,366675821.11909443,16.0,960.0,7040.0,1.0,16.0,16.0,16.0,1.0
runtime/motif16_1/read_bound/1024,37,0,runtime/motif16_1/read_bound/1024,iteration,5,4,1,39997,696.659499462374,696.6162962221981,ns,10239232.0,256.0,367490685.17102885,16.0,960.0,7040.0,1.0,16.0,16.0,16.0,1.0
runtime/motif16_1/read_bound/65536,37,1,runtime/motif16_1/read_bound/65536,iteration,5,0,1,40085,697.4519146809986,696.9297991767629,ns,10261760.0,256.0,367325375.24209166,16.0,960.0,7040.0,1.0,16.0,16.0,16.0,1.0
runtime/motif16_1/read_bound/65536,37,1,runtime/motif16_1/read_bound/65536,iteration,5,1,1,40085,695.0719471125411,694.3180990395401,ns,10261760.0,256.0,368707081.6015431,16.0,960.0,7040.0,1.0,16.0,16.0,16.0,1.0
runtime/motif16_1/read_bound/65536,37,1,runtime/motif16_1/read_bound/65536,iteration,5,2,1,40085,696.6289135588879,696.0297118622813,ns,10261760.0,256.0,367800390.75494665,16.0,960.0,7040.0,1.0,16.0,16.0,16.0,1.0
runtime/motif16_1/read_bound/65536,37,1,runtime/motif16_1/read_bound/65536,iteration,5,3,1,40085,695.2897592615769,695.286815517012,ns,10261760.0,256.0,368193376.1531773,16.0,960.0,7040.0,1.0,16.0,16.0,16.0,1.0
runtime/motif16_1/read_bound/65536,37,1,runtime/motif16_1/read_bound/65536,iteration,5,4,1,40085,693.3800673568036,692.9260820755866,ns,10261760.0,256.0,369447776.06462604,16.0,960.0,7040.0,1.0,16.0,16.0,16.0,1.0
runtime/motif16_1/weighted_bound/1024,38,0,runtime/motif16_1/weighted_bound/1024,iteration,5,0,1,28737,969.9397988655261,969.3545603229202,ns,7356672.0,256.0,264093253.88093182,16.0,960.0,7040.0,1.0,16.0,16.0,16.0,1.0
runtime/motif16_1/weighted_bound/1024,38,0,runtime/motif16_1/weighted_bound/1024,iteration,5,1,1,28737,970.2564289942917,970.0449246615822,ns,7356672.0,256.0,263905303.24078572,16.0,960.0,7040.0,1.0,16.0,16.0,16.0,1.0
runtime/motif16_1/weighted_bound/1024,38,0,runtime/motif16_1/weighted_bound/1024,iteration,5,2,1,28737,967.7976128338664,967.6417510526632,ns,7356672.0,256.0,264560721.6942703,16.0,960.0,7040.0,1.0,16.0,16.0,16.0,1.0
runtime/motif16_1/weighted_bound/1024,38,0,runtime/motif16_1/weighted_bound/1024,iteration,5,3,1,28737,972.1564533527145,971.2520792010147,ns,7356672.0,256.0,263577299.32541755,16.0,960.0,7040.0,1.0,16.0,16.0,16.0,1.0
runtime/motif16_1/weighted_bound/1024,38,0,runtime/motif16_1/weighted_bound/1024,iteration,5,4,1,28737,973.4676201412395,972.3399102202642,ns,7356672.0,256.0,263282415.2430484,16.0,960.0,7040.0,1.0,16.0,16.0,16.0,1.0
runtime/motif16_1/weighted_bound/65536,38,1,runtime/motif16_1/weighted_bound/65536,iteration,5,0,1,27033,1036.8068656823864,1036.0896311914642,ns,6920448.0,256.0,247082870.33585078,16.0,960.0,7040.0,1.0,16.0,16.0,16.0,1.0
runtime/motif16_1/weighted_bound/65536,38,1,runtime/motif16_1/weighted_bound/65536,iteration,5,1,1,27033,1035.4699811341768,1035.4722376354796,ns,6920448.0,256.0,247230191.88286576,16.0,960.0,7040.0,1.0,16.0,16.0,16.0,1.0
runtime/motif16_1/weighted_bound/65536,38,1,runtime/motif16_1/weighted_bound/65536,iteration,5,2,1,27033,1036.6507601819278,1035.7556320053134,ns,6920448.0,256.0,247162546.92659664,16.0,960.0,7040.0,1.0,16.0,16.0,16.0,1.0
runtime/motif16_1/weighted_bound/65536,38,1,runtime/motif16_1/weighted_bound/65536,iteration,5,3,1,27033,1036.486479487905,1036.4895498094866,ns,6920448.0,256.0,246987536.0027069,16.0,960.0,7040.0,1.0,16.0,16.0,16.0,1.0
runtime/motif16_1/weighted_bound/65536,38,1,runtime/motif16_1/weighted_bound/65536,iteration,5,4,1,27033,1037.7312913848318,1035.686457292918,ns,6920448.0,256.0,247179055.2028014,16.0,960.0,7040.0,1.0,16.0,16.0,16.0,1.0
runtime/motif16_1/scalar64/1024,39,0,runtime/motif16_1/scalar64/1024,iteration,5,0,1,6147,4562.85505124595,4554.739222384692,ns,1573632.0,256.0,56205193.64574465,16.0,960.0,7040.0,1.0,16.0,16.0,16.0,1.0
runtime/motif16_1/scalar64/1024,39,0,runtime/motif16_1/scalar64/1024,iteration,5,1,1,6147,4548.005531153779,4547.997559785261,ns,1573632.0,256.0,56288508.6534847,16.0,960.0,7040.0,1.0,16.0,16.0,16.0,1.0
runtime/motif16_1/scalar64/1024,39,0,runtime/motif16_1/scalar64/1024,iteration,5,2,1,6147,4549.590043923565,4549.269887750207,ns,1573632.0,256.0,56272766.02984794,16.0,960.0,7040.0,1.0,16.0,16.0,16.0,1.0
runtime/motif16_1/scalar64/1024,39,0,runtime/motif16_1/scalar64/1024,iteration,5,3,1,6147,4550.352855052218,4547.000325362103,ns,1573632.0,256.0,56300853.67975278,16.0,960.0,7040.0,1.0,16.0,16.0,16.0,1.0
runtime/motif16_1/scalar64/1024,39,0,runtime/motif16_1/scalar64/1024,iteration,5,4,1,6147,4552.386530015695,4550.960143159046,ns,1573632.0,256.0,56251865.96828724,16.0,960.0,7040.0,1.0,16.0,16.0,16.0,1.0
runtime/motif16_1/scalar64/65536,39,1,runtime/motif16_1/scalar64/65536,iteration,5,0,1,5576,5031.086800573816,5026.244799139229,ns,1427456.0,256.0,50932656.53193838,16.0,960.0,7040.0,1.0,16.0,16.0,16.0,1.0
runtime/motif16_1/scalar64/65536,39,1,runtime/motif16_1/scalar64/65536,iteration,5,1,1,5576,5021.214131994138,5021.269906743217,ns,1427456.0,256.0,50983118.76368362,16.0,960.0,7040.0,1.0,16.0,16.0,16.0,1.0
runtime/motif16_1/scalar64/65536,39,1,runtime/motif16_1/scalar64/65536,iteration,5,2,1,5576,5036.599713055826,5027.799677187958,ns,1427456.0,256.0,50916905.29388404,16.0,960.0,7040.0,1.0,16.0,16.0,16.0,1.0
runtime/motif16_1/scalar64/65536,39,1,runtime/motif16_1/scalar64/65536,iteration,5,3,1,5576,5016.945659971622,5016.940638450404,ns,1427456.0,256.0,51027113.6233877,16.0,960.0,7040.0,1.0,16.0,16.0,16.0,1.0
runtime/motif16_1/scalar64/65536,39,1,runtime/motif16_1/scalar64/65536,iteration,5,4,1,5576,5027.517934003142,5018.1565638452075,ns,1427456.0,256.0,51014749.48877197,16.0,960.0,7040.0,1.0,16.0,16.0,16.0,1.0
runtime/motif16_1/scalar8_projection/1024,40,0,runtime/motif16_1/scalar8_projection/1024,iteration,5,0,1,35494,790.6849326647206,789.1827069363997,ns,9086464.0,256.0,324386226.09178776,16.0,960.0,7040.0,1.0,16.0,16.0,16.0,1.0
runtime/motif16_1/scalar8_projection/1024,40,0,runtime/motif16_1/scalar8_projection/1024,iteration,5,1,1,35494,789.7506620840478,789.748999830985,ns,9086464.0,256.0,324153623.5624063,16.0,960.0,7040.0,1.0,16.0,16.0,16.0,1.0
runtime/motif16_1/scalar8_projection/1024,40,0,runtime/motif16_1/scalar8_projection/1024,iteration,5,2,1,35494,789.7748915312812,789.4588381134758,ns,9086464.0,256.0,324272764.63425046,16.0,960.0,7040.0,1.0,16.0,16.0,16.0,1.0
runtime/motif16_1/scalar8_projection/1024,40,0,runtime/motif16_1/scalar8_projection/1024,iteration,5,3,1,35494,789.512565503962,789.5109314250277,ns,9086464.0,256.0,324251368.5503161,16.0,960.0,7040.0,1.0,16.0,16.0,16.0,1.0
runtime/motif16_1/scalar8_projection/1024,40,0,runtime/motif16_1/scalar8_projection/1024,iteration,5,4,1,35494,790.4468360850352,789.6684510057729,ns,9086464.0,256.0,324186688.3170295,16.0,960.0,7040.0,1.0,16.0,16.0,16.0,1.0
runtime/motif16_1/scalar8_projection/65536,40,1,runtime/motif16_1/scalar8_projection/65536,iteration,5,0,1,26541,1055.1135978296968,1054.4128706529918,ns,6794496.0,256.0,242789145.62325162,16.0,960.0,7040.0,1.0,16.0,16.0,16.0,1.0
runtime/motif16_1/scalar8_projection/65536,40,1,runtime/motif16_1/scalar8_projection/65536,iteration,5,1,1,26541,1053.9602501789045,1053.9648845183442,ns,6794496.0,256.0,242892342.77192307,16.0,960.0,7040.0,1.0,16.0,16.0,16.0,1.0
runtime/motif16_1/scalar8_projection/65536,40,1,runtime/motif16_1/scalar8_projection/65536,iteration,5,2,1,26541,1054.6411212839687,1053.951697373906,ns,6794496.0,256.0,242895381.86414626,16.0,960.0,7040.0,1.0,16.0,16.0,16.0,1.0
runtime/motif16_1/scalar8_projection/65536,40,1,runtime/motif16_1/scalar8_projection/65536,iteration,5,3,1,26541,1053.4783919220224,1053.4754530725857,ns,6794496.0,256.0,243005187.49947682,16.0,960.0,7040.0,1.0,16.0,16.0,16.0,1.0
runtime/motif16_1/scalar8_projection/65536,40,1,runtime/motif16_1/scalar8_projection/65536,iteration,5,4,1,26541,1054.5940243397374,1053.9731359029408,ns,6794496.0,256.0,242890441.2071986,16.0,960.0,7040.0,1.0,16.0,16.0,16.0,1.0
runtime/motif16_1/write_scalar/1024,41,0,runtime/motif16_1/write_scalar/1024,iteration,5,0,1,4914,5721.471306469229,5717.708791208813,ns,1257984.0,256.0,44773179.14364743,16.0,960.0,7040.0,1.0,16.0,16.0,16.0,1.0
runtime/motif16_1/write_scalar/1024,41,0,runtime/motif16_1/write_scalar/1024,iteration,5,1,1,4914,5741.033984533229,5735.366707366613,ns,1257984.0,256.0,44635332.50126601,16.0,960.0,7040.0,1.0,16.0,16.0,16.0,1.0
runtime/motif16_1/write_scalar/1024,41,0,runtime/motif16_1/write_scalar/1024,iteration,5,2,1,4914,5742.558201057761,5741.915343915214,ns,1257984.0,256.0,44584426.04370451,16.0,960.0,7040.0,1.0,16.0,16.0,16.0,1.0
runtime/motif16_1/write_scalar/1024,41,0,runtime/motif16_1/write_scalar/1024,iteration,5,3,1,4914,5717.934472934731,5717.576516076799,ns,1257984.0,256.0,44774214.963310756,16.0,960.0,7040.0,1.0,16.0,16.0,16.0,1.0
runtime/motif16_1/write_scalar/1024,41,0,runtime/motif16_1/write_scalar/1024,iteration,5,4,1,4914,5740.187220187978,5739.862026861905,ns,1257984.0,256.0,44600375.20099769,16.0,960.0,7040.0,1.0,16.0,16.0,16.0,1.0
runtime/motif16_1/write_scalar/65536,41,1,runtime/motif16_1/write_scalar/65536,iteration,5,0,1,4851,5770.014430011982,5764.174809317605,ns,1241856.0,256.0,44412254.740467645,16.0,960.0,7040.0,1.0,16.0,16.0,16.0,1.0
runtime/motif16_1/write_scalar/65536,41,1,runtime/motif16_1/write_scalar/65536,iteration,5,1,1,4851,5743.539270252519,5743.527313955689,ns,1241856.0,256.0,44571913.04339551,16.0,960.0,7040.0,1.0,16.0,16.0,16.0,1.0
runtime/motif16_1/write_scalar/65536,41,1,runtime/motif16_1/write_scalar/65536,iteration,5,2,1,4851,5766.2438672436265,5756.339105339226,ns,1241856.0,256.0,44472710.05326113,16.0,960.0,7040.0,1.0,16.0,16.0,16.0,1.0
runtime/motif16_1/write_scalar/65536,41,1,runtime/motif16_1/write_scalar/65536,iteration,5,3,1,4851,5793.49206349139,5787.390434961672,ns,1241856.0,256.0,44234098.749153316,16.0,960.0,7040.0,1.0,16.0,16.0,16.0,1.0
runtime/motif16_1/write_scalar/65536,41,1,runtime/motif16_1/write_scalar/65536,iteration,5,4,1,4851,5760.91115233987,5757.367759224814,ns,1241856.0,256.0,44464764.23011555,16.0,960.0,7040.0,1.0,16.0,16.0,16.0,1.0
runtime/motif16_1/write_native/1024,42,0,runtime/motif16_1/write_native/1024,iteration,5,0,1,14904,1870.6823671497702,1869.6558641975894,ns,3815424.0,256.0,136923593.74909294,16.0,960.0,7040.0,1.0,16.0,16.0,16.0,1.0
runtime/motif16_1/write_native/1024,42,0,runtime/motif16_1/write_native/1024,iteration,5,1,1,14904,1861.1600241540655,1861.1561325818454,ns,3815424.0,256.0,137548911.40963545,16.0,960.0,7040.0,1.0,16.0,16.0,16.0,1.0
runtime/motif16_1/write_native/1024,42,0,runtime/motif16_1/write_native/1024,iteration,5,2,1,14904,1867.9729602787866,1863.8010601180931,ns,3815424.0,256.0,137353715.19950712,16.0,960.0,7040.0,1.0,16.0,16.0,16.0,1.0
runtime/motif16_1/write_native/1024,42,0,runtime/motif16_1/write_native/1024,iteration,5,3,1,14904,1858.619766505652,1858.075751476051,ns,3815424.0,256.0,137776944.66796318,16.0,960.0,7040.0,1.0,16.0,16.0,16.0,1.0
runtime/motif16_1/write_native/1024,42,0,runtime/motif16_1/write_native/1024,iteration,5,4,1,14904,1858.2534219003771,1856.3313204508231,ns,3815424.0,256.0,137906416.3706663,16.0,960.0,7040.0,1.0,16.0,16.0,16.0,1.0
runtime/motif16_1/write_native/65536,42,1,runtime/motif16_1/write_native/65536,iteration,5,0,1,15054,1850.5406536465064,1850.5567291085636,ns,3853824.0,256.0,138336748.05706626,16.0,960.0,7040.0,1.0,16.0,16.0,16.0,1.0
runtime/motif16_1/write_native/65536,42,1,runtime/motif16_1/write_native/65536,iteration,5,1,1,15054,1866.751693901719,1863.592467118348,ns,3853824.0,256.0,137369089.28154767,16.0,960.0,7040.0,1.0,16.0,16.0,16.0,1.0
runtime/motif16_1/write_native/65536,42,1,runtime/motif16_1/write_native/65536,iteration,5,2,1,15054,1862.6617510294104,1861.8328019131025,ns,3853824.0,256.0,137498920.27734742,16.0,960.0,7040.0,1.0,16.0,16.0,16.0,1.0
runtime/motif16_1/write_native/65536,42,1,runtime/motif16_1/write_native/65536,iteration,5,3,1,15054,1860.958549222313,1860.1428856117916,ns,3853824.0,256.0,137623836.30857632,16.0,960.0,7040.0,1.0,16.0,16.0,16.0,1.0
runtime/motif16_1/write_native/65536,42,1,runtime/motif16_1/write_native/65536,iteration,5,4,1,15054,1857.6557725521452,1857.6644745581505,ns,3853824.0,256.0,137807447.74208492,16.0,960.0,7040.0,1.0,16.0,16.0,16.0,1.0
runtime/motif16_1/prepare_read,43,0,runtime/motif16_1/prepare_read,iteration,5,0,1,123383,226.56792264733738,226.56745256640306,ns,0.0,1.0,4413696.6217904445,,960.0,7040.0,123383.0,,,,0.0
runtime/motif16_1/prepare_read,43,0,runtime/motif16_1/prepare_read,iteration,5,1,1,123383,227.5041942568319,226.97819796892387,ns,0.0,1.0,4405709.486410287,,960.0,7040.0,123383.0,,,,0.0
runtime/motif16_1/prepare_read,43,0,runtime/motif16_1/prepare_read,iteration,5,2,1,123383,226.91342405357972,226.91296207743278,ns,0.0,1.0,4406976.097111437,,960.0,7040.0,123383.0,,,,0.0
runtime/motif16_1/prepare_read,43,0,runtime/motif16_1/prepare_read,iteration,5,3,1,123383,227.2049634066724,226.84642130600778,ns,0.0,1.0,4408268.793674446,,960.0,7040.0,123383.0,,,,0.0
runtime/motif16_1/prepare_read,43,0,runtime/motif16_1/prepare_read,iteration,5,4,1,123383,226.21576716406483,226.15117966008225,ns,0.0,1.0,4421820.843486448,,960.0,7040.0,123383.0,,,,0.0
runtime/motif16_1/prepare_write,44,0,runtime/motif16_1/prepare_write,iteration,5,0,1,57206,487.3186204246067,487.2693773380242,ns,0.0,1.0,2052252.9149339274,,960.0,7040.0,0.0,,,,57206.0
runtime/motif16_1/prepare_write,44,0,runtime/motif16_1/prepare_write,iteration,5,1,1,57206,486.7293640527694,486.69931475720784,ns,0.0,1.0,2054656.6836627962,,960.0,7040.0,0.0,,,,57206.0
runtime/motif16_1/prepare_write,44,0,runtime/motif16_1/prepare_write,iteration,5,2,1,57206,487.16426598628306,487.1634443939502,ns,0.0,1.0,2052699.1741838057,,960.0,7040.0,0.0,,,,57206.0
runtime/motif16_1/prepare_write,44,0,runtime/motif16_1/prepare_write,iteration,5,3,1,57206,488.05999370705024,487.7009579414568,ns,0.0,1.0,2050436.8173089358,,960.0,7040.0,0.0,,,,57206.0
runtime/motif16_1/prepare_write,44,0,runtime/motif16_1/prepare_write,iteration,5,4,1,57206,488.58126769919494,488.58025381954127,ns,0.0,1.0,2046746.6545820604,,960.0,7040.0,0.0,,,,57206.0
runtime/motif16_2/read_inline/1024,45,0,runtime/motif16_2/read_inline/1024,iteration,5,0,1,45410,598.0036776041472,593.2145122219654,ns,11624960.0,256.0,431547095.9082193,16.0,960.0,7040.0,1.0,16.0,16.0,16.0,1.0
runtime/motif16_2/read_inline/1024,45,0,runtime/motif16_2/read_inline/1024,iteration,5,1,1,45410,581.4839462674562,581.4822726271505,ns,11624960.0,256.0,440254178.0738836,16.0,960.0,7040.0,1.0,16.0,16.0,16.0,1.0
runtime/motif16_2/read_inline/1024,45,0,runtime/motif16_2/read_inline/1024,iteration,5,2,1,45410,583.9076194670513,583.5642149306311,ns,11624960.0,256.0,438683513.22815603,16.0,960.0,7040.0,1.0,16.0,16.0,16.0,1.0
runtime/motif16_2/read_inline/1024,45,0,runtime/motif16_2/read_inline/1024,iteration,5,3,1,45410,583.8966306978526,583.8956177053489,ns,11624960.0,256.0,438434528.77083457,16.0,960.0,7040.0,1.0,16.0,16.0,16.0,1.0
runtime/motif16_2/read_inline/1024,45,0,runtime/motif16_2/read_inline/1024,iteration,5,4,1,45410,588.2983043382604,588.1808192028083,ns,11624960.0,256.0,435240306.4536684,16.0,960.0,7040.0,1.0,16.0,16.0,16.0,1.0
runtime/motif16_2/read_inline/65536,45,1,runtime/motif16_2/read_inline/65536,iteration,5,0,1,48142,597.0329857502487,595.7968509824958,ns,12324352.0,256.0,429676658.3741496,16.0,960.0,7040.0,1.0,16.0,16.0,16.0,1.0
runtime/motif16_2/read_inline/65536,45,1,runtime/motif16_2/read_inline/65536,iteration,5,1,1,48142,594.6078683896231,594.6059989198716,ns,12324352.0,256.0,430537196.84132934,16.0,960.0,7040.0,1.0,16.0,16.0,16.0,1.0
runtime/motif16_2/read_inline/65536,45,1,runtime/motif16_2/read_inline/65536,iteration,5,2,1,48142,577.913464334679,577.4205683187164,ns,12324352.0,256.0,443351023.5795701,16.0,960.0,7040.0,1.0,16.0,16.0,16.0,1.0
runtime/motif16_2/read_inline/65536,45,1,runtime/motif16_2/read_inline/65536,iteration,5,3,1,48142,591.8518341573343,591.5026795729449,ns,12324352.0,256.0,432796010.63654983,16.0,960.0,7040.0,1.0,16.0,16.0,16.0,1.0
runtime/motif16_2/read_inline/65536,45,1,runtime/motif16_2/read_inline/65536,iteration,5,4,1,48142,600.6439699224147,600.6450085164751,ns,12324352.0,256.0,426208486.494029,16.0,960.0,7040.0,1.0,16.0,16.0,16.0,1.0
runtime/motif16_2/read_bound/1024,46,0,runtime/motif16_2/read_bound/1024,iteration,5,0,1,45390,618.1683190129817,616.9998237497297,ns,11619840.0,256.0,414910977.5172965,16.0,960.0,7040.0,1.0,16.0,16.0,16.0,1.0
runtime/motif16_2/read_bound/1024,46,0,runtime/motif16_2/read_bound/1024,iteration,5,1,1,45390,635.6448997576822,620.1260189469261,ns,11619840.0,256.0,412819317.6521269,16.0,960.0,7040.0,1.0,16.0,16.0,16.0,1.0
runtime/motif16_2/read_bound/1024,46,0,runtime/motif16_2/read_bound/1024,iteration,5,2,1,45390,621.5664463535843,620.184005287514,ns,11619840.0,256.0,412780719.6209773,16.0,960.0,7040.0,1.0,16.0,16.0,16.0,1.0
runtime/motif16_2/read_bound/1024,46,0,runtime/motif16_2/read_bound/1024,iteration,5,3,1,45390,621.8979951531518,621.7656311963,ns,11619840.0,256.0,411730702.3024843,16.0,960.0,7040.0,1.0,16.0,16.0,16.0,1.0
runtime/motif16_2/read_bound/1024,46,0,runtime/motif16_2/read_bound/1024,iteration,5,4,1,45390,621.3600132185152,621.3584710288692,ns,11619840.0,256.0,412000498.8040243,16.0,960.0,7040.0,1.0,16.0,16.0,16.0,1.0
runtime/motif16_2/read_bound/65536,46,1,runtime/motif16_2/read_bound/65536,iteration,5,0,1,45218,623.8325445619416,623.3898447521152,ns,11575808.0,256.0,410657956.9030289,16.0,960.0,7040.0,1.0,16.0,16.0,16.0,1.0
runtime/motif16_2/read_bound/65536,46,1,runtime/motif16_2/read_bound/65536,iteration,5,1,1,45218,621.3401742668707,621.3382281392578,ns,11575808.0,256.0,412013921.5748107,16.0,960.0,7040.0,1.0,16.0,16.0,16.0,1.0
runtime/motif16_2/read_bound/65536,46,1,runtime/motif16_2/read_bound/65536,iteration,5,2,1,45218,622.1902782077196,621.7135211641374,ns,11575808.0,256.0,411765212.2486394,16.0,960.0,7040.0,1.0,16.0,16.0,16.0,1.0
runtime/motif16_2/read_bound/65536,46,1,runtime/motif16_2/read_bound/65536,iteration,5,3,1,45218,618.6538325445493,618.2715290371277,ns,11575808.0,256.0,414057558.8183473,16.0,960.0,7040.0,1.0,16.0,16.0,16.0,1.0
runtime/motif16_2/read_bound/65536,46,1,runtime/motif16_2/read_bound/65536,iteration,5,4,1,45218,617.6257242691075,616.9083329647217,ns,11575808.0,256.0,414972511.0207573,16.0,960.0,7040.0,1.0,16.0,16.0,16.0,1.0
runtime/motif16_2/weighted_bound/1024,47,0,runtime/motif16_2/weighted_bound/1024,iteration,5,0,1,32538,857.8553998401985,857.591154957266,ns,8329728.0,256.0,298510541.43947715,16.0,960.0,7040.0,1.0,16.0,16.0,16.0,1.0
runtime/motif16_2/weighted_bound/1024,47,0,runtime/motif16_2/weighted_bound/1024,iteration,5,1,1,32538,858.1673735324323,858.1655910013089,ns,8329728.0,256.0,298310725.4408777,16.0,960.0,7040.0,1.0,16.0,16.0,16.0,1.0
runtime/motif16_2/weighted_bound/1024,47,0,runtime/motif16_2/weighted_bound/1024,iteration,5,2,1,32538,860.6484725553482,860.5977933492886,ns,8329728.0,256.0,297467646.30164224,16.0,960.0,7040.0,1.0,16.0,16.0,16.0,1.0
runtime/motif16_2/weighted_bound/1024,47,0,runtime/motif16_2/weighted_bound/1024,iteration,5,3,1,32538,856.6398979655663,856.5862068965874,ns,8329728.0,256.0,298860754.39795864,16.0,960.0,7040.0,1.0,16.0,16.0,16.0,1.0
runtime/motif16_2/weighted_bound/1024,47,0,runtime/motif16_2/weighted_bound/1024,iteration,5,4,1,32538,847.4700043028986,847.4682217715023,ns,8329728.0,256.0,302076223.5365844,16.0,960.0,7040.0,1.0,16.0,16.0,16.0,1.0
runtime/motif16_2/weighted_bound/65536,47,1,runtime/motif16_2/weighted_bound/65536,iteration,5,0,1,32781,856.3588664162456,854.868094322912,ns,8391936.0,256.0,299461404.27987516,16.0,960.0,7040.0,1.0,16.0,16.0,16.0,1.0
runtime/motif16_2/weighted_bound/65536,47,1,runtime/motif16_2/weighted_bound/65536,iteration,5,1,1,32781,855.2783624661215,852.7632164974002,ns,8391936.0,256.0,300200565.69921297,16.0,960.0,7040.0,1.0,16.0,16.0,16.0,1.0
runtime/motif16_2/weighted_bound/65536,47,1,runtime/motif16_2/weighted_bound/65536,iteration,5,2,1,32781,857.6569049143711,857.6565998596968,ns,8391936.0,256.0,298487763.09991527,16.0,960.0,7040.0,1.0,16.0,16.0,16.0,1.0
runtime/motif16_2/weighted_bound/65536,47,1,runtime/motif16_2/weighted_bound/65536,iteration,5,3,1,32781,857.5845764311679,856.8100729080788,ns,8391936.0,256.0,298782668.521994,16.0,960.0,7040.0,1.0,16.0,16.0,16.0,1.0
runtime/motif16_2/weighted_bound/65536,47,1,runtime/motif16_2/weighted_bound/65536,iteration,5,4,1,32781,862.8406699004607,862.8562581983327,ns,8391936.0,256.0,296689045.9072928,16.0,960.0,7040.0,1.0,16.0,16.0,16.0,1.0
runtime/motif16_2/scalar64/1024,48,0,runtime/motif16_2/scalar64/1024,iteration,5,0,1,8265,3281.3486993354422,3276.590562613307,ns,2115840.0,256.0,78129993.69558775,16.0,960.0,7040.0,1.0,16.0,16.0,16.0,1.0
runtime/motif16_2/scalar64/1024,48,0,runtime/motif16_2/scalar64/1024,iteration,5,1,1,8265,3311.451663642509,3311.4459770116696,ns,2115840.0,256.0,77307617.81323719,16.0,960.0,7040.0,1.0,16.0,16.0,16.0,1.0
runtime/motif16_2/scalar64/1024,48,0,runtime/motif16_2/scalar64/1024,iteration,5,2,1,8265,3299.036660617827,3298.5470054446596,ns,2115840.0,256.0,77609929.33477691,16.0,960.0,7040.0,1.0,16.0,16.0,16.0,1.0
runtime/motif16_2/scalar64/1024,48,0,runtime/motif16_2/scalar64/1024,iteration,5,3,1,8265,3282.3916515438727,3278.9583787053784,ns,2115840.0,256.0,78073574.11504434,16.0,960.0,7040.0,1.0,16.0,16.0,16.0,1.0
runtime/motif16_2/scalar64/1024,48,0,runtime/motif16_2/scalar64/1024,iteration,5,4,1,8265,3342.4027828183316,3342.135632184016,ns,2115840.0,256.0,76597729.16897133,16.0,960.0,7040.0,1.0,16.0,16.0,16.0,1.0
runtime/motif16_2/scalar64/65536,48,1,runtime/motif16_2/scalar64/65536,iteration,5,0,1,7799,3591.87459930719,3589.1461725862373,ns,1996544.0,256.0,71326156.05218822,16.0,960.0,7040.0,1.0,16.0,16.0,16.0,1.0
runtime/motif16_2/scalar64/65536,48,1,runtime/motif16_2/scalar64/65536,iteration,5,1,1,7799,3506.0479548660496,3506.0932170790265,ns,1996544.0,256.0,73015742.63712162,16.0,960.0,7040.0,1.0,16.0,16.0,16.0,1.0
runtime/motif16_2/scalar64/65536,48,1,runtime/motif16_2/scalar64/65536,iteration,5,2,1,7799,3542.9488395950616,3539.729580715615,ns,1996544.0,256.0,72321908.82452816,16.0,960.0,7040.0,1.0,16.0,16.0,16.0,1.0
runtime/motif16_2/scalar64/65536,48,1,runtime/motif16_2/scalar64/65536,iteration,5,3,1,7799,3578.7830491089635,3578.7718938324065,ns,1996544.0,256.0,71532918.99972333,16.0,960.0,7040.0,1.0,16.0,16.0,16.0,1.0
runtime/motif16_2/scalar64/65536,48,1,runtime/motif16_2/scalar64/65536,iteration,5,4,1,7799,3582.9117835629713,3580.396461084653,ns,1996544.0,256.0,71500461.68977802,16.0,960.0,7040.0,1.0,16.0,16.0,16.0,1.0
runtime/motif16_2/scalar8_projection/1024,49,0,runtime/motif16_2/scalar8_projection/1024,iteration,5,0,1,35414,793.3630767494221,792.0110973061567,ns,9065984.0,256.0,323227794.2452133,16.0,960.0,7040.0,1.0,16.0,16.0,16.0,1.0
runtime/motif16_2/scalar8_projection/1024,49,0,runtime/motif16_2/scalar8_projection/1024,iteration,5,1,1,35414,791.6292991471466,791.4689670751612,ns,9065984.0,256.0,323449194.6614619,16.0,960.0,7040.0,1.0,16.0,16.0,16.0,1.0
runtime/motif16_2/scalar8_projection/1024,49,0,runtime/motif16_2/scalar8_projection/1024,iteration,5,2,1,35414,790.2987519058028,790.19881967587,ns,9065984.0,256.0,323969099.45399326,16.0,960.0,7040.0,1.0,16.0,16.0,16.0,1.0
runtime/motif16_2/scalar8_projection/1024,49,0,runtime/motif16_2/scalar8_projection/1024,iteration,5,3,1,35414,790.3786638054438,790.3770260349349,ns,9065984.0,256.0,323896054.1202329,16.0,960.0,7040.0,1.0,16.0,16.0,16.0,1.0
runtime/motif16_2/scalar8_projection/1024,49,0,runtime/motif16_2/scalar8_projection/1024,iteration,5,4,1,35414,791.8865420452514,791.0197097193601,ns,9065984.0,256.0,323632896.6958665,16.0,960.0,7040.0,1.0,16.0,16.0,16.0,1.0
runtime/motif16_2/scalar8_projection/65536,49,1,runtime/motif16_2/scalar8_projection/65536,iteration,5,0,1,26501,1126.6471076562275,1066.013433455314,ns,6784256.0,256.0,240147067.53761676,16.0,960.0,7040.0,1.0,16.0,16.0,16.0,1.0
runtime/motif16_2/scalar8_projection/65536,49,1,runtime/motif16_2/scalar8_projection/65536,iteration,5,1,1,26501,1055.6771065244575,1055.6753330062634,ns,6784256.0,256.0,242498798.63251588,16.0,960.0,7040.0,1.0,16.0,16.0,16.0,1.0
runtime/motif16_2/scalar8_projection/65536,49,1,runtime/motif16_2/scalar8_projection/65536,iteration,5,2,1,26501,1057.670653937414,1055.3368552130523,ns,6784256.0,256.0,242576575.18112406,16.0,960.0,7040.0,1.0,16.0,16.0,16.0,1.0
runtime/motif16_2/scalar8_projection/65536,49,1,runtime/motif16_2/scalar8_projection/65536,iteration,5,3,1,26501,1057.0416210709666,1056.218331383701,ns,6784256.0,256.0,242374130.79607004,16.0,960.0,7040.0,1.0,16.0,16.0,16.0,1.0
runtime/motif16_2/scalar8_projection/65536,49,1,runtime/motif16_2/scalar8_projection/65536,iteration,5,4,1,26501,1055.057167654277,1055.0636579751967,ns,6784256.0,256.0,242639387.74206004,16.0,960.0,7040.0,1.0,16.0,16.0,16.0,1.0
runtime/motif16_2/write_scalar/1024,50,0,runtime/motif16_2/write_scalar/1024,iteration,5,0,1,5748,4857.059672929549,4853.5283576896345,ns,1471488.0,256.0,52745133.25844882,16.0,960.0,7040.0,1.0,16.0,16.0,16.0,1.0
runtime/motif16_2/write_scalar/1024,50,0,runtime/motif16_2/write_scalar/1024,iteration,5,1,1,5748,4853.957898399139,4853.947807932982,ns,1471488.0,256.0,52740575.32749116,16.0,960.0,7040.0,1.0,16.0,16.0,16.0,1.0
runtime/motif16_2/write_scalar/1024,50,0,runtime/motif16_2/write_scalar/1024,iteration,5,2,1,5748,4860.273138483513,4859.493910925599,ns,1471488.0,256.0,52680382.91486182,16.0,960.0,7040.0,1.0,16.0,16.0,16.0,1.0
runtime/motif16_2/write_scalar/1024,50,0,runtime/motif16_2/write_scalar/1024,iteration,5,3,1,5748,4854.185629786122,4849.528879610365,ns,1471488.0,256.0,52788632.94872641,16.0,960.0,7040.0,1.0,16.0,16.0,16.0,1.0
runtime/motif16_2/write_scalar/1024,50,0,runtime/motif16_2/write_scalar/1024,iteration,5,4,1,5748,4863.7004175363545,4858.490083507441,ns,1471488.0,256.0,52691267.369056456,16.0,960.0,7040.0,1.0,16.0,16.0,16.0,1.0
runtime/motif16_2/write_scalar/65536,50,1,runtime/motif16_2/write_scalar/65536,iteration,5,0,1,5755,4856.872284969247,4853.3746307556485,ns,1473280.0,256.0,52746803.920253314,16.0,960.0,7040.0,1.0,16.0,16.0,16.0,1.0
runtime/motif16_2/write_scalar/65536,50,1,runtime/motif16_2/write_scalar/65536,iteration,5,1,1,5755,4854.632493482224,4854.679756733322,ns,1473280.0,256.0,52732623.53607038,16.0,960.0,7040.0,1.0,16.0,16.0,16.0,1.0
runtime/motif16_2/write_scalar/65536,50,1,runtime/motif16_2/write_scalar/65536,iteration,5,2,1,5755,4853.6646394449,4850.25925282369,ns,1473280.0,256.0,52780683.80591485,16.0,960.0,7040.0,1.0,16.0,16.0,16.0,1.0
runtime/motif16_2/write_scalar/65536,50,1,runtime/motif16_2/write_scalar/65536,iteration,5,3,1,5755,4856.814769765873,4850.174109470139,ns,1473280.0,256.0,52781610.355007835,16.0,960.0,7040.0,1.0,16.0,16.0,16.0,1.0
runtime/motif16_2/write_scalar/65536,50,1,runtime/motif16_2/write_scalar/65536,iteration,5,4,1,5755,4856.983318853988,4853.244483058029,ns,1473280.0,256.0,52748218.41216918,16.0,960.0,7040.0,1.0,16.0,16.0,16.0,1.0
runtime/motif16_2/write_native/1024,51,0,runtime/motif16_2/write_native/1024,iteration,5,0,1,28674,984.1285136361324,982.1846271884021,ns,7340544.0,256.0,260643460.4182562,16.0,960.0,7040.0,1.0,16.0,16.0,16.0,1.0
runtime/motif16_2/write_native/1024,51,0,runtime/motif16_2/write_native/1024,iteration,5,1,1,28674,978.7183511195794,977.6240496617169,ns,7340544.0,256.0,261859351.85267034,16.0,960.0,7040.0,1.0,16.0,16.0,16.0,1.0
runtime/motif16_2/write_native/1024,51,0,runtime/motif16_2/write_native/1024,iteration,5,2,1,28674,977.6082862520435,977.2675943363301,ns,7340544.0,256.0,261954864.23946306,16.0,960.0,7040.0,1.0,16.0,16.0,16.0,1.0
runtime/motif16_2/write_native/1024,51,0,runtime/motif16_2/write_native/1024,iteration,5,3,1,28674,980.9866080769456,980.9845853386568,ns,7340544.0,256.0,260962306.46847865,16.0,960.0,7040.0,1.0,16.0,16.0,16.0,1.0
runtime/motif16_2/write_native/1024,51,0,runtime/motif16_2/write_native/1024,iteration,5,4,1,28674,982.8346585757948,982.7607240008103,ns,7340544.0,256.0,260490670.5650855,16.0,960.0,7040.0,1.0,16.0,16.0,16.0,1.0
runtime/motif16_2/write_native/65536,51,1,runtime/motif16_2/write_native/65536,iteration,5,0,1,28474,983.960455151857,983.2928987848715,ns,7289344.0,256.0,260349688.59874645,16.0,960.0,7040.0,1.0,16.0,16.0,16.0,1.0
runtime/motif16_2/write_native/65536,51,1,runtime/motif16_2/write_native/65536,iteration,5,1,1,28474,988.966425510739,988.9570134157135,ns,7289344.0,256.0,258858571.734896,16.0,960.0,7040.0,1.0,16.0,16.0,16.0,1.0
runtime/motif16_2/write_native/65536,51,1,runtime/motif16_2/write_native/65536,iteration,5,2,1,28474,983.2008147779646,981.4217180586128,ns,7289344.0,256.0,260846071.86643803,16.0,960.0,7040.0,1.0,16.0,16.0,16.0,1.0
runtime/motif16_2/write_native/65536,51,1,runtime/motif16_2/write_native/65536,iteration,5,3,1,28474,986.041300835875,985.3628573435159,ns,7289344.0,256.0,259802770.21011522,16.0,960.0,7040.0,1.0,16.0,16.0,16.0,1.0
runtime/motif16_2/write_native/65536,51,1,runtime/motif16_2/write_native/65536,iteration,5,4,1,28474,991.1870478331798,990.999227365316,ns,7289344.0,256.0,258325125.72245398,16.0,960.0,7040.0,1.0,16.0,16.0,16.0,1.0
runtime/motif16_2/prepare_read,52,0,runtime/motif16_2/prepare_read,iteration,5,0,1,144656,193.31247926106485,193.28905126644946,ns,0.0,1.0,5173598.7809340395,,960.0,7040.0,144656.0,,,,0.0
runtime/motif16_2/prepare_read,52,0,runtime/motif16_2/prepare_read,iteration,5,1,1,144656,193.72615031529017,193.70812133613995,ns,0.0,1.0,5162406.166051804,,960.0,7040.0,144656.0,,,,0.0
runtime/motif16_2/prepare_read,52,0,runtime/motif16_2/prepare_read,iteration,5,2,1,144656,193.3285864394808,193.29582595952235,ns,0.0,1.0,5173417.455012235,,960.0,7040.0,144656.0,,,,0.0
runtime/motif16_2/prepare_read,52,0,runtime/motif16_2/prepare_read,iteration,5,3,1,144656,193.3648033955946,193.3465048114127,ns,0.0,1.0,5172061.429170312,,960.0,7040.0,144656.0,,,,0.0
runtime/motif16_2/prepare_read,52,0,runtime/motif16_2/prepare_read,iteration,5,4,1,144656,193.85611381484998,193.67707526821258,ns,0.0,1.0,5163233.689971598,,960.0,7040.0,144656.0,,,,0.0
runtime/motif16_2/prepare_write,53,0,runtime/motif16_2/prepare_write,iteration,5,0,1,81798,343.2504462211603,343.1913005208123,ns,0.0,1.0,2913826.7738210238,,960.0,7040.0,0.0,,,,81798.0
runtime/motif16_2/prepare_write,53,0,runtime/motif16_2/prepare_write,iteration,5,1,1,81798,345.88021712019435,345.51947480376833,ns,0.0,1.0,2894192.8687751456,,960.0,7040.0,0.0,,,,81798.0
runtime/motif16_2/prepare_write,53,0,runtime/motif16_2/prepare_write,iteration,5,2,1,81798,343.7500916893444,343.74949265264354,ns,0.0,1.0,2909095.202681486,,960.0,7040.0,0.0,,,,81798.0
runtime/motif16_2/prepare_write,53,0,runtime/motif16_2/prepare_write,iteration,5,3,1,81798,344.2771216899912,344.2584415267017,ns,0.0,1.0,2904794.4200445614,,960.0,7040.0,0.0,,,,81798.0
runtime/motif16_2/prepare_write,53,0,runtime/motif16_2/prepare_write,iteration,5,4,1,81798,343.74899141776615,343.74828235408995,ns,0.0,1.0,2909105.445274385,,960.0,7040.0,0.0,,,,81798.0
runtime/stress_0_0/read_inline/1024,54,0,runtime/stress_0_0/read_inline/1024,iteration,5,0,1,43552,654.4664309332737,654.3837711241595,ns,11149312.0,256.0,391207745.81591487,48.0,960.0,7040.0,1.0,48.0,48.0,48.0,1.0
runtime/stress_0_0/read_inline/1024,54,0,runtime/stress_0_0/read_inline/1024,iteration,5,1,1,43552,642.0359340558779,641.4084772226321,ns,11149312.0,256.0,399121634.7942696,48.0,960.0,7040.0,1.0,48.0,48.0,48.0,1.0
runtime/stress_0_0/read_inline/1024,54,0,runtime/stress_0_0/read_inline/1024,iteration,5,2,1,43552,664.417317229964,663.9502663482816,ns,11149312.0,256.0,385571047.976224,48.0,960.0,7040.0,1.0,48.0,48.0,48.0,1.0
runtime/stress_0_0/read_inline/1024,54,0,runtime/stress_0_0/read_inline/1024,iteration,5,3,1,43552,651.4819296471142,651.433275165291,ns,11149312.0,256.0,392979618.57266814,48.0,960.0,7040.0,1.0,48.0,48.0,48.0,1.0
runtime/stress_0_0/read_inline/1024,54,0,runtime/stress_0_0/read_inline/1024,iteration,5,4,1,43552,659.5858284348326,659.5844507714806,ns,11149312.0,256.0,388123157.99829805,48.0,960.0,7040.0,1.0,48.0,48.0,48.0,1.0
runtime/stress_0_0/read_inline/65536,54,1,runtime/stress_0_0/read_inline/65536,iteration,5,0,1,40413,690.4065276025286,690.4246405859349,ns,10345728.0,256.0,370786303.0246768,48.0,960.0,7040.0,1.0,48.0,48.0,48.0,1.0
runtime/stress_0_0/read_inline/65536,54,1,runtime/stress_0_0/read_inline/65536,iteration,5,1,1,40413,698.7083364262988,697.6030485239976,ns,10345728.0,256.0,366970873.3951921,48.0,960.0,7040.0,1.0,48.0,48.0,48.0,1.0
runtime/stress_0_0/read_inline/65536,54,1,runtime/stress_0_0/read_inline/65536,iteration,5,2,1,40413,691.2367307550131,690.6923762155582,ns,10345728.0,256.0,370642573.76442355,48.0,960.0,7040.0,1.0,48.0,48.0,48.0,1.0
runtime/stress_0_0/read_inline/65536,54,1,runtime/stress_0_0/read_inline/65536,iteration,5,3,1,40413,698.0068542302193,696.8253037389031,ns,10345728.0,256.0,367380459.0998634,48.0,960.0,7040.0,1.0,48.0,48.0,48.0,1.0
runtime/stress_0_0/read_inline/65536,54,1,runtime/stress_0_0/read_inline/65536,iteration,5,4,1,40413,696.9950263527588,696.506124266959,ns,10345728.0,256.0,367548814.11764807,48.0,960.0,7040.0,1.0,48.0,48.0,48.0,1.0
runtime/stress_0_0/read_bound/1024,55,0,runtime/stress_0_0/read_bound/1024,iteration,5,0,1,38824,721.3445291573374,721.343035235928,ns,9938944.0,256.0,354893563.1107475,48.0,960.0,7040.0,1.0,48.0,48.0,48.0,1.0
runtime/stress_0_0/read_bound/1024,55,0,runtime/stress_0_0/read_bound/1024,iteration,5,1,1,38824,723.0432206881599,721.7726663919109,ns,9938944.0,256.0,354682314.69574124,48.0,960.0,7040.0,1.0,48.0,48.0,48.0,1.0
runtime/stress_0_0/read_bound/1024,55,0,runtime/stress_0_0/read_bound/1024,iteration,5,2,1,38824,721.9941273439672,721.9926076653837,ns,9938944.0,256.0,354574267.49533474,48.0,960.0,7040.0,1.0,48.0,48.0,48.0,1.0
runtime/stress_0_0/read_bound/1024,55,0,runtime/stress_0_0/read_bound/1024,iteration,5,3,1,38824,724.4902637543407,723.5627962085292,ns,9938944.0,256.0,353804813.2676813,48.0,960.0,7040.0,1.0,48.0,48.0,48.0,1.0
runtime/stress_0_0/read_bound/1024,55,0,runtime/stress_0_0/read_bound/1024,iteration,5,4,1,38824,723.3538532866323,723.3103492685142,ns,9938944.0,256.0,353928296.83536744,48.0,960.0,7040.0,1.0,48.0,48.0,48.0,1.0
runtime/stress_0_0/read_bound/65536,55,1,runtime/stress_0_0/read_bound/65536,iteration,5,0,1,35567,787.5080833358984,787.5235752242303,ns,9105152.0,256.0,325069633.5371415,48.0,960.0,7040.0,1.0,48.0,48.0,48.0,1.0
runtime/stress_0_0/read_bound/65536,55,1,runtime/stress_0_0/read_bound/65536,iteration,5,1,1,35567,788.3079821181362,787.6534990300172,ns,9105152.0,256.0,325016013.15205216,48.0,960.0,7040.0,1.0,48.0,48.0,48.0,1.0
runtime/stress_0_0/read_bound/65536,55,1,runtime/stress_0_0/read_bound/65536,iteration,5,2,1,35567,788.2222284699885,787.4257598335568,ns,9105152.0,256.0,325110014.24961305,48.0,960.0,7040.0,1.0,48.0,48.0,48.0,1.0
runtime/stress_0_0/read_bound/65536,55,1,runtime/stress_0_0/read_bound/65536,iteration,5,3,1,35567,787.4532572331087,787.454972305812,ns,9105152.0,256.0,325097953.5380737,48.0,960.0,7040.0,1.0,48.0,48.0,48.0,1.0
runtime/stress_0_0/read_bound/65536,55,1,runtime/stress_0_0/read_bound/65536,iteration,5,4,1,35567,788.0684342227725,787.5345685607107,ns,9105152.0,256.0,325065095.8317458,48.0,960.0,7040.0,1.0,48.0,48.0,48.0,1.0
runtime/stress_0_0/weighted_bound/1024,56,0,runtime/stress_0_0/weighted_bound/1024,iteration,5,0,1,28493,994.4779770469886,993.853613168164,ns,7294208.0,256.0,257583206.025618,48.0,960.0,7040.0,1.0,48.0,48.0,48.0,1.0
runtime/stress_0_0/weighted_bound/1024,56,0,runtime/stress_0_0/weighted_bound/1024,iteration,5,1,1,28493,996.4658337134271,995.5270066331552,ns,7294208.0,256.0,257150231.27879265,48.0,960.0,7040.0,1.0,48.0,48.0,48.0,1.0
runtime/stress_0_0/weighted_bound/1024,56,0,runtime/stress_0_0/weighted_bound/1024,iteration,5,2,1,28493,991.8882181587757,991.7829642368415,ns,7294208.0,256.0,258120989.40113097,48.0,960.0,7040.0,1.0,48.0,48.0,48.0,1.0
runtime/stress_0_0/weighted_bound/1024,56,0,runtime/stress_0_0/weighted_bound/1024,iteration,5,3,1,28493,999.773663706886,999.6835012107932,ns,7294208.0,256.0,256081049.34205556,48.0,960.0,7040.0,1.0,48.0,48.0,48.0,1.0
runtime/stress_0_0/weighted_bound/1024,56,0,runtime/stress_0_0/weighted_bound/1024,iteration,5,4,1,28493,981.8085143721646,981.753483311715,ns,7294208.0,256.0,260757923.80837202,48.0,960.0,7040.0,1.0,48.0,48.0,48.0,1.0
runtime/stress_0_0/weighted_bound/65536,56,1,runtime/stress_0_0/weighted_bound/65536,iteration,5,0,1,25118,1117.3091010429955,1116.2397881996828,ns,6430208.0,256.0,229341403.797196,48.0,960.0,7040.0,1.0,48.0,48.0,48.0,1.0
runtime/stress_0_0/weighted_bound/65536,56,1,runtime/stress_0_0/weighted_bound/65536,iteration,5,1,1,25118,1119.4099848711812,1119.4200175173569,ns,6430208.0,256.0,228689853.66882694,48.0,960.0,7040.0,1.0,48.0,48.0,48.0,1.0
runtime/stress_0_0/weighted_bound/65536,56,1,runtime/stress_0_0/weighted_bound/65536,iteration,5,2,1,25118,1119.4724898480547,1117.4230432359375,ns,6430208.0,256.0,229098550.9468745,48.0,960.0,7040.0,1.0,48.0,48.0,48.0,1.0
runtime/stress_0_0/weighted_bound/65536,56,1,runtime/stress_0_0/weighted_bound/65536,iteration,5,3,1,25118,1118.9824030576074,1116.9110597977656,ns,6430208.0,256.0,229203567.96032876,48.0,960.0,7040.0,1.0,48.0,48.0,48.0,1.0
runtime/stress_0_0/weighted_bound/65536,56,1,runtime/stress_0_0/weighted_bound/65536,iteration,5,4,1,25118,1116.3281312202957,1116.3385221753542,ns,6430208.0,256.0,229321119.81690404,48.0,960.0,7040.0,1.0,48.0,48.0,48.0,1.0
runtime/stress_0_0/scalar64/1024,57,0,runtime/stress_0_0/scalar64/1024,iteration,5,0,1,6090,4603.41871920982,4600.153037767057,ns,1559040.0,256.0,55650322.47802433,48.0,960.0,7040.0,1.0,48.0,48.0,48.0,1.0
runtime/stress_0_0/scalar64/1024,57,0,runtime/stress_0_0/scalar64/1024,iteration,5,1,1,6090,4596.789819375079,4596.7817733991515,ns,1559040.0,256.0,55691136.23827685,48.0,960.0,7040.0,1.0,48.0,48.0,48.0,1.0
runtime/stress_0_0/scalar64/1024,57,0,runtime/stress_0_0/scalar64/1024,iteration,5,2,1,6090,4600.338259441509,4600.033169129655,ns,1559040.0,256.0,55651772.62589961,48.0,960.0,7040.0,1.0,48.0,48.0,48.0,1.0
runtime/stress_0_0/scalar64/1024,57,0,runtime/stress_0_0/scalar64/1024,iteration,5,3,1,6090,4601.256157635378,4596.450246305543,ns,1559040.0,256.0,55695153.05985599,48.0,960.0,7040.0,1.0,48.0,48.0,48.0,1.0
runtime/stress_0_0/scalar64/1024,57,0,runtime/stress_0_0/scalar64/1024,iteration,5,4,1,6090,4616.415435140692,4608.095402299067,ns,1559040.0,256.0,55554405.37803899,48.0,960.0,7040.0,1.0,48.0,48.0,48.0,1.0
runtime/stress_0_0/scalar64/65536,57,1,runtime/stress_0_0/scalar64/65536,iteration,5,0,1,4463,6261.326462021392,6255.743222048022,ns,1142528.0,256.0,40922395.77509225,48.0,960.0,7040.0,1.0,48.0,48.0,48.0,1.0
runtime/stress_0_0/scalar64/65536,57,1,runtime/stress_0_0/scalar64/65536,iteration,5,1,1,4463,6181.440286800226,6176.7244006272595,ns,1142528.0,256.0,41445915.89257287,48.0,960.0,7040.0,1.0,48.0,48.0,48.0,1.0
runtime/stress_0_0/scalar64/65536,57,1,runtime/stress_0_0/scalar64/65536,iteration,5,2,1,4463,6132.791395922373,6132.872731346541,ns,1142528.0,256.0,41742265.20167692,48.0,960.0,7040.0,1.0,48.0,48.0,48.0,1.0
runtime/stress_0_0/scalar64/65536,57,1,runtime/stress_0_0/scalar64/65536,iteration,5,3,1,4463,6180.405332737774,6158.368810217313,ns,1142528.0,256.0,41569449.29561087,48.0,960.0,7040.0,1.0,48.0,48.0,48.0,1.0
runtime/stress_0_0/scalar64/65536,57,1,runtime/stress_0_0/scalar64/65536,iteration,5,4,1,4463,6150.11606542459,6144.730450370013,ns,1142528.0,256.0,41661713.5719248,48.0,960.0,7040.0,1.0,48.0,48.0,48.0,1.0
runtime/stress_0_0/scalar8_projection/1024,58,0,runtime/stress_0_0/scalar8_projection/1024,iteration,5,0,1,33742,832.5140774109148,831.9243672574589,ns,8637952.0,256.0,307720280.9240166,48.0,960.0,7040.0,1.0,48.0,48.0,48.0,1.0
runtime/stress_0_0/scalar8_projection/1024,58,0,runtime/stress_0_0/scalar8_projection/1024,iteration,5,1,1,33742,833.1729002429643,832.1878074803285,ns,8637952.0,256.0,307622867.93783796,48.0,960.0,7040.0,1.0,48.0,48.0,48.0,1.0
runtime/stress_0_0/scalar8_projection/1024,58,0,runtime/stress_0_0/scalar8_projection/1024,iteration,5,2,1,33742,831.1066326836957,831.10491375727,ns,8637952.0,256.0,308023687.21738374,48.0,960.0,7040.0,1.0,48.0,48.0,48.0,1.0
runtime/stress_0_0/scalar8_projection/1024,58,0,runtime/stress_0_0/scalar8_projection/1024,iteration,5,3,1,33742,832.6963428369229,831.7085827751513,ns,8637952.0,256.0,307800118.0964228,48.0,960.0,7040.0,1.0,48.0,48.0,48.0,1.0
runtime/stress_0_0/scalar8_projection/1024,58,0,runtime/stress_0_0/scalar8_projection/1024,iteration,5,4,1,33742,830.512121391795,830.4437199928657,ns,8637952.0,256.0,308268933.6276747,48.0,960.0,7040.0,1.0,48.0,48.0,48.0,1.0
runtime/stress_0_0/scalar8_projection/65536,58,1,runtime/stress_0_0/scalar8_projection/65536,iteration,5,0,1,25616,1091.6625936915664,1091.682971580269,ns,6557696.0,256.0,234500314.34439838,48.0,960.0,7040.0,1.0,48.0,48.0,48.0,1.0
runtime/stress_0_0/scalar8_projection/65536,58,1,runtime/stress_0_0/scalar8_projection/65536,iteration,5,1,1,25616,1092.2665131166877,1091.2652638975435,ns,6557696.0,256.0,234590074.9059628,48.0,960.0,7040.0,1.0,48.0,48.0,48.0,1.0
runtime/stress_0_0/scalar8_projection/65536,58,1,runtime/stress_0_0/scalar8_projection/65536,iteration,5,2,1,25616,1091.2019831354155,1091.2106495940413,ns,6557696.0,256.0,234601815.96948186,48.0,960.0,7040.0,1.0,48.0,48.0,48.0,1.0
runtime/stress_0_0/scalar8_projection/65536,58,1,runtime/stress_0_0/scalar8_projection/65536,iteration,5,3,1,25616,1092.6370237350568,1091.7438710180277,ns,6557696.0,256.0,234487233.4948723,48.0,960.0,7040.0,1.0,48.0,48.0,48.0,1.0
runtime/stress_0_0/scalar8_projection/65536,58,1,runtime/stress_0_0/scalar8_projection/65536,iteration,5,4,1,25616,1092.4527638977431,1091.6705184259308,ns,6557696.0,256.0,234502989.39017233,48.0,960.0,7040.0,1.0,48.0,48.0,48.0,1.0
runtime/stress_0_0/write_scalar/1024,59,0,runtime/stress_0_0/write_scalar/1024,iteration,5,0,1,1756,15961.657175397293,15953.321184509094,ns,449536.0,256.0,16046815.39594274,48.0,960.0,7040.0,1.0,48.0,48.0,48.0,1.0
runtime/stress_0_0/write_scalar/1024,59,0,runtime/stress_0_0/write_scalar/1024,iteration,5,1,1,1756,15943.297266515796,15943.269362185469,ns,449536.0,256.0,16056932.501384275,48.0,960.0,7040.0,1.0,48.0,48.0,48.0,1.0
runtime/stress_0_0/write_scalar/1024,59,0,runtime/stress_0_0/write_scalar/1024,iteration,5,2,1,1756,15947.482915712817,15946.03758542254,ns,449536.0,256.0,16054145.026851602,48.0,960.0,7040.0,1.0,48.0,48.0,48.0,1.0
runtime/stress_0_0/write_scalar/1024,59,0,runtime/stress_0_0/write_scalar/1024,iteration,5,3,1,1756,15946.167425971887,15946.128132118976,ns,449536.0,256.0,16054053.866804205,48.0,960.0,7040.0,1.0,48.0,48.0,48.0,1.0
runtime/stress_0_0/write_scalar/1024,59,0,runtime/stress_0_0/write_scalar/1024,iteration,5,4,1,1756,15967.847380406973,15951.64692482907,ns,449536.0,256.0,16048499.644355258,48.0,960.0,7040.0,1.0,48.0,48.0,48.0,1.0
runtime/stress_0_0/write_scalar/65536,59,1,runtime/stress_0_0/write_scalar/65536,iteration,5,0,1,1743,16047.75616752482,16035.64658634383,ns,446208.0,256.0,15964432.654559312,48.0,960.0,7040.0,1.0,48.0,48.0,48.0,1.0
runtime/stress_0_0/write_scalar/65536,59,1,runtime/stress_0_0/write_scalar/65536,iteration,5,1,1,1743,16031.318990241743,16031.389558233812,ns,446208.0,256.0,15968671.902712073,48.0,960.0,7040.0,1.0,48.0,48.0,48.0,1.0
runtime/stress_0_0/write_scalar/65536,59,1,runtime/stress_0_0/write_scalar/65536,iteration,5,2,1,1743,16049.666666663326,16036.822145725677,ns,446208.0,256.0,15963262.401599443,48.0,960.0,7040.0,1.0,48.0,48.0,48.0,1.0
runtime/stress_0_0/write_scalar/65536,59,1,runtime/stress_0_0/write_scalar/65536,iteration,5,3,1,1743,16072.334480781328,16056.20883534122,ns,446208.0,256.0,15943987.93795706,48.0,960.0,7040.0,1.0,48.0,48.0,48.0,1.0
runtime/stress_0_0/write_scalar/65536,59,1,runtime/stress_0_0/write_scalar/65536,iteration,5,4,1,1743,16035.283419392867,16035.47446930631,ns,446208.0,256.0,15964604.009068308,48.0,960.0,7040.0,1.0,48.0,48.0,48.0,1.0
runtime/stress_0_0/write_native/1024,60,0,runtime/stress_0_0/write_native/1024,iteration,5,0,1,22216,1263.9138458771736,1261.8748199495967,ns,5687296.0,256.0,202872738.20887038,48.0,960.0,7040.0,1.0,48.0,48.0,48.0,1.0
runtime/stress_0_0/write_native/1024,60,0,runtime/stress_0_0/write_native/1024,iteration,5,1,1,22216,1263.4173568597882,1263.2459038531526,ns,5687296.0,256.0,202652547.07666084,48.0,960.0,7040.0,1.0,48.0,48.0,48.0,1.0
runtime/stress_0_0/write_native/1024,60,0,runtime/stress_0_0/write_native/1024,iteration,5,2,1,22216,1260.2255131433162,1260.1463809866411,ns,5687296.0,256.0,203151002.0284809,48.0,960.0,7040.0,1.0,48.0,48.0,48.0,1.0
runtime/stress_0_0/write_native/1024,60,0,runtime/stress_0_0/write_native/1024,iteration,5,3,1,22216,1261.5655383509056,1261.4836604248683,ns,5687296.0,256.0,202935644.7738523,48.0,960.0,7040.0,1.0,48.0,48.0,48.0,1.0
runtime/stress_0_0/write_native/1024,60,0,runtime/stress_0_0/write_native/1024,iteration,5,4,1,22216,1261.934641699679,1261.8816168526523,ns,5687296.0,256.0,202871645.47060096,48.0,960.0,7040.0,1.0,48.0,48.0,48.0,1.0
runtime/stress_0_0/write_native/65536,60,1,runtime/stress_0_0/write_native/65536,iteration,5,0,1,20941,1338.2216704076045,1338.0212024258328,ns,5360896.0,256.0,191327311.95579857,48.0,960.0,7040.0,1.0,48.0,48.0,48.0,1.0
runtime/stress_0_0/write_native/65536,60,1,runtime/stress_0_0/write_native/65536,iteration,5,1,1,20941,1339.123728570666,1336.7710233513383,ns,5360896.0,256.0,191506245.6681607,48.0,960.0,7040.0,1.0,48.0,48.0,48.0,1.0
runtime/stress_0_0/write_native/65536,60,1,runtime/stress_0_0/write_native/65536,iteration,5,2,1,20941,1339.063081992255,1338.1882909126166,ns,5360896.0,256.0,191303422.49924585,48.0,960.0,7040.0,1.0,48.0,48.0,48.0,1.0
runtime/stress_0_0/write_native/65536,60,1,runtime/stress_0_0/write_native/65536,iteration,5,3,1,20941,1341.503271095326,1341.5191251611272,ns,5360896.0,256.0,190828438.595128,48.0,960.0,7040.0,1.0,48.0,48.0,48.0,1.0
runtime/stress_0_0/write_native/65536,60,1,runtime/stress_0_0/write_native/65536,iteration,5,4,1,20941,1344.3632586791216,1340.1619788930607,ns,5360896.0,256.0,191021685.46181965,48.0,960.0,7040.0,1.0,48.0,48.0,48.0,1.0
runtime/stress_0_0/prepare_read,61,0,runtime/stress_0_0/prepare_read,iteration,5,0,1,104283,268.75252917550574,268.5720779033753,ns,0.0,1.0,3723395.2531721187,,960.0,7040.0,104283.0,,,,0.0
runtime/stress_0_0/prepare_read,61,0,runtime/stress_0_0/prepare_read,iteration,5,1,1,104283,268.1821581658067,268.1646193530983,ns,0.0,1.0,3729052.7080430314,,960.0,7040.0,104283.0,,,,0.0
runtime/stress_0_0/prepare_read,61,0,runtime/stress_0_0/prepare_read,iteration,5,2,1,104283,268.39167457780445,268.39122388113924,ns,0.0,1.0,3725904.243586086,,960.0,7040.0,104283.0,,,,0.0
runtime/stress_0_0/prepare_read,61,0,runtime/stress_0_0/prepare_read,iteration,5,3,1,104283,268.30221608510817,268.284293700809,ns,0.0,1.0,3727389.278759648,,960.0,7040.0,104283.0,,,,0.0
runtime/stress_0_0/prepare_read,61,0,runtime/stress_0_0/prepare_read,iteration,5,4,1,104283,268.7847491921315,268.26090542084677,ns,0.0,1.0,3727714.2505397997,,960.0,7040.0,104283.0,,,,0.0
runtime/stress_0_0/prepare_write,62,0,runtime/stress_0_0/prepare_write,iteration,5,0,1,60762,459.7588953621211,459.7581053948173,ns,0.0,1.0,2175056.8141506715,,960.0,7040.0,0.0,,,,60762.0
runtime/stress_0_0/prepare_write,62,0,runtime/stress_0_0/prepare_write,iteration,5,1,1,60762,460.3373654585394,459.7995622263701,ns,0.0,1.0,2174860.7048644307,,960.0,7040.0,0.0,,,,60762.0
runtime/stress_0_0/prepare_write,62,0,runtime/stress_0_0/prepare_write,iteration,5,2,1,60762,459.39880188255194,459.3978473388069,ns,0.0,1.0,2176762.4854856967,,960.0,7040.0,0.0,,,,60762.0
runtime/stress_0_0/prepare_write,62,0,runtime/stress_0_0/prepare_write,iteration,5,3,1,60762,459.75609756098305,459.728958888763,ns,0.0,1.0,2175194.711286313,,960.0,7040.0,0.0,,,,60762.0
runtime/stress_0_0/prepare_write,62,0,runtime/stress_0_0/prepare_write,iteration,5,4,1,60762,460.0699285738517,460.0688094532561,ns,0.0,1.0,2173587.9056621897,,960.0,7040.0,0.0,,,,60762.0
runtime/stress_0_1/read_inline/1024,63,0,runtime/stress_0_1/read_inline/1024,iteration,5,0,1,43197,660.822533972444,660.8209366390814,ns,11058432.0,256.0,387396926.7711303,48.0,960.0,7040.0,1.0,48.0,48.0,48.0,1.0
runtime/stress_0_1/read_inline/1024,63,0,runtime/stress_0_1/read_inline/1024,iteration,5,1,1,43197,646.3559969443465,645.6154825566105,ns,11058432.0,256.0,396520850.1293225,48.0,960.0,7040.0,1.0,48.0,48.0,48.0,1.0
runtime/stress_0_1/read_inline/1024,63,0,runtime/stress_0_1/read_inline/1024,iteration,5,2,1,43197,660.8068152883737,660.805657800325,ns,11058432.0,256.0,387405883.9813313,48.0,960.0,7040.0,1.0,48.0,48.0,48.0,1.0
runtime/stress_0_1/read_inline/1024,63,0,runtime/stress_0_1/read_inline/1024,iteration,5,3,1,43197,650.9449730305375,650.7074796860985,ns,11058432.0,256.0,393417945.83872694,48.0,960.0,7040.0,1.0,48.0,48.0,48.0,1.0
runtime/stress_0_1/read_inline/1024,63,0,runtime/stress_0_1/read_inline/1024,iteration,5,4,1,43197,647.9519411069355,647.9505984212365,ns,11058432.0,256.0,395091849.01403993,48.0,960.0,7040.0,1.0,48.0,48.0,48.0,1.0
runtime/stress_0_1/read_inline/65536,63,1,runtime/stress_0_1/read_inline/65536,iteration,5,0,1,40735,691.7169755739151,691.7275561556404,ns,10428160.0,256.0,370087901.9808767,48.0,960.0,7040.0,1.0,48.0,48.0,48.0,1.0
runtime/stress_0_1/read_inline/65536,63,1,runtime/stress_0_1/read_inline/65536,iteration,5,1,1,40735,694.7003805081883,694.2084693751973,ns,10428160.0,256.0,368765307.9634789,48.0,960.0,7040.0,1.0,48.0,48.0,48.0,1.0
runtime/stress_0_1/read_inline/65536,63,1,runtime/stress_0_1/read_inline/65536,iteration,5,2,1,40735,691.7022462258655,690.3272861175525,ns,10428160.0,256.0,370838593.73393935,48.0,960.0,7040.0,1.0,48.0,48.0,48.0,1.0
runtime/stress_0_1/read_inline/65536,63,1,runtime/stress_0_1/read_inline/65536,iteration,5,3,1,40735,698.5359273352194,698.5393887320774,ns,10428160.0,256.0,366478976.1743672,48.0,960.0,7040.0,1.0,48.0,48.0,48.0,1.0
runtime/stress_0_1/read_inline/65536,63,1,runtime/stress_0_1/read_inline/65536,iteration,5,4,1,40735,690.7244384436297,690.0555050938771,ns,10428160.0,256.0,370984649.94518524,48.0,960.0,7040.0,1.0,48.0,48.0,48.0,1.0
runtime/stress_0_1/read_bound/1024,64,0,runtime/stress_0_1/read_bound/1024,iteration,5,0,1,38758,724.5551886059095,724.553666339871,ns,9922048.0,256.0,353320964.1919283,48.0,960.0,7040.0,1.0,48.0,48.0,48.0,1.0
runtime/stress_0_1/read_bound/1024,64,0,runtime/stress_0_1/read_bound/1024,iteration,5,1,1,38758,722.0578977243777,721.517905980699,ns,9922048.0,256.0,354807549.3040476,48.0,960.0,7040.0,1.0,48.0,48.0,48.0,1.0
runtime/stress_0_1/read_bound/1024,64,0,runtime/stress_0_1/read_bound/1024,iteration,5,2,1,38758,722.8210949994946,721.959647040585,ns,9922048.0,256.0,354590455.3660032,48.0,960.0,7040.0,1.0,48.0,48.0,48.0,1.0
runtime/stress_0_1/read_bound/1024,64,0,runtime/stress_0_1/read_bound/1024,iteration,5,3,1,38758,721.693585840302,721.5965994117355,ns,9922048.0,256.0,354768855.90743905,48.0,960.0,7040.0,1.0,48.0,48.0,48.0,1.0
runtime/stress_0_1/read_bound/1024,64,0,runtime/stress_0_1/read_bound/1024,iteration,5,4,1,38758,744.3101295214952,724.5111202849178,ns,9922048.0,256.0,353341712.5458705,48.0,960.0,7040.0,1.0,48.0,48.0,48.0,1.0
runtime/stress_0_1/read_bound/65536,64,1,runtime/stress_0_1/read_bound/65536,iteration,5,0,1,35550,789.0430379748112,788.261884669433,ns,9100800.0,256.0,324765163.6833318,48.0,960.0,7040.0,1.0,48.0,48.0,48.0,1.0
runtime/stress_0_1/read_bound/65536,64,1,runtime/stress_0_1/read_bound/65536,iteration,5,1,1,35550,788.0680731366344,788.0709423346843,ns,9100800.0,256.0,324843851.29286987,48.0,960.0,7040.0,1.0,48.0,48.0,48.0,1.0
runtime/stress_0_1/read_bound/65536,64,1,runtime/stress_0_1/read_bound/65536,iteration,5,2,1,35550,789.1918424756345,788.5260759493937,ns,9100800.0,256.0,324656352.91993773,48.0,960.0,7040.0,1.0,48.0,48.0,48.0,1.0
runtime/stress_0_1/read_bound/65536,64,1,runtime/stress_0_1/read_bound/65536,iteration,5,3,1,35550,788.0450070322461,788.0472855133473,ns,9100800.0,256.0,324853602.9576414,48.0,960.0,7040.0,1.0,48.0,48.0,48.0,1.0
runtime/stress_0_1/read_bound/65536,64,1,runtime/stress_0_1/read_bound/65536,iteration,5,4,1,35550,789.1592123768802,788.3502672292254,ns,9100800.0,256.0,324728754.00898916,48.0,960.0,7040.0,1.0,48.0,48.0,48.0,1.0
runtime/stress_0_1/weighted_bound/1024,65,0,runtime/stress_0_1/weighted_bound/1024,iteration,5,0,1,28302,991.1483287400896,988.953112854168,ns,7245312.0,256.0,258859592.70725307,48.0,960.0,7040.0,1.0,48.0,48.0,48.0,1.0
runtime/stress_0_1/weighted_bound/1024,65,0,runtime/stress_0_1/weighted_bound/1024,iteration,5,1,1,28302,986.4048123806186,985.5244152357538,ns,7245312.0,256.0,259760180.5113682,48.0,960.0,7040.0,1.0,48.0,48.0,48.0,1.0
runtime/stress_0_1/weighted_bound/1024,65,0,runtime/stress_0_1/weighted_bound/1024,iteration,5,2,1,28302,1000.2038725177672,1000.0396438414429,ns,7245312.0,256.0,255989851.57891303,48.0,960.0,7040.0,1.0,48.0,48.0,48.0,1.0
runtime/stress_0_1/weighted_bound/1024,65,0,runtime/stress_0_1/weighted_bound/1024,iteration,5,3,1,28302,987.4217369794978,987.4192989894246,ns,7245312.0,256.0,259261693.85387087,48.0,960.0,7040.0,1.0,48.0,48.0,48.0,1.0
runtime/stress_0_1/weighted_bound/1024,65,0,runtime/stress_0_1/weighted_bound/1024,iteration,5,4,1,28302,993.3266200271488,993.1397781075796,ns,7245312.0,256.0,257768348.0645656,48.0,960.0,7040.0,1.0,48.0,48.0,48.0,1.0
runtime/stress_0_1/weighted_bound/65536,65,1,runtime/stress_0_1/weighted_bound/65536,iteration,5,0,1,25103,1119.5167908217845,1118.740031071937,ns,6426368.0,256.0,228828854.68459538,48.0,960.0,7040.0,1.0,48.0,48.0,48.0,1.0
runtime/stress_0_1/weighted_bound/65536,65,1,runtime/stress_0_1/weighted_bound/65536,iteration,5,1,1,25103,1122.297773174046,1119.6848982193467,ns,6426368.0,256.0,228635753.15441072,48.0,960.0,7040.0,1.0,48.0,48.0,48.0,1.0
runtime/stress_0_1/weighted_bound/65536,65,1,runtime/stress_0_1/weighted_bound/65536,iteration,5,2,1,25103,1116.8362347133577,1115.5205353940983,ns,6426368.0,256.0,229489275.9724577,48.0,960.0,7040.0,1.0,48.0,48.0,48.0,1.0
runtime/stress_0_1/weighted_bound/65536,65,1,runtime/stress_0_1/weighted_bound/65536,iteration,5,3,1,25103,1119.3932996055673,1116.525594550458,ns,6426368.0,256.0,229282697.36895034,48.0,960.0,7040.0,1.0,48.0,48.0,48.0,1.0
runtime/stress_0_1/weighted_bound/65536,65,1,runtime/stress_0_1/weighted_bound/65536,iteration,5,4,1,25103,1114.0660478831633,1114.0716647411803,ns,6426368.0,256.0,229787730.98898768,48.0,960.0,7040.0,1.0,48.0,48.0,48.0,1.0
runtime/stress_0_1/scalar64/1024,66,0,runtime/stress_0_1/scalar64/1024,iteration,5,0,1,6091,4607.425874242557,4604.142505336004,ns,1559296.0,256.0,55602101.73844684,48.0,960.0,7040.0,1.0,48.0,48.0,48.0,1.0
runtime/stress_0_1/scalar64/1024,66,0,runtime/stress_0_1/scalar64/1024,iteration,5,1,1,6091,4599.973731734815,4599.68839271033,ns,1559296.0,256.0,55655944.08649801,48.0,960.0,7040.0,1.0,48.0,48.0,48.0,1.0
runtime/stress_0_1/scalar64/1024,66,0,runtime/stress_0_1/scalar64/1024,iteration,5,2,1,6091,4599.2873091450565,4599.279428665592,ns,1559296.0,256.0,55660892.966069326,48.0,960.0,7040.0,1.0,48.0,48.0,48.0,1.0
runtime/stress_0_1/scalar64/1024,66,0,runtime/stress_0_1/scalar64/1024,iteration,5,3,1,6091,4618.336890495339,4618.066327368027,ns,1559296.0,256.0,55434457.162918665,48.0,960.0,7040.0,1.0,48.0,48.0,48.0,1.0
runtime/stress_0_1/scalar64/1024,66,0,runtime/stress_0_1/scalar64/1024,iteration,5,4,1,6091,4605.96782137544,4600.806271548296,ns,1559296.0,256.0,55642421.108474344,48.0,960.0,7040.0,1.0,48.0,48.0,48.0,1.0
runtime/stress_0_1/scalar64/65536,66,1,runtime/stress_0_1/scalar64/65536,iteration,5,0,1,5190,5350.691522158102,5350.780539498978,ns,1328640.0,256.0,47843487.15299219,48.0,960.0,7040.0,1.0,48.0,48.0,48.0,1.0
runtime/stress_0_1/scalar64/65536,66,1,runtime/stress_0_1/scalar64/65536,iteration,5,1,1,5190,5360.283044315649,5356.435645471691,ns,1328640.0,256.0,47792975.953406885,48.0,960.0,7040.0,1.0,48.0,48.0,48.0,1.0
runtime/stress_0_1/scalar64/65536,66,1,runtime/stress_0_1/scalar64/65536,iteration,5,2,1,5190,5349.017148362079,5349.065703275283,ns,1328640.0,256.0,47858825.11094391,48.0,960.0,7040.0,1.0,48.0,48.0,48.0,1.0
runtime/stress_0_1/scalar64/65536,66,1,runtime/stress_0_1/scalar64/65536,iteration,5,3,1,5190,5359.221387284041,5355.271868978662,ns,1328640.0,256.0,47803362.04459091,48.0,960.0,7040.0,1.0,48.0,48.0,48.0,1.0
runtime/stress_0_1/scalar64/65536,66,1,runtime/stress_0_1/scalar64/65536,iteration,5,4,1,5190,5352.005587667902,5352.029094412215,ns,1328640.0,256.0,47832325.924251184,48.0,960.0,7040.0,1.0,48.0,48.0,48.0,1.0
runtime/stress_0_1/scalar8_projection/1024,67,0,runtime/stress_0_1/scalar8_projection/1024,iteration,5,0,1,33426,833.0293484113137,833.0273439837756,ns,8557056.0,256.0,307312841.3477217,48.0,960.0,7040.0,1.0,48.0,48.0,48.0,1.0
runtime/stress_0_1/scalar8_projection/1024,67,0,runtime/stress_0_1/scalar8_projection/1024,iteration,5,1,1,33426,834.9410638425439,833.8955005086187,ns,8557056.0,256.0,306992902.4006697,48.0,960.0,7040.0,1.0,48.0,48.0,48.0,1.0
runtime/stress_0_1/scalar8_projection/1024,67,0,runtime/stress_0_1/scalar8_projection/1024,iteration,5,2,1,33426,834.5297074131802,834.4271525160249,ns,8557056.0,256.0,306797303.0696453,48.0,960.0,7040.0,1.0,48.0,48.0,48.0,1.0
runtime/stress_0_1/scalar8_projection/1024,67,0,runtime/stress_0_1/scalar8_projection/1024,iteration,5,3,1,33426,834.701400107985,834.5850834679726,ns,8557056.0,256.0,306739246.9276311,48.0,960.0,7040.0,1.0,48.0,48.0,48.0,1.0
runtime/stress_0_1/scalar8_projection/1024,67,0,runtime/stress_0_1/scalar8_projection/1024,iteration,5,4,1,33426,832.364626338626,832.3596003110985,ns,8557056.0,256.0,307559376.8658627,48.0,960.0,7040.0,1.0,48.0,48.0,48.0,1.0
runtime/stress_0_1/scalar8_projection/65536,67,1,runtime/stress_0_1/scalar8_projection/65536,iteration,5,0,1,25669,1089.2504577505053,1089.2536133077767,ns,6571264.0,256.0,235023319.52114928,48.0,960.0,7040.0,1.0,48.0,48.0,48.0,1.0
runtime/stress_0_1/scalar8_projection/65536,67,1,runtime/stress_0_1/scalar8_projection/65536,iteration,5,1,1,25669,1091.0841871520372,1090.2583661225467,ns,6571264.0,256.0,234806728.34499967,48.0,960.0,7040.0,1.0,48.0,48.0,48.0,1.0
runtime/stress_0_1/scalar8_projection/65536,67,1,runtime/stress_0_1/scalar8_projection/65536,iteration,5,2,1,25669,1091.7745140055354,1089.7787603724596,ns,6571264.0,256.0,234910065.5187164,48.0,960.0,7040.0,1.0,48.0,48.0,48.0,1.0
runtime/stress_0_1/scalar8_projection/65536,67,1,runtime/stress_0_1/scalar8_projection/65536,iteration,5,3,1,25669,1089.5418598305873,1089.2723129066776,ns,6571264.0,256.0,235019284.8626389,48.0,960.0,7040.0,1.0,48.0,48.0,48.0,1.0
runtime/stress_0_1/scalar8_projection/65536,67,1,runtime/stress_0_1/scalar8_projection/65536,iteration,5,4,1,25669,1090.8399236435216,1090.035529237697,ns,6571264.0,256.0,234854730.0830006,48.0,960.0,7040.0,1.0,48.0,48.0,48.0,1.0
runtime/stress_0_1/write_scalar/1024,68,0,runtime/stress_0_1/write_scalar/1024,iteration,5,0,1,1747,15964.739553522599,15946.543789352767,ns,447232.0,256.0,16053635.407248987,48.0,960.0,7040.0,1.0,48.0,48.0,48.0,1.0
runtime/stress_0_1/write_scalar/1024,68,0,runtime/stress_0_1/write_scalar/1024,iteration,5,1,1,1747,15950.760732683322,15950.733257010503,ns,447232.0,256.0,16049418.91229267,48.0,960.0,7040.0,1.0,48.0,48.0,48.0,1.0
runtime/stress_0_1/write_scalar/1024,68,0,runtime/stress_0_1/write_scalar/1024,iteration,5,2,1,1747,15950.789925593957,15949.262163707994,ns,447232.0,256.0,16050899.24363519,48.0,960.0,7040.0,1.0,48.0,48.0,48.0,1.0
runtime/stress_0_1/write_scalar/1024,68,0,runtime/stress_0_1/write_scalar/1024,iteration,5,3,1,1747,15964.81396679646,15951.677733258395,ns,447232.0,256.0,16048468.648927987,48.0,960.0,7040.0,1.0,48.0,48.0,48.0,1.0
runtime/stress_0_1/write_scalar/1024,68,0,runtime/stress_0_1/write_scalar/1024,iteration,5,4,1,1747,15981.81453921382,15961.03720664094,ns,447232.0,256.0,16039057.90617953,48.0,960.0,7040.0,1.0,48.0,48.0,48.0,1.0
runtime/stress_0_1/write_scalar/65536,68,1,runtime/stress_0_1/write_scalar/65536,iteration,5,0,1,1746,16060.280641466856,16044.64032073378,ns,446976.0,256.0,15955483.880133012,48.0,960.0,7040.0,1.0,48.0,48.0,48.0,1.0
runtime/stress_0_1/write_scalar/65536,68,1,runtime/stress_0_1/write_scalar/65536,iteration,5,1,1,1746,16052.067583051741,16038.036082473785,ns,446976.0,256.0,15962054.124554215,48.0,960.0,7040.0,1.0,48.0,48.0,48.0,1.0
runtime/stress_0_1/write_scalar/65536,68,1,runtime/stress_0_1/write_scalar/65536,iteration,5,2,1,1746,16037.491408933964,16037.58419244069,ns,446976.0,256.0,15962503.886381185,48.0,960.0,7040.0,1.0,48.0,48.0,48.0,1.0
runtime/stress_0_1/write_scalar/65536,68,1,runtime/stress_0_1/write_scalar/65536,iteration,5,3,1,1746,16068.10423826386,16038.334478808534,ns,446976.0,256.0,15961757.147430303,48.0,960.0,7040.0,1.0,48.0,48.0,48.0,1.0
runtime/stress_0_1/write_scalar/65536,68,1,runtime/stress_0_1/write_scalar/65536,iteration,5,4,1,1746,16029.455899195898,16029.599656358876,ns,446976.0,256.0,15970455.00125425,48.0,960.0,7040.0,1.0,48.0,48.0,48.0,1.0
runtime/stress_0_1/write_native/1024,69,0,runtime/stress_0_1/write_native/1024,iteration,5,0,1,22177,1261.8523244806872,1260.531226044998,ns,5677312.0,256.0,203088979.24188465,48.0,960.0,7040.0,1.0,48.0,48.0,48.0,1.0
runtime/stress_0_1/write_native/1024,69,0,runtime/stress_0_1/write_native/1024,iteration,5,1,1,22177,1261.7634937100884,1261.51111511912,ns,5677312.0,256.0,202931228.21658757,48.0,960.0,7040.0,1.0,48.0,48.0,48.0,1.0
runtime/stress_0_1/write_native/1024,69,0,runtime/stress_0_1/write_native/1024,iteration,5,2,1,22177,1260.7985300085732,1260.7959146863363,ns,5677312.0,256.0,203046343.2011423,48.0,960.0,7040.0,1.0,48.0,48.0,48.0,1.0
runtime/stress_0_1/write_native/1024,69,0,runtime/stress_0_1/write_native/1024,iteration,5,3,1,22177,1261.4117779682888,1261.3275916490522,ns,5677312.0,256.0,202960754.7594413,48.0,960.0,7040.0,1.0,48.0,48.0,48.0,1.0
runtime/stress_0_1/write_native/1024,69,0,runtime/stress_0_1/write_native/1024,iteration,5,4,1,22177,1261.0893718711586,1261.0872525589828,ns,5677312.0,256.0,202999435.1941374,48.0,960.0,7040.0,1.0,48.0,48.0,48.0,1.0
runtime/stress_0_1/write_native/65536,69,1,runtime/stress_0_1/write_native/65536,iteration,5,0,1,20934,1337.784943154762,1337.3206745008383,ns,5359104.0,256.0,191427534.8323268,48.0,960.0,7040.0,1.0,48.0,48.0,48.0,1.0
runtime/stress_0_1/write_native/65536,69,1,runtime/stress_0_1/write_native/65536,iteration,5,1,1,20934,1343.116938950999,1340.799703831142,ns,5359104.0,256.0,190930829.76414514,48.0,960.0,7040.0,1.0,48.0,48.0,48.0,1.0
runtime/stress_0_1/write_native/65536,69,1,runtime/stress_0_1/write_native/65536,iteration,5,2,1,20934,1340.7705168625353,1339.31221935609,ns,5359104.0,256.0,191142883.8624938,48.0,960.0,7040.0,1.0,48.0,48.0,48.0,1.0
runtime/stress_0_1/write_native/65536,69,1,runtime/stress_0_1/write_native/65536,iteration,5,3,1,20934,1338.1379573896563,1338.1480844558325,ns,5359104.0,256.0,191309170.4675602,48.0,960.0,7040.0,1.0,48.0,48.0,48.0,1.0
runtime/stress_0_1/write_native/65536,69,1,runtime/stress_0_1/write_native/65536,iteration,5,4,1,20934,1341.5424668004957,1340.6019394286636,ns,5359104.0,256.0,190958995.70986882,48.0,960.0,7040.0,1.0,48.0,48.0,48.0,1.0
runtime/stress_0_1/prepare_read,70,0,runtime/stress_0_1/prepare_read,iteration,5,0,1,104545,267.37931034472535,267.3798938256054,ns,0.0,1.0,3739996.9971273732,,960.0,7040.0,104545.0,,,,0.0
runtime/stress_0_1/prepare_read,70,0,runtime/stress_0_1/prepare_read,iteration,5,1,1,104545,267.8672342054674,267.6458175905072,ns,0.0,1.0,3736281.0635433886,,960.0,7040.0,104545.0,,,,0.0
runtime/stress_0_1/prepare_read,70,0,runtime/stress_0_1/prepare_read,iteration,5,2,1,104545,268.0227653162916,268.004897412569,ns,0.0,1.0,3731275.098531471,,960.0,7040.0,104545.0,,,,0.0
runtime/stress_0_1/prepare_read,70,0,runtime/stress_0_1/prepare_read,iteration,5,3,1,104545,268.21254005451266,267.96394853892235,ns,0.0,1.0,3731845.2928183656,,960.0,7040.0,104545.0,,,,0.0
runtime/stress_0_1/prepare_read,70,0,runtime/stress_0_1/prepare_read,iteration,5,4,1,104545,267.7991199961786,267.7452962838999,ns,0.0,1.0,3734892.877220387,,960.0,7040.0,104545.0,,,,0.0
runtime/stress_0_1/prepare_write,71,0,runtime/stress_0_1/prepare_write,iteration,5,0,1,57476,484.04132159523823,484.0404864639221,ns,0.0,1.0,2065942.8869376918,,960.0,7040.0,0.0,,,,57476.0
runtime/stress_0_1/prepare_write,71,0,runtime/stress_0_1/prepare_write,iteration,5,1,1,57476,483.85256454871586,483.26626765959156,ns,0.0,1.0,2069252.6396325906,,960.0,7040.0,0.0,,,,57476.0
runtime/stress_0_1/prepare_write,71,0,runtime/stress_0_1/prepare_write,iteration,5,2,1,57476,484.34684042029915,484.34600528916843,ns,0.0,1.0,2064639.7184652556,,960.0,7040.0,0.0,,,,57476.0
runtime/stress_0_1/prepare_write,71,0,runtime/stress_0_1/prepare_write,iteration,5,3,1,57476,483.57714524310154,483.50930823300683,ns,0.0,1.0,2068212.510022852,,960.0,7040.0,0.0,,,,57476.0
runtime/stress_0_1/prepare_write,71,0,runtime/stress_0_1/prepare_write,iteration,5,4,1,57476,487.49632890243817,487.46767346368597,ns,0.0,1.0,2051418.0825459294,,960.0,7040.0,0.0,,,,57476.0
runtime/stress_1_0/read_inline/1024,72,0,runtime/stress_1_0/read_inline/1024,iteration,5,0,1,39751,691.0369298886917,690.4422781816811,ns,10176256.0,256.0,370776831.15551746,48.0,960.0,7040.0,1.0,48.0,48.0,48.0,1.0
runtime/stress_1_0/read_inline/1024,72,0,runtime/stress_1_0/read_inline/1024,iteration,5,1,1,39751,696.1573042185677,694.7133657014978,ns,10176256.0,256.0,368497300.6694638,48.0,960.0,7040.0,1.0,48.0,48.0,48.0,1.0
runtime/stress_1_0/read_inline/1024,72,0,runtime/stress_1_0/read_inline/1024,iteration,5,2,1,39751,690.6945234079949,690.6930894820432,ns,10176256.0,256.0,370642191.0084212,48.0,960.0,7040.0,1.0,48.0,48.0,48.0,1.0
runtime/stress_1_0/read_inline/1024,72,0,runtime/stress_1_0/read_inline/1024,iteration,5,3,1,39751,692.4934970187614,692.2819803275526,ns,10176256.0,256.0,369791511.65956086,48.0,960.0,7040.0,1.0,48.0,48.0,48.0,1.0
runtime/stress_1_0/read_inline/1024,72,0,runtime/stress_1_0/read_inline/1024,iteration,5,4,1,39751,695.6710271437609,695.6695680611178,ns,10176256.0,256.0,367990798.7257381,48.0,960.0,7040.0,1.0,48.0,48.0,48.0,1.0
runtime/stress_1_0/read_inline/65536,72,1,runtime/stress_1_0/read_inline/65536,iteration,5,0,1,34382,812.6685474959397,810.6268105404642,ns,8801792.0,256.0,315805000.11999196,48.0,960.0,7040.0,1.0,48.0,48.0,48.0,1.0
runtime/stress_1_0/read_inline/65536,72,1,runtime/stress_1_0/read_inline/65536,iteration,5,1,1,34382,809.7527485311813,808.8989005875203,ns,8801792.0,256.0,316479599.38388073,48.0,960.0,7040.0,1.0,48.0,48.0,48.0,1.0
runtime/stress_1_0/read_inline/65536,72,1,runtime/stress_1_0/read_inline/65536,iteration,5,2,1,34382,814.7868070501679,813.2439066953876,ns,8801792.0,256.0,314788709.62618667,48.0,960.0,7040.0,1.0,48.0,48.0,48.0,1.0
runtime/stress_1_0/read_inline/65536,72,1,runtime/stress_1_0/read_inline/65536,iteration,5,3,1,34382,809.7937583621999,809.609999418242,ns,8801792.0,256.0,316201628.17153054,48.0,960.0,7040.0,1.0,48.0,48.0,48.0,1.0
runtime/stress_1_0/read_inline/65536,72,1,runtime/stress_1_0/read_inline/65536,iteration,5,4,1,34382,810.9170496193003,810.3351172125014,ns,8801792.0,256.0,315918679.27509165,48.0,960.0,7040.0,1.0,48.0,48.0,48.0,1.0
runtime/stress_1_0/read_bound/1024,73,0,runtime/stress_1_0/read_bound/1024,iteration,5,0,1,33896,827.9991739437725,826.5654059475656,ns,8677376.0,256.0,309715357.2578136,48.0,960.0,7040.0,1.0,48.0,48.0,48.0,1.0
runtime/stress_1_0/read_bound/1024,73,0,runtime/stress_1_0/read_bound/1024,iteration,5,1,1,33896,826.057646920074,826.0559063015679,ns,8677376.0,256.0,309906385.3270751,48.0,960.0,7040.0,1.0,48.0,48.0,48.0,1.0
runtime/stress_1_0/read_bound/1024,73,0,runtime/stress_1_0/read_bound/1024,iteration,5,2,1,33896,829.7869955159888,828.6816143497964,ns,8677376.0,256.0,308924435.5938363,48.0,960.0,7040.0,1.0,48.0,48.0,48.0,1.0
runtime/stress_1_0/read_bound/1024,73,0,runtime/stress_1_0/read_bound/1024,iteration,5,3,1,33896,826.2438045784758,826.2420639602841,ns,8677376.0,256.0,309836561.4223986,48.0,960.0,7040.0,1.0,48.0,48.0,48.0,1.0
runtime/stress_1_0/read_bound/1024,73,0,runtime/stress_1_0/read_bound/1024,iteration,5,4,1,33896,828.0086145856787,827.0852607977354,ns,8677376.0,256.0,309520689.2613277,48.0,960.0,7040.0,1.0,48.0,48.0,48.0,1.0
runtime/stress_1_0/read_bound/65536,73,1,runtime/stress_1_0/read_bound/65536,iteration,5,0,1,30428,921.1538714342048,920.4660838700725,ns,7789568.0,256.0,278119970.3998387,48.0,960.0,7040.0,1.0,48.0,48.0,48.0,1.0
runtime/stress_1_0/read_bound/65536,73,1,runtime/stress_1_0/read_bound/65536,iteration,5,1,1,30428,918.3778099117767,918.3834626002075,ns,7789568.0,256.0,278750663.9930018,48.0,960.0,7040.0,1.0,48.0,48.0,48.0,1.0
runtime/stress_1_0/read_bound/65536,73,1,runtime/stress_1_0/read_bound/65536,iteration,5,2,1,30428,920.1252136193899,919.484389378195,ns,7789568.0,256.0,278416907.29857963,48.0,960.0,7040.0,1.0,48.0,48.0,48.0,1.0
runtime/stress_1_0/read_bound/65536,73,1,runtime/stress_1_0/read_bound/65536,iteration,5,3,1,30428,919.5060470619479,919.5074273695567,ns,7789568.0,256.0,278409931.6438819,48.0,960.0,7040.0,1.0,48.0,48.0,48.0,1.0
runtime/stress_1_0/read_bound/65536,73,1,runtime/stress_1_0/read_bound/65536,iteration,5,4,1,30428,921.9662810573542,921.0359208622947,ns,7789568.0,256.0,277947899.96933776,48.0,960.0,7040.0,1.0,48.0,48.0,48.0,1.0
runtime/stress_1_0/weighted_bound/1024,74,0,runtime/stress_1_0/weighted_bound/1024,iteration,5,0,1,22546,1237.6182027851776,1235.4493923533605,ns,5771776.0,256.0,207212048.97948536,48.0,960.0,7040.0,1.0,48.0,48.0,48.0,1.0
runtime/stress_1_0/weighted_bound/1024,74,0,runtime/stress_1_0/weighted_bound/1024,iteration,5,1,1,22546,1226.5013306123733,1226.498314557006,ns,5771776.0,256.0,208724298.24126062,48.0,960.0,7040.0,1.0,48.0,48.0,48.0,1.0
runtime/stress_1_0/weighted_bound/1024,74,0,runtime/stress_1_0/weighted_bound/1024,iteration,5,2,1,22546,1223.6990153463676,1223.525281646341,ns,5771776.0,256.0,209231475.5078323,48.0,960.0,7040.0,1.0,48.0,48.0,48.0,1.0
runtime/stress_1_0/weighted_bound/1024,74,0,runtime/stress_1_0/weighted_bound/1024,iteration,5,3,1,22546,1224.5222655905138,1224.4461101747634,ns,5771776.0,256.0,209074125.7395652,48.0,960.0,7040.0,1.0,48.0,48.0,48.0,1.0
runtime/stress_1_0/weighted_bound/1024,74,0,runtime/stress_1_0/weighted_bound/1024,iteration,5,4,1,22546,1227.4132440348988,1227.2811585204677,ns,5771776.0,256.0,208591159.59102428,48.0,960.0,7040.0,1.0,48.0,48.0,48.0,1.0
runtime/stress_1_0/weighted_bound/65536,74,1,runtime/stress_1_0/weighted_bound/65536,iteration,5,0,1,20038,1394.0278470904552,1394.0403732908248,ns,5129728.0,256.0,183638870.79947093,48.0,960.0,7040.0,1.0,48.0,48.0,48.0,1.0
runtime/stress_1_0/weighted_bound/65536,74,1,runtime/stress_1_0/weighted_bound/65536,iteration,5,1,1,20038,1393.6011078952552,1392.581694779867,ns,5129728.0,256.0,183831225.8157805,48.0,960.0,7040.0,1.0,48.0,48.0,48.0,1.0
runtime/stress_1_0/weighted_bound/65536,74,1,runtime/stress_1_0/weighted_bound/65536,iteration,5,2,1,20038,1394.8582193835443,1393.2952889511216,ns,5129728.0,256.0,183737074.28000984,48.0,960.0,7040.0,1.0,48.0,48.0,48.0,1.0
runtime/stress_1_0/weighted_bound/65536,74,1,runtime/stress_1_0/weighted_bound/65536,iteration,5,3,1,20038,1396.4038327175515,1393.7015670227145,ns,5129728.0,256.0,183683513.06863943,48.0,960.0,7040.0,1.0,48.0,48.0,48.0,1.0
runtime/stress_1_0/weighted_bound/65536,74,1,runtime/stress_1_0/weighted_bound/65536,iteration,5,4,1,20038,1392.2961373396672,1392.3026749175679,ns,5129728.0,256.0,183868065.91114008,48.0,960.0,7040.0,1.0,48.0,48.0,48.0,1.0
runtime/stress_1_0/scalar64/1024,75,0,runtime/stress_1_0/scalar64/1024,iteration,5,0,1,6089,4596.012481523527,4596.002791919688,ns,1558784.0,256.0,55700575.38913554,48.0,960.0,7040.0,1.0,48.0,48.0,48.0,1.0
runtime/stress_1_0/scalar64/1024,75,0,runtime/stress_1_0/scalar64/1024,iteration,5,1,1,6089,4606.079816061006,4604.984726556336,ns,1558784.0,256.0,55591932.48213875,48.0,960.0,7040.0,1.0,48.0,48.0,48.0,1.0
runtime/stress_1_0/scalar64/1024,75,0,runtime/stress_1_0/scalar64/1024,iteration,5,2,1,6089,4619.803087535952,4619.791591394419,ns,1558784.0,256.0,55413755.13061402,48.0,960.0,7040.0,1.0,48.0,48.0,48.0,1.0
runtime/stress_1_0/scalar64/1024,75,0,runtime/stress_1_0/scalar64/1024,iteration,5,3,1,6089,4606.478896368939,4601.122023321131,ns,1558784.0,256.0,55638602.65005903,48.0,960.0,7040.0,1.0,48.0,48.0,48.0,1.0
runtime/stress_1_0/scalar64/1024,75,0,runtime/stress_1_0/scalar64/1024,iteration,5,4,1,6089,4604.242075874595,4600.085728362451,ns,1558784.0,256.0,55651136.765038386,48.0,960.0,7040.0,1.0,48.0,48.0,48.0,1.0
runtime/stress_1_0/scalar64/65536,75,1,runtime/stress_1_0/scalar64/65536,iteration,5,0,1,4456,6236.478680432493,6236.631956911973,ns,1140736.0,256.0,41047796.5941663,48.0,960.0,7040.0,1.0,48.0,48.0,48.0,1.0
runtime/stress_1_0/scalar64/65536,75,1,runtime/stress_1_0/scalar64/65536,iteration,5,1,1,4456,6197.645646319597,6193.3776929983,ns,1140736.0,256.0,41334472.510761224,48.0,960.0,7040.0,1.0,48.0,48.0,48.0,1.0
runtime/stress_1_0/scalar64/65536,75,1,runtime/stress_1_0/scalar64/65536,iteration,5,2,1,4456,6148.810143627383,6131.9907989232415,ns,1140736.0,256.0,41748268.77511832,48.0,960.0,7040.0,1.0,48.0,48.0,48.0,1.0
runtime/stress_1_0/scalar64/65536,75,1,runtime/stress_1_0/scalar64/65536,iteration,5,3,1,4456,6133.619389585928,6127.639362657069,ns,1140736.0,256.0,41777915.580363594,48.0,960.0,7040.0,1.0,48.0,48.0,48.0,1.0
runtime/stress_1_0/scalar64/65536,75,1,runtime/stress_1_0/scalar64/65536,iteration,5,4,1,4456,6135.311490124211,6130.924820466728,ns,1140736.0,256.0,41755527.50955304,48.0,960.0,7040.0,1.0,48.0,48.0,48.0,1.0
runtime/stress_1_0/scalar8_projection/1024,76,0,runtime/stress_1_0/scalar8_projection/1024,iteration,5,0,1,33755,832.045356243553,831.01499037183,ns,8641280.0,256.0,308057018.1838178,48.0,960.0,7040.0,1.0,48.0,48.0,48.0,1.0
runtime/stress_1_0/scalar8_projection/1024,76,0,runtime/stress_1_0/scalar8_projection/1024,iteration,5,1,1,33755,831.8503925346553,831.3391201303642,ns,8641280.0,256.0,307936910.2224566,48.0,960.0,7040.0,1.0,48.0,48.0,48.0,1.0
runtime/stress_1_0/scalar8_projection/1024,76,0,runtime/stress_1_0/scalar8_projection/1024,iteration,5,2,1,33755,830.4843726853366,829.763353577181,ns,8641280.0,256.0,308521699.4657116,48.0,960.0,7040.0,1.0,48.0,48.0,48.0,1.0
runtime/stress_1_0/scalar8_projection/1024,76,0,runtime/stress_1_0/scalar8_projection/1024,iteration,5,3,1,33755,831.2442601097767,831.1417864020138,ns,8641280.0,256.0,308010022.10250527,48.0,960.0,7040.0,1.0,48.0,48.0,48.0,1.0
runtime/stress_1_0/scalar8_projection/1024,76,0,runtime/stress_1_0/scalar8_projection/1024,iteration,5,4,1,33755,830.7557398903351,829.740838394382,ns,8641280.0,256.0,308530071.2634339,48.0,960.0,7040.0,1.0,48.0,48.0,48.0,1.0
runtime/stress_1_0/scalar8_projection/65536,76,1,runtime/stress_1_0/scalar8_projection/65536,iteration,5,0,1,25634,1091.6002184598979,1090.7864944995615,ns,6562304.0,256.0,234693041.4805415,48.0,960.0,7040.0,1.0,48.0,48.0,48.0,1.0
runtime/stress_1_0/scalar8_projection/65536,76,1,runtime/stress_1_0/scalar8_projection/65536,iteration,5,1,1,25634,1089.9984395724464,1089.9942264179708,ns,6562304.0,256.0,234863629.3618622,48.0,960.0,7040.0,1.0,48.0,48.0,48.0,1.0
runtime/stress_1_0/scalar8_projection/65536,76,1,runtime/stress_1_0/scalar8_projection/65536,iteration,5,2,1,25634,1092.4974643052117,1090.596161348191,ns,6562304.0,256.0,234734000.60709345,48.0,960.0,7040.0,1.0,48.0,48.0,48.0,1.0
runtime/stress_1_0/scalar8_projection/65536,76,1,runtime/stress_1_0/scalar8_projection/65536,iteration,5,3,1,25634,1090.1934930171522,1090.1974330966443,ns,6562304.0,256.0,234819852.10040942,48.0,960.0,7040.0,1.0,48.0,48.0,48.0,1.0
runtime/stress_1_0/scalar8_projection/65536,76,1,runtime/stress_1_0/scalar8_projection/65536,iteration,5,4,1,25634,1091.9754622765677,1091.1973160645678,ns,6562304.0,256.0,234604682.60980594,48.0,960.0,7040.0,1.0,48.0,48.0,48.0,1.0
runtime/stress_1_0/write_scalar/1024,77,0,runtime/stress_1_0/write_scalar/1024,iteration,5,0,1,1756,15956.577448746335,15947.92767653729,ns,449536.0,256.0,16052242.347237948,48.0,960.0,7040.0,1.0,48.0,48.0,48.0,1.0
runtime/stress_1_0/write_scalar/1024,77,0,runtime/stress_1_0/write_scalar/1024,iteration,5,1,1,1756,15937.829726651255,15937.797266513917,ns,449536.0,256.0,16062445.501039743,48.0,960.0,7040.0,1.0,48.0,48.0,48.0,1.0
runtime/stress_1_0/write_scalar/1024,77,0,runtime/stress_1_0/write_scalar/1024,iteration,5,2,1,1756,15948.387813211184,15946.806378132114,ns,449536.0,256.0,16053371.059364794,48.0,960.0,7040.0,1.0,48.0,48.0,48.0,1.0
runtime/stress_1_0/write_scalar/1024,77,0,runtime/stress_1_0/write_scalar/1024,iteration,5,3,1,1756,15957.784738042965,15937.46070614993,ns,449536.0,256.0,16062784.700778274,48.0,960.0,7040.0,1.0,48.0,48.0,48.0,1.0
runtime/stress_1_0/write_scalar/1024,77,0,runtime/stress_1_0/write_scalar/1024,iteration,5,4,1,1756,15942.061503416757,15940.678815490568,ns,449536.0,256.0,16059541.940662438,48.0,960.0,7040.0,1.0,48.0,48.0,48.0,1.0
runtime/stress_1_0/write_scalar/65536,77,1,runtime/stress_1_0/write_scalar/65536,iteration,5,0,1,1744,16031.628440372057,16028.670871560385,ns,446464.0,256.0,15971380.412721552,48.0,960.0,7040.0,1.0,48.0,48.0,48.0,1.0
runtime/stress_1_0/write_scalar/65536,77,1,runtime/stress_1_0/write_scalar/65536,iteration,5,1,1,1744,16033.07912843918,16021.348050458593,ns,446464.0,256.0,15978680.395291222,48.0,960.0,7040.0,1.0,48.0,48.0,48.0,1.0
runtime/stress_1_0/write_scalar/65536,77,1,runtime/stress_1_0/write_scalar/65536,iteration,5,2,1,1744,16039.33486238431,16034.754587154881,ns,446464.0,256.0,15965320.741801465,48.0,960.0,7040.0,1.0,48.0,48.0,48.0,1.0
runtime/stress_1_0/write_scalar/65536,77,1,runtime/stress_1_0/write_scalar/65536,iteration,5,3,1,1744,16035.87729358016,16023.35550458609,ns,446464.0,256.0,15976678.538195668,48.0,960.0,7040.0,1.0,48.0,48.0,48.0,1.0
runtime/stress_1_0/write_scalar/65536,77,1,runtime/stress_1_0/write_scalar/65536,iteration,5,4,1,1744,16045.67087156544,16026.54873853043,ns,446464.0,256.0,15973495.240714826,48.0,960.0,7040.0,1.0,48.0,48.0,48.0,1.0
runtime/stress_1_0/write_native/1024,78,0,runtime/stress_1_0/write_native/1024,iteration,5,0,1,21271,1316.5554040711486,1316.5526773541308,ns,5445376.0,256.0,194447213.85131505,48.0,960.0,7040.0,1.0,48.0,48.0,48.0,1.0
runtime/stress_1_0/write_native/1024,78,0,runtime/stress_1_0/write_native/1024,iteration,5,1,1,21271,1316.5267265289206,1316.224013915677,ns,5445376.0,256.0,194495767.6607171,48.0,960.0,7040.0,1.0,48.0,48.0,48.0,1.0
runtime/stress_1_0/write_native/1024,78,0,runtime/stress_1_0/write_native/1024,iteration,5,2,1,21271,1316.2145644305156,1316.2118377133306,ns,5445376.0,256.0,194497566.93022278,48.0,960.0,7040.0,1.0,48.0,48.0,48.0,1.0
runtime/stress_1_0/write_native/1024,78,0,runtime/stress_1_0/write_native/1024,iteration,5,3,1,21271,1316.471204926655,1316.3354332189865,ns,5445376.0,256.0,194479304.848593,48.0,960.0,7040.0,1.0,48.0,48.0,48.0,1.0
runtime/stress_1_0/write_native/1024,78,0,runtime/stress_1_0/write_native/1024,iteration,5,4,1,21271,1316.437826148281,1316.3542851769412,ns,5445376.0,256.0,194476519.64424542,48.0,960.0,7040.0,1.0,48.0,48.0,48.0,1.0
runtime/stress_1_0/write_native/65536,78,1,runtime/stress_1_0/write_native/65536,iteration,5,0,1,19716,1422.9798133494721,1421.6398863867332,ns,5047296.0,256.0,180073732.06913492,48.0,960.0,7040.0,1.0,48.0,48.0,48.0,1.0
runtime/stress_1_0/write_native/65536,78,1,runtime/stress_1_0/write_native/65536,iteration,5,1,1,19716,1422.0835869341036,1420.4966017448241,ns,5047296.0,256.0,180218664.1527689,48.0,960.0,7040.0,1.0,48.0,48.0,48.0,1.0
runtime/stress_1_0/write_native/65536,78,1,runtime/stress_1_0/write_native/65536,iteration,5,2,1,19716,1422.0830797321498,1421.0221140191734,ns,5047296.0,256.0,180152016.97033256,48.0,960.0,7040.0,1.0,48.0,48.0,48.0,1.0
runtime/stress_1_0/write_native/65536,78,1,runtime/stress_1_0/write_native/65536,iteration,5,3,1,19716,1427.075471697772,1423.6788395211047,ns,5047296.0,256.0,179815835.49146023,48.0,960.0,7040.0,1.0,48.0,48.0,48.0,1.0
runtime/stress_1_0/write_native/65536,78,1,runtime/stress_1_0/write_native/65536,iteration,5,4,1,19716,1423.5301278153656,1422.0781091500107,ns,5047296.0,256.0,180018241.15906936,48.0,960.0,7040.0,1.0,48.0,48.0,48.0,1.0
runtime/stress_1_0/prepare_read,79,0,runtime/stress_1_0/prepare_read,iteration,5,0,1,104573,267.3166017996871,267.15482964052603,ns,0.0,1.0,3743147.7519817413,,960.0,7040.0,104573.0,,,,0.0
runtime/stress_1_0/prepare_read,79,0,runtime/stress_1_0/prepare_read,iteration,5,1,1,104573,267.197173266514,267.1680166008352,ns,0.0,1.0,3742962.9965553065,,960.0,7040.0,104573.0,,,,0.0
runtime/stress_1_0/prepare_read,79,0,runtime/stress_1_0/prepare_read,iteration,5,2,1,104573,267.6353360809773,267.61536916795836,ns,0.0,1.0,3736706.1656776103,,960.0,7040.0,104573.0,,,,0.0
runtime/stress_1_0/prepare_read,79,0,runtime/stress_1_0/prepare_read,iteration,5,3,1,104573,267.1241142550402,266.8725292379526,ns,0.0,1.0,3747107.2907184316,,960.0,7040.0,104573.0,,,,0.0
runtime/stress_1_0/prepare_read,79,0,runtime/stress_1_0/prepare_read,iteration,5,4,1,104573,267.39214711253027,267.1349392290621,ns,0.0,1.0,3743426.4603722347,,960.0,7040.0,104573.0,,,,0.0
runtime/stress_1_0/prepare_write,80,0,runtime/stress_1_0/prepare_write,iteration,5,0,1,60895,460.59857131133265,459.99886690207427,ns,0.0,1.0,2173918.3983965823,,960.0,7040.0,0.0,,,,60895.0
runtime/stress_1_0/prepare_write,80,0,runtime/stress_1_0/prepare_write,iteration,5,1,1,60895,460.2661959110899,460.2654076689687,ns,0.0,1.0,2172659.477201507,,960.0,7040.0,0.0,,,,60895.0
runtime/stress_1_0/prepare_write,80,0,runtime/stress_1_0/prepare_write,iteration,5,2,1,60895,460.4997126201311,460.4700057476381,ns,0.0,1.0,2171694.111490191,,960.0,7040.0,0.0,,,,60895.0
runtime/stress_1_0/prepare_write,80,0,runtime/stress_1_0/prepare_write,iteration,5,3,1,60895,459.75548074562374,459.7546925034442,ns,0.0,1.0,2175072.960223258,,960.0,7040.0,0.0,,,,60895.0
runtime/stress_1_0/prepare_write,80,0,runtime/stress_1_0/prepare_write,iteration,5,4,1,60895,459.91509976186836,459.88966253384854,ns,0.0,1.0,2174434.612185697,,960.0,7040.0,0.0,,,,60895.0
runtime/stress_1_1/read_inline/1024,81,0,runtime/stress_1_1/read_inline/1024,iteration,5,0,1,40079,694.2243818459867,693.6837495945382,ns,10260224.0,256.0,369044251.28833324,48.0,960.0,7040.0,1.0,48.0,48.0,48.0,1.0
runtime/stress_1_1/read_inline/1024,81,0,runtime/stress_1_1/read_inline/1024,iteration,5,1,1,40079,700.2612340626705,700.1035953991071,ns,10260224.0,256.0,365660170.4124407,48.0,960.0,7040.0,1.0,48.0,48.0,48.0,1.0
runtime/stress_1_1/read_inline/1024,81,0,runtime/stress_1_1/read_inline/1024,iteration,5,2,1,40079,691.1871304174682,691.1467601486884,ns,10260224.0,256.0,370398900.43747866,48.0,960.0,7040.0,1.0,48.0,48.0,48.0,1.0
runtime/stress_1_1/read_inline/1024,81,0,runtime/stress_1_1/read_inline/1024,iteration,5,3,1,40079,690.5923051969928,690.5906085481776,ns,10260224.0,256.0,370697192.85379,48.0,960.0,7040.0,1.0,48.0,48.0,48.0,1.0
runtime/stress_1_1/read_inline/1024,81,0,runtime/stress_1_1/read_inline/1024,iteration,5,4,1,40079,690.2350108535428,690.0107537613599,ns,10260224.0,256.0,371008710.5229922,48.0,960.0,7040.0,1.0,48.0,48.0,48.0,1.0
runtime/stress_1_1/read_inline/65536,81,1,runtime/stress_1_1/read_inline/65536,iteration,5,0,1,34685,809.2065734467045,808.5985872856293,ns,8879360.0,256.0,316597139.82355815,48.0,960.0,7040.0,1.0,48.0,48.0,48.0,1.0
runtime/stress_1_1/read_inline/65536,81,1,runtime/stress_1_1/read_inline/65536,iteration,5,1,1,34685,806.804670607041,806.8127720916835,ns,8879360.0,256.0,317297902.13448554,48.0,960.0,7040.0,1.0,48.0,48.0,48.0,1.0
runtime/stress_1_1/read_inline/65536,81,1,runtime/stress_1_1/read_inline/65536,iteration,5,2,1,34685,809.6254865215611,809.0212483782615,ns,8879360.0,256.0,316431738.3667852,48.0,960.0,7040.0,1.0,48.0,48.0,48.0,1.0
runtime/stress_1_1/read_inline/65536,81,1,runtime/stress_1_1/read_inline/65536,iteration,5,3,1,34685,809.02522704331,808.6772956609647,ns,8879360.0,256.0,316566325.4966999,48.0,960.0,7040.0,1.0,48.0,48.0,48.0,1.0
runtime/stress_1_1/read_inline/65536,81,1,runtime/stress_1_1/read_inline/65536,iteration,5,4,1,34685,812.397866512861,811.8466484071264,ns,8879360.0,256.0,315330488.21754897,48.0,960.0,7040.0,1.0,48.0,48.0,48.0,1.0
runtime/stress_1_1/read_bound/1024,82,0,runtime/stress_1_1/read_bound/1024,iteration,5,0,1,33811,825.446452338024,824.8771405755485,ns,8655616.0,256.0,310349247.6726642,48.0,960.0,7040.0,1.0,48.0,48.0,48.0,1.0
runtime/stress_1_1/read_bound/1024,82,0,runtime/stress_1_1/read_bound/1024,iteration,5,1,1,33811,824.3148383662319,824.3131525243116,ns,8655616.0,256.0,310561585.98955476,48.0,960.0,7040.0,1.0,48.0,48.0,48.0,1.0
runtime/stress_1_1/read_bound/1024,82,0,runtime/stress_1_1/read_bound/1024,iteration,5,2,1,33811,827.6143562744114,826.5724172606429,ns,8655616.0,256.0,309712730.13006383,48.0,960.0,7040.0,1.0,48.0,48.0,48.0,1.0
runtime/stress_1_1/read_bound/1024,82,0,runtime/stress_1_1/read_bound/1024,iteration,5,3,1,33811,848.6147111884334,829.8687409422475,ns,8655616.0,256.0,308482519.42750984,48.0,960.0,7040.0,1.0,48.0,48.0,48.0,1.0
runtime/stress_1_1/read_bound/1024,82,0,runtime/stress_1_1/read_bound/1024,iteration,5,4,1,33811,826.1500695040406,825.6082931591047,ns,8655616.0,256.0,310074404.6797816,48.0,960.0,7040.0,1.0,48.0,48.0,48.0,1.0
runtime/stress_1_1/read_bound/65536,82,1,runtime/stress_1_1/read_bound/65536,iteration,5,0,1,30515,919.7067016223796,918.8937243978585,ns,7811840.0,256.0,278595873.71516126,48.0,960.0,7040.0,1.0,48.0,48.0,48.0,1.0
runtime/stress_1_1/read_bound/65536,82,1,runtime/stress_1_1/read_bound/65536,iteration,5,1,1,30515,917.5402261183359,917.2941504177584,ns,7811840.0,256.0,279081688.1187036,48.0,960.0,7040.0,1.0,48.0,48.0,48.0,1.0
runtime/stress_1_1/read_bound/65536,82,1,runtime/stress_1_1/read_bound/65536,iteration,5,2,1,30515,919.1767982958452,919.1892839587357,ns,7811840.0,256.0,278506292.9557525,48.0,960.0,7040.0,1.0,48.0,48.0,48.0,1.0
runtime/stress_1_1/read_bound/65536,82,1,runtime/stress_1_1/read_bound/65536,iteration,5,3,1,30515,920.2605276093184,919.36890054082,ns,7811840.0,256.0,278451881.3388267,48.0,960.0,7040.0,1.0,48.0,48.0,48.0,1.0
runtime/stress_1_1/read_bound/65536,82,1,runtime/stress_1_1/read_bound/65536,iteration,5,4,1,30515,919.6149434705101,919.6232017040339,ns,7811840.0,256.0,278374881.71855575,48.0,960.0,7040.0,1.0,48.0,48.0,48.0,1.0
runtime/stress_1_1/weighted_bound/1024,83,0,runtime/stress_1_1/weighted_bound/1024,iteration,5,0,1,22347,1234.798809683674,1234.7957667695437,ns,5720832.0,256.0,207321734.40288335,48.0,960.0,7040.0,1.0,48.0,48.0,48.0,1.0
runtime/stress_1_1/weighted_bound/1024,83,0,runtime/stress_1_1/weighted_bound/1024,iteration,5,1,1,22347,1234.2210587551872,1232.9288495100147,ns,5720832.0,256.0,207635663.7300996,48.0,960.0,7040.0,1.0,48.0,48.0,48.0,1.0
runtime/stress_1_1/weighted_bound/1024,83,0,runtime/stress_1_1/weighted_bound/1024,iteration,5,2,1,22347,1231.9916767351856,1231.9166331050003,ns,5720832.0,256.0,207806269.61319736,48.0,960.0,7040.0,1.0,48.0,48.0,48.0,1.0
runtime/stress_1_1/weighted_bound/1024,83,0,runtime/stress_1_1/weighted_bound/1024,iteration,5,3,1,22347,1237.898554615761,1237.5831655256388,ns,5720832.0,256.0,206854785.3034742,48.0,960.0,7040.0,1.0,48.0,48.0,48.0,1.0
runtime/stress_1_1/weighted_bound/1024,83,0,runtime/stress_1_1/weighted_bound/1024,iteration,5,4,1,22347,1221.2309482253863,1221.0458227054448,ns,5720832.0,256.0,209656341.50632146,48.0,960.0,7040.0,1.0,48.0,48.0,48.0,1.0
runtime/stress_1_1/weighted_bound/65536,83,1,runtime/stress_1_1/weighted_bound/65536,iteration,5,0,1,20091,1395.6030063211172,1393.7117117115995,ns,5143296.0,256.0,183682176.054623,48.0,960.0,7040.0,1.0,48.0,48.0,48.0,1.0
runtime/stress_1_1/weighted_bound/65536,83,1,runtime/stress_1_1/weighted_bound/65536,iteration,5,1,1,20091,1396.220198098669,1393.5165496988786,ns,5143296.0,256.0,183707900.7460072,48.0,960.0,7040.0,1.0,48.0,48.0,48.0,1.0
runtime/stress_1_1/weighted_bound/65536,83,1,runtime/stress_1_1/weighted_bound/65536,iteration,5,2,1,20091,1397.7726345130536,1394.185057986136,ns,5143296.0,256.0,183619813.2619391,48.0,960.0,7040.0,1.0,48.0,48.0,48.0,1.0
runtime/stress_1_1/weighted_bound/65536,83,1,runtime/stress_1_1/weighted_bound/65536,iteration,5,3,1,20091,1392.2308496340693,1392.240903887342,ns,5143296.0,256.0,183876223.78082,48.0,960.0,7040.0,1.0,48.0,48.0,48.0,1.0
runtime/stress_1_1/weighted_bound/65536,83,1,runtime/stress_1_1/weighted_bound/65536,iteration,5,4,1,20091,1394.8315165998843,1393.771887909925,ns,5143296.0,256.0,183674245.56387988,48.0,960.0,7040.0,1.0,48.0,48.0,48.0,1.0
runtime/stress_1_1/scalar64/1024,84,0,runtime/stress_1_1/scalar64/1024,iteration,5,0,1,6096,4597.437500000971,4597.42979002658,ns,1560576.0,256.0,55683286.464831464,48.0,960.0,7040.0,1.0,48.0,48.0,48.0,1.0
runtime/stress_1_1/scalar64/1024,84,0,runtime/stress_1_1/scalar64/1024,iteration,5,1,1,6096,4627.101377952815,4623.838910761692,ns,1560576.0,256.0,55365250.59386826,48.0,960.0,7040.0,1.0,48.0,48.0,48.0,1.0
runtime/stress_1_1/scalar64/1024,84,0,runtime/stress_1_1/scalar64/1024,iteration,5,2,1,6096,4619.386482938935,4619.070045932271,ns,1560576.0,256.0,55422411.31966452,48.0,960.0,7040.0,1.0,48.0,48.0,48.0,1.0
runtime/stress_1_1/scalar64/1024,84,0,runtime/stress_1_1/scalar64/1024,iteration,5,3,1,6096,4610.413549867542,4605.499015748133,ns,1560576.0,256.0,55585724.61412512,48.0,960.0,7040.0,1.0,48.0,48.0,48.0,1.0
runtime/stress_1_1/scalar64/1024,84,0,runtime/stress_1_1/scalar64/1024,iteration,5,4,1,6096,4597.130905512474,4596.780183727235,ns,1560576.0,256.0,55691155.49754784,48.0,960.0,7040.0,1.0,48.0,48.0,48.0,1.0
runtime/stress_1_1/scalar64/65536,84,1,runtime/stress_1_1/scalar64/65536,iteration,5,0,1,5190,5346.073025048107,5346.239113680144,ns,1328640.0,256.0,47884128.3669745,48.0,960.0,7040.0,1.0,48.0,48.0,48.0,1.0
runtime/stress_1_1/scalar64/65536,84,1,runtime/stress_1_1/scalar64/65536,iteration,5,1,1,5190,5342.928516377531,5343.004238920989,ns,1328640.0,256.0,47913119.389869474,48.0,960.0,7040.0,1.0,48.0,48.0,48.0,1.0
runtime/stress_1_1/scalar64/65536,84,1,runtime/stress_1_1/scalar64/65536,iteration,5,2,1,5190,5351.832177265358,5347.901926782255,ns,1328640.0,256.0,47869239.84487334,48.0,960.0,7040.0,1.0,48.0,48.0,48.0,1.0
runtime/stress_1_1/scalar64/65536,84,1,runtime/stress_1_1/scalar64/65536,iteration,5,3,1,5190,5338.05375722448,5338.0637764931325,ns,1328640.0,256.0,47957463.73944233,48.0,960.0,7040.0,1.0,48.0,48.0,48.0,1.0
runtime/stress_1_1/scalar64/65536,84,1,runtime/stress_1_1/scalar64/65536,iteration,5,4,1,5190,5353.91714836158,5348.269942196159,ns,1328640.0,256.0,47865945.95389454,48.0,960.0,7040.0,1.0,48.0,48.0,48.0,1.0
runtime/stress_1_1/scalar8_projection/1024,85,0,runtime/stress_1_1/scalar8_projection/1024,iteration,5,0,1,33615,837.010560761728,835.4836233824343,ns,8605440.0,256.0,306409357.20988816,48.0,960.0,7040.0,1.0,48.0,48.0,48.0,1.0
runtime/stress_1_1/scalar8_projection/1024,85,0,runtime/stress_1_1/scalar8_projection/1024,iteration,5,1,1,33615,834.0943031385317,833.9831027815424,ns,8605440.0,256.0,306960655.61301655,48.0,960.0,7040.0,1.0,48.0,48.0,48.0,1.0
runtime/stress_1_1/scalar8_projection/1024,85,0,runtime/stress_1_1/scalar8_projection/1024,iteration,5,2,1,33615,833.1363974414675,832.9989885467797,ns,8605440.0,256.0,307323302.3327057,48.0,960.0,7040.0,1.0,48.0,48.0,48.0,1.0
runtime/stress_1_1/scalar8_projection/1024,85,0,runtime/stress_1_1/scalar8_projection/1024,iteration,5,3,1,33615,831.6483712625798,831.6466458426604,ns,8605440.0,256.0,307823041.52818376,48.0,960.0,7040.0,1.0,48.0,48.0,48.0,1.0
runtime/stress_1_1/scalar8_projection/1024,85,0,runtime/stress_1_1/scalar8_projection/1024,iteration,5,4,1,33615,835.7135207498904,834.7294660121696,ns,8605440.0,256.0,306686190.4648131,48.0,960.0,7040.0,1.0,48.0,48.0,48.0,1.0
runtime/stress_1_1/scalar8_projection/65536,85,1,runtime/stress_1_1/scalar8_projection/65536,iteration,5,0,1,25716,1088.3570539742602,1087.5564629024875,ns,6583296.0,256.0,235390077.41886178,48.0,960.0,7040.0,1.0,48.0,48.0,48.0,1.0
runtime/stress_1_1/scalar8_projection/65536,85,1,runtime/stress_1_1/scalar8_projection/65536,iteration,5,1,1,25716,1089.2953803080563,1088.0145045886422,ns,6583296.0,256.0,235290980.88337412,48.0,960.0,7040.0,1.0,48.0,48.0,48.0,1.0
runtime/stress_1_1/scalar8_projection/65536,85,1,runtime/stress_1_1/scalar8_projection/65536,iteration,5,2,1,25716,1089.0729506920852,1088.3326333799912,ns,6583296.0,256.0,235222203.34876022,48.0,960.0,7040.0,1.0,48.0,48.0,48.0,1.0
runtime/stress_1_1/scalar8_projection/65536,85,1,runtime/stress_1_1/scalar8_projection/65536,iteration,5,3,1,25716,1088.9842899359835,1088.2408617203291,ns,6583296.0,256.0,235242039.7036978,48.0,960.0,7040.0,1.0,48.0,48.0,48.0,1.0
runtime/stress_1_1/scalar8_projection/65536,85,1,runtime/stress_1_1/scalar8_projection/65536,iteration,5,4,1,25716,1091.9660911494884,1089.363859076002,ns,6583296.0,256.0,234999534.69829547,48.0,960.0,7040.0,1.0,48.0,48.0,48.0,1.0
runtime/stress_1_1/write_scalar/1024,86,0,runtime/stress_1_1/write_scalar/1024,iteration,5,0,1,1755,15953.521367519481,15938.833048434497,ns,449280.0,256.0,16061401.686188323,48.0,960.0,7040.0,1.0,48.0,48.0,48.0,1.0
runtime/stress_1_1/write_scalar/1024,86,0,runtime/stress_1_1/write_scalar/1024,iteration,5,1,1,1755,15937.789173785224,15936.61595441615,ns,449280.0,256.0,16063636.140335087,48.0,960.0,7040.0,1.0,48.0,48.0,48.0,1.0
runtime/stress_1_1/write_scalar/1024,86,0,runtime/stress_1_1/write_scalar/1024,iteration,5,2,1,1755,15942.99145299283,15942.957834758454,ns,449280.0,256.0,16057246.255890794,48.0,960.0,7040.0,1.0,48.0,48.0,48.0,1.0
runtime/stress_1_1/write_scalar/1024,86,0,runtime/stress_1_1/write_scalar/1024,iteration,5,3,1,1755,16206.82108262338,15979.744729344506,ns,449280.0,256.0,16020280.945407894,48.0,960.0,7040.0,1.0,48.0,48.0,48.0,1.0
runtime/stress_1_1/write_scalar/1024,86,0,runtime/stress_1_1/write_scalar/1024,iteration,5,4,1,1755,15940.837037036275,15939.573789173772,ns,449280.0,256.0,16060655.283886971,48.0,960.0,7040.0,1.0,48.0,48.0,48.0,1.0
runtime/stress_1_1/write_scalar/65536,86,1,runtime/stress_1_1/write_scalar/65536,iteration,5,0,1,1745,16021.358166190084,16021.393696274914,ns,446720.0,256.0,15978634.871167406,48.0,960.0,7040.0,1.0,48.0,48.0,48.0,1.0
runtime/stress_1_1/write_scalar/65536,86,1,runtime/stress_1_1/write_scalar/65536,iteration,5,1,1,1745,16045.621776501343,16031.811461316625,ns,446720.0,256.0,15968251.661249002,48.0,960.0,7040.0,1.0,48.0,48.0,48.0,1.0
runtime/stress_1_1/write_scalar/65536,86,1,runtime/stress_1_1/write_scalar/65536,iteration,5,2,1,1745,16071.117478503293,16035.823495702714,ns,446720.0,256.0,15964256.532793777,48.0,960.0,7040.0,1.0,48.0,48.0,48.0,1.0
runtime/stress_1_1/write_scalar/65536,86,1,runtime/stress_1_1/write_scalar/65536,iteration,5,3,1,1745,16013.862464183083,16013.812034385592,ns,446720.0,256.0,15986199.878598865,48.0,960.0,7040.0,1.0,48.0,48.0,48.0,1.0
runtime/stress_1_1/write_scalar/65536,86,1,runtime/stress_1_1/write_scalar/65536,iteration,5,4,1,1745,16099.673352433902,16034.676790830428,ns,446720.0,256.0,15965398.201627355,48.0,960.0,7040.0,1.0,48.0,48.0,48.0,1.0
runtime/stress_1_1/write_native/1024,87,0,runtime/stress_1_1/write_native/1024,iteration,5,0,1,21280,1318.1151315789843,1316.9874060150917,ns,5447680.0,256.0,194383028.13737494,48.0,960.0,7040.0,1.0,48.0,48.0,48.0,1.0
runtime/stress_1_1/write_native/1024,87,0,runtime/stress_1_1/write_native/1024,iteration,5,1,1,21280,1316.9821428572623,1316.9798402254928,ns,5447680.0,256.0,194384144.82955772,48.0,960.0,7040.0,1.0,48.0,48.0,48.0,1.0
runtime/stress_1_1/write_native/1024,87,0,runtime/stress_1_1/write_native/1024,iteration,5,2,1,21280,1317.0728383458086,1316.9634398496987,ns,5447680.0,256.0,194386565.52927282,48.0,960.0,7040.0,1.0,48.0,48.0,48.0,1.0
runtime/stress_1_1/write_native/1024,87,0,runtime/stress_1_1/write_native/1024,iteration,5,3,1,21280,1316.7692669174962,1316.7669642857265,ns,5447680.0,256.0,194415570.06168202,48.0,960.0,7040.0,1.0,48.0,48.0,48.0,1.0
runtime/stress_1_1/write_native/1024,87,0,runtime/stress_1_1/write_native/1024,iteration,5,4,1,21280,1316.880639097479,1316.7984492480664,ns,5447680.0,256.0,194410921.5394232,48.0,960.0,7040.0,1.0,48.0,48.0,48.0,1.0
runtime/stress_1_1/write_native/65536,87,1,runtime/stress_1_1/write_native/65536,iteration,5,0,1,19705,1424.2801319457894,1421.7209845217403,ns,5044480.0,256.0,180063460.2619424,48.0,960.0,7040.0,1.0,48.0,48.0,48.0,1.0
runtime/stress_1_1/write_native/65536,87,1,runtime/stress_1_1/write_native/65536,iteration,5,1,1,19705,1422.768840395862,1421.7117990357845,ns,5044480.0,256.0,180064623.6273914,48.0,960.0,7040.0,1.0,48.0,48.0,48.0,1.0
runtime/stress_1_1/write_native/65536,87,1,runtime/stress_1_1/write_native/65536,iteration,5,2,1,19705,1420.9215935035375,1420.938898756722,ns,5044480.0,256.0,180162567.3165765,48.0,960.0,7040.0,1.0,48.0,48.0,48.0,1.0
runtime/stress_1_1/write_native/65536,87,1,runtime/stress_1_1/write_native/65536,iteration,5,3,1,19705,1423.5595026648352,1421.515960415987,ns,5044480.0,256.0,180089430.67025793,48.0,960.0,7040.0,1.0,48.0,48.0,48.0,1.0
runtime/stress_1_1/write_native/65536,87,1,runtime/stress_1_1/write_native/65536,iteration,5,4,1,19705,1420.579548337882,1420.5755899517187,ns,5044480.0,256.0,180208643.46169758,48.0,960.0,7040.0,1.0,48.0,48.0,48.0,1.0
runtime/stress_1_1/prepare_read,88,0,runtime/stress_1_1/prepare_read,iteration,5,0,1,105040,267.4443069306391,267.2365955826445,ns,0.0,1.0,3742002.4672135296,,960.0,7040.0,105040.0,,,,0.0
runtime/stress_1_1/prepare_read,88,0,runtime/stress_1_1/prepare_read,iteration,5,1,1,105040,267.1310929169902,267.13062642802885,ns,0.0,1.0,3743486.8976711025,,960.0,7040.0,105040.0,,,,0.0
runtime/stress_1_1/prepare_read,88,0,runtime/stress_1_1/prepare_read,iteration,5,2,1,105040,267.3032178218246,266.9991622238958,ns,0.0,1.0,3745330.103925332,,960.0,7040.0,105040.0,,,,0.0
runtime/stress_1_1/prepare_read,88,0,runtime/stress_1_1/prepare_read,iteration,5,3,1,105040,267.17279131766736,267.1214870525746,ns,0.0,1.0,3743614.978465514,,960.0,7040.0,105040.0,,,,0.0
runtime/stress_1_1/prepare_read,88,0,runtime/stress_1_1/prepare_read,iteration,5,4,1,105040,266.6545125665844,266.6540555978743,ns,0.0,1.0,3750177.3515421147,,960.0,7040.0,105040.0,,,,0.0
runtime/stress_1_1/prepare_write,89,0,runtime/stress_1_1/prepare_write,iteration,5,0,1,58357,479.1140565828258,478.4960159021282,ns,0.0,1.0,2089881.5596503115,,960.0,7040.0,0.0,,,,58357.0
runtime/stress_1_1/prepare_write,89,0,runtime/stress_1_1/prepare_write,iteration,5,1,1,58357,478.0566170295986,478.0556060113107,ns,0.0,1.0,2091806.8681247514,,960.0,7040.0,0.0,,,,58357.0
runtime/stress_1_1/prepare_write,89,0,runtime/stress_1_1/prepare_write,iteration,5,2,1,58357,479.916719502435,479.8893363263923,ns,0.0,1.0,2083813.7551776294,,960.0,7040.0,0.0,,,,58357.0
runtime/stress_1_1/prepare_write,89,0,runtime/stress_1_1/prepare_write,iteration,5,3,1,58357,483.13809825710655,483.13708723887964,ns,0.0,1.0,2069805.9130897678,,960.0,7040.0,0.0,,,,58357.0
runtime/stress_1_1/prepare_write,89,0,runtime/stress_1_1/prepare_write,iteration,5,4,1,58357,475.82567643983776,475.44822386345487,ns,0.0,1.0,2103278.442969202,,960.0,7040.0,0.0,,,,58357.0
runtime/stress_2_0/read_inline/1024,90,0,runtime/stress_2_0/read_inline/1024,iteration,5,0,1,43205,659.2563592177955,658.6099294063121,ns,11060480.0,256.0,388697449.8407046,48.0,960.0,7040.0,1.0,48.0,48.0,48.0,1.0
runtime/stress_2_0/read_inline/1024,90,0,runtime/stress_2_0/read_inline/1024,iteration,5,1,1,43205,654.118990857545,654.1178567295389,ns,11060480.0,256.0,391366781.026205,48.0,960.0,7040.0,1.0,48.0,48.0,48.0,1.0
runtime/stress_2_0/read_inline/1024,90,0,runtime/stress_2_0/read_inline/1024,iteration,5,2,1,43205,642.1397754889798,642.0761717394138,ns,11060480.0,256.0,398706588.5134536,48.0,960.0,7040.0,1.0,48.0,48.0,48.0,1.0
runtime/stress_2_0/read_inline/1024,90,0,runtime/stress_2_0/read_inline/1024,iteration,5,3,1,43205,637.4396250431525,637.4383057516237,ns,11060480.0,256.0,401607493.1332253,48.0,960.0,7040.0,1.0,48.0,48.0,48.0,1.0
runtime/stress_2_0/read_inline/1024,90,0,runtime/stress_2_0/read_inline/1024,iteration,5,4,1,43205,659.5864136093282,659.5484781854201,ns,11060480.0,256.0,388144326.71320677,48.0,960.0,7040.0,1.0,48.0,48.0,48.0,1.0
runtime/stress_2_0/read_inline/65536,90,1,runtime/stress_2_0/read_inline/65536,iteration,5,0,1,40803,694.3970051222757,693.6593387741271,ns,10445568.0,256.0,369057238.46004474,48.0,960.0,7040.0,1.0,48.0,48.0,48.0,1.0
runtime/stress_2_0/read_inline/65536,90,1,runtime/stress_2_0/read_inline/65536,iteration,5,1,1,40803,692.1733941130163,690.883317403151,ns,10445568.0,256.0,370540138.3293446,48.0,960.0,7040.0,1.0,48.0,48.0,48.0,1.0
runtime/stress_2_0/read_inline/65536,90,1,runtime/stress_2_0/read_inline/65536,iteration,5,2,1,40803,696.2130480604465,696.2152782883651,ns,10445568.0,256.0,367702358.71492535,48.0,960.0,7040.0,1.0,48.0,48.0,48.0,1.0
runtime/stress_2_0/read_inline/65536,90,1,runtime/stress_2_0/read_inline/65536,iteration,5,3,1,40803,697.9114525889985,697.3205891723992,ns,10445568.0,256.0,367119520.0242523,48.0,960.0,7040.0,1.0,48.0,48.0,48.0,1.0
runtime/stress_2_0/read_inline/65536,90,1,runtime/stress_2_0/read_inline/65536,iteration,5,4,1,40803,694.6614464621374,694.6700487709805,ns,10445568.0,256.0,368520278.7322105,48.0,960.0,7040.0,1.0,48.0,48.0,48.0,1.0
runtime/stress_2_0/read_bound/1024,91,0,runtime/stress_2_0/read_bound/1024,iteration,5,0,1,38926,719.8404665263475,719.4233160355659,ns,9965056.0,256.0,355840566.03934723,48.0,960.0,7040.0,1.0,48.0,48.0,48.0,1.0
runtime/stress_2_0/read_bound/1024,91,0,runtime/stress_2_0/read_bound/1024,iteration,5,1,1,38926,720.9363921285467,720.0416431177722,ns,9965056.0,256.0,355534992.242286,48.0,960.0,7040.0,1.0,48.0,48.0,48.0,1.0
runtime/stress_2_0/read_bound/1024,91,0,runtime/stress_2_0/read_bound/1024,iteration,5,2,1,38926,720.2558701125107,720.1513641268178,ns,9965056.0,256.0,355480823.5493652,48.0,960.0,7040.0,1.0,48.0,48.0,48.0,1.0
runtime/stress_2_0/read_bound/1024,91,0,runtime/stress_2_0/read_bound/1024,iteration,5,3,1,38926,724.8859631095215,724.1658788470929,ns,9965056.0,256.0,353510165.94093657,48.0,960.0,7040.0,1.0,48.0,48.0,48.0,1.0
runtime/stress_2_0/read_bound/1024,91,0,runtime/stress_2_0/read_bound/1024,iteration,5,4,1,38926,721.3864769047914,721.3849612084902,ns,9965056.0,256.0,354872937.1501446,48.0,960.0,7040.0,1.0,48.0,48.0,48.0,1.0
runtime/stress_2_0/read_bound/65536,91,1,runtime/stress_2_0/read_bound/65536,iteration,5,0,1,35452,784.8564255897007,784.873096017097,ns,9075712.0,256.0,326167378.26674527,48.0,960.0,7040.0,1.0,48.0,48.0,48.0,1.0
runtime/stress_2_0/read_bound/65536,91,1,runtime/stress_2_0/read_bound/65536,iteration,5,1,1,35452,786.632319756589,786.035202527358,ns,9075712.0,256.0,325685159.10849416,48.0,960.0,7040.0,1.0,48.0,48.0,48.0,1.0
runtime/stress_2_0/read_bound/65536,91,1,runtime/stress_2_0/read_bound/65536,iteration,5,2,1,35452,785.5082646960172,785.5080390386718,ns,9075712.0,256.0,325903730.1684404,48.0,960.0,7040.0,1.0,48.0,48.0,48.0,1.0
runtime/stress_2_0/read_bound/65536,91,1,runtime/stress_2_0/read_bound/65536,iteration,5,3,1,35452,786.5006205574981,785.943867764821,ns,9075712.0,256.0,325723007.0743464,48.0,960.0,7040.0,1.0,48.0,48.0,48.0,1.0
runtime/stress_2_0/read_bound/65536,91,1,runtime/stress_2_0/read_bound/65536,iteration,5,4,1,35452,787.6505979916234,786.1240832675522,ns,9075712.0,256.0,325648336.5016971,48.0,960.0,7040.0,1.0,48.0,48.0,48.0,1.0
runtime/stress_2_0/weighted_bound/1024,92,0,runtime/stress_2_0/weighted_bound/1024,iteration,5,0,1,28640,1007.486836592127,1007.4847067039308,ns,7331840.0,256.0,254098149.87418032,48.0,960.0,7040.0,1.0,48.0,48.0,48.0,1.0
runtime/stress_2_0/weighted_bound/1024,92,0,runtime/stress_2_0/weighted_bound/1024,iteration,5,1,1,28640,994.297520949748,993.666270949742,ns,7331840.0,256.0,257631769.82480878,48.0,960.0,7040.0,1.0,48.0,48.0,48.0,1.0
runtime/stress_2_0/weighted_bound/1024,92,0,runtime/stress_2_0/weighted_bound/1024,iteration,5,2,1,28640,987.8013617315008,987.7993016759607,ns,7331840.0,256.0,259161956.8526266,48.0,960.0,7040.0,1.0,48.0,48.0,48.0,1.0
runtime/stress_2_0/weighted_bound/1024,92,0,runtime/stress_2_0/weighted_bound/1024,iteration,5,3,1,28640,992.3324371510234,992.255656424616,ns,7331840.0,256.0,257998025.35008165,48.0,960.0,7040.0,1.0,48.0,48.0,48.0,1.0
runtime/stress_2_0/weighted_bound/1024,92,0,runtime/stress_2_0/weighted_bound/1024,iteration,5,4,1,28640,990.1201466477821,989.5995460893406,ns,7331840.0,256.0,258690498.60789692,48.0,960.0,7040.0,1.0,48.0,48.0,48.0,1.0
runtime/stress_2_0/weighted_bound/65536,92,1,runtime/stress_2_0/weighted_bound/65536,iteration,5,0,1,25074,1116.881989311364,1115.9911462073476,ns,6418944.0,256.0,229392500.8903574,48.0,960.0,7040.0,1.0,48.0,48.0,48.0,1.0
runtime/stress_2_0/weighted_bound/65536,92,1,runtime/stress_2_0/weighted_bound/65536,iteration,5,1,1,25074,1117.2848368831546,1116.1135837920256,ns,6418944.0,256.0,229367336.5485197,48.0,960.0,7040.0,1.0,48.0,48.0,48.0,1.0
runtime/stress_2_0/weighted_bound/65536,92,1,runtime/stress_2_0/weighted_bound/65536,iteration,5,2,1,25074,1119.4348727765591,1117.3570630933136,ns,6418944.0,256.0,229112079.25896534,48.0,960.0,7040.0,1.0,48.0,48.0,48.0,1.0
runtime/stress_2_0/weighted_bound/65536,92,1,runtime/stress_2_0/weighted_bound/65536,iteration,5,3,1,25074,1115.6831777935909,1115.6824599185834,ns,6418944.0,256.0,229455969.0565374,48.0,960.0,7040.0,1.0,48.0,48.0,48.0,1.0
runtime/stress_2_0/weighted_bound/65536,92,1,runtime/stress_2_0/weighted_bound/65536,iteration,5,4,1,25074,1114.978025046181,1114.201643136297,ns,6418944.0,256.0,229760924.85324427,48.0,960.0,7040.0,1.0,48.0,48.0,48.0,1.0
runtime/stress_2_0/scalar64/1024,93,0,runtime/stress_2_0/scalar64/1024,iteration,5,0,1,6101,4599.782002951005,4596.5531880016015,ns,1561856.0,256.0,55693905.74403396,48.0,960.0,7040.0,1.0,48.0,48.0,48.0,1.0
runtime/stress_2_0/scalar64/1024,93,0,runtime/stress_2_0/scalar64/1024,iteration,5,1,1,6101,4589.798393706296,4589.788887067836,ns,1561856.0,256.0,55775985.84573338,48.0,960.0,7040.0,1.0,48.0,48.0,48.0,1.0
runtime/stress_2_0/scalar64/1024,93,0,runtime/stress_2_0/scalar64/1024,iteration,5,2,1,6101,4598.578921489565,4593.796426815084,ns,1561856.0,256.0,55727327.94724361,48.0,960.0,7040.0,1.0,48.0,48.0,48.0,1.0
runtime/stress_2_0/scalar64/1024,93,0,runtime/stress_2_0/scalar64/1024,iteration,5,3,1,6101,4613.755122111458,4608.954433699651,ns,1561856.0,256.0,55544050.97351035,48.0,960.0,7040.0,1.0,48.0,48.0,48.0,1.0
runtime/stress_2_0/scalar64/1024,93,0,runtime/stress_2_0/scalar64/1024,iteration,5,4,1,6101,4593.064907390908,4592.090149155425,ns,1561856.0,256.0,55748034.48644913,48.0,960.0,7040.0,1.0,48.0,48.0,48.0,1.0
runtime/stress_2_0/scalar64/65536,93,1,runtime/stress_2_0/scalar64/65536,iteration,5,0,1,5168,5382.323722911507,5378.516060371234,ns,1323008.0,256.0,47596771.5121651,48.0,960.0,7040.0,1.0,48.0,48.0,48.0,1.0
runtime/stress_2_0/scalar64/65536,93,1,runtime/stress_2_0/scalar64/65536,iteration,5,1,1,5168,5391.94446594415,5381.821207430611,ns,1323008.0,256.0,47567540.8255005,48.0,960.0,7040.0,1.0,48.0,48.0,48.0,1.0
runtime/stress_2_0/scalar64/65536,93,1,runtime/stress_2_0/scalar64/65536,iteration,5,2,1,5168,5401.544117645842,5393.309017027904,ns,1323008.0,256.0,47466221.4220898,48.0,960.0,7040.0,1.0,48.0,48.0,48.0,1.0
runtime/stress_2_0/scalar64/65536,93,1,runtime/stress_2_0/scalar64/65536,iteration,5,3,1,5168,5380.084945819346,5380.127902476497,ns,1323008.0,256.0,47582511.9105741,48.0,960.0,7040.0,1.0,48.0,48.0,48.0,1.0
runtime/stress_2_0/scalar64/65536,93,1,runtime/stress_2_0/scalar64/65536,iteration,5,4,1,5168,5400.2728328168005,5390.319659442904,ns,1323008.0,256.0,47492545.18728448,48.0,960.0,7040.0,1.0,48.0,48.0,48.0,1.0
runtime/stress_2_0/scalar8_projection/1024,94,0,runtime/stress_2_0/scalar8_projection/1024,iteration,5,0,1,34071,824.3476857149853,823.7301810923915,ns,8722176.0,256.0,310781377.0529873,48.0,960.0,7040.0,1.0,48.0,48.0,48.0,1.0
runtime/stress_2_0/scalar8_projection/1024,94,0,runtime/stress_2_0/scalar8_projection/1024,iteration,5,1,1,34071,822.3360042267201,822.3343018989823,ns,8722176.0,256.0,311308915.8616269,48.0,960.0,7040.0,1.0,48.0,48.0,48.0,1.0
runtime/stress_2_0/scalar8_projection/1024,94,0,runtime/stress_2_0/scalar8_projection/1024,iteration,5,2,1,34071,825.4812010211984,824.6970150567782,ns,8722176.0,256.0,310417032.34778297,48.0,960.0,7040.0,1.0,48.0,48.0,48.0,1.0
runtime/stress_2_0/scalar8_projection/1024,94,0,runtime/stress_2_0/scalar8_projection/1024,iteration,5,3,1,34071,823.7536614716655,822.8754952893007,ns,8722176.0,256.0,311104172.4604976,48.0,960.0,7040.0,1.0,48.0,48.0,48.0,1.0
runtime/stress_2_0/scalar8_projection/1024,94,0,runtime/stress_2_0/scalar8_projection/1024,iteration,5,4,1,34071,824.2062164302298,824.1085380529839,ns,8722176.0,256.0,310638694.0303016,48.0,960.0,7040.0,1.0,48.0,48.0,48.0,1.0
runtime/stress_2_0/scalar8_projection/65536,94,1,runtime/stress_2_0/scalar8_projection/65536,iteration,5,0,1,23763,1178.8389513109469,1177.9359087658486,ns,6083328.0,256.0,217329311.4633183,48.0,960.0,7040.0,1.0,48.0,48.0,48.0,1.0
runtime/stress_2_0/scalar8_projection/65536,94,1,runtime/stress_2_0/scalar8_projection/65536,iteration,5,1,1,23763,1180.649749610846,1178.4872280435852,ns,6083328.0,256.0,217227640.57866576,48.0,960.0,7040.0,1.0,48.0,48.0,48.0,1.0
runtime/stress_2_0/scalar8_projection/65536,94,1,runtime/stress_2_0/scalar8_projection/65536,iteration,5,2,1,23763,1176.6030804191666,1176.6044270505956,ns,6083328.0,256.0,217575247.98858473,48.0,960.0,7040.0,1.0,48.0,48.0,48.0,1.0
runtime/stress_2_0/scalar8_projection/65536,94,1,runtime/stress_2_0/scalar8_projection/65536,iteration,5,3,1,23763,1178.2666330008592,1177.3842107477237,ns,6083328.0,256.0,217431147.50742373,48.0,960.0,7040.0,1.0,48.0,48.0,48.0,1.0
runtime/stress_2_0/scalar8_projection/65536,94,1,runtime/stress_2_0/scalar8_projection/65536,iteration,5,4,1,23763,1176.7630349699893,1176.7673273576693,ns,6083328.0,256.0,217545128.97194907,48.0,960.0,7040.0,1.0,48.0,48.0,48.0,1.0
runtime/stress_2_0/write_scalar/1024,95,0,runtime/stress_2_0/write_scalar/1024,iteration,5,0,1,1755,16054.433618226805,15960.740740741032,ns,449280.0,256.0,16039355.826796941,48.0,960.0,7040.0,1.0,48.0,48.0,48.0,1.0
runtime/stress_2_0/write_scalar/1024,95,0,runtime/stress_2_0/write_scalar/1024,iteration,5,1,1,1755,15949.891737893186,15940.183475783295,ns,449280.0,256.0,16060040.989422817,48.0,960.0,7040.0,1.0,48.0,48.0,48.0,1.0
runtime/stress_2_0/write_scalar/1024,95,0,runtime/stress_2_0/write_scalar/1024,iteration,5,2,1,1755,15950.09116809697,15931.45413105437,ns,449280.0,256.0,16068840.790935228,48.0,960.0,7040.0,1.0,48.0,48.0,48.0,1.0
runtime/stress_2_0/write_scalar/1024,95,0,runtime/stress_2_0/write_scalar/1024,iteration,5,3,1,1755,15943.493447297898,15940.872364672501,ns,449280.0,256.0,16059346.950630918,48.0,960.0,7040.0,1.0,48.0,48.0,48.0,1.0
runtime/stress_2_0/write_scalar/1024,95,0,runtime/stress_2_0/write_scalar/1024,iteration,5,4,1,1755,15945.482051285044,15944.354415955204,ns,449280.0,256.0,16055839.786390211,48.0,960.0,7040.0,1.0,48.0,48.0,48.0,1.0
runtime/stress_2_0/write_scalar/65536,95,1,runtime/stress_2_0/write_scalar/65536,iteration,5,0,1,1748,16050.114988561487,16038.159038901233,ns,447488.0,256.0,15961931.751584528,48.0,960.0,7040.0,1.0,48.0,48.0,48.0,1.0
runtime/stress_2_0/write_scalar/65536,95,1,runtime/stress_2_0/write_scalar/65536,iteration,5,1,1,1748,16060.132151028405,16053.01029748164,ns,447488.0,256.0,15947164.753277503,48.0,960.0,7040.0,1.0,48.0,48.0,48.0,1.0
runtime/stress_2_0/write_scalar/65536,95,1,runtime/stress_2_0/write_scalar/65536,iteration,5,2,1,1748,16060.228832952504,16049.113844395191,ns,447488.0,256.0,15951036.454850903,48.0,960.0,7040.0,1.0,48.0,48.0,48.0,1.0
runtime/stress_2_0/write_scalar/65536,95,1,runtime/stress_2_0/write_scalar/65536,iteration,5,3,1,1748,16045.206521742628,16045.418764300759,ns,447488.0,256.0,15954709.799757361,48.0,960.0,7040.0,1.0,48.0,48.0,48.0,1.0
runtime/stress_2_0/write_scalar/65536,95,1,runtime/stress_2_0/write_scalar/65536,iteration,5,4,1,1748,16104.891876433248,16050.287185355814,ns,447488.0,256.0,15949870.369520418,48.0,960.0,7040.0,1.0,48.0,48.0,48.0,1.0
runtime/stress_2_0/write_native/1024,96,0,runtime/stress_2_0/write_native/1024,iteration,5,0,1,22237,1261.9018302827355,1260.809101947253,ns,5692672.0,256.0,203044219.4655967,48.0,960.0,7040.0,1.0,48.0,48.0,48.0,1.0
runtime/stress_2_0/write_native/1024,96,0,runtime/stress_2_0/write_native/1024,iteration,5,1,1,22237,1259.3214462387095,1259.3191977334595,ns,5692672.0,256.0,203284441.67352676,48.0,960.0,7040.0,1.0,48.0,48.0,48.0,1.0
runtime/stress_2_0/write_native/1024,96,0,runtime/stress_2_0/write_native/1024,iteration,5,2,1,22237,1260.2685164367838,1260.1062193640093,ns,5692672.0,256.0,203157476.77938315,48.0,960.0,7040.0,1.0,48.0,48.0,48.0,1.0
runtime/stress_2_0/write_native/1024,96,0,runtime/stress_2_0/write_native/1024,iteration,5,3,1,22237,1259.7662004765548,1259.763951971944,ns,5692672.0,256.0,203212672.97677153,48.0,960.0,7040.0,1.0,48.0,48.0,48.0,1.0
runtime/stress_2_0/write_native/1024,96,0,runtime/stress_2_0/write_native/1024,iteration,5,4,1,22237,1261.2673022441031,1261.1360345369715,ns,5692672.0,256.0,202991582.9770029,48.0,960.0,7040.0,1.0,48.0,48.0,48.0,1.0
runtime/stress_2_0/write_native/65536,96,1,runtime/stress_2_0/write_native/65536,iteration,5,0,1,20946,1339.0581017856198,1337.4798052133253,ns,5362176.0,256.0,191404759.16133067,48.0,960.0,7040.0,1.0,48.0,48.0,48.0,1.0
runtime/stress_2_0/write_native/65536,96,1,runtime/stress_2_0/write_native/65536,iteration,5,1,1,20946,1338.0464527835084,1337.066361119041,ns,5362176.0,256.0,191463944.83048996,48.0,960.0,7040.0,1.0,48.0,48.0,48.0,1.0
runtime/stress_2_0/write_native/65536,96,1,runtime/stress_2_0/write_native/65536,iteration,5,2,1,20946,1348.5769120597345,1341.109137782867,ns,5362176.0,256.0,190886776.31652063,48.0,960.0,7040.0,1.0,48.0,48.0,48.0,1.0
runtime/stress_2_0/write_native/65536,96,1,runtime/stress_2_0/write_native/65536,iteration,5,3,1,20946,1342.147951876208,1340.1170151818972,ns,5362176.0,256.0,191028094.63638705,48.0,960.0,7040.0,1.0,48.0,48.0,48.0,1.0
runtime/stress_2_0/write_native/65536,96,1,runtime/stress_2_0/write_native/65536,iteration,5,4,1,20946,1338.3844648145955,1337.8936789841255,ns,5362176.0,256.0,191345548.61966538,48.0,960.0,7040.0,1.0,48.0,48.0,48.0,1.0
runtime/stress_2_0/prepare_read,97,0,runtime/stress_2_0/prepare_read,iteration,5,0,1,104456,268.1131864134552,267.5923929692936,ns,0.0,1.0,3737027.0092646116,,960.0,7040.0,104456.0,,,,0.0
runtime/stress_2_0/prepare_read,97,0,runtime/stress_2_0/prepare_read,iteration,5,1,1,104456,267.4984778281102,267.41854943705766,ns,0.0,1.0,3739456.37692336,,960.0,7040.0,104456.0,,,,0.0
runtime/stress_2_0/prepare_read,97,0,runtime/stress_2_0/prepare_read,iteration,5,2,1,104456,267.58137397565696,267.21797694724165,ns,0.0,1.0,3742263.194356252,,960.0,7040.0,104456.0,,,,0.0
runtime/stress_2_0/prepare_read,97,0,runtime/stress_2_0/prepare_read,iteration,5,3,1,104456,267.4534828062331,267.1223481657235,ns,0.0,1.0,3743602.9103023494,,960.0,7040.0,104456.0,,,,0.0
runtime/stress_2_0/prepare_read,97,0,runtime/stress_2_0/prepare_read,iteration,5,4,1,104456,266.98408899445405,266.9836198973792,ns,0.0,1.0,3745548.136564974,,960.0,7040.0,104456.0,,,,0.0
runtime/stress_2_0/prepare_write,98,0,runtime/stress_2_0/prepare_write,iteration,5,0,1,60894,460.22893881176867,460.1258252044447,ns,0.0,1.0,2173318.5690146307,,960.0,7040.0,0.0,,,,60894.0
runtime/stress_2_0/prepare_write,98,0,runtime/stress_2_0/prepare_write,iteration,5,1,1,60894,460.34093670968724,460.31269090549955,ns,0.0,1.0,2172436.3020121385,,960.0,7040.0,0.0,,,,60894.0
runtime/stress_2_0/prepare_write,98,0,runtime/stress_2_0/prepare_write,iteration,5,2,1,60894,460.32911288463504,460.3281439879001,ns,0.0,1.0,2172363.373955005,,960.0,7040.0,0.0,,,,60894.0
runtime/stress_2_0/prepare_write,98,0,runtime/stress_2_0/prepare_write,iteration,5,3,1,60894,460.2272966137151,460.2002003481649,ns,0.0,1.0,2172967.3286614153,,960.0,7040.0,0.0,,,,60894.0
runtime/stress_2_0/prepare_write,98,0,runtime/stress_2_0/prepare_write,iteration,5,4,1,60894,460.9391729892058,460.5682333234371,ns,0.0,1.0,2171230.94396687,,960.0,7040.0,0.0,,,,60894.0
runtime/stress_2_1/read_inline/1024,99,0,runtime/stress_2_1/read_inline/1024,iteration,5,0,1,42049,661.2264263122293,660.9092011700777,ns,10764544.0,256.0,387345189.8487357,48.0,960.0,7040.0,1.0,48.0,48.0,48.0,1.0
runtime/stress_2_1/read_inline/1024,99,0,runtime/stress_2_1/read_inline/1024,iteration,5,1,1,42049,653.4212228587276,653.4198435158886,ns,10764544.0,256.0,391784857.07218206,48.0,960.0,7040.0,1.0,48.0,48.0,48.0,1.0
runtime/stress_2_1/read_inline/1024,99,0,runtime/stress_2_1/read_inline/1024,iteration,5,2,1,42049,647.4738757164295,647.4218411852908,ns,10764544.0,256.0,395414525.2982488,48.0,960.0,7040.0,1.0,48.0,48.0,48.0,1.0
runtime/stress_2_1/read_inline/1024,99,0,runtime/stress_2_1/read_inline/1024,iteration,5,3,1,42049,654.282598872725,654.244833408625,ns,10764544.0,256.0,391290824.057771,48.0,960.0,7040.0,1.0,48.0,48.0,48.0,1.0
runtime/stress_2_1/read_inline/1024,99,0,runtime/stress_2_1/read_inline/1024,iteration,5,4,1,42049,695.5417251303386,695.5400366239323,ns,10764544.0,256.0,368059330.1898093,48.0,960.0,7040.0,1.0,48.0,48.0,48.0,1.0
runtime/stress_2_1/read_inline/65536,99,1,runtime/stress_2_1/read_inline/65536,iteration,5,0,1,39088,696.4154983626345,696.428341178816,ns,10006528.0,256.0,367589865.12047917,48.0,960.0,7040.0,1.0,48.0,48.0,48.0,1.0
runtime/stress_2_1/read_inline/65536,99,1,runtime/stress_2_1/read_inline/65536,iteration,5,1,1,39088,688.7008033156568,688.2002148997108,ns,10006528.0,256.0,371984771.9566697,48.0,960.0,7040.0,1.0,48.0,48.0,48.0,1.0
runtime/stress_2_1/read_inline/65536,99,1,runtime/stress_2_1/read_inline/65536,iteration,5,2,1,39088,691.3852844862371,691.1041751943916,ns,10006528.0,256.0,370421723.94341725,48.0,960.0,7040.0,1.0,48.0,48.0,48.0,1.0
runtime/stress_2_1/read_inline/65536,99,1,runtime/stress_2_1/read_inline/65536,iteration,5,3,1,39088,692.8256242327407,692.2907541956363,ns,10006528.0,256.0,369786825.0420925,48.0,960.0,7040.0,1.0,48.0,48.0,48.0,1.0
runtime/stress_2_1/read_inline/65536,99,1,runtime/stress_2_1/read_inline/65536,iteration,5,4,1,39088,695.9733933688233,693.117862259578,ns,10006528.0,256.0,369345552.8118045,48.0,960.0,7040.0,1.0,48.0,48.0,48.0,1.0
runtime/stress_2_1/read_bound/1024,100,0,runtime/stress_2_1/read_bound/1024,iteration,5,0,1,38850,723.6427541826135,721.0661518661678,ns,9945600.0,256.0,355029839.2698849,48.0,960.0,7040.0,1.0,48.0,48.0,48.0,1.0
runtime/stress_2_1/read_bound/1024,100,0,runtime/stress_2_1/read_bound/1024,iteration,5,1,1,38850,724.7675933076121,723.706872586916,ns,9945600.0,256.0,353734377.4074148,48.0,960.0,7040.0,1.0,48.0,48.0,48.0,1.0
runtime/stress_2_1/read_bound/1024,100,0,runtime/stress_2_1/read_bound/1024,iteration,5,2,1,38850,720.2311454310236,720.2299099099603,ns,9945600.0,256.0,355442056.0401385,48.0,960.0,7040.0,1.0,48.0,48.0,48.0,1.0
runtime/stress_2_1/read_bound/1024,100,0,runtime/stress_2_1/read_bound/1024,iteration,5,3,1,38850,745.6845302445909,727.735418275461,ns,9945600.0,256.0,351776199.93630624,48.0,960.0,7040.0,1.0,48.0,48.0,48.0,1.0
runtime/stress_2_1/read_bound/1024,100,0,runtime/stress_2_1/read_bound/1024,iteration,5,4,1,38850,721.147258687127,721.1452252251996,ns,9945600.0,256.0,354990910.35381424,48.0,960.0,7040.0,1.0,48.0,48.0,48.0,1.0
runtime/stress_2_1/read_bound/65536,100,1,runtime/stress_2_1/read_bound/65536,iteration,5,0,1,35539,785.2381890315621,785.2483468865539,ns,9097984.0,256.0,326011510.8997291,48.0,960.0,7040.0,1.0,48.0,48.0,48.0,1.0
runtime/stress_2_1/read_bound/65536,100,1,runtime/stress_2_1/read_bound/65536,iteration,5,1,1,35539,788.9783336614697,786.6192633444978,ns,9097984.0,256.0,325443339.5281416,48.0,960.0,7040.0,1.0,48.0,48.0,48.0,1.0
runtime/stress_2_1/read_bound/65536,100,1,runtime/stress_2_1/read_bound/65536,iteration,5,2,1,35539,785.4154590727975,785.4205802077495,ns,9097984.0,256.0,325940020.48212963,48.0,960.0,7040.0,1.0,48.0,48.0,48.0,1.0
runtime/stress_2_1/read_bound/65536,100,1,runtime/stress_2_1/read_bound/65536,iteration,5,3,1,35539,787.4107600100432,786.7497959987687,ns,9097984.0,256.0,325389343.98452723,48.0,960.0,7040.0,1.0,48.0,48.0,48.0,1.0
runtime/stress_2_1/read_bound/65536,100,1,runtime/stress_2_1/read_bound/65536,iteration,5,4,1,35539,787.7323785136787,785.8384310195183,ns,9097984.0,256.0,325766709.6630472,48.0,960.0,7040.0,1.0,48.0,48.0,48.0,1.0
runtime/stress_2_1/weighted_bound/1024,101,0,runtime/stress_2_1/weighted_bound/1024,iteration,5,0,1,28277,998.2031686525255,993.2351734625043,ns,7238912.0,256.0,257743590.6821158,48.0,960.0,7040.0,1.0,48.0,48.0,48.0,1.0
runtime/stress_2_1/weighted_bound/1024,101,0,runtime/stress_2_1/weighted_bound/1024,iteration,5,1,1,28277,990.3745446828209,990.2667185344854,ns,7238912.0,256.0,258516211.04550424,48.0,960.0,7040.0,1.0,48.0,48.0,48.0,1.0
runtime/stress_2_1/weighted_bound/1024,101,0,runtime/stress_2_1/weighted_bound/1024,iteration,5,2,1,28277,987.2893164058262,987.2302931710348,ns,7238912.0,256.0,259311329.65715095,48.0,960.0,7040.0,1.0,48.0,48.0,48.0,1.0
runtime/stress_2_1/weighted_bound/1024,101,0,runtime/stress_2_1/weighted_bound/1024,iteration,5,3,1,28277,990.0640449833581,988.4585352053051,ns,7238912.0,256.0,258989113.7384212,48.0,960.0,7040.0,1.0,48.0,48.0,48.0,1.0
runtime/stress_2_1/weighted_bound/1024,101,0,runtime/stress_2_1/weighted_bound/1024,iteration,5,4,1,28277,995.0323938183415,994.7491600947546,ns,7238912.0,256.0,257351310.53100336,48.0,960.0,7040.0,1.0,48.0,48.0,48.0,1.0
runtime/stress_2_1/weighted_bound/65536,101,1,runtime/stress_2_1/weighted_bound/65536,iteration,5,0,1,25020,1121.7926059151064,1117.628737010332,ns,6405120.0,256.0,229056386.5463969,48.0,960.0,7040.0,1.0,48.0,48.0,48.0,1.0
runtime/stress_2_1/weighted_bound/65536,101,1,runtime/stress_2_1/weighted_bound/65536,iteration,5,1,1,25020,1115.7661870506824,1115.7630695442874,ns,6405120.0,256.0,229439391.7380313,48.0,960.0,7040.0,1.0,48.0,48.0,48.0,1.0
runtime/stress_2_1/weighted_bound/65536,101,1,runtime/stress_2_1/weighted_bound/65536,iteration,5,2,1,25020,1125.0336530778816,1118.7650679456035,ns,6405120.0,256.0,228823733.7174771,48.0,960.0,7040.0,1.0,48.0,48.0,48.0,1.0
runtime/stress_2_1/weighted_bound/65536,101,1,runtime/stress_2_1/weighted_bound/65536,iteration,5,3,1,25020,1113.6211031172695,1113.6143485212397,ns,6405120.0,256.0,229882095.48479736,48.0,960.0,7040.0,1.0,48.0,48.0,48.0,1.0
runtime/stress_2_1/weighted_bound/65536,101,1,runtime/stress_2_1/weighted_bound/65536,iteration,5,4,1,25020,1120.820183852667,1117.690727418023,ns,6405120.0,256.0,229043682.40701565,48.0,960.0,7040.0,1.0,48.0,48.0,48.0,1.0
runtime/stress_2_1/scalar64/1024,102,0,runtime/stress_2_1/scalar64/1024,iteration,5,0,1,6070,4596.70675452902,4592.855354201019,ns,1553920.0,256.0,55738746.43490362,48.0,960.0,7040.0,1.0,48.0,48.0,48.0,1.0
runtime/stress_2_1/scalar64/1024,102,0,runtime/stress_2_1/scalar64/1024,iteration,5,1,1,6070,4589.907907742636,4589.898023064241,ns,1553920.0,256.0,55774659.63592215,48.0,960.0,7040.0,1.0,48.0,48.0,48.0,1.0
runtime/stress_2_1/scalar64/1024,102,0,runtime/stress_2_1/scalar64/1024,iteration,5,2,1,6070,4596.446457990532,4590.56688632651,ns,1553920.0,256.0,55766533.05336279,48.0,960.0,7040.0,1.0,48.0,48.0,48.0,1.0
runtime/stress_2_1/scalar64/1024,102,0,runtime/stress_2_1/scalar64/1024,iteration,5,3,1,6070,4601.973805599616,4590.753212520522,ns,1553920.0,256.0,55764269.641374364,48.0,960.0,7040.0,1.0,48.0,48.0,48.0,1.0
runtime/stress_2_1/scalar64/1024,102,0,runtime/stress_2_1/scalar64/1024,iteration,5,4,1,6070,4609.874794069794,4608.422075782339,ns,1553920.0,256.0,55550467.337899104,48.0,960.0,7040.0,1.0,48.0,48.0,48.0,1.0
runtime/stress_2_1/scalar64/65536,102,1,runtime/stress_2_1/scalar64/65536,iteration,5,0,1,5108,5348.006851997164,5343.772709475141,ns,1307648.0,256.0,47906229.160174,48.0,960.0,7040.0,1.0,48.0,48.0,48.0,1.0
runtime/stress_2_1/scalar64/65536,102,1,runtime/stress_2_1/scalar64/65536,iteration,5,1,1,5108,5339.946750197566,5338.817736883509,ns,1307648.0,256.0,47950691.0736829,48.0,960.0,7040.0,1.0,48.0,48.0,48.0,1.0
runtime/stress_2_1/scalar64/65536,102,1,runtime/stress_2_1/scalar64/65536,iteration,5,2,1,5108,5348.556773687529,5344.59690681338,ns,1307648.0,256.0,47898841.47738944,48.0,960.0,7040.0,1.0,48.0,48.0,48.0,1.0
runtime/stress_2_1/scalar64/65536,102,1,runtime/stress_2_1/scalar64/65536,iteration,5,3,1,5108,5340.2541111961345,5340.276233359281,ns,1307648.0,256.0,47937595.138026066,48.0,960.0,7040.0,1.0,48.0,48.0,48.0,1.0
runtime/stress_2_1/scalar64/65536,102,1,runtime/stress_2_1/scalar64/65536,iteration,5,4,1,5108,5360.2347298376935,5349.667384494886,ns,1307648.0,256.0,47853442.391946286,48.0,960.0,7040.0,1.0,48.0,48.0,48.0,1.0
runtime/stress_2_1/scalar8_projection/1024,103,0,runtime/stress_2_1/scalar8_projection/1024,iteration,5,0,1,34043,827.6811973093945,824.7275504509296,ns,8715008.0,256.0,310405539.2111358,48.0,960.0,7040.0,1.0,48.0,48.0,48.0,1.0
runtime/stress_2_1/scalar8_projection/1024,103,0,runtime/stress_2_1/scalar8_projection/1024,iteration,5,1,1,34043,825.4507828333383,824.3704138883311,ns,8715008.0,256.0,310540014.15761346,48.0,960.0,7040.0,1.0,48.0,48.0,48.0,1.0
runtime/stress_2_1/scalar8_projection/1024,103,0,runtime/stress_2_1/scalar8_projection/1024,iteration,5,2,1,34043,823.3895661367851,823.1334194989099,ns,8715008.0,256.0,311006689.7245436,48.0,960.0,7040.0,1.0,48.0,48.0,48.0,1.0
runtime/stress_2_1/scalar8_projection/1024,103,0,runtime/stress_2_1/scalar8_projection/1024,iteration,5,3,1,34043,822.3975854068995,822.395852304503,ns,8715008.0,256.0,311285616.631749,48.0,960.0,7040.0,1.0,48.0,48.0,48.0,1.0
runtime/stress_2_1/scalar8_projection/1024,103,0,runtime/stress_2_1/scalar8_projection/1024,iteration,5,4,1,34043,825.8485151130329,824.6339041800111,ns,8715008.0,256.0,310440789.1821498,48.0,960.0,7040.0,1.0,48.0,48.0,48.0,1.0
runtime/stress_2_1/scalar8_projection/65536,103,1,runtime/stress_2_1/scalar8_projection/65536,iteration,5,0,1,23601,1187.028515740914,1186.0955891700385,ns,6041856.0,256.0,215834206.22880328,48.0,960.0,7040.0,1.0,48.0,48.0,48.0,1.0
runtime/stress_2_1/scalar8_projection/65536,103,1,runtime/stress_2_1/scalar8_projection/65536,iteration,5,1,1,23601,1195.229481801475,1189.5212914706294,ns,6041856.0,256.0,215212625.3103902,48.0,960.0,7040.0,1.0,48.0,48.0,48.0,1.0
runtime/stress_2_1/scalar8_projection/65536,103,1,runtime/stress_2_1/scalar8_projection/65536,iteration,5,2,1,23601,1186.8493284184196,1186.8616160331637,ns,6041856.0,256.0,215694902.03552657,48.0,960.0,7040.0,1.0,48.0,48.0,48.0,1.0
runtime/stress_2_1/scalar8_projection/65536,103,1,runtime/stress_2_1/scalar8_projection/65536,iteration,5,3,1,23601,1188.9026312446617,1187.791237659361,ns,6041856.0,256.0,215526088.99899676,48.0,960.0,7040.0,1.0,48.0,48.0,48.0,1.0
runtime/stress_2_1/scalar8_projection/65536,103,1,runtime/stress_2_1/scalar8_projection/65536,iteration,5,4,1,23601,1186.7065378586246,1186.7036142537518,ns,6041856.0,256.0,215723620.3927662,48.0,960.0,7040.0,1.0,48.0,48.0,48.0,1.0
runtime/stress_2_1/write_scalar/1024,104,0,runtime/stress_2_1/write_scalar/1024,iteration,5,0,1,1755,15938.940740736929,15938.90655270801,ns,449280.0,256.0,16061327.617013087,48.0,960.0,7040.0,1.0,48.0,48.0,48.0,1.0
runtime/stress_2_1/write_scalar/1024,104,0,runtime/stress_2_1/write_scalar/1024,iteration,5,1,1,1755,15955.658689461576,15954.291737890839,ns,449280.0,256.0,16045839.214034786,48.0,960.0,7040.0,1.0,48.0,48.0,48.0,1.0
runtime/stress_2_1/write_scalar/1024,104,0,runtime/stress_2_1/write_scalar/1024,iteration,5,2,1,1755,16027.06609686619,15965.801709401709,ns,449280.0,256.0,16034271.542358594,48.0,960.0,7040.0,1.0,48.0,48.0,48.0,1.0
runtime/stress_2_1/write_scalar/1024,104,0,runtime/stress_2_1/write_scalar/1024,iteration,5,3,1,1755,15945.891737894215,15942.786894587542,ns,449280.0,256.0,16057418.423306536,48.0,960.0,7040.0,1.0,48.0,48.0,48.0,1.0
runtime/stress_2_1/write_scalar/1024,104,0,runtime/stress_2_1/write_scalar/1024,iteration,5,4,1,1755,15942.855270655502,15941.921367521252,ns,449280.0,256.0,16058290.220998904,48.0,960.0,7040.0,1.0,48.0,48.0,48.0,1.0
runtime/stress_2_1/write_scalar/65536,104,1,runtime/stress_2_1/write_scalar/65536,iteration,5,0,1,1742,16054.897244544009,16041.608495980925,ns,445952.0,256.0,15958499.427544214,48.0,960.0,7040.0,1.0,48.0,48.0,48.0,1.0
runtime/stress_2_1/write_scalar/65536,104,1,runtime/stress_2_1/write_scalar/65536,iteration,5,1,1,1742,16317.194029844974,16080.047072330877,ns,445952.0,256.0,15920351.404972076,48.0,960.0,7040.0,1.0,48.0,48.0,48.0,1.0
runtime/stress_2_1/write_scalar/65536,104,1,runtime/stress_2_1/write_scalar/65536,iteration,5,2,1,1742,16078.008036738125,16040.207807117904,ns,445952.0,256.0,15959892.981336502,48.0,960.0,7040.0,1.0,48.0,48.0,48.0,1.0
runtime/stress_2_1/write_scalar/65536,104,1,runtime/stress_2_1/write_scalar/65536,iteration,5,3,1,1742,16060.75200919159,16038.51951779632,ns,445952.0,256.0,15961572.994062373,48.0,960.0,7040.0,1.0,48.0,48.0,48.0,1.0
runtime/stress_2_1/write_scalar/65536,104,1,runtime/stress_2_1/write_scalar/65536,iteration,5,4,1,1742,16087.67508610706,16049.122847302995,ns,445952.0,256.0,15951027.50696559,48.0,960.0,7040.0,1.0,48.0,48.0,48.0,1.0
runtime/stress_2_1/write_native/1024,105,0,runtime/stress_2_1/write_native/1024,iteration,5,0,1,22228,1262.5751754539478,1261.3816807629123,ns,5690368.0,256.0,202952051.63053057,48.0,960.0,7040.0,1.0,48.0,48.0,48.0,1.0
runtime/stress_2_1/write_native/1024,105,0,runtime/stress_2_1/write_native/1024,iteration,5,1,1,22228,1261.2295753102114,1261.2268760122852,ns,5690368.0,256.0,202976962.24918252,48.0,960.0,7040.0,1.0,48.0,48.0,48.0,1.0
runtime/stress_2_1/write_native/1024,105,0,runtime/stress_2_1/write_native/1024,iteration,5,2,1,22228,1262.0038240059996,1261.8144682381756,ns,5690368.0,256.0,202882441.47132283,48.0,960.0,7040.0,1.0,48.0,48.0,48.0,1.0
runtime/stress_2_1/write_native/1024,105,0,runtime/stress_2_1/write_native/1024,iteration,5,3,1,22228,1260.6627226916612,1260.6605182651092,ns,5690368.0,256.0,203068150.61702818,48.0,960.0,7040.0,1.0,48.0,48.0,48.0,1.0
runtime/stress_2_1/write_native/1024,105,0,runtime/stress_2_1/write_native/1024,iteration,5,4,1,22228,1262.7348839304916,1262.658403815067,ns,5690368.0,256.0,202746838.91265222,48.0,960.0,7040.0,1.0,48.0,48.0,48.0,1.0
runtime/stress_2_1/write_native/65536,105,1,runtime/stress_2_1/write_native/65536,iteration,5,0,1,20861,1338.0557020276478,1338.067734049097,ns,5340416.0,256.0,191320658.50308198,48.0,960.0,7040.0,1.0,48.0,48.0,48.0,1.0
runtime/stress_2_1/write_native/65536,105,1,runtime/stress_2_1/write_native/65536,iteration,5,1,1,20861,1339.0000479367582,1338.001150472198,ns,5340416.0,256.0,191330179.2824724,48.0,960.0,7040.0,1.0,48.0,48.0,48.0,1.0
runtime/stress_2_1/write_native/65536,105,1,runtime/stress_2_1/write_native/65536,iteration,5,2,1,20861,1336.6943578925918,1336.6981927999823,ns,5340416.0,256.0,191516679.96479946,48.0,960.0,7040.0,1.0,48.0,48.0,48.0,1.0
runtime/stress_2_1/write_native/65536,105,1,runtime/stress_2_1/write_native/65536,iteration,5,3,1,20861,1346.3741431379256,1345.0616461340044,ns,5340416.0,256.0,190325849.1800721,48.0,960.0,7040.0,1.0,48.0,48.0,48.0,1.0
runtime/stress_2_1/write_native/65536,105,1,runtime/stress_2_1/write_native/65536,iteration,5,4,1,20861,1338.0710895930422,1338.0749724366065,ns,5340416.0,256.0,191319623.5438358,48.0,960.0,7040.0,1.0,48.0,48.0,48.0,1.0
runtime/stress_2_1/prepare_read,106,0,runtime/stress_2_1/prepare_read,iteration,5,0,1,104602,267.54432037624673,267.3318100992408,ns,0.0,1.0,3740669.6929511423,,960.0,7040.0,104602.0,,,,0.0
runtime/stress_2_1/prepare_read,106,0,runtime/stress_2_1/prepare_read,iteration,5,1,1,104602,267.22577006182223,267.20771113362696,ns,0.0,1.0,3742406.9678135654,,960.0,7040.0,104602.0,,,,0.0
runtime/stress_2_1/prepare_read,106,0,runtime/stress_2_1/prepare_read,iteration,5,2,1,104602,268.2734651345505,267.8785491673246,ns,0.0,1.0,3733035.000780788,,960.0,7040.0,104602.0,,,,0.0
runtime/stress_2_1/prepare_read,106,0,runtime/stress_2_1/prepare_read,iteration,5,3,1,104602,267.76764306606276,267.70598076521134,ns,0.0,1.0,3735441.3866346874,,960.0,7040.0,104602.0,,,,0.0
runtime/stress_2_1/prepare_read,106,0,runtime/stress_2_1/prepare_read,iteration,5,4,1,104602,267.72490965758817,267.6520716620898,ns,0.0,1.0,3736193.760018783,,960.0,7040.0,104602.0,,,,0.0
runtime/stress_2_1/prepare_write,107,0,runtime/stress_2_1/prepare_write,iteration,5,0,1,57952,478.45508351755507,477.7612852015607,ns,0.0,1.0,2093095.50810111,,960.0,7040.0,0.0,,,,57952.0
runtime/stress_2_1/prepare_write,107,0,runtime/stress_2_1/prepare_write,iteration,5,1,1,57952,479.6614439534828,479.62764011596965,ns,0.0,1.0,2084950.7333610067,,960.0,7040.0,0.0,,,,57952.0
runtime/stress_2_1/prepare_write,107,0,runtime/stress_2_1/prepare_write,iteration,5,2,1,57952,478.94032992837293,478.93931184429584,ns,0.0,1.0,2087947.2101573949,,960.0,7040.0,0.0,,,,57952.0
runtime/stress_2_1/prepare_write,107,0,runtime/stress_2_1/prepare_write,iteration,5,3,1,57952,478.5051421865879,478.47774019879813,ns,0.0,1.0,2089961.3837511428,,960.0,7040.0,0.0,,,,57952.0
runtime/stress_2_1/prepare_write,107,0,runtime/stress_2_1/prepare_write,iteration,5,4,1,57952,479.3860436221926,478.99366717286574,ns,0.0,1.0,2087710.2737124632,,960.0,7040.0,0.0,,,,57952.0
runtime/stress_3_0/read_inline/1024,108,0,runtime/stress_3_0/read_inline/1024,iteration,5,0,1,28627,985.866524609908,985.6010409753287,ns,7328512.0,256.0,259739985.40694332,60.0,960.0,7040.0,1.0,60.0,60.0,24.0,1.0
runtime/stress_3_0/read_inline/1024,108,0,runtime/stress_3_0/read_inline/1024,iteration,5,1,1,28627,981.5768679915418,981.3715024278221,ns,7328512.0,256.0,260859419.05453718,60.0,960.0,7040.0,1.0,60.0,60.0,24.0,1.0
runtime/stress_3_0/read_inline/1024,108,0,runtime/stress_3_0/read_inline/1024,iteration,5,2,1,28627,981.4269745344484,981.4249484752143,ns,7328512.0,256.0,260845213.27660668,60.0,960.0,7040.0,1.0,60.0,60.0,24.0,1.0
runtime/stress_3_0/read_inline/1024,108,0,runtime/stress_3_0/read_inline/1024,iteration,5,3,1,28627,981.8664547451903,981.796590631193,ns,7328512.0,256.0,260746474.8226704,60.0,960.0,7040.0,1.0,60.0,60.0,24.0,1.0
runtime/stress_3_0/read_inline/1024,108,0,runtime/stress_3_0/read_inline/1024,iteration,5,4,1,28627,980.3636776469065,980.361267335012,ns,7328512.0,256.0,261128227.45017618,60.0,960.0,7040.0,1.0,60.0,60.0,24.0,1.0
runtime/stress_3_0/read_inline/65536,108,1,runtime/stress_3_0/read_inline/65536,iteration,5,0,1,23868,1174.1889140267722,1172.255823696988,ns,6110208.0,256.0,218382365.7131794,60.0,960.0,7040.0,1.0,60.0,60.0,24.0,1.0
runtime/stress_3_0/read_inline/65536,108,1,runtime/stress_3_0/read_inline/65536,iteration,5,1,1,23868,1171.8653008208614,1171.0315904138545,ns,6110208.0,256.0,218610669.51193604,60.0,960.0,7040.0,1.0,60.0,60.0,24.0,1.0
runtime/stress_3_0/read_inline/65536,108,1,runtime/stress_3_0/read_inline/65536,iteration,5,2,1,23868,1171.548977710743,1171.552748449822,ns,6110208.0,256.0,218513421.8998971,60.0,960.0,7040.0,1.0,60.0,60.0,24.0,1.0
runtime/stress_3_0/read_inline/65536,108,1,runtime/stress_3_0/read_inline/65536,iteration,5,3,1,23868,1173.1536366683404,1172.3194653930386,ns,6110208.0,256.0,218370510.39169767,60.0,960.0,7040.0,1.0,60.0,60.0,24.0,1.0
runtime/stress_3_0/read_inline/65536,108,1,runtime/stress_3_0/read_inline/65536,iteration,5,4,1,23868,1176.2938243672827,1173.6371292106205,ns,6110208.0,256.0,218125341.83558393,60.0,960.0,7040.0,1.0,60.0,60.0,24.0,1.0
runtime/stress_3_0/read_bound/1024,109,0,runtime/stress_3_0/read_bound/1024,iteration,5,0,1,29910,932.2373788033018,931.041491140071,ns,7656960.0,256.0,274960893.18911564,60.0,960.0,7040.0,1.0,60.0,60.0,24.0,1.0
runtime/stress_3_0/read_bound/1024,109,0,runtime/stress_3_0/read_bound/1024,iteration,5,1,1,29910,941.3447342029574,940.7630224006218,ns,7656960.0,256.0,272119539.038369,60.0,960.0,7040.0,1.0,60.0,60.0,24.0,1.0
runtime/stress_3_0/read_bound/1024,109,0,runtime/stress_3_0/read_bound/1024,iteration,5,2,1,29910,953.5557673015443,952.4066198595168,ns,7656960.0,256.0,268792755.8060872,60.0,960.0,7040.0,1.0,60.0,60.0,24.0,1.0
runtime/stress_3_0/read_bound/1024,109,0,runtime/stress_3_0/read_bound/1024,iteration,5,3,1,29910,934.3564025407164,934.3544299564895,ns,7656960.0,256.0,273985964.8462535,60.0,960.0,7040.0,1.0,60.0,60.0,24.0,1.0
runtime/stress_3_0/read_bound/1024,109,0,runtime/stress_3_0/read_bound/1024,iteration,5,4,1,29910,937.1832497490243,937.1194249415694,ns,7656960.0,256.0,273177562.2044777,60.0,960.0,7040.0,1.0,60.0,60.0,24.0,1.0
runtime/stress_3_0/read_bound/65536,109,1,runtime/stress_3_0/read_bound/65536,iteration,5,0,1,22543,1242.490351772476,1241.5304529122106,ns,5771008.0,256.0,206197116.95312068,60.0,960.0,7040.0,1.0,60.0,60.0,24.0,1.0
runtime/stress_3_0/read_bound/65536,109,1,runtime/stress_3_0/read_bound/65536,iteration,5,1,1,22543,1239.1749101718774,1239.1793904982624,ns,5771008.0,256.0,206588329.31127495,60.0,960.0,7040.0,1.0,60.0,60.0,24.0,1.0
runtime/stress_3_0/read_bound/65536,109,1,runtime/stress_3_0/read_bound/65536,iteration,5,2,1,22543,1241.402697067813,1240.5647872953919,ns,5771008.0,256.0,206357622.44881746,60.0,960.0,7040.0,1.0,60.0,60.0,24.0,1.0
runtime/stress_3_0/read_bound/65536,109,1,runtime/stress_3_0/read_bound/65536,iteration,5,3,1,22543,1241.531783702524,1240.096349199319,ns,5771008.0,256.0,206435572.65956718,60.0,960.0,7040.0,1.0,60.0,60.0,24.0,1.0
runtime/stress_3_0/read_bound/65536,109,1,runtime/stress_3_0/read_bound/65536,iteration,5,4,1,22543,1240.4369870911646,1240.4410238211462,ns,5771008.0,256.0,206378211.5262511,60.0,960.0,7040.0,1.0,60.0,60.0,24.0,1.0
runtime/stress_3_0/weighted_bound/1024,110,0,runtime/stress_3_0/weighted_bound/1024,iteration,5,0,1,19488,1433.8988095233058,1432.8516009852121,ns,4988928.0,256.0,178664698.99881983,60.0,960.0,7040.0,1.0,60.0,60.0,24.0,1.0
runtime/stress_3_0/weighted_bound/1024,110,0,runtime/stress_3_0/weighted_bound/1024,iteration,5,1,1,19488,1433.7182368637623,1433.6104782429072,ns,4988928.0,256.0,178570123.39485985,60.0,960.0,7040.0,1.0,60.0,60.0,24.0,1.0
runtime/stress_3_0/weighted_bound/1024,110,0,runtime/stress_3_0/weighted_bound/1024,iteration,5,2,1,19488,1440.279197455219,1440.2761699506812,ns,4988928.0,256.0,177743689.2597939,60.0,960.0,7040.0,1.0,60.0,60.0,24.0,1.0
runtime/stress_3_0/weighted_bound/1024,110,0,runtime/stress_3_0/weighted_bound/1024,iteration,5,3,1,19488,1434.2575431040048,1433.721828817718,ns,4988928.0,256.0,178556254.67536047,60.0,960.0,7040.0,1.0,60.0,60.0,24.0,1.0
runtime/stress_3_0/weighted_bound/1024,110,0,runtime/stress_3_0/weighted_bound/1024,iteration,5,4,1,19488,1435.9108169130473,1435.907789408874,ns,4988928.0,256.0,178284428.76919594,60.0,960.0,7040.0,1.0,60.0,60.0,24.0,1.0
runtime/stress_3_0/weighted_bound/65536,110,1,runtime/stress_3_0/weighted_bound/65536,iteration,5,0,1,15539,1798.9124782802367,1798.924705579388,ns,3977984.0,256.0,142307234.54184198,60.0,960.0,7040.0,1.0,60.0,60.0,24.0,1.0
runtime/stress_3_0/weighted_bound/65536,110,1,runtime/stress_3_0/weighted_bound/65536,iteration,5,1,1,15539,1800.9531501382583,1799.652551644449,ns,3977984.0,256.0,142249680.23193014,60.0,960.0,7040.0,1.0,60.0,60.0,24.0,1.0
runtime/stress_3_0/weighted_bound/65536,110,1,runtime/stress_3_0/weighted_bound/65536,iteration,5,2,1,15539,1801.570950511416,1800.2812922325404,ns,3977984.0,256.0,142200000.13583028,60.0,960.0,7040.0,1.0,60.0,60.0,24.0,1.0
runtime/stress_3_0/weighted_bound/65536,110,1,runtime/stress_3_0/weighted_bound/65536,iteration,5,3,1,15539,1799.2328978694186,1799.2510457559702,ns,3977984.0,256.0,142281423.4866483,60.0,960.0,7040.0,1.0,60.0,60.0,24.0,1.0
runtime/stress_3_0/weighted_bound/65536,110,1,runtime/stress_3_0/weighted_bound/65536,iteration,5,4,1,15539,1801.3360576613954,1800.081858549281,ns,3977984.0,256.0,142215754.68035388,60.0,960.0,7040.0,1.0,60.0,60.0,24.0,1.0
runtime/stress_3_0/scalar64/1024,111,0,runtime/stress_3_0/scalar64/1024,iteration,5,0,1,6017,4653.32574372656,4652.174173176232,ns,1540352.0,256.0,55028034.30620874,60.0,960.0,7040.0,1.0,60.0,60.0,24.0,1.0
runtime/stress_3_0/scalar64/1024,111,0,runtime/stress_3_0/scalar64/1024,iteration,5,1,1,6017,4669.712647497036,4657.723284028585,ns,1540352.0,256.0,54962475.095467456,60.0,960.0,7040.0,1.0,60.0,60.0,24.0,1.0
runtime/stress_3_0/scalar64/1024,111,0,runtime/stress_3_0/scalar64/1024,iteration,5,2,1,6017,4650.919228851311,4649.840784444316,ns,1540352.0,256.0,55055648.54100558,60.0,960.0,7040.0,1.0,60.0,60.0,24.0,1.0
runtime/stress_3_0/scalar64/1024,111,0,runtime/stress_3_0/scalar64/1024,iteration,5,3,1,6017,4669.440086421154,4669.430114675383,ns,1540352.0,256.0,54824677.468761526,60.0,960.0,7040.0,1.0,60.0,60.0,24.0,1.0
runtime/stress_3_0/scalar64/1024,111,0,runtime/stress_3_0/scalar64/1024,iteration,5,4,1,6017,4652.426624564189,4652.130962273166,ns,1540352.0,256.0,55028545.42919208,60.0,960.0,7040.0,1.0,60.0,60.0,24.0,1.0
runtime/stress_3_0/scalar64/65536,111,1,runtime/stress_3_0/scalar64/65536,iteration,5,0,1,4202,6703.198714897879,6678.096382675499,ns,1075712.0,256.0,38334277.51419135,60.0,960.0,7040.0,1.0,60.0,60.0,24.0,1.0
runtime/stress_3_0/scalar64/65536,111,1,runtime/stress_3_0/scalar64/65536,iteration,5,1,1,4202,6680.945026178401,6676.642075202596,ns,1075712.0,256.0,38342627.493961014,60.0,960.0,7040.0,1.0,60.0,60.0,24.0,1.0
runtime/stress_3_0/scalar64/65536,111,1,runtime/stress_3_0/scalar64/65536,iteration,5,2,1,4202,6687.908376964965,6680.764159923646,ns,1075712.0,256.0,38318969.78727143,60.0,960.0,7040.0,1.0,60.0,60.0,24.0,1.0
runtime/stress_3_0/scalar64/65536,111,1,runtime/stress_3_0/scalar64/65536,iteration,5,3,1,4202,6681.142551164246,6681.237743930707,ns,1075712.0,256.0,38316253.63616981,60.0,960.0,7040.0,1.0,60.0,60.0,24.0,1.0
runtime/stress_3_0/scalar64/65536,111,1,runtime/stress_3_0/scalar64/65536,iteration,5,4,1,4202,6688.743693480695,6683.881960970862,ns,1075712.0,256.0,38301095.30582059,60.0,960.0,7040.0,1.0,60.0,60.0,24.0,1.0
runtime/stress_3_0/scalar8_projection/1024,112,0,runtime/stress_3_0/scalar8_projection/1024,iteration,5,0,1,32280,868.8649628253144,867.1106257744125,ns,8263680.0,256.0,295233378.98364186,60.0,960.0,7040.0,1.0,60.0,60.0,24.0,1.0
runtime/stress_3_0/scalar8_projection/1024,112,0,runtime/stress_3_0/scalar8_projection/1024,iteration,5,1,1,32280,866.2859665426943,866.284138785638,ns,8263680.0,256.0,295515049.3218798,60.0,960.0,7040.0,1.0,60.0,60.0,24.0,1.0
runtime/stress_3_0/scalar8_projection/1024,112,0,runtime/stress_3_0/scalar8_projection/1024,iteration,5,2,1,32280,868.3528500619939,867.2082094175751,ns,8263680.0,256.0,295200157.493818,60.0,960.0,7040.0,1.0,60.0,60.0,24.0,1.0
runtime/stress_3_0/scalar8_projection/1024,112,0,runtime/stress_3_0/scalar8_projection/1024,iteration,5,3,1,32280,866.2453841386729,866.2435563816166,ns,8263680.0,256.0,295528893.82443064,60.0,960.0,7040.0,1.0,60.0,60.0,24.0,1.0
runtime/stress_3_0/scalar8_projection/1024,112,0,runtime/stress_3_0/scalar8_projection/1024,iteration,5,4,1,32280,867.7602540270221,866.8755266419611,ns,8263680.0,256.0,295313447.1239188,60.0,960.0,7040.0,1.0,60.0,60.0,24.0,1.0
runtime/stress_3_0/scalar8_projection/65536,112,1,runtime/stress_3_0/scalar8_projection/65536,iteration,5,0,1,25523,1096.0028601653917,1095.1934333738516,ns,6533888.0,256.0,233748662.29006386,60.0,960.0,7040.0,1.0,60.0,60.0,24.0,1.0
runtime/stress_3_0/scalar8_projection/65536,112,1,runtime/stress_3_0/scalar8_projection/65536,iteration,5,1,1,25523,1095.9550209613365,1095.199310425991,ns,6533888.0,256.0,233747407.94935828,60.0,960.0,7040.0,1.0,60.0,60.0,24.0,1.0
runtime/stress_3_0/scalar8_projection/65536,112,1,runtime/stress_3_0/scalar8_projection/65536,iteration,5,2,1,25523,1094.6236727656787,1094.6221447322926,ns,6533888.0,256.0,233870656.8581334,60.0,960.0,7040.0,1.0,60.0,60.0,24.0,1.0
runtime/stress_3_0/scalar8_projection/65536,112,1,runtime/stress_3_0/scalar8_projection/65536,iteration,5,3,1,25523,1096.359009520555,1095.5448419073148,ns,6533888.0,256.0,233673684.73417366,60.0,960.0,7040.0,1.0,60.0,60.0,24.0,1.0
runtime/stress_3_0/scalar8_projection/65536,112,1,runtime/stress_3_0/scalar8_projection/65536,iteration,5,4,1,25523,1094.8501743524323,1094.8509579594397,ns,6533888.0,256.0,233821780.16003877,60.0,960.0,7040.0,1.0,60.0,60.0,24.0,1.0
runtime/stress_3_0/write_scalar/1024,113,0,runtime/stress_3_0/write_scalar/1024,iteration,5,0,1,3413,8459.159976558423,8450.507471433302,ns,873728.0,256.0,30294038.655713946,60.0,960.0,7040.0,1.0,60.0,60.0,24.0,1.0
runtime/stress_3_0/write_scalar/1024,113,0,runtime/stress_3_0/write_scalar/1024,iteration,5,1,1,3413,8661.135364780266,8659.561382948068,ns,873728.0,256.0,29562698.233665865,60.0,960.0,7040.0,1.0,60.0,60.0,24.0,1.0
runtime/stress_3_0/write_scalar/1024,113,0,runtime/stress_3_0/write_scalar/1024,iteration,5,2,1,3413,8643.854380311617,8643.832991503388,ns,873728.0,256.0,29616490.76881053,60.0,960.0,7040.0,1.0,60.0,60.0,24.0,1.0
runtime/stress_3_0/write_scalar/1024,113,0,runtime/stress_3_0/write_scalar/1024,iteration,5,3,1,3413,8605.823029593794,8605.028420744065,ns,873728.0,256.0,29750047.0054071,60.0,960.0,7040.0,1.0,60.0,60.0,24.0,1.0
runtime/stress_3_0/write_scalar/1024,113,0,runtime/stress_3_0/write_scalar/1024,iteration,5,4,1,3413,8657.264869617165,8657.246703780196,ns,873728.0,256.0,29570602.38195792,60.0,960.0,7040.0,1.0,60.0,60.0,24.0,1.0
runtime/stress_3_0/write_scalar/65536,113,1,runtime/stress_3_0/write_scalar/65536,iteration,5,0,1,3041,9245.781321931237,9246.015126602577,ns,778496.0,256.0,27687603.415598836,60.0,960.0,7040.0,1.0,60.0,60.0,24.0,1.0
runtime/stress_3_0/write_scalar/65536,113,1,runtime/stress_3_0/write_scalar/65536,iteration,5,1,1,3041,9214.235448866475,9205.699440973698,ns,778496.0,256.0,27808859.24436857,60.0,960.0,7040.0,1.0,60.0,60.0,24.0,1.0
runtime/stress_3_0/write_scalar/65536,113,1,runtime/stress_3_0/write_scalar/65536,iteration,5,2,1,3041,9251.996382766687,9223.173955935408,ns,778496.0,256.0,27756171.706514955,60.0,960.0,7040.0,1.0,60.0,60.0,24.0,1.0
runtime/stress_3_0/write_scalar/65536,113,1,runtime/stress_3_0/write_scalar/65536,iteration,5,3,1,3041,9279.06642551716,9274.24597171977,ns,778496.0,256.0,27603322.23025228,60.0,960.0,7040.0,1.0,60.0,60.0,24.0,1.0
runtime/stress_3_0/write_scalar/65536,113,1,runtime/stress_3_0/write_scalar/65536,iteration,5,4,1,3041,9304.146991118569,9297.353502138028,ns,778496.0,256.0,27534717.265631557,60.0,960.0,7040.0,1.0,60.0,60.0,24.0,1.0
runtime/stress_3_0/prepare_read,114,0,runtime/stress_3_0/prepare_read,iteration,5,0,1,103382,270.49302586523004,270.49246483912054,ns,0.0,1.0,3696960.6550584133,,960.0,7040.0,103382.0,,,,0.0
runtime/stress_3_0/prepare_read,114,0,runtime/stress_3_0/prepare_read,iteration,5,1,1,103382,271.15166083072523,270.95712986787555,ns,0.0,1.0,3690620.728406819,,960.0,7040.0,103382.0,,,,0.0
runtime/stress_3_0/prepare_read,114,0,runtime/stress_3_0/prepare_read,iteration,5,2,1,103382,271.3778123850343,270.7681414559654,ns,0.0,1.0,3693196.6760300286,,960.0,7040.0,103382.0,,,,0.0
runtime/stress_3_0/prepare_read,114,0,runtime/stress_3_0/prepare_read,iteration,5,3,1,103382,271.1017488537794,271.1011781548054,ns,0.0,1.0,3688659.7351081064,,960.0,7040.0,103382.0,,,,0.0
runtime/stress_3_0/prepare_read,114,0,runtime/stress_3_0/prepare_read,iteration,5,4,1,103382,270.9494883055353,270.56916097580154,ns,0.0,1.0,3695912.706361371,,960.0,7040.0,103382.0,,,,0.0
runtime/stress_3_0/prepare_write,115,0,runtime/stress_3_0/prepare_write,iteration,5,0,1,50267,557.6051882945274,557.6042134999205,ns,0.0,1.0,1793386.7352315884,,960.0,7040.0,0.0,,,,50267.0
runtime/stress_3_0/prepare_write,115,0,runtime/stress_3_0/prepare_write,iteration,5,1,1,50267,557.5246384305666,557.4518471362052,ns,0.0,1.0,1793876.9153556407,,960.0,7040.0,0.0,,,,50267.0
runtime/stress_3_0/prepare_write,115,0,runtime/stress_3_0/prepare_write,iteration,5,2,1,50267,560.0710406431093,559.5488491455415,ns,0.0,1.0,1787154.064434319,,960.0,7040.0,0.0,,,,50267.0
runtime/stress_3_0/prepare_write,115,0,runtime/stress_3_0/prepare_write,iteration,5,3,1,50267,558.0176059839106,557.9873674576833,ns,0.0,1.0,1792155.2678803937,,960.0,7040.0,0.0,,,,50267.0
runtime/stress_3_0/prepare_write,115,0,runtime/stress_3_0/prepare_write,iteration,5,4,1,50267,558.068931903506,557.9943501700825,ns,0.0,1.0,1792132.840942188,,960.0,7040.0,0.0,,,,50267.0
runtime/stress_3_1/read_inline/1024,116,0,runtime/stress_3_1/read_inline/1024,iteration,5,0,1,28523,982.3619885706703,982.3599200645058,ns,7301888.0,256.0,260596951.0474226,60.0,960.0,7040.0,1.0,60.0,60.0,24.0,1.0
runtime/stress_3_1/read_inline/1024,116,0,runtime/stress_3_1/read_inline/1024,iteration,5,1,1,28523,978.0552887143065,977.1101216562853,ns,7301888.0,256.0,261997081.31777215,60.0,960.0,7040.0,1.0,60.0,60.0,24.0,1.0
runtime/stress_3_1/read_inline/1024,116,0,runtime/stress_3_1/read_inline/1024,iteration,5,2,1,28523,979.1231637625593,977.9655365844936,ns,7301888.0,256.0,261767915.55873224,60.0,960.0,7040.0,1.0,60.0,60.0,24.0,1.0
runtime/stress_3_1/read_inline/1024,116,0,runtime/stress_3_1/read_inline/1024,iteration,5,3,1,28523,978.349787890364,978.2597202255689,ns,7301888.0,256.0,261689196.34243047,60.0,960.0,7040.0,1.0,60.0,60.0,24.0,1.0
runtime/stress_3_1/read_inline/1024,116,0,runtime/stress_3_1/read_inline/1024,iteration,5,4,1,28523,980.6605546401292,979.1792939031833,ns,7301888.0,256.0,261443436.9619259,60.0,960.0,7040.0,1.0,60.0,60.0,24.0,1.0
runtime/stress_3_1/read_inline/65536,116,1,runtime/stress_3_1/read_inline/65536,iteration,5,0,1,23920,1172.6580685616734,1171.7705685617611,ns,6123520.0,256.0,218472802.4993972,60.0,960.0,7040.0,1.0,60.0,60.0,24.0,1.0
runtime/stress_3_1/read_inline/65536,116,1,runtime/stress_3_1/read_inline/65536,iteration,5,1,1,23920,1171.0610785954668,1171.0686454849824,ns,6123520.0,256.0,218603752.21128136,60.0,960.0,7040.0,1.0,60.0,60.0,24.0,1.0
runtime/stress_3_1/read_inline/65536,116,1,runtime/stress_3_1/read_inline/65536,iteration,5,2,1,23920,1174.7299749165181,1172.5030100336344,ns,6123520.0,256.0,218336326.48214385,60.0,960.0,7040.0,1.0,60.0,60.0,24.0,1.0
runtime/stress_3_1/read_inline/65536,116,1,runtime/stress_3_1/read_inline/65536,iteration,5,3,1,23920,1172.0201086955426,1170.868394648928,ns,6123520.0,256.0,218641139.49096626,60.0,960.0,7040.0,1.0,60.0,60.0,24.0,1.0
runtime/stress_3_1/read_inline/65536,116,1,runtime/stress_3_1/read_inline/65536,iteration,5,4,1,23920,1170.8106605350429,1170.8215719064406,ns,6123520.0,256.0,218649883.2466479,60.0,960.0,7040.0,1.0,60.0,60.0,24.0,1.0
runtime/stress_3_1/read_bound/1024,117,0,runtime/stress_3_1/read_bound/1024,iteration,5,0,1,29870,935.8470371609744,935.2340475392296,ns,7646720.0,256.0,273728272.26893896,60.0,960.0,7040.0,1.0,60.0,60.0,24.0,1.0
runtime/stress_3_1/read_bound/1024,117,0,runtime/stress_3_1/read_bound/1024,iteration,5,1,1,29870,931.4144626714567,931.4128557080533,ns,7646720.0,256.0,274851263.25145113,60.0,960.0,7040.0,1.0,60.0,60.0,24.0,1.0
runtime/stress_3_1/read_bound/1024,117,0,runtime/stress_3_1/read_bound/1024,iteration,5,2,1,29870,935.2122530963879,935.1486776029113,ns,7646720.0,256.0,273753260.9854198,60.0,960.0,7040.0,1.0,60.0,60.0,24.0,1.0
runtime/stress_3_1/read_bound/1024,117,0,runtime/stress_3_1/read_bound/1024,iteration,5,3,1,29870,936.7820555740324,936.7238701038418,ns,7646720.0,256.0,273292918.19116426,60.0,960.0,7040.0,1.0,60.0,60.0,24.0,1.0
runtime/stress_3_1/read_bound/1024,117,0,runtime/stress_3_1/read_bound/1024,iteration,5,4,1,29870,937.596618681025,936.6408436556917,ns,7646720.0,256.0,273317143.63515985,60.0,960.0,7040.0,1.0,60.0,60.0,24.0,1.0
runtime/stress_3_1/read_bound/65536,117,1,runtime/stress_3_1/read_bound/65536,iteration,5,0,1,22543,1239.0928447855554,1239.1093465822266,ns,5771008.0,256.0,206600007.26014376,60.0,960.0,7040.0,1.0,60.0,60.0,24.0,1.0
runtime/stress_3_1/read_bound/65536,117,1,runtime/stress_3_1/read_bound/65536,iteration,5,1,1,22543,1240.1845805793992,1239.3173934259144,ns,5771008.0,256.0,206565324.87801602,60.0,960.0,7040.0,1.0,60.0,60.0,24.0,1.0
runtime/stress_3_1/read_bound/65536,117,1,runtime/stress_3_1/read_bound/65536,iteration,5,2,1,22543,1241.2611897262416,1240.8642150557043,ns,5771008.0,256.0,206307827.15295547,60.0,960.0,7040.0,1.0,60.0,60.0,24.0,1.0
runtime/stress_3_1/read_bound/65536,117,1,runtime/stress_3_1/read_bound/65536,iteration,5,3,1,22543,1241.164042052748,1240.1411524642729,ns,5771008.0,256.0,206428114.64751798,60.0,960.0,7040.0,1.0,60.0,60.0,24.0,1.0
runtime/stress_3_1/read_bound/65536,117,1,runtime/stress_3_1/read_bound/65536,iteration,5,4,1,22543,1241.2651377365644,1238.423945348895,ns,5771008.0,256.0,206714349.2835795,60.0,960.0,7040.0,1.0,60.0,60.0,24.0,1.0
runtime/stress_3_1/weighted_bound/1024,118,0,runtime/stress_3_1/weighted_bound/1024,iteration,5,0,1,19543,1474.9651025942792,1438.7141687561887,ns,5003008.0,256.0,177936664.25160715,60.0,960.0,7040.0,1.0,60.0,60.0,24.0,1.0
runtime/stress_3_1/weighted_bound/1024,118,0,runtime/stress_3_1/weighted_bound/1024,iteration,5,1,1,19543,1441.765900834348,1440.7799211993758,ns,5003008.0,256.0,177681543.33167902,60.0,960.0,7040.0,1.0,60.0,60.0,24.0,1.0
runtime/stress_3_1/weighted_bound/1024,118,0,runtime/stress_3_1/weighted_bound/1024,iteration,5,2,1,19543,1435.004912244498,1434.8995036586712,ns,5003008.0,256.0,178409706.98453623,60.0,960.0,7040.0,1.0,60.0,60.0,24.0,1.0
runtime/stress_3_1/weighted_bound/1024,118,0,runtime/stress_3_1/weighted_bound/1024,iteration,5,3,1,19543,1431.8605638849929,1431.5791843627192,ns,5003008.0,256.0,178823499.80798358,60.0,960.0,7040.0,1.0,60.0,60.0,24.0,1.0
runtime/stress_3_1/weighted_bound/1024,118,0,runtime/stress_3_1/weighted_bound/1024,iteration,5,4,1,19543,1429.166965154176,1429.0590492756196,ns,5003008.0,256.0,179138853.73019728,60.0,960.0,7040.0,1.0,60.0,60.0,24.0,1.0
runtime/stress_3_1/weighted_bound/65536,118,1,runtime/stress_3_1/weighted_bound/65536,iteration,5,0,1,15576,1799.2584745762,1797.7357473033867,ns,3987456.0,256.0,142401351.46892494,60.0,960.0,7040.0,1.0,60.0,60.0,24.0,1.0
runtime/stress_3_1/weighted_bound/65536,118,1,runtime/stress_3_1/weighted_bound/65536,iteration,5,1,1,15576,1799.8947098100748,1796.7605290189001,ns,3987456.0,256.0,142478641.90326232,60.0,960.0,7040.0,1.0,60.0,60.0,24.0,1.0
runtime/stress_3_1/weighted_bound/65536,118,1,runtime/stress_3_1/weighted_bound/65536,iteration,5,2,1,15576,1799.225796096293,1797.9250770418287,ns,3987456.0,256.0,142386355.95494515,60.0,960.0,7040.0,1.0,60.0,60.0,24.0,1.0
runtime/stress_3_1/weighted_bound/65536,118,1,runtime/stress_3_1/weighted_bound/65536,iteration,5,3,1,15576,1808.9472265028426,1803.3848228044378,ns,3987456.0,256.0,141955281.40349728,60.0,960.0,7040.0,1.0,60.0,60.0,24.0,1.0
runtime/stress_3_1/weighted_bound/65536,118,1,runtime/stress_3_1/weighted_bound/65536,iteration,5,4,1,15576,1799.0742809450142,1798.104840780734,ns,3987456.0,256.0,142372121.02095515,60.0,960.0,7040.0,1.0,60.0,60.0,24.0,1.0
runtime/stress_3_1/scalar64/1024,119,0,runtime/stress_3_1/scalar64/1024,iteration,5,0,1,6030,4680.000331675342,4676.826036484168,ns,1543680.0,256.0,54737977.85141684,60.0,960.0,7040.0,1.0,60.0,60.0,24.0,1.0
runtime/stress_3_1/scalar64/1024,119,0,runtime/stress_3_1/scalar64/1024,iteration,5,1,1,6030,4645.12951907165,4645.119734658974,ns,1543680.0,256.0,55111604.14012331,60.0,960.0,7040.0,1.0,60.0,60.0,24.0,1.0
runtime/stress_3_1/scalar64/1024,119,0,runtime/stress_3_1/scalar64/1024,iteration,5,2,1,6030,4663.0781094522545,4662.6985074632,ns,1543680.0,256.0,54903828.671367384,60.0,960.0,7040.0,1.0,60.0,60.0,24.0,1.0
runtime/stress_3_1/scalar64/1024,119,0,runtime/stress_3_1/scalar64/1024,iteration,5,3,1,6030,4659.741459368993,4649.031674957701,ns,1543680.0,256.0,55065230.33150322,60.0,960.0,7040.0,1.0,60.0,60.0,24.0,1.0
runtime/stress_3_1/scalar64/1024,119,0,runtime/stress_3_1/scalar64/1024,iteration,5,4,1,6030,4647.753067993964,4645.244112769291,ns,1543680.0,256.0,55110128.50676302,60.0,960.0,7040.0,1.0,60.0,60.0,24.0,1.0
runtime/stress_3_1/scalar64/65536,119,1,runtime/stress_3_1/scalar64/65536,iteration,5,0,1,4802,5759.573094545666,5740.604123281913,ns,1229312.0,256.0,44594609.64426237,60.0,960.0,7040.0,1.0,60.0,60.0,24.0,1.0
runtime/stress_3_1/scalar64/65536,119,1,runtime/stress_3_1/scalar64/65536,iteration,5,1,1,4802,5730.187421908999,5725.902124115489,ns,1229312.0,256.0,44709112.11035514,60.0,960.0,7040.0,1.0,60.0,60.0,24.0,1.0
runtime/stress_3_1/scalar64/65536,119,1,runtime/stress_3_1/scalar64/65536,iteration,5,2,1,4802,5707.638275717844,5707.657434401831,ns,1229312.0,256.0,44852026.06186702,60.0,960.0,7040.0,1.0,60.0,60.0,24.0,1.0
runtime/stress_3_1/scalar64/65536,119,1,runtime/stress_3_1/scalar64/65536,iteration,5,3,1,4802,5717.215535193859,5713.298833819413,ns,1229312.0,256.0,44807738.47932277,60.0,960.0,7040.0,1.0,60.0,60.0,24.0,1.0
runtime/stress_3_1/scalar64/65536,119,1,runtime/stress_3_1/scalar64/65536,iteration,5,4,1,4802,5722.019783423235,5722.022282382209,ns,1229312.0,256.0,44739427.31544578,60.0,960.0,7040.0,1.0,60.0,60.0,24.0,1.0
runtime/stress_3_1/scalar8_projection/1024,120,0,runtime/stress_3_1/scalar8_projection/1024,iteration,5,0,1,32348,863.2333065413228,863.2317608508,ns,8281088.0,256.0,296559987.2596054,60.0,960.0,7040.0,1.0,60.0,60.0,24.0,1.0
runtime/stress_3_1/scalar8_projection/1024,120,0,runtime/stress_3_1/scalar8_projection/1024,iteration,5,1,1,32348,863.8667305550842,863.7322863856175,ns,8281088.0,256.0,296388133.26205516,60.0,960.0,7040.0,1.0,60.0,60.0,24.0,1.0
runtime/stress_3_1/scalar8_projection/1024,120,0,runtime/stress_3_1/scalar8_projection/1024,iteration,5,2,1,32348,862.7210337577413,862.7192098429947,ns,8281088.0,256.0,296736176.8223396,60.0,960.0,7040.0,1.0,60.0,60.0,24.0,1.0
runtime/stress_3_1/scalar8_projection/1024,120,0,runtime/stress_3_1/scalar8_projection/1024,iteration,5,3,1,32348,864.5901137628081,864.5317175715003,ns,8281088.0,256.0,296114063.59862995,60.0,960.0,7040.0,1.0,60.0,60.0,24.0,1.0
runtime/stress_3_1/scalar8_projection/1024,120,0,runtime/stress_3_1/scalar8_projection/1024,iteration,5,4,1,32348,863.3238840111429,863.3217200443231,ns,8281088.0,256.0,296529085.3412757,60.0,960.0,7040.0,1.0,60.0,60.0,24.0,1.0
runtime/stress_3_1/scalar8_projection/65536,120,1,runtime/stress_3_1/scalar8_projection/65536,iteration,5,0,1,25326,1104.4752428334705,1104.495419726908,ns,6483456.0,256.0,231780046.73237783,60.0,960.0,7040.0,1.0,60.0,60.0,24.0,1.0
runtime/stress_3_1/scalar8_projection/65536,120,1,runtime/stress_3_1/scalar8_projection/65536,iteration,5,1,1,25326,1107.1207454790272,1105.0912500987786,ns,6483456.0,256.0,231655078.23640573,60.0,960.0,7040.0,1.0,60.0,60.0,24.0,1.0
runtime/stress_3_1/scalar8_projection/65536,120,1,runtime/stress_3_1/scalar8_projection/65536,iteration,5,2,1,25326,1107.2498618024758,1106.1206270235593,ns,6483456.0,256.0,231439495.60805672,60.0,960.0,7040.0,1.0,60.0,60.0,24.0,1.0
runtime/stress_3_1/scalar8_projection/65536,120,1,runtime/stress_3_1/scalar8_projection/65536,iteration,5,3,1,25326,1104.6019900493152,1104.595711916634,ns,6483456.0,256.0,231759002.17447236,60.0,960.0,7040.0,1.0,60.0,60.0,24.0,1.0
runtime/stress_3_1/scalar8_projection/65536,120,1,runtime/stress_3_1/scalar8_projection/65536,iteration,5,4,1,25326,1105.9267551129396,1105.1212587851812,ns,6483456.0,256.0,231648787.8275107,60.0,960.0,7040.0,1.0,60.0,60.0,24.0,1.0
runtime/stress_3_1/write_scalar/1024,121,0,runtime/stress_3_1/write_scalar/1024,iteration,5,0,1,3056,9183.197316758204,9167.608638742524,ns,782336.0,256.0,27924403.199121974,60.0,960.0,7040.0,1.0,60.0,60.0,24.0,1.0
runtime/stress_3_1/write_scalar/1024,121,0,runtime/stress_3_1/write_scalar/1024,iteration,5,1,1,3056,9162.644306281416,9162.625000000584,ns,782336.0,256.0,27939591.547180388,60.0,960.0,7040.0,1.0,60.0,60.0,24.0,1.0
runtime/stress_3_1/write_scalar/1024,121,0,runtime/stress_3_1/write_scalar/1024,iteration,5,2,1,3056,9159.784358642612,9159.090641361203,ns,782336.0,256.0,27950373.025455054,60.0,960.0,7040.0,1.0,60.0,60.0,24.0,1.0
runtime/stress_3_1/write_scalar/1024,121,0,runtime/stress_3_1/write_scalar/1024,iteration,5,3,1,3056,9175.47807591656,9163.485602093955,ns,782336.0,256.0,27936967.559757095,60.0,960.0,7040.0,1.0,60.0,60.0,24.0,1.0
runtime/stress_3_1/write_scalar/1024,121,0,runtime/stress_3_1/write_scalar/1024,iteration,5,4,1,3056,9163.488547119214,9162.313808899773,ns,782336.0,256.0,27940540.494403888,60.0,960.0,7040.0,1.0,60.0,60.0,24.0,1.0
runtime/stress_3_1/write_scalar/65536,121,1,runtime/stress_3_1/write_scalar/65536,iteration,5,0,1,2930,9531.099317408614,9524.283617748591,ns,750080.0,256.0,26878661.983872633,60.0,960.0,7040.0,1.0,60.0,60.0,24.0,1.0
runtime/stress_3_1/write_scalar/65536,121,1,runtime/stress_3_1/write_scalar/65536,iteration,5,1,1,2930,9604.7887372019,9604.867235494636,ns,750080.0,256.0,26653153.41933682,60.0,960.0,7040.0,1.0,60.0,60.0,24.0,1.0
runtime/stress_3_1/write_scalar/65536,121,1,runtime/stress_3_1/write_scalar/65536,iteration,5,2,1,2930,9575.77167235541,9566.409897610381,ns,750080.0,256.0,26760300.127213545,60.0,960.0,7040.0,1.0,60.0,60.0,24.0,1.0
runtime/stress_3_1/write_scalar/65536,121,1,runtime/stress_3_1/write_scalar/65536,iteration,5,3,1,2930,9562.549488055976,9553.123208192217,ns,750080.0,256.0,26797518.92872782,60.0,960.0,7040.0,1.0,60.0,60.0,24.0,1.0
runtime/stress_3_1/write_scalar/65536,121,1,runtime/stress_3_1/write_scalar/65536,iteration,5,4,1,2930,9545.945392489166,9534.955972695287,ns,750080.0,256.0,26848577.039379388,60.0,960.0,7040.0,1.0,60.0,60.0,24.0,1.0
runtime/stress_3_1/prepare_read,122,0,runtime/stress_3_1/prepare_read,iteration,5,0,1,102969,272.44055006851414,271.97720673213104,ns,0.0,1.0,3676778.6978005655,,960.0,7040.0,102969.0,,,,0.0
runtime/stress_3_1/prepare_read,122,0,runtime/stress_3_1/prepare_read,iteration,5,1,1,102969,271.8428847516907,271.8262972350671,ns,0.0,1.0,3678819.9308591187,,960.0,7040.0,102969.0,,,,0.0
runtime/stress_3_1/prepare_read,122,0,runtime/stress_3_1/prepare_read,iteration,5,2,1,102969,271.65545941020514,271.6386582369575,ns,0.0,1.0,3681361.1379558276,,960.0,7040.0,102969.0,,,,0.0
runtime/stress_3_1/prepare_read,122,0,runtime/stress_3_1/prepare_read,iteration,5,3,1,102969,271.5427070282689,271.54213404033834,ns,0.0,1.0,3682669.739390968,,960.0,7040.0,102969.0,,,,0.0
runtime/stress_3_1/prepare_read,122,0,runtime/stress_3_1/prepare_read,iteration,5,4,1,102969,271.7137196632466,271.6570132758533,ns,0.0,1.0,3681112.3995703845,,960.0,7040.0,102969.0,,,,0.0
runtime/stress_3_1/prepare_write,123,0,runtime/stress_3_1/prepare_write,iteration,5,0,1,49372,570.6129182532185,569.9577088227443,ns,0.0,1.0,1754516.1413212821,,960.0,7040.0,0.0,,,,49372.0
runtime/stress_3_1/prepare_write,123,0,runtime/stress_3_1/prepare_write,iteration,5,1,1,49372,571.0056509763331,570.3650247103169,ns,0.0,1.0,1753263.18528716,,960.0,7040.0,0.0,,,,49372.0
runtime/stress_3_1/prepare_write,123,0,runtime/stress_3_1/prepare_write,iteration,5,2,1,49372,570.3123430282785,569.5201936320865,ns,0.0,1.0,1755863.99074377,,960.0,7040.0,0.0,,,,49372.0
runtime/stress_3_1/prepare_write,123,0,runtime/stress_3_1/prepare_write,iteration,5,3,1,49372,597.0822530991346,572.3627359638065,ns,0.0,1.0,1747143.7904078285,,960.0,7040.0,0.0,,,,49372.0
runtime/stress_3_1/prepare_write,123,0,runtime/stress_3_1/prepare_write,iteration,5,4,1,49372,577.9181114801354,570.6036012313734,ns,0.0,1.0,1752530.1239634329,,960.0,7040.0,0.0,,,,49372.0
runtime/tiny_dense/read_inline/1024,124,0,runtime/tiny_dense/read_inline/1024,iteration,5,0,1,34909,827.5491420547351,826.8727835228684,ns,8936704.0,256.0,309600225.2115726,2.0,960.0,7040.0,1.0,16.0,2.0,2.0,1.0
runtime/tiny_dense/read_inline/1024,124,0,runtime/tiny_dense/read_inline/1024,iteration,5,1,1,34909,833.7427024548775,833.7412415135539,ns,8936704.0,256.0,307049702.29763824,2.0,960.0,7040.0,1.0,16.0,2.0,2.0,1.0
runtime/tiny_dense/read_inline/1024,124,0,runtime/tiny_dense/read_inline/1024,iteration,5,2,1,34909,808.9504712250807,808.8636454781804,ns,8936704.0,256.0,316493393.4552827,2.0,960.0,7040.0,1.0,16.0,2.0,2.0,1.0
runtime/tiny_dense/read_inline/1024,124,0,runtime/tiny_dense/read_inline/1024,iteration,5,3,1,34909,818.4167979603266,817.3282534590107,ns,8936704.0,256.0,313215649.79135823,2.0,960.0,7040.0,1.0,16.0,2.0,2.0,1.0
runtime/tiny_dense/read_inline/1024,124,0,runtime/tiny_dense/read_inline/1024,iteration,5,4,1,34909,813.9428800597705,813.8635308947466,ns,8936704.0,256.0,314549049.4193275,2.0,960.0,7040.0,1.0,16.0,2.0,2.0,1.0
runtime/tiny_dense/read_inline/65536,124,1,runtime/tiny_dense/read_inline/65536,iteration,5,0,1,34589,808.5637052242691,807.8771285670454,ns,8854784.0,256.0,316879870.64824384,2.0,960.0,7040.0,1.0,16.0,2.0,2.0,1.0
runtime/tiny_dense/read_inline/65536,124,1,runtime/tiny_dense/read_inline/65536,iteration,5,1,1,34589,840.9116482116214,840.9142501951261,ns,8854784.0,256.0,304430564.63913846,2.0,960.0,7040.0,1.0,16.0,2.0,2.0,1.0
runtime/tiny_dense/read_inline/65536,124,1,runtime/tiny_dense/read_inline/65536,iteration,5,2,1,34589,834.0860678251648,833.5375986583769,ns,8854784.0,256.0,307124718.0835581,2.0,960.0,7040.0,1.0,16.0,2.0,2.0,1.0
runtime/tiny_dense/read_inline/65536,124,1,runtime/tiny_dense/read_inline/65536,iteration,5,3,1,34589,828.0185319031618,827.4379716095631,ns,8854784.0,256.0,309388750.31565124,2.0,960.0,7040.0,1.0,16.0,2.0,2.0,1.0
runtime/tiny_dense/read_inline/65536,124,1,runtime/tiny_dense/read_inline/65536,iteration,5,4,1,34589,805.9582815344708,805.959437971584,ns,8854784.0,256.0,317633850.959415,2.0,960.0,7040.0,1.0,16.0,2.0,2.0,1.0
runtime/tiny_dense/read_bound/1024,125,0,runtime/tiny_dense/read_bound/1024,iteration,5,0,1,34631,806.5701539084163,805.0189714418318,ns,8865536.0,256.0,318004927.93541294,2.0,960.0,7040.0,1.0,16.0,2.0,2.0,1.0
runtime/tiny_dense/read_bound/1024,125,0,runtime/tiny_dense/read_bound/1024,iteration,5,1,1,34631,803.3588403453177,803.360313014333,ns,8865536.0,256.0,318661497.03045213,2.0,960.0,7040.0,1.0,16.0,2.0,2.0,1.0
runtime/tiny_dense/read_bound/1024,125,0,runtime/tiny_dense/read_bound/1024,iteration,5,2,1,34631,801.6606508619432,801.5613756460891,ns,8865536.0,256.0,319376666.31411004,2.0,960.0,7040.0,1.0,16.0,2.0,2.0,1.0
runtime/tiny_dense/read_bound/1024,125,0,runtime/tiny_dense/read_bound/1024,iteration,5,3,1,34631,804.1021050502962,802.8041638993216,ns,8865536.0,256.0,318882252.37469566,2.0,960.0,7040.0,1.0,16.0,2.0,2.0,1.0
runtime/tiny_dense/read_bound/1024,125,0,runtime/tiny_dense/read_bound/1024,iteration,5,4,1,34631,804.7936819611339,804.7917184025152,ns,8865536.0,256.0,318094724.56817955,2.0,960.0,7040.0,1.0,16.0,2.0,2.0,1.0
runtime/tiny_dense/read_bound/65536,125,1,runtime/tiny_dense/read_bound/65536,iteration,5,0,1,34597,805.8502471312473,805.3137844321437,ns,8856832.0,256.0,317888511.2223864,2.0,960.0,7040.0,1.0,16.0,2.0,2.0,1.0
runtime/tiny_dense/read_bound/65536,125,1,runtime/tiny_dense/read_bound/65536,iteration,5,1,1,34597,804.5882590974143,804.5879989595386,ns,8856832.0,256.0,318175265.26750225,2.0,960.0,7040.0,1.0,16.0,2.0,2.0,1.0
runtime/tiny_dense/read_bound/65536,125,1,runtime/tiny_dense/read_bound/65536,iteration,5,2,1,34597,805.6036650578952,804.6689597365086,ns,8856832.0,256.0,318143252.4548083,2.0,960.0,7040.0,1.0,16.0,2.0,2.0,1.0
runtime/tiny_dense/read_bound/65536,125,1,runtime/tiny_dense/read_bound/65536,iteration,5,3,1,34597,804.3813047373379,803.3214440557786,ns,8856832.0,256.0,318676915.5663479,2.0,960.0,7040.0,1.0,16.0,2.0,2.0,1.0
runtime/tiny_dense/read_bound/65536,125,1,runtime/tiny_dense/read_bound/65536,iteration,5,4,1,34597,803.1884267422231,803.1858542647306,ns,8856832.0,256.0,318730712.99836695,2.0,960.0,7040.0,1.0,16.0,2.0,2.0,1.0
runtime/tiny_dense/weighted_bound/1024,126,0,runtime/tiny_dense/weighted_bound/1024,iteration,5,0,1,25641,1124.045201045223,1123.590811590786,ns,6564096.0,256.0,227840951.8475448,2.0,960.0,7040.0,1.0,16.0,2.0,2.0,1.0
runtime/tiny_dense/weighted_bound/1024,126,0,runtime/tiny_dense/weighted_bound/1024,iteration,5,1,1,25641,1107.4213954211257,1107.338325338387,ns,6564096.0,256.0,231184990.29803738,2.0,960.0,7040.0,1.0,16.0,2.0,2.0,1.0
runtime/tiny_dense/weighted_bound/1024,126,0,runtime/tiny_dense/weighted_bound/1024,iteration,5,2,1,25641,1093.4905424902759,1093.4882414882002,ns,6564096.0,256.0,234113171.30542964,2.0,960.0,7040.0,1.0,16.0,2.0,2.0,1.0
runtime/tiny_dense/weighted_bound/1024,126,0,runtime/tiny_dense/weighted_bound/1024,iteration,5,3,1,25641,1095.3836043836793,1094.3360633359232,ns,6564096.0,256.0,233931795.33864716,2.0,960.0,7040.0,1.0,16.0,2.0,2.0,1.0
runtime/tiny_dense/weighted_bound/1024,126,0,runtime/tiny_dense/weighted_bound/1024,iteration,5,4,1,25641,1129.4116064111593,1128.202956202958,ns,6564096.0,256.0,226909527.7516246,2.0,960.0,7040.0,1.0,16.0,2.0,2.0,1.0
runtime/tiny_dense/weighted_bound/65536,126,1,runtime/tiny_dense/weighted_bound/65536,iteration,5,0,1,23944,1167.5004594052816,1167.5067240226472,ns,6129664.0,256.0,219270685.7549834,2.0,960.0,7040.0,1.0,16.0,2.0,2.0,1.0
runtime/tiny_dense/weighted_bound/65536,126,1,runtime/tiny_dense/weighted_bound/65536,iteration,5,1,1,23944,1175.8407534244943,1175.0459822919706,ns,6129664.0,256.0,217863814.5723136,2.0,960.0,7040.0,1.0,16.0,2.0,2.0,1.0
runtime/tiny_dense/weighted_bound/65536,126,1,runtime/tiny_dense/weighted_bound/65536,iteration,5,2,1,23944,1168.1260858671556,1168.1373621785915,ns,6129664.0,256.0,219152308.87107033,2.0,960.0,7040.0,1.0,16.0,2.0,2.0,1.0
runtime/tiny_dense/weighted_bound/65536,126,1,runtime/tiny_dense/weighted_bound/65536,iteration,5,3,1,23944,1183.6122619447754,1181.4204811225272,ns,6129664.0,256.0,216688303.69079217,2.0,960.0,7040.0,1.0,16.0,2.0,2.0,1.0
runtime/tiny_dense/weighted_bound/65536,126,1,runtime/tiny_dense/weighted_bound/65536,iteration,5,4,1,23944,1178.0003758772234,1176.117231874533,ns,6129664.0,256.0,217665376.42848668,2.0,960.0,7040.0,1.0,16.0,2.0,2.0,1.0
runtime/tiny_dense/scalar64/1024,127,0,runtime/tiny_dense/scalar64/1024,iteration,5,0,1,10230,2802.0511241459403,2799.0304985340667,ns,2618880.0,256.0,91460239.58441132,2.0,960.0,7040.0,1.0,16.0,2.0,2.0,1.0
runtime/tiny_dense/scalar64/1024,127,0,runtime/tiny_dense/scalar64/1024,iteration,5,1,1,10230,2783.059824046217,2782.7743890517972,ns,2618880.0,256.0,91994522.08816305,2.0,960.0,7040.0,1.0,16.0,2.0,2.0,1.0
runtime/tiny_dense/scalar64/1024,127,0,runtime/tiny_dense/scalar64/1024,iteration,5,2,1,10230,2776.1028347990778,2776.095992180155,ns,2618880.0,256.0,92215831.4125713,2.0,960.0,7040.0,1.0,16.0,2.0,2.0,1.0
runtime/tiny_dense/scalar64/1024,127,0,runtime/tiny_dense/scalar64/1024,iteration,5,3,1,10230,2770.375464320252,2770.214271749589,ns,2618880.0,256.0,92411624.11538571,2.0,960.0,7040.0,1.0,16.0,2.0,2.0,1.0
runtime/tiny_dense/scalar64/1024,127,0,runtime/tiny_dense/scalar64/1024,iteration,5,4,1,10230,2782.114565005848,2782.1095796678446,ns,2618880.0,256.0,92016504.98272745,2.0,960.0,7040.0,1.0,16.0,2.0,2.0,1.0
runtime/tiny_dense/scalar64/65536,127,1,runtime/tiny_dense/scalar64/65536,iteration,5,0,1,10069,2774.5436488229825,2772.784884297698,ns,2577664.0,256.0,92325950.50908202,2.0,960.0,7040.0,1.0,16.0,2.0,2.0,1.0
runtime/tiny_dense/scalar64/65536,127,1,runtime/tiny_dense/scalar64/65536,iteration,5,1,1,10069,2779.2125335178257,2777.625484159054,ns,2577664.0,256.0,92165053.01379961,2.0,960.0,7040.0,1.0,16.0,2.0,2.0,1.0
runtime/tiny_dense/scalar64/65536,127,1,runtime/tiny_dense/scalar64/65536,iteration,5,2,1,10069,2772.8702949655217,2769.8353361801815,ns,2577664.0,256.0,92424266.76274695,2.0,960.0,7040.0,1.0,16.0,2.0,2.0,1.0
runtime/tiny_dense/scalar64/65536,127,1,runtime/tiny_dense/scalar64/65536,iteration,5,3,1,10069,2772.251564206659,2770.499751712937,ns,2577664.0,256.0,92402101.76583523,2.0,960.0,7040.0,1.0,16.0,2.0,2.0,1.0
runtime/tiny_dense/scalar64/65536,127,1,runtime/tiny_dense/scalar64/65536,iteration,5,4,1,10069,2772.540570065442,2772.5764226835877,ns,2577664.0,256.0,92332892.21734656,2.0,960.0,7040.0,1.0,16.0,2.0,2.0,1.0
runtime/tiny_dense/scalar8_projection/1024,128,0,runtime/tiny_dense/scalar8_projection/1024,iteration,5,0,1,57890,491.50616686835207,491.17951286924114,ns,14819840.0,256.0,521194376.5825404,2.0,960.0,7040.0,1.0,16.0,2.0,2.0,1.0
runtime/tiny_dense/scalar8_projection/1024,128,0,runtime/tiny_dense/scalar8_projection/1024,iteration,5,1,1,57890,495.04893764022603,495.012990153769,ns,14819840.0,256.0,517158145.5276095,2.0,960.0,7040.0,1.0,16.0,2.0,2.0,1.0
runtime/tiny_dense/scalar8_projection/1024,128,0,runtime/tiny_dense/scalar8_projection/1024,iteration,5,2,1,57890,485.0501122819951,485.0490758334727,ns,14819840.0,256.0,527781646.75421435,2.0,960.0,7040.0,1.0,16.0,2.0,2.0,1.0
runtime/tiny_dense/scalar8_projection/1024,128,0,runtime/tiny_dense/scalar8_projection/1024,iteration,5,3,1,57890,491.9128001381156,491.8858352046606,ns,14819840.0,256.0,520445968.71443796,2.0,960.0,7040.0,1.0,16.0,2.0,2.0,1.0
runtime/tiny_dense/scalar8_projection/1024,128,0,runtime/tiny_dense/scalar8_projection/1024,iteration,5,4,1,57890,495.93821039908636,495.4367420970062,ns,14819840.0,256.0,516715815.0532876,2.0,960.0,7040.0,1.0,16.0,2.0,2.0,1.0
runtime/tiny_dense/scalar8_projection/65536,128,1,runtime/tiny_dense/scalar8_projection/65536,iteration,5,0,1,43089,649.513332869184,649.111884703853,ns,11030784.0,256.0,394385014.40594625,2.0,960.0,7040.0,1.0,16.0,2.0,2.0,1.0
runtime/tiny_dense/scalar8_projection/65536,128,1,runtime/tiny_dense/scalar8_projection/65536,iteration,5,1,1,43089,650.8104388591667,649.6853489290183,ns,11030784.0,256.0,394036898.6648787,2.0,960.0,7040.0,1.0,16.0,2.0,2.0,1.0
runtime/tiny_dense/scalar8_projection/65536,128,1,runtime/tiny_dense/scalar8_projection/65536,iteration,5,2,1,43089,648.822692566549,648.8257327856346,ns,11030784.0,256.0,394558950.2144173,2.0,960.0,7040.0,1.0,16.0,2.0,2.0,1.0
runtime/tiny_dense/scalar8_projection/65536,128,1,runtime/tiny_dense/scalar8_projection/65536,iteration,5,3,1,43089,649.2968274963962,648.8742370443177,ns,11030784.0,256.0,394529456.37987375,2.0,960.0,7040.0,1.0,16.0,2.0,2.0,1.0
runtime/tiny_dense/scalar8_projection/65536,128,1,runtime/tiny_dense/scalar8_projection/65536,iteration,5,4,1,43089,650.4790317714637,650.3539418413579,ns,11030784.0,256.0,393631811.1260815,2.0,960.0,7040.0,1.0,16.0,2.0,2.0,1.0
runtime/tiny_dense/write_scalar/1024,129,0,runtime/tiny_dense/write_scalar/1024,iteration,5,0,1,26970,1037.139822024292,1036.8539488319136,ns,6904320.0,256.0,246900733.01876447,2.0,960.0,7040.0,1.0,16.0,2.0,2.0,1.0
runtime/tiny_dense/write_scalar/1024,129,0,runtime/tiny_dense/write_scalar/1024,iteration,5,1,1,26970,1046.9681497957986,1042.9874675563626,ns,6904320.0,256.0,245448778.5934646,2.0,960.0,7040.0,1.0,16.0,2.0,2.0,1.0
runtime/tiny_dense/write_scalar/1024,129,0,runtime/tiny_dense/write_scalar/1024,iteration,5,2,1,26970,1036.0682610304552,1036.0704857247438,ns,6904320.0,256.0,247087436.16118443,2.0,960.0,7040.0,1.0,16.0,2.0,2.0,1.0
runtime/tiny_dense/write_scalar/1024,129,0,runtime/tiny_dense/write_scalar/1024,iteration,5,3,1,26970,1044.7831294035016,1044.4720800888726,ns,6904320.0,256.0,245099897.71887183,2.0,960.0,7040.0,1.0,16.0,2.0,2.0,1.0
runtime/tiny_dense/write_scalar/1024,129,0,runtime/tiny_dense/write_scalar/1024,iteration,5,4,1,26970,1036.3771227291654,1036.3749351132467,ns,6904320.0,256.0,247014850.8290838,2.0,960.0,7040.0,1.0,16.0,2.0,2.0,1.0
runtime/tiny_dense/write_scalar/65536,129,1,runtime/tiny_dense/write_scalar/65536,iteration,5,0,1,26461,1057.7813007826321,1056.2129927061278,ns,6774016.0,256.0,242375355.88735875,2.0,960.0,7040.0,1.0,16.0,2.0,2.0,1.0
runtime/tiny_dense/write_scalar/65536,129,1,runtime/tiny_dense/write_scalar/65536,iteration,5,1,1,26461,1055.630588413029,1054.8800498848266,ns,6774016.0,256.0,242681620.5576648,2.0,960.0,7040.0,1.0,16.0,2.0,2.0,1.0
runtime/tiny_dense/write_scalar/65536,129,1,runtime/tiny_dense/write_scalar/65536,iteration,5,2,1,26461,1051.418691659501,1051.006424549272,ns,6774016.0,256.0,243576056.26415327,2.0,960.0,7040.0,1.0,16.0,2.0,2.0,1.0
runtime/tiny_dense/write_scalar/65536,129,1,runtime/tiny_dense/write_scalar/65536,iteration,5,3,1,26461,1054.0981066474915,1052.3710744111959,ns,6774016.0,256.0,243260201.86675373,2.0,960.0,7040.0,1.0,16.0,2.0,2.0,1.0
runtime/tiny_dense/write_scalar/65536,129,1,runtime/tiny_dense/write_scalar/65536,iteration,5,4,1,26461,1052.9658743058565,1052.24900797417,ns,6774016.0,256.0,243288421.33371165,2.0,960.0,7040.0,1.0,16.0,2.0,2.0,1.0
runtime/tiny_dense/write_native/1024,130,0,runtime/tiny_dense/write_native/1024,iteration,5,0,1,19820,1426.68274470256,1424.8744702318456,ns,5073920.0,256.0,179664949.6838451,2.0,960.0,7040.0,1.0,16.0,2.0,2.0,1.0
runtime/tiny_dense/write_native/1024,130,0,runtime/tiny_dense/write_native/1024,iteration,5,1,1,19820,1434.434006054002,1433.5207870837069,ns,5073920.0,256.0,178581295.99975693,2.0,960.0,7040.0,1.0,16.0,2.0,2.0,1.0
runtime/tiny_dense/write_native/1024,130,0,runtime/tiny_dense/write_native/1024,iteration,5,2,1,19820,1403.0842583253536,1400.6589808274289,ns,5073920.0,256.0,182771112.386521,2.0,960.0,7040.0,1.0,16.0,2.0,2.0,1.0
runtime/tiny_dense/write_native/1024,130,0,runtime/tiny_dense/write_native/1024,iteration,5,3,1,19820,1409.7836024217563,1409.7806256305691,ns,5073920.0,256.0,181588536.07843837,2.0,960.0,7040.0,1.0,16.0,2.0,2.0,1.0
runtime/tiny_dense/write_native/1024,130,0,runtime/tiny_dense/write_native/1024,iteration,5,4,1,19820,1427.650403633232,1427.5586276491329,ns,5073920.0,256.0,179327135.88202977,2.0,960.0,7040.0,1.0,16.0,2.0,2.0,1.0
runtime/tiny_dense/write_native/65536,130,1,runtime/tiny_dense/write_native/65536,iteration,5,0,1,19697,1421.7165050519473,1420.7428542417026,ns,5042432.0,256.0,180187427.46845323,2.0,960.0,7040.0,1.0,16.0,2.0,2.0,1.0
runtime/tiny_dense/write_native/65536,130,1,runtime/tiny_dense/write_native/65536,iteration,5,1,1,19697,1423.2777072646113,1423.2787734170859,ns,5042432.0,256.0,179866379.5044039,2.0,960.0,7040.0,1.0,16.0,2.0,2.0,1.0
runtime/tiny_dense/write_native/65536,130,1,runtime/tiny_dense/write_native/65536,iteration,5,2,1,19697,1419.5608975983425,1418.5790729554662,ns,5042432.0,256.0,180462270.22555032,2.0,960.0,7040.0,1.0,16.0,2.0,2.0,1.0
runtime/tiny_dense/write_native/65536,130,1,runtime/tiny_dense/write_native/65536,iteration,5,3,1,19697,1410.2919226277227,1410.3021272273504,ns,5042432.0,256.0,181521388.25975907,2.0,960.0,7040.0,1.0,16.0,2.0,2.0,1.0
runtime/tiny_dense/write_native/65536,130,1,runtime/tiny_dense/write_native/65536,iteration,5,4,1,19697,1413.1263644212938,1412.1810935677518,ns,5042432.0,256.0,181279866.41800907,2.0,960.0,7040.0,1.0,16.0,2.0,2.0,1.0
runtime/tiny_dense/prepare_read,131,0,runtime/tiny_dense/prepare_read,iteration,5,0,1,198639,141.48631940355986,141.4152407130385,ns,0.0,1.0,7071373.601302366,,960.0,7040.0,198639.0,,,,0.0
runtime/tiny_dense/prepare_read,131,0,runtime/tiny_dense/prepare_read,iteration,5,1,1,198639,142.92828699296652,142.79608737457085,ns,0.0,1.0,7002992.997818512,,960.0,7040.0,198639.0,,,,0.0
runtime/tiny_dense/prepare_read,131,0,runtime/tiny_dense/prepare_read,iteration,5,2,1,198639,143.30026832598836,143.28360493157004,ns,0.0,1.0,6979165.554060314,,960.0,7040.0,198639.0,,,,0.0
runtime/tiny_dense/prepare_read,131,0,runtime/tiny_dense/prepare_read,iteration,5,3,1,198639,143.35896777573595,143.3587160628088,ns,0.0,1.0,6975508.901473954,,960.0,7040.0,198639.0,,,,0.0
runtime/tiny_dense/prepare_read,131,0,runtime/tiny_dense/prepare_read,iteration,5,4,1,198639,143.3414988999865,143.33142534951816,ns,0.0,1.0,6976837.058317593,,960.0,7040.0,198639.0,,,,0.0
runtime/tiny_dense/prepare_write,132,0,runtime/tiny_dense/prepare_write,iteration,5,0,1,92391,311.8294314381435,311.74326503663855,ns,0.0,1.0,3207767.7760976553,,960.0,7040.0,0.0,,,,92391.0
runtime/tiny_dense/prepare_write,132,0,runtime/tiny_dense/prepare_write,iteration,5,1,1,92391,307.051033109348,307.0504919310499,ns,0.0,1.0,3256793.3492337675,,960.0,7040.0,0.0,,,,92391.0
runtime/tiny_dense/prepare_write,132,0,runtime/tiny_dense/prepare_write,iteration,5,2,1,92391,307.07668495844626,307.0570943056711,ns,0.0,1.0,3256723.3213133765,,960.0,7040.0,0.0,,,,92391.0
runtime/tiny_dense/prepare_write,132,0,runtime/tiny_dense/prepare_write,iteration,5,3,1,92391,310.00413460185086,309.84275524674797,ns,0.0,1.0,3227443.5437537823,,960.0,7040.0,0.0,,,,92391.0
runtime/tiny_dense/prepare_write,132,0,runtime/tiny_dense/prepare_write,iteration,5,4,1,92391,311.2065352685147,310.8585468281677,ns,0.0,1.0,3216897.235747444,,960.0,7040.0,0.0,,,,92391.0
runtime/tiny_cluster/read_inline/1024,133,0,runtime/tiny_cluster/read_inline/1024,iteration,5,0,1,36924,764.1840266493487,764.0846333008998,ns,9452544.0,256.0,335041419.2915539,3.0,960.0,7040.0,1.0,16.0,3.0,3.0,1.0
runtime/tiny_cluster/read_inline/1024,133,0,runtime/tiny_cluster/read_inline/1024,iteration,5,1,1,36924,763.8189795254385,763.8170837395354,ns,9452544.0,256.0,335158777.4741328,3.0,960.0,7040.0,1.0,16.0,3.0,3.0,1.0
runtime/tiny_cluster/read_inline/1024,133,0,runtime/tiny_cluster/read_inline/1024,iteration,5,2,1,36924,749.0279763840128,748.960323908641,ns,9452544.0,256.0,341807158.30712974,3.0,960.0,7040.0,1.0,16.0,3.0,3.0,1.0
runtime/tiny_cluster/read_inline/1024,133,0,runtime/tiny_cluster/read_inline/1024,iteration,5,3,1,36924,781.6215469615474,781.6201657458673,ns,9452544.0,256.0,327524814.76179665,3.0,960.0,7040.0,1.0,16.0,3.0,3.0,1.0
runtime/tiny_cluster/read_inline/1024,133,0,runtime/tiny_cluster/read_inline/1024,iteration,5,4,1,36924,750.1400173331126,750.062588018693,ns,9452544.0,256.0,341304851.2074568,3.0,960.0,7040.0,1.0,16.0,3.0,3.0,1.0
runtime/tiny_cluster/read_inline/65536,133,1,runtime/tiny_cluster/read_inline/65536,iteration,5,0,1,36506,749.0340765900878,747.6146660822471,ns,9345536.0,256.0,342422388.9848581,3.0,960.0,7040.0,1.0,16.0,3.0,3.0,1.0
runtime/tiny_cluster/read_inline/65536,133,1,runtime/tiny_cluster/read_inline/65536,iteration,5,1,1,36506,748.1934202596482,748.2041582204466,ns,9345536.0,256.0,342152602.58493996,3.0,960.0,7040.0,1.0,16.0,3.0,3.0,1.0
runtime/tiny_cluster/read_inline/65536,133,1,runtime/tiny_cluster/read_inline/65536,iteration,5,2,1,36506,750.3423820742465,749.8134827152691,ns,9345536.0,256.0,341418240.5375769,3.0,960.0,7040.0,1.0,16.0,3.0,3.0,1.0
runtime/tiny_cluster/read_inline/65536,133,1,runtime/tiny_cluster/read_inline/65536,iteration,5,3,1,36506,749.7660384596921,748.6525776584685,ns,9345536.0,256.0,341947663.89595723,3.0,960.0,7040.0,1.0,16.0,3.0,3.0,1.0
runtime/tiny_cluster/read_inline/65536,133,1,runtime/tiny_cluster/read_inline/65536,iteration,5,4,1,36506,766.2751328548464,765.7730783979623,ns,9345536.0,256.0,334302689.95035124,3.0,960.0,7040.0,1.0,16.0,3.0,3.0,1.0
runtime/tiny_cluster/read_bound/1024,134,0,runtime/tiny_cluster/read_bound/1024,iteration,5,0,1,36799,761.7932824264001,761.4647408896008,ns,9420544.0,256.0,336194161.4012507,3.0,960.0,7040.0,1.0,16.0,3.0,3.0,1.0
runtime/tiny_cluster/read_bound/1024,134,0,runtime/tiny_cluster/read_bound/1024,iteration,5,1,1,36799,765.387700752551,765.3863420202506,ns,9420544.0,256.0,334471607.2725881,3.0,960.0,7040.0,1.0,16.0,3.0,3.0,1.0
runtime/tiny_cluster/read_bound/1024,134,0,runtime/tiny_cluster/read_bound/1024,iteration,5,2,1,36799,756.8336096090532,756.0398652137035,ns,9420544.0,256.0,338606483.3071185,3.0,960.0,7040.0,1.0,16.0,3.0,3.0,1.0
runtime/tiny_cluster/read_bound/1024,134,0,runtime/tiny_cluster/read_bound/1024,iteration,5,3,1,36799,750.2228049675626,749.5182477784292,ns,9420544.0,256.0,341552725.04543227,3.0,960.0,7040.0,1.0,16.0,3.0,3.0,1.0
runtime/tiny_cluster/read_bound/1024,134,0,runtime/tiny_cluster/read_bound/1024,iteration,5,4,1,36799,751.2524796867389,751.19054865619,ns,9420544.0,256.0,340792360.1514425,3.0,960.0,7040.0,1.0,16.0,3.0,3.0,1.0
runtime/tiny_cluster/read_bound/65536,134,1,runtime/tiny_cluster/read_bound/65536,iteration,5,0,1,36581,780.3095049339375,778.6354118258585,ns,9364736.0,256.0,328780320.1753869,3.0,960.0,7040.0,1.0,16.0,3.0,3.0,1.0
runtime/tiny_cluster/read_bound/65536,134,1,runtime/tiny_cluster/read_bound/65536,iteration,5,1,1,36581,776.4520379432302,776.452858041163,ns,9364736.0,256.0,329704498.2818884,3.0,960.0,7040.0,1.0,16.0,3.0,3.0,1.0
runtime/tiny_cluster/read_bound/65536,134,1,runtime/tiny_cluster/read_bound/65536,iteration,5,2,1,36581,776.4673464368117,775.9416637051589,ns,9364736.0,256.0,329921709.2913759,3.0,960.0,7040.0,1.0,16.0,3.0,3.0,1.0
runtime/tiny_cluster/read_bound/65536,134,1,runtime/tiny_cluster/read_bound/65536,iteration,5,3,1,36581,770.7096853557066,770.716246138781,ns,9364736.0,256.0,332158561.96432465,3.0,960.0,7040.0,1.0,16.0,3.0,3.0,1.0
runtime/tiny_cluster/read_bound/65536,134,1,runtime/tiny_cluster/read_bound/65536,iteration,5,4,1,36581,761.8739236214142,760.4035154860715,ns,9364736.0,256.0,336663356.73942477,3.0,960.0,7040.0,1.0,16.0,3.0,3.0,1.0
runtime/tiny_cluster/weighted_bound/1024,135,0,runtime/tiny_cluster/weighted_bound/1024,iteration,5,0,1,23121,1215.7376843563395,1215.0128022145132,ns,5918976.0,256.0,210697368.40089908,3.0,960.0,7040.0,1.0,16.0,3.0,3.0,1.0
runtime/tiny_cluster/weighted_bound/1024,135,0,runtime/tiny_cluster/weighted_bound/1024,iteration,5,1,1,23121,1209.2080792349905,1209.2055706933795,ns,5918976.0,256.0,211709246.30557662,3.0,960.0,7040.0,1.0,16.0,3.0,3.0,1.0
runtime/tiny_cluster/weighted_bound/1024,135,0,runtime/tiny_cluster/weighted_bound/1024,iteration,5,2,1,23121,1197.1281518967126,1197.0291509883998,ns,5918976.0,256.0,213862795.06110445,3.0,960.0,7040.0,1.0,16.0,3.0,3.0,1.0
runtime/tiny_cluster/weighted_bound/1024,135,0,runtime/tiny_cluster/weighted_bound/1024,iteration,5,3,1,23121,1198.9364646859099,1198.8647117341036,ns,5918976.0,256.0,213535353.48430395,3.0,960.0,7040.0,1.0,16.0,3.0,3.0,1.0
runtime/tiny_cluster/weighted_bound/1024,135,0,runtime/tiny_cluster/weighted_bound/1024,iteration,5,4,1,23121,1190.2763288782896,1190.2734310799726,ns,5918976.0,256.0,215076631.3986553,3.0,960.0,7040.0,1.0,16.0,3.0,3.0,1.0
runtime/tiny_cluster/weighted_bound/65536,135,1,runtime/tiny_cluster/weighted_bound/65536,iteration,5,0,1,22897,1212.926147529977,1210.8386251472589,ns,5861632.0,256.0,211423714.67450175,3.0,960.0,7040.0,1.0,16.0,3.0,3.0,1.0
runtime/tiny_cluster/weighted_bound/65536,135,1,runtime/tiny_cluster/weighted_bound/65536,iteration,5,1,1,22897,1218.0665589377645,1217.205398087119,ns,5861632.0,256.0,210317831.65134904,3.0,960.0,7040.0,1.0,16.0,3.0,3.0,1.0
runtime/tiny_cluster/weighted_bound/65536,135,1,runtime/tiny_cluster/weighted_bound/65536,iteration,5,2,1,22897,1211.5264008388256,1211.5225138665667,ns,5861632.0,256.0,211304368.73432714,3.0,960.0,7040.0,1.0,16.0,3.0,3.0,1.0
runtime/tiny_cluster/weighted_bound/65536,135,1,runtime/tiny_cluster/weighted_bound/65536,iteration,5,3,1,22897,1209.4628117219718,1208.6579464557487,ns,5861632.0,256.0,211805168.4934441,3.0,960.0,7040.0,1.0,16.0,3.0,3.0,1.0
runtime/tiny_cluster/weighted_bound/65536,135,1,runtime/tiny_cluster/weighted_bound/65536,iteration,5,4,1,22897,1213.9136131375346,1213.6036161941904,ns,5861632.0,256.0,210942021.41783756,3.0,960.0,7040.0,1.0,16.0,3.0,3.0,1.0
runtime/tiny_cluster/scalar64/1024,136,0,runtime/tiny_cluster/scalar64/1024,iteration,5,0,1,9509,2957.0229256495654,2955.0533179090867,ns,2434304.0,256.0,86631262.60650298,3.0,960.0,7040.0,1.0,16.0,3.0,3.0,1.0
runtime/tiny_cluster/scalar64/1024,136,0,runtime/tiny_cluster/scalar64/1024,iteration,5,1,1,9509,2984.391839310336,2981.262172678316,ns,2434304.0,256.0,85869670.35174027,3.0,960.0,7040.0,1.0,16.0,3.0,3.0,1.0
runtime/tiny_cluster/scalar64/1024,136,0,runtime/tiny_cluster/scalar64/1024,iteration,5,2,1,9509,2952.064465242105,2948.560416446974,ns,2434304.0,256.0,86822029.6833805,3.0,960.0,7040.0,1.0,16.0,3.0,3.0,1.0
runtime/tiny_cluster/scalar64/1024,136,0,runtime/tiny_cluster/scalar64/1024,iteration,5,3,1,9509,3022.7945104638275,2950.378904196439,ns,2434304.0,256.0,86768516.2864611,3.0,960.0,7040.0,1.0,16.0,3.0,3.0,1.0
runtime/tiny_cluster/scalar64/1024,136,0,runtime/tiny_cluster/scalar64/1024,iteration,5,4,1,9509,2943.9963192770847,2943.9879061940455,ns,2434304.0,256.0,86956878.95367543,3.0,960.0,7040.0,1.0,16.0,3.0,3.0,1.0
runtime/tiny_cluster/scalar64/65536,136,1,runtime/tiny_cluster/scalar64/65536,iteration,5,0,1,9390,2967.045793396537,2964.425026624083,ns,2403840.0,256.0,86357387.2507531,3.0,960.0,7040.0,1.0,16.0,3.0,3.0,1.0
runtime/tiny_cluster/scalar64/65536,136,1,runtime/tiny_cluster/scalar64/65536,iteration,5,1,1,9390,3002.207774228898,2972.5155484555507,ns,2403840.0,256.0,86122341.77648343,3.0,960.0,7040.0,1.0,16.0,3.0,3.0,1.0
runtime/tiny_cluster/scalar64/65536,136,1,runtime/tiny_cluster/scalar64/65536,iteration,5,2,1,9390,2961.284451543907,2958.6060702873538,ns,2403840.0,256.0,86527234.08193915,3.0,960.0,7040.0,1.0,16.0,3.0,3.0,1.0
runtime/tiny_cluster/scalar64/65536,136,1,runtime/tiny_cluster/scalar64/65536,iteration,5,3,1,9390,2948.109691160464,2945.3335463258713,ns,2403840.0,256.0,86917150.79921755,3.0,960.0,7040.0,1.0,16.0,3.0,3.0,1.0
runtime/tiny_cluster/scalar64/65536,136,1,runtime/tiny_cluster/scalar64/65536,iteration,5,4,1,9390,2961.6900958454894,2954.8105431307927,ns,2403840.0,256.0,86638380.45222121,3.0,960.0,7040.0,1.0,16.0,3.0,3.0,1.0
runtime/tiny_cluster/scalar8_projection/1024,137,0,runtime/tiny_cluster/scalar8_projection/1024,iteration,5,0,1,56277,491.5620946390195,491.1834497218327,ns,14406912.0,256.0,521190199.19131655,3.0,960.0,7040.0,1.0,16.0,3.0,3.0,1.0
runtime/tiny_cluster/scalar8_projection/1024,137,0,runtime/tiny_cluster/scalar8_projection/1024,iteration,5,1,1,56277,488.1896511897093,487.76180322335176,ns,14406912.0,256.0,524846345.7126729,3.0,960.0,7040.0,1.0,16.0,3.0,3.0,1.0
runtime/tiny_cluster/scalar8_projection/1024,137,0,runtime/tiny_cluster/scalar8_projection/1024,iteration,5,2,1,56277,488.95497272407675,488.8990351298471,ns,14406912.0,256.0,523625496.4831516,3.0,960.0,7040.0,1.0,16.0,3.0,3.0,1.0
runtime/tiny_cluster/scalar8_projection/1024,137,0,runtime/tiny_cluster/scalar8_projection/1024,iteration,5,3,1,56277,484.21360413678815,484.1331449793141,ns,14406912.0,256.0,528780156.1509247,3.0,960.0,7040.0,1.0,16.0,3.0,3.0,1.0
runtime/tiny_cluster/scalar8_projection/1024,137,0,runtime/tiny_cluster/scalar8_projection/1024,iteration,5,4,1,56277,489.6989711604539,489.6689944381512,ns,14406912.0,256.0,522802143.70880425,3.0,960.0,7040.0,1.0,16.0,3.0,3.0,1.0
runtime/tiny_cluster/scalar8_projection/65536,137,1,runtime/tiny_cluster/scalar8_projection/65536,iteration,5,0,1,43021,650.8405429906516,650.3805583320069,ns,11013376.0,256.0,393615701.9461779,3.0,960.0,7040.0,1.0,16.0,3.0,3.0,1.0
runtime/tiny_cluster/scalar8_projection/65536,137,1,runtime/tiny_cluster/scalar8_projection/65536,iteration,5,1,1,43021,652.025545663706,651.2554798819981,ns,11013376.0,256.0,393086903.53958327,3.0,960.0,7040.0,1.0,16.0,3.0,3.0,1.0
runtime/tiny_cluster/scalar8_projection/65536,137,1,runtime/tiny_cluster/scalar8_projection/65536,iteration,5,2,1,43021,652.0404221193,650.7857093047821,ns,11013376.0,256.0,393370653.87234503,3.0,960.0,7040.0,1.0,16.0,3.0,3.0,1.0
runtime/tiny_cluster/scalar8_projection/65536,137,1,runtime/tiny_cluster/scalar8_projection/65536,iteration,5,3,1,43021,651.3372538991676,650.1690337277495,ns,11013376.0,256.0,393743760.037635,3.0,960.0,7040.0,1.0,16.0,3.0,3.0,1.0
runtime/tiny_cluster/scalar8_projection/65536,137,1,runtime/tiny_cluster/scalar8_projection/65536,iteration,5,4,1,43021,651.1150600867095,650.5093326514447,ns,11013376.0,256.0,393537782.0892382,3.0,960.0,7040.0,1.0,16.0,3.0,3.0,1.0
runtime/tiny_cluster/write_scalar/1024,138,0,runtime/tiny_cluster/write_scalar/1024,iteration,5,0,1,21173,1282.57913380224,1281.8892457377233,ns,5420288.0,256.0,199705240.41074452,3.0,960.0,7040.0,1.0,16.0,3.0,3.0,1.0
runtime/tiny_cluster/write_scalar/1024,138,0,runtime/tiny_cluster/write_scalar/1024,iteration,5,1,1,21173,1318.0555424358108,1318.0528030980838,ns,5420288.0,256.0,194225906.12323868,3.0,960.0,7040.0,1.0,16.0,3.0,3.0,1.0
runtime/tiny_cluster/write_scalar/1024,138,0,runtime/tiny_cluster/write_scalar/1024,iteration,5,2,1,21173,1283.6054408914704,1283.5205686487122,ns,5420288.0,256.0,199451419.9873838,3.0,960.0,7040.0,1.0,16.0,3.0,3.0,1.0
runtime/tiny_cluster/write_scalar/1024,138,0,runtime/tiny_cluster/write_scalar/1024,iteration,5,3,1,21173,1308.0012279790824,1306.6598970388316,ns,5420288.0,256.0,195919382.3734472,3.0,960.0,7040.0,1.0,16.0,3.0,3.0,1.0
runtime/tiny_cluster/write_scalar/1024,138,0,runtime/tiny_cluster/write_scalar/1024,iteration,5,4,1,21173,1282.089359089244,1282.0021253484917,ns,5420288.0,256.0,199687656.4696884,3.0,960.0,7040.0,1.0,16.0,3.0,3.0,1.0
runtime/tiny_cluster/write_scalar/65536,138,1,runtime/tiny_cluster/write_scalar/65536,iteration,5,0,1,20847,1344.2500599606346,1343.3295438194073,ns,5336832.0,256.0,190571257.2003224,3.0,960.0,7040.0,1.0,16.0,3.0,3.0,1.0
runtime/tiny_cluster/write_scalar/65536,138,1,runtime/tiny_cluster/write_scalar/65536,iteration,5,1,1,20847,1346.0675876625362,1345.208950928084,ns,5336832.0,256.0,190305007.87508214,3.0,960.0,7040.0,1.0,16.0,3.0,3.0,1.0
runtime/tiny_cluster/write_scalar/65536,138,1,runtime/tiny_cluster/write_scalar/65536,iteration,5,2,1,20847,1348.1623734828752,1348.1604547417517,ns,5336832.0,256.0,189888376.49079266,3.0,960.0,7040.0,1.0,16.0,3.0,3.0,1.0
runtime/tiny_cluster/write_scalar/65536,138,1,runtime/tiny_cluster/write_scalar/65536,iteration,5,3,1,20847,1345.134120017787,1344.2303928623282,ns,5336832.0,256.0,190443544.02290225,3.0,960.0,7040.0,1.0,16.0,3.0,3.0,1.0
runtime/tiny_cluster/write_scalar/65536,138,1,runtime/tiny_cluster/write_scalar/65536,iteration,5,4,1,20847,1351.6866695443334,1351.7048496185164,ns,5336832.0,256.0,189390457.59305322,3.0,960.0,7040.0,1.0,16.0,3.0,3.0,1.0
runtime/tiny_cluster/write_native/1024,139,0,runtime/tiny_cluster/write_native/1024,iteration,5,0,1,15912,1747.7608094518237,1747.4862368020833,ns,4073472.0,256.0,146496146.64117897,3.0,960.0,7040.0,1.0,16.0,3.0,3.0,1.0
runtime/tiny_cluster/write_native/1024,139,0,runtime/tiny_cluster/write_native/1024,iteration,5,1,1,15912,1757.6062719961576,1757.1619532424227,ns,4073472.0,256.0,145689473.60123134,3.0,960.0,7040.0,1.0,16.0,3.0,3.0,1.0
runtime/tiny_cluster/write_native/1024,139,0,runtime/tiny_cluster/write_native/1024,iteration,5,2,1,15912,1757.9481523386396,1757.9438159876863,ns,4073472.0,256.0,145624676.77965492,3.0,960.0,7040.0,1.0,16.0,3.0,3.0,1.0
runtime/tiny_cluster/write_native/1024,139,0,runtime/tiny_cluster/write_native/1024,iteration,5,3,1,15912,1744.8252890903138,1744.6914906985858,ns,4073472.0,256.0,146730812.5045626,3.0,960.0,7040.0,1.0,16.0,3.0,3.0,1.0
runtime/tiny_cluster/write_native/1024,139,0,runtime/tiny_cluster/write_native/1024,iteration,5,4,1,15912,1761.9375942689026,1760.0510306686294,ns,4073472.0,256.0,145450328.1661939,3.0,960.0,7040.0,1.0,16.0,3.0,3.0,1.0
runtime/tiny_cluster/write_native/65536,139,1,runtime/tiny_cluster/write_native/65536,iteration,5,0,1,15958,1754.9743702217424,1754.9838325604965,ns,4085248.0,256.0,145870289.6575974,3.0,960.0,7040.0,1.0,16.0,3.0,3.0,1.0
runtime/tiny_cluster/write_native/65536,139,1,runtime/tiny_cluster/write_native/65536,iteration,5,1,1,15958,1756.419413460478,1753.2630655467465,ns,4085248.0,256.0,146013456.29793873,3.0,960.0,7040.0,1.0,16.0,3.0,3.0,1.0
runtime/tiny_cluster/write_native/65536,139,1,runtime/tiny_cluster/write_native/65536,iteration,5,2,1,15958,1763.3733550570448,1762.112545431649,ns,4085248.0,256.0,145280164.23450974,3.0,960.0,7040.0,1.0,16.0,3.0,3.0,1.0
runtime/tiny_cluster/write_native/65536,139,1,runtime/tiny_cluster/write_native/65536,iteration,5,3,1,15958,1754.547625016333,1754.5633538036996,ns,4085248.0,256.0,145905247.277062,3.0,960.0,7040.0,1.0,16.0,3.0,3.0,1.0
runtime/tiny_cluster/write_native/65536,139,1,runtime/tiny_cluster/write_native/65536,iteration,5,4,1,15958,1765.4236746461893,1760.5415465600856,ns,4085248.0,256.0,145409803.30750915,3.0,960.0,7040.0,1.0,16.0,3.0,3.0,1.0
runtime/tiny_cluster/prepare_read,140,0,runtime/tiny_cluster/prepare_read,iteration,5,0,1,198860,140.67309162233533,140.60400281605118,ns,0.0,1.0,7112173.053197325,,960.0,7040.0,198860.0,,,,0.0
runtime/tiny_cluster/prepare_read,140,0,runtime/tiny_cluster/prepare_read,iteration,5,1,1,198860,140.41521673534982,140.41486975763712,ns,0.0,1.0,7121752.857984688,,960.0,7040.0,198860.0,,,,0.0
runtime/tiny_cluster/prepare_read,140,0,runtime/tiny_cluster/prepare_read,iteration,5,2,1,198860,140.50468168559,140.49402594791457,ns,0.0,1.0,7117740.368339438,,960.0,7040.0,198860.0,,,,0.0
runtime/tiny_cluster/prepare_read,140,0,runtime/tiny_cluster/prepare_read,iteration,5,3,1,198860,141.0879563512434,140.8449713366006,ns,0.0,1.0,7100004.9949254785,,960.0,7040.0,198860.0,,,,0.0
runtime/tiny_cluster/prepare_read,140,0,runtime/tiny_cluster/prepare_read,iteration,5,4,1,198860,140.5620034195531,140.5393844916149,ns,0.0,1.0,7115443.145118255,,960.0,7040.0,198860.0,,,,0.0
runtime/tiny_cluster/prepare_write,141,0,runtime/tiny_cluster/prepare_write,iteration,5,0,1,94773,294.6821457588779,294.6239118736421,ns,0.0,1.0,3394157.635205382,,960.0,7040.0,0.0,,,,94773.0
runtime/tiny_cluster/prepare_write,141,0,runtime/tiny_cluster/prepare_write,iteration,5,1,1,94773,294.35862534713084,294.3415424224179,ns,0.0,1.0,3397413.7383736055,,960.0,7040.0,0.0,,,,94773.0
runtime/tiny_cluster/prepare_write,141,0,runtime/tiny_cluster/prepare_write,iteration,5,2,1,94773,292.5112637565984,292.4931362308259,ns,0.0,1.0,3418883.6459083036,,960.0,7040.0,0.0,,,,94773.0
runtime/tiny_cluster/prepare_write,141,0,runtime/tiny_cluster/prepare_write,iteration,5,3,1,94773,293.3178225865039,293.31720004646485,ns,0.0,1.0,3409278.418863907,,960.0,7040.0,0.0,,,,94773.0
runtime/tiny_cluster/prepare_write,141,0,runtime/tiny_cluster/prepare_write,iteration,5,4,1,94773,293.86302005840867,293.5777172823495,ns,0.0,1.0,3406253.0673547206,,960.0,7040.0,0.0,,,,94773.0
